{"type":"FeatureCollection","features":[{"type":"Feature","properties":{"OBJECTID":24,"TRAIL_NAME":"Henson's Arch Trail 11","TRAIL_ID":"11","OWNER":"Parks","OWNTYPE":"STATE","OTHOWNTYPE":" ","MANAGER":"Parks","ADA_ACCESS":"No","LANDTYPE":"PUBLIC","SURFACE":"Gravel","OTHSURFACE":" ","HIKING":"Yes","BIKING":"No","HORSE":"No","MOTORCYCLE":"No","ATV":"No","WATER_TRL":"No","DESCRIPTN":"Meandered up a hill through the woods to Henson's Arch.","RATING":null,"SCHEDULE":null,"TRAIL_MILE":0.32830813,"FEE":"No","DOGS":"YES","HYPERLINK":" ","TRAILHD_ID":null,"PUBLIC_NAME":"Natural Bridge","MAINTENANC":null,"MA_ID":null,"STATUS":null,"TRAIL_CONFIG":null,"BLAZE":null,"AGENCY":"Parks","CONTACT":"https://parks.ky.gov/contact-us/general-inquiries","XY_SOURCE":"from GPS","XY_ISSUES":null,"ATT_SOURCE":" ","ATT_ISSUES":null,"COMMENTS":null,"MODIFYDATE":null,"CREATEDATE":-2209161600000,"GlobalID":"{96377115-6324-45F5-84E3-C396C6C8759B}","Shape.STLength()":1732.118940895906,"rrgh_source":"ky-state-park-trails","rrgh_classification":"official-state-park-trail","rrgh_planner_eligible":true,"rrgh_part":0},"geometry":{"type":"LineString","coordinates":[[-83.67368559392649,37.77985082517296],[-83.67362179732056,37.779838028729465],[-83.67359779056434,37.77983562515251],[-83.67353769568155,37.779833693581494],[-83.6735105680396,37.77983123778788],[-83.67347607173423,37.779824425389194],[-83.67338123412479,37.779799693476534],[-83.67333391729736,37.77979091867889],[-83.6732998092147,37.77978626280462],[-83.67325217273509,37.77978305454868],[-83.67321065262541,37.77978801842853],[-83.67319490626167,37.779787523515886],[-83.67317233419887,37.7797815493764],[-83.67315632803584,37.779772852453654],[-83.67314505472648,37.77976053390238],[-83.6731410329509,37.77975213835075],[-83.6731370102,37.77973162647884],[-83.67313363099043,37.77972308976239],[-83.67312416979864,37.77971012779448],[-83.67311124471227,37.77969723065908],[-83.67309208610416,37.779684238981694],[-83.6730572367609,37.77966746376239],[-83.67304046436676,37.77966084176047],[-83.67299578915075,37.77964687256874],[-83.67297444553238,37.77963603287047],[-83.67295049369073,37.77961526619545],[-83.67293707121267,37.77959992168427],[-83.67292336540937,37.77958058544808],[-83.67290999898954,37.77955736461844],[-83.67289920819023,37.77953264811819],[-83.67289068551435,37.77950625614515],[-83.67288705549032,37.77948484357666],[-83.67288743755078,37.779462086121264],[-83.67289166299892,37.77943866544297],[-83.67289992107811,37.77941347778533],[-83.67291033261458,37.77939524941301],[-83.67292521837182,37.77937923605209],[-83.67294298781961,37.779366027654],[-83.672961301134,37.77935718176946],[-83.67298695078726,37.7793487420246],[-83.6730108800479,37.77934461596487],[-83.67306738948344,37.77934316134567],[-83.67309158234043,37.7793399691267],[-83.67311408555285,37.77933227573301],[-83.6731633482201,37.77930861283967],[-83.67318752721204,37.77930191629774],[-83.673205067547,37.779301134100585],[-83.67324883446213,37.77930491968145],[-83.67326843321594,37.77930451452715],[-83.67331211576891,37.7792930788859],[-83.67332678697358,37.77929098082662],[-83.67334293991867,37.77929209024842],[-83.6733855903101,37.77929996518447],[-83.6734279080659,37.77930141839837],[-83.67346897988016,37.779298102594446],[-83.67352268173086,37.77928585115077],[-83.67354493000813,37.77928467198475],[-83.67357714318393,37.77928558918872],[-83.67360081752888,37.779287724125936],[-83.67365514514533,37.77929640819683],[-83.67367969326065,37.77929900705108],[-83.67376014834916,37.77929946276818],[-83.67383950098056,37.77930837901824],[-83.67390952087277,37.77930793382881],[-83.67393608521301,37.77931157526933],[-83.67401152032463,37.779327467614266],[-83.67405029201122,37.7793301504696],[-83.67413575496519,37.77933031858143],[-83.67416949908612,37.77933298093814],[-83.674255294674,37.77934915234519],[-83.67430301631683,37.77935239234603],[-83.67435109971382,37.779350998633106],[-83.67440305453258,37.77934483320745],[-83.6744303373261,37.77933866851738],[-83.67448997574736,37.779320383282055],[-83.67451648354348,37.77931504532339],[-83.67454373363593,37.77931360092845],[-83.67461477988363,37.779317589359565],[-83.67464702766293,37.779316235132185],[-83.67466975972123,37.77931210495907],[-83.67473221174144,37.779297014208716],[-83.67478330155899,37.77929093581582],[-83.67480356953891,37.77928679258876],[-83.67483066737788,37.779277161904496],[-83.67485941674933,37.77926321338585],[-83.67487951298381,37.77925123465338],[-83.67489746941969,37.77923836741028],[-83.67491507081523,37.77922326338945],[-83.67492829330467,37.77920910467682],[-83.67494264054798,37.779185267815315],[-83.67495728795997,37.77914530900452],[-83.67496773308923,37.77910767035748],[-83.67497722989398,37.77905368182014],[-83.67497959986426,37.77902831585296],[-83.67498099856373,37.77896386067199],[-83.67498327089682,37.77894575039848],[-83.67498709797641,37.778929695144264],[-83.67500211193943,37.778890419606],[-83.67501530097533,37.778862906835144],[-83.67505029556776,37.77880036962355],[-83.6750636924726,37.77876955560166],[-83.6750797766435,37.77871129024228],[-83.67509059092616,37.77864228245076],[-83.67509793930725,37.778614586617515],[-83.67512048685936,37.77854820662481],[-83.67512746541695,37.77851356758926],[-83.67512978985053,37.778473499456595],[-83.67512740639133,37.778441950671265],[-83.67512132612573,37.77842010197455],[-83.67510263867901,37.7783770307771],[-83.67509631294477,37.77835857237965],[-83.67508653924227,37.77831598095082],[-83.67508322554993,37.77828292754927],[-83.67508374778564,37.77826068603289],[-83.6750861161056,37.77824180671598],[-83.67509001883985,37.77822775863667],[-83.67510461918764,37.77818920076564],[-83.67511105310896,37.778161401285715],[-83.6751157813886,37.77813115675986],[-83.67511858636973,37.77810292488023],[-83.67511904973775,37.77808040079824],[-83.67511730357282,37.778054568201185],[-83.67511352742898,37.778033763505974],[-83.67510019887824,37.777997773037306],[-83.67509219872859,37.777983049181714],[-83.6750696813886,37.777949312094215],[-83.6750616536477,37.777931810944104],[-83.67505693725934,37.77791086718412],[-83.675054514202,37.7778847764839],[-83.67505691425102,37.77785256291057],[-83.67505644865572,37.777841224268485],[-83.67505316071356,37.777826843373816],[-83.67504676383808,37.77780876529523],[-83.67503808333989,37.777789756797084],[-83.67502607792353,37.77776878120363],[-83.67499343636808,37.777725310857384],[-83.67495859352863,37.77768507913117],[-83.67492586063098,37.7776530059612],[-83.67488440495828,37.77761952199751],[-83.6748526706167,37.777599383363814],[-83.67481890881179,37.777581935551986],[-83.6747640769463,37.77756334470574],[-83.67474652886577,37.777555590770255],[-83.67472630345961,37.77754368963772],[-83.67471334522686,37.77753346007759],[-83.6747013487548,37.77751684287977],[-83.67468796651579,37.777484967993786],[-83.67468057800035,37.77746228558345],[-83.67466964011044,37.777409099160664],[-83.67466063067542,37.777385606963854],[-83.67464990411456,37.777366540601776],[-83.67463987639282,37.777352288290864],[-83.67461380574056,37.77732602013066],[-83.67459576383331,37.777311479972795],[-83.67458015885052,37.777301502764374],[-83.6745600216831,37.77729126191925],[-83.67454528931331,37.777287105804895],[-83.67452926581294,37.77728647166212],[-83.67451610256848,37.777288767072484],[-83.67450427892388,37.77729473931913],[-83.67449427125139,37.77730413404375]]}},{"type":"Feature","properties":{"OBJECTID":25,"TRAIL_NAME":"Laurel Ridge Trail 9","TRAIL_ID":"9","OWNER":"Parks","OWNTYPE":"STATE","OTHOWNTYPE":" ","MANAGER":"Parks","ADA_ACCESS":"No","LANDTYPE":"PUBLIC","SURFACE":"NATURAL","OTHSURFACE":" ","HIKING":"Yes","BIKING":"No","HORSE":"No","MOTORCYCLE":"No","ATV":"No","WATER_TRL":"No","DESCRIPTN":"Went along the ridge top to a scenic view of Natural Bridge.","RATING":null,"SCHEDULE":null,"TRAIL_MILE":0.69664966,"FEE":"No","DOGS":"NO","HYPERLINK":" ","TRAILHD_ID":null,"PUBLIC_NAME":"Natural Bridge","MAINTENANC":null,"MA_ID":null,"STATUS":null,"TRAIL_CONFIG":null,"BLAZE":null,"AGENCY":"Parks","CONTACT":"https://parks.ky.gov/contact-us/general-inquiries","XY_SOURCE":"from GPS","XY_ISSUES":null,"ATT_SOURCE":" ","ATT_ISSUES":null,"COMMENTS":null,"MODIFYDATE":null,"CREATEDATE":-2209161600000,"GlobalID":"{F6095ACF-E6EF-4FBE-82E0-92549F606848}","Shape.STLength()":3675.4448780270436,"rrgh_source":"ky-state-park-trails","rrgh_classification":"official-state-park-trail","rrgh_planner_eligible":true,"rrgh_part":0},"geometry":{"type":"LineString","coordinates":[[-83.68486503258931,37.77289847186283],[-83.68488497809278,37.77290762841013],[-83.68490860655999,37.77292173126303],[-83.68496403749363,37.77295074355456],[-83.68503783928996,37.77298474095265],[-83.68508621879934,37.77300297616337],[-83.6851449927631,37.77302315853178],[-83.68521743523377,37.77305083756857],[-83.6853227589083,37.77309607467807],[-83.68540024518035,37.77312651005486],[-83.68542938824314,37.773139445562464],[-83.68553607844096,37.773189438335805],[-83.68559265658935,37.77321767445383],[-83.68564028853251,37.77324573496905],[-83.68566399471969,37.77325770889803],[-83.6857221210315,37.773283827839904],[-83.68577370453083,37.77331017779525],[-83.68580781587873,37.77332435178059],[-83.68581911701526,37.773331859938196],[-83.68583044483579,37.773341852476264],[-83.68587645137835,37.77338769179991],[-83.6858905889744,37.77340574296579],[-83.68590190823157,37.77342417201022],[-83.68596297652789,37.773496970921464],[-83.68598054656809,37.77352110874275],[-83.68599305426083,37.77354482099509],[-83.68600158805265,37.77357013307499],[-83.68600709401792,37.77359983952669],[-83.68600857464591,37.7736251083799],[-83.68600723725014,37.77366298585215],[-83.6860018323029,37.77370592343573],[-83.68598923799897,37.77375265393327],[-83.68597110327887,37.77380058104357],[-83.68591383993972,37.773933408671965],[-83.68590010126097,37.77397477287668],[-83.68589154794893,37.774012373678566],[-83.68588428151227,37.774054623836705],[-83.68588217859123,37.774079952141896],[-83.68588336977372,37.77409645482414],[-83.68588744157054,37.7741147770187],[-83.6859134179235,37.77418978578095],[-83.68591640959067,37.774205236335725],[-83.68591725632184,37.77421943290805],[-83.68591551502941,37.774236161985485],[-83.68590770145973,37.774274033800566],[-83.68590660325667,37.77429102741694],[-83.68591120625636,37.77432737833947],[-83.68592186746572,37.77436002891995],[-83.68593108184969,37.77437846937316],[-83.68594118852575,37.774394669076145],[-83.68595217418323,37.77440860675649],[-83.68596401727648,37.77442025457937],[-83.6859817778445,37.7744317828239],[-83.68602261230137,37.77444997180241],[-83.68603846169339,37.774458677763114],[-83.68606192324619,37.77447597183877],[-83.68609639927024,37.77450560836486],[-83.68615126989788,37.77455629385208],[-83.68616819091665,37.7745773359967],[-83.6862040692693,37.77463251411912],[-83.68621601439035,37.77464638706057],[-83.68622867967863,37.77465757389504],[-83.68627836097116,37.77468778151061],[-83.6862922899058,37.774701550758365],[-83.68630356546717,37.774719600033116],[-83.68631146197383,37.77473844961596],[-83.68632671458019,37.77478383815058],[-83.68633613477971,37.77480403010943],[-83.68634739621793,37.77481975027897],[-83.68636116790317,37.77483188897103],[-83.68636401757614,37.77483772403443],[-83.68636552082539,37.774861358975635],[-83.68636817566444,37.77486820694941],[-83.68637582513539,37.77487551312528],[-83.68638363506282,37.77488939048125],[-83.68640806960421,37.774909735526776],[-83.6864140063824,37.77491717621341],[-83.68643049462527,37.77493645067338],[-83.68643228000678,37.774940620423905],[-83.68643177134629,37.774944289102294],[-83.68642320211218,37.77495269192393],[-83.68639231625512,37.77496866887264],[-83.68636716371067,37.7749923268294],[-83.68634595643482,37.775022028144235],[-83.6863290434388,37.7750573184512],[-83.68631704174554,37.775096930033094],[-83.6863153694196,37.77511000408093],[-83.68631473902258,37.77514139530538],[-83.68631174828751,37.7751560558705],[-83.68630650373446,37.77516649887897],[-83.686298032868,37.775177155298216],[-83.68624958485893,37.77521918625726],[-83.68624001803528,37.77522973907097],[-83.6862335121404,37.77523990273421],[-83.6862247159101,37.77526291757066],[-83.68621588849736,37.77530041905744],[-83.68620560182643,37.775362863122005],[-83.686195131244,37.775393001682986],[-83.68618218329591,37.77541961043958],[-83.68616391264848,37.775447401148625],[-83.68614259939268,37.77547231474684],[-83.68608683257611,37.77551679653666],[-83.6860622198281,37.775543339346804],[-83.68604280127668,37.7755698553358],[-83.68602671314363,37.77559922151719],[-83.68601577746526,37.775628231903966],[-83.68601290167338,37.775642810257445],[-83.6860081234949,37.775689706447146],[-83.6859984009013,37.775724327282134],[-83.6859868875108,37.77574994210588],[-83.68597722941107,37.775763099468044],[-83.68595135844609,37.775790552562555],[-83.68594283468889,37.77580299147898],[-83.68593282000418,37.77582965366575],[-83.6859264588156,37.7758658206949],[-83.68592589046848,37.775878840167934],[-83.68592724192511,37.77589314101129],[-83.68594439296226,37.775962348555005],[-83.68594649377204,37.775979085636486],[-83.68594611980379,37.77599402440863],[-83.68594132859093,37.776029529964234],[-83.68593775045204,37.776041222243634],[-83.68593286050493,37.77605099602374],[-83.68592671181918,37.77605884343335],[-83.68591797461374,37.77606678774078],[-83.68587415872823,37.77609797497316],[-83.68583873964464,37.77613506361335],[-83.68582147016214,37.77614874927794],[-83.68579483755128,37.77616175231511],[-83.68575475901831,37.776175181001086],[-83.6857275661892,37.776182225364],[-83.68568647940076,37.77619042202842],[-83.68565436463773,37.77619544891298],[-83.68557192329403,37.776204090002324],[-83.68553442753777,37.77620974726205],[-83.68548213159947,37.77621871003919],[-83.68545542589392,37.77622762353146],[-83.6854418426345,37.77623655678045],[-83.6854165299757,37.77626040153526],[-83.68540428545198,37.77626952841942],[-83.68537510913286,37.77628412966135],[-83.68533594217845,37.77629841063438],[-83.68529171945394,37.776311255863135],[-83.68525823743073,37.77631631586065],[-83.68522181326993,37.7763146341497],[-83.68517095005154,37.776305071515104],[-83.68513761143751,37.7762963271785],[-83.68509424264046,37.77628190980907],[-83.68501720406371,37.77625087595954],[-83.68499378692394,37.77624447996363],[-83.68493711369636,37.77623268999021],[-83.68491082767297,37.776224302582484],[-83.68487973678045,37.77620931884231],[-83.68484401812033,37.77618775229252],[-83.6847933172831,37.77614991045],[-83.6847363547465,37.77612121640943],[-83.68468452192083,37.77607926286887],[-83.68465313393983,37.77606073388329],[-83.68462011192712,37.776045316011675],[-83.68460257302303,37.77603924522474],[-83.68458218836791,37.77603423722453],[-83.68450405260764,37.77602195234404],[-83.68447279924608,37.776014899182016],[-83.68441622579186,37.775993773004096],[-83.68439248637199,37.77598761524153],[-83.68437135877785,37.77598608740099],[-83.68432410035533,37.77598831918769],[-83.6843037219006,37.775987619164],[-83.6842707688068,37.775980832905034],[-83.68420187919409,37.775956876723825],[-83.68417105095193,37.7759491567513],[-83.68411009697958,37.77593997132182],[-83.68406403100536,37.77593652039906],[-83.68402369268537,37.77593811802297],[-83.68398869539888,37.77594496507098],[-83.68397206291239,37.775949396861456],[-83.68396474777008,37.77595312516857],[-83.68396173622983,37.77595724350593],[-83.68396051280179,37.77596306379419],[-83.68396292911225,37.775986814191576],[-83.68396452887445,37.77600716496548],[-83.68396876225741,37.776029484384765],[-83.68398740726074,37.7760900918325],[-83.68401028112052,37.776155539568734],[-83.68402107345669,37.77617664640687],[-83.68403344574487,37.77619443244822],[-83.68405144854987,37.776213727923526],[-83.68407776814425,37.776237000540405],[-83.68409994780686,37.776253467999084],[-83.68412706906551,37.776269688128075],[-83.68422332578578,37.77631645760146],[-83.68425705831488,37.776334834136215],[-83.68432888608623,37.77637978978968],[-83.68439458789354,37.776424459431375],[-83.68443972079746,37.77646033184728],[-83.68446192177811,37.77647449496305],[-83.68449493445466,37.77648853493067],[-83.68454245096396,37.77650291824411],[-83.6845740004368,37.77651023514737],[-83.6846099507278,37.77651594801935],[-83.68471971052011,37.77652588847681],[-83.68478193546446,37.77652873245496],[-83.68480827328419,37.7765316749433],[-83.68484915433613,37.77654054390282],[-83.68488367335122,37.77655208842831],[-83.68489873057351,37.7765595473181],[-83.68493140852664,37.77658006651799],[-83.68494687414508,37.77658816972216],[-83.68499622201583,37.77661090991729],[-83.68501102118752,37.776614024241674],[-83.6850230107506,37.77661279506627],[-83.68503873062585,37.77660365859625],[-83.68505660525592,37.77658546297899],[-83.68506307710568,37.77657496477407],[-83.68507217358821,37.776549851130206],[-83.68507765278973,37.776539515588134],[-83.68509813451352,37.776515750588565],[-83.68512429924336,37.7764946018737],[-83.68515641061728,37.77647459440867],[-83.68516844760465,37.776469767227894],[-83.68517916253091,37.776467750596154],[-83.68519385923453,37.776469096630294],[-83.68521077854315,37.77647475965024],[-83.68522930085597,37.776484585592996],[-83.68524702783738,37.776497319075375],[-83.68525765764348,37.776508090163034],[-83.68526702088484,37.776521689772444],[-83.6852751038834,37.77653809309031],[-83.68528194003919,37.7765573673546],[-83.6852852451422,37.77657187582185],[-83.68528686801483,37.77658776134076],[-83.6852850172513,37.77662293914013],[-83.68528060950017,37.776639557044575],[-83.68527185977648,37.77665727940944],[-83.68526002712632,37.776674896914216],[-83.68522376032979,37.77672266915556],[-83.68521473593704,37.77673763760708],[-83.68520861002432,37.77675146002408],[-83.68520363370058,37.7767685917905],[-83.68520012405537,37.77678798481259],[-83.68519426040949,37.77686254275237],[-83.6851892220246,37.77689338115762],[-83.68516860469921,37.77696376861934],[-83.68516070991079,37.77700922034625],[-83.68515040207436,37.777110534156094],[-83.68513913226087,37.777177811226814],[-83.68510502299296,37.77734855313752],[-83.68509752303353,37.77739783601191],[-83.6850929788845,37.77744233792663],[-83.68508938434229,37.77750911197662],[-83.68508496392873,37.77756435351381],[-83.68508115256952,37.777592288868576],[-83.68507457047956,37.77761854074066],[-83.68506506651401,37.77764110373162],[-83.68505670113474,37.77765426420191],[-83.68503099251991,37.77768612181909],[-83.68502104614593,37.77770131392693],[-83.68501532353908,37.77771497105798],[-83.68501155459064,37.77773094399489],[-83.68500463422045,37.77780053470818],[-83.68500038482394,37.77781523822071],[-83.68499421796825,37.777827996358376],[-83.68497912365748,37.7778499501862],[-83.68497068673857,37.77786655243102],[-83.68496448310952,37.77788307213355],[-83.68496070270359,37.77789899716132],[-83.68495941179138,37.77791403291794],[-83.68496062127306,37.777929815704184],[-83.68496427362516,37.777946098028366],[-83.68497019829819,37.77796211899286],[-83.68497809978976,37.777977075080926],[-83.6849899467769,37.7779918612284],[-83.68502132475717,37.778021959589196],[-83.68504081203427,37.778045405774535],[-83.68508755962334,37.778108708858326],[-83.68510296598197,37.778126036745164],[-83.68511845443776,37.778140434088364],[-83.68514570303705,37.778158144878205],[-83.68521961855944,37.77819435693306],[-83.68523575684047,37.77820560767366],[-83.68524708173165,37.77821730218191],[-83.68525410735464,37.77822841750957],[-83.68525953713475,37.77824100758853],[-83.68526341207188,37.77825516289527],[-83.6852657858739,37.77827107629304],[-83.68526641845342,37.77830577087563],[-83.68526171608646,37.778367999876444],[-83.68525702648083,37.77839591653329],[-83.68523755136408,37.778463326032394],[-83.68523505825472,37.778481615609046],[-83.68523541351111,37.778498114597745],[-83.6852449717115,37.77854195705185],[-83.68524540469102,37.77855668039628],[-83.6852425807198,37.77860519402541],[-83.68524478487363,37.77861775707568],[-83.68525415476883,37.77865036065251],[-83.68525438315127,37.778667918717126],[-83.68524794139505,37.778682518445066],[-83.68522711175524,37.77870985951912],[-83.68522025311975,37.7787215548995],[-83.6852156950588,37.778735467854816],[-83.68521345997404,37.77875135675823],[-83.68521609045595,37.7788201324918],[-83.68521491048699,37.778835842307416],[-83.68521185117488,37.77884957222334],[-83.68520589777553,37.77886386752505],[-83.6851877062567,37.77889758266083],[-83.68518213042266,37.77891513481774],[-83.6851821889554,37.778932466588536],[-83.68519008449044,37.77896963333309],[-83.68519134828014,37.77898568399382],[-83.68518712144356,37.77902172171606],[-83.68517752229687,37.77905341031746],[-83.68516656252793,37.77907311549578],[-83.68513389016286,37.779118118396376],[-83.68512202970462,37.77914373961393],[-83.68510548652506,37.779200171376516],[-83.68509671150946,37.77922252609393],[-83.68508321363682,37.779243045044005],[-83.68507497289669,37.77925094166974],[-83.68506559504269,37.7792574130419],[-83.6850344940537,37.779271547695096],[-83.68499758531473,37.77928127458299]]}},{"type":"Feature","properties":{"OBJECTID":31,"TRAIL_NAME":"Stairway","TRAIL_ID":null,"OWNER":"Parks","OWNTYPE":"STATE","OTHOWNTYPE":" ","MANAGER":"Parks","ADA_ACCESS":"No","LANDTYPE":"PUBLIC","SURFACE":"Natural","OTHSURFACE":" ","HIKING":"Yes","BIKING":"No","HORSE":"No","MOTORCYCLE":"No","ATV":"No","WATER_TRL":"No","DESCRIPTN":"Connects the ledge and swimming pool.","RATING":null,"SCHEDULE":null,"TRAIL_MILE":0.1,"FEE":"No","DOGS":"NO","HYPERLINK":" ","TRAILHD_ID":null,"PUBLIC_NAME":"Natural Bridge","MAINTENANC":null,"MA_ID":null,"STATUS":null,"TRAIL_CONFIG":null,"BLAZE":null,"AGENCY":"Parks","CONTACT":"https://parks.ky.gov/contact-us/general-inquiries","XY_SOURCE":"from GPS","XY_ISSUES":null,"ATT_SOURCE":" ","ATT_ISSUES":null,"COMMENTS":null,"MODIFYDATE":null,"CREATEDATE":-2209161600000,"GlobalID":"{A3C57A73-ED54-43FC-A7A9-58BB4C63EC25}","Shape.STLength()":506.1356183601673,"rrgh_source":"ky-state-park-trails","rrgh_classification":"official-state-park-trail","rrgh_planner_eligible":true,"rrgh_part":0},"geometry":{"type":"LineString","coordinates":[[-83.6804984236515,37.77711269855345],[-83.68051295174408,37.77710695800648],[-83.68052530868786,37.77710018506378],[-83.68053549441035,37.77709237976501],[-83.68054350885197,37.77708354215589],[-83.68055066214274,37.77706735934135],[-83.68055412790474,37.77704022570467],[-83.680554228338,37.77702706602678],[-83.68055129122656,37.77699407131147],[-83.68055282506451,37.77694653751076],[-83.68055878650866,37.77690158607186],[-83.68057073599658,37.776852876408306],[-83.68057253107067,37.7768326920526],[-83.68057215518024,37.77681630983769],[-83.68056968131788,37.77679508932274],[-83.6805645889491,37.776782396147425],[-83.68054280317281,37.776762416316316],[-83.68053964766403,37.77675638800084],[-83.6805347369846,37.77673993706759],[-83.68052916707477,37.77673352669627],[-83.68052134626647,37.77673045799299],[-83.68050849633917,37.776727932729074],[-83.6804903883165,37.776726290900385],[-83.68047530522465,37.77672764041919],[-83.68046205809271,37.776732728052075],[-83.6804425027429,37.77674517575049],[-83.68042159547984,37.77676355852788],[-83.68041189356514,37.776768740427656],[-83.68040080229143,37.776770633524464],[-83.68038809758727,37.77677055431508],[-83.6803759329935,37.77676852913487],[-83.68036600404594,37.776764841158695],[-83.68035028639488,37.77675172674775],[-83.68032580771448,37.77673393039114],[-83.68030818274785,37.77672379040216],[-83.68029161654427,37.77671794860128],[-83.68027623434585,37.776716713671654],[-83.68025488458039,37.77672083150483],[-83.68025040081848,37.77672400614324],[-83.68024710657826,37.776728955610025],[-83.68024112657822,37.77675056850843],[-83.68023738107141,37.77675817116899],[-83.68022494921881,37.77677362104424],[-83.68021388783028,37.77678222609949],[-83.68019661299428,37.77678843628186],[-83.68017675535228,37.77679071207621],[-83.68015708111282,37.77678868392404],[-83.68014295283075,37.77678353041582],[-83.68013760677334,37.776778438245486],[-83.68013379015918,37.77677084578384],[-83.68012926288341,37.77674418146261],[-83.68012774497032,37.77671912285481],[-83.68012922701931,37.77670970704936],[-83.6801322534423,37.77670181765397],[-83.68014139057087,37.77669258252425],[-83.6801686595841,37.77667455936481],[-83.68017103254857,37.77667169336761],[-83.68016996838372,37.77666992965915],[-83.68016083469327,37.7766687708758],[-83.68014306819379,37.7766694226639],[-83.68013308047172,37.77667131261518],[-83.68011016217145,37.77667878646496],[-83.6800988906048,37.77667988092053],[-83.68008541682092,37.77667790641749],[-83.68007585857976,37.77667451387693],[-83.6800719524788,37.77667077783963],[-83.68007016684066,37.77666507649583],[-83.68007226151441,37.776639535022326],[-83.68007076216344,37.77663016277111],[-83.68006062576501,37.776615405850855],[-83.68002836988036,37.77658422122213],[-83.68000948016781,37.77655797716644],[-83.6799630189665,37.77648231298078],[-83.67992279192214,37.77643004384851],[-83.67989623954011,37.77640036397886],[-83.67987671108338,37.77638473757233],[-83.67984848786406,37.77637098250518],[-83.67981583071298,37.77636168347321]]}},{"type":"Feature","properties":{"OBJECTID":32,"TRAIL_NAME":"Balanced Rock Trail 2","TRAIL_ID":"2","OWNER":"Parks","OWNTYPE":"STATE","OTHOWNTYPE":" ","MANAGER":"Parks","ADA_ACCESS":"No","LANDTYPE":"PUBLIC","SURFACE":"Natural","OTHSURFACE":" ","HIKING":"Yes","BIKING":"No","HORSE":"No","MOTORCYCLE":"No","ATV":"No","WATER_TRL":"No","DESCRIPTN":"Fairly steep terrain that follows along a ridgetop and descends to the junction with Sand Gap Trail.","RATING":null,"SCHEDULE":null,"TRAIL_MILE":0.75,"FEE":"No","DOGS":"NO","HYPERLINK":" ","TRAILHD_ID":null,"PUBLIC_NAME":"Natural Bridge","MAINTENANC":null,"MA_ID":null,"STATUS":null,"TRAIL_CONFIG":null,"BLAZE":null,"AGENCY":"Parks","CONTACT":"https://parks.ky.gov/contact-us/general-inquiries","XY_SOURCE":"from GPS","XY_ISSUES":null,"ATT_SOURCE":" ","ATT_ISSUES":null,"COMMENTS":null,"MODIFYDATE":null,"CREATEDATE":-2209161600000,"GlobalID":"{3EFAFDA9-7E9E-4DB1-907A-F17C2F03423A}","Shape.STLength()":4056.2663132574785,"rrgh_source":"ky-state-park-trails","rrgh_classification":"official-state-park-trail","rrgh_planner_eligible":true,"rrgh_part":0},"geometry":{"type":"LineString","coordinates":[[-83.68486303203457,37.77285599774351],[-83.6847885812293,37.77282425828952],[-83.68477500925677,37.77281701072347],[-83.684766179707,37.77281025472422],[-83.68471963650147,37.77276090272281],[-83.68470616103139,37.77274865725557],[-83.68466953619142,37.77272134166661],[-83.6846544048777,37.77270802914447],[-83.68462455252248,37.77267478486419],[-83.68460212936152,37.77264338567581],[-83.68458704558225,37.772613704746526],[-83.68457932579368,37.772585778522405],[-83.6845785165282,37.772573577271324],[-83.68457953855176,37.77255974674398],[-83.68459106518628,37.77249574608853],[-83.68459130621395,37.77247435179647],[-83.6845894000428,37.77245043967987],[-83.68457351769764,37.77234589945929],[-83.68457269288793,37.77232010768691],[-83.68457473864673,37.77229686538165],[-83.68458907338149,37.772243132268656],[-83.6845922984229,37.77222538870865],[-83.68459373416447,37.77218668009535],[-83.68458962882569,37.772151580100655],[-83.68458079003823,37.77212250130788],[-83.68456258105316,37.77208134567789],[-83.68453884841493,37.77204297110698],[-83.68453291097849,37.77202546745717],[-83.68453389196554,37.772014456867936],[-83.68454167468215,37.771989430271454],[-83.68454191665438,37.771978985901484],[-83.6845379277272,37.77196911090875],[-83.68452314282895,37.771948391760716],[-83.68451843971607,37.771938966183306],[-83.6845168992783,37.77192545366513],[-83.68452032010975,37.77189401066993],[-83.68451779653238,37.77188121234226],[-83.68451198375247,37.771871025214196],[-83.68450354396757,37.771860560921624],[-83.68447996647556,37.77184015089385],[-83.68446555648184,37.77183237280468],[-83.6844316058062,37.77182004523705],[-83.68441808705968,37.771813717128104],[-83.68440352451621,37.77180394965381],[-83.68438908379827,37.7717913727677],[-83.68434778923631,37.7717457904523],[-83.68433216015458,37.77173047821159],[-83.68427410995892,37.771682328872686],[-83.6842520759248,37.77166747676001],[-83.68422554490826,37.77165269556422],[-83.68410651644633,37.7715962152693],[-83.6840814469486,37.77158123840359],[-83.68406059882814,37.771565884421086],[-83.68400709403448,37.77151541204701],[-83.68397754924908,37.7714948465019],[-83.68391054341832,37.77145627071553],[-83.68388255760681,37.771437987821436],[-83.68385900863497,37.77141904739331],[-83.68383677981853,37.77139364733177],[-83.68381876056961,37.771377138382775],[-83.68376980129014,37.7713502481904],[-83.68375400951025,37.77134340846983],[-83.68373530739112,37.771334566364075],[-83.68369609319774,37.771309418508785],[-83.68367573026205,37.77130129323009],[-83.68361008202966,37.77129105708789],[-83.68357572551015,37.77128262393446],[-83.68349102295466,37.771255770756056],[-83.68346655646914,37.771250513576284],[-83.68344412443354,37.77124803030195],[-83.6834210816173,37.771248110473486],[-83.68335442543649,37.77125239084091],[-83.68330371297343,37.77125173444982],[-83.68326557643073,37.771255708165654],[-83.68324420543243,37.77125779018759],[-83.68323473748707,37.77126019682588],[-83.68321883313388,37.771269756438954],[-83.6832025667981,37.771287712040646],[-83.68319322767482,37.77130183824004],[-83.68318592601747,37.771319032306664],[-83.6831718503378,37.77137773980136],[-83.68316559935516,37.771396985234546],[-83.68315697871898,37.771413436865814],[-83.68314578247002,37.77142664295695],[-83.68313139272378,37.771437019515446],[-83.68309257017233,37.771458102962626],[-83.6830782556082,37.771470337924974],[-83.68306786666065,37.77148618763618],[-83.68306091036592,37.77150372576751],[-83.68305738673365,37.7715229522948],[-83.6830572957687,37.77154386719139],[-83.68308431315648,37.77157806778717],[-83.68308703557474,37.77159164089862],[-83.683087854761,37.77160515464105],[-83.68307835766605,37.77164655241099],[-83.68307934054799,37.77165825167483],[-83.68308244618889,37.77167108770769],[-83.68309600297749,37.771703513806905],[-83.683120036637,37.771738556489765],[-83.68312620114152,37.771750149263],[-83.68313087826817,37.771769683289804],[-83.68313400256677,37.77181545005484],[-83.68315025148372,37.77188242426578],[-83.68315425750534,37.7719064532249],[-83.68315870535552,37.77194823390733],[-83.68315788245505,37.771961178188945],[-83.68315502768534,37.77197235319939],[-83.68314998497317,37.77198103345943],[-83.68313347157817,37.77200072647403],[-83.683129121762,37.772011345367424],[-83.68312892969716,37.77202127939174],[-83.68313108111411,37.77202746373589],[-83.68313507920938,37.772033193030595],[-83.68314861558095,37.77204328665534],[-83.68312671563768,37.77205841596799],[-83.68310851684197,37.772074951822965],[-83.6830940192377,37.772092894180375],[-83.68308322285971,37.772112242997046],[-83.68307500738355,37.77213802446618],[-83.68306961216499,37.77214684824039],[-83.6830615777328,37.77215573327425],[-83.68302259082598,37.77218679374219],[-83.68300876343784,37.77220143020087],[-83.68299876313449,37.772216630916105],[-83.68298894689389,37.772242279544415],[-83.68297498245254,37.772262551647515],[-83.68295686981192,37.7722774472234],[-83.68293460897388,37.77228696627052],[-83.68291909246025,37.77228994281075],[-83.68289961140233,37.77229130240867],[-83.68287861355047,37.77228876346238],[-83.68283141622109,37.77227313087058],[-83.68281042997417,37.77226958710297],[-83.68279301305502,37.77227067101644],[-83.68277384905946,37.77227496249993],[-83.6827081102401,37.77229982536631],[-83.6826818307913,37.77230712555548],[-83.68261934249945,37.77231793652743],[-83.68259704881078,37.772319681834],[-83.68257712931064,37.77231937816475],[-83.68255270504548,37.77231675512374],[-83.68252975017818,37.77231244537143],[-83.68250912205839,37.77230661264629],[-83.68249121896528,37.77229937487962],[-83.68247830661083,37.77229135116843],[-83.68245075801512,37.7722674906144],[-83.682436905579,37.7722583229598],[-83.68240603576885,37.77224614850935],[-83.68235901374982,37.77223441120949],[-83.68229551354693,37.77222403548068],[-83.68225922652987,37.77220977352931],[-83.68224597024492,37.7722061633231],[-83.68221807427395,37.77220514469917],[-83.6821741699341,37.77221076303],[-83.68212424889902,37.77222125576557],[-83.68206459694295,37.77224048352178],[-83.68204426486186,37.77224927868872],[-83.68202297930574,37.77226141272703],[-83.6819573034978,37.77230831707471],[-83.68193261501469,37.77232391564226],[-83.68190676462714,37.77233614967994],[-83.68188137256254,37.772343407099335],[-83.68184857543463,37.77234631508172],[-83.68183601159308,37.77234926038394],[-83.68181166739335,37.77236352276333],[-83.68179313485345,37.77237081943355],[-83.68177372447639,37.772375908262966],[-83.68174746413742,37.77237909455369],[-83.68172497626308,37.77237648535552],[-83.6817173938977,37.77237891090678],[-83.68170480390916,37.77238585602097],[-83.68169595704029,37.77239159227629],[-83.68168728421385,37.772399522198484],[-83.68166244814546,37.77243028680476],[-83.68165281673095,37.77244028137451],[-83.6816416565613,37.772447912535426],[-83.6816297156157,37.77245175241071],[-83.68159109211072,37.772451589209304],[-83.68156881114983,37.77245806437824],[-83.68153409426229,37.772475448675436],[-83.68150475453508,37.77249284491908],[-83.68145097071451,37.77253295539645],[-83.68142714406127,37.77254856402854],[-83.68135265652386,37.772587651722695],[-83.6813322797784,37.77260257605445],[-83.68131524587805,37.77261918838419],[-83.68130151608193,37.77263752611229],[-83.6812910504304,37.772657642247616],[-83.68128382239313,37.77267956977145],[-83.68127978309613,37.77270343137891],[-83.68127891125113,37.77272934641717],[-83.68128119974241,37.772757506964076],[-83.68129132279869,37.7728072628231],[-83.68130987147077,37.77286550453676],[-83.68133216625222,37.77292243915135],[-83.68138923880899,37.773057117956625],[-83.68141296613419,37.77312076321025],[-83.68142850309218,37.77317509161482],[-83.68143638302897,37.7732224332345],[-83.68143940169932,37.77328570147009],[-83.68143719532735,37.77342802014339],[-83.68143910221792,37.773490705324946],[-83.68144249179278,37.77352470745451],[-83.68144770355735,37.773556132032006],[-83.68145484436337,37.773585614287775],[-83.68146399368968,37.77361346916252],[-83.68148614696089,37.7736661245457],[-83.68149194246143,37.77368871212928],[-83.68149440024857,37.77370678637164],[-83.68149370485841,37.77373073615216],[-83.68148900148968,37.77375511570553],[-83.68148351323661,37.773766405248885],[-83.68146236082977,37.773795715552986],[-83.6814598573761,37.77380408030515],[-83.68146129007107,37.77381129631733],[-83.68146951205073,37.77382338860723],[-83.681477947878,37.77382923270822],[-83.68148530877795,37.77382823826369],[-83.68150344143697,37.77381957237976],[-83.6815085437918,37.77381942181905],[-83.68151374532927,37.773827774323834],[-83.68151488495866,37.77384057174825],[-83.68151116030755,37.773845613233675],[-83.68150242497481,37.77384933905404],[-83.6814582852269,37.773856235739686],[-83.68141882334487,37.7738617262845],[-83.68132922360111,37.77386557162119],[-83.68129265900292,37.773871547446035],[-83.68126569683209,37.77387744829882],[-83.68125491112629,37.77388265101207],[-83.68125228293866,37.77388724324529],[-83.68125254473087,37.77389362090461],[-83.68126457786707,37.77392186651352],[-83.68126643493434,37.77393308970817],[-83.68126422541704,37.77394324651723],[-83.68125945517657,37.77395442533921],[-83.68123728241119,37.77398971717364],[-83.68120330204917,37.77403959401131],[-83.68116511885795,37.77408413311297],[-83.68112357721111,37.77412235746082],[-83.68110171312706,37.77413894940463],[-83.68107919727825,37.77415380055875],[-83.68104204223705,37.77417534565808],[-83.68101352393701,37.77418787440996],[-83.68098333953591,37.77419524565359],[-83.68094745647696,37.774198220829824],[-83.6809081335867,37.774197323475924],[-83.68083494542508,37.7741917448115],[-83.68078891609491,37.77418741430426],[-83.68073963872628,37.774180148077384],[-83.68068613686619,37.77416982465378],[-83.68062433840743,37.774155662900924],[-83.68054253725043,37.77413513922838],[-83.68051531952558,37.77412637525661],[-83.68049168151515,37.7741169603498],[-83.68046383292399,37.7741034944748],[-83.68044505399843,37.77410218871665],[-83.68040843677348,37.77410858045524],[-83.6803941992543,37.77410960034321],[-83.68036393762839,37.77410714419534],[-83.68032705688854,37.7741007889491],[-83.68029147909415,37.77409224114867],[-83.68025775567614,37.77408144408737],[-83.68022669351656,37.774068658083436],[-83.68019881097091,37.77405409915975],[-83.68016762204964,37.774030627456035],[-83.68015484588337,37.77402328838577],[-83.68013800312164,37.77401805311869],[-83.68009477701202,37.77401006351306],[-83.68005912303344,37.77399994369711],[-83.6800341485798,37.773990778528436],[-83.68000762680064,37.77397990682988],[-83.67999633216624,37.77397133733905],[-83.67999412904075,37.773963672685525],[-83.67999564033852,37.773943003671455],[-83.67999441481116,37.77393920422785],[-83.67999185634025,37.77393680295813],[-83.67996573023997,37.77393443219002],[-83.67995430146071,37.77392874953435],[-83.67992868994308,37.77390757727661],[-83.67989453438285,37.77388993171681],[-83.67986920515627,37.77388055162462],[-83.6798483045799,37.7738777907401],[-83.67983964138551,37.773878991560906],[-83.67983214536581,37.773881914991264],[-83.67981642089897,37.77389421439215],[-83.67980878587292,37.773896245871505],[-83.67978502103419,37.77389833088092],[-83.67976190176417,37.77390999055411],[-83.67975394211744,37.773912453509595],[-83.67974441094844,37.77391185759853],[-83.67972247959271,37.773905932133836],[-83.67971489851772,37.77390616898977],[-83.67970872566696,37.773912101409636],[-83.67970209977526,37.773935112261164],[-83.67969644108582,37.77394336560278],[-83.67968888539343,37.77394742680343],[-83.67966082566632,37.77395713612593],[-83.6796505983366,37.77396318318361],[-83.67964715444269,37.773967227504286],[-83.6796483446228,37.773970858792445],[-83.67965610419174,37.77397944022546],[-83.67965662236446,37.77398219401922],[-83.67965142663664,37.77398569574251],[-83.6796399221879,37.77398877748],[-83.67963003519628,37.77398787711116],[-83.67960761700185,37.77398011191002],[-83.67960212421958,37.7739810277661],[-83.67960110998082,37.77398732430243],[-83.679603496944,37.77399914404526],[-83.67960766527679,37.77400882797675],[-83.67961616087439,37.774021512208044],[-83.67963312029471,37.77403964207772],[-83.67966043562458,37.774060409431314],[-83.679695813429,37.77408182248691],[-83.6797330344611,37.77409838469086],[-83.6797698718569,37.77410911880717],[-83.67980522108695,37.77411372612546],[-83.67984281336486,37.77411275145856],[-83.67986186539585,37.77410947073664],[-83.67988441965053,37.77410181530745],[-83.67996307720568,37.77406380774712],[-83.67998867421349,37.774053927420724],[-83.68000104428751,37.77405153693472],[-83.68001104207009,37.77405201352451],[-83.68001891090597,37.77405537106449],[-83.68002475648422,37.774061660275486],[-83.68002952458299,37.7740716540868],[-83.68003410767857,37.774086250269214],[-83.6800367315152,37.774099720579464],[-83.68003769216526,37.774114546222364],[-83.68003465794237,37.774149560675724],[-83.68003129760943,37.77416294350301],[-83.68002526768518,37.77417735978694],[-83.6799921380424,37.77423311148924],[-83.67998145806406,37.774257898365946],[-83.67996884814859,37.774296185951506],[-83.67996779152007,37.77430742575344],[-83.67996958091116,37.774316899062974],[-83.6799747590754,37.774326833366636],[-83.67998300096876,37.77433708063971],[-83.67999386124619,37.774347071439706],[-83.68000633610569,37.77435587192353],[-83.68003399069903,37.77436839807028],[-83.68004818001818,37.77437807318201],[-83.68006119402051,37.7743898241819],[-83.68007243474307,37.77440311391505],[-83.68008126828408,37.77441719798534],[-83.68008400565762,37.77442507625543],[-83.68008749523261,37.77444547596357],[-83.68009241179863,37.77445464821278],[-83.68011202615823,37.77446888667456],[-83.6801198300563,37.77448113664747],[-83.68012701375503,37.77450940612282],[-83.68013197874508,37.77452038599321],[-83.68014854618097,37.774539856359354],[-83.68018086643546,37.77456789024974],[-83.68021316273618,37.774595781557686],[-83.68023568615969,37.774609652393046],[-83.68026279396766,37.77461964620051],[-83.68027576610856,37.774626423380624],[-83.68028875028506,37.77463551116825],[-83.68033094363165,37.77467391921933],[-83.68034976757428,37.774687979672315],[-83.68038343361387,37.77470822853106],[-83.68040833531491,37.774719797313324],[-83.68043121320336,37.77472625830715],[-83.68048583116766,37.77473633455733],[-83.68057225383143,37.77475808835678],[-83.68062864937347,37.77477775394948],[-83.68066962280398,37.77479707745453],[-83.68064575695901,37.77481726609816],[-83.68061939874003,37.7748347307203],[-83.68055292305732,37.77486347721384],[-83.68053751451184,37.774871672259664],[-83.68053110514494,37.77487721691754],[-83.68052796208039,37.77488588830357],[-83.6805279046126,37.77490199326652],[-83.6805307876769,37.77491962027147],[-83.68054526866365,37.77495975402168],[-83.68055319665717,37.77501698669232],[-83.68055826864182,37.77503768948333],[-83.68057470949688,37.77507517703454],[-83.68058371034034,37.77511491746579],[-83.68059448143508,37.7751330083061],[-83.68061600949589,37.775158850673655],[-83.68064023280667,37.775182288361435],[-83.680648109795,37.77519218413977],[-83.6806528028743,37.775202018702984],[-83.68065570145849,37.775212999785666],[-83.68065679194115,37.775225078150356],[-83.68065606656734,37.77523817203751],[-83.68064914026098,37.77526711766376],[-83.680635409421,37.77529772910406],[-83.68062601890371,37.77531313162511],[-83.68061671031143,37.77532472372796],[-83.68060672560601,37.77533371024708],[-83.68059407671569,37.77534238713413],[-83.68055876972925,37.775360084390805],[-83.6805319439216,37.775367748500386],[-83.68052333684786,37.775372667817486],[-83.68051994157257,37.775378002777295],[-83.68051816685633,37.77538534378649],[-83.6805193195605,37.77540720856553],[-83.6805219506619,37.7754165430805],[-83.68052727089157,37.775425746620904],[-83.68053530047723,37.77543485680839],[-83.68054610311424,37.77544394681417],[-83.68057495601802,37.775461684091056],[-83.68062342066513,37.77548480285691],[-83.68066513902538,37.775501209733385],[-83.68070768439122,37.77551224367503],[-83.68073496541727,37.775514827391895],[-83.68080387359961,37.77551222570218],[-83.68083474973675,37.775514480363846],[-83.6808531579315,37.77551671037473],[-83.68086063962622,37.77551979933051],[-83.6808649278019,37.77552717350558],[-83.68086622039867,37.7755393496709],[-83.68086458212913,37.77554882698645],[-83.68086025366836,37.77555836508629],[-83.68084986985988,37.7755687801713],[-83.68082672573259,37.775582421053144],[-83.68080231871542,37.77559499768265],[-83.68077653396534,37.77560492190731],[-83.68076230729838,37.77560825491535],[-83.68072818943429,37.77561306206659],[-83.68071343297797,37.775617305863626],[-83.68069676648719,37.77562683113937],[-83.68066123300636,37.77565490634481],[-83.68062235171149,37.77567628314916],[-83.68054361583978,37.77571106205765],[-83.6805127330215,37.77572630711438],[-83.68046087167114,37.77575567371263],[-83.68041044194422,37.77578673263726]]}},{"type":"Feature","properties":{"OBJECTID":33,"TRAIL_NAME":"Upper Loop of Hood's Branch Trail 7","TRAIL_ID":"7","OWNER":"Parks","OWNTYPE":"STATE","OTHOWNTYPE":" ","MANAGER":"Parks","ADA_ACCESS":"No","LANDTYPE":"PUBLIC","SURFACE":"Natural","OTHSURFACE":" ","HIKING":"Yes","BIKING":"No","HORSE":"No","MOTORCYCLE":"No","ATV":"No","WATER_TRL":"No","DESCRIPTN":"Made a loop through the woods and connected with Hood's Branch.","RATING":null,"SCHEDULE":null,"TRAIL_MILE":0.65,"FEE":"No","DOGS":"NO","HYPERLINK":" ","TRAILHD_ID":null,"PUBLIC_NAME":"Natural Bridge","MAINTENANC":null,"MA_ID":null,"STATUS":null,"TRAIL_CONFIG":null,"BLAZE":null,"AGENCY":"Parks","CONTACT":"https://parks.ky.gov/contact-us/general-inquiries","XY_SOURCE":"from GPS","XY_ISSUES":null,"ATT_SOURCE":" ","ATT_ISSUES":null,"COMMENTS":null,"MODIFYDATE":null,"CREATEDATE":-2209161600000,"GlobalID":"{F0518D8B-A86E-41E1-AAEB-68708DB477AC}","Shape.STLength()":3374.4202707801014,"rrgh_source":"ky-state-park-trails","rrgh_classification":"official-state-park-trail","rrgh_planner_eligible":true,"rrgh_part":0},"geometry":{"type":"LineString","coordinates":[[-83.69518893783969,37.76508739958671],[-83.69521857853195,37.76506574117131],[-83.6952571158292,37.76502389124903],[-83.69529560264222,37.76497444634678],[-83.69533645066774,37.764932005907056],[-83.69536835178071,37.76489266082864],[-83.69541681834326,37.764860056593996],[-83.6954736568883,37.76481442394603],[-83.69553370966005,37.76477578091051],[-83.69558608355051,37.7647331146532],[-83.69565237866048,37.76469526833716],[-83.6957021393988,37.76466478566224],[-83.69574289293817,37.76462827558162],[-83.69578933550939,37.76458525231354],[-83.69582546932544,37.764537447886774],[-83.69586353728319,37.76449984986494],[-83.6959007221789,37.76446862999405],[-83.69595383351215,37.76442784930159],[-83.69599416873974,37.76439577057187],[-83.69602017115054,37.76435864660959],[-83.69606613716988,37.76430946014874],[-83.69610922910941,37.76426078673918],[-83.69614461714436,37.76421660940783],[-83.69618432203814,37.7641716756297],[-83.69622886047317,37.76412270480052],[-83.6962743467063,37.764070625820246],[-83.69631398452654,37.764015616454],[-83.69636627454757,37.763965333582824],[-83.69639143632739,37.76391498947479]]}},{"type":"Feature","properties":{"OBJECTID":33,"TRAIL_NAME":"Upper Loop of Hood's Branch Trail 7","TRAIL_ID":"7","OWNER":"Parks","OWNTYPE":"STATE","OTHOWNTYPE":" ","MANAGER":"Parks","ADA_ACCESS":"No","LANDTYPE":"PUBLIC","SURFACE":"Natural","OTHSURFACE":" ","HIKING":"Yes","BIKING":"No","HORSE":"No","MOTORCYCLE":"No","ATV":"No","WATER_TRL":"No","DESCRIPTN":"Made a loop through the woods and connected with Hood's Branch.","RATING":null,"SCHEDULE":null,"TRAIL_MILE":0.65,"FEE":"No","DOGS":"NO","HYPERLINK":" ","TRAILHD_ID":null,"PUBLIC_NAME":"Natural Bridge","MAINTENANC":null,"MA_ID":null,"STATUS":null,"TRAIL_CONFIG":null,"BLAZE":null,"AGENCY":"Parks","CONTACT":"https://parks.ky.gov/contact-us/general-inquiries","XY_SOURCE":"from GPS","XY_ISSUES":null,"ATT_SOURCE":" ","ATT_ISSUES":null,"COMMENTS":null,"MODIFYDATE":null,"CREATEDATE":-2209161600000,"GlobalID":"{F0518D8B-A86E-41E1-AAEB-68708DB477AC}","Shape.STLength()":3374.4202707801014,"rrgh_source":"ky-state-park-trails","rrgh_classification":"official-state-park-trail","rrgh_planner_eligible":true,"rrgh_part":1},"geometry":{"type":"LineString","coordinates":[[-83.69639143632739,37.76391498947479],[-83.69640281824037,37.7638999767429],[-83.69641608011852,37.76389737397122],[-83.69647732427526,37.763913215814426],[-83.69652011324766,37.76392500484034],[-83.6965908739758,37.763938368570734],[-83.69667460588298,37.763944095303344],[-83.69674491726744,37.763948360000235],[-83.69681992151212,37.76394670058435],[-83.69688882422047,37.763951940994424],[-83.69694278338457,37.763970159058296],[-83.69701441749241,37.76398351435466],[-83.69709389685518,37.763990095714234],[-83.6971717729038,37.76398226838667],[-83.69724062394019,37.763974750240614],[-83.69732405114495,37.76397623522852],[-83.69739338760238,37.76397500190007],[-83.69746960603237,37.76400077263019],[-83.6975375929277,37.76402546495044],[-83.69759098513482,37.764058825827185],[-83.6976263972801,37.76408884805851],[-83.697647947523,37.76411780807242],[-83.69769506506069,37.76414236119765],[-83.69772828399327,37.764181518202875],[-83.69776002320216,37.764222905233794],[-83.69777697919065,37.764245057039204],[-83.69779554850541,37.76425606039073],[-83.69782186438927,37.764240615204685],[-83.69783662335713,37.76420175968384],[-83.69786559301022,37.764182849484655],[-83.69789377152661,37.76417753821267],[-83.6978890190646,37.76419266502961],[-83.6978700756395,37.764211147343325],[-83.69787233201025,37.76422477334952],[-83.69789082934545,37.764228007403],[-83.69792381061075,37.76421235231092],[-83.69797382233932,37.76418599998112],[-83.69801583365903,37.76416292646298],[-83.69806228155842,37.76413510229434],[-83.69809522894695,37.76409923293304],[-83.69812395756703,37.7640764790636],[-83.69818053461194,37.76404893352425],[-83.69825640845286,37.764040637016315],[-83.69832647877267,37.76405885719108],[-83.69838788573207,37.76408228413647],[-83.69844583098617,37.76411404142619],[-83.69847756403702,37.76415951720072],[-83.69852238266738,37.76419387621019],[-83.69859714870663,37.76421509017531],[-83.69866299204448,37.76423357614618],[-83.69871832211265,37.76425072857857],[-83.69879189446623,37.764263355037336],[-83.69886954670969,37.76429284506451],[-83.69892725272928,37.764317429253346],[-83.69899234804778,37.76431512866985],[-83.69906973310813,37.76432647318931],[-83.69913381586899,37.76429657247102],[-83.69920203588315,37.764289131389624],[-83.6992899261771,37.76435213044357],[-83.69933342714846,37.76440273131603],[-83.69939182834733,37.764441130310544],[-83.69942765821311,37.76444580211349],[-83.69945192968235,37.76445724085329],[-83.69950085603332,37.76446930348985],[-83.69956887691902,37.76446262119175],[-83.69967146166755,37.76448296966768],[-83.69972042433143,37.76452144898865],[-83.69974827514974,37.76456165095952],[-83.69978267635248,37.764603011753486],[-83.69982712909595,37.76461423825029],[-83.69987768212312,37.76459526242046],[-83.69991618941975,37.76458339204998],[-83.69995644780164,37.76455587556785],[-83.69995222569997,37.76451817582264],[-83.69988355181991,37.76447830821738],[-83.69982002760469,37.76444270957345],[-83.6997551987548,37.764389974873474],[-83.69974890966768,37.7643484510358],[-83.69975041295211,37.76431760074341],[-83.69973270366044,37.76427994511085],[-83.69971145736056,37.76423443631924],[-83.69968251088507,37.76418850118753],[-83.69965912251082,37.76413609637337],[-83.69962490443265,37.76409391316938],[-83.69958837575228,37.76405350569917],[-83.69955005387008,37.764025301637474],[-83.69950488267285,37.76400013881446],[-83.69945826451831,37.7639685192853],[-83.6994105893442,37.76393846211818],[-83.69935495196287,37.763924744785555],[-83.69928502339381,37.76391526098027],[-83.69921748502028,37.763892640505915],[-83.6991617628814,37.76385812215137],[-83.69911831420579,37.763833120816415],[-83.6990668327605,37.76379654040827],[-83.69901398337932,37.76376274715902],[-83.69896993851823,37.76371483595857],[-83.69892326896299,37.76367065524769],[-83.69888044971609,37.76362625060086],[-83.69887640628063,37.76357556034554],[-83.6988849025253,37.76352899141347],[-83.69891009372898,37.763465094047824],[-83.6989381860731,37.7634038005957],[-83.69896149879294,37.76335070998302],[-83.69898122274726,37.76330520940269],[-83.69901941671253,37.76325961654473],[-83.69905034120202,37.7632073094579],[-83.69906573554502,37.763150805442926],[-83.69907420146384,37.76311045110932],[-83.69905560803083,37.76310306972992],[-83.69902626250455,37.76310770027886],[-83.6989820567255,37.76313560359697],[-83.698936029992,37.763161495937794],[-83.69889174138181,37.76319029724244],[-83.69885374058438,37.76321407103891],[-83.69880809581278,37.76325072392193],[-83.6987662235312,37.763284096220445],[-83.698716818396,37.76330620457741],[-83.69866593855522,37.76334065076484],[-83.69862831081332,37.763359802992305],[-83.69858802273211,37.763395447937],[-83.69854815361589,37.763439370212936],[-83.6985178979283,37.763476366396425],[-83.69847359777805,37.7635044238012],[-83.69844634333168,37.76351155116875],[-83.69841383891819,37.76352881898165],[-83.69835565793987,37.76356203083779],[-83.69833759320888,37.76358347480595],[-83.69827968210632,37.763611326090164],[-83.69821768917146,37.76362062739858],[-83.6981580914069,37.763627027849395],[-83.69810031841044,37.76361763566859],[-83.69804870312896,37.763613654924164],[-83.69800323260903,37.76362559327867],[-83.69795222481113,37.76363775488912],[-83.6978763289791,37.7636582918292],[-83.69778169483233,37.763692778520465],[-83.6976931284919,37.7637267798583],[-83.69763898979824,37.763737290519416],[-83.69757779276489,37.763739452930125],[-83.69753662241583,37.76371738836079],[-83.69747466069083,37.76370929084998],[-83.69741565671859,37.76371806081548],[-83.69733142002211,37.763731786868],[-83.69725723292665,37.76373071922108],[-83.69717847705311,37.76373490993953],[-83.6971055355585,37.76374927833732],[-83.69704043878816,37.76377343809646],[-83.69697748082474,37.76378322120199],[-83.69692385108355,37.7637871602691],[-83.69685891768411,37.76379170127844],[-83.69678465366967,37.76378120112253],[-83.6967346462338,37.76377835464678],[-83.69668010195608,37.76376843234738],[-83.69665400192825,37.763772647646796],[-83.69662285764682,37.76376835156384],[-83.69656560350728,37.763762318606716],[-83.69650495835957,37.76376160694547],[-83.69646617682426,37.76379007997784],[-83.69643983793935,37.76382510541099],[-83.69640059325336,37.76386684240343],[-83.69638713478844,37.763897829879106],[-83.69639143632739,37.76391498947479]]}},{"type":"Feature","properties":{"OBJECTID":34,"TRAIL_NAME":"Hood's Branch Trail 6","TRAIL_ID":"6","OWNER":"Parks","OWNTYPE":"STATE","OTHOWNTYPE":" ","MANAGER":"Parks","ADA_ACCESS":"No","LANDTYPE":"PUBLIC","SURFACE":"Natural","OTHSURFACE":" ","HIKING":"Yes","BIKING":"No","HORSE":"No","MOTORCYCLE":"No","ATV":"No","WATER_TRL":"No","DESCRIPTN":"Meandered through the woods from Natural Bridge down to the skylift parking lot.","RATING":null,"SCHEDULE":null,"TRAIL_MILE":3,"FEE":"No","DOGS":"NO","HYPERLINK":" ","TRAILHD_ID":null,"PUBLIC_NAME":"Natural Bridge","MAINTENANC":null,"MA_ID":null,"STATUS":null,"TRAIL_CONFIG":null,"BLAZE":null,"AGENCY":"Parks","CONTACT":"https://parks.ky.gov/contact-us/general-inquiries","XY_SOURCE":"from GPS","XY_ISSUES":null,"ATT_SOURCE":" ","ATT_ISSUES":null,"COMMENTS":null,"MODIFYDATE":null,"CREATEDATE":-2209161600000,"GlobalID":"{F36FB3F9-E55D-43BF-9B68-D2E3AE36588F}","Shape.STLength()":15556.444117247087,"rrgh_source":"ky-state-park-trails","rrgh_classification":"official-state-park-trail","rrgh_planner_eligible":true,"rrgh_part":0},"geometry":{"type":"LineString","coordinates":[[-83.6911541757641,37.78154425405006],[-83.69119994159601,37.78152596848969],[-83.69124720428147,37.781510906842605],[-83.69131368865665,37.78149563199531],[-83.69136823144004,37.78148942046302],[-83.69138908308464,37.781485117706744],[-83.6914067422523,37.781478355596086],[-83.69145091195487,37.78145671812614],[-83.69148966159848,37.78144250045109],[-83.69152325442552,37.78143278722755],[-83.69155305654739,37.78142631721023],[-83.69157813504805,37.78142272025963],[-83.69163620425607,37.78142201016859],[-83.69167050088332,37.781420289337504],[-83.69168870112455,37.781415831837485],[-83.69170021454072,37.781411255588424],[-83.69170368406621,37.781407480755895],[-83.69170194718734,37.78140117031882],[-83.69169757103853,37.781396687120754],[-83.69168572422203,37.781390155798974],[-83.69166244625394,37.78137862590645],[-83.69163375482677,37.78136993829222],[-83.69160447319236,37.78136438854232],[-83.69153116339152,37.78135397506253],[-83.69149509294768,37.78134560035986],[-83.69144867563523,37.78133087997082],[-83.69141634168363,37.78131882910345],[-83.69137836898439,37.781302151692444],[-83.6913514911406,37.78128742806267],[-83.69133640286199,37.781276382728215],[-83.69129512876577,37.78124095863671],[-83.69122970267668,37.781201059315144],[-83.69119016530442,37.78117951592048],[-83.6911042223738,37.781138259625386],[-83.69106853746354,37.781119698774766],[-83.69103353947628,37.78109811963242],[-83.69100561514304,37.78107617846709],[-83.6909904898036,37.7810609563264],[-83.69097566350493,37.78104282815112],[-83.69092339030271,37.78096418472447],[-83.69089732696945,37.78093205557907],[-83.69086266146905,37.78090109414372],[-83.69077616639736,37.78083645370825],[-83.69075771190984,37.780820142472976],[-83.69074256180193,37.78080433537948],[-83.6907056086294,37.78075685373475],[-83.69068582668822,37.780729000783026],[-83.69067574161309,37.780711034669714],[-83.690663487243,37.7806720222589],[-83.69065386848743,37.78065673023747],[-83.690626209746,37.78062444641835],[-83.69061782605804,37.780609297225105],[-83.69061444167042,37.78058978716699],[-83.6906162762426,37.780551238277766],[-83.69061538337193,37.780535840815205],[-83.69060868474133,37.78050433865575],[-83.69059788302374,37.780470280700555],[-83.69058012392804,37.78042714515732],[-83.69056139074183,37.780395005687694],[-83.69054987037376,37.78038128885044],[-83.69053462978802,37.78036749198223],[-83.69046196818361,37.78031672459218],[-83.69044663099734,37.78030418212528],[-83.69043449254912,37.780292015506326],[-83.69041038632436,37.7802621599902],[-83.69038877057989,37.78023010315223],[-83.690354615064,37.7801608885706],[-83.69032836487087,37.780128131501385],[-83.69032049696854,37.78011417477114],[-83.69031816649681,37.78009949152218],[-83.6903221423249,37.780064141022045],[-83.69032079880745,37.78004881564782],[-83.69031259224406,37.78002867589529],[-83.69029455902978,37.77999847076933],[-83.69028058549125,37.77997807225736],[-83.69024301749323,37.77992962748578],[-83.69021333970993,37.7798832852008],[-83.69015347870682,37.77977728774745],[-83.69012388333485,37.77973272842603],[-83.69008270255229,37.779679892860955],[-83.69006389874238,37.77965979004142],[-83.69001275881632,37.77961129021735],[-83.68998984674775,37.779582994586434],[-83.68997468748121,37.779555816018174],[-83.68995775903899,37.779517436497514],[-83.68994459614488,37.77948342428928],[-83.68993559423531,37.779454181980086],[-83.68992934982714,37.779425369089594],[-83.68992469608203,37.77939280665794],[-83.6899217751437,37.779325629069454],[-83.68990292347314,37.779259082590286],[-83.68990017152304,37.77922408426656],[-83.6899050894298,37.77914921771633],[-83.6899041759599,37.77911686379642],[-83.68989956546139,37.77908149749413],[-83.68989402548094,37.779054860768284],[-83.68988638309735,37.779030386167825],[-83.68987388032606,37.77899824160666],[-83.68984549843552,37.77893776698872],[-83.68980941532867,37.77887654210825],[-83.68979029559797,37.77885024597443],[-83.68974370894028,37.77879366754048],[-83.6897261305925,37.77876863740718],[-83.68970465336001,37.778730201526955],[-83.68968513542364,37.77868700653303],[-83.6896670500797,37.7786380753998],[-83.68964778144502,37.77857635234123],[-83.6896312242223,37.77851248943525],[-83.68960266932685,37.77844772587455],[-83.68958840651095,37.77839576531573],[-83.68958131791172,37.77837697075604],[-83.68957210006955,37.77836127870683],[-83.6895480716924,37.77832828411666],[-83.68954027066322,37.77831456044079],[-83.68952832012874,37.77828332728361],[-83.68952089607612,37.7782508725489],[-83.68951828739287,37.77821526094268],[-83.68952124301535,37.77817955050029],[-83.68952824372106,37.77815272540034],[-83.689546764626,37.77810469781253],[-83.68956203415843,37.77806202363303],[-83.6895725888834,37.77803769866327],[-83.68961057970017,37.77797560745428],[-83.68962201580177,37.777951640684016],[-83.68964688832882,37.77788795038107],[-83.6896561766912,37.77787037503872],[-83.68966648618505,37.77785552361777],[-83.68967905815444,37.777841780872855],[-83.68969519575981,37.777827648119825],[-83.68975862160998,37.77778208458816],[-83.68978188565855,37.777762994103874],[-83.68981267103642,37.77773393482873],[-83.68983237490835,37.77771276894927],[-83.68985556084378,37.77768438071744],[-83.68986718515941,37.77766450324701],[-83.68987135975816,37.77764712045072],[-83.68987021140286,37.77762689509292],[-83.68986535391714,37.77760723475802],[-83.68984999999518,37.77756086305619],[-83.68984560180036,37.77753897857087],[-83.68984137797402,37.77747839523503],[-83.68984972715207,37.77740018894155],[-83.68984818185113,37.77735735529921],[-83.68984251900802,37.77731883766491],[-83.68981748244931,37.77724365405541],[-83.68981361807809,37.7772200242512],[-83.68980829238515,37.777164118343016],[-83.68979741629958,37.77706770221928],[-83.68979065645738,37.77703987606262],[-83.68978113554036,37.77701580384329],[-83.68974815277495,37.77696275217957],[-83.68973981347101,37.776941218382696],[-83.6897338994007,37.7769163374671],[-83.6897239604812,37.77682763550846],[-83.68970979679376,37.776740868724744],[-83.68970465444843,37.77670065131788],[-83.68970243078996,37.77666050730415],[-83.68970412367204,37.77662452961183],[-83.68971359671995,37.77656698745734],[-83.68972297132217,37.77652887579409],[-83.68973262021423,37.7765034876685],[-83.68976451966469,37.776454612195955],[-83.6897931725162,37.77639035645975],[-83.68982754502429,37.7763150058983],[-83.68984652972954,37.776277016923885],[-83.68986750526969,37.776241371211455],[-83.68988959056857,37.77621073995547],[-83.68993602109713,37.77615918726902],[-83.6899683014624,37.776103873452456],[-83.69001585824007,37.7760527703773],[-83.69003466962546,37.7760266917306],[-83.69007079896593,37.7759665846674],[-83.69008862561203,37.77594280563181],[-83.69011825272914,37.775913537224795],[-83.6901284220203,37.77590126957581],[-83.69013643809308,37.775886353347516],[-83.69015152147277,37.775847562220605],[-83.69016785405559,37.77581716120599],[-83.69018524118376,37.77578935436194],[-83.69021302931391,37.77574988737601],[-83.6902366126974,37.775721139698845],[-83.69026062698165,37.77569746601265],[-83.69028558483065,37.775678541529274],[-83.69031135801427,37.775663560649384],[-83.69034363124344,37.77564811334883],[-83.6904158666935,37.77562220575093],[-83.69046343659548,37.77559813251524],[-83.69047650043643,37.7755881391244],[-83.69048489606247,37.77557786418637],[-83.69048972276659,37.7755669365351],[-83.69049260197413,37.77555409491789],[-83.69049334212154,37.7755401497936],[-83.69049185975295,37.775526501264274],[-83.69048866861536,37.775516682543824],[-83.69048274340336,37.77550605568251],[-83.69045468962071,37.77546997684004],[-83.69043503995695,37.77544582199253],[-83.69037828628542,37.77538548781785],[-83.69036441694077,37.77536681844608],[-83.6903546086745,37.775349087452945],[-83.6903429624019,37.77531799081962],[-83.69033483425102,37.77528406058783],[-83.69033109102452,37.77521590330898],[-83.69032711630503,37.77520080769881],[-83.69032058336973,37.77518447130867],[-83.69028611787289,37.77512097371236],[-83.69027469655501,37.77509304032744],[-83.69026979334667,37.77507080993589],[-83.690267448037,37.7750455128691],[-83.69026832133066,37.77493953425577],[-83.6902657888935,37.77491802065168],[-83.69026126585403,37.774898679085894],[-83.6902373372713,37.774841290252965],[-83.69023133590521,37.774823699096835],[-83.69022581786749,37.77479634295659],[-83.69021950998842,37.77474290950672],[-83.69019935117228,37.77461511768156],[-83.69019576105035,37.77457838591306],[-83.69019474750688,37.77454541245031],[-83.69019712651921,37.774491308657105],[-83.69019509774903,37.774475257439356],[-83.6901861657741,37.77443672840934],[-83.69018362506411,37.77441912294476],[-83.69018539043685,37.77435723946733],[-83.69018143958645,37.7743232847853],[-83.69016389441413,37.77424748768836],[-83.6901589206487,37.77421358487067],[-83.69015694451855,37.77417245654606],[-83.69015764473227,37.77413682133737],[-83.69016015144834,37.774115461655065],[-83.69016525125866,37.77409218682908],[-83.69019884713643,37.773990134636655],[-83.69020496767571,37.77396575021058],[-83.69020840608825,37.77394370114962],[-83.69021161414766,37.7738867728847],[-83.69021503419758,37.77387511902817],[-83.69022130808631,37.77386224586625],[-83.69024958622481,37.77382015197614],[-83.69025815533882,37.77380491482512],[-83.69026303270651,37.77378973172148],[-83.69026272064544,37.77377619595347],[-83.69025919866569,37.77376646360343],[-83.69025271495477,37.77375585754056],[-83.69022323742588,37.77372120875846],[-83.69021373051629,37.773707914555246],[-83.690192627537,37.77366859106079],[-83.69017442351144,37.77362802033587],[-83.69017054199865,37.773614116993194],[-83.69016916660264,37.77360157623739],[-83.69017130962207,37.7735886860254],[-83.69018216429487,37.773559449869246],[-83.69018331873053,37.773546376406664],[-83.69018084036166,37.77353527480576],[-83.69017468956943,37.773518487768115],[-83.69016411297218,37.77349563406701],[-83.69014471871338,37.77346235253219],[-83.69013152646092,37.77344224411882],[-83.69011511715871,37.773420916206646],[-83.69003629045278,37.773333072067715],[-83.69000524866914,37.77329226175673],[-83.68997349459352,37.773238812095144],[-83.68993623372062,37.77316617164501],[-83.68990293634056,37.77309444468206],[-83.68988493949374,37.77306349701621],[-83.68984027267823,37.77299671584608],[-83.68982203564784,37.77296661673629],[-83.68979866434735,37.7729232314089],[-83.68978354428663,37.77289108006962],[-83.6897686108799,37.77285098081142],[-83.68975643311444,37.772807589168],[-83.68974689553971,37.77276051851912],[-83.68973978856057,37.77270874725538],[-83.68973528637132,37.77263704001426],[-83.68973572138799,37.77260289739571],[-83.68973794716433,37.77256991875069],[-83.68974234931358,37.77252974850892],[-83.68974804057679,37.77250270872251],[-83.68975930807893,37.772471205630104],[-83.68977526248968,37.772438981280516],[-83.68981343297376,37.77238432231518],[-83.68982932995178,37.77235371566329],[-83.6898418568077,37.772317911627844],[-83.68985031529338,37.772282952520136],[-83.68986608950033,37.772201692876436],[-83.6898759928118,37.77216447645026],[-83.68988779058273,37.77213385545269],[-83.68990238863222,37.77210709471403],[-83.68992394312673,37.772075255827986],[-83.68994366385154,37.77205016214511],[-83.68998103743864,37.772014350746915],[-83.6899924645681,37.77200143230578],[-83.690009450857,37.771974114503266],[-83.6900256352774,37.77193755400216],[-83.6900334066823,37.77191424793363],[-83.6900424648563,37.771878870832694],[-83.69004658503422,37.771857306874026],[-83.69004889197211,37.77183293386722],[-83.69004949169232,37.771749655311844],[-83.69005138310892,37.77171847511153],[-83.6900568677434,37.77168784483928],[-83.69006632462732,37.77166110540114],[-83.69008144829967,37.77162961383628],[-83.69009478397848,37.77160993621723],[-83.69011234649702,37.77159290443624],[-83.69014231688561,37.771570403176746],[-83.69017999381836,37.77154539203939],[-83.69021932157175,37.77152379520704],[-83.690259331007,37.77150614162298],[-83.69029935741682,37.77149272042982],[-83.69039044469514,37.771475581809725],[-83.69043303101176,37.771463976003865],[-83.69045584112395,37.771453301885664],[-83.69047415686775,37.77143670910389],[-83.69049315550367,37.771409999012796],[-83.69049910909054,37.77139810200565],[-83.69050897840077,37.77137083693427],[-83.69051445474769,37.77136045904994],[-83.69052342422938,37.77134963588354],[-83.69053598473182,37.77133915705433],[-83.69060282314118,37.77130016283485],[-83.69061662317674,37.77128989116169],[-83.6906268032413,37.771279497218785],[-83.69063997691568,37.771261165822615],[-83.69065132603751,37.771241225899615],[-83.69066049247976,37.77122030604801],[-83.69066716365758,37.77119911720537],[-83.69067318629055,37.77117064321628],[-83.69067310616886,37.771150569046654],[-83.69066848121784,37.77113722171386],[-83.69065317771364,37.77111171449342],[-83.69064817256145,37.77110080219824],[-83.69064088032964,37.77107100606623],[-83.69063807093589,37.771037916769586],[-83.69064448711099,37.77098143943892],[-83.69064351245511,37.77096635756306],[-83.69063734361967,37.77092886585815],[-83.69063820139937,37.77090953517605],[-83.6906419015273,37.77089812989994],[-83.69064838166537,37.77088581825628],[-83.69067673082223,37.7708466588046],[-83.69068572193036,37.77083207543292],[-83.69070460673461,37.77079450083041],[-83.69071512655691,37.77076733965075],[-83.69071909348207,37.77074967008772],[-83.69072356064304,37.77071009018116],[-83.69072685115106,37.77069287406732],[-83.69073692703462,37.770666089695695],[-83.69076749392215,37.770606773063136],[-83.69077634978937,37.770578969203996],[-83.69077825702803,37.770559138996234],[-83.69077848294121,37.770500569184186],[-83.69078942792493,37.770447668995],[-83.69079173551113,37.7704301518213],[-83.69078825597632,37.7703847412851],[-83.69078908920773,37.770368925558365],[-83.6907935142319,37.770354059791494],[-83.6908079774677,37.7703234367081],[-83.69081282474954,37.770309942373466],[-83.69081830250798,37.77028306102638],[-83.69082077727784,37.770255534219764],[-83.69081992848581,37.770241820071746],[-83.69081432892234,37.77020886874948],[-83.69081478821722,37.770192476601366],[-83.69081869196738,37.770177446439696],[-83.6908248821147,37.77016221357233],[-83.69083311540267,37.770147377837624],[-83.69084303543059,37.77013358416428],[-83.69085898149493,37.770117462558645],[-83.69088579881992,37.770096404314906],[-83.69093072241692,37.770066630161466],[-83.6909554199078,37.77004307797183],[-83.69097472592709,37.77001804211835],[-83.69099202658654,37.76998436579282],[-83.69099791003987,37.769967137432836],[-83.69100174645267,37.76995019141059],[-83.69100346299192,37.76993394385563],[-83.69100307375503,37.76991847390921],[-83.69100058339036,37.76990394216397],[-83.69099601079404,37.76989045377509],[-83.69098911612208,37.769876836505915],[-83.69098807656812,37.769862387341895],[-83.69099394577867,37.76983726890046],[-83.69099954964038,37.769819030853725],[-83.69101864870474,37.769772717460604],[-83.69103175132474,37.769729278168164],[-83.69103775100373,37.76969794756786],[-83.69103771740735,37.7696339298803],[-83.69103955684658,37.76958588197742],[-83.69104215725073,37.76956136691433],[-83.69104770754969,37.7695386530072],[-83.69105645611485,37.769519468060345],[-83.69107448978369,37.76949515584105],[-83.69110288983475,37.76946663971385],[-83.69112043633909,37.769450546338305],[-83.6911328498647,37.76944181001105],[-83.69116138729304,37.76942984532464],[-83.69116919788178,37.769422181488025],[-83.69117471716692,37.76941144421103],[-83.69118268363539,37.769370774280105],[-83.69118524154264,37.769354735366186],[-83.69118909742083,37.76930823584417],[-83.69119684592056,37.769279472029964],[-83.69122242879175,37.76921338486512],[-83.69122681876551,37.769196396005825],[-83.69122887099839,37.76918085683323],[-83.69122861299981,37.7691655181095],[-83.69122495472564,37.76913114724991],[-83.69122508923103,37.769116395862525],[-83.69122773878834,37.769101241721145],[-83.69124039825336,37.76905358151699],[-83.691243161575,37.768997422306825],[-83.69124779866716,37.76897279075657],[-83.69125624169098,37.76894592738141],[-83.69129873747467,37.76884929161051],[-83.69131252334476,37.76880898143217],[-83.69131945868122,37.76876909309531],[-83.69132542324186,37.76875208136405],[-83.6913329801927,37.768739955991435],[-83.69134291031767,37.76872787889423],[-83.6913687565813,37.76870516386609],[-83.69139979517989,37.76868670477662],[-83.69143210090178,37.768674856197194],[-83.69144753120054,37.76867254619573],[-83.69148898815992,37.768671944754345],[-83.69150723858036,37.76866955589083],[-83.69152818046958,37.768662245141265],[-83.69157655504698,37.768638811726674],[-83.69165299523249,37.76861327722789],[-83.69171853553472,37.768595361552954],[-83.69177741498898,37.768582858888216],[-83.69184951731923,37.768572711367334],[-83.69189930634317,37.76856759722159],[-83.69192930830366,37.76856803754042],[-83.69196249940838,37.76857414473574],[-83.69199447057247,37.768584844320046],[-83.69201185141193,37.76859421316397],[-83.69205516934696,37.76862414157638],[-83.69208102182345,37.7686371324945],[-83.69210978571083,37.76864941051342],[-83.69217787522025,37.768672570011724],[-83.69221201008648,37.76868231188905],[-83.69223650319842,37.76868759491049],[-83.69228688867992,37.76869046053258],[-83.69230259346959,37.768692622863846],[-83.6923573688824,37.7687119919662],[-83.6923773967007,37.768713849841895],[-83.69243048243803,37.768713098803545],[-83.69246185236513,37.768717335242386],[-83.69249586925443,37.76872555638508],[-83.69260939982723,37.768764895653405],[-83.69265412208314,37.7687773866741],[-83.69272688153093,37.76879202147273],[-83.6927793947781,37.76879710894119],[-83.69281837514711,37.76879461239944],[-83.69280629463098,37.76877667752957],[-83.692787994587,37.76875794445872],[-83.69275156299297,37.76872960622328],[-83.69272493667228,37.76871081033967],[-83.69266022604023,37.76867072874027],[-83.69263254622214,37.76864988063447],[-83.69260267412099,37.76862423552646],[-83.69258879250776,37.76860718418429],[-83.69258371500396,37.76859394859771],[-83.69257934836372,37.768565583031425],[-83.69257612434119,37.768554043575314],[-83.69256917741095,37.768540429171615],[-83.69254774414642,37.76850910112807],[-83.6925397901228,37.76849438982897],[-83.69252902506446,37.768463891473615],[-83.69252397460538,37.76843643362156],[-83.69252454448579,37.768406760607455],[-83.69253099950602,37.768373391198615],[-83.69254300916998,37.768340124435774],[-83.69256133223784,37.76830625402227],[-83.69257245942188,37.76829118795513],[-83.69261096063403,37.76824666292853],[-83.69264575836868,37.76818783066242],[-83.6926740708989,37.76814980841229],[-83.69272042610378,37.76809560214913],[-83.69274650613349,37.768068735179895],[-83.69282315095813,37.76799857099985],[-83.69284314409872,37.76797584594994],[-83.69285793728832,37.767954035791476],[-83.69288477796071,37.767895252561274],[-83.6929023290788,37.76786396091542],[-83.69291664766384,37.76784658485015],[-83.69294154213352,37.767830350506074],[-83.69294851528915,37.767824113358415],[-83.69295228848944,37.767817742743944],[-83.6929544447066,37.76780983388472],[-83.69295533674494,37.76778073101298],[-83.69295709430533,37.76777017838848],[-83.69296649300088,37.76774454562516],[-83.69297891007031,37.767720092401476],[-83.69299383181183,37.76769782125382],[-83.69301082638867,37.76767836831104],[-83.69302704687847,37.76766424772452],[-83.69304746104332,37.76765017354602],[-83.6931091194959,37.76761688790029],[-83.69317297888689,37.76758855915735],[-83.69319503910508,37.767575346774166],[-83.69324191006702,37.767542208953415],[-83.69326467441549,37.76752944526158],[-83.69332404093986,37.76750668426667],[-83.69337465332883,37.76747082064668],[-83.69340590932522,37.767454249923986],[-83.69343369450354,37.767443132079094],[-83.69349152731772,37.76743074840672],[-83.69352492295091,37.767421543524826],[-83.69360218767933,37.76739608074371],[-83.69363769895796,37.767385918005594],[-83.69369449004394,37.76737289954205],[-83.69375248244344,37.76736130714441],[-83.69377596969895,37.767359265423444],[-83.6938023085833,37.76735890030121],[-83.69388026171082,37.76736337482805],[-83.69393803509463,37.76736834201402],[-83.6939653913212,37.76737332402945],[-83.69403022066606,37.76738971384422],[-83.69406392588971,37.76739390316602],[-83.69411283401172,37.76739226482273],[-83.69413956802525,37.76739587139406],[-83.69416666525825,37.76740276432454],[-83.69419427380139,37.76741708515971],[-83.69420533598232,37.76741896323265],[-83.69421782771401,37.76741321964892],[-83.6942311259616,37.76740097706291],[-83.69423421429919,37.767395502838816],[-83.69423510810564,37.76738925064018],[-83.69423381557611,37.76738217811091],[-83.6942303202791,37.76737419015719],[-83.6942187892063,37.76735762193077],[-83.69418888731725,37.76732324026304],[-83.69415749934723,37.76728906045056],[-83.69410382838076,37.76723802307754],[-83.69407949378069,37.76721834775367],[-83.69405548513623,37.76720143752625],[-83.6940159549982,37.76718025433276],[-83.69400187121671,37.767170598347484],[-83.69399266016406,37.76716103840989],[-83.69396886202343,37.767130083048166],[-83.69394102750468,37.767105445617545],[-83.69391430584008,37.76708803810084],[-83.6938984575102,37.767081447812885],[-83.69387922288135,37.76707672241677],[-83.6938015613447,37.76706839319824],[-83.69377081967926,37.76706176068999],[-83.6937252179239,37.76704210272122],[-83.69370688469908,37.767036523351365],[-83.69365262732455,37.767032960449306],[-83.69361977525003,37.76702699129261],[-83.69355213850238,37.76700823114243],[-83.69352234606389,37.767001828796],[-83.69347921892032,37.76699538026237],[-83.69344825274324,37.76699284910979],[-83.69337372387966,37.76699669401367],[-83.69326771248747,37.76699605786643],[-83.69315620124073,37.76698826962064],[-83.69307526315545,37.76697834616015],[-83.69304615436953,37.76697198057562],[-83.6929796978666,37.76695337297352],[-83.69294705550212,37.76694737182249],[-83.69288756677233,37.76694372151726],[-83.69283598972197,37.76694613729508],[-83.69280642992783,37.76694454620302],[-83.69278963184286,37.76694013011585],[-83.69277674996782,37.76693199566408],[-83.6927656777872,37.76692082568017],[-83.69275961394749,37.76690999549789],[-83.69275442956956,37.76689316986047],[-83.69275244530745,37.766882039455325],[-83.69275228068341,37.76687026824721],[-83.69275742226351,37.7668444195],[-83.69276921211458,37.76681601054304],[-83.6927929843464,37.76677233115113],[-83.69282530724944,37.76672339560865],[-83.69284181579704,37.76667618949851],[-83.6928557903559,37.766655758345955],[-83.69289902346948,37.76661213418481],[-83.69291480834951,37.76659099028889],[-83.69292501537896,37.76657075986713],[-83.69293353666545,37.76654945594353],[-83.69294432963534,37.76650761418011],[-83.6929536054329,37.76649005672682],[-83.69296703050571,37.76647329105309],[-83.69298469973721,37.76645719327711],[-83.69300685556288,37.76644154041102],[-83.69303100585964,37.766427566753336],[-83.69306007936277,37.76641316343779],[-83.69316403147126,37.76636853678277],[-83.69321920360692,37.76634588450983],[-83.69324126657922,37.7663318565908],[-83.69328174556153,37.76629841886452],[-83.6933001394569,37.7662854142766],[-83.69332771563258,37.76627132432225],[-83.69339587468156,37.766243577796324],[-83.69342453941017,37.76622708253723],[-83.69344539500452,37.7662101552327],[-83.69346546061175,37.76619042001657],[-83.69348461053222,37.766167998352714],[-83.69350263923126,37.76614312956835],[-83.6935318853671,37.766088975739684],[-83.69355343105241,37.766057950447646],[-83.69357484316163,37.76603176772965],[-83.69359695542063,37.766009413863074],[-83.69362002390675,37.76599065006243],[-83.69367034401778,37.7659603645722],[-83.69369818112855,37.76594027089474],[-83.69372028504972,37.7659220957056],[-83.693738382294,37.76590441392121],[-83.69375276357607,37.76588690658193],[-83.69376641281032,37.76586067578805],[-83.69377358022352,37.765851506626056],[-83.69378465441773,37.76584437898395],[-83.69381264945876,37.76583354309369],[-83.69382345265487,37.76582781322876],[-83.69383385351534,37.7658192119948],[-83.69385937314885,37.76579328313506],[-83.6938798181787,37.76577806289453],[-83.69390440300918,37.76576296212336],[-83.69397756367522,37.7657264531976],[-83.69405676176608,37.76569279453719],[-83.69420400931193,37.765644772890525],[-83.6942909468405,37.7656080817332],[-83.69437119728293,37.765567581470194],[-83.69441376784789,37.76554104665511],[-83.69443279410024,37.765531230871765],[-83.6944979045764,37.76551128799182],[-83.694559816184,37.76548081369487],[-83.69459929728684,37.76546596104703],[-83.69470068063488,37.76543433363888],[-83.69477886098345,37.765405340447],[-83.69483409819777,37.765382051524554],[-83.69490854227735,37.76534550576344],[-83.69496598964311,37.76531135760938],[-83.69502472677738,37.76526906683261],[-83.69504660481638,37.76525020310212],[-83.6950649025943,37.76523169887295],[-83.69510534797557,37.76517726370288],[-83.69512095295192,37.765162033516205],[-83.69516314033369,37.76513058365367],[-83.69517854916083,37.765116813470414],[-83.69518473302183,37.76510905490353],[-83.69518848452505,37.76510165869555],[-83.6951898818958,37.7650944675469],[-83.69518893783969,37.76508739958671],[-83.69518106790133,37.7650702473641],[-83.69517009261271,37.76505757792642],[-83.69515141702416,37.76504710805509],[-83.69513102034789,37.765042262745396],[-83.69511452575259,37.7650435074335],[-83.69509528845488,37.76504895363428],[-83.69508662023031,37.76505355359013],[-83.69507871081588,37.76506063616028],[-83.69505624774091,37.76509265860296],[-83.69504536978721,37.76510377114422],[-83.69502959749828,37.76511382128543],[-83.69500979319793,37.76512295121886],[-83.69492135680204,37.765153304125676],[-83.69483337083906,37.7651949478492],[-83.6947979697755,37.76520977236795],[-83.69475449543165,37.765225251091586],[-83.69472135849445,37.76523476689284],[-83.69468285838845,37.76524112800452],[-83.69460926723467,37.765246384672686],[-83.69458025339756,37.76524971549491],[-83.69453486063261,37.76525612662308],[-83.69451035448945,37.76526221131406],[-83.69449836004426,37.76526749928614],[-83.69447276965238,37.76528199938059],[-83.69446063173717,37.76528683321433],[-83.69444046414391,37.76529061222505],[-83.69440175107127,37.76529339123612],[-83.69433068941039,37.7652983360593],[-83.69426135456996,37.76529994121509],[-83.69419031685247,37.76529816066503],[-83.69415888039536,37.76529985962946],[-83.6940837656882,37.76530800096347],[-83.6940457895996,37.76530840904319],[-83.69400434353581,37.76530156743101],[-83.6939873164031,37.76530147118306],[-83.6939638423201,37.76530767088143],[-83.69394254694733,37.76531852053492],[-83.69393335617552,37.765327852205296],[-83.69391875100821,37.76535512258057],[-83.69390977086131,37.7653655080119],[-83.69388520797939,37.76537998316452],[-83.69385414451784,37.765390692424056],[-83.69382835552965,37.7653934020856],[-83.69379818053328,37.76538984983451],[-83.693765761451,37.765381170376514],[-83.69370495874611,37.76536021258718],[-83.69366170183423,37.76534528552837],[-83.69363283611114,37.7653319965422],[-83.6936133022427,37.76531898898491],[-83.69359422776895,37.765301769091],[-83.6935362444406,37.76523335802017],[-83.69349549611032,37.76518772223353],[-83.69345020240009,37.76513114841118],[-83.69343844506976,37.765111206261466],[-83.69343109981115,37.76509251476706],[-83.69342618606709,37.76506877980458],[-83.69342473369389,37.76504436306009],[-83.69342699954858,37.765020248874684],[-83.69343314695094,37.76499408429647],[-83.69343952366536,37.764981409587996],[-83.69346446432637,37.764947072539414],[-83.69346713682036,37.76493736286562],[-83.69346471980933,37.76492930738542],[-83.69345467950082,37.76491853354918],[-83.69344289592138,37.76491135709942],[-83.69342459402651,37.76490746925532],[-83.69340942354076,37.76490907973519],[-83.69340179649404,37.76491530192527],[-83.69339180952515,37.76493180885538],[-83.69338230710962,37.76495091225589],[-83.69336954462061,37.764995511924404],[-83.69336144932826,37.765014282645836],[-83.69335001314569,37.76503044542262],[-83.69331910257523,37.765065448989674],[-83.69330822257695,37.765082581312925],[-83.69330282876435,37.76509758571075],[-83.6932920447145,37.7651421478631],[-83.6932783886228,37.765176579285765],[-83.69326535077676,37.765197983901096],[-83.69324955557124,37.76521344215921],[-83.69320808794477,37.765244280429485],[-83.69313594294971,37.76531412600262],[-83.69311224799179,37.76533515903509],[-83.69306657237232,37.765370359069706],[-83.69302666602024,37.76541476917541],[-83.69299915312483,37.765437134869806],[-83.6929666500037,37.76545852179482],[-83.69293421957998,37.76547658532557],[-83.69290751608659,37.765487965060004],[-83.69287772160084,37.765496089780186],[-83.69283975159438,37.76550240253215],[-83.6927721950011,37.76550620593113],[-83.69272911078045,37.765514964522026],[-83.69271175909056,37.765516425684325],[-83.69268730344085,37.7655131625068],[-83.69264957242977,37.765502491405385],[-83.69261686577526,37.765492173410195],[-83.69258933991861,37.765481660466506],[-83.69256551897362,37.765470385481606],[-83.69254507766831,37.76545817828306],[-83.69252365748896,37.76544208609927],[-83.69250162267878,37.76543147434151],[-83.69248196439884,37.76542667909133],[-83.69244900787129,37.76542907905934],[-83.69242336769544,37.76542791608867],[-83.69240128754109,37.76542429521377],[-83.69235891869754,37.765407794809235],[-83.69233744217773,37.7654031147435],[-83.69231250669961,37.76540093028331],[-83.69220937604868,37.76540227646717],[-83.69208657673639,37.76539534748876],[-83.69200915690867,37.76538678043093],[-83.69193684916488,37.76537404411119],[-83.69187549521722,37.76535935319431],[-83.69179256030871,37.765333845802374],[-83.69176254123505,37.76532165743377],[-83.69173682022405,37.765308592485795],[-83.69168472937298,37.76527303369242],[-83.69165177165519,37.7652592097323],[-83.69158099378302,37.76523993965641],[-83.69155276268884,37.76523005282674],[-83.69152516728063,37.765216090144975],[-83.69146333620365,37.76517853650533],[-83.69143044903073,37.76516401337459],[-83.69138840252012,37.7651493209346],[-83.69136581881094,37.765143041728244],[-83.69134769101677,37.76514091913485],[-83.69133569337599,37.76514370378642],[-83.69132800399541,37.76515207986325],[-83.69132300204345,37.76516667226947],[-83.69132077843537,37.765187324574335],[-83.69132146610579,37.765212847794956],[-83.69132880653447,37.76524042596152],[-83.69132990750431,37.76524935193686],[-83.69132677903625,37.76526481876945],[-83.6913116049023,37.76530022073301],[-83.69130236845777,37.76533447446637],[-83.69129686529898,37.76536213134732],[-83.69129431160346,37.765387156407606],[-83.69129470960226,37.76541009051163],[-83.69129754031849,37.76543458632023],[-83.69130210179381,37.76545203436162],[-83.69131272473012,37.76547446154795],[-83.69132642780664,37.765492973379565],[-83.69134754013525,37.76551158857068],[-83.69137052530664,37.76552459708551],[-83.69138692783378,37.76552912848877],[-83.69143207374213,37.765535425909434],[-83.69145520101816,37.76554238295698],[-83.69148002294405,37.765552214184986],[-83.69155966151594,37.765591252604565],[-83.69160087145441,37.765610440454914],[-83.69162358603631,37.765622638522224],[-83.69167659214236,37.765660526922396],[-83.69174197049766,37.7656965923854],[-83.69177318110916,37.765718633807595],[-83.69184285258915,37.76577498122077],[-83.69186967608348,37.765793353852835],[-83.69194838786167,37.765842908440604],[-83.69197082922118,37.76585959909761],[-83.6919890579715,37.76587587782998],[-83.69200983048303,37.76589780716655],[-83.69202829596489,37.76591999153229],[-83.69204426531348,37.76594220284817],[-83.6920576281188,37.765964286101145],[-83.69206937797941,37.76598657146942],[-83.69207531938629,37.766002179660546],[-83.69207868405631,37.76602563973144],[-83.69207727979683,37.76605743742145],[-83.6920731204514,37.76608344022155],[-83.69206486287628,37.766113418625594],[-83.69205272043834,37.766145059783625],[-83.69203659528883,37.76617667001636],[-83.69201682610515,37.766207582389384],[-83.69199390555627,37.7662370235707],[-83.69197280889838,37.766257727668055],[-83.69191213336336,37.766304442285936],[-83.69188752403356,37.766327764404714],[-83.69186224156161,37.76636287395616],[-83.69185144129668,37.76637507737203],[-83.69183315616732,37.76638996509088],[-83.6918051098736,37.76640841965143],[-83.69178065666098,37.76642147002502],[-83.69175128750183,37.7664328343783],[-83.69171818561877,37.766442489109224],[-83.69162112847485,37.76646671040401],[-83.69159249578816,37.76647634451776],[-83.69156838134471,37.76648702496407],[-83.69153858410132,37.766504619828396],[-83.69147607504448,37.766547918936375],[-83.69144785421139,37.766563947276985],[-83.69141349647752,37.76657972713721],[-83.69138137614534,37.76659226436762],[-83.69134693026308,37.76660326941434],[-83.6913128326766,37.766611887657746],[-83.69124045777627,37.76662296195777],[-83.69116648824027,37.766636747708894],[-83.69110209554401,37.76665103695069],[-83.69104382807842,37.76666660000983],[-83.69099068295832,37.766683721411084],[-83.69093663145132,37.766704704512925],[-83.69086588047196,37.76673589150507],[-83.69082150753593,37.76675782142972],[-83.69072250677311,37.76681162947581],[-83.69067445625168,37.76683426313418],[-83.6906088888966,37.766860063186776],[-83.69056703324677,37.766873470894396],[-83.6905330177433,37.76688196583134],[-83.69050159641162,37.76688608330133],[-83.69042895085857,37.76688842178866],[-83.69039712705356,37.766891750050675],[-83.69032631725244,37.76690756395494],[-83.69025427913523,37.766917901812256],[-83.69017911473853,37.76692136493632],[-83.69014620667673,37.76692596623335],[-83.6900736517061,37.76694054250483],[-83.69004192783714,37.766944399921464],[-83.6900064484508,37.76694459448009],[-83.68992379684093,37.7669380515236],[-83.68988680417115,37.76693753891653],[-83.68985624775104,37.766940153237144],[-83.68978321935978,37.76695092151039],[-83.68974985049623,37.76695414349077],[-83.68967838298434,37.76695547290052],[-83.68961477385359,37.76695993231141],[-83.68954812844625,37.766967909895776],[-83.68947797018762,37.76697945897955],[-83.68940321991964,37.76699475557781],[-83.689301347875,37.767020520450295],[-83.68920651282016,37.767050842932015],[-83.68910853297922,37.767092897303],[-83.68907334616496,37.767105724231975],[-83.68904767689503,37.767111803914695],[-83.68897972183268,37.76712281360253],[-83.68896137753076,37.76712789941711],[-83.68894606785672,37.7671343041527],[-83.68891290562297,37.767158818876005],[-83.68889971865121,37.767165609035736],[-83.68888717751379,37.76716846952375],[-83.68885201958011,37.76717239012701],[-83.68881992518314,37.76718017114979],[-83.6887987726572,37.76718853543476],[-83.68877411151553,37.76720439371307],[-83.68876554182596,37.767212439750466],[-83.68875971704436,37.76722036021888],[-83.68875583979082,37.76723050005613],[-83.68875445770851,37.76724275793752],[-83.68875560211019,37.767256961361255],[-83.68875922844576,37.76727251441091],[-83.68876424876687,37.76728505235761],[-83.68877175323708,37.76729781213608],[-83.68878142376614,37.767310246758896],[-83.6887927049676,37.76732163662349],[-83.68881278287193,37.76733589645078],[-83.68884425806581,37.76735192114142],[-83.68885974700733,37.76735809758452],[-83.68887786542423,37.76736326094296],[-83.68895467789032,37.767377291354116],[-83.68898645191501,37.767386169873646],[-83.68904796184533,37.767413197757655],[-83.68912426040394,37.76743309720298],[-83.68914588121075,37.767441245370875],[-83.68916883863693,37.767452318948315],[-83.68926127185063,37.76750557080014],[-83.68928308390596,37.767515355945385],[-83.68930397472428,37.76752249683899],[-83.68935279200015,37.767534253541285],[-83.68936749839494,37.76754075386488],[-83.68938236079487,37.76755002340122],[-83.68942881467719,37.767588608266074],[-83.68944826706084,37.76760205163667],[-83.6895078873868,37.76763291308712],[-83.68957144154467,37.76765857455583],[-83.68963578032998,37.7676780413969],[-83.68967433483026,37.76769309789012],[-83.68970524822969,37.76770738871962],[-83.68973128505405,37.76772219730792],[-83.68975286135105,37.76773780101554],[-83.68977270173202,37.76775616008348],[-83.68979216980337,37.76777814945086],[-83.68981751510309,37.767810042583555],[-83.68982336432583,37.767821080988725],[-83.68982611623079,37.767831186587024],[-83.68982618051636,37.767840029577364],[-83.68982422875597,37.76785013181643],[-83.6898124552982,37.767881124392495],[-83.68980023757183,37.767907652700686],[-83.68978211328476,37.767938510813906],[-83.68975441195869,37.76797397596994],[-83.6897457862853,37.767987834117754],[-83.68973802317474,37.76800957416231],[-83.68973028599578,37.76804822143148],[-83.68972633691106,37.76808149679454],[-83.68972493823475,37.76816518194341],[-83.68972132276149,37.768188071590544],[-83.68971501709787,37.768208167866675],[-83.68970546057584,37.768230582430405],[-83.68969699663892,37.768245031143096],[-83.68968027339862,37.76826559034299],[-83.68966457078281,37.76827756907538],[-83.68965511853702,37.76828128619489],[-83.68964322944821,37.768283707386175],[-83.68959788300643,37.76828673315377],[-83.68956293769307,37.768288956854384],[-83.68948652953115,37.768290144992896],[-83.68945654674225,37.76829223087471],[-83.68939607545556,37.76830047997563],[-83.6893567287637,37.768309045201654],[-83.68933470104948,37.76831829640582],[-83.68932409863694,37.76832654538036],[-83.68930712379371,37.76834386681582],[-83.68928427612455,37.76836947578266],[-83.68923857623113,37.76843001924355],[-83.68921535810878,37.76845468496779],[-83.68916863329953,37.76849305743892],[-83.68914063400115,37.76852591049301],[-83.68912772932897,37.768537349641754],[-83.68909630829744,37.76855636483891],[-83.68908397043772,37.768560714288995],[-83.68907308540182,37.76856196775722],[-83.68906165415048,37.76855913224008],[-83.68903730410723,37.76854562391718],[-83.68902596238344,37.76854156774694],[-83.68900560064262,37.768538407863694],[-83.6889916785,37.7685392659106],[-83.68898042478753,37.76854348709088],[-83.68897037862972,37.7685499771366],[-83.68896619811387,37.76855545116252],[-83.68896443222111,37.768562823947335],[-83.68896729262045,37.768590919062504],[-83.68896668462733,37.768600718702274],[-83.68895638004904,37.76863205719623],[-83.68894512127481,37.76865081597326],[-83.68891358520301,37.76868784835996],[-83.68890204756728,37.76870472103892],[-83.68888193707706,37.76874955622489],[-83.68886564776305,37.76877757447479],[-83.688848908814,37.76880181131361],[-83.68883130778796,37.768822860189005],[-83.68881270476018,37.76884087729314],[-83.68879237694868,37.76885504010208],[-83.68874213624306,37.76888223096228],[-83.68872398064318,37.768895511929166],[-83.68870602612071,37.76891220324717],[-83.68869649857454,37.768924378008954],[-83.68868999252297,37.768940707975545],[-83.68868602368079,37.76896517591762],[-83.68868553215297,37.768983155673126],[-83.68868825481663,37.76900197185027],[-83.68869419156343,37.76902162503237],[-83.68870334511843,37.76904212455018],[-83.6887156780983,37.76906341806104],[-83.68873124579251,37.769085623502335],[-83.68875009706896,37.76910881834986],[-83.68877253956964,37.76913338281054],[-83.68879469785244,37.769153057345555],[-83.68886088653247,37.76920255154727],[-83.68888792833111,37.76922584944869],[-83.68890138077941,37.76924036416038],[-83.68891492129899,37.76926253443395],[-83.68892616650058,37.769290893106536],[-83.68893231226815,37.76931760120261],[-83.68893526182546,37.76935107890552],[-83.68893525460422,37.769380924877815],[-83.68893225606388,37.769405605245495],[-83.68892739335361,37.769421130122154],[-83.6889123035964,37.769454600483584],[-83.68890825634557,37.76946869323332],[-83.68890731223028,37.769496410454614],[-83.68890571665976,37.76950598016108],[-83.68888891717397,37.76953831332108],[-83.68888631159054,37.76955684251268],[-83.68888888628364,37.769577820397366],[-83.68889662901236,37.76960121979183],[-83.68890960737605,37.76962724742503],[-83.68892437094394,37.76964951847627],[-83.68894086917253,37.76966766592502],[-83.68895462785378,37.7696781413358],[-83.6889910656243,37.76970041405311],[-83.68900971173507,37.7697155865688],[-83.68905399038958,37.76975761374256],[-83.68906805947901,37.769768156022984],[-83.68908194758885,37.76977611258264],[-83.68909513159645,37.769781294051086],[-83.68911112790298,37.76978534777101],[-83.68918248506239,37.76979644921433],[-83.68920887968778,37.76980579971621],[-83.68924072109283,37.7698241697419],[-83.68925042933671,37.76983207551906],[-83.68925705297443,37.769839899308515],[-83.68926135265339,37.76984927924319],[-83.68926336236801,37.7698609073057],[-83.68926122516673,37.76989912272703],[-83.68925581606948,37.76992741670213],[-83.68923554777048,37.76998213146],[-83.68922930950237,37.77000510667788],[-83.68922458169413,37.77003891898009],[-83.6892224556014,37.77007573664832],[-83.6892228494739,37.770116372770296],[-83.68922579613202,37.77016480308748],[-83.68923033936352,37.77019741856177],[-83.68923087810137,37.77021156799356],[-83.68922856399506,37.77022712938431],[-83.68921922944526,37.770262604504694],[-83.68921392425044,37.77030506866602],[-83.68920977303013,37.77039922222326],[-83.68920425928343,37.770437996625986],[-83.6891992728355,37.77046369554667],[-83.6891946940708,37.770477686636774],[-83.6891832227654,37.77049821035662],[-83.68916814261503,37.77051646867937],[-83.68914905593999,37.7705344605053],[-83.68913452098106,37.77054186999502],[-83.68912641415466,37.77054255077857],[-83.68911662047154,37.770541110800245],[-83.68908135404767,37.770529512439595],[-83.68904833353578,37.77051833284406],[-83.68901333388007,37.77050287896954],[-83.68897784526257,37.77048430381207],[-83.68891415511378,37.77044801899795],[-83.68886238551787,37.77041768389955],[-83.68880156633969,37.77038654756691],[-83.68875138890137,37.77036604245421],[-83.68869422643498,37.77034924890791],[-83.68865843973258,37.77034392538059],[-83.68858401049671,37.77034041809026],[-83.68855285616908,37.77033709907075],[-83.68851264571761,37.770330167641696],[-83.68848395086968,37.77032347382913],[-83.68844749623305,37.77031206689668],[-83.6884195793887,37.77030017363081],[-83.68839506736268,37.77028523462774],[-83.68837134810478,37.77026572184236],[-83.68834821260202,37.770241491469314],[-83.68832471857141,37.77021156262484],[-83.68829598667719,37.77016285790719],[-83.68827242726623,37.770127805687125],[-83.68824696588716,37.77009364471708],[-83.68821975392737,37.77006057799492],[-83.68819094571958,37.77002879297711],[-83.68815114965844,37.7699893761602],[-83.68810822067115,37.76995151180724],[-83.68801566552584,37.76988263821423],[-83.68795899499418,37.76982656934863],[-83.68793362625509,37.769806510852064],[-83.68788161270429,37.76977856569653],[-83.68785746009873,37.769762126238625],[-83.68783020578975,37.76974086320503],[-83.68778521274521,37.769699895260665],[-83.6877625469047,37.76968407168388],[-83.68774336230155,37.7696733684926],[-83.68771699250321,37.769663384457914],[-83.6876793763069,37.769653826619745],[-83.68761544992341,37.769643969894865],[-83.68759081403822,37.76963687704219],[-83.68756459339406,37.76962682010985],[-83.68749631876307,37.76959320112743],[-83.68745056591375,37.769569589443314],[-83.68742450186627,37.76955453177722],[-83.68740248381383,37.76953904030964],[-83.6873853872278,37.76952331780018],[-83.6873770100173,37.76951213052453],[-83.68736064168894,37.76948372732073],[-83.68735025087138,37.769471988609254],[-83.68733435096236,37.769462050906306],[-83.68731291841357,37.76945427411921],[-83.68722933537083,37.76943821953621],[-83.68718652631992,37.769431478948334],[-83.6871686126401,37.76942577536226],[-83.68714519709027,37.76941072392452],[-83.68713631138176,37.76940212128839],[-83.68713006609244,37.76939347423669],[-83.68712739878107,37.76938373422395],[-83.68712758401128,37.7693601255547],[-83.687124648932,37.76935137460659],[-83.68711402125811,37.76933883299189],[-83.68710174435164,37.7693296747314],[-83.68709737489722,37.76932843585966],[-83.68709318850911,37.769329119570074],[-83.68708507608666,37.76933634141399],[-83.68707834877327,37.76934809513608],[-83.68705915829187,37.76938977832228],[-83.68705222751481,37.769400507417664],[-83.68704513383626,37.76940801902757],[-83.68702231321043,37.769423691683436],[-83.68698274137229,37.769444885442624],[-83.6869254788626,37.769472712305536],[-83.68687457313258,37.769492016859296],[-83.68684329992772,37.76950181924034],[-83.68682315213624,37.769505916746326],[-83.68681176892066,37.76950593259329],[-83.68679839214238,37.76950340360494],[-83.68675344097656,37.769487636687316],[-83.68673863808101,37.76948375017435],[-83.68672522271153,37.76948325070792],[-83.68671489441638,37.76948708794825],[-83.68670507746606,37.76949587464836],[-83.686695253395,37.769508819771644],[-83.68668997331885,37.769520920341996],[-83.68668264094163,37.76955331215383],[-83.68666540178582,37.76958936945185],[-83.68666305536651,37.76959987091575],[-83.68666244531249,37.76961171031224],[-83.68666805358703,37.76966058059621],[-83.68666712240523,37.76968158239113],[-83.6866620475474,37.76970309222854],[-83.6866605342714,37.769706314489504],[-83.68665913287124,37.76970642681779],[-83.68665653790792,37.76969724900695],[-83.686648690478,37.76962137126665],[-83.68664399730714,37.76959184375548],[-83.68663886470374,37.769577156521756],[-83.68663597587394,37.76957437537099],[-83.68663285523694,37.769574613949594],[-83.68662536676192,37.769581319333795],[-83.68661557938114,37.76959446076416],[-83.6865934476388,37.76963374753673],[-83.68658523059698,37.769649767930076],[-83.68658330314341,37.769658850061596],[-83.68658647513355,37.76967330247243],[-83.68659368949427,37.76968228604161],[-83.68661739667883,37.76968658577717],[-83.68662316675469,37.769689909178005],[-83.68662830718209,37.76969558214167],[-83.68664423163841,37.7697243909714],[-83.68664868286227,37.76972824787567],[-83.68665368111299,37.769729782463195],[-83.68666285243212,37.769728087841045],[-83.68668559938007,37.7697183034506],[-83.68669067120021,37.76971732642298],[-83.68669093755238,37.769719817991366],[-83.68668753146864,37.76972522306848],[-83.68666557141123,37.7697503003892],[-83.6866427077118,37.76977534791769],[-83.68660772973763,37.76980915004587],[-83.68656089216273,37.76985098852122],[-83.68650862917919,37.76989303365433],[-83.68648341322921,37.76991035928812],[-83.6864126009188,37.76995338652359],[-83.68639351178867,37.769967649486546],[-83.68637832946119,37.76998184285444],[-83.6863567118686,37.77000424011008],[-83.6863485296441,37.77001882690522],[-83.68634652931124,37.770036179075966],[-83.68634804250267,37.77004921781202],[-83.68635346400748,37.770063205124934],[-83.68638599667557,37.77011213552783],[-83.6863954195984,37.77013277024579],[-83.68640186167258,37.77016160054241],[-83.68640506465825,37.77019096329842],[-83.68640086965155,37.77022800027641],[-83.6864026646224,37.77024254857752],[-83.6864067698951,37.7702503147036],[-83.68642117758435,37.77026810572205],[-83.68642610851542,37.7702766396916],[-83.68643042496207,37.770291267958974],[-83.68643189858183,37.7703057504979],[-83.68643003954732,37.77031684224741],[-83.68641891825207,37.77034835814841],[-83.68641623366156,37.77036800295591],[-83.68641764121894,37.77038009375758],[-83.68643221292692,37.77039889628642],[-83.68643312258736,37.770403308257805],[-83.68642331710448,37.77040564179466],[-83.68640148767157,37.77040423366576],[-83.68637978250159,37.77039970525708],[-83.68636574763867,37.77039251068188],[-83.68635737091468,37.77037703568335],[-83.68635384041997,37.77037443306812],[-83.6863467263264,37.77037701306753],[-83.6863366567345,37.77038525935643],[-83.68633061270293,37.77039512323394],[-83.68632602405992,37.77041426569951],[-83.68632383301892,37.770429646870916],[-83.68632300757936,37.770467231713766],[-83.68631819734298,37.7705109954058],[-83.68631335782979,37.77053929494536],[-83.68630641945097,37.77056435551422],[-83.68629716680431,37.77058603399694],[-83.68627874460155,37.77061273212094],[-83.68623632068481,37.77065809604586],[-83.68622125913625,37.770676336035926],[-83.68620029033099,37.770705265820894],[-83.6861881278701,37.77072488703062],[-83.68617730694595,37.77074463838862],[-83.6861730824216,37.770757131652076],[-83.6861751801838,37.770777402433545],[-83.68617375282597,37.77078420944325],[-83.6861673794538,37.77079142456245],[-83.68615426023821,37.77080047398356],[-83.68612223470102,37.77081471862976],[-83.68611103727058,37.77082458069363],[-83.68610334677103,37.7708338832625],[-83.68610009168623,37.77084149319388],[-83.68610126046715,37.77084727913473],[-83.68610721551767,37.770852357600845],[-83.6861178282383,37.77085774626997],[-83.68612873001533,37.77085931417344],[-83.6861433803072,37.77085646131902],[-83.68616076100989,37.77084974636193],[-83.6861911041515,37.7708349968467],[-83.68619703202988,37.770833544481334],[-83.68619724184305,37.770835933041965],[-83.68619327848413,37.770840960960896],[-83.68617404015082,37.7708575862836],[-83.68614615028521,37.770877558297435],[-83.6861214325879,37.77089231735749],[-83.68608065713101,37.77090670051486],[-83.68606749625013,37.77091336399422],[-83.68605387307329,37.77092511945005],[-83.68603649589069,37.77094574033065],[-83.68602660536939,37.77096015557765],[-83.6860085401004,37.770993132750036],[-83.68599989617839,37.77100539890249],[-83.68598729727192,37.771017436961706],[-83.68595065831009,37.77104477387891],[-83.6859427279847,37.77105322431968],[-83.68593779648748,37.77106159674909],[-83.68593463689179,37.77107189340204],[-83.68593307383257,37.771083774176475],[-83.68593469575426,37.7711128083056],[-83.68594340284643,37.77114439296918],[-83.68594256580596,37.77117048391652],[-83.68594379652619,37.77117944213628],[-83.68594865285768,37.77118934780757],[-83.68596581625552,37.771213142413],[-83.6859742459194,37.77123145590378],[-83.68598060051359,37.77125120909081],[-83.68598486222248,37.771272347651404],[-83.68598701448899,37.77129479059891],[-83.68598704429817,37.77131850534373],[-83.68598494217377,37.77134327376248],[-83.68598072345571,37.77136889917356],[-83.6859744421722,37.77139504836115],[-83.6859627151462,37.77143316641439],[-83.68595062731468,37.77146180846775],[-83.68593625213545,37.771485531670955],[-83.68591932369227,37.771504537368095],[-83.68588944813685,37.77152734933272],[-83.68585627570918,37.77154479670025],[-83.68583695657254,37.771550804095455],[-83.68579448897162,37.771558686678404],[-83.68577693152375,37.771563249313374],[-83.68572382157778,37.77158472940333],[-83.68569460940783,37.7715916818572],[-83.68564855873741,37.77159875446863],[-83.68557464744072,37.771601975025476],[-83.68555864436172,37.77160442809569],[-83.68554523930734,37.77160856899617],[-83.6855036252073,37.77163379738396],[-83.68544299663397,37.771652257629604],[-83.68542299345674,37.77166218370436],[-83.68540245661252,37.77167559006267],[-83.68533878776789,37.771727862542846],[-83.68526607636473,37.77179171201117],[-83.68523663980737,37.77181445128747],[-83.68514471531452,37.77186819702307],[-83.68511502298796,37.77188799185315],[-83.68510081626644,37.771900967514085],[-83.68509197957098,37.771916095559305],[-83.68507900900198,37.77195385035672],[-83.68506853867667,37.77197299878257],[-83.68504067788685,37.77201682514398],[-83.68502977872788,37.7720390062871],[-83.68502235888418,37.77206148474759],[-83.68501396453848,37.77209500824498],[-83.68500083733569,37.772156411786625],[-83.68499665874266,37.77220169842836],[-83.68499672093917,37.77222600351144],[-83.68499860433131,37.77224199231316],[-83.68500367251346,37.772262671649344],[-83.68501029416822,37.77227580691178],[-83.68501842779092,37.77228322627222],[-83.68504471110336,37.77229757568061],[-83.68505412550184,37.77230538057402],[-83.68506409719109,37.77232376224184],[-83.68507002651147,37.772349991545404],[-83.6850701082318,37.772363741421486],[-83.68506475170325,37.77240259610549],[-83.68506563702071,37.772435230010046],[-83.68506851686256,37.77245732224775],[-83.68507431262525,37.77247605458475],[-83.68508324851952,37.77249134547632],[-83.68509343860029,37.77250157746783],[-83.68512737781144,37.772527993898706],[-83.68514360170772,37.77254451720649],[-83.68515137271842,37.77255572476119],[-83.6851570514253,37.77257265261628],[-83.68515775796112,37.772589377664005],[-83.68515276532932,37.77260215900967],[-83.68513086354157,37.77263282318711],[-83.68512006699666,37.772657324545236],[-83.68511659026889,37.772674034453765],[-83.6851192387177,37.77269207728935],[-83.68512992398249,37.77271930510726],[-83.68514889813825,37.77275677450032],[-83.68515960604817,37.77277213640472],[-83.68517126644831,37.77278546348532],[-83.68518374684781,37.77279628618208],[-83.68521708342612,37.77282059673873],[-83.68522553833878,37.772829073817576],[-83.68523244334487,37.772839381388565],[-83.68525245946367,37.77288489060096],[-83.68525908937028,37.77289376928788],[-83.68526710377778,37.772901183616206],[-83.68531744303003,37.77293135636385],[-83.68532567098467,37.77293888220623],[-83.68534282565216,37.7729601453127],[-83.68537410203746,37.772996315523656],[-83.68538459555812,37.773006335341584],[-83.68538906964983,37.77301401840243],[-83.68539220098,37.7730272274621],[-83.68539435570305,37.77304930898866]]}},{"type":"Feature","properties":{"OBJECTID":38,"TRAIL_NAME":"Low Gap Trail 10","TRAIL_ID":"10","OWNER":"Parks","OWNTYPE":"STATE","OTHOWNTYPE":" ","MANAGER":"Parks","ADA_ACCESS":"No","LANDTYPE":"PUBLIC","SURFACE":"Natural","OTHSURFACE":" ","HIKING":"Yes","BIKING":"No","HORSE":"No","MOTORCYCLE":"No","ATV":"No","WATER_TRL":"No","DESCRIPTN":"Follows an old logging road and connects to the Rock Garden Trail.","RATING":null,"SCHEDULE":null,"TRAIL_MILE":0.50367356,"FEE":"No","DOGS":"NO","HYPERLINK":" ","TRAILHD_ID":null,"PUBLIC_NAME":"Natural Bridge","MAINTENANC":null,"MA_ID":null,"STATUS":null,"TRAIL_CONFIG":null,"BLAZE":null,"AGENCY":"Parks","CONTACT":"https://parks.ky.gov/contact-us/general-inquiries","XY_SOURCE":"from GPS","XY_ISSUES":null,"ATT_SOURCE":" ","ATT_ISSUES":null,"COMMENTS":null,"MODIFYDATE":null,"CREATEDATE":-2209161600000,"GlobalID":"{642AC48D-2A6B-4371-8EC5-4F2B5E41EB90}","Shape.STLength()":2656.1812239120322,"rrgh_source":"ky-state-park-trails","rrgh_classification":"official-state-park-trail","rrgh_planner_eligible":true,"rrgh_part":0},"geometry":{"type":"LineString","coordinates":[[-83.68801421748307,37.78120485263483],[-83.68803420848921,37.78118905446371],[-83.68805561550381,37.781175025761655],[-83.68806962601685,37.78116805340464],[-83.68808670263,37.78116203751491],[-83.68816248955879,37.781143033311686],[-83.68817738115445,37.78113726181722],[-83.68818978576965,37.78113059233563],[-83.68822116084405,37.781109372634035],[-83.68823015129607,37.78110086831002],[-83.68823606807163,37.781092593648],[-83.68823992896573,37.781082281873694],[-83.68824150181653,37.78106987946692],[-83.68824082076296,37.781055328084506],[-83.68823784407778,37.78103769343457],[-83.68823321568478,37.78102467844112],[-83.68821789253204,37.78099743441153],[-83.68821273053192,37.78098519217142],[-83.68820834498182,37.780967064425354],[-83.68820528282522,37.78094549410074],[-83.68820439878469,37.78090399414751],[-83.68820648756859,37.78088841067349],[-83.68821711287157,37.78083859402733],[-83.68821949538427,37.78079645061478],[-83.68821653313512,37.780763894005815],[-83.68821211833935,37.78074671861334],[-83.68820513819784,37.780728064226],[-83.68818041606829,37.78067889381053],[-83.68816912656052,37.78066085747688],[-83.68813861766066,37.78061922658084],[-83.68812661665866,37.780597393133554],[-83.68812195162587,37.780583400203604],[-83.68811431558362,37.78054701308447],[-83.68810911728666,37.780530693425405],[-83.68809701843162,37.7805048190586],[-83.68808431685494,37.78048449297325],[-83.68806759883245,37.78046681957543],[-83.68802827329223,37.78043609686542],[-83.68801351687526,37.780422592248854],[-83.68800308519582,37.78041005560664],[-83.68799322097809,37.78039503652685],[-83.6879557093992,37.78032483530008],[-83.68794329104855,37.78030857903028],[-83.68792951605955,37.78029549384344],[-83.68787601661025,37.78026139326952],[-83.68786374125105,37.78024952536223],[-83.68783952405344,37.780219704894726],[-83.68782741640777,37.780207292955716],[-83.68781162919294,37.78019539396285],[-83.68777402445158,37.780171710507446],[-83.68776031643874,37.780161093067576],[-83.68774085393656,37.78013986558651],[-83.68773231570339,37.780132493131326],[-83.68770851633853,37.78011939299139],[-83.68770038084094,37.78011201444822],[-83.68769611526315,37.78010589255873],[-83.6876946976244,37.78009857983395],[-83.68769591672894,37.78008639465191],[-83.68769838957842,37.7800790894446],[-83.68770897920876,37.78005970695613],[-83.68770937648094,37.780055736145414],[-83.68770710273404,37.7800536964088],[-83.68768980806405,37.780054285270005],[-83.68767683244918,37.78005988142827],[-83.68765685277056,37.78007812086589],[-83.68764786866073,37.780084119637245],[-83.68763106909032,37.78009144166877],[-83.68761635885305,37.78009594036156],[-83.68760199245676,37.78009730151219],[-83.68758569758933,37.7800952145109],[-83.68753020933624,37.780077110977075],[-83.68750921111155,37.780072614915774],[-83.68745799121878,37.78006798795819],[-83.68742250276435,37.780069562397784],[-83.68740054307432,37.78007432198317],[-83.68736628889657,37.78008507021802],[-83.68735033029753,37.780091849996396],[-83.68730357653804,37.78011744060362],[-83.68728841450559,37.78012138823326],[-83.68727451035149,37.78012078950383],[-83.6872637817176,37.78011849020589],[-83.68725932712638,37.78011618258812],[-83.68725956343307,37.7801105538542],[-83.68726746253775,37.78009896240741],[-83.68727759766038,37.78008842920637],[-83.68729991512028,37.78007261996416],[-83.68731619073529,37.780062130732205],[-83.68733602757138,37.78005205856376],[-83.6874241846607,37.78001571009373],[-83.68744157713934,37.78000629045569],[-83.68745605857694,37.77999638865799],[-83.68750445837162,37.779951334430315],[-83.6875406322356,37.779924293403695],[-83.68757585758196,37.77990211295661],[-83.68761052468538,37.77988454910167],[-83.68764473572455,37.779871555620595],[-83.68772191445885,37.77985487247759],[-83.68775944086511,37.77984194903636],[-83.68779341496125,37.77982687249779],[-83.6878332536026,37.77980051057461],[-83.68784919240133,37.779792650106316],[-83.68788253724428,37.779784193530006],[-83.68791729217251,37.77978172710624],[-83.68793280784406,37.779783354650206],[-83.6879715926333,37.7797910036789],[-83.68803419183965,37.779795702240435],[-83.6880740288994,37.779803090679806],[-83.68811479214992,37.77981420216419],[-83.6881513681789,37.77982680305804],[-83.68817779290612,37.77983890231773],[-83.68819445254583,37.779849357671225],[-83.68821128363008,37.77986273796175],[-83.68825469324658,37.77990620218797],[-83.68828607748941,37.7799406629674],[-83.6883085925047,37.779970602114865],[-83.68834009332437,37.78003060217524],[-83.688351397892,37.78004598175151],[-83.68836592960184,37.780061825372584],[-83.68844414515476,37.780130132150504],[-83.68846097624959,37.78014749796068],[-83.68847389345945,37.78016410285402],[-83.6885086927847,37.780225301711226],[-83.68852204037988,37.780243105094506],[-83.6885685924846,37.780298601299556],[-83.68860633868132,37.780362634150876],[-83.68861911926678,37.780381702720945],[-83.68863395668245,37.78039883113114],[-83.6886732508363,37.780437693792365],[-83.6886893200219,37.78045870231749],[-83.68869688083774,37.780474140688284],[-83.68870955363414,37.78051071406482],[-83.6887166775329,37.78052650308834],[-83.68872743467426,37.780542897934474],[-83.68875515216715,37.780577920591654],[-83.6887648895258,37.78059360240283],[-83.68877219420554,37.780612690979225],[-83.68878282841504,37.78065603823708],[-83.68878959003409,37.780672702624265],[-83.68880386710555,37.780693104890574],[-83.68884261357044,37.780734862799505],[-83.68885458984712,37.78075270226953],[-83.68886088737312,37.780768437725236],[-83.68887064293628,37.7808039706632],[-83.68887622333446,37.78081740231911],[-83.68888634858911,37.78083338350244],[-83.68892083644175,37.78087820169269],[-83.68894087079859,37.780912883446824],[-83.6889517571883,37.78093900163569],[-83.68895556283228,37.780958849936006],[-83.68895915701768,37.7810134021172],[-83.68896809142326,37.781052456455846],[-83.68898011047091,37.78109009255748],[-83.68899504836466,37.7811257950745],[-83.68901275225565,37.78115920243815],[-83.68902386575003,37.781174837661794],[-83.68905638676685,37.78121294997103],[-83.68906375235935,37.78122431450525],[-83.68906855126149,37.78123500296859],[-83.68907212299833,37.78124861105737],[-83.68907411640983,37.78126403172001],[-83.68907368788278,37.78130390208108],[-83.68906995826796,37.78133898717594],[-83.68906324605571,37.78136900681507],[-83.6890532860683,37.78139512668079],[-83.68903997644865,37.7814175503441],[-83.68902665705137,37.781433658333306],[-83.6890083187098,37.78145205645658],[-83.68898693336399,37.781468703004485],[-83.68893043814626,37.781502269674775],[-83.6889073824832,37.78151918157009],[-83.68886328224475,37.78156438114729],[-83.68880796753332,37.78161659577576],[-83.68878786944255,37.78163098313768],[-83.68876798258913,37.78164138101515],[-83.68874836055944,37.781647627379165],[-83.68870019829694,37.7816566160288],[-83.6886796815765,37.78166239421536],[-83.68865710166973,37.78167199799663],[-83.68862675229222,37.781687354153576],[-83.68860466807602,37.781700096762904],[-83.68853635259701,37.78174386021531],[-83.68845627696133,37.781785636438244],[-83.68842533226403,37.781798382040186],[-83.6883961521128,37.78180761061605],[-83.68833964946407,37.781816509189724],[-83.68832045253376,37.781821510918995],[-83.68830253344301,37.7818307014662],[-83.6882669663974,37.781856219638605],[-83.68825145248205,37.78186384919625],[-83.68823729263656,37.78186758798385],[-83.68820405837164,37.78187295335708],[-83.68819085064302,37.781876832630914],[-83.68816901331691,37.7818882688746],[-83.68814025216669,37.78190905869455],[-83.68810155149525,37.78194305891198],[-83.68804015197618,37.78198113939673],[-83.6880020444032,37.78201125020027],[-83.68799015520393,37.78201667952581],[-83.68795536488605,37.782027770442944],[-83.6879478067886,37.7820322013014],[-83.68794355142188,37.78203735510109],[-83.68794258583858,37.78204435074011],[-83.68794743186797,37.782064178003196],[-83.68794701409965,37.78207286359127],[-83.68794223186866,37.78208314578673],[-83.68793557041329,37.78209156335013],[-83.68792377086852,37.78210016447191],[-83.68791851501987,37.78210998090487],[-83.68791667382503,37.78212364598804],[-83.68791867271392,37.78213185716549],[-83.68792450380572,37.78214023201963],[-83.6879339641961,37.782148464336494],[-83.68794650078058,37.78215606549896],[-83.6879615026658,37.7821625941119],[-83.68797738602035,37.78216729714735],[-83.68799267662153,37.78216974396297],[-83.6880062340095,37.782169754802524],[-83.68802578530763,37.78216587077625],[-83.68804612711675,37.78216576274551],[-83.68807882944827,37.782170371044145],[-83.68809621607437,37.78217429423306],[-83.68813995393641,37.78218768089274],[-83.68814949305948,37.78218924851876],[-83.68815565245148,37.78218857121011],[-83.6881586437475,37.78218506690947],[-83.68815738677584,37.78217841163114],[-83.68812455254907,37.78212475627198],[-83.6881197344481,37.78211101153267],[-83.68812002726041,37.78210040178171],[-83.6881250067068,37.78208975723361],[-83.68813367397995,37.78207818840756],[-83.6881651268314,37.7820486623772],[-83.68819519446085,37.782024954350504],[-83.68821992718617,37.78201181979735],[-83.68823606648093,37.78200817127755],[-83.68825532920549,37.78200822048666],[-83.68827547627487,37.782011182007324],[-83.68833198698101,37.78202298235546],[-83.68834870458387,37.782024713060224],[-83.68836332743899,37.78202449731612],[-83.68840753317491,37.782016500120804],[-83.68842272750298,37.782014996844886],[-83.68843960937305,37.78201618702375],[-83.68848050365658,37.78202465947389],[-83.6884991265281,37.78202639650053],[-83.68853958490757,37.782023605130746],[-83.68855651368042,37.78202026039007],[-83.68857122819236,37.782015618971776],[-83.68861302704671,37.78199057384517],[-83.68864151264118,37.781979999091185],[-83.68867062730794,37.78197335838649],[-83.68868979175586,37.781972117851225],[-83.68874502679498,37.78197385804423],[-83.6888241270564,37.781961359076895],[-83.6888503045353,37.78196244143323],[-83.68888381876526,37.781969204909],[-83.68892002610701,37.78197985006899],[-83.68899947504445,37.78200650672544],[-83.6890300995531,37.7820143048731],[-83.68904340779672,37.78201545346796],[-83.68905238344576,37.78201363605246],[-83.68905727384886,37.782008799346116],[-83.68905815270014,37.78200085919551],[-83.6890544896426,37.78198591111331],[-83.68904748146053,37.78196896373431],[-83.68904050321844,37.781959166438156],[-83.68902871323455,37.78194804181342],[-83.68900793362243,37.78193264967962],[-83.68896087893523,37.78190195014881],[-83.6889553108154,37.781896480420464],[-83.68895543591928,37.7818949512724],[-83.68895748407195,37.7818941580098],[-83.68898453878697,37.78189734469194],[-83.68902024041894,37.78190682236593],[-83.68903736965765,37.78191437484614],[-83.68905497275388,37.78192509485702],[-83.6891029364506,37.78196366576888],[-83.68912086582652,37.781980219923994],[-83.68915815726595,37.7820200003561],[-83.68917688492579,37.7820363577713],[-83.68920976507032,37.78205884720126],[-83.6892470942743,37.782079948954184],[-83.68927705850207,37.782094233379084],[-83.68930829937193,37.782106865775674],[-83.6893408168828,37.78211784614351],[-83.6893746110338,37.782127174482305]]}},{"type":"Feature","properties":{"OBJECTID":39,"TRAIL_NAME":"Sand Gap Trail 5","TRAIL_ID":"5","OWNER":"Parks","OWNTYPE":"STATE","OTHOWNTYPE":" ","MANAGER":"Parks","ADA_ACCESS":"No","LANDTYPE":"PUBLIC","SURFACE":"Natural","OTHSURFACE":" ","HIKING":"Yes","BIKING":"No","HORSE":"No","MOTORCYCLE":"No","ATV":"No","WATER_TRL":"No","DESCRIPTN":"Follows an old logging road and is easy walking along the ridgetop and meanders through the valley.","RATING":null,"SCHEDULE":null,"TRAIL_MILE":6.89214512,"FEE":"No","DOGS":"NO","HYPERLINK":" ","TRAILHD_ID":null,"PUBLIC_NAME":"Natural Bridge","MAINTENANC":null,"MA_ID":null,"STATUS":null,"TRAIL_CONFIG":null,"BLAZE":null,"AGENCY":"Parks","CONTACT":"https://parks.ky.gov/contact-us/general-inquiries","XY_SOURCE":"from GPS","XY_ISSUES":null,"ATT_SOURCE":" ","ATT_ISSUES":null,"COMMENTS":null,"MODIFYDATE":null,"CREATEDATE":-2209161600000,"GlobalID":"{52DA8333-DC9D-403D-9259-FEDA307C95E9}","Shape.STLength()":36366.9250234813,"rrgh_source":"ky-state-park-trails","rrgh_classification":"official-state-park-trail","rrgh_planner_eligible":true,"rrgh_part":0},"geometry":{"type":"LineString","coordinates":[[-83.69063954270062,37.78064031171898],[-83.69069362172601,37.780680459432794],[-83.69075117392414,37.7807168154736],[-83.69078754291687,37.78073586430268],[-83.69088995650985,37.78078342560671],[-83.69096217426376,37.78082543573757],[-83.69099326930639,37.78084097487925],[-83.69105818100952,37.78086496968633],[-83.69110842948116,37.780880843065475],[-83.6911620587806,37.78089550691256],[-83.69123271224332,37.78091196955924],[-83.69129353363206,37.780922700544394],[-83.6913358273191,37.78092767224514],[-83.69138143265631,37.780930996588516],[-83.69148739517911,37.78093299175006],[-83.69163673167421,37.780924829214236],[-83.69178613970996,37.780926062547884],[-83.6919035414029,37.7809176478986],[-83.69200456469586,37.78090630570508],[-83.6920471204224,37.7808987731331],[-83.69207970691411,37.78089123427114],[-83.69211520009299,37.78088031720497],[-83.69215435307166,37.780865571431384],[-83.6921877837521,37.780850838696004],[-83.69222598540648,37.780831695721744],[-83.69227436759702,37.78080430663581],[-83.69232490674732,37.780771675094556],[-83.69236974166452,37.7807392225],[-83.69241421245509,37.7807033061934],[-83.69246072285607,37.780660943943005],[-83.6925114219085,37.78060912718295],[-83.69253287616017,37.780584123885475],[-83.69258133993551,37.78052154466491],[-83.69260959438392,37.78049135175944],[-83.69263930034357,37.780465582949425],[-83.69267677243273,37.780436552431],[-83.69275510261043,37.78038375165774],[-83.69278924693836,37.780355166491205],[-83.69281457212324,37.78032986282667],[-83.6928588818267,37.78026723768507],[-83.69291426608957,37.78021520873374],[-83.69295370158869,37.78016825331185],[-83.69298788122111,37.78011747556932],[-83.69301371973154,37.78006507937525],[-83.6930252324221,37.780046376571576],[-83.69303967958916,37.7800296692341],[-83.69308422367821,37.77998610007564],[-83.69310644567705,37.77995886783416],[-83.69312804717619,37.77992931284734],[-83.69314445300212,37.77990219265709],[-83.69317577830876,37.77984056104367],[-83.69319117340953,37.77981598257867],[-83.69321178843161,37.7797903723188],[-83.69327698041334,37.77971880412923],[-83.6932946570907,37.7796946186155],[-83.69333195316338,37.779638564680326],[-83.69335055849562,37.779614028502806],[-83.69342304682434,37.77953699728953],[-83.6934398177742,37.77951415448521],[-83.69348184010059,37.77945041547255],[-83.6935857859146,37.779323559962194],[-83.69360706329024,37.779292566826456],[-83.69365264259919,37.77921995567718],[-83.69367626789007,37.77918699924633],[-83.69371680251523,37.77913837117233],[-83.69375892345133,37.77909358850869],[-83.6937811642006,37.77907327910973],[-83.6938361505918,37.77902788060112],[-83.69386030921873,37.77900438707231],[-83.69389493867268,37.77896183622708],[-83.69392703773983,37.7789133852265],[-83.69395866437578,37.77885280004204],[-83.69398437216134,37.7787968802958],[-83.69401591054536,37.778720384933344],[-83.69406377280181,37.77859497745646],[-83.69408110147279,37.778543051898275],[-83.69409530467293,37.77849462539868],[-83.69411464332758,37.77841531866359],[-83.69412389966175,37.77834313722583],[-83.6941285882559,37.77831838345399],[-83.69413563649908,37.77829595193113],[-83.69415515799979,37.77824652979126],[-83.6941614752214,37.778224734756876],[-83.69416490767705,37.77819963182217],[-83.69416646375261,37.77814158619583],[-83.69416928091238,37.77811587747213],[-83.6941759047766,37.77808971151993],[-83.69419939755893,37.77802442697576],[-83.69420744440309,37.777994044695184],[-83.69421053243497,37.77796683044553],[-83.69421242608814,37.77790629534813],[-83.6942157191156,37.777881295826305],[-83.69422646579235,37.777836447588044],[-83.69423913059178,37.777802763281294],[-83.69425259484747,37.77777866541939],[-83.69427740512694,37.77774216719095],[-83.69429567037224,37.77771781187194],[-83.69433937706428,37.77766502354085],[-83.69435649160717,37.777641519559],[-83.69437704773154,37.777605986515546],[-83.69441249080144,37.77753129619953],[-83.69442919512697,37.77750013025742],[-83.6944666457438,37.7774388170552],[-83.69449701196696,37.777396352752234],[-83.69452643214679,37.77736165244634],[-83.69455899153981,37.77732774331912],[-83.69458000089588,37.77730924216275],[-83.69463240681668,37.777268400965674],[-83.69465492481677,37.77724700703083],[-83.69467251322325,37.77722382161287],[-83.69470628133887,37.77716545229195],[-83.69472415115153,37.77714057818331],[-83.69474783956704,37.77711690470341],[-83.6948156199126,37.77706268567113],[-83.69484327449891,37.77703584629392],[-83.6948611684457,37.777012667520935],[-83.69490547111015,37.77694703498115],[-83.69494298927746,37.77690386842295],[-83.69495676958401,37.77688480885352],[-83.69497550699703,37.77684721381242],[-83.69498378299771,37.776824800841425],[-83.6949917809024,37.77679720131089],[-83.6949965628643,37.776769880302794],[-83.69500120590826,37.77670823362671],[-83.69500654940903,37.77668223613639],[-83.69501313628815,37.776664584843],[-83.69502269289416,37.776645615843755],[-83.69507074941848,37.776570912802725],[-83.69508781008474,37.776537363931475],[-83.69509925975152,37.7765053763429],[-83.6951115454186,37.776464216544035],[-83.69512508112253,37.77641071545539],[-83.69513462800167,37.77636045072266],[-83.69514053670943,37.77632041980711],[-83.69514218499393,37.77629389268541],[-83.69513987888688,37.77625806723898],[-83.69513309094631,37.77622149899042],[-83.69512328086005,37.776189751911645],[-83.69510813708781,37.77615338666456],[-83.69509872819604,37.77613610615746],[-83.69507261580273,37.77609579259864],[-83.69506273003228,37.77607455312617],[-83.6950567078672,37.7760502740718],[-83.69505173735881,37.77601297117469],[-83.69505076972685,37.77599266758878],[-83.69505255069588,37.775940966701775],[-83.69504851271888,37.77591373039072],[-83.69503979705301,37.77589349923759],[-83.69501498092862,37.77585343843591],[-83.6950061199832,37.7758358579947],[-83.69499701659282,37.775814137885305],[-83.69499386186068,37.77580106119378],[-83.69499477879052,37.77577869606328],[-83.6949973740843,37.77576548847351],[-83.69500848475944,37.77572779778274],[-83.69501195179068,37.77570045472645],[-83.6950135694431,37.775664079680105],[-83.69501332565416,37.775631352021186],[-83.69501106721836,37.775595032241995],[-83.69500077398754,37.77554124665437],[-83.69500033835055,37.77551834064553],[-83.6950062201408,37.775493212200416],[-83.69501719650135,37.77546682151798],[-83.69502581129903,37.77545320842907],[-83.69505014325118,37.77542395187675],[-83.69505943083134,37.77541031676261],[-83.6950718771142,37.775384927301126],[-83.69508103284566,37.77535912569876],[-83.69508763763652,37.7753292032654],[-83.69508964954369,37.775301475376594],[-83.69508783699702,37.775287408890435],[-83.69507933687625,37.77525521170668],[-83.69507843310244,37.77524026803979],[-83.69508376019243,37.77521612516387],[-83.6950958037014,37.775188322547194],[-83.6951072018784,37.77517017898294],[-83.6951298221427,37.775141253713045],[-83.6951567412455,37.77511073429508],[-83.69522272116345,37.77504580186462],[-83.69524799987833,37.77501583166058],[-83.69526789016221,37.77498738021746],[-83.69528336201466,37.77496219170127],[-83.69529975962698,37.77493110208058],[-83.69531040421278,37.77490533388837],[-83.69532117777159,37.7748624272217],[-83.6953276467787,37.77480061334291],[-83.69533360686327,37.77478061137893],[-83.69535164132245,37.77473657769015],[-83.69535678170807,37.77471698121034],[-83.69535818912057,37.77469470786397],[-83.69535559210703,37.77463351481726],[-83.69535848248574,37.7746086896202],[-83.69537008241022,37.774549632067384],[-83.69537360644736,37.77452274402908],[-83.6953753821509,37.77447876671875],[-83.69537417331426,37.774433835842],[-83.69536785529152,37.774368383007996],[-83.69536297730406,37.77434117231301],[-83.69535672133759,37.77431617232671],[-83.69533772766275,37.774263169394715],[-83.69531027140847,37.77420812587887],[-83.6952909293501,37.77417645261508],[-83.69526952761962,37.77414586167096],[-83.6952457807074,37.77411593040582],[-83.69522106927151,37.7740884429981],[-83.69519824164567,37.774065299744436],[-83.69518055334083,37.774049851813686],[-83.69513621837876,37.77402300400816],[-83.69512371602093,37.77401398463382],[-83.69510451029703,37.7739957814118],[-83.69508974589608,37.773977565435196],[-83.69507681589319,37.77395526060419],[-83.69506925593917,37.77393401762536],[-83.69506877624148,37.77392224679924],[-83.69507350118387,37.77389343362086],[-83.69507290771205,37.77388623703789],[-83.6950706715087,37.77388009252421],[-83.69505596995096,37.77386192013275],[-83.69502311273587,37.77383961618507],[-83.69500540387484,37.77381713092421],[-83.69499353417237,37.77379838380998],[-83.69498447376202,37.77378062633403],[-83.69497813269865,37.77376368048388],[-83.69497449363415,37.77374749310331],[-83.6949718481048,37.77373178142139],[-83.69497323061354,37.77372328281593],[-83.69498006424615,37.77371394746721],[-83.69498886837275,37.773707957967936],[-83.6950009245032,37.77370648969708],[-83.69501779127799,37.77370926752802],[-83.69502887238676,37.77371379503672],[-83.69504300473733,37.77372285328433],[-83.69505340737126,37.77373333937554],[-83.6950707109882,37.773761030789245],[-83.69508118942574,37.77377040472354],[-83.69509145468723,37.77377650839649],[-83.69509835816986,37.77377880003537],[-83.69510973754974,37.77377860910204],[-83.69511886072668,37.773775484877454],[-83.69512674014669,37.77376404403899],[-83.69512993845483,37.77375500955137],[-83.69513203248738,37.77373228402246],[-83.69513491872922,37.773722626878865],[-83.69514120848349,37.773713390363206],[-83.69516355103507,37.77368873864597],[-83.69517519209872,37.77366384863059],[-83.69518111535324,37.77365533288341],[-83.6951899943116,37.77364850967044],[-83.69521357458817,37.77363666108678],[-83.69522265233846,37.773630592760206],[-83.69523236168614,37.77362008862313],[-83.69525351380324,37.77358985598929],[-83.6952723064168,37.77357057771975],[-83.69529554952217,37.77355000129752],[-83.69531893260063,37.77353287335072],[-83.69539015935335,37.773487747049614],[-83.69544176459776,37.77344766115778],[-83.69547614744094,37.77341535149186],[-83.69550526629385,37.7733806357903],[-83.6955286123926,37.773345473937816],[-83.69553786125968,37.77332597990422],[-83.69555450492494,37.77327655231928],[-83.6955643349818,37.7732547755914],[-83.69557559294941,37.77323691973267],[-83.69560885222707,37.77319052991138],[-83.6956410255989,37.77313089544796],[-83.69565539376235,37.7731088494324],[-83.69568200382895,37.773078563074776],[-83.69572582495614,37.77303722278123],[-83.69574957350889,37.77301726236755],[-83.69580704138508,37.772973657623],[-83.69583170484529,37.77295184756587],[-83.69587233380517,37.77290758570656],[-83.69590633067743,37.77286205877659],[-83.69593121446063,37.772821867040534],[-83.69594630127418,37.77278953920416],[-83.69595379408747,37.77276636770448],[-83.69595854139592,37.77274465729246],[-83.69595859180586,37.77270653158424],[-83.69596053157991,37.77269336581265],[-83.6959698967821,37.77267034706977],[-83.69597758398069,37.77265889018004],[-83.6959856137918,37.772650265690544],[-83.69600416015143,37.77263932505956],[-83.69603732951134,37.772628616948474],[-83.69605402920132,37.77262506257857],[-83.69609408563204,37.772620792407245],[-83.69611151504984,37.77261753339818],[-83.69613686745114,37.772609583373416],[-83.69616877251093,37.77259691424035],[-83.6962069521621,37.77257856084061],[-83.69625768663006,37.77254946946255],[-83.69629878228852,37.7725237930888],[-83.69634228174544,37.77249394951669],[-83.69638508545826,37.77246209874356],[-83.69642366831211,37.772430639685965],[-83.69651531723203,37.772341712114375],[-83.69654654927228,37.772318138462566],[-83.69662063228245,37.77226905993835],[-83.69665021409638,37.772245850341356],[-83.69668114160716,37.77221723160464],[-83.69670454865626,37.77219242242262],[-83.69673599741625,37.77214766394857],[-83.69674696381396,37.772134195224154],[-83.69676551234635,37.77211599553645],[-83.69679040861644,37.77209485311818],[-83.69682845319298,37.77206622835502],[-83.696864455783,37.77204388742731],[-83.6969428868452,37.77200925801641],[-83.69697611673307,37.771992706026666],[-83.69699443699967,37.77198110333166],[-83.69700837352798,37.77196899957041],[-83.69702524011505,37.771951136137076],[-83.69706194566119,37.77190095205663],[-83.69707959828935,37.771882971435325],[-83.6971033102703,37.77186193131161],[-83.69715201880507,37.77182482962553],[-83.69720979066219,37.77179057467829],[-83.69722447201376,37.77177843449609],[-83.69726314032843,37.771741685215176],[-83.69731962116462,37.771704049789506],[-83.69733861209852,37.77168816648995],[-83.69735804693477,37.77166510405018],[-83.69737436058519,37.77163935986317],[-83.69738674212164,37.771612129073524],[-83.6973944517764,37.77158498397305],[-83.69739700024665,37.77156719674053],[-83.6973977027352,37.77154937040132],[-83.69739635779,37.7715357619486],[-83.6973888705051,37.77149705084433],[-83.69738791507521,37.7714663514682],[-83.69739009971256,37.77142655808881],[-83.69739554845114,37.77138055073026],[-83.69740175342197,37.77135219571733],[-83.69740880117585,37.77133342237798],[-83.69742008355432,37.771314468904336],[-83.69743380593617,37.771297781296546],[-83.69744403018247,37.7712890432464],[-83.69747796780807,37.77126539122333],[-83.69749384673206,37.77124957091754],[-83.69751383998921,37.77122616357837],[-83.69752731426965,37.771207949514135],[-83.69755561429763,37.771162549259614],[-83.6975698793812,37.77114267174316],[-83.69758379822717,37.771127335382616],[-83.69762076286449,37.77109159806422],[-83.6976367383919,37.77107165576721],[-83.69764209899667,37.77106064133715],[-83.6976523551393,37.77102985145162],[-83.69765714439554,37.771021886392354],[-83.69766315543437,37.77101581216515],[-83.69768123428298,37.77100442469611],[-83.69769835282789,37.77099892139947],[-83.69771387650883,37.770998284861484],[-83.69772369995897,37.771006478550675],[-83.6977264621916,37.7710118154918],[-83.6977273645232,37.771018580664325],[-83.69772361702569,37.7710375401668],[-83.69771860489064,37.77104563820379],[-83.69770075834569,37.77106314894456],[-83.69769758024752,37.77107195829466],[-83.6977010894682,37.771081955770626],[-83.6977095161642,37.77109336448818],[-83.69772010593239,37.77110263562569],[-83.69773185584242,37.77110906975526],[-83.69774375109729,37.77111262274644],[-83.69775508398062,37.77111385455767],[-83.69776602421753,37.771112504537975],[-83.69777959617994,37.77110835668856],[-83.69779177194684,37.77110298150173],[-83.69780124435003,37.771096814486235],[-83.69780822251066,37.77108944693101],[-83.69781627369274,37.771077057940346],[-83.69782192641493,37.77106377903703],[-83.69782804042521,37.77103142078074],[-83.69783303830508,37.77101770208334],[-83.69784050684662,37.7710075835185],[-83.69786392439788,37.77098407893173],[-83.69786839494029,37.77097715877581],[-83.69787049212786,37.77097055277317],[-83.69787010693021,37.77095557479485],[-83.69786521317502,37.77093922270276],[-83.69785603432857,37.77092279482288],[-83.69784502532225,37.770911871004266],[-83.69783225572432,37.77090497795794],[-83.69781936087767,37.770901301712605],[-83.69779524866364,37.77090248770128],[-83.69777229760481,37.77090711965646],[-83.69775052338582,37.77091498520376],[-83.69771527980434,37.7709381750335],[-83.69769823133227,37.77094513508446],[-83.6976891121158,37.770945644796384],[-83.69768302065478,37.77094099260755],[-83.69767644007887,37.77093044088374],[-83.69767149781983,37.77091392449674],[-83.69767222499677,37.77090498484363],[-83.6976794544754,37.77088538303364],[-83.69768092742562,37.77087667123896],[-83.69767903989053,37.77085997205528],[-83.69767233733184,37.770851156771954],[-83.69765946612755,37.77084156169881],[-83.69764519655236,37.77083366905061],[-83.6976338234894,37.770830698933366],[-83.69762330340787,37.77083129674292],[-83.69761281435822,37.77083417781199],[-83.69760462435694,37.770838826406454],[-83.69759668467353,37.77084594972296],[-83.69759105360875,37.77085348203176],[-83.69758735261519,37.77086161212518],[-83.69758696614208,37.770866922367276],[-83.69758922200663,37.77087963845711],[-83.69758802355118,37.7708849288002],[-83.69758175310888,37.770891843073144],[-83.69757288392057,37.770897192061454],[-83.69755644157551,37.77090041539866],[-83.6975400339162,37.770897634197695],[-83.69753529993639,37.770894397971325],[-83.69753125950992,37.77088930847779],[-83.6975262666111,37.7708750838434],[-83.69752767038462,37.770864168516226],[-83.69753492160416,37.77084915140323],[-83.69754059363062,37.77084185183211],[-83.69755788203756,37.7708265087369],[-83.69756422388724,37.7708190307899],[-83.69756745917083,37.77081090845628],[-83.69757140964816,37.77078882552505],[-83.69757402130183,37.77078382170103],[-83.69757782855457,37.77078041832623],[-83.6975911811492,37.770775828785176],[-83.69760941376671,37.770774195902014],[-83.69761817763411,37.77077587755842],[-83.6976381061688,37.77078381356647],[-83.69764704208693,37.77078442436025],[-83.69765861217442,37.77078006575468],[-83.69766800233667,37.77077328475474],[-83.69767001045338,37.770766456365514],[-83.69766601848433,37.770757212620985],[-83.69765643794473,37.77074585116912],[-83.6976386660397,37.77072932426315],[-83.6976242504163,37.7707198178348],[-83.69758646876903,37.770704139761136],[-83.69757158946938,37.77069564977792],[-83.69755508397003,37.77068309714076],[-83.69754666030992,37.77067371026152],[-83.69754047869594,37.77066016893976],[-83.69754244817997,37.770652031131505],[-83.69755016508954,37.770640528227],[-83.69755783834792,37.77063198239371],[-83.6975675212692,37.77062407402617],[-83.69758161451774,37.77061787321431],[-83.6976192420547,37.77061121218414],[-83.69763396472983,37.77060593894599],[-83.69765491767015,37.77059050920235],[-83.6976740728413,37.77056895726969],[-83.69768514402801,37.770548427050045],[-83.69769632144468,37.770513368038706],[-83.69770090685765,37.7704939559862],[-83.69770740761476,37.77045081493685],[-83.69771175388337,37.77043353648449],[-83.69773329406722,37.77038158951539],[-83.69774158346735,37.77034907451417],[-83.69774589508124,37.77031908573437],[-83.69774625652326,37.770291424466],[-83.69774266501734,37.77026605388324],[-83.69772335461136,37.77021507454065],[-83.69771001159658,37.770141360376975],[-83.69769999152507,37.770109317250395],[-83.69768790543621,37.770079049251756],[-83.69767540027887,37.77005264623758],[-83.69766408613012,37.77003324736023],[-83.69765147750351,37.77001543442139],[-83.69763980916682,37.77000195508133],[-83.69762513784781,37.76998828437272],[-83.69761090483422,37.76997777771591],[-83.69756542979646,37.769957530734075],[-83.69754860890664,37.7699465664698],[-83.6975320800877,37.769933450573035],[-83.69751513880185,37.76991727170638],[-83.69750213076867,37.769901506739785],[-83.69749706855828,37.76989236132447],[-83.69748820084902,37.769869855735536],[-83.69748181214963,37.769860165019445],[-83.6974667300086,37.769846775142355],[-83.69744736617318,37.76983500399736],[-83.69743028914885,37.76982798305639],[-83.6974084432541,37.76982181292487],[-83.6973695066184,37.76981782771179],[-83.69735749742657,37.76981535704953],[-83.69734723301741,37.76981037931641],[-83.6973245270587,37.769794225813854],[-83.69731179876237,37.769790403249225],[-83.69729958319294,37.769791555624494],[-83.69728351366095,37.76979587658492],[-83.697247210565,37.76981589243209],[-83.69722512848332,37.7698232276087],[-83.69720479141799,37.76982701049708],[-83.69718375720436,37.76982767600212],[-83.69717351296399,37.76982411745743],[-83.69716307055975,37.769817521552625],[-83.69715308419147,37.76980478823058],[-83.69714709894966,37.76978574422927],[-83.69714696157936,37.76977877529865],[-83.69714887110229,37.76977098559115],[-83.69716283460008,37.76974270797455],[-83.69716644020468,37.76973113175837],[-83.69716648384632,37.76971295801793],[-83.69715821490472,37.769671676164535],[-83.69715725130972,37.76965343346206],[-83.69716296771742,37.769617946358714],[-83.69717429389146,37.769585612429495],[-83.69718866117084,37.76955971127649],[-83.69721087031049,37.769536518389046],[-83.69722735685215,37.769524772411586],[-83.69726606510538,37.769504289717545],[-83.69728145640353,37.7694944794584],[-83.69729405549651,37.76948321066768],[-83.69732198429523,37.7694526263326],[-83.69733968552848,37.769439846692954],[-83.69735725464403,37.76943349580547],[-83.69739776143976,37.76942550974252],[-83.69741432657737,37.769420642702435],[-83.69744166211935,37.76941069189148],[-83.69745304389622,37.76940244626309],[-83.69745743671578,37.76939079064969],[-83.69745753806261,37.76937203216995],[-83.69745436257844,37.76936158060319],[-83.6974406492182,37.76933806289202],[-83.69743900367537,37.769327070559555],[-83.69744298268623,37.769315926418365],[-83.69745171915304,37.76930222385478],[-83.69746156271009,37.76929014451695],[-83.69747081525647,37.769282543775056],[-83.69747987521866,37.76927710068098],[-83.69748567821985,37.76927566437476],[-83.69749141415264,37.76927754393605],[-83.69749946533203,37.76928331263797],[-83.69750550548116,37.76929173181528],[-83.69751019625866,37.769311907257254],[-83.69751366699957,37.76931951307093],[-83.69752861397018,37.76933769535626],[-83.6975434812845,37.76934767643819],[-83.6975555523729,37.7693512313624],[-83.69757008349197,37.76935310512647],[-83.69758664389616,37.769351905784724],[-83.6976148582969,37.7693451383391],[-83.69764977515199,37.769335297393994],[-83.69769702929828,37.76931813540139],[-83.6977516613965,37.76929605503084],[-83.69779187313662,37.76927597264297],[-83.6978249885961,37.76925571686913],[-83.69785045796716,37.76923675660846],[-83.69787410926716,37.76921436405323],[-83.69789635347017,37.76918817205097],[-83.69791340166637,37.769162508277525],[-83.69793334494256,37.7691249739026],[-83.6979467769803,37.76909611258445],[-83.69796256145544,37.7690571426862],[-83.69797496830586,37.76901778920965],[-83.69799726687572,37.76892184803298],[-83.69800556645875,37.768896932281386],[-83.69801524143735,37.768875048362375],[-83.6980288189214,37.768852243650485],[-83.69806375545373,37.768802544416204],[-83.69807649797887,37.76877986691595],[-83.69808710792044,37.76875691134778],[-83.69809186846456,37.76874203867829],[-83.6980940661292,37.76872423152691],[-83.69809347874565,37.7687039116469],[-83.69808644968373,37.76867055381612],[-83.6980696045066,37.76863001817373],[-83.69803082621956,37.768563102584636],[-83.6980147385995,37.76852868619877],[-83.6980120370144,37.76851788043977],[-83.69801184062035,37.76850815345412],[-83.69801325048792,37.768497613409544],[-83.69801588309564,37.76849161547553],[-83.69802617172815,37.76848435385122],[-83.69804353345395,37.76847940383352],[-83.69806580650747,37.76847953760152],[-83.69808380871414,37.76848202315611],[-83.69810945009898,37.76848812158421],[-83.6981387044165,37.768496004400085],[-83.69815739819704,37.768503454574564],[-83.69817239237636,37.76851191692321],[-83.69818304933426,37.76852009090734],[-83.69819268407917,37.76853202643785],[-83.69820231642203,37.76855066114065],[-83.69820812160376,37.7685660463488],[-83.69821193052401,37.768582871423874],[-83.69821368960262,37.768600911775316],[-83.69821335774664,37.7686197629552],[-83.6982109195061,37.768636792791575],[-83.69820549147887,37.7686584314984],[-83.69820026854737,37.76867224470143],[-83.69818464301616,37.76870401219279],[-83.69817977094938,37.76871999780522],[-83.6981781316558,37.76873789176744],[-83.69817876156505,37.76876041102556],[-83.69818536890445,37.768801862977476],[-83.69819488434115,37.76883045924869],[-83.69822055708153,37.768884445485],[-83.69822956078164,37.76890702093649],[-83.69823807044847,37.768939116444685],[-83.69825170964913,37.769011498908164],[-83.69826047254949,37.76904201423514],[-83.69827342278886,37.76907242496241],[-83.6983152343745,37.76915579882361],[-83.69832863777762,37.76919127118252],[-83.69835425687566,37.76926965307402],[-83.69836629868907,37.76930085048837],[-83.69838813558546,37.76934923730361],[-83.69841023870292,37.76939274092231],[-83.6984321993485,37.76943133087092],[-83.6984561883392,37.76946967293563],[-83.69847476995723,37.769495945080756],[-83.69852503167033,37.76955970790658],[-83.69854649858443,37.769589628743596],[-83.69858774757503,37.76966421869768],[-83.69860665412844,37.769691981006574],[-83.69863339266487,37.76972147554618],[-83.69867327977636,37.76975885151674],[-83.69871658809303,37.769795232731276],[-83.69877129628874,37.769836178314975],[-83.69881876198076,37.76986973685542],[-83.69885245421612,37.769890408794346],[-83.69888438453728,37.76990531863678],[-83.69895911580238,37.76993247931783],[-83.69899068484365,37.76994621370104],[-83.69902215377145,37.76996432533715],[-83.69908840377965,37.77000863493838],[-83.69911835811875,37.77002521580057],[-83.69915540272183,37.77004241379266],[-83.69918255401456,37.77005250414127],[-83.69922055174203,37.77006295037746],[-83.69924906513111,37.770066501302445],[-83.69926789190198,37.77006573259792],[-83.69929191248619,37.77006250547407],[-83.69931515786007,37.77005782626675],[-83.6993376761312,37.77005147384804],[-83.69935320947009,37.77004511785821],[-83.699389084559,37.77002560329218],[-83.69940639901793,37.77001818579754],[-83.69943249365122,37.77001054765141],[-83.69945281668711,37.77001036076887],[-83.69949599053511,37.77001959730117],[-83.69951427966565,37.7700209933693],[-83.6995361253521,37.77001698957747],[-83.69958417922776,37.77000033104285],[-83.699605782351,37.769997435199244],[-83.69963013632217,37.769999275008686],[-83.69966347978394,37.770010440204025],[-83.69967915099957,37.77001075117133],[-83.6996915987754,37.77000842065865],[-83.69970292496214,37.77000317133345],[-83.69970952081398,37.76999730070431],[-83.6997109441833,37.769988616490714],[-83.69970664851623,37.76997444765754],[-83.69969501838575,37.76995621315375],[-83.69968419020731,37.76994454599946],[-83.69965482721665,37.76992015801552],[-83.69964441712182,37.769907237118964],[-83.69963694110493,37.76989479217603],[-83.69963574551527,37.769887700512925],[-83.6996392330871,37.76988092961809],[-83.69964681929387,37.76987349233844],[-83.69965737170513,37.769867455182954],[-83.69967007814849,37.76986370472396],[-83.69968323753032,37.7698630449633],[-83.69969682432458,37.76986505179695],[-83.69970326576838,37.769867943354],[-83.699708869056,37.769873075703764],[-83.69972435970001,37.76989912968428],[-83.69973293438893,37.76990821873695],[-83.69975051341056,37.769918759242266],[-83.69976205015507,37.76992210324289],[-83.69977147040068,37.769922728947506],[-83.6997868240492,37.76991801274547],[-83.69979778705631,37.769912055156645],[-83.69981275119865,37.76990071272104],[-83.69984660396557,37.76986706135435],[-83.69985907196418,37.769857062499696],[-83.69986739365676,37.76985344801914],[-83.69987460656372,37.769852631999306],[-83.69987824336677,37.76985566476198],[-83.69988084233937,37.76986349106767],[-83.69988088239539,37.76986929455126],[-83.69987805590625,37.769879660760076],[-83.6998688286504,37.76990370356087],[-83.69985174770619,37.76993131944637],[-83.6998271197567,37.76995927520286],[-83.69978838625217,37.769992010546005],[-83.69974541154617,37.77002051362895],[-83.69967138082392,37.77005978267231],[-83.6995927363365,37.77009860392786],[-83.69951262268124,37.77013317756474],[-83.6994289614497,37.7701666503546],[-83.6994008412431,37.77017564587102],[-83.69937495048097,37.770181884894505],[-83.69934417206629,37.77018594908275],[-83.69928027771383,37.770189079222476],[-83.69925346579649,37.77019169642357],[-83.69922314941212,37.77019723469636],[-83.69915705823365,37.77021257149339],[-83.69912903903676,37.770217386383756],[-83.69907122373571,37.77022075883019],[-83.69904870911228,37.770224177297465],[-83.69901825149263,37.77023348228183],[-83.69898065971337,37.770251991786594],[-83.69891620370109,37.77028982790661],[-83.6988409962716,37.770342529396984],[-83.69878428324986,37.77038476140889],[-83.69875261115503,37.77041411761745],[-83.69872815308182,37.770443613723785],[-83.698711740421,37.77046976239223],[-83.69870524307605,37.77048825668489],[-83.69869750785591,37.77053103693983],[-83.69869088189266,37.770547996053246],[-83.69868540861223,37.770558611772714],[-83.69868115020384,37.770563708343936],[-83.69867022266169,37.77056959294744],[-83.69865557903003,37.77057293358075],[-83.6986472775179,37.77057245511596],[-83.69862255060593,37.770566787347086],[-83.6986076854307,37.770567164034105],[-83.69859369366232,37.77056932911437],[-83.69856892747298,37.770578635976264],[-83.698556917954,37.77058582011138],[-83.6985470933489,37.770593786446575],[-83.69853878888692,37.77060250252649],[-83.69853476209954,37.7706093983794],[-83.6985335109277,37.77062210513343],[-83.69853573990764,37.77063015165923],[-83.69854030765167,37.77063812209975],[-83.69854628380746,37.7706441826583],[-83.69855765116725,37.77065232863028],[-83.69857907131279,37.77066570812938],[-83.69859697271494,37.77067242546331],[-83.6986107379974,37.77067479528448],[-83.69862128238154,37.7706748883815],[-83.69862717251355,37.77067317933538],[-83.69863275468929,37.77066941304452],[-83.69865085986068,37.77064769653416],[-83.69866011526504,37.77064084838814],[-83.69867587694836,37.77063695283554],[-83.69871043568709,37.770635514351554],[-83.69872413174446,37.77063355043327],[-83.69874165120856,37.770627693888365],[-83.69877735032254,37.77061086579829],[-83.69879354669376,37.77060473878063],[-83.69882540489928,37.770595933296605],[-83.69884913175996,37.77059215189951],[-83.69887983017725,37.77059309757712],[-83.69892768940495,37.770601405182504],[-83.6989585222044,37.77060927179825],[-83.69902465301234,37.77063201890978],[-83.69905311593192,37.77063873951831],[-83.699096069164,37.77064425041433],[-83.69913489296654,37.77064592454872],[-83.6991753374875,37.77064380392049],[-83.6992145965373,37.770638069961336],[-83.69923620077232,37.77063252008374],[-83.69929471307474,37.77061341300179],[-83.6993371621764,37.770603188704555],[-83.69936828103482,37.77059792839569],[-83.69942758955027,37.77059487400584],[-83.69949402843963,37.77060075147769],[-83.69951504566859,37.770601242157134],[-83.69955328538163,37.77059744825368],[-83.69960352031978,37.770587838900894],[-83.69964456721758,37.77057797026226],[-83.6996789577389,37.77056728374091],[-83.69970018725422,37.770558531965094],[-83.69975897627471,37.7705304080919],[-83.69985807264207,37.77049631928459],[-83.69989200558739,37.77047995427297],[-83.69996474691351,37.77043822251898],[-83.69999892575558,37.770422777487795],[-83.70002851565626,37.770413434366645],[-83.70012159632587,37.77038948984862],[-83.70020473040736,37.7703550761615],[-83.70023354916977,37.77034507020557],[-83.70029324303064,37.77033392959286],[-83.7003152719512,37.77032696483859],[-83.70035061562426,37.77030618958358],[-83.7004096896957,37.77025825836352],[-83.7004362177582,37.77024216562431],[-83.7004578315394,37.77023193542687],[-83.70048047725442,37.77022479671219],[-83.70051416558749,37.77021749430455],[-83.70058819679444,37.770207688691904],[-83.70062005806352,37.77019972687075],[-83.70064017847072,37.770191703462054],[-83.70066418633805,37.770175443198106],[-83.7006781934964,37.77016286459859],[-83.70069534477793,37.770144205976564],[-83.70070730450844,37.77012862391612],[-83.70073033607761,37.77009166899159],[-83.70074183783396,37.770075863280205],[-83.70076448499606,37.77004926485044],[-83.7007821753016,37.77003269918053],[-83.70080305314183,37.770018721150294],[-83.7008406329664,37.769998740151834],[-83.70092057165328,37.76996374183702],[-83.70094680372385,37.76995008313338],[-83.7009728996022,37.769933160929114],[-83.70099695334947,37.7699151932962],[-83.70102038070252,37.76989504602986],[-83.70103999086943,37.769875299106516],[-83.70105888011551,37.76985123670321],[-83.70108501391331,37.76981049876914],[-83.7011031964455,37.76977865868065],[-83.7011391578331,37.76970602039246],[-83.70115725838897,37.76967555868801],[-83.70120338931623,37.76961309837917],[-83.7012556563803,37.769554667576585],[-83.70127378593355,37.76953115743214],[-83.70128787057524,37.769506416793924],[-83.70132117831203,37.76943502883],[-83.70134955275982,37.76938950385489],[-83.70138769402716,37.76933535175203],[-83.70143384062919,37.76927571710004],[-83.70146286070255,37.76924214445062],[-83.70148380437108,37.7692226461842],[-83.70150106123931,37.769209069868324],[-83.70151326398009,37.76920223129519],[-83.70152454807857,37.769197789336616],[-83.70153158852513,37.76919661490785],[-83.70153690808827,37.769198049343125],[-83.7015422677979,37.76920200641279],[-83.70155474269397,37.76921900391473],[-83.70155978894783,37.76922923444943],[-83.70156459389082,37.76924553673153],[-83.70156856286513,37.76926689516892],[-83.70156991866183,37.769293325439904],[-83.70156873119984,37.769314565421304],[-83.7015643097445,37.7693455525081],[-83.7015530100925,37.76940070415029],[-83.70153016034985,37.76946455627926],[-83.70152440288953,37.76948442803237],[-83.70151450258416,37.76956012408782],[-83.70149410310216,37.76962462729727],[-83.70148258155596,37.76968919419863],[-83.70147245631236,37.76971406748849],[-83.70144520822929,37.76976280600483],[-83.7014353392665,37.769783879846365],[-83.70141844016189,37.76983144145272],[-83.7014093087618,37.769869872933036],[-83.7014055143973,37.769895243621775],[-83.70140519630202,37.76991207695462],[-83.70140905296051,37.76993507607193],[-83.70141663967398,37.769955222630735],[-83.70143128391707,37.769976555117935],[-83.70145416094654,37.769999085962795],[-83.7014763672999,37.77001512456326],[-83.70150919364352,37.770033490145515],[-83.70154276261233,37.77004948703506],[-83.70157459567207,37.770061411946564],[-83.70159361011132,37.770066030273576],[-83.7016383463608,37.770073204136395],[-83.70165757089796,37.770078585015405],[-83.70168867018984,37.770092126625805],[-83.70171073531465,37.770106282667804],[-83.70172394489315,37.7701195042647],[-83.70174031691693,37.77014136801116],[-83.70174952679538,37.77015653096802],[-83.70176620899898,37.7701909483509],[-83.70177432492764,37.77020393707892],[-83.70179175470001,37.770223783036],[-83.7018437940556,37.770272632574525],[-83.70186250465532,37.77029549308991],[-83.70190293580623,37.77035226973247],[-83.7019228073889,37.770377170941096],[-83.70194267411333,37.77039791078026],[-83.70199090886757,37.77044349895331],[-83.70201110719786,37.770465573455255],[-83.7020284173017,37.77048908712012],[-83.702072830704,37.77055740544158],[-83.70210115517092,37.770596219297246],[-83.70212030967882,37.77061733585936],[-83.70214132910829,37.77063506373709],[-83.70216619453507,37.77065246718847],[-83.702183138945,37.770661903536435],[-83.70222673248585,37.77068140989647],[-83.70224541307817,37.77069142286831],[-83.70228620217364,37.77072302359764],[-83.7023005450165,37.77073237158149],[-83.70231744213743,37.770739901539365],[-83.7023636094691,37.770754269806446],[-83.70238331629062,37.77076270445746],[-83.70241333113265,37.77078092599332],[-83.70243399828684,37.77079829056468],[-83.70244861426961,37.77081837223085],[-83.70246549435545,37.770853433385824],[-83.70247630714135,37.77088229619967],[-83.70249111532968,37.770941214244694],[-83.70249889484586,37.77096553061886],[-83.7025201834203,37.77101062576968],[-83.70252673980701,37.77102986672376],[-83.70252990073371,37.77105004722122],[-83.70253127749183,37.77107699364366],[-83.70252604335766,37.77113014774295],[-83.7025257270777,37.77114605830168],[-83.70252736095959,37.771171793652144],[-83.70253133412818,37.771187688100625],[-83.70254127278923,37.77120624931284],[-83.70255455354703,37.771221755726195],[-83.70256443018279,37.771228240268115],[-83.70259101809046,37.771240019066724],[-83.70260020006076,37.771247211237934],[-83.70260932187247,37.77126209339708],[-83.70261240242412,37.771276075918394],[-83.70260851936762,37.77128945703965],[-83.70259726019862,37.771305917154706],[-83.70258521166632,37.771317210086444],[-83.70256369617807,37.77133169185515],[-83.70254093727773,37.77134474549282],[-83.7025139010099,37.77135724330663],[-83.7024865092913,37.77136757267545],[-83.70245963143147,37.771375394012644],[-83.70241035397765,37.771384023259415],[-83.7023351406958,37.77138957078896],[-83.70225280015175,37.771390328865806],[-83.70217875566125,37.77138542603992],[-83.70213319548353,37.77138013904097],[-83.70210462779056,37.771374219773406],[-83.70204585647434,37.77135047852974],[-83.70196638919506,37.77132669661527],[-83.70193203283071,37.771309612253866],[-83.70186658313766,37.77126627436134],[-83.70183689711261,37.771249761466706],[-83.70179818906784,37.771233720331544],[-83.70169681858513,37.77119792220659],[-83.70162432892685,37.77116806296713],[-83.70157328141053,37.771144495503286],[-83.70153941083046,37.77112550120335],[-83.70146479181845,37.771077840750735],[-83.70142745112794,37.77105830576693],[-83.70138340694295,37.77104023100185],[-83.70133718673091,37.77102434561157],[-83.70129046990303,37.77101120893729],[-83.70124179655419,37.7710003442615],[-83.70117557513424,37.77098972746414],[-83.70111116749358,37.7709840941537],[-83.70104303656932,37.770983190587394],[-83.70097980754429,37.77098737061],[-83.70092717656225,37.77099516068605],[-83.70087358338837,37.77100692035385],[-83.70085041798343,37.77101407995701],[-83.70079715174302,37.77103399576679],[-83.70077007020976,37.77104121241043],[-83.70074474216119,37.77104398859655],[-83.70068727604547,37.771045157131894],[-83.70066383463022,37.771048244080866],[-83.70063277953419,37.77105691510918],[-83.70059003232667,37.77107293094756],[-83.7005268827549,37.77110051034412],[-83.7004768386691,37.77112896555515],[-83.70045239519585,37.77114514021375],[-83.70043934226494,37.77115649886405],[-83.7004300227435,37.77116836704857],[-83.70042154442032,37.77118290116489],[-83.70041121296761,37.77121192745539],[-83.70040678852429,37.77124367762562],[-83.7004073385881,37.77125986847577],[-83.70040974117752,37.771275904315736],[-83.70041813483414,37.771301464943434],[-83.700433669622,37.771330967119084],[-83.70044469869738,37.77134622459359],[-83.70048236351958,37.771389676544054],[-83.70049834258866,37.77141454336032],[-83.70051227893512,37.771440064302176],[-83.70052242431817,37.771467958079576],[-83.70053678590713,37.77153373948457],[-83.70054226310968,37.771548913405816],[-83.70054902486334,37.771562138891305],[-83.70056133111537,37.77158138038173],[-83.70057230142332,37.7715952210302],[-83.7006126207398,37.77162857686849],[-83.70062332795325,37.77164224118669],[-83.70063490070567,37.771660665547195],[-83.70064387698417,37.77168035875365],[-83.70065668074417,37.77172396998921],[-83.70066399466296,37.771742349827115],[-83.7006744571451,37.77176052400497],[-83.70070269065224,37.77180100332934],[-83.70071393483924,37.7718196379427],[-83.70074554918743,37.771894194763476],[-83.70076460814188,37.77193208274591],[-83.70078044422223,37.77195864068269],[-83.7008063488992,37.77199450157159],[-83.70083087592872,37.77202108624803],[-83.70086345485622,37.77204767415692],[-83.70089911645348,37.7720698293531],[-83.70093372856238,37.77208550236845],[-83.70097833712151,37.77210065467904],[-83.70107562349271,37.772121336558406],[-83.70113607929693,37.77214071396844],[-83.70116633919511,37.772153914262965],[-83.70119281138207,37.77216799904258],[-83.70122935551187,37.77219773918051],[-83.70124584492115,37.77220671527339],[-83.70125697029322,37.77221113945607],[-83.70126285829407,37.77221154426857],[-83.70127202095333,37.77220539059675],[-83.70127490271192,37.77219788929592],[-83.7012708337633,37.77217870511369],[-83.70127177878209,37.772171210370196],[-83.70128198495901,37.77215750686541],[-83.70129509604233,37.77214873902912],[-83.70131073508159,37.77214581635488],[-83.7013292605652,37.772147093924076],[-83.70134385751723,37.772152169294415],[-83.70135934562718,37.77216174289863],[-83.70137104337738,37.77217349699618],[-83.70138276815487,37.77219190730702],[-83.70138694122544,37.772201754340266],[-83.7013928793998,37.7722259492686],[-83.70139689974448,37.77223643549205],[-83.70140556030631,37.77225096098582],[-83.70141770269457,37.772267305894445],[-83.70143016508324,37.772280374426195],[-83.70144652928485,37.77229322498104],[-83.70151508338803,37.77233431849857],[-83.70154054450242,37.77235308145769],[-83.70157783897383,37.77238901683127],[-83.70159733872799,37.77241158661923],[-83.70160863465894,37.77242855486321],[-83.70161712244804,37.772447252906616],[-83.70162178414354,37.77246459039815],[-83.70162303730363,37.77248387472071],[-83.70162057013171,37.77250273875343],[-83.70161507254107,37.77251974340004],[-83.70160734123324,37.7725339876405],[-83.70159632294701,37.77254648736648],[-83.70157764111576,37.77256206634516],[-83.70155405830577,37.77257608737935],[-83.70149529768771,37.772599150068764],[-83.70147177622185,37.77261149087376],[-83.70145694399109,37.77262280141433],[-83.70142298039681,37.77265457866653],[-83.7014059706073,37.77266786463929],[-83.70138447771822,37.77267985602751],[-83.7013339590622,37.77270244847216],[-83.7013154287642,37.772713111933946],[-83.70129900581742,37.77272599774286],[-83.70126569010041,37.772757985233454],[-83.70124972948904,37.77277121609619],[-83.70121332821988,37.772797041024106],[-83.70118667741173,37.77281049836076],[-83.7011562273433,37.77281942010189],[-83.70112721078843,37.77282039782818],[-83.70111239935736,37.772817726050796],[-83.70109562985533,37.77281236775964],[-83.70106780350858,37.772794969661796],[-83.70105829865777,37.7727908942093],[-83.70103632761602,37.772788894327995],[-83.70100169983301,37.7727929232757],[-83.70096400914048,37.77280138727825],[-83.70092641347324,37.77281578918531],[-83.70091134472938,37.772824979169485],[-83.70087949041007,37.77285057950557],[-83.7008618910606,37.77285953575558],[-83.70084391230823,37.77286430221823],[-83.70082291385131,37.772867598565504],[-83.70080156540604,37.7728690880089],[-83.70078235815828,37.77286848860814],[-83.70076442305422,37.772865733197264],[-83.70074283725282,37.77286025333301],[-83.70070080009586,37.772844022306856],[-83.7006753712126,37.77283204252646],[-83.70059598436293,37.77278996386244],[-83.70048833979591,37.772748772043435],[-83.70041566465017,37.77270946169247],[-83.70039085209747,37.77269779913382],[-83.70035530411519,37.77268413967881],[-83.70032656561159,37.77267549122885],[-83.70029835267039,37.77266973539866],[-83.7002648255039,37.77266525959326],[-83.70023208382854,37.772662921662736],[-83.70019123683787,37.77266226666891],[-83.70014876439332,37.77266280310615],[-83.70011955578322,37.77266530038465],[-83.70007036139498,37.77267876984818],[-83.70005240276669,37.772681256065525],[-83.7000241677833,37.7726787008963],[-83.69998950899438,37.77266992084368],[-83.69997555652739,37.7726645034355],[-83.69996116714655,37.77265671129128],[-83.69991336847133,37.77262273187151],[-83.69989280290324,37.77261070284151],[-83.69983003376865,37.77258742760556],[-83.69980898965288,37.772577283055554],[-83.69979444330735,37.77256694285403],[-83.69975338636101,37.77253195021666],[-83.6997309181528,37.772518217243935],[-83.69969277043101,37.77249780926521],[-83.69964723081569,37.77247464267282],[-83.69959687144899,37.77245129991689],[-83.69947222901101,37.77239982412477],[-83.6994110488038,37.77237594418406],[-83.69937157738586,37.77236261337063],[-83.69932085485574,37.77234862452228],[-83.69927974931923,37.772340404827396],[-83.69925150563509,37.77233782283543],[-83.6991868415904,37.772337201667305],[-83.69915838340293,37.77233521951381],[-83.69913042873605,37.77233029147778],[-83.69906858891173,37.772315455214894],[-83.69904092389567,37.77231115220549],[-83.69897998047348,37.772308453954025],[-83.69894693805334,37.77230982472256],[-83.69892029045565,37.77231297505542],[-83.69888760019307,37.77232078742136],[-83.69884578918261,37.772335323391125],[-83.69879028980948,37.772358370951046],[-83.69877038948778,37.7723691578333],[-83.6987538176263,37.77238041220248],[-83.69872113698635,37.77241120237694],[-83.6987064431777,37.77242804047899],[-83.69866771289479,37.772477965107065],[-83.69857705212512,37.77256721528453],[-83.69852558149323,37.77262874446977],[-83.69850838135206,37.77265344155564],[-83.6984948853297,37.772676792092135],[-83.69847597495229,37.77271999683415],[-83.69847116312604,37.77273754821017],[-83.69846078904486,37.77279069481902],[-83.69845027320896,37.77282371535313],[-83.6984398992172,37.77284875122716],[-83.69842583886408,37.7728755328953],[-83.69841209814277,37.77289577807914],[-83.69839412880793,37.77291605636305],[-83.69837479789513,37.77293313888147],[-83.69835366436736,37.77294745073177],[-83.6983283934459,37.772960962190005],[-83.69825713700432,37.772985172938114],[-83.69824035597145,37.772994280518475],[-83.69818917627246,37.773027061832366],[-83.69816788968708,37.773036356071],[-83.69809867383482,37.77306198607284],[-83.69803282542621,37.7730992788025],[-83.69801203712383,37.7731095846437],[-83.6979757687866,37.77312221901169],[-83.69789605798522,37.77314161575706],[-83.69786276534685,37.77315186996945],[-83.69781922997352,37.77316907307453],[-83.69780136213674,37.77317933267381],[-83.69778830502175,37.77318904780809],[-83.69777583366601,37.77320294952883],[-83.69776104569458,37.77322629711748],[-83.6977536212307,37.773240824597956],[-83.69773352046147,37.77328965507655],[-83.69772247742891,37.773306369220826],[-83.69769001548808,37.77334618654136],[-83.69767713501447,37.77336513679964],[-83.69766549996946,37.773391929674],[-83.6976477662127,37.77345359222272],[-83.69763640315348,37.773477880685945],[-83.69762386503898,37.77349556271737],[-83.69758182093238,37.77354625942288],[-83.69756353773451,37.773572885765574],[-83.69755470549849,37.7735899029817],[-83.69754884076517,37.77360874131017],[-83.69754561247426,37.7736290493516],[-83.69754453844324,37.77364458630372],[-83.69754565753229,37.77365479301578],[-83.69755039036292,37.77366714601303],[-83.69755809957947,37.77367888571073],[-83.697567059464,37.77368764139299],[-83.69758189302972,37.77369841340684],[-83.69760321597735,37.77371091343497],[-83.69762832730302,37.77372186485939],[-83.697652770708,37.77372948828673],[-83.6976819493553,37.77373571171237],[-83.69771123598247,37.77373953842956],[-83.69774354116583,37.77374123569063],[-83.69780643688611,37.773737893208626],[-83.69782957201939,37.773740830593994],[-83.69785537230975,37.77374648038579],[-83.69788490806346,37.77375739527575],[-83.69795282853816,37.77379210312705],[-83.69802796092202,37.77381684861956],[-83.69805472987923,37.773827898460745],[-83.698080799896,37.773842446493795],[-83.69811724929347,37.77386621479009],[-83.6981663083933,37.77390101712187],[-83.69821109154512,37.77393733774769],[-83.69826145582023,37.773984974527345],[-83.69832499747054,37.77405833179454],[-83.6983608035408,37.7740941364832],[-83.69838684810567,37.77411490046334],[-83.69842359669227,37.77413606633597],[-83.69846352556014,37.77415264895569],[-83.69850010588303,37.77416232139077],[-83.69855323041443,37.77417103392132],[-83.69862542713955,37.77417821607308],[-83.69869880750775,37.77417939477163],[-83.69876784827535,37.77417561103339],[-83.69880541837065,37.77417073559951],[-83.69883204225714,37.77416492460273],[-83.69885335870256,37.77415842661403],[-83.6988672738541,37.77415233671485],[-83.69889020889342,37.774135352381684],[-83.69890916584207,37.774114765294144],[-83.69892630460932,37.774087788794105],[-83.69893082945458,37.77407598764725],[-83.698937571924,37.77404572241783],[-83.69894528144533,37.774031814203404],[-83.69895512760438,37.77402241284851],[-83.69896926136332,37.774012029827404],[-83.69898692274694,37.774002086403435],[-83.69901488040307,37.773989991305896],[-83.69904374285707,37.77397905950383],[-83.69907274207449,37.773970194217526],[-83.69910362423721,37.773962894605496],[-83.69913258733182,37.773958146547145],[-83.69916994040395,37.773955212995354],[-83.69924729245545,37.77395839566559],[-83.69928615644655,37.77395379315451],[-83.69931323958465,37.77394324387902],[-83.69932323525168,37.773940957965614],[-83.69934122942729,37.77394119047609],[-83.69935749419597,37.77394475150353],[-83.69936625420537,37.77394996318798],[-83.699381658622,37.77396587528808],[-83.69938939145489,37.77397150955254],[-83.69940159384393,37.77397599460019],[-83.69943954012109,37.77398455686568],[-83.6994578323642,37.773992632893695],[-83.69947976457915,37.77400459430459],[-83.69949766707312,37.77401759902015],[-83.69953478186812,37.7740521647813],[-83.69955543636713,37.77406498506866],[-83.69957607375876,37.77407135610472],[-83.69962536885,37.77407897907756],[-83.69964602547,37.774084286789275],[-83.69967856800889,37.774096418491105],[-83.69969693023525,37.77410739088755],[-83.69971318251461,37.77412495973973],[-83.69972180277401,37.774137756380455],[-83.69973370426392,37.774160075901065],[-83.69975511772428,37.77421247308491],[-83.6997658983739,37.774231655375914],[-83.69978248407058,37.77425038893097],[-83.69982701098074,37.774290523941694],[-83.69988894824942,37.77436252012218],[-83.69990967444309,37.774384585130655],[-83.69996049243551,37.77443115090288],[-83.70001158150805,37.77447114354088],[-83.70007000476495,37.77450953697769],[-83.70013146447985,37.774542179181935],[-83.70016037494088,37.77456149559604],[-83.70017782864717,37.77457678514963],[-83.70019022634582,37.77459206304168],[-83.70020012881223,37.77460849750855],[-83.70020741373665,37.77462606444859],[-83.70021161304071,37.77464360379285],[-83.70021221267875,37.77466404785342],[-83.70020837017148,37.774689512707155],[-83.70020443574009,37.77470111625862],[-83.70019104967693,37.77472845708121],[-83.70018810715682,37.77474234667507],[-83.70019208795728,37.77475825801275],[-83.70021078534964,37.77478985801135],[-83.70021621522638,37.77480359654974],[-83.70021900002196,37.774823439450444],[-83.70021955082534,37.774852060802274],[-83.70021710913304,37.77489860299593],[-83.70020925979495,37.77493585139286],[-83.7002028388152,37.77495496263017],[-83.70019673061894,37.774967544937496],[-83.70018310148754,37.77498573005423],[-83.70016888398484,37.77499536273684],[-83.70013874723327,37.77500837871126],[-83.70004985029759,37.775041118056656],[-83.70002361782737,37.77505436508149],[-83.69996272293109,37.77509118083723],[-83.69993366450727,37.775106278536164],[-83.69988494709955,37.77512619302408],[-83.6998271823853,37.775145833739366],[-83.69976392120947,37.77516423987892],[-83.69971220101263,37.77517551324482],[-83.69965466882473,37.77518318733219],[-83.69959856321573,37.77518622910485],[-83.69957168893818,37.77518487075715],[-83.69950810907889,37.775177105571046],[-83.69947686510356,37.77517712511251],[-83.69944804498155,37.775181418267],[-83.69940843181209,37.775190431840436],[-83.69934229414235,37.7752098576146],[-83.69927975527868,37.775234757335376],[-83.69924596095791,37.775251221237006],[-83.69922126024386,37.77526570747116],[-83.69920119306447,37.77528165491579],[-83.69916559062115,37.775317777156495],[-83.69914934538674,37.77533207843831],[-83.69912007378292,37.77535422824049],[-83.69909830469433,37.77536781901202],[-83.69906968496599,37.775380658363744],[-83.6990254745868,37.775395560996664],[-83.6989707290037,37.77540844698363],[-83.69895031618606,37.77541557361229],[-83.69893358610396,37.77542591568289],[-83.69890059521083,37.77545509065531],[-83.69888427722871,37.77546623152811],[-83.6988497450943,37.77548220270509],[-83.6988163102383,37.7754925341991],[-83.69878127884498,37.77549733287372],[-83.69873304913278,37.775498071556996],[-83.6986897749922,37.775495394394],[-83.69864009355872,37.77548835519105],[-83.69860820853927,37.7754812177861],[-83.69852425302527,37.77545752016681],[-83.69841764880613,37.775436959331614],[-83.69838974150946,37.77542874549433],[-83.69832905288847,37.775407689598985],[-83.69830257734594,37.775400255844716],[-83.69824584135992,37.77538942776723],[-83.69817397691561,37.775380564534075],[-83.6980951977822,37.77537486337093],[-83.69801604651028,37.77537488951467],[-83.69794401287801,37.775381287432765],[-83.69790042075805,37.77538768552236],[-83.6978729712093,37.77539466670849],[-83.69785325140091,37.775402331000265],[-83.69783568406439,37.775411092067415],[-83.69779430723972,37.77544307938321],[-83.69776973163627,37.775457126108634],[-83.6977424106471,37.775469728686566],[-83.69770292094051,37.7754835208057],[-83.69766021332269,37.77548863539704],[-83.69764576978558,37.77549270011263],[-83.69762685121061,37.775504925760266],[-83.69760944317699,37.77552321905024],[-83.69760037725784,37.77553959407446],[-83.69759127520692,37.775568229235205],[-83.69758311134318,37.77559897197799],[-83.69757926633082,37.77562600974495],[-83.69757836340673,37.775644052842935],[-83.69757932133237,37.775656434752634],[-83.69758378608651,37.77567396048616],[-83.69759058060436,37.77568773764027],[-83.69760359744151,37.77570117747096],[-83.69763162624619,37.775720320342195],[-83.69765759870305,37.775736698276276],[-83.6976905281189,37.775754505389074],[-83.69773030055346,37.77577350064076],[-83.69776566820843,37.775787342600985],[-83.69782540886587,37.775803881909226],[-83.69792868752874,37.775823218982666],[-83.6979792193733,37.7758374830514],[-83.69802743117387,37.77585440055427],[-83.69806130170242,37.775868669421335],[-83.69810234702216,37.775888168244904],[-83.69818389681254,37.775935116700325],[-83.69821061248055,37.775948872805756],[-83.69826648422539,37.77597161364871],[-83.69834483038206,37.77599764952154],[-83.69840069294231,37.77601427687785],[-83.69845644395473,37.776028826421495],[-83.69851583295326,37.77604215374652],[-83.69857372666885,37.77605296502027],[-83.69864355479142,37.77606308357543],[-83.69868517927193,37.77606578176812],[-83.69871948167165,37.776065490028216],[-83.69874989599072,37.776063060794215],[-83.69877317354042,37.77605917353944],[-83.69878818461935,37.776054578717634],[-83.69883299528264,37.77603680428611],[-83.69886471021094,37.77602931972106],[-83.6988954968889,37.77602475979949],[-83.6989186790294,37.77602397231922],[-83.69898339254536,37.77602651601022],[-83.69906938189501,37.776018713416235],[-83.69914704592648,37.77602362387628],[-83.69917539541032,37.77602189145723],[-83.69920764200663,37.77601794046242],[-83.69923882024912,37.77601215747258],[-83.699283642759,37.776001397822895],[-83.69934905794618,37.77598378665634],[-83.69940263279052,37.775966013329906],[-83.6994402129926,37.7759510812001],[-83.69947550625025,37.77593512103716],[-83.69954124659847,37.775899432116304],[-83.69959148675673,37.77586869155191],[-83.69963068461169,37.775841329237146],[-83.69964829949691,37.775826457101324],[-83.6996869908423,37.77578948201304],[-83.69970785702799,37.775773224615484],[-83.69973139679536,37.77576028390418],[-83.69978798214134,37.775735809792245],[-83.69980977069902,37.7757230981948],[-83.69983042483132,37.77570721501956],[-83.69984813087883,37.77569103323814],[-83.69988389838754,37.77564528149351],[-83.69990238915481,37.77562721504889],[-83.69991708954943,37.77561626367383],[-83.69993709060905,37.77560609170858],[-83.69995818765538,37.775599032598336],[-83.69998295629513,37.77559461777003],[-83.70000406854814,37.77559446838916],[-83.70002169320061,37.7755997067488],[-83.70005180769189,37.775616961695064],[-83.70006423695642,37.77562251686919],[-83.70011043561132,37.77563269098782],[-83.70012483527047,37.77563720884511],[-83.70016068592034,37.77565654698262],[-83.70017638855211,37.77566753678797],[-83.70019195989639,37.775681288116175],[-83.70024267179542,37.775737390963755],[-83.70026576170892,37.77575878201561],[-83.7003521644134,37.77581845264772],[-83.70041715047547,37.77587244766151],[-83.70044542993081,37.775898513867716],[-83.70046343819583,37.7759173184778],[-83.7004811501671,37.77593930001004],[-83.70049711705352,37.77596262466371],[-83.70051351148715,37.77599119347867],[-83.7005246923484,37.776016687473266],[-83.70052764486043,37.77602829441047],[-83.70053175264573,37.77605754442287],[-83.70053712772348,37.77607192654433],[-83.70055093069844,37.77609338468967],[-83.70055586731677,37.77609830808827],[-83.70055959566707,37.77609948510591],[-83.70056432847169,37.776093596635924],[-83.7005712979211,37.77607289179287],[-83.70057929948334,37.77604782005168],[-83.70058501353886,37.776019764753734],[-83.70058865993174,37.77598821195006],[-83.70059112651712,37.775945486684286],[-83.70059182138093,37.77590716902411],[-83.70059001186512,37.775875018920495],[-83.7005791807973,37.77582393470813],[-83.70057708430124,37.77580654519912],[-83.70057708515832,37.77577837487643],[-83.70058040791932,37.77575775274127],[-83.70059280365258,37.775728008073514],[-83.70060340203139,37.775709812918734],[-83.70061897733069,37.775687667689006],[-83.70064351348861,37.77565867419011],[-83.70068453191698,37.77561779259959],[-83.70071903010383,37.77558559760868],[-83.70076200110258,37.77554843881793],[-83.70082477951182,37.77549588211337],[-83.70086790378016,37.77546593096517],[-83.7008956727025,37.77544979941771],[-83.70091664548504,37.775439629976546],[-83.70098755231439,37.77541903819772],[-83.70101490438228,37.77540670348445],[-83.70103352026027,37.77539531420002],[-83.70105512428002,37.77537537983989],[-83.7010761179498,37.77534412831148],[-83.7010848760386,37.77533452401123],[-83.70109893106546,37.77532574640617],[-83.70114306448917,37.7753062560929],[-83.70116101817676,37.775293043194026],[-83.7012058873147,37.77525325617494],[-83.70122768499317,37.77523858728661],[-83.70129659208585,37.77519673332725],[-83.70132901868058,37.775173958433534],[-83.70134974132,37.77515750101228],[-83.70136881511463,37.77514026275743],[-83.70138148461872,37.77512661266758],[-83.70140660150733,37.77508541642267],[-83.70141949657533,37.77507201809974],[-83.70143415943345,37.77505974285025],[-83.70145145909277,37.775049245579794],[-83.70149683995662,37.7750279236484],[-83.70151800422688,37.77501474571637],[-83.7015651219059,37.77498171296878],[-83.7015894895254,37.77496761400775],[-83.70161758796668,37.77495454647119],[-83.70164335695661,37.77494452402907],[-83.70170224793203,37.77492868842356],[-83.70172022140838,37.77492011111062],[-83.70174537683158,37.77490545274112],[-83.70178299597151,37.774880969226295],[-83.70181546429585,37.77485550279464],[-83.70183002940317,37.77484115892864],[-83.70186226836343,37.77480285042577],[-83.70187858935228,37.77478636883325],[-83.70191003367738,37.77475972319231],[-83.7019342867644,37.77474414970389],[-83.7019496545609,37.77473767315753],[-83.70199622871446,37.77472243317884],[-83.70201442626988,37.77471328350598],[-83.70205702190849,37.77468699287695],[-83.70207757559174,37.774676360012776],[-83.7021160616319,37.77465962759615],[-83.7021414085734,37.774653389350355],[-83.70216385954244,37.774652513474955],[-83.70218563095085,37.774654739254565],[-83.70219901255793,37.77465864164867],[-83.7022338696351,37.77467336967238],[-83.70225933952253,37.77467966484785],[-83.70229113176606,37.774685140904865],[-83.70233951289119,37.774689884931334],[-83.70239135331269,37.774690390815],[-83.70243511136742,37.774687010444964],[-83.70249322092631,37.77467852634142],[-83.70255248113787,37.77466717757712],[-83.70261305603462,37.77465219577163],[-83.70267425688563,37.77463357805547],[-83.70271492987504,37.77461252070037],[-83.70272936444694,37.77460655623707],[-83.70275037039015,37.77460043560148],[-83.70276687366638,37.77459765067223],[-83.70280200732387,37.774599062868155],[-83.7028621188791,37.77461106009395],[-83.70288595744604,37.77461104290559],[-83.7029361951353,37.77460493778341],[-83.70295776289885,37.774603961781594],[-83.70298603135147,37.774606478228876],[-83.7030491710172,37.774618075753956],[-83.70307745131078,37.774621299899586],[-83.7031305891473,37.77462202652818],[-83.70318607808015,37.77461859492095],[-83.70324187359995,37.7746110064088],[-83.70329578124701,37.77459941362696],[-83.70332413146306,37.77459064429475],[-83.70340718648455,37.77456005369625],[-83.70345306340784,37.77454743895794],[-83.70349666302252,37.77453740889681],[-83.70354234282684,37.77452898355887],[-83.70358549039953,37.774523051578996],[-83.70364843980018,37.774519961415294],[-83.70367105855861,37.774517422991025],[-83.70369285511553,37.77451208303554],[-83.70373904664555,37.774496591981816],[-83.7037576867309,37.77449220847324],[-83.70379944266183,37.77448612073714],[-83.70382818553581,37.77448636341846],[-83.70384616107754,37.774489675131676],[-83.70386502326079,37.774495221470325],[-83.7038820663265,37.77450213410059],[-83.70389845937582,37.77451077258008],[-83.70391346613886,37.77452096361794],[-83.70392751974694,37.77453312762741],[-83.70394026329639,37.774546958784455],[-83.70395124870828,37.77456197390652],[-83.70396236360385,37.77458272883004],[-83.7039646041873,37.77460030734873],[-83.7039640109518,37.77462033299449],[-83.70396015507828,37.774639862141164],[-83.70395475704234,37.77465563017735],[-83.70394846678326,37.774667564570706],[-83.70393621896197,37.77468137759111],[-83.70391369075469,37.77469927863324],[-83.70389924845048,37.77470828401982],[-83.70386280990003,37.774726293983925],[-83.70384816387462,37.77473664641345],[-83.70383665274784,37.77475064831949],[-83.7038193926274,37.77478246470339],[-83.70381063019126,37.77479509984706],[-83.70379193912682,37.77481565950521],[-83.703774585191,37.774831025924776],[-83.70375493844122,37.77484394644243],[-83.70372141154611,37.77486166352085],[-83.70365845447608,37.77488842677854],[-83.7036370464918,37.7748995540537],[-83.7035993189194,37.7749266751702],[-83.70356979377405,37.77495544147861],[-83.70355408881375,37.774976584201056],[-83.70353448379102,37.775010043679565],[-83.70349666398147,37.775090877659906],[-83.70347578506698,37.77512834383412],[-83.70345936760533,37.77515235525735],[-83.70343634411002,37.77517787616708],[-83.70340092565019,37.775210338208566],[-83.70337852383803,37.775228105484146],[-83.70332639350592,37.775264744556665],[-83.70330659584113,37.775280790776954],[-83.70327652670859,37.77531004861046],[-83.70324024502328,37.77535016132895],[-83.7031931023613,37.77540689041531],[-83.70316116636462,37.77545323474878],[-83.70314834138517,37.77547896939986],[-83.70312473509316,37.77553991747888],[-83.70310994897709,37.77556659451579],[-83.70309118417829,37.775588389875686],[-83.70304126623306,37.77563438839613],[-83.70302347683246,37.7756571818607],[-83.7030043641654,37.77569013774951],[-83.70300067052806,37.775701156512596],[-83.70299990135197,37.775710871576464],[-83.7030037967704,37.77572222073683],[-83.7030225282348,37.77574761175964],[-83.70302786912092,37.77575958799121],[-83.70302947714352,37.77578258653702],[-83.70302732936295,37.77579661399624],[-83.70302313291948,37.77580536008714],[-83.70301423024299,37.77581345320071],[-83.70300313402613,37.77581903913074],[-83.7029957413512,37.77582006664166],[-83.70297165653956,37.77581916784634],[-83.70294657155188,37.7758276418305],[-83.70293468716216,37.77583398320324],[-83.70292281097196,37.77584266870756],[-83.70289067057259,37.77587389015259],[-83.7028721314737,37.7758933567173],[-83.70285418111428,37.77591515094977],[-83.70281900841724,37.77596703889308],[-83.70280917023877,37.775986207608064],[-83.702789824787,37.77603301994736],[-83.70277697436781,37.776054869687705],[-83.70276731563028,37.77606564887822],[-83.70273950063824,37.77609096756053],[-83.70272894290952,37.7761060929773],[-83.70272425756312,37.77611950414262],[-83.7027217271175,37.7761334045249],[-83.70272156856606,37.776147436451815],[-83.70272374452797,37.77616245679304],[-83.70272729187424,37.77617557775105],[-83.70273178874078,37.77618585043091],[-83.70274887960315,37.776207095282636],[-83.7027598631386,37.77621685585152],[-83.70277388944999,37.77622646602576],[-83.70282349276913,37.776253010011146],[-83.70288067772564,37.776280745070615],[-83.70296034125053,37.77631297314992],[-83.70303099685108,37.77633945054243],[-83.70308138621961,37.77635462122409],[-83.70314539022992,37.77636781984563],[-83.70320544199195,37.77637463895948],[-83.70327410005935,37.77637502865217],[-83.70339650105204,37.7763637533915],[-83.70343650587101,37.776364073381],[-83.70352355863413,37.77636932909276],[-83.70355783100686,37.776369391094846],[-83.70362770857214,37.77636452039822],[-83.70368723936039,37.776354936186856],[-83.70372722175381,37.77634395808724],[-83.70374440981355,37.77633584662014],[-83.7037690165476,37.7763211779138],[-83.70379031447094,37.77630637191343],[-83.70383381314156,37.776270059329335],[-83.70385422987228,37.77625510595888],[-83.70387558042616,37.77624272261788],[-83.70392726826171,37.77621667690778],[-83.70394976853865,37.77620265512484],[-83.70396181864724,37.77619227216415],[-83.70398976314888,37.77616310447967],[-83.7040082358621,37.77615071262154],[-83.70403059830589,37.776142220328616],[-83.70405128565884,37.77613786089727],[-83.70406392776464,37.77613833954821],[-83.7040937753675,37.77614419578034],[-83.70410617909687,37.77614331538678],[-83.70411728013636,37.77613624374575],[-83.70413370947716,37.776116258877074],[-83.70414105437428,37.77610934532215],[-83.70415686013223,37.7760989806049],[-83.70417844738543,37.77608732116847],[-83.70420143196006,37.77607630383998],[-83.70421999842696,37.77606928536127],[-83.70424962890613,37.77605969662771],[-83.70425886584512,37.77605867021248],[-83.7042666931753,37.7760597154093],[-83.70427556049314,37.776062887613186],[-83.70428073493859,37.776066436260855],[-83.70428469140074,37.776074845417895],[-83.70428737618609,37.77608688912636],[-83.7042864647625,37.77610070863426],[-83.70427133537677,37.77614886189168],[-83.70425633251763,37.77619620401205],[-83.70422885469057,37.77626336194038],[-83.70420790236207,37.77631181405486],[-83.70419154088707,37.776344174290934],[-83.70416682997596,37.77638440300078],[-83.7041512272646,37.776403806263396],[-83.70413660044645,37.776418596326586],[-83.70412085045236,37.77643107700046],[-83.70410002618247,37.77644480396963],[-83.70407667698296,37.77645658412584],[-83.70401983661611,37.776477541632104],[-83.70399609490956,37.77648858649583],[-83.7039266971892,37.77653605052997],[-83.70387905722097,37.77655715417148],[-83.70386932370938,37.776563104752],[-83.70386208912068,37.77656961206443],[-83.70385487251355,37.77657900651345],[-83.7038571273255,37.776584500207306],[-83.70386500114489,37.776591658120154],[-83.70387642418471,37.77659569506341],[-83.70390931855806,37.77659737834119],[-83.70392510242272,37.77660203157824],[-83.70396063444622,37.776616928798454],[-83.70397723508756,37.77662223306595],[-83.7040051709244,37.77662734759971],[-83.70404132029847,37.77663102632206],[-83.70408654601154,37.77663239584465],[-83.70414039490309,37.776629925147276],[-83.70418844162515,37.7766255345159],[-83.70422290171177,37.77661949497637],[-83.70425823656144,37.77660889644517],[-83.70430010403196,37.77659194664547],[-83.70432183623598,37.77658066875772],[-83.70436799005532,37.77655214261159],[-83.7043895370994,37.77654160180843],[-83.70444045429139,37.77652822461401],[-83.70445824322282,37.77651998906659],[-83.704474476696,37.77650601446141],[-83.70448543779064,37.77649100713764],[-83.70448764881415,37.776482483295645],[-83.7044877788106,37.77646124982173],[-83.70449143359315,37.77645263196954],[-83.70450209712394,37.77644257063288],[-83.70451121758641,37.77643830182831],[-83.70451583209014,37.77643908260275],[-83.7045209210263,37.77644244434211],[-83.70453752531942,37.77646112087087],[-83.70456053160459,37.77649355502242],[-83.70457087769614,37.77650391554317],[-83.7045829827237,37.77651211961425],[-83.70459370223415,37.77651738733315],[-83.70462233894227,37.77652334726422],[-83.70464686042632,37.7765257195445],[-83.70468113306069,37.77652629353444],[-83.70476527162464,37.77652037607008],[-83.7048646135386,37.776521924150224],[-83.70489595143947,37.776519488322094],[-83.70496535880503,37.77651058123946],[-83.70499533512007,37.776508679417354],[-83.70504849944186,37.776509593216616],[-83.70510371813805,37.776514158171956],[-83.70516135134062,37.77652312759063],[-83.70523071892939,37.77653857719217],[-83.70536757895245,37.77658068813974],[-83.70548310805995,37.776604525695475],[-83.7055173666077,37.776612800717444],[-83.70565311049441,37.776658376203876],[-83.7057084632875,37.776672104569165],[-83.70576067193943,37.7766824394551],[-83.70581811692966,37.77668994532278],[-83.70591559452059,37.776697769143276],[-83.70609595829666,37.77670932665954],[-83.70622751801744,37.776724387618465],[-83.70636628946177,37.776726436072074],[-83.70642315906478,37.77673077921799],[-83.70645951460853,37.77673651057371],[-83.70648742433804,37.776744003664646],[-83.70652419907805,37.776756520108336],[-83.70658571731963,37.77678157031738],[-83.70664171353798,37.77680979790034],[-83.70667871782479,37.77683568528315],[-83.70669563924015,37.77684409643313],[-83.70671837055349,37.77684799464395],[-83.70676593004461,37.776846993924885],[-83.70678490936565,37.7768483798015],[-83.70682515770045,37.776857457131825],[-83.7068706169225,37.77687268765887],[-83.70690491298349,37.7768876642105],[-83.70695043351577,37.77691157196023],[-83.70697573002867,37.77692712667815],[-83.70703347438575,37.7769677580414],[-83.70706533986638,37.77698524195738],[-83.70709705650654,37.7769977773166],[-83.70714041203985,37.77701183965645],[-83.70719394380282,37.777027169317144],[-83.7072354657959,37.77703578602461],[-83.70726522032577,37.7770392918013],[-83.7073097193513,37.77704225407515],[-83.70741549731613,37.777042495354294],[-83.70744799047877,37.77704385543423],[-83.70748418290098,37.777048804821895],[-83.70756816461504,37.77706593973285],[-83.70760956286514,37.777069830583784],[-83.70764449247145,37.77706885611258],[-83.70769431723913,37.77706461118312],[-83.7077898202529,37.77704968218589],[-83.70782045934651,37.77704627631945],[-83.707879441284,37.77704498807445],[-83.7079702936005,37.77704880616077],[-83.70804969133523,37.777054023450916],[-83.7081468864042,37.77706332865912],[-83.70827407804555,37.77708142391975],[-83.7083247026097,37.77708632058632],[-83.70844757056862,37.777087278321765],[-83.70853689490363,37.777097558303815],[-83.70859627041645,37.7770983270015],[-83.70861923172473,37.777100332823046],[-83.70865162693309,37.777109164873366],[-83.7087127085563,37.77713605999432],[-83.70873922384811,37.77714519494776],[-83.70877820907552,37.77715412059211],[-83.70882544128081,37.77716224332603],[-83.7089034524744,37.77716815795575],[-83.70893198294641,37.77717269307719],[-83.70895383726432,37.77717953220114],[-83.70899974634092,37.77719895943017],[-83.70902053136277,37.77720614873189],[-83.709045660316,37.77721181727351],[-83.70910471494194,37.77722067365241],[-83.70913057088862,37.777226016851635],[-83.7091855287785,37.777241967719974],[-83.70922881916606,37.77725888097942],[-83.70926121337638,37.77727577843868],[-83.7092996117472,37.77729977183247],[-83.70933288497454,37.777323102902514],[-83.70936239953967,37.77734675051736],[-83.70939022433683,37.77737502389431],[-83.70943993393817,37.77743869255973],[-83.70946341275065,37.77746468404173],[-83.7095112498501,37.77750935970925],[-83.70955154335061,37.777540979904316],[-83.70959999327565,37.777572186637606],[-83.70964300486375,37.77759372941817],[-83.70967034029456,37.777604245358745],[-83.70969665201194,37.77761240731168],[-83.70974634683418,37.777622666379],[-83.70978067625953,37.77762509866105],[-83.70981842550599,37.777624107492024],[-83.70985939789841,37.77761966579055],[-83.70989128287749,37.777612284661245],[-83.70991350889237,37.7776024170097],[-83.70995218157954,37.77757802398483],[-83.70996856997185,37.777569249494505],[-83.71004396307622,37.777540721494866],[-83.71009534287278,37.77751524211348],[-83.71014382110985,37.77748585583824],[-83.71018612818615,37.777454529326896],[-83.71021068680129,37.77743035363847],[-83.71025771046915,37.77737305460488],[-83.71027929191189,37.77735239241304],[-83.71029937722317,37.77733781446268],[-83.71034878938508,37.777307423791186],[-83.71036970853115,37.77729285014217],[-83.71040053166442,37.77726920904563],[-83.71041614819181,37.77725332884753],[-83.71043011889644,37.7772310333443],[-83.71043992886769,37.77720165742749],[-83.71044328507031,37.77717136284682],[-83.71044054626769,37.77712188559831],[-83.71043627332006,37.77707526975298],[-83.71042895713278,37.777032717210794],[-83.71041782058472,37.776990477446894],[-83.71040227783075,37.776945887149466],[-83.71038830587332,37.776913241009304],[-83.71036732333144,37.776870309076706],[-83.71034373669653,37.776825971194675],[-83.71031438170104,37.77677539863426],[-83.71028415850942,37.776728723261144],[-83.71021423777782,37.77663104643543],[-83.71018527285936,37.7765877991359],[-83.71014246009906,37.77651766435056],[-83.71012398010316,37.77647775479786],[-83.71009975055216,37.776414433335056],[-83.7100650351019,37.77630498322415],[-83.71005162347997,37.776268465001245],[-83.7100273429555,37.776214161605765],[-83.71001309424196,37.77619006765729],[-83.70999820817602,37.7761687271175],[-83.70996370252588,37.776129646153386],[-83.70991350878448,37.77608576136611],[-83.7099029305633,37.77607228416043],[-83.7098732864511,37.776027460854145],[-83.70985276538251,37.77600426575703],[-83.70983487256564,37.77598747655063],[-83.70981577145781,37.775974108663696],[-83.70976495312547,37.77594493200938],[-83.70970379120936,37.77589854474165],[-83.70968235725539,37.77588397089183],[-83.70966082050136,37.775872361277834],[-83.7096090846293,37.775848521531344],[-83.70958692398041,37.77583570380243],[-83.70955691933193,37.77581384058542],[-83.70953603777335,37.775794507011724],[-83.70951765248782,37.77576995224593],[-83.70949877270021,37.7757347615951],[-83.70949068098857,37.77571420595181],[-83.70947826802437,37.77566868613369],[-83.70947138009566,37.7756491914826],[-83.70945289997216,37.775611260138255],[-83.70942599904923,37.775565372999104],[-83.70939619484516,37.77552057480014],[-83.70936167394552,37.7754749267068],[-83.70931859272692,37.77542302851075],[-83.70928393870102,37.77538837446256],[-83.70924745708177,37.77535957712306],[-83.70919660478502,37.77532550566894],[-83.70916233825689,37.77530588877844],[-83.70908399422296,37.77526667471518],[-83.7090540826582,37.775249190726726],[-83.70902016041802,37.77522407968913],[-83.70895007905844,37.775163663853135],[-83.70891764311627,37.77514058618661],[-83.70888791369973,37.77512435104874],[-83.70880695122541,37.77508803388399],[-83.70877159497515,37.775069089109046],[-83.70871848042178,37.77503309860563],[-83.70868150547739,37.77500121781812],[-83.70866368481515,37.774981544254594],[-83.7086443971754,37.77495642139087],[-83.70860686801733,37.77489373385906],[-83.7085861594657,37.77486551828987],[-83.70856456516654,37.774839544347785],[-83.70853826934943,37.7748119478147],[-83.70850761526142,37.774783578213],[-83.70845379040405,37.774743236983],[-83.70843685312975,37.77472879255889],[-83.70841176071363,37.77470165057493],[-83.70838348104695,37.77466479965167],[-83.70834980711798,37.774612820212205],[-83.7083224702706,37.77455861204675],[-83.70831454006091,37.77453432240284],[-83.70830183716183,37.774475409940074],[-83.70829048289734,37.774447680447565],[-83.7082763451763,37.7744259363591],[-83.70825603253341,37.774399982916414],[-83.70823493820203,37.77437618276848],[-83.70821196714628,37.774353485584804],[-83.70817983441131,37.77432607007578],[-83.70814564716032,37.774301347304394],[-83.7081245573175,37.77428899596323],[-83.7080686275834,37.77426187899634],[-83.70804443856875,37.77424805858032],[-83.70802250012689,37.774232011372646],[-83.70796147939944,37.774181655247325],[-83.70793946211899,37.77416748123427],[-83.70788192107588,37.77413464867658],[-83.70785449419287,37.774114605540845],[-83.70783249643064,37.77409291430696],[-83.70780681419356,37.774062912552644],[-83.70775594007063,37.77398890912962],[-83.70769488167372,37.77392641814085],[-83.70768336969068,37.77391035782381],[-83.70766002917902,37.77387205312152],[-83.70764707515356,37.773855275400784],[-83.70763181655788,37.77383898454536],[-83.70761982599939,37.77382850847279],[-83.70760346318477,37.77381748280198],[-83.70758698152392,37.77380906803531],[-83.70756653614714,37.77380201753344],[-83.70754360237756,37.77379720893945],[-83.70752203552847,37.773795260590425],[-83.7074988717665,37.77379557191909],[-83.70748387477992,37.77379769520036],[-83.70746781915896,37.773802327577],[-83.70741199722735,37.773826835473315],[-83.70738852165911,37.77383450968451],[-83.70734566296552,37.77384307520877],[-83.70730873860117,37.77384717581821],[-83.70727591625977,37.77384725910027],[-83.70722819195507,37.77384380684954],[-83.70713778132209,37.77383197567035],[-83.70705863560563,37.7738176459838],[-83.70699974253996,37.77380265768547],[-83.70696947072689,37.773791422481466],[-83.70690408357264,37.77376194611073],[-83.70687440527082,37.77375163163282],[-83.70684644411695,37.77374523013579],[-83.70676992257442,37.77373180470517],[-83.70671402764414,37.773718414134954],[-83.70667141790442,37.77370605394003],[-83.70662585633976,37.7736900015987],[-83.70658694497838,37.77367351173968],[-83.70655067206535,37.773654850698875],[-83.70651169833349,37.773631515176156],[-83.70646753487377,37.773601230328985],[-83.70642890354289,37.77357005070585],[-83.70640819140795,37.77354975811161],[-83.70635542712783,37.77349155835629],[-83.70629912531163,37.773443299302016],[-83.70627858478807,37.773422060641494],[-83.7062598119236,37.77339563990248],[-83.7062400187815,37.77336079719069],[-83.70623072810913,37.77334048746181],[-83.70620619686652,37.77327677185125],[-83.7061882705034,37.77324169987082],[-83.70617038186961,37.7732112797036],[-83.70614826170669,37.77317864962235],[-83.70612573830317,37.77314988710586],[-83.70610136714248,37.77312324471158],[-83.7060703712533,37.77309329022251],[-83.70602566018972,37.773055939469124],[-83.70595058303547,37.77300105646758],[-83.7058056565417,37.772902501968616],[-83.70571072952774,37.772823889506114],[-83.70567777880741,37.772798843405674],[-83.70555504941079,37.772722702435985],[-83.70546683108203,37.77265310543865],[-83.70539654841669,37.7726082914911],[-83.70534557130341,37.77256158447838],[-83.70530692483027,37.77253637939993],[-83.70529388417512,37.77252595696102],[-83.70527278487762,37.77250218828857],[-83.70525998348812,37.7724796307644],[-83.70525672458811,37.77246852882006],[-83.7052550283838,37.77245579494377],[-83.70525596337257,37.77242113452191],[-83.70525869584587,37.77240640768733],[-83.70526946055007,37.772372398584224],[-83.7052712168846,37.77235601577702],[-83.70526889111635,37.772346084584456],[-83.70525770052593,37.77232041232165],[-83.70525690257341,37.77231335977823],[-83.70525853754434,37.772307370245585],[-83.70526528190253,37.772297776326425],[-83.70527377925829,37.77229055009224],[-83.70528157781742,37.77228761162029],[-83.70530727398999,37.772283059192844],[-83.70532270524707,37.77227531900566],[-83.70533665922903,37.7722650141876],[-83.70534638296309,37.77225519675423],[-83.70535264068279,37.772246033040275],[-83.70535590150584,37.77223619859292],[-83.70535772900796,37.7722202660545],[-83.7053569848573,37.77219593033497],[-83.70534942957829,37.77215868154816],[-83.7053424371541,37.772134581796],[-83.70532260744139,37.772084203701375],[-83.70531540981172,37.772062055487105],[-83.70530344479631,37.772009055783506],[-83.7052969600851,37.77196020073224],[-83.7052945676507,37.77191326492243],[-83.705296885822,37.77187787968362],[-83.70530531541402,37.77184101166873],[-83.7053216478359,37.771795499465085],[-83.70534212569717,37.771751609438354],[-83.70537159799476,37.771700680996936],[-83.7054047225624,37.771650609345016],[-83.7054358649501,37.7716113082265],[-83.70546928218731,37.77157730107422],[-83.70552125225188,37.77153160743213],[-83.70555366839096,37.77150548927208],[-83.70565187415043,37.77143164695893],[-83.70571429000908,37.77138022448157],[-83.70575321973932,37.77134451412405],[-83.70579334887262,37.77130241138082],[-83.70582405970495,37.771264896295094],[-83.70585062543076,37.77122530321474],[-83.70587673406641,37.77117854281428],[-83.70589295695265,37.77114505820749],[-83.70590602242716,37.77111359054714],[-83.70591616356612,37.77108332666917],[-83.70592787534224,37.77104085272613],[-83.70593697268518,37.77099898473907],[-83.70595139972882,37.770904685494486],[-83.7059596994113,37.77086311515823],[-83.70597262769698,37.77081718333478],[-83.70600527431671,37.77071828116961],[-83.70601608002592,37.7706791433453],[-83.7060238595636,37.77064205875305],[-83.70604540131838,37.770520620465085],[-83.70606086497783,37.77045385609879],[-83.70607363324572,37.77040987993652],[-83.70609304195528,37.770358192670194],[-83.7061174499781,37.770304298856274],[-83.70613244025019,37.770276990063465],[-83.70617020623118,37.77021611106599],[-83.70618503345415,37.770187525419175],[-83.70619753178688,37.770153984432646],[-83.70621751231096,37.770081219011075],[-83.70622805010596,37.77005007336729],[-83.70625881326116,37.769976926382874],[-83.70627257425787,37.76995004340507],[-83.70628689625198,37.76992623074477],[-83.70631215927531,37.769890203313906],[-83.706336007294,37.769862103401366],[-83.7063619579993,37.76983753388494],[-83.7063963432388,37.76980984257873],[-83.70644118180533,37.76977842300995],[-83.70648817136725,37.769750814559906],[-83.70658948368089,37.769706292279324],[-83.70662310850075,37.769689205254224],[-83.70664328533714,37.769677075747644],[-83.70666628884972,37.76965976663663],[-83.70668598113834,37.76964142577371],[-83.70669515016404,37.769629761384635],[-83.70671263484329,37.76960141785676],[-83.70672261648177,37.769589882973115],[-83.7067445860598,37.76957338851611],[-83.7067776470896,37.76955500526837],[-83.7068088362678,37.769540907880035],[-83.70684407627986,37.769528457787025],[-83.70686681054424,37.76952276924673],[-83.70694161384235,37.7695087652431],[-83.7069817245435,37.76949629475133],[-83.70701809448816,37.76948229413498],[-83.70705120456688,37.76946681682797],[-83.70708193820636,37.769449781173755],[-83.70709903056397,37.769438050400886],[-83.70713445615587,37.76940992214929],[-83.7071503989936,37.76939933483669],[-83.70718160643459,37.76938237616656],[-83.70720806452252,37.76937116397963],[-83.7072356111122,37.76936331759768],[-83.7072732837511,37.76935607825061],[-83.70735872919629,37.76934812419321],[-83.70742296981317,37.769336121727484],[-83.7074555138005,37.76932753389739],[-83.7074779220359,37.76931954793442],[-83.707505633384,37.769306281266005],[-83.70752403715436,37.76929344199488],[-83.7075437330535,37.769269822305915],[-83.7075553110022,37.76925085568686],[-83.70756946010837,37.769220999890464],[-83.70758061923941,37.76919448479716],[-83.70759054271971,37.76916598474175],[-83.70760719385422,37.76910147095987],[-83.70761484048501,37.76905591202258],[-83.70761966954252,37.76900506851924],[-83.70762013403282,37.76897752798296],[-83.70761779783294,37.76891698787893],[-83.70761848272608,37.76889214011768],[-83.70762169072113,37.7688683034509],[-83.70763332185373,37.76881142108746],[-83.70763560505048,37.76878257342114],[-83.70763132878906,37.768737838579135],[-83.70761960827983,37.76868654055929],[-83.70760512681801,37.76864449138267],[-83.70758243451637,37.76859369430999],[-83.70755508815479,37.76854239646633],[-83.70752036546067,37.76848711638275],[-83.70748585420858,37.76843913385063],[-83.70744196581579,37.76838456989352],[-83.7073850229329,37.768321460626765],[-83.70729954595437,37.76823601425497],[-83.70723209506932,37.76817101191909],[-83.70717821043004,37.76812251637392],[-83.70711036532825,37.768066052378146],[-83.70705257292988,37.76802266264761],[-83.70701877492506,37.76800039444191],[-83.70692137486019,37.76794067254147],[-83.70686092304214,37.76790084416035],[-83.7068265094515,37.767875175219146],[-83.70677699636099,37.767830097555475],[-83.7067079868943,37.76775301409026],[-83.70668784333859,37.76773470517401],[-83.70664008429878,37.76769530540851],[-83.70662049502009,37.767676890873645],[-83.70657851598995,37.76762886086782],[-83.70654624029733,37.76758261641092],[-83.70653156370958,37.76755386646452],[-83.70650921081649,37.767496179702874],[-83.70649867039852,37.76747283811249],[-83.70643718076728,37.767368516482016],[-83.7064173159284,37.767324271451855],[-83.70639263547002,37.76725989837388],[-83.70635682135665,37.767146145504725],[-83.70634437022656,37.767111063285604],[-83.70632764752175,37.76707264130921],[-83.70628626387739,37.766989119078325],[-83.70626939594086,37.76695184173233],[-83.70621861511223,37.76681498572105],[-83.70616935955144,37.766705478972874],[-83.70615720877746,37.76667074954557],[-83.7061341365595,37.76659373727226],[-83.7061229204903,37.76656253555239],[-83.70611089936827,37.76653596569087],[-83.70607896278707,37.76647354840038],[-83.70606585159453,37.76644148105874],[-83.70605528619723,37.76639543093302],[-83.70604872385275,37.76637751510198],[-83.70604352007007,37.766365285488675],[-83.70603880717142,37.7663600176228],[-83.70602568006369,37.76635530644851],[-83.70601648635365,37.766357264060716],[-83.70599875735216,37.76637084288258],[-83.7059902445049,37.76637451986912],[-83.70597828018553,37.76637599735072],[-83.70596992213152,37.766375348917244],[-83.70596506081483,37.76637300796526],[-83.70596073630789,37.76636859436894],[-83.70595076628067,37.766349786656825],[-83.70594467663099,37.766336674533015],[-83.70594014634777,37.76632218726918],[-83.70593813233191,37.76629835292071],[-83.70594273764648,37.76625988186996],[-83.70595468504159,37.766201897618586],[-83.70596353977461,37.76616872939181],[-83.70597601533697,37.766132184136616],[-83.70602560568531,37.76601179935918],[-83.70604230530448,37.7659667376042],[-83.70605512998108,37.76592158468031],[-83.70606204863614,37.76588023372228],[-83.70606533686895,37.765844870920056],[-83.70606572949347,37.76582098092628],[-83.70606384872272,37.765803018962835],[-83.70605499784996,37.765752996589086],[-83.70605598272363,37.76569855994816],[-83.70605210540174,37.765676171064406],[-83.70604512191493,37.76566224109563],[-83.70602497418662,37.76563419211606],[-83.70601772198897,37.76562163868824],[-83.70599972528616,37.76556370419399],[-83.70598874474481,37.7655414308021],[-83.70597648137239,37.765521398322406],[-83.70596036760361,37.76550033528949],[-83.70594044747092,37.76547879250843],[-83.70587885154741,37.76542946480933],[-83.70585681810584,37.76540620354676],[-83.70583720153522,37.76538162948145],[-83.70582253750021,37.76535915658736],[-83.70580433046602,37.765326157180894],[-83.70576096068228,37.765228089600825],[-83.70574143285069,37.765191875866144],[-83.70572215392473,37.76515975842123],[-83.70569152778162,37.765118252274675],[-83.70561900141124,37.76503642344383],[-83.70559028098526,37.76500015594784],[-83.70553404510324,37.76491078409507],[-83.70551557891221,37.764883856823566],[-83.70546025047665,37.7648187320678],[-83.70544278171845,37.764795581400236],[-83.70542025486911,37.7647595289183],[-83.70540304422127,37.76472611003301],[-83.70538344645114,37.764673764263534],[-83.70537394669819,37.764640689445],[-83.70536378309208,37.76459685604662],[-83.70535687434914,37.764555161980155],[-83.70534713681184,37.76446301125945],[-83.70534046258719,37.76442540808764],[-83.7053312826914,37.76439341107301],[-83.70530458798191,37.76431828746351],[-83.70529553099334,37.764280277859164],[-83.70529124638493,37.76424375874689],[-83.70528988515065,37.76420958166366],[-83.70529144046175,37.764187742036725],[-83.70529871131757,37.76413951440963],[-83.7052997669086,37.76411913306791],[-83.70529702707442,37.76408170814175],[-83.70529009880087,37.76404218421103],[-83.70527802919189,37.76399957635298],[-83.70526014414968,37.763954179893126],[-83.70523731077654,37.76390813119074],[-83.70521245709574,37.76386849786414],[-83.7051920482427,37.76384140797521],[-83.70517274580551,37.76381957031522],[-83.70515056259947,37.76379882820029],[-83.70512118941402,37.76377515389562],[-83.70508429611333,37.76375123946278],[-83.70499561600855,37.76370606708187],[-83.70495890835268,37.763683897233626],[-83.7049233909374,37.763657729569395],[-83.70488543361138,37.76362693133628],[-83.70480688000058,37.763553550574585],[-83.70474569169983,37.76350381203455],[-83.7047120451109,37.7634808959046],[-83.70467780153398,37.76346029724328],[-83.70463424204563,37.763436597548164],[-83.70460255646118,37.76342342653123],[-83.70456251946484,37.76341287622589],[-83.70450728139815,37.763407168831534],[-83.70449025472561,37.76340188106896],[-83.7044450216889,37.76338312551355],[-83.7044143231968,37.76337495940096],[-83.7043713271695,37.76336612571951],[-83.70433182929511,37.76336086215512],[-83.70423850100515,37.76335458746017],[-83.70419527525262,37.76334707478888],[-83.70416321491733,37.763336526940606],[-83.7040977717317,37.76330830802482],[-83.70406854452702,37.76329767760306],[-83.70401057386977,37.76328113969541],[-83.70396524428777,37.76327197418514],[-83.70391903815236,37.76326790113685],[-83.70384499697774,37.76326705987022],[-83.7038042820238,37.76326805418599],[-83.70371033400124,37.76327392365606],[-83.70366582820841,37.76327409511482],[-83.70355319954595,37.76326400919331],[-83.7034459965409,37.76325991642837],[-83.70340203021887,37.76325478873207],[-83.7033497319066,37.76324649576374],[-83.70327638657145,37.76323182752595],[-83.70321891132636,37.76321386840019],[-83.70316940898148,37.76319147686941],[-83.70311586476673,37.76315907305329],[-83.70307729103094,37.76313281159254],[-83.70304434135016,37.76310772960684],[-83.70300319120628,37.76307162018102],[-83.70298732102414,37.76305289568897],[-83.70294783267359,37.76299744882525],[-83.70287126512657,37.76292044577183],[-83.70284703437643,37.76288999774094],[-83.70282084544105,37.7628530450692],[-83.70277887193426,37.762784586468285],[-83.70275781639549,37.76274524239975],[-83.70273465077612,37.76269768122514],[-83.70271123931565,37.762641662759364],[-83.70266920983849,37.76252114154124],[-83.70264883048037,37.76246939151129],[-83.70260323026098,37.762369564908006],[-83.70255821967784,37.76228210161762],[-83.70251154187079,37.76220145784132],[-83.7024713912782,37.7621442462359],[-83.70244805018095,37.76211569620962],[-83.70242936556677,37.762096266071076],[-83.70240951368876,37.76207916586669],[-83.702388229927,37.76206348233784],[-83.70234659198873,37.762038973383305],[-83.70230202256883,37.76201960824232],[-83.70225664783958,37.76200604884774],[-83.70217920978112,37.76199008255333],[-83.70210632370974,37.76197773286781],[-83.70196553951726,37.76196071209409],[-83.70190852622054,37.76195241830953],[-83.70176648293341,37.76192339509157],[-83.70170717205723,37.761914367371006],[-83.7016622631818,37.76191211599374],[-83.70155487853216,37.761913577980934],[-83.7015272863024,37.76191191776041],[-83.70150276992169,37.76190854274516],[-83.7014767258309,37.7619025253915],[-83.70139840893236,37.761880245411255],[-83.70129281266186,37.761862874143894],[-83.70124146300911,37.76185084002131],[-83.70119838573491,37.761838294476945],[-83.70114296926435,37.76181778535929],[-83.70111584361477,37.76180485232069],[-83.70109316707745,37.761791965583804],[-83.701072607504,37.761776741099816],[-83.70102717260063,37.76173627669493],[-83.70095231021108,37.761682045529284],[-83.70090336692847,37.76164935415106],[-83.7008609835189,37.761623174138165],[-83.70078275431293,37.761582964184264],[-83.70075616124142,37.76156745973641],[-83.70071198127599,37.761536159561686],[-83.70067521736881,37.76150462339837],[-83.70065114478527,37.76147986249909],[-83.7006302387104,37.76145473445917],[-83.70061110409071,37.76142739893647],[-83.70059554030443,37.76140027057608],[-83.70058255089745,37.76137218224859],[-83.7005746069286,37.76134826292685],[-83.7005697523652,37.76132189432388],[-83.70056856011927,37.761295964185216],[-83.70057136359812,37.7612718014032],[-83.70057978505677,37.761236765492896],[-83.70058654827713,37.76121530250614],[-83.70061123103667,37.76115015044815],[-83.70062456840083,37.7610843606455],[-83.7006317675323,37.76106036737829],[-83.70064229865484,37.761036272584064],[-83.70065452810151,37.76101345852677],[-83.70069483977922,37.760958534301],[-83.7007072136924,37.76093661910681],[-83.70071323839775,37.76092148495378],[-83.70071701251882,37.76090549281949],[-83.70071843320794,37.76089224043098],[-83.70071760937903,37.760880687872316],[-83.70071450488004,37.760870739540515],[-83.70070726106002,37.760856969216846],[-83.7007003125414,37.76085090573068],[-83.70068943685267,37.760850955753924],[-83.70066730044182,37.76085847756671],[-83.70065450665571,37.76086382437181],[-83.70062469682121,37.7608813453004],[-83.70061010333265,37.76088771323451],[-83.70058640251752,37.76089349019834],[-83.70055428964156,37.76089792380863],[-83.70051778615166,37.76089983217643],[-83.70046866972223,37.76089830809514],[-83.7003715715899,37.7608871163482],[-83.70034351350057,37.76088751510398],[-83.70028107432049,37.76089245421019],[-83.70025450141885,37.76089237132432],[-83.70019782730603,37.76088592031153],[-83.70017227628028,37.760879808689744],[-83.7001036812016,37.76085842903092],[-83.70007152685154,37.76085219658408],[-83.69999943707197,37.76084187350832],[-83.69996994622133,37.76083581517163],[-83.6998535374897,37.76079740134684],[-83.69981299783211,37.7607876052053],[-83.69978452554757,37.76078283620369],[-83.69975059631402,37.76078069211218],[-83.69970982214289,37.76078145731937],[-83.69968564813638,37.7607837451789],[-83.69961669428325,37.76079384467548],[-83.69956686745007,37.76079719778615],[-83.6995213152121,37.76079802990032],[-83.69944381053712,37.76079392611042],[-83.69941889085511,37.76079015454278],[-83.6993620017308,37.76077825564029],[-83.69933477029221,37.7607749734211],[-83.69928139183568,37.76077407644569],[-83.69924031476478,37.76077885007555],[-83.699213937682,37.76078577197691],[-83.69918874983509,37.76079514018864],[-83.6991476334657,37.76081783135311],[-83.69909134196284,37.76085714384872],[-83.69899871133711,37.760935085001],[-83.69893605113607,37.760977794919846],[-83.69891575495863,37.760988806049156],[-83.69889162512013,37.76099946309748],[-83.69878383075724,37.76103923556034],[-83.69876048566633,37.76105045909974],[-83.69874091511709,37.76106232964514],[-83.69871786396088,37.761080853263756],[-83.69866880093493,37.761129937447414],[-83.69864447138544,37.761150367574274],[-83.69860902845468,37.761173856880504],[-83.6985649801379,37.761199169915244],[-83.69850395966468,37.7612284061788],[-83.69840278687018,37.76126886020154],[-83.69828950700537,37.76131147656859],[-83.69822792571148,37.76133177579677],[-83.69818652624105,37.76134248314271],[-83.69814658033604,37.76134946731407],[-83.69810616762176,37.761353932308666],[-83.6980353578567,37.76135561526047],[-83.69796276151475,37.76135122217199],[-83.69791913582563,37.761346103373654],[-83.69787334343032,37.76133882767937],[-83.6978078396788,37.761323374740286],[-83.69778336113505,37.76131905810376],[-83.69775829107417,37.76131736660498],[-83.6976805380024,37.76131679037096],[-83.6976415391695,37.761312413074236],[-83.69760069219423,37.76130583631335],[-83.69754594959191,37.76129331644091],[-83.6974693927931,37.76127082734705],[-83.69742595156534,37.76125615719875],[-83.69732235784637,37.76121602406497],[-83.6972742540287,37.76119940869123],[-83.69719400327591,37.761176154491764],[-83.697114419962,37.76115643753986],[-83.69699899972467,37.761133673340424],[-83.69684892420537,37.76111287710752],[-83.6968022373441,37.76110513310498],[-83.69675136572617,37.761093582809636],[-83.69663820981694,37.76106313041573],[-83.69658674341979,37.76105223385137],[-83.69649358112876,37.76103904736025],[-83.69644502964778,37.76103490306296],[-83.69640181905865,37.76103305214709],[-83.6963419485316,37.761032744871116],[-83.6963018873921,37.76103636751141],[-83.69627058403418,37.76104483683212],[-83.69620453213639,37.76107327480541],[-83.69617430780909,37.761082808420035],[-83.69613230068624,37.76108867377956],[-83.6960501640535,37.7610918368096],[-83.69601725036631,37.761094736382134],[-83.69596813588785,37.761103628720164],[-83.69586209404675,37.76112891223654],[-83.695818451984,37.76113639836882],[-83.69577614330176,37.761140082131504],[-83.69567865532946,37.7611432545242],[-83.69563530422553,37.761146444006044],[-83.69557621627678,37.761153967800915],[-83.69552696586827,37.761164792346456],[-83.69545457023868,37.761185866944984],[-83.69541347838803,37.76119966521843],[-83.69532204334217,37.761234460317475],[-83.69527930717513,37.76124803143141],[-83.69522736196348,37.76126196480542],[-83.69519284018308,37.76126857918171],[-83.69516579153634,37.76127183880055],[-83.69514646404427,37.76127256040808],[-83.69513190732931,37.76127106653844],[-83.69508482035525,37.761262083299556],[-83.69504361049827,37.761262429870506],[-83.69501846005967,37.76126597710284],[-83.69498441643563,37.76127377289424],[-83.69495387900162,37.76128210617881],[-83.69492851552455,37.7612908100054],[-83.69490126898297,37.76130240037318],[-83.69487980822618,37.76131391764626],[-83.69486098137014,37.761327382929075],[-83.69483514686348,37.76134995712026],[-83.69480860430029,37.761375912437536],[-83.6947713529694,37.76141730555439],[-83.69471087621174,37.76149442121843],[-83.69468732462869,37.7615210168906],[-83.69465697365513,37.761548453397296],[-83.69459221845531,37.76159884597158],[-83.69456643494352,37.761620621749344],[-83.69453054560256,37.761653370876495],[-83.69450932297923,37.761675152797096],[-83.69448839050861,37.76170277686775],[-83.69445492888528,37.761758169457856],[-83.69444012286087,37.7617800011306],[-83.69439908115552,37.761829069860276],[-83.69438502713639,37.76184802332576],[-83.69434832785745,37.761916544808244],[-83.69429385296039,37.76199794273492],[-83.69427275407833,37.762036563670335],[-83.69425127996662,37.76208134504483],[-83.69423460705899,37.762120631592154],[-83.69421712055305,37.7621670278089],[-83.69420102623502,37.76221500177454],[-83.69418478451465,37.762270005358154],[-83.6941702648482,37.76232512447532],[-83.69415900605517,37.76237513627295],[-83.69414837387492,37.76243194717736],[-83.6941422817289,37.76247742703618],[-83.69413886258262,37.76259072339574],[-83.6941284710768,37.76268911428309],[-83.69412826682988,37.76272277017234],[-83.69413241672132,37.76280145549424],[-83.694130796903,37.76283949108483],[-83.69412429819228,37.762882191063916],[-83.694114526281,37.7629252659171],[-83.69410133614392,37.76296916802973],[-83.69408591032978,37.76300933590288],[-83.69407104948934,37.76304105201903],[-83.69405406544303,37.76307230567812],[-83.69401396882922,37.76312933772771],[-83.69400281704394,37.763147319451775],[-83.69399331161866,37.76316798956116],[-83.69397628118703,37.763214772847704],[-83.6939672566124,37.76323354994203],[-83.69394874558627,37.76326426447157],[-83.69393233139736,37.763285358566094],[-83.69390480499438,37.76330973757724],[-83.69386035548312,37.76333936882568],[-83.6938366650204,37.76335242024297],[-83.69377397666942,37.763380532374],[-83.69374686096585,37.763395067175004],[-83.69372958705075,37.763407374270486],[-83.69369008940042,37.76344018566104],[-83.693667040238,37.7634543458829],[-83.6936419892946,37.76346449962035],[-83.69360618932866,37.76347561286695],[-83.69356972186011,37.76348495453526],[-83.69353152750034,37.76349234903427],[-83.69349888022592,37.76349578863166],[-83.69342327803614,37.76349770765293],[-83.69338989279754,37.76350055801834],[-83.69327907412044,37.763523279359525],[-83.69322851349229,37.76353037185778],[-83.69317873845539,37.76353537333102],[-83.69313199966736,37.76353694226407],[-83.6930301450289,37.763534880288546],[-83.6929904851904,37.76353644540654],[-83.69296655814516,37.76353950850134],[-83.69290279832421,37.76355108412912],[-83.6928663839269,37.76355265385397],[-83.69283703100545,37.76354939393189],[-83.69281921004257,37.763545451332185],[-83.69277932101677,37.76353317236739],[-83.69276026820428,37.763529765396825],[-83.6927283924651,37.7635291631322],[-83.69269435909773,37.76353260435922],[-83.69266084262175,37.763541244784385],[-83.69260527150314,37.76356305619874],[-83.69257086466295,37.76357764403217],[-83.69249600269667,37.76361339294008],[-83.69246217995425,37.76362717762473],[-83.69242903310224,37.763637860160955],[-83.69233270620815,37.76366500753725],[-83.69222726473174,37.76370469496099],[-83.6921920334318,37.76371658566706],[-83.692155632053,37.763725643730616],[-83.69206455011417,37.763743004974955],[-83.69204055292904,37.76374940026771],[-83.69201979326009,37.76375670554404],[-83.69199780829688,37.76376703098265],[-83.69194922010035,37.76379471618253],[-83.69192647197129,37.76380590034225],[-83.69187428404403,37.76382584365959],[-83.69182952990228,37.76383743656801],[-83.69177319611453,37.76384709097777],[-83.69173044356496,37.76385175711517],[-83.69167390248023,37.76385512007659],[-83.69156867837641,37.763856275796456],[-83.69145046768523,37.76385114293374],[-83.69133773954444,37.76384101741629],[-83.69123139676978,37.76382593129658],[-83.69115465794142,37.76381161830432],[-83.69109229531905,37.76379692163092],[-83.69095426527194,37.763751140824226],[-83.69091239161226,37.763741237815395],[-83.69078790482816,37.76371657639526],[-83.69074245295627,37.76370410613579],[-83.69063938623282,37.763672091576126],[-83.69059009302457,37.76365945975854],[-83.69053344671366,37.76364923713548],[-83.69038861916296,37.76362900304925],[-83.6903408299387,37.76361962505922],[-83.69021606789683,37.76359178213355],[-83.69014492729302,37.76358056030707],[-83.69009671656386,37.76357618960203],[-83.69007008688514,37.76357636505277],[-83.6900488329065,37.76357838765348],[-83.69002469920704,37.76358365767378],[-83.68999952563018,37.763592137539696],[-83.68998232606994,37.763600559250705],[-83.68994229348442,37.7636250131372],[-83.68990366341602,37.763643949921786],[-83.68986937883682,37.763658285270324],[-83.68980759898028,37.76367792345831],[-83.68973103766326,37.763693601683464],[-83.68970684048747,37.76369988227791],[-83.68967160081877,37.76371264486643],[-83.68962264912712,37.76373396240253],[-83.68954176029897,37.76377379458499],[-83.68949955222374,37.763797957325394],[-83.68940663327948,37.76385688543997],[-83.68936154453655,37.76388148405702],[-83.6892818895724,37.763914814833406],[-83.68925587133987,37.76392713903127],[-83.68920381715542,37.76395750670419],[-83.68916149989951,37.76398984672053],[-83.68914358167122,37.76400750891991],[-83.68910761376824,37.76404972020616],[-83.68908970984991,37.76406644410253],[-83.68907308356728,37.7640780952213],[-83.68903076810005,37.76410273959108],[-83.68901282131442,37.76411483783614],[-83.68898977019953,37.76413349727751],[-83.68896989729119,37.764151882588465],[-83.68893510568968,37.76419201438307],[-83.68889882215666,37.76424678502074],[-83.68888451536736,37.764264989873695],[-83.68886577804714,37.76428264027929],[-83.68882190288856,37.764316460684846],[-83.68880427038827,37.76433187184299],[-83.68878074982534,37.76435560421106],[-83.68876487258704,37.764374089462535],[-83.6887462723134,37.76440186345972],[-83.68872726444039,37.76443832042135],[-83.68871249287427,37.76447233465962],[-83.68870287104261,37.76450218468411],[-83.68869781772692,37.764528297656945],[-83.68869396141396,37.7645648424131],[-83.68869298748511,37.76459019465266],[-83.68869421726885,37.764671306666514],[-83.68868525042424,37.76473633693466],[-83.6886838811675,37.7647607043791],[-83.68868607557305,37.76478425200436],[-83.68869822650542,37.764853037775445],[-83.68870012725995,37.764901902796154],[-83.68869536747263,37.76494064060478],[-83.68869126736536,37.764957164896586],[-83.68867898216705,37.76499432783254],[-83.6886753338382,37.76501150757765],[-83.68867472540136,37.765036060794294],[-83.68868046303383,37.765100487944814],[-83.68867572618258,37.76517266956259],[-83.68866707053257,37.765248080063806],[-83.68865599951057,37.765302876092036],[-83.68864857547905,37.76532505134671],[-83.68862643390835,37.76537810675114],[-83.68861911338163,37.765405884183686],[-83.68861816064145,37.765429025703966],[-83.68862443530885,37.76548539668635],[-83.688624088732,37.76551087560741],[-83.68862016717804,37.76553743660018],[-83.68861506314336,37.765556520731074],[-83.68860834795203,37.76557366941625],[-83.68860155367761,37.7655856219217],[-83.68859261307625,37.765596250457286],[-83.68857957804344,37.76560832342137],[-83.68853243722542,37.76563791357282],[-83.68851406870039,37.76565483956508],[-83.68849202702724,37.7656799673462],[-83.68845963305907,37.76572471951077],[-83.68844036091556,37.76575535729135],[-83.68840020451741,37.76582700803201],[-83.68837889538534,37.76585915984284],[-83.68835442660561,37.76589127803131],[-83.68833527206189,37.76591316391808],[-83.68831314581769,37.76593453014881],[-83.68828880174195,37.765954956308065],[-83.68825628765451,37.76597799683184],[-83.68821476395618,37.766002975958955],[-83.68816685864329,37.76602846792532],[-83.68812599961551,37.76604611010946],[-83.6880711187203,37.76606330703715],[-83.68803982944776,37.7660709907454],[-83.68796405607155,37.766085967457535],[-83.68792748155157,37.76609630167771],[-83.6878862744839,37.76611146581628],[-83.68786002021662,37.76612450491127],[-83.68783789774616,37.766137143898796],[-83.68782956707082,37.766146583473244],[-83.68782743352884,37.76615609499185],[-83.68783283485995,37.766164269639134],[-83.6878382334443,37.76616844406414],[-83.68785995809819,37.766179505599865],[-83.68786974587546,37.76619342479051],[-83.68787335962413,37.766205516131606],[-83.68787093607204,37.766207046748654],[-83.68786511113227,37.76620606229496],[-83.68783051222032,37.76619255872243],[-83.68781597986441,37.766188697547456],[-83.68779258573548,37.766187344455695],[-83.68776284040732,37.76618880707402],[-83.68773177289486,37.766192596167144],[-83.68770631863401,37.76619850622332],[-83.68768088540764,37.76620827855881],[-83.68765515690224,37.76622206178176],[-83.68763350928751,37.7662381989891],[-83.68760235095952,37.76626801115478],[-83.68755229154426,37.76632112782743],[-83.68752926064153,37.76635037027553],[-83.68747917649642,37.7664234929792],[-83.68746405813486,37.76644211403002],[-83.68744884650015,37.766458003591715],[-83.6874250980403,37.766479692499665],[-83.68740417437103,37.766496509624744],[-83.68733165575917,37.766540040934885],[-83.68730496081783,37.76655949725375],[-83.68728295914302,37.766577637215626],[-83.68725940592097,37.766599913464894],[-83.68724116042804,37.766620380914276],[-83.6872247784829,37.76664315881622],[-83.68721064267113,37.76666767661361],[-83.68720023121912,37.766690781805536],[-83.68719180368552,37.766715472886396],[-83.68718603581426,37.76673956892312],[-83.68718224908737,37.76676544102958],[-83.68718174404408,37.76679067363235],[-83.68718649790861,37.76685470524077],[-83.68718002851044,37.766923712873165],[-83.68718108291073,37.766951955438024],[-83.68718982617884,37.76698739681813],[-83.68720592927741,37.767027469955956],[-83.687218569947,37.767049350771416],[-83.68725752594042,37.76710090878427],[-83.68727233515936,37.76712551012064],[-83.68728833106765,37.76715931512221],[-83.6872936805851,37.76718091533602],[-83.68729198744906,37.76719736472306],[-83.68728107375156,37.76722962642903],[-83.68727821460521,37.76724306224551],[-83.68727811545011,37.76726345194922],[-83.68728400862325,37.76732112013807],[-83.68728255952593,37.76735112889971],[-83.68727886497507,37.76738408719534],[-83.68726714446822,37.767444071894325],[-83.68725781880866,37.76747733605104],[-83.68724829461048,37.767503586289685],[-83.68723614491911,37.767528955629295],[-83.68721625877336,37.767563919251536],[-83.68715030758378,37.767660831651305],[-83.68713518598156,37.76769074181525],[-83.68710770736503,37.767756487608665],[-83.68709426368473,37.767784714442264],[-83.68706210541828,37.76784283437109],[-83.68703410268728,37.76788569308651],[-83.6870013586926,37.7679280281152],[-83.68697049815167,37.7679615163124],[-83.68695413668509,37.76797546040822],[-83.68691149533575,37.7680066665088],[-83.68689316362025,37.76802438069774],[-83.68688384918437,37.76803766035783],[-83.68686016201195,37.76807872930999],[-83.68684590405178,37.768095695666844],[-83.68681077652238,37.768131312890326],[-83.68679800727068,37.76814708293662],[-83.68677434290765,37.7681917513207],[-83.68676564973987,37.768205205629606],[-83.68672810544027,37.768244839651686],[-83.68672205405686,37.76825556563649],[-83.68671114514214,37.768282414376586],[-83.68670296767624,37.76829427554672],[-83.6866746830844,37.76831606382922],[-83.68665616331613,37.768327710361895],[-83.68661223662015,37.768351452466604],[-83.68659446860549,37.76836319898532],[-83.68655899151692,37.76839449118987],[-83.68652612525385,37.76843230184267],[-83.68651016559372,37.76845434040852],[-83.68649925251049,37.768472729691815],[-83.68648395813514,37.76851217833673],[-83.6864721058262,37.76855958523336],[-83.6864644571182,37.76862551581605],[-83.68645830850576,37.768648517764376],[-83.68645166484181,37.76866619355274],[-83.68644193474822,37.76868396975949],[-83.68642308367944,37.768711618674125],[-83.68637484200345,37.76877097090252],[-83.68636057218548,37.768791031604515],[-83.68635071141347,37.76880976413068],[-83.6863319992191,37.76885413328547],[-83.6863206503798,37.76887372157078],[-83.68630458092628,37.76889469991847],[-83.686288296677,37.76891236686922],[-83.6862706789985,37.76892681850491],[-83.68621667176605,37.76896340277129],[-83.68618320227009,37.76899360793082],[-83.68614772810771,37.76903079147919],[-83.68611828514736,37.76906565126059],[-83.68609188140192,37.76910137619562],[-83.6860687688576,37.76913769220856],[-83.68604673314734,37.76917790965963],[-83.68602780036834,37.76921841113717],[-83.68601018399433,37.76926316517784],[-83.6859804649935,37.76936724917557],[-83.68595843072563,37.76941965153662],[-83.68595152369699,37.76943951127705],[-83.68594724943509,37.76945947824547],[-83.68594185031722,37.769504614102296],[-83.68593813425784,37.769524418192766],[-83.6859308526872,37.76954752220319],[-83.6859109682224,37.769597774437806],[-83.68590463088243,37.76961904899462],[-83.68589838690505,37.76965293768876],[-83.68589420691082,37.769692183322825],[-83.68589375999505,37.76971644167313],[-83.6858963898747,37.76977032718336],[-83.68589556582835,37.769793185426714],[-83.68588880211206,37.76983812482999],[-83.68587671997216,37.76988708401732],[-83.68586390575126,37.76992599661779],[-83.68584727969726,37.769967095459094],[-83.68583400821566,37.769993419553934],[-83.68580099683348,37.77005005059894],[-83.68578932699381,37.77007389752547],[-83.68577639736485,37.77010762359784],[-83.68576118311539,37.77015484740277],[-83.68575058902165,37.77019392377702],[-83.68574163240223,37.77023777137441],[-83.68571932681267,37.77039494006169],[-83.68570764308767,37.77045752592366],[-83.68567722506992,37.77058825898303],[-83.68566453956544,37.77063275183652],[-83.68565107848794,37.77067251996371],[-83.68562779337388,37.77073401433767],[-83.68560857875246,37.77077308977291],[-83.68559291353178,37.77079628330421],[-83.68555460316608,37.77084341208548],[-83.68553941168248,37.770864462411616],[-83.68552597521231,37.77088770143671],[-83.68549932440771,37.770940722838276],[-83.68548600206876,37.77096290013255],[-83.68546664609599,37.77099019626767],[-83.68544800902013,37.771013466396035],[-83.68539164416096,37.77106977279904],[-83.68537085393949,37.771097802584606],[-83.68535441320117,37.77112541755378],[-83.68534450393437,37.77115280516046],[-83.6853325425798,37.77121497566665],[-83.685323676693,37.771238164543554],[-83.68531415436362,37.77125217655263],[-83.68528463864996,37.77128613825855],[-83.68527860793932,37.77129629300406],[-83.68527547186937,37.771305868376125],[-83.68527516516731,37.77131693398873],[-83.6852797074109,37.771342307685664],[-83.68528009017417,37.771353498673705],[-83.68527890370126,37.77137054506257],[-83.68527496486654,37.771379284092944],[-83.68526263263998,37.77138855243269],[-83.68525784070678,37.771389504918595],[-83.6852521250981,37.771388629974226],[-83.68522796416696,37.77137777543886],[-83.68521761451365,37.77137570447786],[-83.68520134334817,37.771378152715094],[-83.68518393760276,37.77138433109497],[-83.68516721634745,37.771394096068285],[-83.68515603092763,37.77140504865281],[-83.68515326525329,37.77141191751615],[-83.6851522734282,37.77143161457234],[-83.68514939235536,37.771439784128894],[-83.68514077114912,37.771449612096944],[-83.68512967030392,37.77145774877462],[-83.68511789148158,37.77146285421501],[-83.68510140169651,37.771467133708235],[-83.68508936965868,37.77146811153329],[-83.6850611350048,37.77146653189574],[-83.68504947251999,37.77146824842316],[-83.68503817785061,37.7714740459273],[-83.68501250567437,37.77149396024463],[-83.6849984207815,37.771500663181556],[-83.68495998842702,37.771514258446885],[-83.68494351272071,37.77152186279922],[-83.68493016288053,37.7715311049502],[-83.68490270465007,37.77155478803044],[-83.68488891479234,37.77156355438235],[-83.68487390049455,37.77156955434486],[-83.68482845033084,37.77158321047705],[-83.68477913781349,37.771607344407386],[-83.68474473981537,37.77162996052176],[-83.68469684109182,37.77166822936903],[-83.68467081287243,37.77169148425937],[-83.68461551034105,37.771746628613016],[-83.6845884340427,37.771769802953784],[-83.68453623882766,37.771806625705416],[-83.68447996647556,37.77184015089385]]}},{"type":"Feature","properties":{"OBJECTID":40,"TRAIL_NAME":"Connector-The Original No. 1-Balanced Rock No. 2","TRAIL_ID":null,"OWNER":"Parks","OWNTYPE":"STATE","OTHOWNTYPE":" ","MANAGER":"Parks","ADA_ACCESS":"No","LANDTYPE":"PUBLIC","SURFACE":"Natural","OTHSURFACE":" ","HIKING":"Yes","BIKING":"No","HORSE":"No","MOTORCYCLE":"No","ATV":"No","WATER_TRL":"No","DESCRIPTN":"Connects The Original and Balanced Rock","RATING":null,"SCHEDULE":null,"TRAIL_MILE":0.1,"FEE":"No","DOGS":"NO","HYPERLINK":" ","TRAILHD_ID":null,"PUBLIC_NAME":"Natural Bridge","MAINTENANC":null,"MA_ID":null,"STATUS":null,"TRAIL_CONFIG":null,"BLAZE":null,"AGENCY":"Parks","CONTACT":"https://parks.ky.gov/contact-us/general-inquiries","XY_SOURCE":"from GPS","XY_ISSUES":null,"ATT_SOURCE":" ","ATT_ISSUES":null,"COMMENTS":null,"MODIFYDATE":null,"CREATEDATE":-2209161600000,"GlobalID":"{F104446F-473C-4599-BDC3-13487E710752}","Shape.STLength()":316.5921417801018,"rrgh_source":"ky-state-park-trails","rrgh_classification":"official-state-park-trail","rrgh_planner_eligible":true,"rrgh_part":0},"geometry":{"type":"LineString","coordinates":[[-83.68086025366836,37.77555836508629],[-83.68089232285365,37.77556240553408],[-83.68092347689061,37.775568793443504],[-83.680954696467,37.7755777455559],[-83.68098239746449,37.77558833989017],[-83.68102160679152,37.775609090465736],[-83.68104227726258,37.775623914351726],[-83.68106731626374,37.775645505039996],[-83.681093268974,37.77567394927801],[-83.68113769814109,37.77573829004196],[-83.68115924432095,37.77576445926621],[-83.68120898568182,37.77580553406778],[-83.68121858593892,37.775815881878366],[-83.68122505214768,37.77582610343816],[-83.68123194125944,37.775844387967645],[-83.68123347025474,37.77585623638886],[-83.68123242150031,37.775882698779995],[-83.68123407934839,37.775893086052],[-83.68124128127519,37.77590955410537],[-83.68125536943353,37.77593174396273],[-83.68126806989909,37.77594821746744],[-83.68128449458824,37.77596538931672],[-83.68133991489381,37.77601294730758],[-83.68136447374236,37.776033875013674],[-83.68138034867157,37.77604536190648],[-83.68139879212089,37.77605639842619],[-83.68141365887745,37.77606325064935],[-83.68143017468023,37.77606849472756],[-83.68144599329693,37.77607160119859],[-83.68145963014767,37.77607166168014],[-83.68149308402592,37.77606597987338],[-83.68150813819268,37.77606556929453],[-83.68153684925437,37.776071076545186],[-83.6815515178061,37.77606923989065],[-83.68158496151014,37.776057727425716],[-83.68160011691845,37.77605757119283],[-83.68161268293953,37.77606193092767]]}},{"type":"Feature","properties":{"OBJECTID":49,"TRAIL_NAME":"Needle's Eye Staircase","TRAIL_ID":null,"OWNER":"Parks","OWNTYPE":"STATE","OTHOWNTYPE":" ","MANAGER":"Parks","ADA_ACCESS":"No","LANDTYPE":"PUBLIC","SURFACE":"Natural","OTHSURFACE":" ","HIKING":"Yes","BIKING":"No","HORSE":"No","MOTORCYCLE":"No","ATV":"No","WATER_TRL":"No","DESCRIPTN":"Connects Laurel Ridge to Battleship Rock Trail","RATING":null,"SCHEDULE":null,"TRAIL_MILE":0.10407835,"FEE":"No","DOGS":"NO","HYPERLINK":" ","TRAILHD_ID":null,"PUBLIC_NAME":"Natural Bridge","MAINTENANC":null,"MA_ID":null,"STATUS":null,"TRAIL_CONFIG":null,"BLAZE":null,"AGENCY":"Parks","CONTACT":"https://parks.ky.gov/contact-us/general-inquiries","XY_SOURCE":"from GPS","XY_ISSUES":null,"ATT_SOURCE":" ","ATT_ISSUES":null,"COMMENTS":null,"MODIFYDATE":null,"CREATEDATE":-2209161600000,"GlobalID":"{131A45B1-316E-46BA-B6B6-6773F31C23EC}","Shape.STLength()":548.0823540575077,"rrgh_source":"ky-state-park-trails","rrgh_classification":"official-state-park-trail","rrgh_planner_eligible":true,"rrgh_part":0},"geometry":{"type":"LineString","coordinates":[[-83.68497912365748,37.7778499501862],[-83.6849741497167,37.77785375358947],[-83.68496775747141,37.777860613515905],[-83.68496273409555,37.77786567427811],[-83.68495862319706,37.77787316725735],[-83.68494800461937,37.77789013161771],[-83.68494166416302,37.777895682345545],[-83.68493411212405,37.777899805387094],[-83.68491831695805,37.77790576950089],[-83.68490597052167,37.777908333630876],[-83.68488227479605,37.77790701836565],[-83.684841448052,37.77789510845772],[-83.68482293833443,37.77789187606816],[-83.68480761831671,37.77789260685007],[-83.68476268569239,37.77790042063236],[-83.68475176512095,37.777899156150085],[-83.68474469318156,37.777894403053764],[-83.68473877456665,37.777883341447904],[-83.68473939894658,37.77787982334929],[-83.68474245371434,37.77787636907796],[-83.68476292181556,37.77786466640139],[-83.68476912954767,37.77785875997481],[-83.68477588811051,37.77784439003786],[-83.68477640435071,37.777840009243285],[-83.68477500746913,37.77783752479893],[-83.68476583296992,37.77783627215664],[-83.68475446919392,37.777838275244314],[-83.68475060214925,37.7778421808489],[-83.68474663153323,37.77785650091444],[-83.68474306611736,37.777861335758125],[-83.68472940165208,37.77786657545458],[-83.68471564870188,37.777866900689716],[-83.6847067484864,37.777863749714385],[-83.68470178366658,37.777859795741215],[-83.68470129209983,37.77785612144579],[-83.68470392815432,37.7778463351143],[-83.68470239451693,37.77783365211467],[-83.6846962776563,37.77781999719799],[-83.6846618381634,37.777774973120515],[-83.68462059440945,37.77772041931941],[-83.68460741775925,37.77769690333298],[-83.68459742684354,37.777674695579165],[-83.68458990976215,37.77765021843609],[-83.68458172694304,37.777609895197024],[-83.68457225811434,37.77755778566049],[-83.68456822608293,37.77751799444059],[-83.6845667637997,37.77746878922455],[-83.68456827180337,37.777451774635836],[-83.68457142680495,37.7774366949388],[-83.68458104758061,37.77741017394474],[-83.68459422438302,37.7773859944433],[-83.68460520600506,37.77737310153306],[-83.6846353925527,37.777345979370594],[-83.68464552468613,37.777332294190536],[-83.68465337265816,37.77731263455874],[-83.68465747155487,37.77729237956662],[-83.68465747340589,37.777273320558734],[-83.68465339872648,37.77725637895752],[-83.6846462461686,37.77724167389769],[-83.68463750327508,37.777229780832016],[-83.68462341564813,37.7772186336541],[-83.68460355788,37.77720948561524],[-83.68457816767231,37.777202464725534],[-83.68454820091712,37.77719783995251],[-83.6845166985851,37.77719687817366],[-83.68450311024311,37.77719220440844],[-83.68449044323405,37.77718527156672],[-83.68448175340956,37.77717779072012],[-83.68447790015897,37.777170572487066],[-83.68447817424821,37.7771637255738],[-83.6844810011368,37.777155417573326],[-83.68448565580408,37.777147725829984],[-83.68449097877523,37.77714260068121],[-83.6844987732828,37.77714004673442],[-83.68451012518989,37.77714022563228],[-83.68454546326747,37.77714898183124],[-83.68455736960274,37.77715386904576],[-83.68458589580112,37.77716921641847],[-83.68463087632043,37.77718607795717],[-83.68467665531564,37.777197928388695],[-83.68472810891157,37.77720837522434],[-83.68475750983825,37.77721268475187],[-83.68477447237962,37.77721230675325],[-83.68477771407103,37.77721023019459],[-83.68477747422895,37.77720689085996],[-83.68475894147787,37.777187442149305],[-83.68474599809399,37.77717705655354]]}},{"type":"Feature","properties":{"OBJECTID":50,"TRAIL_NAME":"The Original Trail 1","TRAIL_ID":"1","OWNER":"Parks","OWNTYPE":"STATE","OTHOWNTYPE":" ","MANAGER":"Parks","ADA_ACCESS":"No","LANDTYPE":"PUBLIC","SURFACE":"Other","OTHSURFACE":"Concrete/Natural/Gravel","HIKING":"Yes","BIKING":"No","HORSE":"No","MOTORCYCLE":"No","ATV":"No","WATER_TRL":"No","DESCRIPTN":"Meandered up the hill to Natural Bridge.","RATING":null,"SCHEDULE":null,"TRAIL_MILE":0.75,"FEE":"No","DOGS":"NO","HYPERLINK":" ","TRAILHD_ID":null,"PUBLIC_NAME":"Natural Bridge","MAINTENANC":null,"MA_ID":null,"STATUS":null,"TRAIL_CONFIG":null,"BLAZE":null,"AGENCY":"Parks","CONTACT":"https://parks.ky.gov/contact-us/general-inquiries","XY_SOURCE":"from GPS","XY_ISSUES":null,"ATT_SOURCE":" ","ATT_ISSUES":null,"COMMENTS":null,"MODIFYDATE":null,"CREATEDATE":-2209161600000,"GlobalID":"{C3487AEA-F20F-43BC-A1DD-4A98F8EF6251}","Shape.STLength()":3810.330188426663,"rrgh_source":"ky-state-park-trails","rrgh_classification":"official-state-park-trail","rrgh_planner_eligible":true,"rrgh_part":0},"geometry":{"type":"LineString","coordinates":[[-83.67821928110028,37.775519737186684],[-83.67825478524048,37.77550853911542],[-83.67827365870963,37.77550446997362],[-83.67834415446991,37.775495480429456],[-83.6783710331547,37.77549461590069],[-83.67839493134042,37.77549601457884],[-83.67841372613574,37.775499374727055],[-83.67843406614254,37.77550547541234],[-83.67850236467683,37.77553412947762],[-83.67852965269914,37.77554344949797],[-83.67859894964595,37.77555999310772],[-83.67863433391037,37.77556542191958],[-83.67867436142613,37.77556954241208],[-83.67872185570366,37.77557310976491],[-83.6787525820233,37.77557248617832],[-83.67877275604255,37.77556919278122],[-83.67882384279717,37.775556732084276],[-83.67889043598335,37.7755476245953],[-83.67897165976474,37.775527143036534],[-83.67904173393681,37.77551344351704],[-83.67911821765796,37.77550209205172],[-83.6791915161883,37.775493903348014],[-83.67925893158451,37.77548888188027],[-83.67932210406624,37.77548690779111],[-83.6793816817827,37.77548796688517],[-83.67945161865228,37.77548700719501],[-83.67946944116368,37.775490130163625],[-83.67948322618767,37.77549634287877],[-83.67949835402688,37.775508891844254],[-83.67951413961714,37.77552912159279],[-83.67953303863196,37.77556698937418],[-83.67953752503456,37.77557957845112],[-83.679543090352,37.77560973694531],[-83.67954663286567,37.77562160401213],[-83.67955308184418,37.77563166535737],[-83.67956238029439,37.77563733478137],[-83.67957706326057,37.77564003380023],[-83.67959710905573,37.775640323100674],[-83.67962477652972,37.77563623734953],[-83.67965278323733,37.77563665904888],[-83.67970292640202,37.775643542284676],[-83.6797918320192,37.775654625111954],[-83.67982069848459,37.77566050030049],[-83.67984573649764,37.77566775090152],[-83.67985997378432,37.77567382211658],[-83.67989443493725,37.77569198991371],[-83.6799139458587,37.77569815413514],[-83.67993745830881,37.77569847298475],[-83.679981741926,37.775691026142795],[-83.67999886611729,37.775689430041744],[-83.68005001653269,37.77568891406702],[-83.68008245022956,37.77569361378258],[-83.68010910287248,37.77570262901333],[-83.68012801357733,37.77571305974731],[-83.68013830150848,37.77572303151031],[-83.68014679891103,37.77573637646839],[-83.68015363243418,37.77575311718856],[-83.68015990642263,37.775775959459224],[-83.68016147931331,37.775792232577345],[-83.68015774842074,37.77583052243115],[-83.6801585697235,37.77584743367367],[-83.68016581955811,37.77587934857067],[-83.68017046321047,37.77589071364476],[-83.68017624052433,37.775900310488275],[-83.68018783900402,37.77591294862232],[-83.6802090696015,37.775930405118565],[-83.6802473154318,37.77595888151433],[-83.68026303943691,37.77596777005945],[-83.68027827706467,37.77597418883667],[-83.68033181659392,37.775985047253656],[-83.68039497602496,37.77600569246359],[-83.68042477854029,37.77601222415043],[-83.68045704897757,37.77601735267801],[-83.68051051007035,37.77602195842349],[-83.6805375184127,37.77602317834481],[-83.6806439471076,37.77602323135878],[-83.68066388788806,37.77604989947803],[-83.68068210963388,37.77607742866825],[-83.68071102291185,37.77606728359993],[-83.68074089725906,37.776060171335956],[-83.68076509670728,37.77605649255919],[-83.68078534383314,37.776055268501054],[-83.68080190383664,37.776055220035104],[-83.68081146675031,37.776056805342115],[-83.6808284702671,37.7760664039423],[-83.68083567196376,37.7760749166772],[-83.6808449089605,37.77609807226538],[-83.68085112298135,37.77610696415949],[-83.68086608867914,37.77611788204678],[-83.68089097660182,37.77613034790761],[-83.68092115876424,37.776141274013476],[-83.68096979786463,37.77615294573709],[-83.68101169726997,37.776161630485305],[-83.6810463175195,37.7761665218508],[-83.68107282558707,37.776168977670764],[-83.68109019317741,37.776169050636334],[-83.6811192153217,37.77616488562894],[-83.68113500618398,37.77615983364044],[-83.68117876937079,37.776140554883014],[-83.68123846454353,37.77612779619088],[-83.68125159273376,37.77612278079756],[-83.68128447011415,37.776106729431866],[-83.68130393103664,37.776102039076925],[-83.6813326111862,37.7761034090054],[-83.68135269653052,37.77610704818948],[-83.68139566871088,37.77611940319167],[-83.6814135614631,37.776122310942235],[-83.6814388583682,37.77612298236389],[-83.68146959340196,37.77612126546401],[-83.68149796990099,37.77611813769733],[-83.68152054104218,37.77611382431109],[-83.68154476372658,37.77610666215273],[-83.6815668074624,37.77609767020833],[-83.68158684649572,37.77608500256273],[-83.68161268293953,37.77606193092767],[-83.68162588979547,37.77604918546045],[-83.6816355217421,37.77604380177693],[-83.68164751773148,37.776041272679535],[-83.68167744697288,37.77603882575322],[-83.68168987369722,37.77603521365121],[-83.68170348528766,37.77602572608268],[-83.68172099649449,37.77600713691972],[-83.6817350403799,37.77598755894167],[-83.68176058165047,37.77593893943875],[-83.68178783633606,37.77590107289608],[-83.68185752548473,37.77581837498245],[-83.68188607617044,37.775780277918926],[-83.6819147182226,37.77572564321399],[-83.68192363360528,37.77571344962141],[-83.68193371610813,37.77570378350314],[-83.68194955446727,37.775692733182446],[-83.68195996883398,37.77568889953673],[-83.68198620616448,37.775683815794665],[-83.68199622132659,37.77567926363291],[-83.68200556326036,37.77567103355228],[-83.68200705338118,37.775667090540075],[-83.68200653567395,37.77566228770897],[-83.68199642459906,37.77563892367572],[-83.68199678065153,37.77562729300396],[-83.68200236079834,37.77560193059644],[-83.68200336794084,37.77559081888521],[-83.6820014094191,37.77557229864416],[-83.68199565334889,37.77554678773116],[-83.68198347555551,37.77550859471543],[-83.6819662710826,37.77547102472403],[-83.68193654643919,37.77542746284375],[-83.68192847930112,37.77541345009255],[-83.6819213158982,37.77539896754227],[-83.68191869798581,37.7753902064081],[-83.68191830452342,37.77537978900883],[-83.68192011386174,37.77536934799728],[-83.68192624634767,37.77535624894184],[-83.68193723981797,37.77534247781283],[-83.68194897763817,37.77533260941306],[-83.68196754957386,37.77532105791469],[-83.68198979807539,37.775312224967955],[-83.68204514429098,37.775299746276474],[-83.68206600308156,37.7752901161903],[-83.68208108848734,37.77527837575392],[-83.6820869687285,37.7752715036739],[-83.68209790832125,37.77525409875139],[-83.68210480519589,37.77524717282059],[-83.6821212552704,37.77523779608172],[-83.6821404453408,37.775232960330456],[-83.682167505308,37.77523167980588],[-83.68218357004177,37.77523431411265],[-83.68222042252633,37.77524709734539],[-83.68223814242397,37.77524802492709],[-83.68225337815907,37.775244157000024],[-83.68227132031949,37.775232336106384],[-83.68228876651978,37.775218676325075],[-83.68230635601452,37.77520248676037],[-83.6823354770258,37.77516901931824],[-83.6823577348269,37.77513928714451],[-83.68238647502942,37.77509601402628],[-83.68244025271186,37.77500543147364],[-83.68247124549332,37.7749605206644],[-83.68249977231864,37.774922831142966],[-83.68252800832722,37.774889497417426],[-83.68255655673829,37.77485984366817],[-83.68260037448987,37.77482040867262],[-83.68262468588492,37.774802299602854],[-83.68264962247655,37.77478599820578],[-83.68269553878592,37.774761154685955],[-83.68276835650464,37.77473044290322],[-83.68280379235298,37.77471089169099],[-83.68282740878202,37.77469404623976],[-83.68284191508062,37.77467990910769],[-83.68286142550271,37.774656914582685],[-83.68287685139984,37.77463517675717],[-83.68290695664737,37.774583297265394],[-83.68292402226761,37.774561172116414],[-83.68294505204513,37.77453932148154],[-83.6829613682266,37.77452614846183],[-83.68299043198797,37.774510689381515],[-83.68302498587721,37.77449915020744],[-83.68305550239945,37.77449291841123],[-83.68307950519493,37.774491841502055],[-83.6831045005891,37.77449567968765],[-83.68311243143036,37.77449982480071],[-83.68312774601351,37.774513105564836],[-83.68313549649659,37.77451779837541],[-83.68315814184052,37.7745243918683],[-83.6831719497627,37.77452621628047],[-83.68318763815759,37.77452596336933],[-83.68324285213872,37.774517710779406],[-83.6832642466763,37.77451635877517],[-83.6833250785305,37.774519534329926],[-83.68334961564884,37.77452300590455],[-83.68337162097014,37.774527896440105],[-83.68340342863486,37.774538220894044],[-83.68342437640962,37.77455181709672],[-83.68343978209485,37.77456802195176],[-83.6834614206652,37.77460422731861],[-83.68347201169007,37.77461807497721],[-83.68349216992807,37.77463795355547],[-83.68350877168122,37.77464958240848],[-83.68352349098647,37.77465652324682],[-83.68353889263408,37.77466030016021],[-83.68355653703938,37.77466198094252],[-83.68357238641553,37.774661571863916],[-83.6835863586772,37.774659371464516],[-83.68360651998447,37.774652078605584],[-83.68363021979386,37.77463898058217],[-83.68367423950336,37.774603780195385],[-83.68369522386372,37.77459053820075],[-83.683719541123,37.77457916712925],[-83.68373571220216,37.774574497734406],[-83.6837547448736,37.77457200153785],[-83.68382303405694,37.77457207765762],[-83.68384871094916,37.77457001399015],[-83.68390988165137,37.77455824324758],[-83.68396012154014,37.7745435893934],[-83.68398710398635,37.77453342554972],[-83.68400606644369,37.77452453743079],[-83.68403510256081,37.77450596156672],[-83.68404614241436,37.77449664780378],[-83.68405668352369,37.77448518630334],[-83.68409193127658,37.77443504914868],[-83.68410982377995,37.774415242560416],[-83.68417311024146,37.77436777725625],[-83.6841926296236,37.774346338110306],[-83.68420206119758,37.77433857298897],[-83.68421623085544,37.774332175302845],[-83.68425485694605,37.774321158163076],[-83.6843039601103,37.77429808785094],[-83.68432663744969,37.77428368855945],[-83.68437570224893,37.774245733856645],[-83.68440235489633,37.77423089682698],[-83.6844509017458,37.77421852915606],[-83.68446719493681,37.77421084914434],[-83.68447344276852,37.774204691011725],[-83.68448487940076,37.77418879804638],[-83.68449093002548,37.77418321329557],[-83.6845061768275,37.77417470193698],[-83.68452257848506,37.77416783892083],[-83.68454162456854,37.774162231666644],[-83.68459025162402,37.77415410982138],[-83.68462304498908,37.774151236431145],[-83.68464658691025,37.77415214618718],[-83.68466629636711,37.77415649789661],[-83.68469577759102,37.77416668721885],[-83.684716757878,37.77417608328189],[-83.68476318002459,37.77420232025853],[-83.6847876063022,37.774211570511845],[-83.68481411521964,37.77421746767408],[-83.68483451984332,37.774219415604286],[-83.68485846274208,37.77421775106484],[-83.68488109253721,37.77421260906518],[-83.6848996736365,37.7742059937094],[-83.68491314901462,37.7741994469124],[-83.68492287400981,37.77419230962272],[-83.6849288235723,37.77418453848355],[-83.68493215949985,37.77417492827169],[-83.68492894012707,37.77417169039201],[-83.68491842487691,37.77416703881633],[-83.68490563769731,37.77416176256477],[-83.6848903122719,37.774157860299574],[-83.68483387875928,37.77415075269754],[-83.68481264949935,37.77414634311068],[-83.68477512537497,37.77413429001249],[-83.68473179610014,37.77411408198491],[-83.6847126801184,37.77410238039828],[-83.68469563739403,37.77408983172312],[-83.68467660868943,37.774072642758],[-83.68467076481387,37.77406367474289],[-83.6846681724207,37.77405639425997],[-83.68466830753204,37.77404972683587],[-83.68467102779015,37.77403897692853],[-83.6846774363367,37.77402467154217],[-83.68469650336152,37.77399822455333],[-83.68470297795639,37.773986818537026],[-83.68471438938961,37.773957378728895],[-83.68471834773075,37.773934887059845],[-83.68471764241968,37.773921806819004],[-83.68471428356641,37.77390224648651],[-83.68470920012727,37.7738847772051],[-83.68469250107381,37.773844676931546],[-83.68468824915269,37.77382479904365],[-83.68468677730876,37.77380503330824],[-83.6846892465202,37.773793756123155],[-83.6846943205515,37.773785760982335],[-83.68470145631865,37.7737782678304],[-83.68471307705933,37.773770629221026],[-83.68472925166785,37.77376398167363],[-83.68473993921944,37.7737619218423],[-83.68476928602851,37.773761599634454],[-83.6847820680857,37.77375940646447],[-83.68479483892072,37.77375433677819],[-83.68479728287686,37.77375055492575],[-83.68479933973643,37.773742693042614],[-83.68480014192309,37.77373224240474],[-83.68479645022612,37.7737087375741],[-83.68479765968785,37.77369955671724],[-83.68480256087724,37.773688317407135],[-83.68480870484268,37.77367869469876],[-83.68481578259482,37.77367116628059],[-83.68482366888648,37.77366584925076],[-83.68484114125916,37.7736599753102],[-83.68485545153482,37.773658407074755],[-83.68489560397936,37.7736596757552],[-83.68492963392322,37.77365223487576],[-83.68494162847047,37.77365085334162],[-83.68497122155763,37.773653247858164],[-83.68498771488503,37.77365824775566],[-83.68500086141036,37.773664960510345],[-83.68500911371191,37.7736738389821],[-83.68501944643963,37.773696249745925],[-83.68502535143726,37.77370471400542],[-83.68504668795993,37.77372299769718],[-83.6850690732417,37.77373498870716],[-83.68509181332429,37.7737404118931],[-83.68512612582715,37.77374287930928],[-83.68515699241843,37.77374255190853],[-83.6851880517121,37.77373904074749],[-83.6852147595579,37.77373038409577],[-83.68523896661071,37.77371905628016],[-83.6852648190532,37.7737009410901],[-83.68529404567109,37.77367237453447],[-83.68531356354163,37.77365145133758],[-83.6853222170394,37.77363726290867],[-83.68532561746039,37.77362548368071],[-83.68532678167523,37.773613551379555],[-83.6853254028124,37.773604167228385],[-83.68532125131004,37.773593913515846],[-83.68529880074382,37.77355915139323],[-83.68528326062541,37.77353534575396],[-83.6852449432229,37.77348411398596],[-83.68523074465048,37.77346154181848],[-83.68520486904782,37.77340134688045],[-83.68519561792483,37.773383217370785],[-83.6851737308949,37.773349837444115],[-83.68515754680121,37.77333048811264],[-83.68514334593037,37.77331728611577],[-83.6851325394354,37.77331031063134],[-83.68509471899321,37.77329068716858],[-83.68508544080714,37.77328156993644],[-83.68507079326757,37.77326363969103],[-83.68503384497156,37.77321213749586],[-83.68501488429933,37.77318988803475],[-83.68496899228197,37.77314182309013],[-83.68495090324606,37.773118927335126],[-83.68494605457603,37.77310883672088],[-83.68494383998006,37.77309936044259],[-83.68494313971014,37.773086951315925],[-83.68494561164451,37.77307967720122],[-83.68495171834044,37.773074094293854],[-83.68495954567294,37.77307022703532],[-83.68497665991381,37.77306827584119],[-83.68499495523817,37.773070221807956],[-83.68503431696362,37.77308303173193],[-83.6850518654092,37.773086785572524],[-83.68510044892977,37.77309680648872],[-83.68518307393751,37.77312137298042],[-83.68523772401444,37.77313669826521],[-83.68526882714818,37.77314536052442],[-83.6852947473708,37.773151258275576],[-83.68531496190089,37.773157699906704],[-83.68536308059564,37.77317699225953],[-83.68540613569543,37.77319561884411],[-83.68541710457367,37.77320362192517],[-83.68542175514496,37.77320464360254],[-83.68543802824148,37.773194418945074],[-83.68546241975395,37.77317493637313],[-83.68550209629325,37.77314340383063],[-83.68553429659039,37.773114009368236],[-83.68548587018672,37.773084045159806],[-83.68545601072623,37.7730679662624],[-83.68543363732775,37.773058054508724],[-83.68541304027843,37.773051768030385],[-83.68539435570305,37.77304930898866],[-83.68537531710948,37.773047512040336],[-83.68535694842235,37.77304337518853],[-83.68533963492101,37.77303698446625],[-83.68532379471063,37.77302849317052],[-83.68526379958402,37.77298887935837],[-83.68524375806491,37.77297804941385],[-83.68522613468076,37.77297073234758],[-83.68517454220299,37.77295011282779],[-83.68512951195868,37.77292785880315],[-83.68509592761905,37.77290030957292],[-83.6850663012159,37.772882632181044],[-83.68504469706858,37.77287390786926],[-83.68499334371153,37.772857806299534],[-83.68497041807412,37.77284724391805],[-83.6849571666043,37.77283562836151],[-83.68493569173026,37.77280776086571],[-83.68493025544251,37.77280474558913],[-83.68490516494042,37.77281562026657],[-83.68488122129907,37.77283087062116],[-83.6848651903112,37.77284616510726],[-83.68486223281313,37.77285199146322],[-83.68486303203457,37.77285599774351],[-83.6848707835152,37.77286777102239],[-83.68487383202574,37.77288022656064],[-83.6848714776561,37.772892945117505],[-83.68486832636421,37.772897318503],[-83.68486503258931,37.77289847186283],[-83.68479895561673,37.77288600545065],[-83.68475757588052,37.772873232075064],[-83.68472631084435,37.77287192930248],[-83.68468890331759,37.77286976603847],[-83.68463761190294,37.77286833309014],[-83.68458474674671,37.77287459785296],[-83.68454461780965,37.77288223879798]]}},{"type":"Feature","properties":{"OBJECTID":51,"TRAIL_NAME":"Connector-The Original Trail 1-Battleship Rock Trail 3","TRAIL_ID":null,"OWNER":"Parks","OWNTYPE":"STATE","OTHOWNTYPE":" ","MANAGER":"Parks","ADA_ACCESS":"No","LANDTYPE":"PUBLIC","SURFACE":"Other","OTHSURFACE":"Concrete/Natural/Gravel","HIKING":"Yes","BIKING":"No","HORSE":"No","MOTORCYCLE":"No","ATV":"No","WATER_TRL":"No","DESCRIPTN":"Connector to Original Trail and Battleship Rock","RATING":null,"SCHEDULE":null,"TRAIL_MILE":0.025,"FEE":"No","DOGS":"NO","HYPERLINK":" ","TRAILHD_ID":null,"PUBLIC_NAME":"Natural Bridge","MAINTENANC":null,"MA_ID":null,"STATUS":null,"TRAIL_CONFIG":null,"BLAZE":null,"AGENCY":"Parks","CONTACT":"https://parks.ky.gov/contact-us/general-inquiries","XY_SOURCE":"from GPS","XY_ISSUES":null,"ATT_SOURCE":" ","ATT_ISSUES":null,"COMMENTS":null,"MODIFYDATE":null,"CREATEDATE":-2209161600000,"GlobalID":"{7CFD81B0-55C7-4238-A486-44DE23BC351D}","Shape.STLength()":116.08235938686809,"rrgh_source":"ky-state-park-trails","rrgh_classification":"official-state-park-trail","rrgh_planner_eligible":true,"rrgh_part":0},"geometry":{"type":"LineString","coordinates":[[-83.6853830801303,37.77401486864874],[-83.68537905323096,37.77400299760436],[-83.68535269448012,37.77396290042944],[-83.68533300241135,37.773916105219975],[-83.68532373030553,37.77389888106305],[-83.68530613937396,37.77387739893059],[-83.68525408629384,37.773826938806096],[-83.68522042300046,37.773784941105745],[-83.6851880517121,37.77373904074749]]}},{"type":"Feature","properties":{"OBJECTID":82,"TRAIL_NAME":"Lakeside Trail 8","TRAIL_ID":"8","OWNER":"Parks","OWNTYPE":"STATE","OTHOWNTYPE":" ","MANAGER":"Parks","ADA_ACCESS":"No","LANDTYPE":"PUBLIC","SURFACE":"Gravel","OTHSURFACE":" ","HIKING":"Yes","BIKING":"No","HORSE":"No","MOTORCYCLE":"No","ATV":"No","WATER_TRL":"No","DESCRIPTN":"Meandered along a lake below the lodge.","RATING":null,"SCHEDULE":null,"TRAIL_MILE":0.25,"FEE":"No","DOGS":"NO","HYPERLINK":" ","TRAILHD_ID":null,"PUBLIC_NAME":"Natural Bridge","MAINTENANC":null,"MA_ID":null,"STATUS":null,"TRAIL_CONFIG":null,"BLAZE":null,"AGENCY":"Parks","CONTACT":"https://parks.ky.gov/contact-us/general-inquiries","XY_SOURCE":"from GPS","XY_ISSUES":null,"ATT_SOURCE":" ","ATT_ISSUES":null,"COMMENTS":" G:\\KY_DOP Trails\\NB\\Trailheads\\Swinging_Bridge.jpg","MODIFYDATE":null,"CREATEDATE":-2209161600000,"GlobalID":"{3C13D657-CD69-469F-9AA3-269CFD6A3096}","Shape.STLength()":1263.230362388589,"rrgh_source":"ky-state-park-trails","rrgh_classification":"official-state-park-trail","rrgh_planner_eligible":true,"rrgh_part":0},"geometry":{"type":"LineString","coordinates":[[-83.67703509225021,37.77740102559294],[-83.67704779735247,37.77738812064506],[-83.6770621050145,37.7773765872117],[-83.67708745719514,37.7773614152463],[-83.67709751314125,37.77735844331134],[-83.67710953858254,37.77735721694129],[-83.67715627210222,37.777359944277976],[-83.67717472716953,37.77735884520293],[-83.67720859590409,37.77735099940826],[-83.67724009630271,37.77733970121671],[-83.67725739505315,37.777329991845164],[-83.677296395844,37.77729925262868],[-83.67731628054135,37.77728762799698],[-83.67734028696655,37.77727867897037],[-83.67737210972156,37.777269762272574],[-83.6774114052082,37.77726276375333],[-83.67749992902554,37.777254415798176],[-83.67761483194295,37.77723760654016],[-83.67771681667627,37.777220080711736],[-83.67781052878298,37.77720103562752],[-83.67789754028874,37.77718013767195],[-83.67798903394207,37.77715161431379],[-83.6780293079809,37.77714232666332],[-83.67809957912344,37.77713505632101],[-83.67814694587562,37.77712585383756],[-83.67822515336366,37.777105861133506],[-83.67836142976317,37.77707289110605],[-83.67840138499571,37.77705989490291],[-83.67843538342599,37.77704546769042],[-83.67849608182807,37.77701129764681],[-83.67856098311155,37.77698336181419],[-83.67862983657231,37.77694913487847],[-83.6786920151516,37.77691350279627],[-83.67874761073708,37.77687641253448],[-83.67879664687672,37.776837847509746],[-83.67882610254591,37.77681304351353],[-83.6788405343965,37.77679725065868],[-83.67884819694919,37.7767850714515],[-83.67885468540737,37.77677122578242],[-83.67886415597175,37.77673849574879],[-83.67886721392065,37.776709973969645],[-83.67886524181762,37.77668176189631],[-83.6788593816465,37.776659501746806],[-83.6788468922743,37.77662886120212],[-83.67883640309121,37.77660718073787],[-83.67882347098626,37.77658475586708],[-83.67865643094949,37.7764521325009],[-83.67858783158093,37.77641276935408],[-83.67852147602443,37.77637916967295],[-83.67845447938981,37.776368450922035],[-83.6783881761423,37.77633294409625],[-83.6782327749837,37.77621765114844],[-83.67806546904175,37.77609833307936],[-83.67795971557248,37.77601253104674],[-83.67787248631481,37.7759518548047],[-83.67779881697375,37.7759219408566],[-83.67774009453754,37.77590008003288],[-83.67802169857161,37.7756494129621],[-83.67821928110028,37.775519737186684]]}},{"type":"Feature","properties":{"OBJECTID":222,"TRAIL_NAME":"Access to Trail System","TRAIL_ID":null,"OWNER":"Parks","OWNTYPE":"STATE","OTHOWNTYPE":" ","MANAGER":"Parks","ADA_ACCESS":"No","LANDTYPE":"PUBLIC","SURFACE":"Other","OTHSURFACE":"Concrete/Wood/Natural/Gravel","HIKING":"Yes","BIKING":"No","HORSE":"No","MOTORCYCLE":"No","ATV":"No","WATER_TRL":"No","DESCRIPTN":"Sidewalk, boardwalk, and stairways","RATING":null,"SCHEDULE":null,"TRAIL_MILE":0.2,"FEE":"No","DOGS":"NO","HYPERLINK":" ","TRAILHD_ID":null,"PUBLIC_NAME":"Natural Bridge","MAINTENANC":null,"MA_ID":null,"STATUS":null,"TRAIL_CONFIG":null,"BLAZE":null,"AGENCY":"Parks","CONTACT":"https://parks.ky.gov/contact-us/general-inquiries","XY_SOURCE":"from GPS","XY_ISSUES":null,"ATT_SOURCE":" ","ATT_ISSUES":null,"COMMENTS":null,"MODIFYDATE":null,"CREATEDATE":-2209161600000,"GlobalID":"{A815C120-581C-45AA-997E-883C047B14A9}","Shape.STLength()":935.6521881663083,"rrgh_source":"ky-state-park-trails","rrgh_classification":"official-state-park-trail","rrgh_planner_eligible":true,"rrgh_part":0},"geometry":{"type":"LineString","coordinates":[[-83.68018939336272,37.775584315267366],[-83.68016792054746,37.775591132670755],[-83.6801469529129,37.77559325753959],[-83.68013642399275,37.775591457084836],[-83.68011355420106,37.775583368462804],[-83.68010402795629,37.775581995605776],[-83.68008939701238,37.77558306825304],[-83.68008206634677,37.775585746365834],[-83.6800755071254,37.77559091608085],[-83.68005801841957,37.77561572770694],[-83.6800498024956,37.77562384479314],[-83.68003215517817,37.775633398101384],[-83.6799931609286,37.77564768310877],[-83.67997789347598,37.77565463401413],[-83.67994462650037,37.775674899606614],[-83.6799139458587,37.77569815413514]]}},{"type":"Feature","properties":{"OBJECTID":222,"TRAIL_NAME":"Access to Trail System","TRAIL_ID":null,"OWNER":"Parks","OWNTYPE":"STATE","OTHOWNTYPE":" ","MANAGER":"Parks","ADA_ACCESS":"No","LANDTYPE":"PUBLIC","SURFACE":"Other","OTHSURFACE":"Concrete/Wood/Natural/Gravel","HIKING":"Yes","BIKING":"No","HORSE":"No","MOTORCYCLE":"No","ATV":"No","WATER_TRL":"No","DESCRIPTN":"Sidewalk, boardwalk, and stairways","RATING":null,"SCHEDULE":null,"TRAIL_MILE":0.2,"FEE":"No","DOGS":"NO","HYPERLINK":" ","TRAILHD_ID":null,"PUBLIC_NAME":"Natural Bridge","MAINTENANC":null,"MA_ID":null,"STATUS":null,"TRAIL_CONFIG":null,"BLAZE":null,"AGENCY":"Parks","CONTACT":"https://parks.ky.gov/contact-us/general-inquiries","XY_SOURCE":"from GPS","XY_ISSUES":null,"ATT_SOURCE":" ","ATT_ISSUES":null,"COMMENTS":null,"MODIFYDATE":null,"CREATEDATE":-2209161600000,"GlobalID":"{A815C120-581C-45AA-997E-883C047B14A9}","Shape.STLength()":935.6521881663083,"rrgh_source":"ky-state-park-trails","rrgh_classification":"official-state-park-trail","rrgh_planner_eligible":true,"rrgh_part":1},"geometry":{"type":"LineString","coordinates":[[-83.6806439471076,37.77602323135878],[-83.6805995192324,37.775973093014926],[-83.68057735862833,37.77595294866867],[-83.68054453414086,37.77592724991299],[-83.68049756526827,37.77588925917442],[-83.68046652419895,37.775860356536874],[-83.6804479199575,37.775840547556506],[-83.6804266887557,37.775813089947675],[-83.68041044194422,37.77578673263726],[-83.68039688567022,37.77575781983124],[-83.68038891965976,37.775732102675974],[-83.68038442217511,37.77570713509039],[-83.68038504991706,37.77568988755616],[-83.68039115353251,37.775671607571354],[-83.6804014204675,37.775655087530325],[-83.6804094953098,37.77564681994365],[-83.68043602207727,37.775627804210075],[-83.68045356869538,37.77561815250477],[-83.68049823428336,37.77559921535117],[-83.68051694983782,37.77558718290847],[-83.6805271541557,37.775577637850134],[-83.6805303059339,37.77556883364762],[-83.68053039151498,37.77555288558439],[-83.68053032342422,37.77552939451975],[-83.68052851431734,37.775514894406],[-83.68052458183595,37.775506140753826],[-83.68051849279324,37.775503601058645],[-83.6805062499405,37.775507533252316],[-83.68049522486328,37.77551465287909],[-83.68049214016631,37.775519301877985],[-83.68048619679927,37.77553566026517],[-83.68047272395968,37.775548682557954],[-83.68045286088923,37.77556036978755],[-83.68041803140639,37.7755733265552],[-83.68038086604759,37.775583705633295],[-83.68033832846221,37.775590327207325],[-83.68028988089692,37.775593315367026],[-83.68023235191774,37.77559287214874],[-83.68020978517109,37.775593194442955],[-83.68019916337646,37.77559096201746],[-83.68019163786832,37.77558623253859],[-83.6801837741795,37.77557857798151],[-83.68017837672154,37.7755668684091],[-83.68017718669267,37.77554202140058],[-83.68017515002833,37.7755326371053],[-83.68016724860976,37.77551603078933],[-83.68015523330288,37.77549707018892],[-83.6801372910779,37.77547372807336],[-83.6801199686058,37.77545711241241],[-83.68010298314633,37.77544478456213],[-83.68008854843598,37.775437353089444],[-83.6800700311309,37.77543183520507],[-83.68005173013941,37.77542962439114],[-83.68003693753342,37.77542998225016],[-83.68002671417614,37.775432000356204],[-83.68002165531617,37.77543504303846],[-83.68001793561909,37.7754401814915],[-83.68001055329626,37.775466436459396],[-83.68000476170668,37.77547593555234],[-83.6799929255076,37.77548642457764],[-83.67998298988243,37.775491631725856],[-83.67996303708303,37.77549388053201],[-83.67994295278606,37.77549166304666],[-83.67990552900345,37.775480968357336],[-83.67985559441979,37.7754678388539],[-83.67980381406291,37.77545228609492],[-83.67969190983864,37.77541303768761],[-83.67962942234608,37.7753894297614],[-83.6795933763592,37.77537258912706],[-83.67956216439319,37.77535375423654],[-83.67952832772764,37.775329624487576],[-83.6794966328658,37.77530361012492],[-83.67946633481704,37.77527479613722],[-83.67944017257507,37.77524607218822],[-83.67941606540627,37.77521546782027],[-83.67939645902217,37.7751866722418],[-83.67937902168114,37.775156878959685]]}},{"type":"Feature","properties":{"OBJECTID":222,"TRAIL_NAME":"Access to Trail System","TRAIL_ID":null,"OWNER":"Parks","OWNTYPE":"STATE","OTHOWNTYPE":" ","MANAGER":"Parks","ADA_ACCESS":"No","LANDTYPE":"PUBLIC","SURFACE":"Other","OTHSURFACE":"Concrete/Wood/Natural/Gravel","HIKING":"Yes","BIKING":"No","HORSE":"No","MOTORCYCLE":"No","ATV":"No","WATER_TRL":"No","DESCRIPTN":"Sidewalk, boardwalk, and stairways","RATING":null,"SCHEDULE":null,"TRAIL_MILE":0.2,"FEE":"No","DOGS":"NO","HYPERLINK":" ","TRAILHD_ID":null,"PUBLIC_NAME":"Natural Bridge","MAINTENANC":null,"MA_ID":null,"STATUS":null,"TRAIL_CONFIG":null,"BLAZE":null,"AGENCY":"Parks","CONTACT":"https://parks.ky.gov/contact-us/general-inquiries","XY_SOURCE":"from GPS","XY_ISSUES":null,"ATT_SOURCE":" ","ATT_ISSUES":null,"COMMENTS":null,"MODIFYDATE":null,"CREATEDATE":-2209161600000,"GlobalID":"{A815C120-581C-45AA-997E-883C047B14A9}","Shape.STLength()":935.6521881663083,"rrgh_source":"ky-state-park-trails","rrgh_classification":"official-state-park-trail","rrgh_planner_eligible":true,"rrgh_part":2},"geometry":{"type":"LineString","coordinates":[[-83.68098604671063,37.77645301749156],[-83.68092907907217,37.77640547460842],[-83.68087557717097,37.776355673700515],[-83.68083350939565,37.776312763885414],[-83.68080118362928,37.77627599161241],[-83.68076618431263,37.776229866081],[-83.6807340980131,37.776180546923804],[-83.68070736891465,37.77613169203539],[-83.68068210963388,37.77607742866825]]}},{"type":"Feature","properties":{"OBJECTID":224,"TRAIL_NAME":"Rock Garden Trail 4","TRAIL_ID":"4","OWNER":"Parks","OWNTYPE":"STATE","OTHOWNTYPE":" ","MANAGER":"Parks","ADA_ACCESS":"No","LANDTYPE":"PUBLIC","SURFACE":"Natural","OTHSURFACE":" ","HIKING":"Yes","BIKING":"No","HORSE":"No","MOTORCYCLE":"No","ATV":"No","WATER_TRL":"No","DESCRIPTN":"Meandered along the side of the ridge through the woods.","RATING":null,"SCHEDULE":null,"TRAIL_MILE":1.45940295,"FEE":"No","DOGS":"NO","HYPERLINK":" ","TRAILHD_ID":null,"PUBLIC_NAME":"Natural Bridge","MAINTENANC":null,"MA_ID":null,"STATUS":null,"TRAIL_CONFIG":null,"BLAZE":null,"AGENCY":"Parks","CONTACT":"https://parks.ky.gov/contact-us/general-inquiries","XY_SOURCE":"from GPS","XY_ISSUES":null,"ATT_SOURCE":" ","ATT_ISSUES":null,"COMMENTS":null,"MODIFYDATE":null,"CREATEDATE":-2209161600000,"GlobalID":"{861B4B74-A478-4F7C-A8AA-185FB19D712F}","Shape.STLength()":7699.017635726359,"rrgh_source":"ky-state-park-trails","rrgh_classification":"official-state-park-trail","rrgh_planner_eligible":true,"rrgh_part":0},"geometry":{"type":"LineString","coordinates":[[-83.68553429659039,37.773114009368236],[-83.68556035483584,37.773130324572946],[-83.68558709837849,37.7731404554057],[-83.68561598935713,37.77314496141224],[-83.68564872513323,37.77314410704168],[-83.6856924471443,37.77314063540987],[-83.68573686223608,37.773139561367564],[-83.68578210251475,37.77314932795683],[-83.685843001111,37.77317634128978],[-83.68584666818737,37.77318093099969],[-83.68585781076692,37.773202962403076],[-83.68586437913933,37.77321211070631],[-83.68587351670352,37.77321945885184],[-83.68588371080189,37.77322209166446],[-83.68595252351827,37.77322462697477],[-83.68598354346635,37.773222944286736],[-83.68601068751373,37.77321918951334],[-83.68603741492726,37.77322128053734],[-83.68605980649326,37.77322700390533],[-83.68612466414316,37.77324884069553],[-83.68616186810146,37.77326154712797],[-83.68618281613188,37.77326706014247],[-83.6862057727119,37.77327033198541],[-83.68622845595713,37.77327047919267],[-83.6862562959226,37.77326590218112],[-83.68631190405746,37.773248525667235],[-83.68633012264058,37.773241999452075],[-83.68634814201569,37.77322948377862],[-83.68636408084858,37.77321371242991],[-83.68639800886486,37.773174500550176],[-83.68641510650744,37.7731597166233],[-83.68642472918626,37.773154628427434],[-83.6864342855555,37.77315214059204],[-83.68644397851612,37.77315220200018],[-83.68645392635125,37.77315481657856],[-83.6864694900477,37.77316212336313],[-83.68651503330291,37.77318797175973],[-83.68652987295678,37.77319321341357],[-83.6865718800826,37.77320426732731],[-83.68658267289102,37.77320890835703],[-83.68659069567781,37.77321439126694],[-83.68659758332102,37.773222135283405],[-83.68660334719107,37.77323228497461],[-83.68661637819835,37.7732700538239],[-83.68662273178509,37.77329044619541],[-83.68662722567623,37.77331342664869],[-83.68663504227175,37.773406992904896],[-83.68664256594303,37.773446805316716],[-83.68665236412384,37.77348183746955],[-83.68666076909327,37.773502237433476],[-83.68669392389762,37.77354820549584],[-83.6866988576298,37.77356034569014],[-83.68671105613633,37.77360140528907],[-83.68672552661049,37.77362780988981],[-83.68674442117283,37.773654339327514],[-83.68675822404563,37.773669546292034],[-83.68679637675177,37.77370600981636],[-83.68681437343942,37.77372710221704],[-83.68685352078154,37.77377823652291],[-83.68687503183165,37.773801796439066],[-83.68692423155514,37.77384426701495],[-83.68695475343388,37.77387778367148],[-83.68701633883643,37.77396313414413],[-83.68704781522241,37.77399928120242],[-83.68706738406125,37.77401588216743],[-83.68709261963933,37.77403260991645],[-83.68719333772694,37.77408577910525],[-83.68722942444163,37.774108253484584],[-83.68724584747254,37.77412154732272],[-83.68725866690335,37.77413503476356],[-83.68726813538132,37.77414898419046],[-83.68727435120843,37.77416354724484],[-83.68728270592081,37.77419926105985],[-83.68728345538932,37.77421359106788],[-83.68728198509467,37.7742261977048],[-83.68727650543988,37.774239287431364],[-83.68725501707063,37.77426899381171],[-83.68724834281915,37.77428295418597],[-83.6872461970257,37.77429423753009],[-83.68724568699841,37.77430715972928],[-83.6872497139471,37.774349912768294],[-83.68725375913237,37.7743722775931],[-83.68727155368418,37.7744328217759],[-83.6872731610222,37.77445083766682],[-83.6872709335792,37.77446673985272],[-83.68726139253937,37.774497762699696],[-83.68725581718458,37.77450671000206],[-83.68724894113483,37.77451280622452],[-83.68723769763193,37.77451671527318],[-83.68721006289148,37.77451953022927],[-83.68719923058251,37.77452196051809],[-83.68717847800113,37.77453221211598],[-83.68714647419677,37.77455486024157],[-83.68711567100408,37.774577477103215],[-83.68708829361717,37.77460036002309],[-83.68707398488003,37.774615511705974],[-83.68706082051145,37.774634377664384],[-83.68702559042546,37.77470341447892],[-83.68701067295598,37.77472753142183],[-83.68699171097123,37.774748494749986],[-83.68696957409452,37.774763339396245],[-83.68694738965468,37.77477323483615],[-83.68692413261753,37.774781339646395],[-83.68689138616287,37.774786921929675],[-83.68687973291959,37.774791166532104],[-83.68686859317526,37.774800721150584],[-83.68685623326289,37.77481799854259],[-83.68685117097795,37.77482805659103],[-83.68684803218419,37.774839962226054],[-83.68684526057295,37.77488573442173],[-83.68684145014412,37.774903699388304],[-83.68682842059962,37.7749290647234],[-83.68678432087135,37.774986999859834],[-83.68677534021342,37.775001297637246],[-83.68676904922417,37.775014555486926],[-83.68676205925999,37.77504254195785],[-83.68675598168221,37.77510585730364],[-83.68674931357785,37.775130318636165],[-83.68672456013542,37.775174204298665],[-83.68671825369198,37.775188337011315],[-83.68671535576692,37.77520005265848],[-83.68671419993089,37.775213238634784],[-83.68671877800465,37.775274151470576],[-83.68671817643107,37.77528844676903],[-83.68671576715765,37.775300986201756],[-83.68669726539295,37.77534119122369],[-83.68669296776856,37.7753552101141],[-83.68669232887062,37.7753691282969],[-83.68669586748341,37.775409303784464],[-83.68669177334623,37.775444145446315],[-83.68668366745926,37.77547274354816],[-83.6866705603938,37.77549827085025],[-83.68664726775872,37.77553160099191],[-83.68662646844814,37.77555425654535],[-83.68657100699167,37.77560243394019],[-83.68655934244238,37.77561523279612],[-83.68655056713952,37.775627657003085],[-83.68653766008774,37.77565146222976],[-83.68652961894212,37.77567215985039],[-83.68652392108733,37.77569480983776],[-83.6865215290568,37.775713768685634],[-83.68652228151028,37.775730343116116],[-83.68652621918672,37.77574466672068],[-83.68653133831542,37.77575330404632],[-83.68654852523996,37.77577313364575],[-83.68655461903758,37.775782666125586],[-83.68656069777991,37.7758017091306],[-83.68656381943339,37.7758270177266],[-83.6865638115559,37.775854129273604],[-83.68655961972374,37.775876479535164],[-83.68655443344547,37.77588719735276],[-83.68653785420156,37.77591101293585],[-83.68653341924286,37.775922881089976],[-83.68653411848548,37.7759477891079],[-83.68653047443402,37.77595508105392],[-83.68651371935385,37.77597653479655],[-83.68651163859828,37.775985307753075],[-83.68651076312048,37.77600527138131],[-83.68650881923915,37.77601274377076],[-83.68649371889187,37.776036044173594],[-83.68648797410093,37.776052396914],[-83.68648554008337,37.776066395292496],[-83.6864865443487,37.77607728157139],[-83.68649094898764,37.77608492452403],[-83.68649826072568,37.776088828598574],[-83.68652359457641,37.77609422172274],[-83.68653282976636,37.7760983729809],[-83.68653846774394,37.77610448001105],[-83.68654273124194,37.776112905743226],[-83.68654887287745,37.77614108271387],[-83.68655111157199,37.77616094443769],[-83.68655046109635,37.776180382483716],[-83.68654696978811,37.77619816942264],[-83.68654077207889,37.77621367740061],[-83.68653485755524,37.77622235141509],[-83.68652612176876,37.77623117300285],[-83.68648744611774,37.77626003904233],[-83.68647374939619,37.77627269303123],[-83.68644265049787,37.77630522242354],[-83.68643764635024,37.77631458603887],[-83.6864376723694,37.776322190995415],[-83.6864444160268,37.7763292205415],[-83.68647212248227,37.77634291747523],[-83.68648167256795,37.77635045567518],[-83.68648637676456,37.776359994338264],[-83.686490577624,37.776383528147086],[-83.68649427274296,37.776393213128976],[-83.6865139504729,37.77641491643715],[-83.68651867261279,37.776421877279255],[-83.68652165976138,37.776431420522016],[-83.6865221532368,37.776442741136655],[-83.68651507256482,37.77648355819359],[-83.68650197186972,37.77655416703784],[-83.68648907755424,37.77661521337619],[-83.68648622597509,37.77663874492477],[-83.68648842545292,37.77666232267677],[-83.68649196245573,37.77667241812555],[-83.6864971725314,37.77668154920478],[-83.68651125833992,37.77669817621186],[-83.6865288483123,37.77671332336631],[-83.68654619947883,37.77672234165975],[-83.68658981776105,37.77673670149288],[-83.68660484776153,37.776745135586964],[-83.68663498353891,37.77677851218054],[-83.68664722004026,37.776787172879544],[-83.6866785508241,37.77680448896644],[-83.68669048755909,37.776814076183506],[-83.68669818910287,37.77682418391533],[-83.68670459189545,37.77683671507905],[-83.68671845074927,37.776880442505934],[-83.68673855356298,37.77693620560751],[-83.68674623381824,37.77696594045354],[-83.68674778942575,37.776993337359514],[-83.68674583797039,37.77700539786707],[-83.68674204853188,37.777016528233254],[-83.68673420551067,37.77703146646684],[-83.68672402449529,37.77704618335565],[-83.68671209244482,37.77705983515504],[-83.6866989872219,37.77707176283721],[-83.68666577738254,37.77709296449856],[-83.6866562299463,37.77710394274156],[-83.68664842633346,37.7771175690041],[-83.6866423554692,37.77713384974949],[-83.68663793262405,37.77715300945734],[-83.68663544716512,37.77717744415727],[-83.68663821340819,37.77719607699296],[-83.68664313590469,37.77720732809467],[-83.68665091350148,37.7772197283821],[-83.68667981403242,37.7772487049148],[-83.68669423581662,37.77727227310539],[-83.68670461399878,37.77729990594769],[-83.68670804242643,37.777321066745365],[-83.68670727999591,37.777345043298915],[-83.6867025285422,37.77737201218212],[-83.68669241350425,37.77740973307719],[-83.68667935390023,37.77744720968838],[-83.68666191383006,37.77748359565414],[-83.68663737405168,37.77752520539802],[-83.6866264177334,37.77753938334044],[-83.68661491308623,37.777551140907306],[-83.6865885781141,37.77757110787212],[-83.68655821407452,37.777587709653965],[-83.68652162952827,37.777601158814484],[-83.68651082895538,37.77760793253877],[-83.68650117308898,37.77761648837124],[-83.68649260966734,37.777626870777766],[-83.68648505188543,37.77763918390832],[-83.6864730523869,37.77766853192439],[-83.68646052937821,37.777716048898654],[-83.68645032448414,37.77774597330629],[-83.68644751020383,37.777758188586816],[-83.68644794574304,37.777769670008546],[-83.68645263062794,37.77777836724691],[-83.68646370994306,37.777787126749686],[-83.6864779306412,37.777794058112804],[-83.68648564133086,37.77779549720749],[-83.68649477387525,37.777794801628495],[-83.68653781973654,37.77778118065238],[-83.68654745962877,37.77777971853609],[-83.68655552984752,37.77778035192287],[-83.68657014596569,37.77778530480437],[-83.68658500722046,37.77779337505456],[-83.68659783432695,37.777803312422286],[-83.68660676268465,37.77781367973458],[-83.68660968226152,37.777819967620346],[-83.6866111618332,37.77782766581136],[-83.6866115619329,37.77786488661971],[-83.68661959146178,37.777886626330506],[-83.68664915648355,37.777938733108684],[-83.68665323537476,37.77795262888435],[-83.68665308650216,37.77796480365714],[-83.68664822228413,37.77797721354478],[-83.68663821203752,37.777990288228594],[-83.68658866064366,37.778033319634574],[-83.68657245859063,37.77805126211259],[-83.6865537437786,37.77808116008629],[-83.68653465798079,37.77811841454261],[-83.68650765921916,37.77818740588974],[-83.6864690590167,37.77825676138442],[-83.68645621578628,37.778289728442104],[-83.68644625870597,37.778323734571686],[-83.6864412601855,37.77837223664767],[-83.68643575872845,37.77839060642606],[-83.68642687751603,37.77840420879742],[-83.68641342354785,37.77841818758219],[-83.6863591583549,37.77845984640999],[-83.68631059246847,37.77849360115037],[-83.68621109951708,37.77855107227174],[-83.68617221744455,37.77857572221966],[-83.68612747806735,37.7786064490884],[-83.68610147682506,37.77862638883144],[-83.68607041236575,37.77865437677747],[-83.68604192181137,37.77868428671565],[-83.68601652794875,37.77871556901859],[-83.68599466589002,37.77874768719983],[-83.6859845455126,37.77876745264084],[-83.68596543795461,37.77881524074755],[-83.68595282330891,37.77883691445215],[-83.6859341767206,37.778859740643306],[-83.6859210760173,37.77887003956978],[-83.68590597314939,37.77887871056105],[-83.68588886807171,37.77888575364308],[-83.68586976073298,37.77889116883696],[-83.68583084519047,37.77893126702772],[-83.68579248708728,37.77897786960221],[-83.68575404530895,37.7790329632122],[-83.68572883695347,37.779072364589986],[-83.68571514465049,37.779099001935236],[-83.68570972678518,37.77911479027564],[-83.68570108759889,37.77915185493147],[-83.68569594537932,37.77916813006277],[-83.68567824648692,37.7792092228499],[-83.68566054539284,37.779236939452744],[-83.68564362119174,37.77925363803579],[-83.68559174516265,37.779294014515415],[-83.68554945113479,37.77934348151922],[-83.68553404553273,37.779358916420755],[-83.68546965277241,37.77940431627474],[-83.68544003721836,37.779433961984196],[-83.68541660291191,37.7794640108303],[-83.68540025783915,37.77949328610754],[-83.68539127057713,37.77952126995733],[-83.6853904097892,37.77954076585894],[-83.68539718562636,37.7795853884401],[-83.68539745921692,37.779605012749336],[-83.68539460845757,37.77961905587809],[-83.68538454149531,37.77965120262462],[-83.6853823302396,37.77966644788451],[-83.68538375185292,37.77968147909453],[-83.68539351046648,37.77972539251597],[-83.68539340588515,37.779752690499414],[-83.68538866343305,37.77979852643576],[-83.68538158087958,37.779841139887125],[-83.68535661818737,37.77994360556129],[-83.68535253264584,37.77997144534396],[-83.68535133443658,37.779996665417194],[-83.68535264188225,37.780033338767616],[-83.68535618668552,37.78006272618418],[-83.68536324708856,37.78009522622553],[-83.68537218331079,37.78012165085474],[-83.68538563866728,37.78014832309664],[-83.6854058167579,37.78017932516775],[-83.6854400344193,37.78022170709457],[-83.68546627301116,37.78024938903661],[-83.68549843720348,37.780278390534065],[-83.68561294923354,37.78036805032988],[-83.68565305412898,37.78040196851461],[-83.68570530721854,37.78045023779742],[-83.68573880474736,37.78049260707839],[-83.68575068597848,37.78050571185674],[-83.68581199469331,37.78055367143766],[-83.68585962307381,37.78061106139205],[-83.68588882124402,37.78063659732056],[-83.68591640885555,37.78065544367889],[-83.68593157080738,37.780662923096145],[-83.68598433680818,37.78068441970805],[-83.68604258134273,37.78072360649627],[-83.68611129252432,37.78075707910827],[-83.68614325097637,37.78077814345049],[-83.6862029912856,37.78082626058627],[-83.68622978668901,37.78084541609209],[-83.68626795424643,37.7808692838745],[-83.68629763930724,37.78088574478693],[-83.68633314287962,37.78090087516698],[-83.68641347300515,37.780926924646565],[-83.68644724040385,37.780940118948386],[-83.6864893327818,37.78096268298729],[-83.68650847803582,37.78097040393679],[-83.68653446540092,37.7809760734866],[-83.68656875229489,37.780979717502355],[-83.68660931720544,37.780978934574165],[-83.68669640056918,37.78096780801115],[-83.68672805786683,37.78096783066658],[-83.68681068409467,37.78097569762723],[-83.68684452848846,37.78097637876941],[-83.68686054311388,37.780974427422],[-83.6868731967911,37.7809705651671],[-83.68688275298572,37.78096470956959],[-83.68688931445334,37.780956792312246],[-83.68689189170476,37.780948516045456],[-83.6868939780383,37.78092527638452],[-83.68689876866752,37.78091539174971],[-83.68691063340876,37.7809049676185],[-83.68692146925319,37.780899947637614],[-83.68692663541613,37.7809001242423],[-83.68693239830401,37.78090254363352],[-83.68695290203118,37.780918427268105],[-83.68696147261366,37.78092308851878],[-83.68698085195427,37.780927230212704],[-83.68700427154205,37.78092747288676],[-83.68703145182471,37.7809240635368],[-83.68707148752442,37.7809158414743],[-83.68711943467288,37.78090470954203],[-83.68715163331208,37.78089387683099],[-83.68717589260444,37.78088073090273],[-83.68718490735989,37.78087325177275],[-83.6871919067,37.780865122176465],[-83.68720259523216,37.78084532230728],[-83.68721108595281,37.78083630454117],[-83.68723952581432,37.7808133876738],[-83.68726405228563,37.78078086045789],[-83.68728237016683,37.7807671294065],[-83.68731527022275,37.78074912962273],[-83.68735368433371,37.78072996730758],[-83.68738951525117,37.78071517536976],[-83.68742359052634,37.78070441474738],[-83.6874561255705,37.78069762672038],[-83.68750798384178,37.78069174304216],[-83.68752738796758,37.78069189705167],[-83.6875442259949,37.78069406308134],[-83.68756541264621,37.78070125588465],[-83.68761362545129,37.780725840779155],[-83.68766241060466,37.78074052722985],[-83.68768085745495,37.780748802063755],[-83.68769455752499,37.78075993863873],[-83.68771715666419,37.780786711132286],[-83.6877278883848,37.78079699683275],[-83.68775214744662,37.780816852297704],[-83.68776851789897,37.78082428704193],[-83.68778092392073,37.78082489532789],[-83.68781296328235,37.78082101909432],[-83.68785162998354,37.78082138214947],[-83.6878793088932,37.780823906175115],[-83.68790173312718,37.78082910967607],[-83.68791885604908,37.780837134617094],[-83.68793098041756,37.78084807419544],[-83.68795478780333,37.78087890594369],[-83.68799821456439,37.780919236909135],[-83.6880168426205,37.780941436419184],[-83.68802870502822,37.78095965640435],[-83.68804142243859,37.78098946408148],[-83.68804453278179,37.78100282020077],[-83.68804545696001,37.781015069052906],[-83.6880441749521,37.78102438676483],[-83.68804053265833,37.78103458763634],[-83.68801958550408,37.78107118971417],[-83.68801330815906,37.78108649122829],[-83.68800748790991,37.78111543721309],[-83.68800504041565,37.78114696547783],[-83.68800677741028,37.78116967894684],[-83.68801421748307,37.78120485263483],[-83.68801889178329,37.78122523303089],[-83.6880183324449,37.781237081138464],[-83.6880124903333,37.78125530645041],[-83.68800590334932,37.78126601373716],[-83.68799511050574,37.78127333379436],[-83.6879786203266,37.78127800984002],[-83.68795696797514,37.781280171088845],[-83.68792293023917,37.78128051352393],[-83.6878623298113,37.78127327506471],[-83.68781014520832,37.78127399835246],[-83.68776022976824,37.78128083023527],[-83.68774286755615,37.78128557543221],[-83.68772462278267,37.78129288311258],[-83.68764874345398,37.78133450043967],[-83.68763017227793,37.781342743201684],[-83.687612806268,37.781348370808345],[-83.6875944908834,37.781351946489295],[-83.68757322605036,37.78135387572762],[-83.68747923358276,37.78135505276446],[-83.68745804108916,37.78135787196002],[-83.68743970670693,37.78136265545167],[-83.68741381915072,37.781373109910014],[-83.68737850570218,37.78139075933641],[-83.68732677185254,37.781419191146036],[-83.68729279562972,37.78144345956621],[-83.68727879819397,37.78145776961268],[-83.68724949092987,37.78149705557015],[-83.6872339335978,37.78151355933335],[-83.687217632037,37.78152606844203],[-83.6871695542643,37.78155795904618],[-83.68712027175913,37.781602170741394],[-83.6871026731272,37.78161605915884],[-83.6870802158969,37.781630325758314],[-83.68705358807675,37.78164450161463],[-83.68697128722232,37.78168085931243],[-83.68691873117072,37.78170310161763],[-83.68688188811184,37.78171615862789],[-83.68683536523487,37.78172923380079],[-83.68679978835337,37.78173555963477],[-83.68677316834626,37.78173637239478],[-83.68670118868653,37.781732428611285],[-83.68662453228929,37.78174032382301],[-83.6865975890433,37.78174116146104],[-83.68657930242843,37.78173925959395],[-83.68653617729714,37.78173134530976],[-83.68651488771962,37.78173035022461],[-83.68649701523785,37.78173287449561],[-83.6864502879613,37.78174392322249],[-83.68637528813181,37.78175046759699],[-83.68631427280918,37.78175316138841],[-83.68626428803866,37.78175288214444],[-83.68621413391973,37.78174935688179],[-83.68615018715425,37.78174163120254],[-83.68608110859206,37.781731663345774],[-83.68603528832244,37.78172173109133],[-83.68600918096602,37.78171305827662],[-83.68595146651064,37.78168871995214],[-83.68592488778337,37.78167933127779],[-83.68583388732142,37.781658031797214],[-83.6857881668895,37.781641108515124],[-83.68570361068069,37.78160100024476],[-83.68566778860834,37.781586031296996],[-83.68562243454619,37.781569009367864],[-83.68559478775285,37.78156083155909],[-83.68551948758548,37.78155033163766],[-83.6854687492679,37.78153855786917],[-83.6854516298444,37.78153268971157],[-83.68543738749213,37.781526031901315],[-83.68542375410017,37.7815173880153],[-83.6854101602368,37.78150643997782],[-83.68538158763762,37.78147633120249],[-83.6853733314924,37.78146483456978],[-83.68535677931133,37.781435382141936],[-83.68534798700873,37.781422632072236],[-83.68533209922303,37.78140542894746],[-83.68530058695498,37.781376231487705],[-83.6852457073514,37.7813255562188],[-83.68519998714815,37.78128683252475],[-83.68515342183457,37.78124935311892],[-83.6851225872,37.78122918887444],[-83.68507978703383,37.78120878856324],[-83.68504736598439,37.781198490029745],[-83.68499708777273,37.78118726200272],[-83.68493448689668,37.78117607087862],[-83.68489064563582,37.781174431320466],[-83.68487428750207,37.781172217673465],[-83.68485639467092,37.781165573788535],[-83.68482010372242,37.78114394055002],[-83.68480298755343,37.78113650066708],[-83.68473668734741,37.78112477218552],[-83.68471498926387,37.781116859273915],[-83.68465641332587,37.78108966351307],[-83.68462395053308,37.78108087904713],[-83.68454450000306,37.78106668847134],[-83.68452522592271,37.781061251551485],[-83.6845088121099,37.781054696760854],[-83.68448254106765,37.78104044332084],[-83.68445165154597,37.78102006523579],[-83.68439306160475,37.780971665124156],[-83.68435341996181,37.780947804045994],[-83.68433925948106,37.780935264779075],[-83.68433127089325,37.78092183778575],[-83.68432264387566,37.78089912396986],[-83.68431031036357,37.780850446949614],[-83.68430091640023,37.78083445416146],[-83.68426962402305,37.78079676502382],[-83.68426423584074,37.78078585069306],[-83.68426255595755,37.780775629011224],[-83.6842639591009,37.78076671825728],[-83.68427235576827,37.780739762185995],[-83.6842719994632,37.78071331290273],[-83.68426405604166,37.7806745474625],[-83.68425749637817,37.78065534766742],[-83.6842363132342,37.780610339055926],[-83.68423080381764,37.7805873945137],[-83.68423116323503,37.78057602537037],[-83.68423377244271,37.780563460721666],[-83.684254723115,37.780509654310436],[-83.6842594396944,37.78048575242947],[-83.68425834746772,37.78046692187574],[-83.68425388132842,37.78044591585459],[-83.6842249592539,37.78036093190482],[-83.6842024012933,37.780251099903325],[-83.68419173856817,37.780209436124316],[-83.68416712022854,37.78014748061328],[-83.68416047833757,37.78012073732376],[-83.68416033370049,37.780099474144585],[-83.68416682356846,37.78005469581795],[-83.68416777810752,37.780035436150044],[-83.68416419359716,37.7799963927038],[-83.68415607740845,37.779955737741844],[-83.68413591692493,37.77990152668052],[-83.68413100481048,37.77988413657582],[-83.68412886360278,37.77986157947337],[-83.68413108597613,37.77983638848931],[-83.6841367735217,37.77981050537959],[-83.68415675430334,37.77973946164091],[-83.68416043126251,37.77971791847231],[-83.68416140254232,37.77969865070288],[-83.6841571099379,37.7796612373325],[-83.68413266905114,37.77956607775941],[-83.68412858072759,37.779542819295784],[-83.68412695753383,37.779521899646454],[-83.68412915468055,37.77946169835816],[-83.68412581794833,37.779437355458185],[-83.68411951105105,37.77941159252787],[-83.68411018961972,37.77938420588919],[-83.68409765297801,37.779354600386526],[-83.6840875028867,37.7793359051377],[-83.68405713689376,37.77929066076515],[-83.68404520157662,37.77926929913949],[-83.6840268228794,37.77922373099321],[-83.68401560114731,37.77918099896801],[-83.6840105291748,37.77914098309498],[-83.68401077679017,37.779104499209396],[-83.68402070225741,37.779061016257685],[-83.68402228235924,37.77904631541615],[-83.68402017466465,37.77902975272982],[-83.6840101856206,37.77899586124781],[-83.68400738695718,37.77898129928093],[-83.68400621093787,37.778959935422066],[-83.68400696758161,37.77893723847551],[-83.6840143233847,37.77888708537807],[-83.68402664850582,37.77884258733295],[-83.68403090577367,37.778816402527355],[-83.68403197155234,37.77880047458753],[-83.68403043880998,37.77878648403639],[-83.68402604372676,37.77877483914287],[-83.68401294888935,37.77875801875505],[-83.68399263910386,37.778741138561024],[-83.683970008659,37.778730188795045],[-83.68390961320758,37.77871238086257],[-83.68388514566384,37.778700039806026],[-83.68382412865357,37.7786619731881],[-83.68380476110131,37.778653621203055],[-83.68378608296847,37.77864892975482],[-83.68375783046086,37.778644694501764],[-83.68374118336219,37.77864592886534],[-83.68373301352152,37.77864968906625],[-83.6837130011859,37.77866354721629],[-83.68369707925332,37.77866919387868],[-83.68367910428275,37.77867192906267],[-83.68365903484569,37.77867176022814],[-83.68363677275559,37.778668687082444],[-83.68361290963394,37.77866290555141],[-83.68358642410628,37.77865426821685],[-83.68351840106034,37.77862588107655],[-83.68345930116955,37.778593281535336],[-83.68340883190986,37.77856899185315],[-83.6833554564187,37.778546454061534],[-83.68329942354345,37.77852577362501],[-83.6832410578103,37.778507070635584],[-83.68319181428893,37.77849471109687],[-83.68317215858221,37.77848847111929],[-83.68314841030212,37.77847725431631],[-83.68309052895583,37.77844327119373],[-83.68305580442939,37.77842637721263],[-83.68303303032677,37.778417470819825],[-83.68301530634913,37.778412961455786],[-83.68296343056247,37.77840347065529],[-83.68292846554533,37.77839331353517],[-83.68289692887095,37.77838197138879],[-83.68286681069712,37.77836856772132],[-83.68283342987205,37.778351061558794],[-83.68280256198956,37.77833248438778],[-83.68276802904462,37.77830896143904],[-83.68273784123289,37.778284669102135],[-83.68267466588175,37.778224369513666],[-83.68264442889823,37.77819901589897],[-83.68261511253908,37.778179268685925],[-83.68254386896947,37.77813693140547],[-83.68251290601478,37.778114679242684],[-83.68248965956312,37.77809587481949],[-83.68247821542207,37.778083759442026],[-83.68246187368042,37.77805051351518],[-83.6824484948969,37.77803184337861],[-83.68243527603978,37.77801820478021],[-83.68242384117588,37.77800988504318],[-83.68240952624393,37.778002064309085],[-83.68236771260226,37.77798566220479],[-83.68232548413569,37.777973713981375],[-83.68228525495762,37.7779686920134],[-83.68226697448615,37.77796185222448],[-83.68224945657934,37.77795006250437],[-83.68223466483266,37.77793610437347],[-83.68220095887379,37.77789930364707],[-83.68218175455245,37.777883143559286],[-83.68214235645169,37.777857230432375],[-83.68211105513065,37.77783994493928],[-83.6820503555924,37.777815512668944],[-83.68203533217624,37.77780686509098],[-83.68200050313683,37.77778283330474],[-83.68198033586158,37.777773311912775],[-83.6819657139245,37.777769859815336],[-83.68191593563023,37.77776271204316],[-83.68190083346063,37.777757290260055],[-83.6818851878008,37.77774938020126],[-83.68183180119152,37.77771375625969],[-83.68180844644525,37.77770112992879],[-83.68175084932781,37.77767905482487],[-83.68171495805203,37.77766275819513],[-83.68168492871709,37.77764703013774],[-83.6816421962438,37.777619768433084],[-83.68159961900439,37.77758664649612],[-83.68155202980414,37.77754511143408],[-83.68153862376015,37.77752973314392],[-83.68152933266367,37.777515019728725],[-83.6815236664382,37.77750098790216],[-83.68151972351308,37.777484615681786],[-83.68151553339627,37.77743711001873],[-83.6815127105805,37.77739655573191],[-83.6815141872863,37.7773842015055],[-83.68151775380055,37.77737371052904],[-83.68152317388311,37.77736545324774],[-83.68154506503402,37.77734007623645],[-83.6815491673979,37.77733012322958],[-83.6815507138041,37.77731947574034],[-83.68154972464441,37.77730801695846],[-83.68154618149084,37.77729551461483],[-83.68153463469352,37.77727185941405],[-83.68149712787401,37.77721118684349],[-83.68148957715786,37.777194178481736],[-83.68148561624062,37.777178964708824],[-83.68148106987701,37.777138097911006],[-83.68148031641691,37.77709935827875],[-83.68148336005486,37.77706300078424],[-83.68149018721756,37.777029171220605],[-83.68150083259671,37.77699617587487],[-83.68151459801018,37.77696477153261],[-83.68152942858163,37.776940424982804],[-83.68157559750347,37.77687776829388],[-83.68160953955069,37.77681037538718],[-83.68162489854909,37.776786068163844],[-83.68165077550317,37.77675728401842],[-83.68168500915317,37.77672832032562],[-83.68172656682523,37.77669937683835],[-83.68179741613467,37.776655222611915],[-83.68185641710534,37.77661702426067],[-83.68187269070181,37.77660889730409],[-83.68188523244993,37.77660523570039]]}},{"type":"Feature","properties":{"OBJECTID":225,"TRAIL_NAME":"Battleship Rock Trail 3","TRAIL_ID":"3","OWNER":"Parks","OWNTYPE":"STATE","OTHOWNTYPE":" ","MANAGER":"Parks","ADA_ACCESS":"No","LANDTYPE":"PUBLIC","SURFACE":"Natural","OTHSURFACE":" ","HIKING":"Yes","BIKING":"No","HORSE":"No","MOTORCYCLE":"No","ATV":"No","WATER_TRL":"No","DESCRIPTN":"Meandered through the woods and connected back with The Original Trail.","RATING":null,"SCHEDULE":null,"TRAIL_MILE":0.75,"FEE":"No","DOGS":"NO","HYPERLINK":" ","TRAILHD_ID":null,"PUBLIC_NAME":"Natural Bridge","MAINTENANC":null,"MA_ID":null,"STATUS":null,"TRAIL_CONFIG":null,"BLAZE":null,"AGENCY":"Parks","CONTACT":"https://parks.ky.gov/contact-us/general-inquiries","XY_SOURCE":"from GPS","XY_ISSUES":null,"ATT_SOURCE":" ","ATT_ISSUES":null,"COMMENTS":null,"MODIFYDATE":null,"CREATEDATE":-2209161600000,"GlobalID":"{F00B8003-F426-487B-A7FF-E9A40DFE3D28}","Shape.STLength()":3846.80890696191,"rrgh_source":"ky-state-park-trails","rrgh_classification":"official-state-park-trail","rrgh_planner_eligible":true,"rrgh_part":0},"geometry":{"type":"LineString","coordinates":[[-83.68168601376996,37.77603689690379],[-83.68170125097186,37.77603902504363],[-83.68171487050192,37.776038912822976],[-83.68172687242847,37.77603656024127],[-83.6817372568117,37.77603196728671],[-83.68174910377022,37.776017635075426],[-83.68175425818691,37.77601424192134],[-83.68177085231544,37.77601317296313],[-83.68178409080248,37.776007073560244],[-83.6818013036992,37.77600539630986],[-83.68181559700287,37.77600869137204],[-83.68182178641173,37.77601511707479],[-83.68182891425316,37.77603120235207],[-83.68183303861595,37.77604390099184],[-83.6818382190806,37.776078604084944],[-83.68184206781257,37.77608712129437],[-83.68184781488056,37.77609330880109],[-83.68186128417074,37.77609965797747],[-83.68190034850247,37.77610962221113],[-83.6819427999319,37.7761258165491],[-83.681954975783,37.77613266073259],[-83.68196419108708,37.77614018173713],[-83.68197304412554,37.77615068225501],[-83.68197250422098,37.77615344255816],[-83.6819694743657,37.776156240078535],[-83.68195050951817,37.77616524739753],[-83.68194536058714,37.77616908584577],[-83.68194370545184,37.776176425197626],[-83.6819489926666,37.77618492769369],[-83.68199263877663,37.776217597569484],[-83.68200057554377,37.77622521314693],[-83.68200541197707,37.77623221452378],[-83.68201046179811,37.77624635521499],[-83.68201820093064,37.77628259515764],[-83.68202530442635,37.77630022302839],[-83.68204674906931,37.77634276927174],[-83.68205381160745,37.7763658427929],[-83.68205686110983,37.77638568102999],[-83.68205605090822,37.77639800433342],[-83.68205223255177,37.77640902671884],[-83.68204672375401,37.776418226971224],[-83.68203771275094,37.77642653803337],[-83.6820245874273,37.77643372306796],[-83.68200773650116,37.77643954045691],[-83.68198862712246,37.776443474248104],[-83.68196817613682,37.77644313450299],[-83.68196123382988,37.77644452630066],[-83.68195411597999,37.77645052203942],[-83.6819463322823,37.776463580156125],[-83.68193899181422,37.776478261987506],[-83.68193788137756,37.776488327252736],[-83.68194620327104,37.77650345545919],[-83.68194429185436,37.77650973895573],[-83.6819354179518,37.77651430837206],[-83.68188538878128,37.7765223724228],[-83.68186932868707,37.77652705016493],[-83.68183223678048,37.77654358633333],[-83.68181304976781,37.776554438654834],[-83.68180034865571,37.77656596759893],[-83.6817969506986,37.77657183149038],[-83.68179548438695,37.77657781553416],[-83.68179680374179,37.77659293423884],[-83.68180137501886,37.776603765780706],[-83.68180666534279,37.77660574110243],[-83.6818149524141,37.77660308786986],[-83.68185165799126,37.77657860225502],[-83.68186613979911,37.77657134734025],[-83.6818962386656,37.77656294708984],[-83.68191178786792,37.776560971361754],[-83.68191878999275,37.7765621911058],[-83.68192031975587,37.776565735894025],[-83.6819193137898,37.77658149379805],[-83.68192454934307,37.7765865730997],[-83.68194490292646,37.77659525576376],[-83.68195126959628,37.77660040402594],[-83.68195530909101,37.776613523861556],[-83.68195347035818,37.7766278854986],[-83.68194929109215,37.7766376966307],[-83.68194419254566,37.77664178478839],[-83.68193810785128,37.7766425853222],[-83.68193118153914,37.77664175169767],[-83.68192414706229,37.77663811921181],[-83.68189659791463,37.77660898831549],[-83.68189064496849,37.77660538743767],[-83.68188523244993,37.77660523570039],[-83.68187263043207,37.776613614741535],[-83.68185962373597,37.77662992427724],[-83.68185353720058,37.77664152643511],[-83.6818501344885,37.776651731749105],[-83.68184954587362,37.77666014188309],[-83.68185176554584,37.7766666650756],[-83.68185647453046,37.776670557712144],[-83.68187193827671,37.7766779581749],[-83.68187592645016,37.7766822756311],[-83.6818762504758,37.77669080271687],[-83.68187271142479,37.77669957391552],[-83.68185462134069,37.77671118756263],[-83.68184891849378,37.77672088026564],[-83.6818483843162,37.776728258734835],[-83.68185681712549,37.77673500697667],[-83.6818704389956,37.77673862109531],[-83.68187599995932,37.77673730447515],[-83.68189377841992,37.77672814617047],[-83.68190604303113,37.77672884532865],[-83.6819277444339,37.776735251790846],[-83.68194944898292,37.77674244722056],[-83.68197417654467,37.77675298456754],[-83.68199120641675,37.77676241273966],[-83.68202602075164,37.77678583749896],[-83.68204090137547,37.77679383947399],[-83.68207113431136,37.77680501900075],[-83.6821287566729,37.77682078092357],[-83.68224428793391,37.77684618814955],[-83.68226998789001,37.77685377170626],[-83.68229185522839,37.776862476531555],[-83.68233697087663,37.77688928071731],[-83.68235243131872,37.77689687726509],[-83.68237638093083,37.77690339364499],[-83.6824335732731,37.77691130606533],[-83.68245585865789,37.77691837741015],[-83.68247247958259,37.776928512575374],[-83.68250290017532,37.77695385708792],[-83.68251683856373,37.77696353549986],[-83.6825378022031,37.7769734826775],[-83.68258932176374,37.77699212035509],[-83.68261048911066,37.77700343511306],[-83.6826223682431,37.77701319507094],[-83.68264648347728,37.77703837484303],[-83.68265837076848,37.7770487349952],[-83.68268642967718,37.77706777385503],[-83.68271206438003,37.77708096050701],[-83.68274004672249,37.77709015630908],[-83.68278375533804,37.77709944358111],[-83.6828606054136,37.77711013663289],[-83.68288100655454,37.77711578700699],[-83.68292986746911,37.77713367011967],[-83.68295280423794,37.77714030557089],[-83.68301450924982,37.77714822079582],[-83.68303448262463,37.77715237672864],[-83.68305660343225,37.77716080672241],[-83.68311557675474,37.77719002188578],[-83.68316982983215,37.77720936938027],[-83.6831895939736,37.777214299173735],[-83.68320767234015,37.77721698028653],[-83.68324790086598,37.777216848744274],[-83.6832967471278,37.777209694057426],[-83.68334024325635,37.777199124580854],[-83.68337197071376,37.77718635148868],[-83.68339389687125,37.77717092457405],[-83.68340251181388,37.777166378219135],[-83.68344078328863,37.7771593460708],[-83.68346749950503,37.777139798539245],[-83.68348652153222,37.77713510869973],[-83.68352296467263,37.777133453458816],[-83.68355081037919,37.77713372317496],[-83.68358105573569,37.777137932592964],[-83.68361600233402,37.77714646968311],[-83.68368998792641,37.77716952463736],[-83.68372228819788,37.77717814730172],[-83.68375662019884,37.777184035318584],[-83.68378766484989,37.777185121890646],[-83.68382705942261,37.777182211883506],[-83.68386309833879,37.77717700062816],[-83.68392114412443,37.7771624865507],[-83.68400363353118,37.777150741732875],[-83.68402152098186,37.77714644039271],[-83.6840412224525,37.77713965149377],[-83.68411394027592,37.7771070815121],[-83.68414369414377,37.77709632977919],[-83.68415983938436,37.777092625780035],[-83.68417486078192,37.777091041645406],[-83.6841890679069,37.77709154607274],[-83.68420261814688,37.777094147463835],[-83.68423102914196,37.777104408373674],[-83.68424760416778,37.77710634922556],[-83.68425698164394,37.77710486443005],[-83.68426010416972,37.7771021077124],[-83.68426226022306,37.77709747902639],[-83.68426450719689,37.77708004864682],[-83.68426061655123,37.77706389342638],[-83.6842495827761,37.77704144099518],[-83.68424164114624,37.77703008848441],[-83.68424559188757,37.77702331303887],[-83.68425818285048,37.77701328849127],[-83.68426920457587,37.7770096267215],[-83.68427478067788,37.77701202821898],[-83.68428672125407,37.7770232691705],[-83.68429200077917,37.77702521278761],[-83.68430232522674,37.777023099255125],[-83.68431133489833,37.777017960241885],[-83.6843133082068,37.77701407229312],[-83.68431375773069,37.77700130100253],[-83.68431566107104,37.77699756573973],[-83.68432060015806,37.77699632076735],[-83.68432830833396,37.776997073732005],[-83.68434663031626,37.77700367346521],[-83.68435441410969,37.777009235813196],[-83.68435904745988,37.777014766368545],[-83.68435963604009,37.77701827635925],[-83.68435802431748,37.77702233397079],[-83.6843442779025,37.77703785629734],[-83.68434065874357,37.77704450777514],[-83.68433843607994,37.77705732348275],[-83.68433985113401,37.77706585005338],[-83.68434848076772,37.777074181946084],[-83.68436932903975,37.77708390312215],[-83.68438950631479,37.77708962915479],[-83.68444125642877,37.77709624357981],[-83.68451623139593,37.77711782958206],[-83.68455971881069,37.77712661579228],[-83.684603986024,37.77713292792295],[-83.6846490331219,37.77713676598635],[-83.68469486019212,37.77713812998992],[-83.68470787174638,37.77712772327466],[-83.68471831419345,37.7771168455248],[-83.6847261875688,37.77710549670333],[-83.68473149189929,37.777093676771706],[-83.68473361661785,37.77708189554885],[-83.68473275394977,37.77706813651356],[-83.68472901031245,37.77705233096627],[-83.68472156613237,37.77703102823289],[-83.68470970566933,37.777005312201375],[-83.68469518267963,37.77698433952671],[-83.6846787253708,37.77696792387403],[-83.68465812866025,37.776952283806466],[-83.68461878589994,37.77693128969221],[-83.68458016953379,37.77690187965999],[-83.68455856833162,37.776882149622445],[-83.68451338523195,37.77683399561391],[-83.68449173254398,37.77681347951868],[-83.68446974496061,37.77679643726234],[-83.68441576588503,37.77675917138711],[-83.68439221177452,37.77673967347024],[-83.68436155307235,37.776707779596315],[-83.68434640979663,37.77668825054597],[-83.68431061178876,37.7766324616412],[-83.68429733811647,37.77661757877017],[-83.68428299710898,37.77660608254733],[-83.68426980030885,37.77659871696332],[-83.68422317636536,37.776577227180645],[-83.68419905834841,37.776560438701296],[-83.6841694962239,37.77653563480775],[-83.68415021739054,37.77651509986109],[-83.68410987697581,37.77646106411775],[-83.68409692392262,37.776448055194386],[-83.6840833379961,37.77643782908411],[-83.68404048769766,37.77641546808705],[-83.68401956008725,37.776401226547804],[-83.68399883306587,37.77638323033396],[-83.68393393516817,37.776312234784264],[-83.68390548095635,37.77628581448142],[-83.68387140460617,37.77625743526837],[-83.68385000571301,37.776243947962335],[-83.68383615046058,37.776238550138515],[-83.68380046577775,37.77622930758214],[-83.68378524636846,37.77622379293546],[-83.68376844931333,37.77621469801775],[-83.68373931113084,37.77619577711379],[-83.68365949899194,37.77614269169648],[-83.6835780643412,37.77608269316554],[-83.68350775397664,37.776031066197916],[-83.68348958350451,37.77601458048696],[-83.68347579484875,37.77599852746102],[-83.6834597133773,37.77597248096605],[-83.68344390390772,37.775937775558724],[-83.68342961866193,37.775903761515096],[-83.68342711731772,37.77589306494027],[-83.6834268253178,37.775883653318346],[-83.6834293001356,37.77587288771265],[-83.68343495105456,37.775861042757896],[-83.68346028984165,37.7758261151564],[-83.68350355210741,37.77577757625534],[-83.68352061412773,37.775755251217795],[-83.68356131116144,37.77569520074965],[-83.68357488631135,37.77567859833364],[-83.68358866577927,37.775664642811165],[-83.68362068030152,37.77563621497571],[-83.68364462075485,37.77562141194187],[-83.6836706287253,37.77561272341636],[-83.68370996468134,37.77560529133072],[-83.68373837137277,37.775602227549264],[-83.68377047444727,37.775601738675824],[-83.68386740638158,37.77560882295441],[-83.68391530391615,37.77561280234204],[-83.68394608741319,37.77561724656436],[-83.68400000636512,37.775633076068225],[-83.68401740528166,37.775636893100945],[-83.68404742748007,37.77563972541482],[-83.68408712292985,37.77564010837119],[-83.68412641759834,37.77563711760069],[-83.68421967147016,37.77562321909599],[-83.68430799340405,37.775611785363004],[-83.6843330141419,37.77561124283675],[-83.68435488302633,37.77561352082784],[-83.68437321975999,37.77561822382867],[-83.68442044950665,37.77563452340593],[-83.68445003455659,37.7756409341465],[-83.6844837179007,37.77564541198711],[-83.68460600928609,37.775652393571086],[-83.6846543581921,37.77565775915003],[-83.68472999505919,37.77567139846828],[-83.68476203091255,37.77568080146819],[-83.68481129829604,37.77569829941877],[-83.68490258080924,37.775731405913845],[-83.68493170062874,37.7757443611826],[-83.68495648423989,37.77575769302695],[-83.68499944282178,37.775789610992526],[-83.68501588413774,37.77579955135672],[-83.68503329121386,37.77580653585697],[-83.6850860765261,37.77582284653175],[-83.68513215179439,37.77584462750233],[-83.68515707356751,37.77585143878278],[-83.68518564674727,37.77585572287279],[-83.68521816274207,37.775857544887906],[-83.68525632004702,37.77585700366527],[-83.68529224250865,37.77585607697249],[-83.68531067879124,37.775851449468234],[-83.68532190371236,37.77584344378664],[-83.68533790152334,37.77582595754036],[-83.68535091799885,37.775810550270336],[-83.68536328814824,37.77579278033881],[-83.68538863042411,37.77574626246017],[-83.68539628531927,37.77572720448002],[-83.68540197828052,37.7757051630687],[-83.6854157771514,37.775611982735654],[-83.68542103305289,37.77559354425299],[-83.68542780860602,37.77557722449213],[-83.68544247338838,37.77555427311783],[-83.68548552084201,37.77550172507017],[-83.68549435069838,37.77548712822444],[-83.68549992567095,37.77547334452588],[-83.68550311275727,37.77545735854802],[-83.68550718732166,37.77541422714526],[-83.68551576447895,37.775381232718836],[-83.68554266488094,37.775302858533806],[-83.68555051911609,37.77527023241281],[-83.68556718723087,37.77518339616499],[-83.68557409895023,37.775158053621354],[-83.68558220345327,37.775135697877715],[-83.68560923918461,37.77507962886015],[-83.68562686905565,37.77503682259507],[-83.68563079810743,37.77502264623732],[-83.68563259639205,37.7750098175791],[-83.68563139033888,37.774980052675794],[-83.68562424061166,37.77495311170609],[-83.68561368353713,37.77493388368814],[-83.68559227372732,37.77490571046561],[-83.68556829219172,37.774875557368844],[-83.6855496230655,37.77485803596511],[-83.68552464279975,37.77484229243838],[-83.68549396113694,37.77482849358848],[-83.68546264868863,37.77481867860959],[-83.68545226189859,37.77481153907871],[-83.685429312671,37.77478948234236],[-83.68539498045183,37.77476998839107],[-83.68538442077232,37.77476254086357],[-83.68537095614286,37.7747493502564],[-83.68536024869461,37.77473539368559],[-83.68535511143638,37.77472406340617],[-83.68534892944874,37.774694988843734],[-83.68534390636154,37.77468255815897],[-83.68532610492281,37.77466153502215],[-83.68532142357886,37.77465395535121],[-83.6853189127231,37.774640923033466],[-83.68532051302991,37.774609027318185],[-83.6853122759515,37.77457505663105],[-83.68531226338457,37.77456106919413],[-83.68531809256501,37.77454848517304],[-83.68534119609222,37.77451792440438],[-83.68535992840536,37.7744695479355],[-83.68539728331027,37.77439856192743],[-83.68540740547448,37.77437657772178],[-83.68542633634655,37.77432609065853],[-83.68543128038345,37.77430737089504],[-83.68543403231777,37.77429024415405],[-83.68543529393827,37.77426230414049],[-83.68543310011702,37.77423692582644],[-83.68541535274815,37.77418195125068],[-83.68541094763977,37.77413032940028],[-83.68540507137327,37.774109121398745],[-83.68538452627057,37.77406419442722],[-83.68537825645183,37.77404609768105],[-83.68537704370998,37.77402851645922],[-83.68537914482305,37.77402125362441],[-83.6853830801303,37.77401486864874],[-83.68538858020754,37.77400945248646],[-83.68540248599292,37.77400427709294],[-83.68544713902583,37.773978550522116],[-83.68546712456032,37.77397091502661],[-83.68551586799975,37.773956446310216],[-83.68553735999785,37.77394706299055],[-83.6855815963205,37.773915549212674],[-83.6856068627126,37.77390428697244],[-83.6856727361036,37.77388555030063],[-83.68570026322621,37.77387424700234],[-83.6857392069108,37.77385137772718],[-83.68576369309316,37.77383083008101],[-83.68578034157856,37.77380917293003],[-83.68578439172687,37.77379553677],[-83.68578409221948,37.773763222239424],[-83.68578683525008,37.77374956797167],[-83.68580197259693,37.773725652729226],[-83.68580561790996,37.773717618849375],[-83.68580884782935,37.77370074682302],[-83.68580772342047,37.77368668280957],[-83.68580214120672,37.77367540353159],[-83.68578654218983,37.77365607598604],[-83.68575512011572,37.77361906046971],[-83.68571361740742,37.77357844075517],[-83.68568768973259,37.773554884494466],[-83.68566968765151,37.77354124089662],[-83.685646861648,37.77352801430037],[-83.68561854903383,37.77351491891586],[-83.68556392136766,37.773496455088264],[-83.68555154013593,37.77348852287559],[-83.68554013331595,37.773475165422596],[-83.68553104753643,37.773457795562855],[-83.68552698980561,37.77344144011823],[-83.68552729071055,37.77342879258404],[-83.68552980694992,37.77341517512479],[-83.68554758558562,37.773360576621286],[-83.68554896420771,37.77334777902737],[-83.68554778380118,37.77333599000527],[-83.68554326166998,37.77332110876632],[-83.6855361577865,37.773306538914056],[-83.68552639716623,37.77329212099281],[-83.68551380205881,37.77327759016041],[-83.68548145151956,37.77324875093771],[-83.68542175514496,37.77320464360254]]}},{"type":"Feature","properties":{"OBJECTID":226,"TRAIL_NAME":"Devil's Gulch","TRAIL_ID":null,"OWNER":"Parks","OWNTYPE":"STATE","OTHOWNTYPE":" ","MANAGER":"Parks","ADA_ACCESS":"No","LANDTYPE":"PUBLIC","SURFACE":"Natural","OTHSURFACE":" ","HIKING":"Yes","BIKING":"No","HORSE":"No","MOTORCYCLE":"No","ATV":"No","WATER_TRL":"No","DESCRIPTN":"Connects Laurel Ridge to Battleship Rock Trail","RATING":null,"SCHEDULE":null,"TRAIL_MILE":0.1,"FEE":"No","DOGS":"NO","HYPERLINK":" ","TRAILHD_ID":null,"PUBLIC_NAME":"Natural Bridge","MAINTENANC":null,"MA_ID":null,"STATUS":null,"TRAIL_CONFIG":null,"BLAZE":null,"AGENCY":"Parks","CONTACT":"https://parks.ky.gov/contact-us/general-inquiries","XY_SOURCE":"from GPS","XY_ISSUES":null,"ATT_SOURCE":" ","ATT_ISSUES":null,"COMMENTS":null,"MODIFYDATE":null,"CREATEDATE":-2209161600000,"GlobalID":"{56CE1E5D-6D1A-46EF-9D90-C849B05C375B}","Shape.STLength()":451.5792472883756,"rrgh_source":"ky-state-park-trails","rrgh_classification":"official-state-park-trail","rrgh_planner_eligible":true,"rrgh_part":0},"geometry":{"type":"LineString","coordinates":[[-83.68505660525592,37.77658546297899],[-83.68508260412192,37.77658675163698],[-83.68510559536118,37.776582986127515],[-83.68511314719859,37.776579785806405],[-83.6851204494604,37.77657463620695],[-83.68514547497823,37.776547679481226],[-83.68515824548733,37.77653830313358],[-83.68518575900963,37.776524588421864],[-83.68519519063214,37.776522388429605],[-83.68520365661738,37.77652266794037],[-83.68520991282008,37.77652426672467],[-83.68521313103915,37.7765264040263],[-83.6852143354136,37.776530046314804],[-83.68521130522494,37.776548855264245],[-83.68521403600215,37.77656935825521],[-83.68521103793879,37.77657725856347],[-83.68520223828811,37.77658426083479],[-83.68519137892072,37.77658981852712],[-83.68516477983484,37.776594518290935],[-83.68515294323637,37.77660176742225],[-83.68513712449825,37.77661755383579],[-83.68512967902177,37.77662644482046],[-83.68512330685311,37.776637139178675],[-83.68510400504915,37.77668751008176],[-83.68509137209334,37.77670806222893],[-83.68507007875047,37.776730956013516],[-83.68505102362705,37.776745862892085],[-83.68503188648874,37.77675683322357],[-83.68501484822306,37.776764593040056],[-83.68500078665554,37.77676874570549],[-83.68498987389547,37.77676925817278],[-83.68498315921052,37.7767665446962],[-83.68497746876321,37.776760354148806],[-83.68495984073695,37.776719400499545],[-83.68495401602127,37.77671075947562],[-83.68494731882582,37.77670481434609],[-83.68492613979444,37.77669288551327],[-83.68491249137767,37.77668921533221],[-83.68490785230891,37.77669132066894],[-83.68490487223686,37.776697059118824],[-83.68490105088662,37.77672982158093],[-83.68489709005478,37.77674189612396],[-83.68488613241605,37.77675753596403],[-83.68487279428307,37.77677161675573],[-83.68485327506464,37.77678375266831],[-83.68484903970048,37.77678921761339],[-83.68485131710948,37.77679473046751],[-83.68486727475488,37.77681074751998],[-83.68487271147607,37.77682321657133],[-83.6848732583282,37.77683193782181],[-83.68487091651681,37.77683634030759],[-83.68485952352619,37.77684920278247],[-83.6848572614262,37.77685694087428],[-83.68485680404005,37.77686575368208],[-83.6848581954293,37.77687491648533],[-83.68486127865923,37.77688333853165],[-83.68486828946531,37.77689050233057],[-83.6848919521003,37.776904378962],[-83.68489558848461,37.77690827297577],[-83.68489692829519,37.7769122529284],[-83.68489081763325,37.776930029459024],[-83.68488947308438,37.7769423607488],[-83.68489115511181,37.77697075730086],[-83.68488893447214,37.77698286390735],[-83.68487928215012,37.776998304688746],[-83.68484627359233,37.77703317675324],[-83.68483795438878,37.77704834590349],[-83.68483132863571,37.7770684548529],[-83.68481777784523,37.77714578900613],[-83.6848110825952,37.77716971041899],[-83.68480569117341,37.77717982509915],[-83.68479916347557,37.77718649321569],[-83.6847913372801,37.77718987693202],[-83.68478210176158,37.777190018388666],[-83.68474599809399,37.77717705655354],[-83.68469486019212,37.77713812998992]]}},{"type":"Feature","properties":{"OBJECTID":280,"TRAIL_NAME":"Whittleton Branch No. 216","TRAIL_ID":null,"OWNER":"Parks","OWNTYPE":"STATE","OTHOWNTYPE":" ","MANAGER":"Parks","ADA_ACCESS":"No","LANDTYPE":"PUBLIC","SURFACE":"Natural","OTHSURFACE":" ","HIKING":"Yes","BIKING":"No","HORSE":"No","MOTORCYCLE":"No","ATV":"No","WATER_TRL":"No","DESCRIPTN":"Meandered through the woods, along a creek and lead to a cave.","RATING":null,"SCHEDULE":null,"TRAIL_MILE":1.05296212,"FEE":"No","DOGS":"YES","HYPERLINK":" ","TRAILHD_ID":null,"PUBLIC_NAME":"Natural Bridge","MAINTENANC":null,"MA_ID":null,"STATUS":null,"TRAIL_CONFIG":null,"BLAZE":null,"AGENCY":"Parks","CONTACT":"https://parks.ky.gov/contact-us/general-inquiries","XY_SOURCE":"from GPS","XY_ISSUES":null,"ATT_SOURCE":" ","ATT_ISSUES":null,"COMMENTS":null,"MODIFYDATE":null,"CREATEDATE":-2209161600000,"GlobalID":"{D1A74568-EC9B-4424-8655-DA6C06A61D5F}","Shape.STLength()":5553.51397848279,"rrgh_source":"ky-state-park-trails","rrgh_classification":"official-state-park-trail","rrgh_planner_eligible":true,"rrgh_part":0},"geometry":{"type":"LineString","coordinates":[[-83.67295495341484,37.78271391160496],[-83.67292517246098,37.78273223751012],[-83.6728985859333,37.782752928536205],[-83.67286451196644,37.7827886296993],[-83.67284586533744,37.78280455099668],[-83.67283022940533,37.782815653338105],[-83.67278129842951,37.782838567017194],[-83.67276663507062,37.78284864498164],[-83.67273679016083,37.782873673705076],[-83.67272277859799,37.7828828146657],[-83.67269464445879,37.78289608052566],[-83.67266613011935,37.782905728927446],[-83.67261956316302,37.78291411527126],[-83.67260106614788,37.78292081152263],[-83.67256098469169,37.78294128019673],[-83.67254211511371,37.7829487353618],[-83.67248029954769,37.78296177583567],[-83.67241950084056,37.7829780152081],[-83.67235720164294,37.78299831898291],[-83.67229325901238,37.783022732538036],[-83.67222737063345,37.78305137068283],[-83.67216675599398,37.783082783223435],[-83.6720217626945,37.78316817800896],[-83.67196835047812,37.78319715531772],[-83.671937361296,37.783212172399196],[-83.67187007105174,37.783238110310386],[-83.67185112968018,37.7832484866623],[-83.67183171272167,37.78326180807876],[-83.6717677855409,37.78331556920506],[-83.67174027171012,37.78333553154319],[-83.67170414427332,37.78336238357226],[-83.67169332511534,37.78336745824398],[-83.67168291889737,37.7833695185222],[-83.67166883078693,37.78336878749133],[-83.67165128624848,37.78336517848112],[-83.6716355878123,37.7833574732894],[-83.6716031060054,37.78332644872682],[-83.67159417295197,37.78332045209413],[-83.67158505314742,37.7833167845781],[-83.6715624197825,37.783312575670784],[-83.67154053347869,37.78331399763196],[-83.67151225410173,37.78332147567455],[-83.67148716753465,37.78333211778674],[-83.67146100424564,37.78334824671688],[-83.6714273771992,37.78337331190511],[-83.67141979929752,37.78338285350596],[-83.67141691598634,37.78339190709554],[-83.67141800056848,37.783398735893755],[-83.67142611857248,37.78341987130468],[-83.67142529003283,37.783431517863534],[-83.67142048585262,37.78344356376661],[-83.67141175834217,37.78345586848041],[-83.67139927275082,37.783468195659104],[-83.67138291639853,37.78348052063211],[-83.6713636336641,37.78349202732888],[-83.67134247621877,37.7835020793584],[-83.67132124668252,37.78350981244054],[-83.6712720302024,37.78351871200322],[-83.67124909207485,37.78352675257631],[-83.67118757714087,37.78355492878871],[-83.67113918667765,37.78357012379637],[-83.67109506055581,37.78358084656617],[-83.67105406060612,37.783587370755164],[-83.67101590828331,37.78358972942432],[-83.67098096124518,37.783589181865814],[-83.67095118932494,37.78358686886229],[-83.67092501310731,37.78358266480291],[-83.67090217854312,37.783576510897866],[-83.67088544641027,37.783569325665844],[-83.6708370425089,37.78354321063049],[-83.67080302793511,37.78353117750041],[-83.67076605502808,37.78352130885921],[-83.67071533850726,37.78351056477121],[-83.67069768195311,37.78350892123433],[-83.6706819056469,37.78350933158085],[-83.67064678115717,37.783516271106194],[-83.67062527271341,37.78352442084743],[-83.67060345003759,37.783536769983584],[-83.67058105178131,37.783553281941664],[-83.67055224097811,37.78357826563831],[-83.67053206366231,37.78359790779437],[-83.67051366524815,37.78361909111804],[-83.6704974661233,37.783641331097705],[-83.67048382684472,37.78366413274042],[-83.67046951273375,37.78369399316318],[-83.67046180290183,37.783718693672725],[-83.67045870353576,37.783758375892496],[-83.67044939768422,37.78378303620842],[-83.67042860332909,37.78381847196996],[-83.67041027669524,37.783845231108785],[-83.67038042210153,37.783882854601586],[-83.67033045659245,37.7839315114655],[-83.67032109148289,37.783943991450506],[-83.67031561738514,37.783956030669096],[-83.67031362022823,37.78396689713203],[-83.67031198239408,37.78399513020185],[-83.67030325583039,37.784038354234326],[-83.67029140723174,37.78407495911572],[-83.6702758831947,37.78410663316356],[-83.67025649032739,37.78413369776697],[-83.67024850557476,37.7841437495652],[-83.67024322321609,37.78414800778308],[-83.67023433725763,37.78415021268625],[-83.67021084819683,37.784150278569285],[-83.67015181949537,37.78416399172353],[-83.67011126914923,37.78417111867849],[-83.67008404045855,37.78417331587035],[-83.67006450655592,37.78417202923575],[-83.67004302270236,37.78416772328096],[-83.66997544964201,37.784145654114724],[-83.66995189605588,37.78413936226987],[-83.6699032020863,37.78412854210784],[-83.66987467239731,37.78412470670968],[-83.66982945342642,37.78412791081886],[-83.66981284889464,37.78412637432574],[-83.66978061269315,37.78411210101193],[-83.6697484546112,37.78410602998341],[-83.66970502639172,37.78410521532918],[-83.66967660353876,37.78410819423762],[-83.66964552104233,37.7841156161609],[-83.66961296279163,37.78412670522497],[-83.66955653157652,37.78414916535282],[-83.66950804781129,37.7841700035843],[-83.66945390404501,37.78419705792473],[-83.6694102291475,37.78422135869942],[-83.66936860208126,37.78424705867241],[-83.66930545697247,37.78428991919918],[-83.66925699490878,37.78432735032459],[-83.66921744974991,37.7843638183743],[-83.66918610854029,37.784400105672695],[-83.66916687558998,37.78443186119045],[-83.66915683977008,37.78444386259013],[-83.66914168848639,37.7844544092636],[-83.66909973989686,37.78447556358774],[-83.66907826747075,37.78449079226342],[-83.66903450583966,37.78452653584154],[-83.66901611525897,37.78453936339899],[-83.66897398659798,37.78456454574618],[-83.66893878630147,37.784582611495644],[-83.66890556271034,37.7845960954363],[-83.6688736707055,37.78460517726392],[-83.66883869369816,37.784611288800086],[-83.66879198478563,37.78463133809724],[-83.66876100763817,37.78463523337681],[-83.6687153825024,37.784633594323395],[-83.66868175452203,37.784629977617435],[-83.66864863871002,37.7846235983014],[-83.66862099181044,37.78461302966908],[-83.66855962990175,37.78457839451134],[-83.66854293711576,37.78457259771279],[-83.66852722224371,37.78457037187411],[-83.66850921820763,37.78457302661901],[-83.66846375361993,37.784588061380866],[-83.66845260426398,37.784588954709676],[-83.6684436719751,37.78458674139368],[-83.66843284975162,37.78457903194407],[-83.66841836264005,37.78456323064498],[-83.66839748089336,37.78453648401158],[-83.66839211834302,37.78452569957599],[-83.66838964804279,37.78451578942334],[-83.66839055989028,37.78450656156789],[-83.66839942167623,37.784483682828366],[-83.66840098720111,37.78447332580467],[-83.66839662519676,37.784449556207754],[-83.66839249367153,37.78444094403579],[-83.6683871670637,37.78443477887351],[-83.66838129043028,37.78443146205801],[-83.66837301988657,37.784429385813134],[-83.66833852195751,37.78442734690154],[-83.66832586484703,37.784425162912434],[-83.66829231380555,37.784412318773626],[-83.6682619307931,37.78439468545235],[-83.66825081750498,37.784384858093034],[-83.6682292803794,37.784360058601564],[-83.66821819411875,37.78435101768701],[-83.66819038342466,37.78433762907769],[-83.66815150199464,37.78432614770651],[-83.66811907358155,37.784319923627024],[-83.66808931937284,37.7843175164411],[-83.6680699811736,37.78431831353522],[-83.66804858664445,37.78432134781289],[-83.66798959886142,37.78433588490883],[-83.66795445421442,37.78434772747483],[-83.6678877062276,37.784376781891794],[-83.66785909940702,37.78438763565647],[-83.66780271389307,37.784403003486574],[-83.66778038677437,37.78441103557935],[-83.66773497916833,37.78443617085143],[-83.66769520363027,37.78445164823718],[-83.66764094908287,37.784466971912494],[-83.66758274516215,37.78447939425799],[-83.66755798899683,37.78448250626795],[-83.66749714981593,37.784486691837415],[-83.66746700928627,37.784492052956075],[-83.6674317412943,37.78450415248473],[-83.6673833094171,37.78452625343864],[-83.66734343646011,37.784548981452275],[-83.66732570928669,37.78455665320487],[-83.66730256558327,37.7845625908686],[-83.6672764534905,37.78456638229193],[-83.6672217534119,37.784565982853834],[-83.66715703536424,37.78457505028847],[-83.66714280991046,37.784575089713165],[-83.66713095345287,37.784572811932435],[-83.66711665435223,37.78456535507772],[-83.66709147687753,37.78454411690557],[-83.66708015431574,37.78453663706207],[-83.66705382435077,37.78452604573835],[-83.66702155288456,37.784518655982055],[-83.66698504283814,37.78451426315207],[-83.66691905579499,37.78450991619302],[-83.66685720484415,37.78451108819135],[-83.66683203749406,37.784507660531226],[-83.66682005237487,37.78450295947746],[-83.66678349386127,37.78448408021062],[-83.66676056828777,37.78447783616004],[-83.66672401531424,37.784471284494614],[-83.66667501470155,37.7844629120472],[-83.66664392374044,37.784459170114005],[-83.66661582124391,37.78445823566806],[-83.6665910891785,37.784460385807584],[-83.6665515294283,37.78446981211863],[-83.66651478762132,37.784484609021234],[-83.66647766400534,37.78450655213919],[-83.66646468234778,37.78451740117176],[-83.66645502900516,37.78452846666071],[-83.66644172835376,37.78455459494612],[-83.6664124829967,37.784588943247314],[-83.66639867514009,37.78461245988284],[-83.6663837344315,37.78464651891179],[-83.66637398288469,37.78467281366228],[-83.66636583296126,37.78470022748502],[-83.66635875532738,37.78474312862311],[-83.66635483334723,37.784758267317656],[-83.66634934425149,37.784770653470545],[-83.66633132906966,37.78480109496604],[-83.66632471549606,37.78481550686022],[-83.66631826363025,37.78485099378699],[-83.66631412356308,37.78486297118046],[-83.66630700983565,37.78487349420449],[-83.66629627964709,37.78488412069377],[-83.666243916504,37.78492306560965],[-83.6662123125098,37.784953170740486],[-83.66614191541473,37.78502599851268],[-83.66610890395407,37.785057991251975],[-83.66604910359332,37.785106200247704],[-83.66602595013627,37.785130442273825],[-83.66600205375663,37.78517001352937],[-83.66598695078957,37.785185017449145],[-83.665966922756,37.78519955728623],[-83.665941876711,37.785213877589264],[-83.66590544486132,37.7852316162509],[-83.6658525288706,37.78525282516113],[-83.66583694916127,37.7852611847592],[-83.66582084315851,37.78527211141387],[-83.66575532981844,37.78532510545094],[-83.66573748472464,37.78533584730411],[-83.66571979273864,37.78534350132525],[-83.66568544901689,37.78535454379595],[-83.66566092490946,37.78535849401116],[-83.66560973958556,37.785352384400476],[-83.66559677143525,37.78535364438344],[-83.66558288023998,37.78535723299555],[-83.66552551387362,37.785382183587835],[-83.66549896897843,37.785388851599905],[-83.66544015072759,37.78538888844735],[-83.66538752795189,37.785396324296784],[-83.66533239431011,37.785411222914746],[-83.66530483934517,37.78542307774938],[-83.66524201778515,37.78546013750265],[-83.66521159425626,37.78547392829069],[-83.66518278380958,37.785481638216496],[-83.66510876426094,37.78549355528119],[-83.6650763204828,37.785501663478925],[-83.66504950448389,37.7855121081327],[-83.66498471990664,37.785541757998054],[-83.66494002925891,37.78555783082797],[-83.66483405176956,37.78559069544802],[-83.66478571551802,37.78560947052397],[-83.66474726060152,37.785628105767636],[-83.66470683883382,37.78565024861878],[-83.66461065514598,37.78571042094865],[-83.66458252709502,37.78573036122081],[-83.66451807930258,37.78578007097928],[-83.6644837050459,37.78580294775296],[-83.66442802219653,37.785833377439324],[-83.66439307359441,37.78586247692101],[-83.66435898250695,37.78588744772587],[-83.66432858459858,37.78590705921595],[-83.66429948294567,37.785922851997896],[-83.66427115863817,37.785935075569704],[-83.66422203739089,37.78595013190129],[-83.66416999009411,37.78595990522137],[-83.66411105819277,37.78596474312449],[-83.66408577428906,37.78596433801427],[-83.66406267835912,37.785962055233334],[-83.66400716366712,37.78594873094297],[-83.66395694095424,37.78593387668862],[-83.66390371747146,37.78591505094356],[-83.66384616580476,37.785891847411065],[-83.66377557735393,37.78586076104574],[-83.6637129988777,37.78583112261574],[-83.66367596026379,37.78580812463129],[-83.6636606559423,37.78580023186526],[-83.66360709059215,37.7857836279966],[-83.66359406305982,37.78577647348971],[-83.66356557511469,37.785755929494094],[-83.66355183037165,37.785747978981085],[-83.66353388574721,37.7857411981865],[-83.6635124264356,37.78573613940249],[-83.66343673767584,37.78572699856912],[-83.66340942970794,37.78572197901277],[-83.66334582538404,37.785704614629346],[-83.66331640589543,37.78569875115372],[-83.66328329364144,37.78569428491979],[-83.66315140835644,37.78568465913687],[-83.66309575425207,37.78567747382863],[-83.6630136951533,37.785664125606104],[-83.6629901920325,37.78565793370185],[-83.66297039911761,37.78565028248218],[-83.6629363968203,37.78563128300649],[-83.66289474211425,37.78561871073897],[-83.66286668037458,37.78560395866561],[-83.66285523402868,37.785599964093294],[-83.66283840126901,37.78559964202327],[-83.66280544724532,37.78560621475814],[-83.6627923306664,37.78560753744263],[-83.66272457580476,37.78560040868955],[-83.66270600223888,37.78560302886874],[-83.66268596272523,37.78561016153144],[-83.6626250989128,37.78564462548868],[-83.662604720327,37.78565419910182],[-83.66258592322913,37.78565944313014],[-83.66256834623844,37.78566021117303],[-83.66255246182618,37.78565740516707],[-83.66250537900346,37.78564434564301],[-83.66244907130957,37.78563930905001],[-83.66240224552271,37.78563836133184],[-83.66238331662863,37.78563995773172],[-83.66233531784926,37.785647456574885],[-83.66231080032037,37.78564718600037],[-83.6622948401387,37.785642541910455],[-83.66227886333147,37.785633482608866],[-83.66226396979548,37.785621477898],[-83.66222422009231,37.78558446590395],[-83.66221106451685,37.785575032767134],[-83.66219829098166,37.78556838253097],[-83.66217898509117,37.78556155774365],[-83.66215616331081,37.78555590418989],[-83.66205592532873,37.78553883231817],[-83.66195582576864,37.78551304243939],[-83.66181736074518,37.78547244622464],[-83.66174355872691,37.78544981936174],[-83.6617192321943,37.78543810333592],[-83.6616656568161,37.78540570428259],[-83.66163747651531,37.785394178647465],[-83.66161421278657,37.78539013208436],[-83.66155981181363,37.78538685686853],[-83.66153778177073,37.785382326981704],[-83.66151269649939,37.78537500325665],[-83.66150726190563,37.78537216160068],[-83.66150480956807,37.785369139664134],[-83.66150504318725,37.785365720564656],[-83.66150765184264,37.785361303573616],[-83.66152294156814,37.78534552035263],[-83.66153605477504,37.78533519740626],[-83.66157558973232,37.78531236598039],[-83.66158187058166,37.785306021758586],[-83.66158293986189,37.78530025982812],[-83.66157907288965,37.7852942966633],[-83.66157040381256,37.78528757407412],[-83.66153535830084,37.785269664484915],[-83.6615203306058,37.785264298690954],[-83.66148273989651,37.785255345627625],[-83.66146694372516,37.785248374197664],[-83.66145065843419,37.78523534751271],[-83.66143463211968,37.785217122665756],[-83.6614213939749,37.78519635205359],[-83.66141320721478,37.78517554126569],[-83.66140974469175,37.78514997463287],[-83.66139782563454,37.78512322581063],[-83.66139384606771,37.78510706852359],[-83.6613920701354,37.78508906947834],[-83.66139242909537,37.78506889774959],[-83.66139495721968,37.78504438467616],[-83.66140242039995,37.785015235312436],[-83.66140375710222,37.78500436316388],[-83.66140139300333,37.784990386320466],[-83.66138942650149,37.78496095500993],[-83.66138618329722,37.78494799989809],[-83.6613858924731,37.784935031806576],[-83.66138902115395,37.78489553854914],[-83.66138547902189,37.78486191402078],[-83.66137825707112,37.784833519098164],[-83.66136253690104,37.784803681788055],[-83.66135865642886,37.784792570339874],[-83.66135713363585,37.784773911080144],[-83.66135967362533,37.78475553978478],[-83.66137261396683,37.78472723357363],[-83.66137709434008,37.78470670610447],[-83.66138095535821,37.784653701798796],[-83.66139502948911,37.784600223336156],[-83.66142256126925,37.78452612671116],[-83.66145303902897,37.78446107403939],[-83.66146284634617,37.78443466828884],[-83.6614711223553,37.78440447121403],[-83.66147347169498,37.78438447678904],[-83.66147189127496,37.78437094414771],[-83.66146257265635,37.784333322493076],[-83.66146249442131,37.78427537736299],[-83.66145272078256,37.78420019761411],[-83.66145144731303,37.7841737076888],[-83.66145541144759,37.784127976319574],[-83.66146084809665,37.784105304311694],[-83.6614783673092,37.784054793819756],[-83.66148291886695,37.78403187375534],[-83.66148190097442,37.78400932210904],[-83.66147120805304,37.78395599370309],[-83.66147085376352,37.78394254743491],[-83.66147271436022,37.783930607496764],[-83.661477692197,37.783917341979695],[-83.6614965432534,37.78387981146591],[-83.66150334399254,37.783856227820685],[-83.66150778188188,37.783829504024],[-83.66151164089396,37.78375020172111],[-83.66151183760294,37.78369784756145],[-83.66151749359868,37.78366063613048],[-83.66152726710281,37.7836265713953],[-83.6615469865715,37.783590672259734],[-83.66155161699155,37.78357602074224],[-83.66155172630076,37.78356148806573],[-83.66154881617626,37.78354329983996],[-83.66154555122137,37.783533772154456],[-83.66153477309679,37.78351191293226],[-83.6615322024889,37.7835012604444],[-83.66153313625517,37.78349211529143],[-83.66153693118821,37.78348203629578],[-83.66155757423495,37.78344945575448],[-83.66156354104848,37.78343749239356],[-83.66156998233313,37.783412668670195],[-83.66157754118684,37.78335390048948],[-83.661581285238,37.7833397781536],[-83.66158635302149,37.783327395241955],[-83.66160835008219,37.78329129164751],[-83.6616225647168,37.78327438107205],[-83.661644113991,37.78325556649566],[-83.66173709344385,37.783191108892545],[-83.66176498101734,37.783168184226774],[-83.66177483572396,37.78315617603343],[-83.66177903989974,37.783145602771086],[-83.66177769223167,37.783136206425866],[-83.66177076591502,37.78312786024557],[-83.66175829955392,37.783121304548075],[-83.66171941143588,37.78310749598544],[-83.6617122165738,37.78310354254107],[-83.66170820326748,37.78309958188533],[-83.66170744611242,37.783092463369734],[-83.66171336659322,37.78308397237809],[-83.66176456170795,37.78304607676847],[-83.66177442438465,37.783036396454534],[-83.66178010029623,37.783027510668575],[-83.66178278218824,37.783017216970144],[-83.66178504402876,37.782991946298765],[-83.66178913983184,37.782980867221184],[-83.66179657116878,37.782972028018456],[-83.66181944061549,37.78295191307321],[-83.66185223995777,37.78290857121129],[-83.66187486999732,37.78287772096811],[-83.66188634129139,37.782859044497286],[-83.66190018339856,37.78282065797198],[-83.66190570564987,37.782809051435926],[-83.66191489691919,37.78279664710555],[-83.66194116859708,37.7827698431088],[-83.66195127014699,37.78275708397049],[-83.66195863065128,37.782743445155376],[-83.66197644943087,37.782702188506605],[-83.66198996558317,37.782684450289466],[-83.66202389192289,37.78265232077666],[-83.66203581652465,37.782639005113055],[-83.66204414338578,37.7826243565865],[-83.66204622592423,37.78261029292331],[-83.66204467266544,37.78259770015517],[-83.66204203385824,37.7825900569926],[-83.66203937725304,37.782587428545064],[-83.66203559078448,37.78258640029707],[-83.66202437613802,37.782589110182734],[-83.66197729071648,37.7826169390353],[-83.66196225902436,37.782624103431026],[-83.66192579359935,37.78263670544322],[-83.66190082298378,37.78264299347367],[-83.66185596297419,37.78264921690068],[-83.66181749274713,37.78265075191797],[-83.66179104624808,37.78264738974531],[-83.66178245798454,37.782643935136306],[-83.66177703811155,37.78263932392328],[-83.66177449187202,37.7826339373731],[-83.66177348447614,37.78262678820661],[-83.66177612923103,37.78260779190371],[-83.66178484641158,37.78258421490977],[-83.66179725468142,37.78256269356686],[-83.66181193768591,37.78254749918848],[-83.66183355180932,37.78253313724012],[-83.66186136639881,37.78251963173459],[-83.66190789195004,37.78250095040905],[-83.66194081918,37.78248906883178],[-83.6619606243361,37.782476862656694],[-83.66197739992444,37.782462414152995],[-83.66198840060356,37.78244812779285],[-83.6619929230741,37.78243501298534],[-83.66199180225243,37.78242482609584],[-83.66198661479991,37.78241294969267],[-83.66197755768536,37.782399449974235],[-83.66196220014473,37.782380719896615],[-83.66194624284655,37.78236405313442],[-83.66192617321232,37.782352759855804],[-83.66189960912106,37.782345461743404],[-83.66186903332479,37.78234288441748],[-83.66183939885889,37.78234548636169],[-83.66181776976705,37.7823498246165],[-83.66180732183474,37.782355287551574],[-83.66180319406268,37.782362210382615],[-83.66180005641061,37.78237554439727],[-83.66179923731025,37.7823845566078],[-83.66180143506303,37.78240671610882],[-83.66180086176253,37.78241665315226],[-83.6617980277018,37.78243116523507],[-83.6617939344088,37.782438451771895],[-83.6617863587917,37.782442178094804],[-83.6617650905537,37.782445144843855],[-83.66175708692745,37.78244764367255],[-83.66173934843307,37.782459479158035],[-83.66173387692616,37.78246545077701],[-83.66173102200092,37.78247112210365],[-83.66173046209597,37.78247760402465],[-83.66173193429553,37.78248518476964],[-83.66173976221201,37.782499000517525],[-83.66174783304534,37.78250390269186],[-83.6617774567609,37.78251353165764],[-83.6617990196481,37.78252956365926],[-83.66180531898789,37.78253805459665],[-83.66181032755077,37.78254883707057]]}}],"rrgh_cache":{"source":"Kentucky State Parks / Kentucky Division of Geographic Information","source_layer":"https://kygisserver.ky.gov/arcgis/rest/services/WGS84WM_Services/Ky_State_Parks_Features_WGS84WM/MapServer/9","method":"Official Kentucky State Park Trails clipped to the RRGH working bounds","bbox":[37.45,-83.93,38.05,-83.25],"source_feature_count":18,"kept_segment_count":21,"clipped_feature_count":0,"property_keys":["ADA_ACCESS","AGENCY","ATT_ISSUES","ATT_SOURCE","ATV","BIKING","BLAZE","COMMENTS","CONTACT","CREATEDATE","DESCRIPTN","DOGS","FEE","GlobalID","HIKING","HORSE","HYPERLINK","LANDTYPE","MAINTENANC","MANAGER","MA_ID","MODIFYDATE","MOTORCYCLE","OBJECTID","OTHOWNTYPE","OTHSURFACE","OWNER","OWNTYPE","PUBLIC_NAME","RATING","SCHEDULE","STATUS","SURFACE","Shape.STLength()","TRAILHD_ID","TRAIL_CONFIG","TRAIL_ID","TRAIL_MILE","TRAIL_NAME","WATER_TRL","XY_ISSUES","XY_SOURCE","rrgh_classification","rrgh_part","rrgh_planner_eligible","rrgh_source"],"classification":"official-state-park-trail"}}
