{"type":"FeatureCollection","name":"Pinch-Em-Tight LiDAR-only sunrise/sunset pilot","features":[{"type":"Feature","properties":{"kind":"sunrise","strength":0.25,"hard":false},"geometry":{"type":"Polygon","coordinates":[[[-83.61765916565851,37.8195059635821],[-83.61793208440352,37.81925449760572],[-83.61793208440352,37.81912876429629],[-83.61788659794603,37.81911080237745],[-83.61790934117477,37.81907487852667],[-83.61797757086103,37.819182650026555],[-83.61795482763229,37.81930838324421],[-83.61768190888726,37.819541887223075],[-83.61749996305726,37.819559849037006],[-83.61749996305726,37.8195059635821],[-83.61765916565851,37.8195059635821]]]}},{"type":"Feature","properties":{"kind":"sunrise","strength":0.25,"hard":false},"geometry":{"type":"Polygon","coordinates":[[[-83.61759093597226,37.82209242104449],[-83.61763642242975,37.821894847630105],[-83.617522706286,37.82180504135781],[-83.61756819274352,37.82180504135781],[-83.61768190888726,37.82191280887145],[-83.617613679201,37.82203853743847],[-83.61763642242975,37.82223611046822],[-83.61770465211602,37.82223611046822],[-83.61779562503101,37.82205649864485],[-83.61784111148852,37.82203853743847],[-83.61775013857353,37.82221814930555],[-83.61775013857353,37.822343877352424],[-83.61768190888726,37.82241572185448],[-83.61756819274352,37.82237979961219],[-83.61759093597226,37.82209242104449]]]}},{"type":"Feature","properties":{"kind":"sunrise","strength":0.25,"hard":false},"geometry":{"type":"Polygon","coordinates":[[[-83.61756819274352,37.82153562188531],[-83.61770465211602,37.821463776526556],[-83.61756819274352,37.82157154453847],[-83.61756819274352,37.82153562188531]]]}},{"type":"Feature","properties":{"kind":"sunrise","strength":0.25,"hard":false},"geometry":{"type":"Polygon","coordinates":[[[-83.61793208440352,37.821445815175935],[-83.61788659794603,37.821463776526556],[-83.61772739534476,37.82142785382095],[-83.61790934117477,37.82142785382095],[-83.61793208440352,37.821445815175935]]]}},{"type":"Feature","properties":{"kind":"sunrise","strength":0.25,"hard":false},"geometry":{"type":"Polygon","coordinates":[[[-83.61811403023354,37.8217691188183],[-83.61818225991979,37.82164338979233],[-83.61804580054728,37.82158950585849],[-83.61797757086103,37.82149969921468],[-83.61804580054728,37.821553583214076],[-83.61818225991979,37.821517660552175],[-83.61831871929229,37.82153562188531],[-83.61831871929229,37.82162542848542],[-83.61804580054728,37.821840963879836],[-83.61804580054728,37.82180504135781],[-83.61811403023354,37.8217691188183]]]}},{"type":"Feature","properties":{"kind":"sunrise","strength":0.25,"hard":false},"geometry":{"type":"Polygon","coordinates":[[[-83.61825048960604,37.82128416282369],[-83.61811403023354,37.821194355808345],[-83.61815951669104,37.821194355808345],[-83.61825048960604,37.82128416282369]]]}},{"type":"Feature","properties":{"kind":"sunrise","strength":0.25,"hard":false},"geometry":{"type":"Polygon","coordinates":[[[-83.61868261095232,37.82099677998994],[-83.61870535418107,37.82121231722016],[-83.61868261095232,37.82121231722016],[-83.61868261095232,37.82099677998994]]]}},{"type":"Feature","properties":{"kind":"sunrise","strength":0.25,"hard":false},"geometry":{"type":"Polygon","coordinates":[[[-83.61868261095232,37.82121231722016],[-83.61865986772357,37.821445815175935],[-83.61861438126606,37.8214817378728],[-83.61847792189354,37.821463776526556],[-83.61829597606355,37.821338046980436],[-83.61834146252104,37.821320085599226],[-83.61843243543605,37.82139193109786],[-83.61856889480855,37.82139193109786],[-83.61863712449482,37.821338046980436],[-83.61868261095232,37.82121231722016]]]}},{"type":"Feature","properties":{"kind":"sunrise","strength":0.25,"hard":false},"geometry":{"type":"Polygon","coordinates":[[[-83.6193876510436,37.82185892513429],[-83.61927393489984,37.8217691188183],[-83.61931942135736,37.8217691188183],[-83.6193876510436,37.82185892513429]]]}},{"type":"Feature","properties":{"kind":"sunrise","strength":0.25,"hard":false},"geometry":{"type":"Polygon","coordinates":[[[-83.6192057052136,37.821733196261306],[-83.61888730001107,37.82162542848542],[-83.61884181355357,37.82158950585849],[-83.61884181355357,37.821517660552175],[-83.61909198906983,37.82149969921468],[-83.6193421645861,37.82157154453847],[-83.61936490781486,37.82160746717415],[-83.61922844844234,37.821553583214076],[-83.61904650261233,37.821553583214076],[-83.61904650261233,37.82162542848542],[-83.6192057052136,37.821733196261306]]]}},{"type":"Feature","properties":{"kind":"sunrise","strength":0.25,"hard":false},"geometry":{"type":"Polygon","coordinates":[[[-83.61902375938358,37.815051296606455],[-83.61893278646858,37.8150153707801],[-83.61906924584109,37.815051296606455],[-83.61906924584109,37.815141111095855],[-83.61902375938358,37.815141111095855],[-83.61902375938358,37.815051296606455]]]}},{"type":"Feature","properties":{"kind":"sunrise","strength":0.25,"hard":false},"geometry":{"type":"Polygon","coordinates":[[[-83.61968331301736,37.82171523497626],[-83.61970605624612,37.821894847630105],[-83.61968331301736,37.821894847630105],[-83.61968331301736,37.82171523497626]]]}},{"type":"Feature","properties":{"kind":"sunrise","strength":0.25,"hard":false},"geometry":{"type":"Polygon","coordinates":[[[-83.6203201234224,37.823403576665854],[-83.62036560987991,37.823421537540035],[-83.62036560987991,37.82351134184539],[-83.6203201234224,37.823529302693345],[-83.6203201234224,37.823601146041455],[-83.62020640727864,37.82374483252788],[-83.62022915050738,37.82351134184539],[-83.62034286665114,37.82347542013636],[-83.6203201234224,37.823403576665854]]]}},{"type":"Feature","properties":{"kind":"sunrise","strength":0.25,"hard":false},"geometry":{"type":"Polygon","coordinates":[[[-83.62120710934371,37.823816675666194],[-83.6209796770562,37.8237089109325],[-83.62068401508243,37.823726871732376],[-83.62063852862491,37.8237089109325],[-83.62061578539617,37.823601146041455],[-83.62054755570992,37.823565224376146],[-83.62059304216741,37.823529302693345],[-83.62068401508243,37.82365502850665],[-83.62075224476867,37.82365502850665],[-83.62079773122619,37.823529302693345],[-83.62095693382744,37.823403576665854],[-83.62095693382744,37.823277850424184],[-83.6209796770562,37.823421537540035],[-83.62091144736993,37.82347542013636],[-83.62093419059869,37.82358318521098],[-83.62104790674243,37.82358318521098],[-83.6212525958012,37.82347542013636],[-83.62100242028494,37.82365502850665],[-83.62100242028494,37.82369095012826],[-83.6211161364287,37.823726871732376],[-83.62120710934371,37.823816675666194]]]}},{"type":"Feature","properties":{"kind":"sunrise","strength":0.25,"hard":false},"geometry":{"type":"Polygon","coordinates":[[[-83.62068401508243,37.82325988951504],[-83.62068401508243,37.82345745927529],[-83.62066127185368,37.82345745927529],[-83.62063852862491,37.82324192860152],[-83.62075224476867,37.82324192860152],[-83.62068401508243,37.82325988951504]]]}},{"type":"Feature","properties":{"kind":"sunrise","strength":0.25,"hard":false},"geometry":{"type":"Polygon","coordinates":[[[-83.62072950153993,37.82385259720912],[-83.62075224476867,37.82390647949072],[-83.62066127185368,37.82388851873456],[-83.62068401508243,37.82385259720912],[-83.62072950153993,37.82385259720912]]]}},{"type":"Feature","properties":{"kind":"sunrise","strength":0.25,"hard":false},"geometry":{"type":"Polygon","coordinates":[[[-83.62138905517372,37.82396036173299],[-83.62127533902995,37.82387055797402],[-83.62134356871621,37.82388851873456],[-83.62138905517372,37.82396036173299]]]}},{"type":"Feature","properties":{"kind":"sunrise","strength":0.25,"hard":false},"geometry":{"type":"Polygon","coordinates":[[[-83.62195763589249,37.822954553390716],[-83.62186666297748,37.82290067041412],[-83.62186666297748,37.822882709413165],[-83.62191214943499,37.822882709413165],[-83.62195763589249,37.822954553390716]]]}},{"type":"Feature","properties":{"kind":"sunrise","strength":0.25,"hard":false},"geometry":{"type":"Polygon","coordinates":[[[-83.62195763589249,37.822954553390716],[-83.6221395817225,37.82297251437417],[-83.62216232495126,37.82308028018312],[-83.62200312234998,37.823170084903715],[-83.62193489266375,37.82325988951504],[-83.62141179840246,37.82334969401708],[-83.62150277131747,37.82329581132896],[-83.62191214943499,37.82324192860152],[-83.62207135203624,37.82309824113599],[-83.62207135203624,37.823008436327974],[-83.62198037912124,37.82299047535326],[-83.62195763589249,37.822954553390716]]]}},{"type":"Feature","properties":{"kind":"sunrise","strength":0.25,"hard":false},"geometry":{"type":"Polygon","coordinates":[[[-83.6221395817225,37.81995500783768],[-83.6220486088075,37.81991908439777],[-83.6220486088075,37.81990112267125],[-83.62211683849374,37.81990112267125],[-83.6221395817225,37.81995500783768]]]}},{"type":"Feature","properties":{"kind":"sunrise","strength":0.25,"hard":false},"geometry":{"type":"Polygon","coordinates":[[[-83.622276041095,37.82299047535326],[-83.62218506818,37.82291863141069],[-83.622276041095,37.822954553390716],[-83.62250347338251,37.82293659240289],[-83.62277639212753,37.822810865365696],[-83.62268541921252,37.82290067041412],[-83.62250347338251,37.82299047535326],[-83.622276041095,37.82299047535326]]]}},{"type":"Feature","properties":{"kind":"sunrise","strength":0.25,"hard":false},"geometry":{"type":"Polygon","coordinates":[[[-83.626847430074,37.81647035276355],[-83.62687017330275,37.8163985024745],[-83.62705211913276,37.816380539891306],[-83.62677920038773,37.81654220298268],[-83.62677920038773,37.816506277881864],[-83.626847430074,37.81647035276355]]]}},{"type":"Feature","properties":{"kind":"sunrise","strength":0.25,"hard":false},"geometry":{"type":"Polygon","coordinates":[[[-83.62709760559027,37.81551833075819],[-83.62734778110652,37.81553629355117],[-83.62709760559027,37.81553629355117],[-83.62709760559027,37.81551833075819]]]}},{"type":"Feature","properties":{"kind":"sunrise","strength":0.25,"hard":false},"geometry":{"type":"Polygon","coordinates":[[[-83.62741601079277,37.816057212646484],[-83.62743875402153,37.81571592124063],[-83.62739326756402,37.81557221912403],[-83.62743875402153,37.81559018190389],[-83.62743875402153,37.81569795849135],[-83.62748424047903,37.81573388398554],[-83.62750698370778,37.81609313796583],[-83.62741601079277,37.816164988552096],[-83.62741601079277,37.81627276430038],[-83.62734778110652,37.81629072690979],[-83.62737052433528,37.81609313796583],[-83.62741601079277,37.816057212646484]]]}},{"type":"Feature","properties":{"kind":"sunrise","strength":0.25,"hard":false},"geometry":{"type":"Polygon","coordinates":[[[-83.62816653734157,37.816218876445916],[-83.6281437941128,37.816147025912095],[-83.62759795662278,37.81611110061896],[-83.62812105088406,37.81611110061896],[-83.62830299671407,37.816147025912095],[-83.62830299671407,37.81623683906844],[-83.62812105088406,37.81627276430038],[-83.62803007796907,37.8162548016866],[-83.62816653734157,37.816218876445916]]]}},{"type":"Feature","properties":{"kind":"sunrise","strength":0.25,"hard":false},"geometry":{"type":"Polygon","coordinates":[[[-83.62839396962907,37.815626107450534],[-83.62848494254409,37.8156799957377],[-83.62839396962907,37.81566203297968],[-83.62837122640033,37.81569795849135],[-83.62839396962907,37.815626107450534]]]}},{"type":"Feature","properties":{"kind":"sunrise","strength":0.25,"hard":false},"geometry":{"type":"Polygon","coordinates":[[[-83.62891706389036,37.81481777842263],[-83.6289398071191,37.8150153707801],[-83.62891706389036,37.8150153707801],[-83.62891706389036,37.81481777842263]]]}},{"type":"Feature","properties":{"kind":"sunrise","strength":0.25,"hard":false},"geometry":{"type":"Polygon","coordinates":[[[-83.62891706389036,37.8150153707801],[-83.6288943206616,37.81523092547601],[-83.6288033477466,37.81528481405164],[-83.6288033477466,37.81524888833892],[-83.62887157743286,37.815212962608726],[-83.62891706389036,37.8150153707801]]]}},{"type":"Feature","properties":{"kind":"sunrise","strength":0.25,"hard":false},"geometry":{"type":"Polygon","coordinates":[[[-83.62882609097535,37.815464442353],[-83.62887157743286,37.81591351119423],[-83.62875786128909,37.815949436583516],[-83.62855317223035,37.81573388398554],[-83.62859865868784,37.81573388398554],[-83.62868963160285,37.81582369764452],[-83.62882609097535,37.81580573492146],[-83.62882609097535,37.815464442353]]]}},{"type":"Feature","properties":{"kind":"sunrise","strength":0.25,"hard":false},"geometry":{"type":"Polygon","coordinates":[[[-83.62903078003411,37.81629072690979],[-83.62882609097535,37.816164988552096],[-83.62882609097535,37.81607517530834],[-83.62903078003411,37.816057212646484],[-83.62912175294912,37.81609313796583],[-83.62932644200788,37.81609313796583],[-83.62939467169414,37.81612906326772],[-83.62934918523662,37.816147025912095],[-83.62896255034786,37.81609313796583],[-83.6289398071191,37.81618295118774],[-83.62903078003411,37.81629072690979]]]}},{"type":"Feature","properties":{"kind":"sunrise","strength":0.25,"hard":false},"geometry":{"type":"Polygon","coordinates":[[[-83.62998599564166,37.816416465053315],[-83.6300087388704,37.81654220298268],[-83.6299632524129,37.81657812806601],[-83.62994050918417,37.8163985024745],[-83.62998599564166,37.816416465053315]]]}},{"type":"Feature","properties":{"kind":"sunrise","strength":0.25,"hard":false},"geometry":{"type":"Polygon","coordinates":[[[-83.6298722794979,37.81636257730375],[-83.62962210398165,37.81634461471182],[-83.6295083878379,37.81623683906844],[-83.6296448472104,37.81630868951483],[-83.62984953626915,37.816326652115514],[-83.6298722794979,37.81636257730375]]]}},{"type":"Feature","properties":{"kind":"sunrise","strength":0.25,"hard":false},"geometry":{"type":"Polygon","coordinates":[[[-83.62955387429538,37.81648831532489],[-83.62962210398165,37.81643442762777],[-83.6296448472104,37.816506277881864],[-83.62955387429538,37.81648831532489]]]}},{"type":"Feature","properties":{"kind":"sunrise","strength":0.25,"hard":false},"geometry":{"type":"Polygon","coordinates":[[[-83.63009971178542,37.81627276430038],[-83.63019068470042,37.81607517530834],[-83.63030440084417,37.81600332463466],[-83.63021342792918,37.81612906326772],[-83.63021342792918,37.816218876445916],[-83.63037263053043,37.81623683906844],[-83.63041811698793,37.81620091381901],[-83.63050908990293,37.81620091381901],[-83.63050908990293,37.81623683906844],[-83.63044086021668,37.816218876445916],[-83.63030440084417,37.81630868951483],[-83.63014519824291,37.81630868951483],[-83.63009971178542,37.81627276430038]]]}},{"type":"Feature","properties":{"kind":"sunrise","strength":0.25,"hard":false},"geometry":{"type":"Polygon","coordinates":[[[-83.63037263053043,37.816506277881864],[-83.63050908990293,37.81654220298268],[-83.63032714407294,37.81654220298268],[-83.63037263053043,37.816506277881864]]]}},{"type":"Feature","properties":{"kind":"sunrise","strength":0.25,"hard":false},"geometry":{"type":"Polygon","coordinates":[[[-83.63082749510545,37.816667940697876],[-83.63073652219046,37.81668590321114],[-83.63069103573295,37.81664997818025],[-83.63075926541921,37.81664997818025],[-83.63082749510545,37.816667940697876]]]}},{"type":"Feature","properties":{"kind":"sunrise","strength":0.25,"hard":false},"geometry":{"type":"Polygon","coordinates":[[[-83.63110041385046,37.81668590321114],[-83.63073652219046,37.81645239019785],[-83.63078200864796,37.81643442762777],[-83.63100944093547,37.81659609060114],[-83.63110041385046,37.81657812806601],[-83.63107767062172,37.81648831532489],[-83.63089572479171,37.81634461471182],[-83.63089572479171,37.81630868951483],[-83.63121412999422,37.81656016552653],[-83.63130510290924,37.81657812806601],[-83.63132784613798,37.816667940697876],[-83.63110041385046,37.81668590321114]]]}},{"type":"Feature","properties":{"kind":"sunrise","strength":0.25,"hard":false},"geometry":{"type":"Polygon","coordinates":[[[-83.63078200864796,37.81612906326772],[-83.63078200864796,37.816218876445916],[-83.63075926541921,37.816218876445916],[-83.63073652219046,37.81612906326772],[-83.63078200864796,37.81612906326772]]]}},{"type":"Feature","properties":{"kind":"sunrise","strength":0.25,"hard":false},"geometry":{"type":"Polygon","coordinates":[[[-83.6315552784255,37.81598536195531],[-83.6315552784255,37.81589554849301],[-83.631418819053,37.81589554849301],[-83.63135058936673,37.81585962307751],[-83.63135058936673,37.81582369764452],[-83.63139607582423,37.81585962307751],[-83.63162350811174,37.81585962307751],[-83.63150979196799,37.81573388398554],[-83.63171448102676,37.8158416603632],[-83.63189642685677,37.81582369764452],[-83.63194191331426,37.81578777219403],[-83.63194191331426,37.81569795849135],[-83.63198739977177,37.8156440702173],[-83.63198739977177,37.815338702587944],[-83.63194191331426,37.815266851197464],[-83.63196465654302,37.814979444936256],[-83.63191917008551,37.81494351907494],[-83.63194191331426,37.814907593196125],[-83.63198739977177,37.81496148200779],[-83.63201014300053,37.81532073974687],[-83.63201014300053,37.8156799957377],[-83.63194191331426,37.815949436583516],[-83.6316462513405,37.81602128730964],[-83.63098669770672,37.81603924998024],[-83.6315552784255,37.81598536195531]]]}},{"type":"Feature","properties":{"kind":"sunrise","strength":0.25,"hard":false},"geometry":{"type":"Polygon","coordinates":[[[-83.63223757528803,37.81708107739704],[-83.63212385914427,37.81691941548577],[-83.63201014300053,37.816847565633786],[-83.63191917008551,37.816847565633786],[-83.63180545394175,37.81695534038553],[-83.63175996748424,37.81695534038553],[-83.63182819717052,37.81690145302933],[-83.63180545394175,37.81677571571188],[-83.6317372242555,37.81677571571188],[-83.631418819053,37.81691941548577],[-83.63144156228174,37.816865528103335],[-83.631600764883,37.81679367819891],[-83.63157802165425,37.816721828224544],[-83.63130510290924,37.8167397907247],[-83.63116864353672,37.816811640681564],[-83.63100944093547,37.81679367819891],[-83.63098669770672,37.81675775322047],[-83.63114590030798,37.81679367819891],[-83.63130510290924,37.81670386572002],[-83.6317372242555,37.81664997818025],[-83.63182819717052,37.8167397907247],[-83.63196465654302,37.8167397907247],[-83.63212385914427,37.816865528103335],[-83.63223757528803,37.81708107739704]]]}},{"type":"Feature","properties":{"kind":"sunrise","strength":0.25,"hard":false},"geometry":{"type":"Polygon","coordinates":[[[-83.6316462513405,37.81467407455775],[-83.631782710713,37.81479981545482],[-83.6316462513405,37.8147100005502],[-83.6316462513405,37.81467407455775]]]}},{"type":"Feature","properties":{"kind":"sunrise","strength":0.25,"hard":false},"geometry":{"type":"Polygon","coordinates":[[[-83.6316462513405,37.81463814854783],[-83.63162350811174,37.81467407455775],[-83.6315552784255,37.81460222252041],[-83.6316462513405,37.81463814854783]]]}},{"type":"Feature","properties":{"kind":"sunrise","strength":0.25,"hard":false},"geometry":{"type":"Polygon","coordinates":[[[-83.6315552784255,37.81460222252041],[-83.631418819053,37.81460222252041],[-83.63137333259549,37.81456629647552],[-83.63132784613798,37.81431481367178],[-83.63125961645171,37.814260924388094],[-83.63116864353672,37.814260924388094],[-83.63110041385046,37.81418907194866],[-83.63114590030798,37.81418907194866],[-83.63119138676548,37.81424296128478],[-83.63128235968048,37.81424296128478],[-83.63135058936673,37.81429685058159],[-83.63144156228174,37.81447648128681],[-83.63144156228174,37.81456629647552],[-83.6315552784255,37.81460222252041]]]}},{"type":"Feature","properties":{"kind":"sunrise","strength":0.25,"hard":false},"geometry":{"type":"Polygon","coordinates":[[[-83.63130510290924,37.81566203297968],[-83.63123687322297,37.8156799957377],[-83.63123687322297,37.81573388398554],[-83.63119138676548,37.81571592124063],[-83.63119138676548,37.81566203297968],[-83.63130510290924,37.81566203297968]]]}},{"type":"Feature","properties":{"kind":"sunrise","strength":0.25,"hard":false},"geometry":{"type":"Polygon","coordinates":[[[-83.63132784613798,37.82153562188531],[-83.63132784613798,37.82157154453847],[-83.63128235968048,37.821553583214076],[-83.63125961645171,37.82135600835729],[-83.63119138676548,37.82130212421364],[-83.63132784613798,37.82124824003066],[-83.631418819053,37.82097881852568],[-83.631600764883,37.8208890111388],[-83.6317372242555,37.82074531909253],[-83.63171448102676,37.82083512665424],[-83.63144156228174,37.82103270290535],[-83.63137333259549,37.82124824003066],[-83.63128235968048,37.821320085599226],[-83.63130510290924,37.82139193109786],[-83.63144156228174,37.82139193109786],[-83.63146430551049,37.82142785382095],[-83.63148704873925,37.82166135109487],[-83.631418819053,37.82153562188531],[-83.63132784613798,37.82153562188531]]]}},{"type":"Feature","properties":{"kind":"sunrise","strength":0.25,"hard":false},"geometry":{"type":"Polygon","coordinates":[[[-83.63119138676548,37.81709903980977],[-83.63130510290924,37.8170092277024],[-83.63128235968048,37.81706311497994],[-83.63119138676548,37.81709903980977]]]}},{"type":"Feature","properties":{"kind":"sunrise","strength":0.25,"hard":false},"geometry":{"type":"Polygon","coordinates":[[[-83.63128235968048,37.82166135109487],[-83.63132784613798,37.82180504135781],[-83.63125961645171,37.82182300262102],[-83.63128235968048,37.82166135109487]]]}},{"type":"Feature","properties":{"kind":"sunrise","strength":0.25,"hard":false},"geometry":{"type":"Polygon","coordinates":[[[-83.63153253519674,37.81709903980977],[-83.63166899456924,37.81702719013262],[-83.63153253519674,37.81713496462212],[-83.63153253519674,37.81709903980977]]]}},{"type":"Feature","properties":{"kind":"sunrise","strength":0.25,"hard":false},"geometry":{"type":"Polygon","coordinates":[[[-83.6315552784255,37.82171523497626],[-83.63169173779801,37.82171523497626],[-83.63166899456924,37.82175115754199],[-83.63157802165425,37.82175115754199],[-83.6315552784255,37.82171523497626]]]}},{"type":"Feature","properties":{"kind":"sunrise","strength":0.25,"hard":false},"geometry":{"type":"Polygon","coordinates":[[[-83.6317372242555,37.82169727368683],[-83.631600764883,37.821517660552175],[-83.631600764883,37.82140989246159],[-83.6317372242555,37.82140989246159],[-83.63180545394175,37.821445815175935],[-83.63205562945801,37.82166135109487],[-83.63201014300053,37.82166135109487],[-83.631873683628,37.82153562188531],[-83.63175996748424,37.82153562188531],[-83.6317372242555,37.82169727368683]]]}},{"type":"Feature","properties":{"kind":"sunrise","strength":0.25,"hard":false},"geometry":{"type":"Polygon","coordinates":[[[-83.63191917008551,37.82061958832256],[-83.631873683628,37.82067347296449],[-83.63182819717052,37.82067347296449],[-83.631873683628,37.82061958832256],[-83.63191917008551,37.82061958832256]]]}},{"type":"Feature","properties":{"kind":"sunrise","strength":0.25,"hard":false},"geometry":{"type":"Polygon","coordinates":[[[-83.63207837268676,37.82103270290535],[-83.63191917008551,37.82092493410667],[-83.63191917008551,37.82083512665424],[-83.63203288622927,37.820817165150636],[-83.63216934560177,37.82085308815346],[-83.63214660237303,37.8208890111388],[-83.63205562945801,37.82090697262492],[-83.63207837268676,37.82099677998994],[-83.63228306174553,37.82101474144984],[-83.63207837268676,37.82103270290535]]]}},{"type":"Feature","properties":{"kind":"sunrise","strength":0.25,"hard":false},"geometry":{"type":"Polygon","coordinates":[[[-83.63207837268676,37.82038608775297],[-83.63221483205928,37.8202962796449],[-83.63221483205928,37.82033220290125],[-83.63207837268676,37.82042201096561],[-83.63207837268676,37.82038608775297]]]}},{"type":"Feature","properties":{"kind":"sunrise","strength":0.25,"hard":false},"geometry":{"type":"Polygon","coordinates":[[[-83.63223757528803,37.821840963879836],[-83.63221483205928,37.821787080090246],[-83.63207837268676,37.82167931239304],[-83.63223757528803,37.8217691188183],[-83.63235129143177,37.821894847630105],[-83.63223757528803,37.821840963879836]]]}},{"type":"Feature","properties":{"kind":"sunrise","strength":0.25,"hard":false},"geometry":{"type":"Polygon","coordinates":[[[-83.6323058049743,37.820188509770986],[-83.63241952111804,37.820116663100954],[-83.63241952111804,37.82002685466507],[-83.63219208883052,37.81997296955108],[-83.6323967778893,37.81997296955108],[-83.6325332372618,37.82002685466507],[-83.6325332372618,37.820134624775015],[-83.6323967778893,37.820152586444706],[-83.6323058049743,37.82022443307978],[-83.6323058049743,37.820188509770986]]]}},{"type":"Feature","properties":{"kind":"sunrise","strength":0.25,"hard":false},"geometry":{"type":"Polygon","coordinates":[[[-83.63228306174553,37.82072735756707],[-83.63232854820303,37.82074531909253],[-83.63223757528803,37.820799203642665],[-83.63228306174553,37.82072735756707]]]}},{"type":"Feature","properties":{"kind":"sunrise","strength":0.25,"hard":false},"geometry":{"type":"Polygon","coordinates":[[[-83.6323967778893,37.8220026150126],[-83.6323967778893,37.822164265791315],[-83.63244226434679,37.82223611046822],[-83.63244226434679,37.82237979961219],[-83.63237403466054,37.822182226967094],[-83.6323967778893,37.8220026150126]]]}},{"type":"Feature","properties":{"kind":"sunrise","strength":0.25,"hard":false},"geometry":{"type":"Polygon","coordinates":[[[-83.63241952111804,37.82063754987424],[-83.6325332372618,37.820547742072144],[-83.63257872371929,37.820547742072144],[-83.63241952111804,37.82067347296449],[-83.63241952111804,37.82063754987424]]]}},{"type":"Feature","properties":{"kind":"sunrise","strength":0.25,"hard":false},"geometry":{"type":"Polygon","coordinates":[[[-83.63255598049055,37.81742236249155],[-83.63246500757553,37.81733255077754],[-83.63257872371929,37.817404400157486],[-83.63257872371929,37.81767383470944],[-83.63255598049055,37.81742236249155]]]}},{"type":"Feature","properties":{"kind":"sunrise","strength":0.25,"hard":false},"geometry":{"type":"Polygon","coordinates":[[[-83.63303358829431,37.82051181892069],[-83.63285164246432,37.82033220290125],[-83.6327606695493,37.8203681261401],[-83.63273792632056,37.82045793416076],[-83.63266969663431,37.82047589575177],[-83.6327151830918,37.82043997256537],[-83.63266969663431,37.820314241275256],[-83.63269243986305,37.820188509770986],[-83.63280615600681,37.82020647142756],[-83.63291987215058,37.8202962796449],[-83.63303358829431,37.82051181892069]]]}},{"type":"Feature","properties":{"kind":"sunrise","strength":0.25,"hard":false},"geometry":{"type":"Polygon","coordinates":[[[-83.6327606695493,37.81803307924893],[-83.6327151830918,37.817997154873645],[-83.6327151830918,37.81794326827794],[-83.6327606695493,37.81797919267945],[-83.6327606695493,37.81803307924893]]]}},{"type":"Feature","properties":{"kind":"sunrise","strength":0.25,"hard":false},"geometry":{"type":"Polygon","coordinates":[[[-83.63312456120931,37.81571592124063],[-83.63307907475183,37.81573388398554],[-83.63298810183682,37.81569795849135],[-83.63310181798057,37.81569795849135],[-83.63312456120931,37.81571592124063]]]}},{"type":"Feature","properties":{"kind":"sunrise","strength":0.25,"hard":false},"geometry":{"type":"Polygon","coordinates":[[[-83.63357942578435,37.81559018190389],[-83.63353393932684,37.81553629355117],[-83.63335199349685,37.81551833075819],[-83.63355668255561,37.81551833075819],[-83.6336021690131,37.81555425633979],[-83.63357942578435,37.8156799957377],[-83.63357942578435,37.81559018190389]]]}},{"type":"Feature","properties":{"kind":"sunrise","strength":0.25,"hard":false},"geometry":{"type":"Polygon","coordinates":[[[-83.63410252004563,37.821338046980436],[-83.63398880390187,37.82123027862759],[-83.63389783098687,37.82123027862759],[-83.63385234452936,37.82108658724569],[-83.63378411484311,37.821050664356505],[-83.63378411484311,37.82101474144984],[-83.63353393932684,37.82085308815346],[-83.6336476554706,37.820871049648325],[-83.63389783098687,37.82106862580327],[-83.63394331744436,37.82117639439216],[-83.63405703358812,37.82123027862759],[-83.63410252004563,37.821338046980436]]]}},{"type":"Feature","properties":{"kind":"sunrise","strength":0.25,"hard":false},"geometry":{"type":"Polygon","coordinates":[[[-83.6339660606731,37.813829808702536],[-83.63398880390187,37.813793882281765],[-83.63405703358812,37.8138836983009],[-83.63403429035938,37.8138836983009],[-83.6339660606731,37.813829808702536]]]}},{"type":"Feature","properties":{"kind":"sunrise","strength":0.25,"hard":false},"geometry":{"type":"Polygon","coordinates":[[[-83.6341707497319,37.81440462905717],[-83.6341707497319,37.81444055518073],[-83.63410252004563,37.81447648128681],[-83.63410252004563,37.81444055518073],[-83.6341707497319,37.81440462905717]]]}},{"type":"Feature","properties":{"kind":"sunrise","strength":0.25,"hard":false},"geometry":{"type":"Polygon","coordinates":[[[-83.63503499242442,37.814386665988835],[-83.6348075601369,37.814260924388094],[-83.63455738462065,37.81424296128478],[-83.63430720910439,37.81435073983904],[-83.63426172264687,37.81431481367178],[-83.63430720910439,37.81427888748703],[-83.63430720910439,37.81413518257319],[-83.63426172264687,37.814117219439304],[-83.63421623618939,37.814009440544126],[-83.63435269556189,37.814117219439304],[-83.63442092524815,37.814117219439304],[-83.63444366847689,37.8142249981771],[-83.63489853305191,37.81424296128478],[-83.63503499242442,37.814386665988835]]]}},{"type":"Feature","properties":{"kind":"sunrise","strength":0.25,"hard":false},"geometry":{"type":"Polygon","coordinates":[[[-83.6344891549344,37.81465611155497],[-83.63442092524815,37.81469203755616],[-83.63437543879063,37.81469203755616],[-83.63442092524815,37.81463814854783],[-83.6344891549344,37.81465611155497]]]}},{"type":"Feature","properties":{"kind":"sunrise","strength":0.25,"hard":false},"geometry":{"type":"Polygon","coordinates":[[[-83.63455738462065,37.81515907398064],[-83.63455738462065,37.81528481405164],[-83.63451189816315,37.81528481405164],[-83.63451189816315,37.815194999737066],[-83.63455738462065,37.81515907398064]]]}},{"type":"Feature","properties":{"kind":"sunrise","strength":0.25,"hard":false},"geometry":{"type":"Polygon","coordinates":[[[-83.63471658722192,37.81551833075819],[-83.63501224919568,37.81551833075819],[-83.63498950596693,37.81555425633979],[-83.63473933045066,37.81555425633979],[-83.63471658722192,37.81551833075819]]]}},{"type":"Feature","properties":{"kind":"sunrise","strength":0.25,"hard":false},"geometry":{"type":"Polygon","coordinates":[[[-83.63512596533944,37.81541055390849],[-83.63535339762694,37.81512314820672],[-83.63535339762694,37.81492555613771],[-83.63533065439819,37.8147100005502],[-83.6352396814832,37.81467407455775],[-83.63521693825442,37.814548333446524],[-83.63505773565318,37.81444055518073],[-83.63505773565318,37.81440462905717],[-83.63530791116943,37.81456629647552],[-83.6353761408557,37.81479981545482],[-83.6353761408557,37.815141111095855],[-83.6352851679407,37.81530277690145],[-83.63505773565318,37.815482405159095],[-83.63505773565318,37.81544647954254],[-83.63512596533944,37.81541055390849]]]}},{"type":"Feature","properties":{"kind":"sunrise","strength":0.25,"hard":false},"geometry":{"type":"Polygon","coordinates":[[[-83.63633135646324,37.81530277690145],[-83.63630861323449,37.815338702587944],[-83.63603569448946,37.815338702587944],[-83.63633135646324,37.81530277690145]]]}},{"type":"Feature","properties":{"kind":"sunrise","strength":0.25,"hard":false},"geometry":{"type":"Polygon","coordinates":[[[-83.6363995861495,37.814548333446524],[-83.63637684292075,37.8142249981771],[-83.6363995861495,37.8142249981771],[-83.63642232937825,37.81444055518073],[-83.63651330229325,37.81445851823596],[-83.63651330229325,37.81458425950016],[-83.6363995861495,37.814548333446524]]]}},{"type":"Feature","properties":{"kind":"sunrise","strength":0.25,"hard":false},"geometry":{"type":"Polygon","coordinates":[[[-83.6363995861495,37.81494351907494],[-83.63651330229325,37.81488963025017],[-83.63651330229325,37.81506925951307],[-83.63644507260699,37.81506925951307],[-83.63637684292075,37.815266851197464],[-83.6363995861495,37.81494351907494]]]}},{"type":"Feature","properties":{"kind":"sunrise","strength":0.5,"hard":false},"geometry":{"type":"Polygon","coordinates":[[[-83.61770465211602,37.81945207808785],[-83.61784111148852,37.81927245948959],[-83.61786385471729,37.81905691659473],[-83.61793208440352,37.81912876429629],[-83.61790934117477,37.81929042136908],[-83.61781836825978,37.81934430698134],[-83.61779562503101,37.819416154403164],[-83.61770465211602,37.81948800175505],[-83.61749996305726,37.8195059635821],[-83.61749996305726,37.81945207808785],[-83.61770465211602,37.81945207808785]]]}},{"type":"Feature","properties":{"kind":"sunrise","strength":0.5,"hard":false},"geometry":{"type":"Polygon","coordinates":[[[-83.61763642242975,37.821984653793116],[-83.61768190888726,37.82191280887145],[-83.61768190888726,37.82205649864485],[-83.61777288180227,37.82205649864485],[-83.61786385471729,37.821984653793116],[-83.61770465211602,37.82223611046822],[-83.61763642242975,37.82223611046822],[-83.617613679201,37.82220018813851],[-83.61763642242975,37.821984653793116]]]}},{"type":"Feature","properties":{"kind":"sunrise","strength":0.5,"hard":false},"geometry":{"type":"Polygon","coordinates":[[[-83.61802305731852,37.82180504135781],[-83.61797757086103,37.82158950585849],[-83.61788659794603,37.821463776526556],[-83.61795482763229,37.8214817378728],[-83.61804580054728,37.82158950585849],[-83.61818225991979,37.82164338979233],[-83.61813677346228,37.82175115754199],[-83.61795482763229,37.821894847630105],[-83.61802305731852,37.82180504135781]]]}},{"type":"Feature","properties":{"kind":"sunrise","strength":0.5,"hard":false},"geometry":{"type":"Polygon","coordinates":[[[-83.61843243543605,37.82139193109786],[-83.61825048960604,37.82126620142936],[-83.61836420574981,37.821320085599226],[-83.6184551786648,37.821320085599226],[-83.61850066512231,37.82124824003066],[-83.61861438126606,37.82124824003066],[-83.61865986772357,37.821194355808345],[-83.61868261095232,37.82099677998994],[-83.61868261095232,37.82121231722016],[-83.61863712449482,37.821338046980436],[-83.61856889480855,37.82139193109786],[-83.61843243543605,37.82139193109786]]]}},{"type":"Feature","properties":{"kind":"sunrise","strength":0.5,"hard":false},"geometry":{"type":"Polygon","coordinates":[[[-83.6184551786648,37.821140471546684],[-83.61850066512231,37.82117639439216],[-83.61850066512231,37.82121231722016],[-83.61843243543605,37.82117639439216],[-83.6184551786648,37.821140471546684]]]}},{"type":"Feature","properties":{"kind":"sunrise","strength":0.5,"hard":false},"geometry":{"type":"Polygon","coordinates":[[[-83.61902375938358,37.815051296606455],[-83.61904650261233,37.815105185313215],[-83.61900101615483,37.815141111095855],[-83.61897827292607,37.815051296606455],[-83.61902375938358,37.815051296606455]]]}},{"type":"Feature","properties":{"kind":"sunrise","strength":0.5,"hard":false},"geometry":{"type":"Polygon","coordinates":[[[-83.61950136718735,37.82167931239304],[-83.6192511916711,37.82162542848542],[-83.61922844844234,37.82167931239304],[-83.61931942135736,37.82175115754199],[-83.61927393489984,37.8217691188183],[-83.61904650261233,37.82162542848542],[-83.61904650261233,37.821553583214076],[-83.61922844844234,37.821553583214076],[-83.61950136718735,37.82167931239304]]]}},{"type":"Feature","properties":{"kind":"sunrise","strength":0.5,"hard":false},"geometry":{"type":"Polygon","coordinates":[[[-83.61950136718735,37.82167931239304],[-83.61968331301736,37.82171523497626],[-83.61968331301736,37.821840963879836],[-83.61966056978862,37.821733196261306],[-83.61950136718735,37.82167931239304]]]}},{"type":"Feature","properties":{"kind":"sunrise","strength":0.5,"hard":false},"geometry":{"type":"Polygon","coordinates":[[[-83.62072950153993,37.82385259720912],[-83.62063852862491,37.82388851873456],[-83.62066127185368,37.823780754105776],[-83.62059304216741,37.82374483252788],[-83.62057029893867,37.82361910686756],[-83.62050206925241,37.82358318521098],[-83.62036560987991,37.823601146041455],[-83.62025189373615,37.82369095012826],[-83.6203201234224,37.823601146041455],[-83.6203201234224,37.823529302693345],[-83.62036560987991,37.82351134184539],[-83.62036560987991,37.823421537540035],[-83.62045658279492,37.823529302693345],[-83.62057029893867,37.82351134184539],[-83.62063852862491,37.82345745927529],[-83.62063852862491,37.82349338099306],[-83.62054755570992,37.82354726353693],[-83.62063852862491,37.8236370676893],[-83.62063852862491,37.8237089109325],[-83.6209796770562,37.8237089109325],[-83.62109339319996,37.82374483252788],[-83.6212525958012,37.82387055797402],[-83.62095693382744,37.82376279331901],[-83.62084321768369,37.82376279331901],[-83.62077498799742,37.82379871488817],[-83.62079773122619,37.82392444024253],[-83.62072950153993,37.82385259720912]]]}},{"type":"Feature","properties":{"kind":"sunrise","strength":0.5,"hard":false},"geometry":{"type":"Polygon","coordinates":[[[-83.62066127185368,37.82345745927529],[-83.62063852862491,37.823277850424184],[-83.62066127185368,37.823277850424184],[-83.62066127185368,37.82345745927529]]]}},{"type":"Feature","properties":{"kind":"sunrise","strength":0.5,"hard":false},"geometry":{"type":"Polygon","coordinates":[[[-83.62093419059869,37.823439498409854],[-83.6209796770562,37.823421537540035],[-83.6209796770562,37.82334969401708],[-83.62100242028494,37.82347542013636],[-83.62118436611493,37.82347542013636],[-83.6212980822587,37.823421537540035],[-83.62104790674243,37.82358318521098],[-83.62091144736993,37.823565224376146],[-83.62093419059869,37.823439498409854]]]}},{"type":"Feature","properties":{"kind":"sunrise","strength":0.5,"hard":false},"geometry":{"type":"Polygon","coordinates":[[[-83.62138905517372,37.82329581132896],[-83.62188940620625,37.82320600676136],[-83.62198037912124,37.82311620208448],[-83.62198037912124,37.823008436327974],[-83.62193489266375,37.822954553390716],[-83.62207135203624,37.823008436327974],[-83.62207135203624,37.82309824113599],[-83.62191214943499,37.82324192860152],[-83.62150277131747,37.82329581132896],[-83.62134356871621,37.8233856157873],[-83.62138905517372,37.82329581132896]]]}},{"type":"Feature","properties":{"kind":"sunrise","strength":0.5,"hard":false},"geometry":{"type":"Polygon","coordinates":[[[-83.62218506818,37.82291863141069],[-83.62229878432376,37.82291863141069],[-83.62236701401001,37.822882709413165],[-83.62248073015377,37.822882709413165],[-83.62259444629753,37.822810865365696],[-83.62277639212753,37.8227929043429],[-83.62250347338251,37.82293659240289],[-83.622276041095,37.822954553390716],[-83.62218506818,37.82291863141069]]]}},{"type":"Feature","properties":{"kind":"sunrise","strength":0.5,"hard":false},"geometry":{"type":"Polygon","coordinates":[[[-83.62668822747274,37.8162548016866],[-83.62675645715899,37.81627276430038],[-83.6268019436165,37.81620091381901],[-83.62677920038773,37.81630868951483],[-83.62668822747274,37.8162548016866]]]}},{"type":"Feature","properties":{"kind":"sunrise","strength":0.5,"hard":false},"geometry":{"type":"Polygon","coordinates":[[[-83.62673371393024,37.81654220298268],[-83.6268019436165,37.81634461471182],[-83.62714309204776,37.81636257730375],[-83.62707486236151,37.8163985024745],[-83.62687017330275,37.8163985024745],[-83.626847430074,37.81647035276355],[-83.62677920038773,37.816506277881864],[-83.62677920038773,37.81654220298268],[-83.62673371393024,37.81654220298268]]]}},{"type":"Feature","properties":{"kind":"sunrise","strength":0.5,"hard":false},"geometry":{"type":"Polygon","coordinates":[[[-83.62727955142026,37.81630868951483],[-83.62734778110652,37.81589554849301],[-83.62739326756402,37.81585962307751],[-83.62739326756402,37.815626107450534],[-83.62732503787777,37.81555425633979],[-83.62718857850525,37.81553629355117],[-83.62734778110652,37.81553629355117],[-83.62741601079277,37.8156081446794],[-83.62743875402153,37.81571592124063],[-83.62743875402153,37.81600332463466],[-83.62737052433528,37.81609313796583],[-83.62737052433528,37.81627276430038],[-83.62727955142026,37.81630868951483]]]}},{"type":"Feature","properties":{"kind":"sunrise","strength":0.5,"hard":false},"geometry":{"type":"Polygon","coordinates":[[[-83.6280073347403,37.816164988552096],[-83.62775715922405,37.81612906326772],[-83.6281437941128,37.816147025912095],[-83.62816653734157,37.816218876445916],[-83.6280073347403,37.8162548016866],[-83.62796184828281,37.81623683906844],[-83.6280073347403,37.816218876445916],[-83.6280073347403,37.816164988552096]]]}},{"type":"Feature","properties":{"kind":"sunrise","strength":0.5,"hard":false},"geometry":{"type":"Polygon","coordinates":[[[-83.62868963160285,37.81582369764452],[-83.62848494254409,37.81566203297968],[-83.62859865868784,37.81571592124063],[-83.6287123748316,37.81571592124063],[-83.62875786128909,37.8156799957377],[-83.6288033477466,37.81557221912403],[-83.62875786128909,37.81541055390849],[-83.62878060451784,37.81532073974687],[-83.62882609097535,37.815464442353],[-83.62882609097535,37.81580573492146],[-83.62868963160285,37.81582369764452]]]}},{"type":"Feature","properties":{"kind":"sunrise","strength":0.5,"hard":false},"geometry":{"type":"Polygon","coordinates":[[[-83.6288943206616,37.81479981545482],[-83.62891706389036,37.8150153707801],[-83.6288943206616,37.8150153707801],[-83.6288943206616,37.81479981545482]]]}},{"type":"Feature","properties":{"kind":"sunrise","strength":0.5,"hard":false},"geometry":{"type":"Polygon","coordinates":[[[-83.62887157743286,37.8150153707801],[-83.6288943206616,37.81515907398064],[-83.6288488342041,37.815212962608726],[-83.62887157743286,37.8150153707801]]]}},{"type":"Feature","properties":{"kind":"sunrise","strength":0.5,"hard":false},"geometry":{"type":"Polygon","coordinates":[[[-83.62907626649161,37.81630868951483],[-83.6289398071191,37.81618295118774],[-83.62896255034786,37.81609313796583],[-83.62934918523662,37.81612906326772],[-83.6295083878379,37.8162548016866],[-83.62934918523662,37.816164988552096],[-83.62905352326285,37.81618295118774],[-83.62907626649161,37.81630868951483]]]}},{"type":"Feature","properties":{"kind":"sunrise","strength":0.5,"hard":false},"geometry":{"type":"Polygon","coordinates":[[[-83.62989502272664,37.8163985024745],[-83.6296903336679,37.816380539891306],[-83.6296448472104,37.81647035276355],[-83.62962210398165,37.81643442762777],[-83.62955387429538,37.81647035276355],[-83.62957661752414,37.81630868951483],[-83.62962210398165,37.81634461471182],[-83.62982679304041,37.81634461471182],[-83.62989502272664,37.8163985024745]]]}},{"type":"Feature","properties":{"kind":"sunrise","strength":0.5,"hard":false},"geometry":{"type":"Polygon","coordinates":[[[-83.62989502272664,37.8163985024745],[-83.6299632524129,37.81643442762777],[-83.6299632524129,37.81657812806601],[-83.62994050918417,37.81645239019785],[-83.62989502272664,37.8163985024745]]]}},{"type":"Feature","properties":{"kind":"sunrise","strength":0.5,"hard":false},"geometry":{"type":"Polygon","coordinates":[[[-83.63023617115793,37.81609313796583],[-83.63037263053043,37.8159673992716],[-83.63032714407294,37.81602128730964],[-83.63032714407294,37.816164988552096],[-83.63046360344545,37.816164988552096],[-83.63050908990293,37.81620091381901],[-83.63023617115793,37.81623683906844],[-83.63023617115793,37.81609313796583]]]}},{"type":"Feature","properties":{"kind":"sunrise","strength":0.5,"hard":false},"geometry":{"type":"Polygon","coordinates":[[[-83.63032714407294,37.81654220298268],[-83.63050908990293,37.81654220298268],[-83.63055457636044,37.81659609060114],[-83.63048634667419,37.81656016552653],[-83.63032714407294,37.81654220298268]]]}},{"type":"Feature","properties":{"kind":"sunrise","strength":0.5,"hard":false},"geometry":{"type":"Polygon","coordinates":[[[-83.63060006281795,37.81663201565826],[-83.63069103573295,37.81664997818025],[-83.63069103573295,37.816667940697876],[-83.63062280604669,37.816667940697876],[-83.63060006281795,37.81663201565826]]]}},{"type":"Feature","properties":{"kind":"sunrise","strength":0.5,"hard":false},"geometry":{"type":"Polygon","coordinates":[[[-83.63100944093547,37.81659609060114],[-83.63062280604669,37.81634461471182],[-83.6306682925042,37.816326652115514],[-83.63078200864796,37.816416465053315],[-83.63087298156297,37.8163985024745],[-83.63087298156297,37.81634461471182],[-83.63075926541921,37.816218876445916],[-83.63103218416421,37.81643442762777],[-83.63110041385046,37.81657812806601],[-83.63100944093547,37.81659609060114]]]}},{"type":"Feature","properties":{"kind":"sunrise","strength":0.5,"hard":false},"geometry":{"type":"Polygon","coordinates":[[[-83.63078200864796,37.81611110061896],[-83.63100944093547,37.81598536195531],[-83.63112315707922,37.81600332463466],[-83.63135058936673,37.815949436583516],[-83.63130510290924,37.81582369764452],[-83.63121412999422,37.81576980946224],[-83.63121412999422,37.81573388398554],[-83.63135058936673,37.81582369764452],[-83.63137333259549,37.81587758578745],[-83.6315552784255,37.81589554849301],[-83.6315552784255,37.81598536195531],[-83.63098669770672,37.81602128730964],[-83.63089572479171,37.81611110061896],[-83.63078200864796,37.81611110061896]]]}},{"type":"Feature","properties":{"kind":"sunrise","strength":0.5,"hard":false},"geometry":{"type":"Polygon","coordinates":[[[-83.63121412999422,37.81677571571188],[-83.63157802165425,37.816721828224544],[-83.631600764883,37.81679367819891],[-83.63144156228174,37.816865528103335],[-83.631418819053,37.81691941548577],[-83.63130510290924,37.816991265267816],[-83.63139607582423,37.816883490568515],[-83.63139607582423,37.81677571571188],[-83.63128235968048,37.81679367819891],[-83.63121412999422,37.81677571571188]]]}},{"type":"Feature","properties":{"kind":"sunrise","strength":0.5,"hard":false},"geometry":{"type":"Polygon","coordinates":[[[-83.63121412999422,37.81679367819891],[-83.63119138676548,37.81682960315987],[-83.63100944093547,37.816811640681564],[-83.63100944093547,37.81679367819891],[-83.63121412999422,37.81679367819891]]]}},{"type":"Feature","properties":{"kind":"sunrise","strength":0.5,"hard":false},"geometry":{"type":"Polygon","coordinates":[[[-83.63171448102676,37.82074531909253],[-83.63169173779801,37.820817165150636],[-83.631418819053,37.82097881852568],[-83.63132784613798,37.82124824003066],[-83.63119138676548,37.82130212421364],[-83.63125961645171,37.82135600835729],[-83.63128235968048,37.821553583214076],[-83.63132784613798,37.82157154453847],[-83.63132784613798,37.82153562188531],[-83.631418819053,37.82153562188531],[-83.63146430551049,37.82166135109487],[-83.6315552784255,37.821733196261306],[-83.631418819053,37.82166135109487],[-83.63135058936673,37.82166135109487],[-83.63135058936673,37.821787080090246],[-83.631418819053,37.82182300262102],[-83.63139607582423,37.82185892513429],[-83.63130510290924,37.8217691188183],[-83.63128235968048,37.82166135109487],[-83.63123687322297,37.82182300262102],[-83.63125961645171,37.821517660552175],[-83.63112315707922,37.82135600835729],[-83.63112315707922,37.82126620142936],[-83.63130510290924,37.821194355808345],[-83.63130510290924,37.82106862580327],[-83.63137333259549,37.82096085705705],[-83.63171448102676,37.82074531909253]]]}},{"type":"Feature","properties":{"kind":"sunrise","strength":0.5,"hard":false},"geometry":{"type":"Polygon","coordinates":[[[-83.63137333259549,37.814620185536306],[-83.63125961645171,37.81431481367178],[-83.63116864353672,37.814260924388094],[-83.63125961645171,37.814260924388094],[-83.63132784613798,37.81431481367178],[-83.63137333259549,37.81456629647552],[-83.6315552784255,37.814620185536306],[-83.63137333259549,37.814620185536306]]]}},{"type":"Feature","properties":{"kind":"sunrise","strength":0.5,"hard":false},"geometry":{"type":"Polygon","coordinates":[[[-83.63171448102676,37.8158416603632],[-83.631418819053,37.8156440702173],[-83.6315552784255,37.81571592124063],[-83.6316462513405,37.81571592124063],[-83.63194191331426,37.81559018190389],[-83.63189642685677,37.81494351907494],[-83.631782710713,37.81485370434514],[-83.63180545394175,37.81481777842263],[-83.63196465654302,37.814979444936256],[-83.63194191331426,37.815266851197464],[-83.63198739977177,37.815338702587944],[-83.63198739977177,37.8156440702173],[-83.63189642685677,37.81582369764452],[-83.63171448102676,37.8158416603632]]]}},{"type":"Feature","properties":{"kind":"sunrise","strength":0.5,"hard":false},"geometry":{"type":"Polygon","coordinates":[[[-83.63226031851678,37.81717088941701],[-83.63212385914427,37.8170092277024],[-83.63196465654302,37.8170092277024],[-83.63189642685677,37.816973302828856],[-83.63175996748424,37.816991265267816],[-83.63171448102676,37.81704515255847],[-83.63166899456924,37.81702719013262],[-83.63191917008551,37.816847565633786],[-83.63201014300053,37.816847565633786],[-83.63216934560177,37.816973302828856],[-83.63226031851678,37.81717088941701]]]}},{"type":"Feature","properties":{"kind":"sunrise","strength":0.5,"hard":false},"geometry":{"type":"Polygon","coordinates":[[[-83.63210111591553,37.82175115754199],[-83.63196465654302,37.82166135109487],[-83.63180545394175,37.82166135109487],[-83.6317372242555,37.821733196261306],[-83.63169173779801,37.821733196261306],[-83.63175996748424,37.82167931239304],[-83.63175996748424,37.82153562188531],[-83.631873683628,37.82153562188531],[-83.63214660237303,37.82175115754199],[-83.63210111591553,37.82175115754199]]]}},{"type":"Feature","properties":{"kind":"sunrise","strength":0.5,"hard":false},"geometry":{"type":"Polygon","coordinates":[[[-83.63207837268676,37.8208890111388],[-83.63214660237303,37.8208890111388],[-83.63226031851678,37.820799203642665],[-83.63226031851678,37.82083512665424],[-83.63219208883052,37.820871049648325],[-83.63219208883052,37.82096085705705],[-83.6323058049743,37.82096085705705],[-83.6323058049743,37.82099677998994],[-83.63207837268676,37.82099677998994],[-83.63207837268676,37.8208890111388]]]}},{"type":"Feature","properties":{"kind":"sunrise","strength":0.5,"hard":false},"geometry":{"type":"Polygon","coordinates":[[[-83.63237403466054,37.822182226967094],[-83.63232854820303,37.821948731341024],[-83.63221483205928,37.82187688638438],[-83.63216934560177,37.8217691188183],[-83.63228306174553,37.82187688638438],[-83.63235129143177,37.821894847630105],[-83.63237403466054,37.822182226967094]]]}},{"type":"Feature","properties":{"kind":"sunrise","strength":0.5,"hard":false},"geometry":{"type":"Polygon","coordinates":[[[-83.63228306174553,37.820188509770986],[-83.6323058049743,37.82002685466507],[-83.63219208883052,37.81999093126012],[-83.63241952111804,37.82002685466507],[-83.63241952111804,37.820116663100954],[-83.63221483205928,37.82027831801018],[-83.63228306174553,37.820188509770986]]]}},{"type":"Feature","properties":{"kind":"sunrise","strength":0.5,"hard":false},"geometry":{"type":"Polygon","coordinates":[[[-83.63246500757553,37.81736847547626],[-83.63232854820303,37.817242738954285],[-83.63246500757553,37.81733255077754],[-83.63246500757553,37.81736847547626]]]}},{"type":"Feature","properties":{"kind":"sunrise","strength":0.5,"hard":false},"geometry":{"type":"Polygon","coordinates":[[[-83.63251049403306,37.81738643781907],[-83.63255598049055,37.81742236249155],[-83.63255598049055,37.81763791015933],[-83.6325332372618,37.81745828714656],[-83.63248775080429,37.81742236249155],[-83.63251049403306,37.81738643781907]]]}},{"type":"Feature","properties":{"kind":"sunrise","strength":0.5,"hard":false},"geometry":{"type":"Polygon","coordinates":[[[-83.63296535860808,37.82051181892069],[-83.6327606695493,37.82047589575177],[-83.63257872371929,37.82056570364129],[-83.63266969663431,37.82047589575177],[-83.63273792632056,37.82045793416076],[-83.63280615600681,37.82033220290125],[-83.63291987215058,37.8203681261401],[-83.63307907475183,37.820583665206094],[-83.63303358829431,37.820583665206094],[-83.63296535860808,37.82051181892069]]]}},{"type":"Feature","properties":{"kind":"sunrise","strength":0.5,"hard":false},"geometry":{"type":"Polygon","coordinates":[[[-83.63280615600681,37.81855398072572],[-83.63282889923556,37.81828454938631],[-83.63282889923556,37.81855398072572],[-83.63280615600681,37.81855398072572]]]}},{"type":"Feature","properties":{"kind":"sunrise","strength":0.5,"hard":false},"geometry":{"type":"Polygon","coordinates":[[[-83.63428446587565,37.82153562188531],[-83.63403429035938,37.821320085599226],[-83.6338296013006,37.82126620142936],[-83.6336931419281,37.82097881852568],[-83.63355668255561,37.8208890111388],[-83.63362491224186,37.8208890111388],[-83.63378411484311,37.82101474144984],[-83.63378411484311,37.821050664356505],[-83.63385234452936,37.82108658724569],[-83.63389783098687,37.82123027862759],[-83.63401154713063,37.82124824003066],[-83.63414800650312,37.82140989246159],[-83.63428446587565,37.82149969921468],[-83.63428446587565,37.82153562188531]]]}},{"type":"Feature","properties":{"kind":"sunrise","strength":0.5,"hard":false},"geometry":{"type":"Polygon","coordinates":[[[-83.63419349296063,37.814207035065074],[-83.63414800650312,37.81413518257319],[-83.63414800650312,37.814009440544126],[-83.63405703358812,37.81390166149162],[-83.63430720910439,37.81413518257319],[-83.63430720910439,37.81427888748703],[-83.63414800650312,37.81440462905717],[-83.63419349296063,37.81435073983904],[-83.63419349296063,37.814207035065074]]]}},{"type":"Feature","properties":{"kind":"sunrise","strength":0.5,"hard":false},"geometry":{"type":"Polygon","coordinates":[[[-83.63510322211069,37.815338702587944],[-83.63530791116943,37.815141111095855],[-83.63530791116943,37.81496148200779],[-83.6352396814832,37.81494351907494],[-83.6352396814832,37.81478185248264],[-83.63517145179694,37.814727963539866],[-83.63514870856818,37.81456629647552],[-83.63505773565318,37.81453037041315],[-83.63503499242442,37.81444055518073],[-83.63487578982317,37.81431481367178],[-83.6345346413919,37.81427888748703],[-83.63446641170565,37.814332776757595],[-83.63444366847689,37.81427888748703],[-83.6344891549344,37.814260924388094],[-83.63458012784942,37.81424296128478],[-83.63487578982317,37.81427888748703],[-83.63521693825442,37.814548333446524],[-83.6352396814832,37.81467407455775],[-83.63533065439819,37.8147100005502],[-83.63535339762694,37.81512314820672],[-83.6352396814832,37.81523092547601],[-83.63514870856818,37.81539259108491],[-83.63505773565318,37.81544647954254],[-83.63510322211069,37.815338702587944]]]}},{"type":"Feature","properties":{"kind":"sunrise","strength":0.5,"hard":false},"geometry":{"type":"Polygon","coordinates":[[[-83.63444366847689,37.81431481367178],[-83.63444366847689,37.81436870291613],[-83.63432995233315,37.81436870291613],[-83.63435269556189,37.81431481367178],[-83.63444366847689,37.81431481367178]]]}},{"type":"Feature","properties":{"kind":"sunrise","strength":0.5,"hard":false},"geometry":{"type":"Polygon","coordinates":[[[-83.63505773565318,37.81544647954254],[-83.63503499242442,37.81550036796083],[-83.63496676273817,37.81551833075819],[-83.63498950596693,37.815482405159095],[-83.63505773565318,37.81544647954254]]]}},{"type":"Feature","properties":{"kind":"sunrise","strength":0.5,"hard":false},"geometry":{"type":"Polygon","coordinates":[[[-83.6345346413919,37.81524888833892],[-83.63458012784942,37.81515907398064],[-83.63460287107816,37.81528481405164],[-83.6345346413919,37.81524888833892]]]}},{"type":"Feature","properties":{"kind":"sunrise","strength":0.5,"hard":false},"geometry":{"type":"Polygon","coordinates":[[[-83.63630861323449,37.815338702587944],[-83.63642232937825,37.815212962608726],[-83.63644507260699,37.81506925951307],[-83.63651330229325,37.81506925951307],[-83.63651330229325,37.81524888833892],[-83.63644507260699,37.81524888833892],[-83.636354099692,37.815338702587944],[-83.63630861323449,37.815338702587944]]]}},{"type":"Feature","properties":{"kind":"sunrise","strength":0.5,"hard":false},"geometry":{"type":"Polygon","coordinates":[[[-83.63630861323449,37.815338702587944],[-83.63630861323449,37.81535666542463],[-83.63603569448946,37.81535666542463],[-83.63603569448946,37.815338702587944],[-83.63630861323449,37.815338702587944]]]}},{"type":"Feature","properties":{"kind":"sunrise","strength":0.5,"hard":false},"geometry":{"type":"Polygon","coordinates":[[[-83.6363995861495,37.8142249981771],[-83.63642232937825,37.81431481367178],[-83.63651330229325,37.81435073983904],[-83.63651330229325,37.81445851823596],[-83.63642232937825,37.81444055518073],[-83.6363995861495,37.8142249981771]]]}},{"type":"Feature","properties":{"kind":"sunrise","strength":0.75,"hard":false},"geometry":{"type":"Polygon","coordinates":[[[-83.61765916565851,37.819416154403164],[-83.61775013857353,37.81932634511496],[-83.61781836825978,37.81903895465842],[-83.61786385471729,37.81909284045425],[-83.61786385471729,37.819200611927904],[-83.61775013857353,37.819416154403164],[-83.61770465211602,37.81945207808785],[-83.61749996305726,37.81945207808785],[-83.61749996305726,37.819416154403164],[-83.61765916565851,37.819416154403164]]]}},{"type":"Feature","properties":{"kind":"sunrise","strength":0.75,"hard":false},"geometry":{"type":"Polygon","coordinates":[[[-83.61795482763229,37.82153562188531],[-83.61802305731852,37.82180504135781],[-83.61795482763229,37.821894847630105],[-83.61777288180227,37.82205649864485],[-83.61768190888726,37.82205649864485],[-83.61768190888726,37.82187688638438],[-83.61772739534476,37.82191280887145],[-83.61786385471729,37.82191280887145],[-83.61790934117477,37.82187688638438],[-83.61790934117477,37.821733196261306],[-83.61781836825978,37.821517660552175],[-83.61770465211602,37.82153562188531],[-83.61765916565851,37.821517660552175],[-83.61775013857353,37.821463776526556],[-83.61788659794603,37.821463776526556],[-83.61795482763229,37.82153562188531]],[[-83.61790934117477,37.821517660552175],[-83.61788659794603,37.82149969921468],[-83.61788659794603,37.821517660552175],[-83.61790934117477,37.821517660552175]]]}},{"type":"Feature","properties":{"kind":"sunrise","strength":0.75,"hard":false},"geometry":{"type":"Polygon","coordinates":[[[-83.61836420574981,37.821320085599226],[-83.6182277463773,37.82123027862759],[-83.61838694897855,37.82124824003066],[-83.61838694897855,37.821140471546684],[-83.61831871929229,37.82108658724569],[-83.61838694897855,37.82110454868373],[-83.61840969220731,37.82106862580327],[-83.61847792189354,37.821140471546684],[-83.61861438126606,37.82115843297161],[-83.61865986772357,37.82099677998994],[-83.61865986772357,37.821194355808345],[-83.61861438126606,37.82124824003066],[-83.61850066512231,37.82124824003066],[-83.6184551786648,37.821320085599226],[-83.61836420574981,37.821320085599226]],[[-83.61843243543605,37.821140471546684],[-83.61843243543605,37.82117639439216],[-83.61850066512231,37.82121231722016],[-83.61850066512231,37.82117639439216],[-83.61843243543605,37.821140471546684]]]}},{"type":"Feature","properties":{"kind":"sunrise","strength":0.75,"hard":false},"geometry":{"type":"Polygon","coordinates":[[[-83.61893278646858,37.815051296606455],[-83.61900101615483,37.81506925951307],[-83.61900101615483,37.81515907398064],[-83.61897827292607,37.81515907398064],[-83.61897827292607,37.815087222415336],[-83.61893278646858,37.815051296606455]]]}},{"type":"Feature","properties":{"kind":"sunrise","strength":0.75,"hard":false},"geometry":{"type":"Polygon","coordinates":[[[-83.61961508333113,37.82175115754199],[-83.6193876510436,37.821733196261306],[-83.61941039427235,37.8217691188183],[-83.6193876510436,37.82182300262102],[-83.6192511916711,37.82171523497626],[-83.61922844844234,37.82164338979233],[-83.61931942135736,37.82162542848542],[-83.61963782655987,37.82171523497626],[-83.61966056978862,37.82182300262102],[-83.61961508333113,37.82175115754199]]]}},{"type":"Feature","properties":{"kind":"sunrise","strength":0.75,"hard":false},"geometry":{"type":"Polygon","coordinates":[[[-83.62059304216741,37.823780754105776],[-83.62054755570992,37.82376279331901],[-83.62050206925241,37.82365502850665],[-83.6203201234224,37.8236370676893],[-83.62043383956616,37.82358318521098],[-83.62054755570992,37.823601146041455],[-83.62059304216741,37.82374483252788],[-83.62066127185368,37.823780754105776],[-83.62061578539617,37.82390647949072],[-83.62059304216741,37.823780754105776]]]}},{"type":"Feature","properties":{"kind":"sunrise","strength":0.75,"hard":false},"geometry":{"type":"Polygon","coordinates":[[[-83.62045658279492,37.823529302693345],[-83.62038835310867,37.823421537540035],[-83.62043383956616,37.82345745927529],[-83.62061578539617,37.823439498409854],[-83.62063852862491,37.823367654904374],[-83.62063852862491,37.82345745927529],[-83.62057029893867,37.82351134184539],[-83.62045658279492,37.823529302693345]]]}},{"type":"Feature","properties":{"kind":"sunrise","strength":0.75,"hard":false},"geometry":{"type":"Polygon","coordinates":[[[-83.6212980822587,37.82392444024253],[-83.62102516351369,37.823816675666194],[-83.62084321768369,37.823816675666194],[-83.62079773122619,37.82392444024253],[-83.62077498799742,37.82379871488817],[-83.62084321768369,37.82376279331901],[-83.62095693382744,37.82376279331901],[-83.62118436611493,37.82383463643984],[-83.6212980822587,37.82392444024253]]]}},{"type":"Feature","properties":{"kind":"sunrise","strength":0.75,"hard":false},"geometry":{"type":"Polygon","coordinates":[[[-83.62104790674243,37.823403576665854],[-83.6212525958012,37.823403576665854],[-83.62132082548746,37.82334969401708],[-83.62134356871621,37.82324192860152],[-83.62161648746122,37.82324192860152],[-83.62168471714747,37.823188045834726],[-83.62182117651999,37.823170084903715],[-83.62191214943499,37.82304435826429],[-83.62188940620625,37.82293659240289],[-83.62198037912124,37.823008436327974],[-83.62198037912124,37.82311620208448],[-83.62188940620625,37.82320600676136],[-83.62138905517372,37.82329581132896],[-83.62134356871621,37.8233856157873],[-83.62118436611493,37.82347542013636],[-83.62100242028494,37.82347542013636],[-83.62100242028494,37.823367654904374],[-83.62104790674243,37.823403576665854]]]}},{"type":"Feature","properties":{"kind":"sunrise","strength":0.75,"hard":false},"geometry":{"type":"Polygon","coordinates":[[[-83.62216232495126,37.82286474840786],[-83.622276041095,37.822882709413165],[-83.62234427078127,37.822828826384125],[-83.62245798692503,37.822828826384125],[-83.62250347338251,37.8227569822842],[-83.62282187858503,37.8227569822842],[-83.62270816244128,37.822810865365696],[-83.62259444629753,37.822810865365696],[-83.62254895984002,37.82286474840786],[-83.62229878432376,37.82291863141069],[-83.62218506818,37.82290067041412],[-83.62216232495126,37.82286474840786]]]}},{"type":"Feature","properties":{"kind":"sunrise","strength":0.75,"hard":false},"geometry":{"type":"Polygon","coordinates":[[[-83.6267109707015,37.81629072690979],[-83.62677920038773,37.81630868951483],[-83.62682468684525,37.81620091381901],[-83.62682468684525,37.81629072690979],[-83.62712034881902,37.81634461471182],[-83.62725680819152,37.81623683906844],[-83.62730229464901,37.81609313796583],[-83.62730229464901,37.8156081446794],[-83.62721132173402,37.81555425633979],[-83.62732503787777,37.81555425633979],[-83.62739326756402,37.815626107450534],[-83.62739326756402,37.81585962307751],[-83.62734778110652,37.81589554849301],[-83.62732503787777,37.816218876445916],[-83.62727955142026,37.81630868951483],[-83.62718857850525,37.81636257730375],[-83.6268019436165,37.81634461471182],[-83.6267109707015,37.81656016552653],[-83.6267109707015,37.81629072690979]]]}},{"type":"Feature","properties":{"kind":"sunrise","strength":0.75,"hard":false},"geometry":{"type":"Polygon","coordinates":[[[-83.62787087536779,37.816164988552096],[-83.6278253889103,37.816147025912095],[-83.6280073347403,37.816164988552096],[-83.6280073347403,37.816218876445916],[-83.6278253889103,37.8162548016866],[-83.62787087536779,37.816164988552096]]]}},{"type":"Feature","properties":{"kind":"sunrise","strength":0.75,"hard":false},"geometry":{"type":"Polygon","coordinates":[[[-83.62859865868784,37.81571592124063],[-83.62843945608658,37.8156081446794],[-83.62859865868784,37.815626107450534],[-83.62864414514533,37.81551833075819],[-83.6287123748316,37.81550036796083],[-83.62873511806035,37.81541055390849],[-83.62868963160285,37.81530277690145],[-83.62873511806035,37.81530277690145],[-83.6288033477466,37.815482405159095],[-83.62875786128909,37.8156799957377],[-83.6287123748316,37.81571592124063],[-83.62859865868784,37.81571592124063]]]}},{"type":"Feature","properties":{"kind":"sunrise","strength":0.75,"hard":false},"geometry":{"type":"Polygon","coordinates":[[[-83.62887157743286,37.8150153707801],[-83.6288488342041,37.815212962608726],[-83.62878060451784,37.81524888833892],[-83.62878060451784,37.81528481405164],[-83.62873511806035,37.81528481405164],[-83.62882609097535,37.81517703686104],[-83.6288488342041,37.8150153707801],[-83.62887157743286,37.8150153707801]]]}},{"type":"Feature","properties":{"kind":"sunrise","strength":0.75,"hard":false},"geometry":{"type":"Polygon","coordinates":[[[-83.62953113106664,37.81630868951483],[-83.62937192846537,37.8162548016866],[-83.62912175294912,37.8162548016866],[-83.62909900972038,37.81636257730375],[-83.62905352326285,37.81618295118774],[-83.62934918523662,37.816164988552096],[-83.6295083878379,37.8162548016866],[-83.62957661752414,37.81630868951483],[-83.62953113106664,37.81648831532489],[-83.62953113106664,37.81630868951483]]]}},{"type":"Feature","properties":{"kind":"sunrise","strength":0.75,"hard":false},"geometry":{"type":"Polygon","coordinates":[[[-83.62984953626915,37.816380539891306],[-83.62994050918417,37.81645239019785],[-83.62994050918417,37.81657812806601],[-83.6298722794979,37.816416465053315],[-83.62966759043914,37.81643442762777],[-83.6296903336679,37.816380539891306],[-83.62984953626915,37.816380539891306]]]}},{"type":"Feature","properties":{"kind":"sunrise","strength":0.75,"hard":false},"geometry":{"type":"Polygon","coordinates":[[[-83.63034988730169,37.816164988552096],[-83.63032714407294,37.81602128730964],[-83.63041811698793,37.815949436583516],[-83.63039537375919,37.81611110061896],[-83.63050908990293,37.81618295118774],[-83.63034988730169,37.816164988552096]]]}},{"type":"Feature","properties":{"kind":"sunrise","strength":0.75,"hard":false},"geometry":{"type":"Polygon","coordinates":[[[-83.63055457636044,37.81659609060114],[-83.63062280604669,37.816667940697876],[-83.6305773195892,37.816667940697876],[-83.63050908990293,37.81659609060114],[-83.63055457636044,37.81659609060114]]]}},{"type":"Feature","properties":{"kind":"sunrise","strength":0.75,"hard":false},"geometry":{"type":"Polygon","coordinates":[[[-83.63050908990293,37.81659609060114],[-83.63032714407294,37.81657812806601],[-83.63032714407294,37.81656016552653],[-83.63048634667419,37.81656016552653],[-83.63050908990293,37.81659609060114]]]}},{"type":"Feature","properties":{"kind":"sunrise","strength":0.75,"hard":false},"geometry":{"type":"Polygon","coordinates":[[[-83.63078200864796,37.816416465053315],[-83.63055457636044,37.81627276430038],[-83.63055457636044,37.81623683906844],[-83.63060006281795,37.81627276430038],[-83.63069103573295,37.81627276430038],[-83.63069103573295,37.81618295118774],[-83.63087298156297,37.81634461471182],[-83.63087298156297,37.8163985024745],[-83.63078200864796,37.816416465053315]]]}},{"type":"Feature","properties":{"kind":"sunrise","strength":0.75,"hard":false},"geometry":{"type":"Polygon","coordinates":[[[-83.63125961645171,37.81693737793784],[-83.63121412999422,37.816883490568515],[-83.63105492739298,37.816865528103335],[-83.63075926541921,37.81670386572002],[-83.63087298156297,37.816721828224544],[-83.63107767062172,37.81682960315987],[-83.63139607582423,37.81677571571188],[-83.63137333259549,37.81691941548577],[-83.63121412999422,37.81704515255847],[-83.63125961645171,37.81693737793784]]]}},{"type":"Feature","properties":{"kind":"sunrise","strength":0.75,"hard":false},"geometry":{"type":"Polygon","coordinates":[[[-83.63085023833419,37.816057212646484],[-83.63091846802045,37.815949436583516],[-83.63116864353672,37.81582369764452],[-83.63112315707922,37.81566203297968],[-83.63123687322297,37.8156440702173],[-83.63114590030798,37.81569795849135],[-83.63130510290924,37.81582369764452],[-83.63135058936673,37.815949436583516],[-83.63112315707922,37.81600332463466],[-83.63100944093547,37.81598536195531],[-83.63087298156297,37.81609313796583],[-83.63078200864796,37.81609313796583],[-83.63085023833419,37.816057212646484]]]}},{"type":"Feature","properties":{"kind":"sunrise","strength":0.75,"hard":false},"geometry":{"type":"Polygon","coordinates":[[[-83.63114590030798,37.82153562188531],[-83.63105492739298,37.82123027862759],[-83.63123687322297,37.82117639439216],[-83.63128235968048,37.82101474144984],[-83.63139607582423,37.820871049648325],[-83.63171448102676,37.82070939603725],[-83.63166899456924,37.820799203642665],[-83.63148704873925,37.820871049648325],[-83.63137333259549,37.82096085705705],[-83.63130510290924,37.82106862580327],[-83.63130510290924,37.821194355808345],[-83.63112315707922,37.82126620142936],[-83.63112315707922,37.82135600835729],[-83.63125961645171,37.821517660552175],[-83.63123687322297,37.821840963879836],[-83.63121412999422,37.82160746717415],[-83.63114590030798,37.82153562188531]]]}},{"type":"Feature","properties":{"kind":"sunrise","strength":0.75,"hard":false},"geometry":{"type":"Polygon","coordinates":[[[-83.63157802165425,37.81465611155497],[-83.63132784613798,37.81463814854783],[-83.63128235968048,37.8144944443333],[-83.63119138676548,37.81440462905717],[-83.63116864353672,37.81427888748703],[-83.63125961645171,37.81431481367178],[-83.63135058936673,37.81460222252041],[-83.6315552784255,37.814620185536306],[-83.63157802165425,37.81465611155497]]]}},{"type":"Feature","properties":{"kind":"sunrise","strength":0.75,"hard":false},"geometry":{"type":"Polygon","coordinates":[[[-83.6315552784255,37.81571592124063],[-83.63132784613798,37.8156081446794],[-83.631600764883,37.81559018190389],[-83.63171448102676,37.815482405159095],[-83.63175996748424,37.815482405159095],[-83.63182819717052,37.815338702587944],[-83.63182819717052,37.81512314820672],[-83.6317372242555,37.814979444936256],[-83.6317372242555,37.81485370434514],[-83.63166899456924,37.81478185248264],[-83.63169173779801,37.81474592652515],[-83.63189642685677,37.81494351907494],[-83.63194191331426,37.81559018190389],[-83.6316462513405,37.81571592124063],[-83.6315552784255,37.81571592124063]]]}},{"type":"Feature","properties":{"kind":"sunrise","strength":0.75,"hard":false},"geometry":{"type":"Polygon","coordinates":[[[-83.63244226434679,37.82245164407929],[-83.6323967778893,37.82243368296907],[-83.6323967778893,37.82236183848449],[-83.63241952111804,37.82236183848449],[-83.63244226434679,37.82245164407929]]]}},{"type":"Feature","properties":{"kind":"sunrise","strength":0.75,"hard":false},"geometry":{"type":"Polygon","coordinates":[[[-83.6323967778893,37.82236183848449],[-83.63235129143177,37.82227203278044],[-83.63235129143177,37.822182226967094],[-83.6323967778893,37.82225407162651],[-83.6323967778893,37.82236183848449]]]}},{"type":"Feature","properties":{"kind":"sunrise","strength":0.75,"hard":false},"geometry":{"type":"Polygon","coordinates":[[[-83.63235129143177,37.822182226967094],[-83.6323058049743,37.82203853743847],[-83.63212385914427,37.82180504135781],[-83.63196465654302,37.82175115754199],[-83.6317372242555,37.82175115754199],[-83.63169173779801,37.821787080090246],[-83.63148704873925,37.8217691188183],[-83.63146430551049,37.821787080090246],[-83.63146430551049,37.82185892513429],[-83.63150979196799,37.82187688638438],[-83.63148704873925,37.82191280887145],[-83.63135058936673,37.821787080090246],[-83.63135058936673,37.82166135109487],[-83.63146430551049,37.82167931239304],[-83.63157802165425,37.8217691188183],[-83.63166899456924,37.8217691188183],[-83.63180545394175,37.82166135109487],[-83.63196465654302,37.82166135109487],[-83.63205562945801,37.82169727368683],[-83.63216934560177,37.8217691188183],[-83.63221483205928,37.82187688638438],[-83.63232854820303,37.821948731341024],[-83.63235129143177,37.822182226967094]]]}},{"type":"Feature","properties":{"kind":"sunrise","strength":0.75,"hard":false},"geometry":{"type":"Polygon","coordinates":[[[-83.63226031851678,37.81722477657651],[-83.63219208883052,37.81722477657651],[-83.63212385914427,37.817152927021745],[-83.63201014300053,37.81711700221813],[-83.63162350811174,37.81708107739704],[-83.63180545394175,37.816973302828856],[-83.63212385914427,37.8170092277024],[-83.63232854820303,37.8172786636967],[-83.63226031851678,37.81722477657651]]]}},{"type":"Feature","properties":{"kind":"sunrise","strength":0.75,"hard":false},"geometry":{"type":"Polygon","coordinates":[[[-83.63214660237303,37.820314241275256],[-83.63221483205928,37.82002685466507],[-83.63214660237303,37.81999093126012],[-83.6323058049743,37.82002685466507],[-83.6323058049743,37.820152586444706],[-83.63214660237303,37.820314241275256]]]}},{"type":"Feature","properties":{"kind":"sunrise","strength":0.75,"hard":false},"geometry":{"type":"Polygon","coordinates":[[[-83.63219208883052,37.820871049648325],[-83.6323058049743,37.82078124213033],[-83.63228306174553,37.820871049648325],[-83.63235129143177,37.82090697262492],[-83.6323058049743,37.82096085705705],[-83.63219208883052,37.82096085705705],[-83.63219208883052,37.820871049648325]]]}},{"type":"Feature","properties":{"kind":"sunrise","strength":0.75,"hard":false},"geometry":{"type":"Polygon","coordinates":[[[-83.63248775080429,37.81745828714656],[-83.6323967778893,37.81733255077754],[-83.6325332372618,37.81745828714656],[-83.6325332372618,37.817619947877716],[-83.63248775080429,37.81745828714656]]]}},{"type":"Feature","properties":{"kind":"sunrise","strength":0.75,"hard":false},"geometry":{"type":"Polygon","coordinates":[[[-83.6333292502681,37.820817165150636],[-83.63328376381058,37.820817165150636],[-83.63323827735309,37.82076328061361],[-83.63328376381058,37.82076328061361],[-83.6333292502681,37.820817165150636]]]}},{"type":"Feature","properties":{"kind":"sunrise","strength":0.75,"hard":false},"geometry":{"type":"Polygon","coordinates":[[[-83.63323827735309,37.82076328061361],[-83.63317004766682,37.82074531909253],[-83.63312456120931,37.82065551142155],[-83.63305633152308,37.82061958832256],[-83.63289712892181,37.82063754987424],[-83.63278341277807,37.82063754987424],[-83.6327151830918,37.8206016267665],[-83.63257872371929,37.8206016267665],[-83.63255598049055,37.82063754987424],[-83.63251049403306,37.82061958832256],[-83.6327606695493,37.82047589575177],[-83.63296535860808,37.82049385733841],[-83.63301084506556,37.82056570364129],[-83.63314730443808,37.82063754987424],[-83.63323827735309,37.82076328061361]]]}},{"type":"Feature","properties":{"kind":"sunrise","strength":0.75,"hard":false},"geometry":{"type":"Polygon","coordinates":[[[-83.63421623618939,37.821517660552175],[-83.63407977681688,37.821463776526556],[-83.63398880390187,37.82137396972976],[-83.63378411484311,37.821320085599226],[-83.63378411484311,37.82124824003066],[-83.63367039869935,37.82115843297161],[-83.63357942578435,37.820942895584054],[-83.63344296641183,37.820871049648325],[-83.63353393932684,37.820871049648325],[-83.6336931419281,37.82097881852568],[-83.6338296013006,37.82126620142936],[-83.63403429035938,37.821320085599226],[-83.63428446587565,37.82153562188531],[-83.63428446587565,37.82162542848542],[-83.63421623618939,37.821517660552175]]]}},{"type":"Feature","properties":{"kind":"sunrise","strength":0.75,"hard":false},"geometry":{"type":"Polygon","coordinates":[[[-83.63410252004563,37.81444055518073],[-83.63407977681688,37.814099256301034],[-83.63401154713063,37.8138836983009],[-83.63414800650312,37.814009440544126],[-83.63414800650312,37.81413518257319],[-83.63419349296063,37.814207035065074],[-83.63419349296063,37.81435073983904],[-83.63410252004563,37.81444055518073]]]}},{"type":"Feature","properties":{"kind":"sunrise","strength":0.75,"hard":false},"geometry":{"type":"Polygon","coordinates":[[[-83.63494401950942,37.815464442353],[-83.63501224919568,37.81541055390849],[-83.63503499242442,37.81532073974687],[-83.63512596533944,37.81528481405164],[-83.63519419502568,37.815194999737066],[-83.63519419502568,37.81503333369546],[-83.63514870856818,37.814979444936256],[-83.63510322211069,37.81465611155497],[-83.63503499242442,37.81458425950016],[-83.63496676273817,37.81458425950016],[-83.63494401950942,37.81447648128681],[-83.63485304659442,37.81435073983904],[-83.63460287107816,37.814332776757595],[-83.6344891549344,37.814386665988835],[-83.63446641170565,37.814332776757595],[-83.6345346413919,37.81427888748703],[-83.63483030336567,37.81429685058159],[-83.63503499242442,37.81444055518073],[-83.63505773565318,37.81453037041315],[-83.63514870856818,37.81456629647552],[-83.63517145179694,37.814727963539866],[-83.6352396814832,37.81478185248264],[-83.6352396814832,37.81494351907494],[-83.63530791116943,37.81496148200779],[-83.63530791116943,37.815141111095855],[-83.63510322211069,37.815338702587944],[-83.63505773565318,37.81544647954254],[-83.63496676273817,37.81551833075819],[-83.63476207367941,37.81551833075819],[-83.63494401950942,37.815464442353]]]}},{"type":"Feature","properties":{"kind":"sunrise","strength":0.75,"hard":false},"geometry":{"type":"Polygon","coordinates":[[[-83.6344891549344,37.814386665988835],[-83.63446641170565,37.8144944443333],[-83.63421623618939,37.8144944443333],[-83.6343981820194,37.81436870291613],[-83.6344891549344,37.814386665988835]]]}},{"type":"Feature","properties":{"kind":"sunrise","strength":0.75,"hard":false},"geometry":{"type":"Polygon","coordinates":[[[-83.63442092524815,37.814620185536306],[-83.6344891549344,37.81458425950016],[-83.63451189816315,37.81463814854783],[-83.63442092524815,37.814620185536306]]]}},{"type":"Feature","properties":{"kind":"sunrise","strength":0.75,"hard":false},"geometry":{"type":"Polygon","coordinates":[[[-83.63605843771823,37.81329091055538],[-83.63596746480323,37.81327294721606],[-83.63596746480323,37.813254983872376],[-83.63605843771823,37.813254983872376],[-83.63605843771823,37.81329091055538]]]}},{"type":"Feature","properties":{"kind":"sunrise","strength":0.75,"hard":false},"geometry":{"type":"Polygon","coordinates":[[[-83.63644507260699,37.813039423407226],[-83.63624038354824,37.813021460006716],[-83.63617215386198,37.8129855331926],[-83.63644507260699,37.8129855331926],[-83.63651330229325,37.813039423407226],[-83.63651330229325,37.813111276965536],[-83.63644507260699,37.813039423407226]]]}},{"type":"Feature","properties":{"kind":"sunrise","strength":0.75,"hard":false},"geometry":{"type":"Polygon","coordinates":[[[-83.63644507260699,37.81539259108491],[-83.63619489709075,37.815374628256954],[-83.63619489709075,37.81535666542463],[-83.63630861323449,37.81535666542463],[-83.63644507260699,37.81524888833892],[-83.63651330229325,37.81524888833892],[-83.63651330229325,37.81544647954254],[-83.63644507260699,37.81539259108491]]]}},{"type":"Feature","properties":{"kind":"sunrise","strength":0.75,"hard":false},"geometry":{"type":"Polygon","coordinates":[[[-83.63642232937825,37.8142249981771],[-83.63651330229325,37.81424296128478],[-83.63651330229325,37.81435073983904],[-83.63642232937825,37.81431481367178],[-83.63642232937825,37.8142249981771]]]}},{"type":"Feature","properties":{"kind":"sunrise","strength":0.75,"hard":false},"geometry":{"type":"Polygon","coordinates":[[[-83.63651330229325,37.81555425633979],[-83.63646781583576,37.81555425633979],[-83.63644507260699,37.81557221912403],[-83.63646781583576,37.81551833075819],[-83.63651330229325,37.81551833075819],[-83.63651330229325,37.81555425633979]]]}},{"type":"Feature","properties":{"kind":"sunrise","strength":1.0,"hard":false},"geometry":{"type":"Polygon","coordinates":[[[-83.61749996305726,37.81932634511496],[-83.61756819274352,37.819182650026555],[-83.617613679201,37.819164688120836],[-83.61759093597226,37.81907487852667],[-83.61765916565851,37.81902099271773],[-83.61777288180227,37.81902099271773],[-83.61779562503101,37.819182650026555],[-83.61775013857353,37.81932634511496],[-83.61765916565851,37.819416154403164],[-83.61749996305726,37.819416154403164],[-83.61749996305726,37.81932634511496]]]}},{"type":"Feature","properties":{"kind":"sunrise","strength":1.0,"hard":false},"geometry":{"type":"Polygon","coordinates":[[[-83.61781836825978,37.821517660552175],[-83.61790934117477,37.82187688638438],[-83.61786385471729,37.82191280887145],[-83.61772739534476,37.82191280887145],[-83.61756819274352,37.821787080090246],[-83.61772739534476,37.82164338979233],[-83.61759093597226,37.82171523497626],[-83.61756819274352,37.82160746717415],[-83.61770465211602,37.821517660552175],[-83.61781836825978,37.821517660552175]],[[-83.61781836825978,37.82158950585849],[-83.61779562503101,37.82157154453847],[-83.61779562503101,37.82158950585849],[-83.61781836825978,37.82158950585849]]]}},{"type":"Feature","properties":{"kind":"sunrise","strength":1.0,"hard":false},"geometry":{"type":"Polygon","coordinates":[[[-83.61811403023354,37.82112251011739],[-83.61802305731852,37.82112251011739],[-83.61802305731852,37.82108658724569],[-83.61813677346228,37.82108658724569],[-83.61811403023354,37.82112251011739]]]}},{"type":"Feature","properties":{"kind":"sunrise","strength":1.0,"hard":false},"geometry":{"type":"Polygon","coordinates":[[[-83.6182732328348,37.82124824003066],[-83.61818225991979,37.82115843297161],[-83.61825048960604,37.82110454868373],[-83.61834146252104,37.82110454868373],[-83.61838694897855,37.821140471546684],[-83.61838694897855,37.82124824003066],[-83.6182732328348,37.82124824003066]]]}},{"type":"Feature","properties":{"kind":"sunrise","strength":1.0,"hard":false},"geometry":{"type":"Polygon","coordinates":[[[-83.61852340835107,37.82115843297161],[-83.61840969220731,37.82108658724569],[-83.6184551786648,37.82101474144984],[-83.61852340835107,37.82097881852568],[-83.61863712449482,37.82099677998994],[-83.61861438126606,37.82115843297161],[-83.61852340835107,37.82115843297161]]]}},{"type":"Feature","properties":{"kind":"sunrise","strength":1.0,"hard":false},"geometry":{"type":"Polygon","coordinates":[[[-83.61884181355357,37.815212962608726],[-83.61886455678231,37.815105185313215],[-83.61893278646858,37.815105185313215],[-83.61893278646858,37.81506925951307],[-83.61897827292607,37.815087222415336],[-83.61897827292607,37.81515907398064],[-83.61893278646858,37.815194999737066],[-83.61884181355357,37.815212962608726]]]}},{"type":"Feature","properties":{"kind":"sunrise","strength":1.0,"hard":false},"geometry":{"type":"Polygon","coordinates":[[[-83.6193876510436,37.822667177060936],[-83.6193876510436,37.82273902124829],[-83.6193421645861,37.82273902124829],[-83.61931942135736,37.82264921600317],[-83.6193876510436,37.822667177060936]]]}},{"type":"Feature","properties":{"kind":"sunrise","strength":1.0,"hard":false},"geometry":{"type":"Polygon","coordinates":[[[-83.6195695968736,37.821948731341024],[-83.6194331375011,37.82185892513429],[-83.6193876510436,37.8217691188183],[-83.61941039427235,37.82171523497626],[-83.61963782655987,37.8217691188183],[-83.61966056978862,37.821930770108416],[-83.6195695968736,37.821948731341024]]]}},{"type":"Feature","properties":{"kind":"sunrise","strength":1.0,"hard":false},"geometry":{"type":"Polygon","coordinates":[[[-83.6204110963374,37.82385259720912],[-83.62034286665114,37.82376279331901],[-83.62025189373615,37.82376279331901],[-83.62025189373615,37.8237089109325],[-83.62038835310867,37.8236370676893],[-83.62050206925241,37.82365502850665],[-83.62054755570992,37.82376279331901],[-83.62061578539617,37.82379871488817],[-83.62061578539617,37.82387055797402],[-83.62047932602366,37.82388851873456],[-83.6204110963374,37.82385259720912]]]}},{"type":"Feature","properties":{"kind":"sunrise","strength":1.0,"hard":false},"geometry":{"type":"Polygon","coordinates":[[[-83.62043383956616,37.82345745927529],[-83.62034286665114,37.8233856157873],[-83.62034286665114,37.823331733125414],[-83.62043383956616,37.823331733125414],[-83.62054755570992,37.82325988951504],[-83.62061578539617,37.823277850424184],[-83.62061578539617,37.823439498409854],[-83.62043383956616,37.82345745927529]]]}},{"type":"Feature","properties":{"kind":"sunrise","strength":1.0,"hard":false},"geometry":{"type":"Polygon","coordinates":[[[-83.62047932602366,37.82397832247168],[-83.62047932602366,37.8240322046615],[-83.62036560987991,37.8240322046615],[-83.62036560987991,37.82394240098995],[-83.62047932602366,37.82397832247168]]]}},{"type":"Feature","properties":{"kind":"sunrise","strength":1.0,"hard":false},"geometry":{"type":"Polygon","coordinates":[[[-83.62068401508243,37.82313416302859],[-83.62082047445493,37.82313416302859],[-83.62082047445493,37.823188045834726],[-83.62063852862491,37.823188045834726],[-83.62068401508243,37.82313416302859]]]}},{"type":"Feature","properties":{"kind":"sunrise","strength":1.0,"hard":false},"geometry":{"type":"Polygon","coordinates":[[[-83.6210706499712,37.81990112267125],[-83.62077498799742,37.81981131397312],[-83.62077498799742,37.81977539046326],[-83.62100242028494,37.81977539046326],[-83.6211161364287,37.819883160940364],[-83.6210706499712,37.81990112267125]]]}},{"type":"Feature","properties":{"kind":"sunrise","strength":1.0,"hard":false},"geometry":{"type":"Polygon","coordinates":[[[-83.62132082548746,37.824139968923106],[-83.62116162288619,37.82399628320599],[-83.6210706499712,37.82399628320599],[-83.6210706499712,37.82396036173299],[-83.62095693382744,37.82392444024253],[-83.62084321768369,37.82392444024253],[-83.62082047445493,37.82383463643984],[-83.62102516351369,37.823816675666194],[-83.6212980822587,37.82392444024253],[-83.62141179840246,37.824068126099526],[-83.62141179840246,37.82415792961809],[-83.62132082548746,37.824139968923106]]]}},{"type":"Feature","properties":{"kind":"sunrise","strength":1.0,"hard":false},"geometry":{"type":"Polygon","coordinates":[[[-83.62148002808873,37.82308028018312],[-83.62166197391872,37.82304435826429],[-83.62177569006248,37.82291863141069],[-83.62186666297748,37.82291863141069],[-83.62191214943499,37.82297251437417],[-83.62191214943499,37.82304435826429],[-83.62182117651999,37.823170084903715],[-83.62168471714747,37.823188045834726],[-83.62161648746122,37.82324192860152],[-83.62134356871621,37.82324192860152],[-83.62132082548746,37.82334969401708],[-83.6212525958012,37.823403576665854],[-83.62104790674243,37.823403576665854],[-83.62100242028494,37.823367654904374],[-83.62100242028494,37.82329581132896],[-83.62116162288619,37.823223967683624],[-83.62118436611493,37.82313416302859],[-83.6212980822587,37.82309824113599],[-83.62138905517372,37.82309824113599],[-83.62136631194495,37.82313416302859],[-83.62141179840246,37.82313416302859],[-83.62148002808873,37.82308028018312]],[[-83.62136631194495,37.82315212396834],[-83.62132082548746,37.82313416302859],[-83.62132082548746,37.82315212396834],[-83.62136631194495,37.82315212396834]],[[-83.62132082548746,37.823170084903715],[-83.6212980822587,37.82315212396834],[-83.6212980822587,37.823170084903715],[-83.62132082548746,37.823170084903715]]]}},{"type":"Feature","properties":{"kind":"sunrise","strength":1.0,"hard":false},"geometry":{"type":"Polygon","coordinates":[[[-83.62207135203624,37.8200807397397],[-83.62195763589249,37.82000889296477],[-83.62168471714747,37.81999093126012],[-83.62177569006248,37.81991908439777],[-83.62207135203624,37.819937046119904],[-83.62211683849374,37.81999093126012],[-83.62207135203624,37.8200807397397]]]}},{"type":"Feature","properties":{"kind":"sunrise","strength":1.0,"hard":false},"geometry":{"type":"Polygon","coordinates":[[[-83.6221395817225,37.822828826384125],[-83.62218506818,37.822810865365696],[-83.62218506818,37.8227569822842],[-83.62234427078127,37.822721060208],[-83.6224125004675,37.822667177060936],[-83.62250347338251,37.822667177060936],[-83.62252621661126,37.82257737172841],[-83.62266267598378,37.82259533280366],[-83.62263993275504,37.82264921600317],[-83.62279913535627,37.82264921600317],[-83.62286736504254,37.82257737172841],[-83.62295833795754,37.82257737172841],[-83.62302656764379,37.82248756628661],[-83.62311754055881,37.82246960518513],[-83.62302656764379,37.82264921600317],[-83.62289010827129,37.82273902124829],[-83.62250347338251,37.8227569822842],[-83.62245798692503,37.822828826384125],[-83.62234427078127,37.822828826384125],[-83.622276041095,37.822882709413165],[-83.62220781140874,37.822882709413165],[-83.6221395817225,37.822828826384125]]]}},{"type":"Feature","properties":{"kind":"sunrise","strength":1.0,"hard":false},"geometry":{"type":"Polygon","coordinates":[[[-83.62655176810023,37.81652424043446],[-83.62666548424399,37.816416465053315],[-83.62666548424399,37.816380539891306],[-83.62657451132898,37.816416465053315],[-83.62657451132898,37.81630868951483],[-83.62668822747274,37.81627276430038],[-83.62673371393024,37.81630868951483],[-83.6267109707015,37.81657812806601],[-83.62659725455774,37.816667940697876],[-83.62650628164272,37.816667940697876],[-83.62655176810023,37.81652424043446]]]}},{"type":"Feature","properties":{"kind":"sunrise","strength":1.0,"hard":false},"geometry":{"type":"Polygon","coordinates":[[[-83.62698388944649,37.816164988552096],[-83.62689291653149,37.8162548016866],[-83.62707486236151,37.81618295118774],[-83.6271658352765,37.816057212646484],[-83.6271658352765,37.81585962307751],[-83.62707486236151,37.81578777219403],[-83.62707486236151,37.81557221912403],[-83.62727955142026,37.81557221912403],[-83.62730229464901,37.81609313796583],[-83.62725680819152,37.81623683906844],[-83.62712034881902,37.81634461471182],[-83.62682468684525,37.81629072690979],[-83.626847430074,37.81618295118774],[-83.62698388944649,37.816164988552096]],[[-83.62689291653149,37.81627276430038],[-83.62687017330275,37.8162548016866],[-83.62687017330275,37.81627276430038],[-83.62689291653149,37.81627276430038]],[[-83.62707486236151,37.81629072690979],[-83.62709760559027,37.81627276430038],[-83.62707486236151,37.81627276430038],[-83.62707486236151,37.81629072690979]],[[-83.62707486236151,37.81629072690979],[-83.62705211913276,37.81629072690979],[-83.62705211913276,37.81630868951483],[-83.62707486236151,37.81630868951483],[-83.62707486236151,37.81629072690979]]]}},{"type":"Feature","properties":{"kind":"sunrise","strength":1.0,"hard":false},"geometry":{"type":"Polygon","coordinates":[[[-83.62759795662278,37.816164988552096],[-83.6278253889103,37.816147025912095],[-83.62787087536779,37.816164988552096],[-83.62787087536779,37.816218876445916],[-83.6278253889103,37.8162548016866],[-83.62766618630904,37.8162548016866],[-83.62759795662278,37.816218876445916],[-83.62759795662278,37.816164988552096]]]}},{"type":"Feature","properties":{"kind":"sunrise","strength":1.0,"hard":false},"geometry":{"type":"Polygon","coordinates":[[[-83.62821202379907,37.816416465053315],[-83.62816653734157,37.816416465053315],[-83.62816653734157,37.81636257730375],[-83.62834848317158,37.8163985024745],[-83.62834848317158,37.81647035276355],[-83.62825751025657,37.81647035276355],[-83.62821202379907,37.816416465053315]]]}},{"type":"Feature","properties":{"kind":"sunrise","strength":1.0,"hard":false},"geometry":{"type":"Polygon","coordinates":[[[-83.62837122640033,37.8154285167277],[-83.62839396962907,37.815464442353],[-83.62832573994282,37.81551833075819],[-83.62828025348533,37.8156799957377],[-83.62821202379907,37.81571592124063],[-83.62818928057033,37.81557221912403],[-83.6282347670278,37.8156440702173],[-83.62825751025657,37.81551833075819],[-83.62837122640033,37.8154285167277]]]}},{"type":"Feature","properties":{"kind":"sunrise","strength":1.0,"hard":false},"geometry":{"type":"Polygon","coordinates":[[[-83.62828025348533,37.815482405159095],[-83.62825751025657,37.815374628256954],[-83.62830299671407,37.81528481405164],[-83.62839396962907,37.81524888833892],[-83.62839396962907,37.81532073974687],[-83.62834848317158,37.815338702587944],[-83.62828025348533,37.815482405159095]]]}},{"type":"Feature","properties":{"kind":"sunrise","strength":1.0,"hard":false},"geometry":{"type":"Polygon","coordinates":[[[-83.62843945608658,37.81523092547601],[-83.62853042900157,37.815194999737066],[-83.62843945608658,37.815374628256954],[-83.62839396962907,37.815374628256954],[-83.62843945608658,37.81532073974687],[-83.62843945608658,37.81523092547601]]]}},{"type":"Feature","properties":{"kind":"sunrise","strength":1.0,"hard":false},"geometry":{"type":"Polygon","coordinates":[[[-83.62855317223035,37.81512314820672],[-83.62868963160285,37.8150153707801],[-83.62864414514533,37.814979444936256],[-83.62873511806035,37.81487166729984],[-83.62873511806035,37.81479981545482],[-83.6288488342041,37.81478185248264],[-83.6288943206616,37.81485370434514],[-83.6288488342041,37.815105185313215],[-83.6288033477466,37.815212962608726],[-83.62868963160285,37.81530277690145],[-83.62873511806035,37.815464442353],[-83.62864414514533,37.81551833075819],[-83.62859865868784,37.815626107450534],[-83.62848494254409,37.815626107450534],[-83.62839396962907,37.81559018190389],[-83.62846219931534,37.81555425633979],[-83.62839396962907,37.81553629355117],[-83.62839396962907,37.81550036796083],[-83.6285759154591,37.815212962608726],[-83.62855317223035,37.81512314820672]],[[-83.6285759154591,37.81515907398064],[-83.62859865868784,37.81517703686104],[-83.62859865868784,37.81515907398064],[-83.6285759154591,37.81515907398064]],[[-83.62850768577283,37.81544647954254],[-83.62848494254409,37.815482405159095],[-83.62850768577283,37.815482405159095],[-83.62850768577283,37.81544647954254]],[[-83.62853042900157,37.81539259108491],[-83.62850768577283,37.8154285167277],[-83.62853042900157,37.8154285167277],[-83.62853042900157,37.81539259108491]]]}},{"type":"Feature","properties":{"kind":"sunrise","strength":1.0,"hard":false},"geometry":{"type":"Polygon","coordinates":[[[-83.62932644200788,37.81645239019785],[-83.62912175294912,37.81636257730375],[-83.62912175294912,37.8162548016866],[-83.62937192846537,37.8162548016866],[-83.62953113106664,37.81630868951483],[-83.6295083878379,37.81648831532489],[-83.62937192846537,37.816506277881864],[-83.62932644200788,37.81645239019785]]]}},{"type":"Feature","properties":{"kind":"sunrise","strength":1.0,"hard":false},"geometry":{"type":"Polygon","coordinates":[[[-83.62975856335414,37.81652424043446],[-83.62966759043914,37.816506277881864],[-83.6296903336679,37.816416465053315],[-83.62989502272664,37.81643442762777],[-83.62991776595541,37.81657812806601],[-83.6297813065829,37.81656016552653],[-83.62975856335414,37.81652424043446]]]}},{"type":"Feature","properties":{"kind":"sunrise","strength":1.0,"hard":false},"geometry":{"type":"Polygon","coordinates":[[[-83.63107767062172,37.81709903980977],[-83.63082749510545,37.816991265267816],[-83.63078200864796,37.81691941548577],[-83.63064554927546,37.816865528103335],[-83.63062280604669,37.816811640681564],[-83.63053183313168,37.81679367819891],[-83.63041811698793,37.81668590321114],[-83.63037263053043,37.81668590321114],[-83.63030440084417,37.81659609060114],[-83.63046360344545,37.81657812806601],[-83.6305773195892,37.816667940697876],[-83.63075926541921,37.81670386572002],[-83.63100944093547,37.816847565633786],[-83.63123687322297,37.81690145302933],[-83.63125961645171,37.81695534038553],[-83.63116864353672,37.81708107739704],[-83.63107767062172,37.81709903980977]]]}},{"type":"Feature","properties":{"kind":"sunrise","strength":1.0,"hard":false},"geometry":{"type":"Polygon","coordinates":[[[-83.63114590030798,37.8156440702173],[-83.63116864353672,37.81582369764452],[-83.63091846802045,37.815949436583516],[-83.63082749510545,37.81607517530834],[-83.63073652219046,37.81609313796583],[-83.63071377896169,37.81612906326772],[-83.6305773195892,37.81612906326772],[-83.63062280604669,37.81607517530834],[-83.63062280604669,37.81585962307751],[-83.63069103573295,37.8158416603632],[-83.63075926541921,37.81573388398554],[-83.63103218416421,37.815626107450534],[-83.63114590030798,37.8156440702173]],[[-83.63107767062172,37.81566203297968],[-83.63105492739298,37.8156440702173],[-83.63105492739298,37.81566203297968],[-83.63107767062172,37.81566203297968]],[[-83.63073652219046,37.8158416603632],[-83.63073652219046,37.8159673992716],[-83.63075926541921,37.8159673992716],[-83.6308047518767,37.8158416603632],[-83.63073652219046,37.8158416603632]]]}},{"type":"Feature","properties":{"kind":"sunrise","strength":1.0,"hard":false},"geometry":{"type":"Polygon","coordinates":[[[-83.63046360344545,37.81611110061896],[-83.63062280604669,37.816147025912095],[-83.63062280604669,37.816218876445916],[-83.63069103573295,37.81620091381901],[-83.63069103573295,37.81627276430038],[-83.63060006281795,37.81627276430038],[-83.63048634667419,37.816147025912095],[-83.63039537375919,37.81611110061896],[-83.63039537375919,37.81598536195531],[-83.63053183313168,37.81587758578745],[-83.63055457636044,37.81609313796583],[-83.63048634667419,37.816057212646484],[-83.63046360344545,37.81611110061896]],[[-83.63053183313168,37.81603924998024],[-83.63050908990293,37.81602128730964],[-83.63050908990293,37.81603924998024],[-83.63053183313168,37.81603924998024]]]}},{"type":"Feature","properties":{"kind":"sunrise","strength":1.0,"hard":false},"geometry":{"type":"Polygon","coordinates":[[[-83.6306682925042,37.8156799957377],[-83.63073652219046,37.8156440702173],[-83.63071377896169,37.81557221912403],[-83.63096395447796,37.81553629355117],[-83.63098669770672,37.81550036796083],[-83.63112315707922,37.81551833075819],[-83.63105492739298,37.81559018190389],[-83.63082749510545,37.8156440702173],[-83.63062280604669,37.81580573492146],[-83.6306682925042,37.8156799957377]]]}},{"type":"Feature","properties":{"kind":"sunrise","strength":1.0,"hard":false},"geometry":{"type":"Polygon","coordinates":[[[-83.63107767062172,37.82203853743847],[-83.63105492739298,37.82182300262102],[-83.63100944093547,37.82182300262102],[-83.63105492739298,37.821733196261306],[-83.63100944093547,37.821733196261306],[-83.63091846802045,37.82135600835729],[-83.63087298156297,37.821338046980436],[-83.63087298156297,37.82115843297161],[-83.63105492739298,37.821140471546684],[-83.63121412999422,37.82083512665424],[-83.63130510290924,37.82078124213033],[-83.63130510290924,37.82074531909253],[-83.63139607582423,37.82070939603725],[-83.63144156228174,37.82063754987424],[-83.63150979196799,37.82063754987424],[-83.6315552784255,37.820583665206094],[-83.6316462513405,37.82056570364129],[-83.63169173779801,37.82051181892069],[-83.63175996748424,37.82051181892069],[-83.631782710713,37.82045793416076],[-83.631873683628,37.82042201096561],[-83.631873683628,37.8203681261401],[-83.63198739977177,37.8202962796449],[-83.63198739977177,37.820134624775015],[-83.63203288622927,37.820116663100954],[-83.63201014300053,37.81997296955108],[-83.63212385914427,37.81997296955108],[-83.63216934560177,37.82002685466507],[-83.63221483205928,37.82002685466507],[-83.63221483205928,37.820188509770986],[-83.63214660237303,37.820314241275256],[-83.63203288622927,37.82038608775297],[-83.63201014300053,37.82045793416076],[-83.63185094039926,37.82061958832256],[-83.63137333259549,37.8208890111388],[-83.63128235968048,37.82101474144984],[-83.63123687322297,37.82117639439216],[-83.63105492739298,37.82123027862759],[-83.63110041385046,37.821445815175935],[-83.63121412999422,37.82160746717415],[-83.63121412999422,37.82202057622772],[-83.63116864353672,37.82207445984685],[-83.63107767062172,37.82203853743847]]]}},{"type":"Feature","properties":{"kind":"sunrise","strength":1.0,"hard":false},"geometry":{"type":"Polygon","coordinates":[[[-83.63139607582423,37.81499740786037],[-83.63135058936673,37.81483574138607],[-83.63121412999422,37.81478185248264],[-83.63119138676548,37.8147100005502],[-83.63114590030798,37.81469203755616],[-83.63116864353672,37.81458425950016],[-83.63105492739298,37.8145124073754],[-83.63110041385046,37.81442259212113],[-83.63103218416421,37.81435073983904],[-83.63098669770672,37.81435073983904],[-83.63100944093547,37.814207035065074],[-83.63107767062172,37.814207035065074],[-83.63116864353672,37.81427888748703],[-83.63119138676548,37.81440462905717],[-83.63130510290924,37.814548333446524],[-83.63128235968048,37.81463814854783],[-83.63135058936673,37.81467407455775],[-83.63139607582423,37.814907593196125],[-83.63144156228174,37.81494351907494],[-83.63146430551049,37.81515907398064],[-83.631418819053,37.815194999737066],[-83.63137333259549,37.815141111095855],[-83.63139607582423,37.81499740786037]],[[-83.63112315707922,37.8144944443333],[-83.63114590030798,37.81447648128681],[-83.63112315707922,37.81447648128681],[-83.63112315707922,37.8144944443333]],[[-83.63110041385046,37.81447648128681],[-83.63112315707922,37.81445851823596],[-83.63110041385046,37.81445851823596],[-83.63110041385046,37.81447648128681]]]}},{"type":"Feature","properties":{"kind":"sunrise","strength":1.0,"hard":false},"geometry":{"type":"Polygon","coordinates":[[[-83.63135058936673,37.8156081446794],[-83.631418819053,37.81553629355117],[-83.63123687322297,37.8156081446794],[-83.63112315707922,37.8156081446794],[-83.63125961645171,37.815482405159095],[-83.631418819053,37.8154285167277],[-83.6315552784255,37.815266851197464],[-83.631600764883,37.8150153707801],[-83.6315552784255,37.81499740786037],[-83.6315552784255,37.815087222415336],[-83.63150979196799,37.815087222415336],[-83.63146430551049,37.81476388950607],[-83.63135058936673,37.81465611155497],[-83.63153253519674,37.81463814854783],[-83.63171448102676,37.81479981545482],[-83.6317372242555,37.814979444936256],[-83.63182819717052,37.81512314820672],[-83.63182819717052,37.815338702587944],[-83.63175996748424,37.815482405159095],[-83.63171448102676,37.815482405159095],[-83.631600764883,37.81559018190389],[-83.63135058936673,37.8156081446794]],[[-83.631600764883,37.81544647954254],[-83.631600764883,37.81539259108491],[-83.63157802165425,37.81539259108491],[-83.6315552784255,37.81544647954254],[-83.631600764883,37.81544647954254]],[[-83.6315552784255,37.815464442353],[-83.63153253519674,37.81544647954254],[-83.63153253519674,37.815464442353],[-83.6315552784255,37.815464442353]]]}},{"type":"Feature","properties":{"kind":"sunrise","strength":1.0,"hard":false},"geometry":{"type":"Polygon","coordinates":[[[-83.63257872371929,37.823565224376146],[-83.63257872371929,37.823008436327974],[-83.6325332372618,37.82293659240289],[-83.63257872371929,37.82277494331573],[-83.6325332372618,37.822703099163355],[-83.63232854820303,37.822559410648786],[-83.63207837268676,37.82209242104449],[-83.63191917008551,37.821984653793116],[-83.63191917008551,37.821948731341024],[-83.63169173779801,37.821894847630105],[-83.6316462513405,37.821930770108416],[-83.63150979196799,37.82191280887145],[-83.63146430551049,37.82185892513429],[-83.63148704873925,37.8217691188183],[-83.63169173779801,37.821787080090246],[-83.6317372242555,37.82175115754199],[-83.63196465654302,37.82175115754199],[-83.63212385914427,37.82180504135781],[-83.63221483205928,37.821894847630105],[-83.63232854820303,37.82209242104449],[-83.6323967778893,37.82243368296907],[-83.6325332372618,37.82257737172841],[-83.63257872371929,37.82257737172841],[-83.63257872371929,37.82263125494104],[-83.63262421017679,37.82261329387453],[-83.63260146694805,37.822721060208],[-83.63264695340555,37.82268513811434],[-83.63262421017679,37.82291863141069],[-83.63269243986305,37.82308028018312],[-83.63269243986305,37.823188045834726],[-83.63264695340555,37.82324192860152],[-83.6327151830918,37.823439498409854],[-83.63269243986305,37.823565224376146],[-83.63257872371929,37.823565224376146]]]}},{"type":"Feature","properties":{"kind":"sunrise","strength":1.0,"hard":false},"geometry":{"type":"Polygon","coordinates":[[[-83.63262421017679,37.81884137307046],[-83.63269243986305,37.818679715014234],[-83.63269243986305,37.81841028413375],[-83.63264695340555,37.81823066300041],[-83.63251049403306,37.81788938164293],[-83.63235129143177,37.81769179697793],[-83.63235129143177,37.81760198559174],[-83.63214660237303,37.81742236249155],[-83.63196465654302,37.817404400157486],[-83.63185094039926,37.8172786636967],[-83.6316462513405,37.817260701327676],[-83.631600764883,37.81720681419438],[-83.6315552784255,37.81720681419438],[-83.6315552784255,37.817152927021745],[-83.63166899456924,37.81708107739704],[-83.63212385914427,37.817152927021745],[-83.6323967778893,37.81733255077754],[-83.63248775080429,37.81745828714656],[-83.6325332372618,37.81770975924206],[-83.6327151830918,37.81803307924893],[-83.63280615600681,37.818356397839636],[-83.63280615600681,37.8186078668756],[-83.6327606695493,37.818643790953665],[-83.6327606695493,37.818751563082934],[-83.63269243986305,37.81885933505487],[-83.63262421017679,37.81884137307046]]]}},{"type":"Feature","properties":{"kind":"sunrise","strength":1.0,"hard":false},"geometry":{"type":"Polygon","coordinates":[[[-83.63228306174553,37.820871049648325],[-83.63232854820303,37.82076328061361],[-83.63251049403306,37.820817165150636],[-83.63248775080429,37.820871049648325],[-83.63237403466054,37.82090697262492],[-83.63228306174553,37.820871049648325]]]}},{"type":"Feature","properties":{"kind":"sunrise","strength":1.0,"hard":false},"geometry":{"type":"Polygon","coordinates":[[[-83.63421623618939,37.82175115754199],[-83.63398880390187,37.82164338979233],[-83.63353393932684,37.82126620142936],[-83.63339747995434,37.82101474144984],[-83.63314730443808,37.82090697262492],[-83.63296535860808,37.8208890111388],[-83.63296535860808,37.82083512665424],[-83.63285164246432,37.82078124213033],[-83.6327151830918,37.82078124213033],[-83.63266969663431,37.820817165150636],[-83.63241952111804,37.82076328061361],[-83.63244226434679,37.82069143450306],[-83.63257872371929,37.8206016267665],[-83.6327151830918,37.8206016267665],[-83.63278341277807,37.82063754987424],[-83.63305633152308,37.82061958832256],[-83.63312456120931,37.82065551142155],[-83.63319279089558,37.82076328061361],[-83.63357942578435,37.820942895584054],[-83.6336476554706,37.82112251011739],[-83.63376137161437,37.82121231722016],[-83.63380685807186,37.821338046980436],[-83.63398880390187,37.82137396972976],[-83.63407977681688,37.821463776526556],[-83.63423897941813,37.82153562188531],[-83.63428446587565,37.82171523497626],[-83.63421623618939,37.82175115754199]]]}},{"type":"Feature","properties":{"kind":"sunrise","strength":1.0,"hard":false},"geometry":{"type":"Polygon","coordinates":[[[-83.63296535860808,37.81557221912403],[-83.63312456120931,37.8154285167277],[-83.63321553412433,37.8154285167277],[-83.63317004766682,37.81553629355117],[-83.63312456120931,37.81555425633979],[-83.63296535860808,37.81557221912403]],[[-83.63317004766682,37.81544647954254],[-83.63314730443808,37.815464442353],[-83.63317004766682,37.815464442353],[-83.63317004766682,37.81544647954254]]]}},{"type":"Feature","properties":{"kind":"sunrise","strength":1.0,"hard":false},"geometry":{"type":"Polygon","coordinates":[[[-83.63348845286934,37.81555425633979],[-83.63353393932684,37.815626107450534],[-83.63339747995434,37.815626107450534],[-83.63323827735309,37.81571592124063],[-83.63312456120931,37.81569795849135],[-83.63323827735309,37.815626107450534],[-83.63323827735309,37.81557221912403],[-83.63348845286934,37.81555425633979]]]}},{"type":"Feature","properties":{"kind":"sunrise","strength":1.0,"hard":false},"geometry":{"type":"Polygon","coordinates":[[[-83.63323827735309,37.81557221912403],[-83.63314730443808,37.8156440702173],[-83.63298810183682,37.81566203297968],[-83.63298810183682,37.815626107450534],[-83.63312456120931,37.81557221912403],[-83.63323827735309,37.81557221912403]]]}},{"type":"Feature","properties":{"kind":"sunrise","strength":1.0,"hard":false},"geometry":{"type":"Polygon","coordinates":[[[-83.63389783098687,37.81442259212113],[-83.6338296013006,37.814332776757595],[-83.63392057421562,37.81404536686],[-83.6338296013006,37.813955551037544],[-83.63385234452936,37.8138836983009],[-83.63380685807186,37.813829808702536],[-83.63385234452936,37.813793882281765],[-83.63389783098687,37.813793882281765],[-83.63389783098687,37.81384777190636],[-83.63394331744436,37.813829808702536],[-83.63403429035938,37.81391962467796],[-83.63407977681688,37.814099256301034],[-83.63405703358812,37.814260924388094],[-83.63410252004563,37.81429685058159],[-83.63410252004563,37.81440462905717],[-83.63405703358812,37.81445851823596],[-83.6339660606731,37.81445851823596],[-83.63389783098687,37.81442259212113]],[[-83.63389783098687,37.813955551037544],[-83.63392057421562,37.81391962467796],[-83.63389783098687,37.81391962467796],[-83.63389783098687,37.813955551037544]],[[-83.63389783098687,37.813955551037544],[-83.63387508775813,37.813955551037544],[-83.63387508775813,37.81397351421078],[-83.63389783098687,37.81397351421078],[-83.63389783098687,37.813955551037544]]]}},{"type":"Feature","properties":{"kind":"sunrise","strength":1.0,"hard":false},"geometry":{"type":"Polygon","coordinates":[[[-83.63476207367941,37.81550036796083],[-83.6346711007644,37.81539259108491],[-83.63485304659442,37.81528481405164],[-83.63496676273817,37.81503333369546],[-83.63496676273817,37.81478185248264],[-83.63492127628066,37.81474592652515],[-83.63492127628066,37.81467407455775],[-83.63485304659442,37.81463814854783],[-83.6348075601369,37.81465611155497],[-83.6346256143069,37.81445851823596],[-83.6346256143069,37.81458425950016],[-83.63471658722192,37.81463814854783],[-83.63471658722192,37.81467407455775],[-83.6346256143069,37.81469203755616],[-83.6345346413919,37.81465611155497],[-83.6344891549344,37.81458425950016],[-83.63444366847689,37.81458425950016],[-83.63437543879063,37.81465611155497],[-83.63428446587565,37.81465611155497],[-83.63421623618939,37.814620185536306],[-83.6341707497319,37.81453037041315],[-83.63426172264687,37.81447648128681],[-83.63446641170565,37.8144944443333],[-83.63451189816315,37.814386665988835],[-83.63460287107816,37.814332776757595],[-83.6348075601369,37.814332776757595],[-83.63492127628066,37.81444055518073],[-83.63496676273817,37.81458425950016],[-83.63503499242442,37.81458425950016],[-83.63510322211069,37.81465611155497],[-83.63514870856818,37.814979444936256],[-83.63519419502568,37.81503333369546],[-83.63519419502568,37.815194999737066],[-83.63512596533944,37.81528481405164],[-83.63503499242442,37.81532073974687],[-83.63494401950942,37.815482405159095],[-83.63476207367941,37.81550036796083]]]}},{"type":"Feature","properties":{"kind":"sunrise","strength":1.0,"hard":false},"geometry":{"type":"Polygon","coordinates":[[[-83.63419349296063,37.821787080090246],[-83.63426172264687,37.82185892513429],[-83.63419349296063,37.821894847630105],[-83.63419349296063,37.821787080090246]]]}},{"type":"Feature","properties":{"kind":"sunrise","strength":1.0,"hard":false},"geometry":{"type":"Polygon","coordinates":[[[-83.63421623618939,37.821894847630105],[-83.63426172264687,37.821894847630105],[-83.63423897941813,37.821984653793116],[-83.63421623618939,37.821984653793116],[-83.63421623618939,37.821894847630105]]]}},{"type":"Feature","properties":{"kind":"sunrise","strength":1.0,"hard":false},"geometry":{"type":"Polygon","coordinates":[[[-83.63423897941813,37.8220026150126],[-83.63430720910439,37.82205649864485],[-83.63435269556189,37.82214630461116],[-83.63423897941813,37.82211038223775],[-83.63423897941813,37.8220026150126]]]}},{"type":"Feature","properties":{"kind":"sunrise","strength":1.0,"hard":false},"geometry":{"type":"Polygon","coordinates":[[[-83.63464835753565,37.81517703686104],[-83.63473933045066,37.81515907398064],[-83.63469384399318,37.81523092547601],[-83.63460287107816,37.815266851197464],[-83.63460287107816,37.81515907398064],[-83.63464835753565,37.815141111095855],[-83.63464835753565,37.81517703686104]]]}},{"type":"Feature","properties":{"kind":"sunrise","strength":1.0,"hard":false},"geometry":{"type":"Polygon","coordinates":[[[-83.63469384399318,37.81512314820672],[-83.6348075601369,37.814979444936256],[-83.6348075601369,37.81487166729984],[-83.63473933045066,37.81476388950607],[-83.63473933045066,37.814727963539866],[-83.63478481690815,37.814727963539866],[-83.63485304659442,37.81485370434514],[-83.63485304659442,37.814979444936256],[-83.63478481690815,37.815087222415336],[-83.63469384399318,37.81512314820672]]]}},{"type":"Feature","properties":{"kind":"sunrise","strength":1.0,"hard":false},"geometry":{"type":"Polygon","coordinates":[[[-83.63628587000574,37.813506470286256],[-83.63612666740448,37.813470543708156],[-83.63610392417573,37.81341665380821],[-83.63621764031949,37.813452580412545],[-83.63621764031949,37.81341665380821],[-83.63630861323449,37.81343461711256],[-83.63630861323449,37.81339869049949],[-83.63621764031949,37.8133807271864],[-83.63619489709075,37.81332683722089],[-83.63610392417573,37.81330887389033],[-83.63605843771823,37.813254983872376],[-83.63592197834572,37.81323702052432],[-83.63583100543072,37.813111276965536],[-83.63574003251571,37.81309331358251],[-83.6356945460582,37.8129855331926],[-83.63580826220196,37.8129855331926],[-83.63585374865947,37.813039423407226],[-83.63589923511697,37.813021460006716],[-83.63599020803197,37.81309331358251],[-83.63601295126072,37.813219057171885],[-83.63608118094699,37.81318313045392],[-83.63605843771823,37.81307535019512],[-83.63592197834572,37.8129855331926],[-83.63617215386198,37.8129855331926],[-83.63624038354824,37.813021460006716],[-83.63642232937825,37.813021460006716],[-83.63646781583576,37.813057386803365],[-83.63651330229325,37.813111276965536],[-83.63651330229325,37.81339869049949],[-83.63646781583576,37.8133807271864],[-83.63642232937825,37.81327294721606],[-83.63637684292075,37.81327294721606],[-83.63630861323449,37.813057386803365],[-83.636263126777,37.813039423407226],[-83.63628587000574,37.813219057171885],[-83.63637684292075,37.81330887389033],[-83.63642232937825,37.813452580412545],[-83.636354099692,37.813452580412545],[-83.63628587000574,37.813506470286256]]]}},{"type":"Feature","properties":{"kind":"sunrise","strength":1.0,"hard":false},"geometry":{"type":"Polygon","coordinates":[[[-83.63594472157449,37.81541055390849],[-83.63599020803197,37.815464442353],[-83.63601295126072,37.8154285167277],[-83.63601295126072,37.81551833075819],[-83.63589923511697,37.81551833075819],[-83.63589923511697,37.8154285167277],[-83.63594472157449,37.81541055390849]]]}},{"type":"Feature","properties":{"kind":"sunrise","strength":1.0,"hard":false},"geometry":{"type":"Polygon","coordinates":[[[-83.63603569448946,37.81576980946224],[-83.63621764031949,37.81571592124063],[-83.636263126777,37.81578777219403],[-83.63619489709075,37.81582369764452],[-83.63601295126072,37.81580573492146],[-83.63603569448946,37.81576980946224]]]}},{"type":"Feature","properties":{"kind":"sunrise","strength":1.0,"hard":false},"geometry":{"type":"Polygon","coordinates":[[[-83.636263126777,37.81559018190389],[-83.63608118094699,37.81551833075819],[-83.63608118094699,37.815464442353],[-83.63601295126072,37.81541055390849],[-83.63605843771823,37.81535666542463],[-83.63644507260699,37.81539259108491],[-83.63651330229325,37.81544647954254],[-83.63651330229325,37.81551833075819],[-83.636354099692,37.81557221912403],[-83.636354099692,37.815626107450534],[-83.636263126777,37.8156440702173],[-83.636263126777,37.81559018190389]]]}},{"type":"Feature","properties":{"kind":"sunrise","strength":1.0,"hard":false},"geometry":{"type":"Polygon","coordinates":[[[-83.6363995861495,37.8138836983009],[-83.63651330229325,37.81386573510582],[-83.63651330229325,37.813955551037544],[-83.636354099692,37.81408129315839],[-83.6363995861495,37.8138836983009]]]}},{"type":"Feature","properties":{"kind":"sunrise","strength":1.0,"hard":false},"geometry":{"type":"Polygon","coordinates":[[[-83.6363995861495,37.81363221317197],[-83.636354099692,37.81352443356876],[-83.63642232937825,37.81348850699939],[-83.63644507260699,37.813560360120654],[-83.63651330229325,37.81357832339004],[-83.63651330229325,37.81365017642388],[-83.6363995861495,37.81363221317197]]]}},{"type":"Feature","properties":{"kind":"sunrise","strength":1.0,"hard":false},"geometry":{"type":"Polygon","coordinates":[[[-83.63644507260699,37.81424296128478],[-83.63637684292075,37.814117219439304],[-83.63651330229325,37.81404536686],[-83.63651330229325,37.81424296128478],[-83.63644507260699,37.81424296128478]]]}},{"type":"Feature","properties":{"kind":"sunrise","strength":1.0,"hard":true},"geometry":{"type":"Polygon","coordinates":[[[-83.61770465211602,37.81903895465842],[-83.61765916565851,37.81907487852667],[-83.61763642242975,37.81903895465842],[-83.61770465211602,37.81903895465842]]]}},{"type":"Feature","properties":{"kind":"sunrise","strength":1.0,"hard":true},"geometry":{"type":"Polygon","coordinates":[[[-83.61765916565851,37.81907487852667],[-83.61768190888726,37.819164688120836],[-83.61763642242975,37.819200611927904],[-83.61763642242975,37.81925449760572],[-83.61759093597226,37.81929042136908],[-83.61759093597226,37.81932634511496],[-83.617522706286,37.81934430698134],[-83.61754544951476,37.81927245948959],[-83.61756819274352,37.81927245948959],[-83.61756819274352,37.819182650026555],[-83.617613679201,37.819164688120836],[-83.617613679201,37.81911080237745],[-83.61765916565851,37.81907487852667]]]}},{"type":"Feature","properties":{"kind":"sunrise","strength":1.0,"hard":true},"geometry":{"type":"Polygon","coordinates":[[[-83.61768190888726,37.82162542848542],[-83.61768190888726,37.82166135109487],[-83.61763642242975,37.82169727368683],[-83.61759093597226,37.82169727368683],[-83.617613679201,37.82164338979233],[-83.61768190888726,37.82162542848542]]]}},{"type":"Feature","properties":{"kind":"sunrise","strength":1.0,"hard":true},"geometry":{"type":"Polygon","coordinates":[[[-83.617613679201,37.821733196261306],[-83.61768190888726,37.82167931239304],[-83.61775013857353,37.82167931239304],[-83.61770465211602,37.82175115754199],[-83.61763642242975,37.8217691188183],[-83.617613679201,37.821733196261306]]]}},{"type":"Feature","properties":{"kind":"sunrise","strength":1.0,"hard":true},"geometry":{"type":"Polygon","coordinates":[[[-83.61813677346228,37.82108658724569],[-83.61811403023354,37.82112251011739],[-83.61806854377602,37.82112251011739],[-83.61809128700479,37.82108658724569],[-83.61813677346228,37.82108658724569]]]}},{"type":"Feature","properties":{"kind":"sunrise","strength":1.0,"hard":true},"geometry":{"type":"Polygon","coordinates":[[[-83.6182732328348,37.82112251011739],[-83.6182732328348,37.82115843297161],[-83.6182277463773,37.82115843297161],[-83.6182277463773,37.82112251011739],[-83.6182732328348,37.82112251011739]]]}},{"type":"Feature","properties":{"kind":"sunrise","strength":1.0,"hard":true},"geometry":{"type":"Polygon","coordinates":[[[-83.6185461515798,37.82099677998994],[-83.6185461515798,37.82103270290535],[-83.6184551786648,37.821050664356505],[-83.61850066512231,37.82099677998994],[-83.6185461515798,37.82099677998994]]]}},{"type":"Feature","properties":{"kind":"sunrise","strength":1.0,"hard":true},"geometry":{"type":"Polygon","coordinates":[[[-83.61891004323984,37.81512314820672],[-83.61888730001107,37.815141111095855],[-83.61888730001107,37.81517703686104],[-83.61884181355357,37.815194999737066],[-83.61886455678231,37.81512314820672],[-83.61891004323984,37.81512314820672]]]}},{"type":"Feature","properties":{"kind":"sunrise","strength":1.0,"hard":true},"geometry":{"type":"Polygon","coordinates":[[[-83.61936490781486,37.822703099163355],[-83.61936490781486,37.82273902124829],[-83.61931942135736,37.822721060208],[-83.61931942135736,37.82268513811434],[-83.61936490781486,37.822703099163355]]]}},{"type":"Feature","properties":{"kind":"sunrise","strength":1.0,"hard":true},"geometry":{"type":"Polygon","coordinates":[[[-83.61954685364486,37.82185892513429],[-83.61954685364486,37.82187688638438],[-83.61961508333113,37.821894847630105],[-83.61961508333113,37.821930770108416],[-83.61954685364486,37.821930770108416],[-83.61954685364486,37.821894847630105],[-83.61950136718735,37.821894847630105],[-83.61954685364486,37.82185892513429]]]}},{"type":"Feature","properties":{"kind":"sunrise","strength":1.0,"hard":true},"geometry":{"type":"Polygon","coordinates":[[[-83.62025189373615,37.823277850424184],[-83.62025189373615,37.82324192860152],[-83.62029738019365,37.82324192860152],[-83.62029738019365,37.82325988951504],[-83.62025189373615,37.823277850424184]]]}},{"type":"Feature","properties":{"kind":"sunrise","strength":1.0,"hard":true},"geometry":{"type":"Polygon","coordinates":[[[-83.62038835310867,37.823816675666194],[-83.62038835310867,37.823780754105776],[-83.62034286665114,37.823780754105776],[-83.62029738019365,37.82374483252788],[-83.62034286665114,37.82374483252788],[-83.62034286665114,37.823726871732376],[-83.6204110963374,37.82374483252788],[-83.62045658279492,37.82383463643984],[-83.62052481248116,37.82385259720912],[-83.62052481248116,37.82388851873456],[-83.62047932602366,37.82388851873456],[-83.62038835310867,37.823816675666194]]]}},{"type":"Feature","properties":{"kind":"sunrise","strength":1.0,"hard":true},"geometry":{"type":"Polygon","coordinates":[[[-83.62036560987991,37.82394240098995],[-83.6204110963374,37.82397832247168],[-83.62045658279492,37.82397832247168],[-83.62045658279492,37.82399628320599],[-83.62036560987991,37.82397832247168],[-83.62036560987991,37.82394240098995]]]}},{"type":"Feature","properties":{"kind":"sunrise","strength":1.0,"hard":true},"geometry":{"type":"Polygon","coordinates":[[[-83.62045658279492,37.823313772229376],[-83.62045658279492,37.82329581132896],[-83.62054755570992,37.82329581132896],[-83.62045658279492,37.823367654904374],[-83.62038835310867,37.82334969401708],[-83.62038835310867,37.823331733125414],[-83.62045658279492,37.823313772229376]]]}},{"type":"Feature","properties":{"kind":"sunrise","strength":1.0,"hard":true},"geometry":{"type":"Polygon","coordinates":[[[-83.62077498799742,37.82311620208448],[-83.62077498799742,37.82315212396834],[-83.62068401508243,37.823170084903715],[-83.62072950153993,37.82311620208448],[-83.62077498799742,37.82311620208448]]]}},{"type":"Feature","properties":{"kind":"sunrise","strength":1.0,"hard":true},"geometry":{"type":"Polygon","coordinates":[[[-83.62093419059869,37.81984723746548],[-83.62084321768369,37.81982927572149],[-83.62082047445493,37.81979335222037],[-83.62088870414118,37.81979335222037],[-83.62088870414118,37.81981131397312],[-83.62093419059869,37.81981131397312],[-83.6209796770562,37.81984723746548],[-83.62100242028494,37.81982927572149],[-83.62109339319996,37.81984723746548],[-83.62109339319996,37.81990112267125],[-83.62102516351369,37.819883160940364],[-83.62102516351369,37.81986519920511],[-83.62093419059869,37.81986519920511],[-83.62093419059869,37.81984723746548]]]}},{"type":"Feature","properties":{"kind":"sunrise","strength":1.0,"hard":true},"geometry":{"type":"Polygon","coordinates":[[[-83.62095693382744,37.82390647949072],[-83.62095693382744,37.82388851873456],[-83.62102516351369,37.82390647949072],[-83.62104790674243,37.82396036173299],[-83.62100242028494,37.82396036173299],[-83.6209796770562,37.82392444024253],[-83.62091144736993,37.82392444024253],[-83.62091144736993,37.82390647949072],[-83.62095693382744,37.82390647949072]]]}},{"type":"Feature","properties":{"kind":"sunrise","strength":1.0,"hard":true},"geometry":{"type":"Polygon","coordinates":[[[-83.62109339319996,37.823277850424184],[-83.62118436611493,37.82320600676136],[-83.62116162288619,37.823188045834726],[-83.62118436611493,37.82313416302859],[-83.62127533902995,37.82313416302859],[-83.62127533902995,37.82311620208448],[-83.62134356871621,37.82309824113599],[-83.62134356871621,37.82313416302859],[-83.62122985257245,37.82315212396834],[-83.62120710934371,37.82324192860152],[-83.62113887965744,37.82329581132896],[-83.62104790674243,37.823313772229376],[-83.62104790674243,37.823277850424184],[-83.62109339319996,37.823277850424184]]]}},{"type":"Feature","properties":{"kind":"sunrise","strength":1.0,"hard":true},"geometry":{"type":"Polygon","coordinates":[[[-83.62127533902995,37.824086086811974],[-83.62116162288619,37.82401424393593],[-83.62116162288619,37.82397832247168],[-83.6212525958012,37.82399628320599],[-83.6212525958012,37.8240322046615],[-83.62132082548746,37.824050165382694],[-83.62136631194495,37.824139968923106],[-83.6212980822587,37.824139968923106],[-83.62127533902995,37.824086086811974]]]}},{"type":"Feature","properties":{"kind":"sunrise","strength":1.0,"hard":true},"geometry":{"type":"Polygon","coordinates":[[[-83.62152551454622,37.82308028018312],[-83.62152551454622,37.82311620208448],[-83.6214345416312,37.82313416302859],[-83.62145728485996,37.82309824113599],[-83.62152551454622,37.82308028018312]]]}},{"type":"Feature","properties":{"kind":"sunrise","strength":1.0,"hard":true},"geometry":{"type":"Polygon","coordinates":[[[-83.62152551454622,37.81995500783768],[-83.62152551454622,37.81997296955108],[-83.62145728485996,37.81997296955108],[-83.62145728485996,37.81995500783768],[-83.62152551454622,37.81995500783768]]]}},{"type":"Feature","properties":{"kind":"sunrise","strength":1.0,"hard":true},"geometry":{"type":"Polygon","coordinates":[[[-83.62170746037623,37.82297251437417],[-83.62175294683374,37.82293659240289],[-83.62179843329123,37.82293659240289],[-83.62173020360497,37.8230623192259],[-83.62163923068998,37.82308028018312],[-83.62163923068998,37.82304435826429],[-83.62170746037623,37.823026397298314],[-83.62170746037623,37.82297251437417]]]}},{"type":"Feature","properties":{"kind":"sunrise","strength":1.0,"hard":true},"geometry":{"type":"Polygon","coordinates":[[[-83.62168471714747,37.82000889296477],[-83.62177569006248,37.81991908439777],[-83.62182117651999,37.81991908439777],[-83.62175294683374,37.82000889296477],[-83.62168471714747,37.82000889296477]]]}},{"type":"Feature","properties":{"kind":"sunrise","strength":1.0,"hard":true},"geometry":{"type":"Polygon","coordinates":[[[-83.62198037912124,37.82000889296477],[-83.62191214943499,37.82000889296477],[-83.62191214943499,37.81999093126012],[-83.62195763589249,37.81999093126012],[-83.62195763589249,37.81997296955108],[-83.62202586557875,37.81999093126012],[-83.62207135203624,37.8200807397397],[-83.62202586557875,37.8200807397397],[-83.62202586557875,37.82004481636098],[-83.62198037912124,37.82000889296477]]]}},{"type":"Feature","properties":{"kind":"sunrise","strength":1.0,"hard":true},"geometry":{"type":"Polygon","coordinates":[[[-83.62218506818,37.822810865365696],[-83.62218506818,37.8227569822842],[-83.62223055463751,37.8227569822842],[-83.62220781140874,37.822810865365696],[-83.62218506818,37.822810865365696]]]}},{"type":"Feature","properties":{"kind":"sunrise","strength":1.0,"hard":true},"geometry":{"type":"Polygon","coordinates":[[[-83.62238975723875,37.822703099163355],[-83.62238975723875,37.82273902124829],[-83.62234427078127,37.82273902124829],[-83.62234427078127,37.8227569822842],[-83.62229878432376,37.82273902124829],[-83.62229878432376,37.822721060208],[-83.62238975723875,37.822703099163355]]]}},{"type":"Feature","properties":{"kind":"sunrise","strength":1.0,"hard":true},"geometry":{"type":"Polygon","coordinates":[[[-83.62259444629753,37.82259533280366],[-83.62257170306877,37.82261329387453],[-83.62257170306877,37.82264921600317],[-83.62252621661126,37.822667177060936],[-83.62252621661126,37.82257737172841],[-83.62259444629753,37.82259533280366]]]}},{"type":"Feature","properties":{"kind":"sunrise","strength":1.0,"hard":true},"geometry":{"type":"Polygon","coordinates":[[[-83.62282187858503,37.82261329387453],[-83.6228446218138,37.82259533280366],[-83.62293559472879,37.82259533280366],[-83.6230720541013,37.82246960518513],[-83.62311754055881,37.82246960518513],[-83.62309479733004,37.822523488476435],[-83.6229810811863,37.82261329387453],[-83.62293559472879,37.82261329387453],[-83.62293559472879,37.82263125494104],[-83.62289010827129,37.82261329387453],[-83.62289010827129,37.82264921600317],[-83.62282187858503,37.822667177060936],[-83.62282187858503,37.82268513811434],[-83.62273090567004,37.822667177060936],[-83.62273090567004,37.82264921600317],[-83.62282187858503,37.82264921600317],[-83.62282187858503,37.82261329387453]]]}},{"type":"Feature","properties":{"kind":"sunrise","strength":1.0,"hard":true},"geometry":{"type":"Polygon","coordinates":[[[-83.62655176810023,37.81659609060114],[-83.62657451132898,37.81648831532489],[-83.62664274101523,37.81647035276355],[-83.62664274101523,37.81652424043446],[-83.62655176810023,37.81661405313187],[-83.62657451132898,37.816667940697876],[-83.62650628164272,37.81664997818025],[-83.62650628164272,37.81661405313187],[-83.62655176810023,37.81659609060114]]]}},{"type":"Feature","properties":{"kind":"sunrise","strength":1.0,"hard":true},"geometry":{"type":"Polygon","coordinates":[[[-83.62659725455774,37.8163985024745],[-83.62659725455774,37.81630868951483],[-83.62664274101523,37.81630868951483],[-83.62664274101523,37.816380539891306],[-83.62659725455774,37.8163985024745]]]}},{"type":"Feature","properties":{"kind":"sunrise","strength":1.0,"hard":true},"geometry":{"type":"Polygon","coordinates":[[[-83.62689291653149,37.816218876445916],[-83.62689291653149,37.81618295118774],[-83.62696114621775,37.81618295118774],[-83.62693840298901,37.816218876445916],[-83.62689291653149,37.816218876445916]]]}},{"type":"Feature","properties":{"kind":"sunrise","strength":1.0,"hard":true},"geometry":{"type":"Polygon","coordinates":[[[-83.62705211913276,37.81620091381901],[-83.62712034881902,37.816147025912095],[-83.62714309204776,37.81607517530834],[-83.6271658352765,37.81607517530834],[-83.6271658352765,37.81602128730964],[-83.62718857850525,37.81602128730964],[-83.62721132173402,37.816057212646484],[-83.62718857850525,37.816057212646484],[-83.6271658352765,37.816164988552096],[-83.62709760559027,37.816218876445916],[-83.62705211913276,37.816218876445916],[-83.627029375904,37.8162548016866],[-83.62696114621775,37.81627276430038],[-83.62696114621775,37.81623683906844],[-83.62700663267526,37.81620091381901],[-83.62705211913276,37.81620091381901]]]}},{"type":"Feature","properties":{"kind":"sunrise","strength":1.0,"hard":true},"geometry":{"type":"Polygon","coordinates":[[[-83.62712034881902,37.81566203297968],[-83.62707486236151,37.815626107450534],[-83.62707486236151,37.81559018190389],[-83.62714309204776,37.8156081446794],[-83.62714309204776,37.8156440702173],[-83.6271658352765,37.8156440702173],[-83.62714309204776,37.81573388398554],[-83.62712034881902,37.81573388398554],[-83.62714309204776,37.81580573492146],[-83.62707486236151,37.81578777219403],[-83.62709760559027,37.81566203297968],[-83.62712034881902,37.81566203297968]]]}},{"type":"Feature","properties":{"kind":"sunrise","strength":1.0,"hard":true},"geometry":{"type":"Polygon","coordinates":[[[-83.62709760559027,37.81591351119423],[-83.62712034881902,37.81591351119423],[-83.62712034881902,37.8159673992716],[-83.62709760559027,37.8159673992716],[-83.62709760559027,37.81591351119423]]]}},{"type":"Feature","properties":{"kind":"sunrise","strength":1.0,"hard":true},"geometry":{"type":"Polygon","coordinates":[[[-83.62718857850525,37.81582369764452],[-83.62718857850525,37.81587758578745],[-83.6271658352765,37.81587758578745],[-83.6271658352765,37.81582369764452],[-83.62718857850525,37.81582369764452]]]}},{"type":"Feature","properties":{"kind":"sunrise","strength":1.0,"hard":true},"geometry":{"type":"Polygon","coordinates":[[[-83.62773441599528,37.816218876445916],[-83.62773441599528,37.8162548016866],[-83.62768892953778,37.8162548016866],[-83.62768892953778,37.81623683906844],[-83.62764344308029,37.81623683906844],[-83.62764344308029,37.81620091381901],[-83.62773441599528,37.816218876445916]]]}},{"type":"Feature","properties":{"kind":"sunrise","strength":1.0,"hard":true},"geometry":{"type":"Polygon","coordinates":[[[-83.62818928057033,37.816380539891306],[-83.62821202379907,37.8163985024745],[-83.62825751025657,37.8163985024745],[-83.62830299671407,37.81643442762777],[-83.62830299671407,37.81647035276355],[-83.62825751025657,37.81647035276355],[-83.6282347670278,37.816416465053315],[-83.62818928057033,37.816416465053315],[-83.62818928057033,37.816380539891306]]]}},{"type":"Feature","properties":{"kind":"sunrise","strength":1.0,"hard":true},"geometry":{"type":"Polygon","coordinates":[[[-83.62825751025657,37.81555425633979],[-83.62828025348533,37.81555425633979],[-83.62830299671407,37.815482405159095],[-83.62837122640033,37.81544647954254],[-83.62834848317158,37.81551833075819],[-83.62830299671407,37.81555425633979],[-83.62828025348533,37.8156799957377],[-83.6282347670278,37.81566203297968],[-83.62825751025657,37.81555425633979]]]}},{"type":"Feature","properties":{"kind":"sunrise","strength":1.0,"hard":true},"geometry":{"type":"Polygon","coordinates":[[[-83.62830299671407,37.815338702587944],[-83.62832573994282,37.815338702587944],[-83.62832573994282,37.81528481405164],[-83.62839396962907,37.815266851197464],[-83.62832573994282,37.81541055390849],[-83.62830299671407,37.81541055390849],[-83.62830299671407,37.815374628256954],[-83.62832573994282,37.815374628256954],[-83.62830299671407,37.815338702587944]]]}},{"type":"Feature","properties":{"kind":"sunrise","strength":1.0,"hard":true},"geometry":{"type":"Polygon","coordinates":[[[-83.62848494254409,37.81539259108491],[-83.62846219931534,37.81551833075819],[-83.62841671285783,37.81551833075819],[-83.62843945608658,37.8154285167277],[-83.62848494254409,37.81539259108491]]]}},{"type":"Feature","properties":{"kind":"sunrise","strength":1.0,"hard":true},"geometry":{"type":"Polygon","coordinates":[[[-83.62846219931534,37.81528481405164],[-83.62846219931534,37.815212962608726],[-83.62850768577283,37.815212962608726],[-83.62850768577283,37.81524888833892],[-83.62846219931534,37.81528481405164]]]}},{"type":"Feature","properties":{"kind":"sunrise","strength":1.0,"hard":true},"geometry":{"type":"Polygon","coordinates":[[[-83.62855317223035,37.81535666542463],[-83.62850768577283,37.815374628256954],[-83.62850768577283,37.81530277690145],[-83.62855317223035,37.81532073974687],[-83.62855317223035,37.81535666542463]]]}},{"type":"Feature","properties":{"kind":"sunrise","strength":1.0,"hard":true},"geometry":{"type":"Polygon","coordinates":[[[-83.62864414514533,37.815087222415336],[-83.62866688837408,37.81503333369546],[-83.6287123748316,37.81503333369546],[-83.62868963160285,37.815105185313215],[-83.62855317223035,37.81515907398064],[-83.62855317223035,37.81512314820672],[-83.62864414514533,37.815087222415336]]]}},{"type":"Feature","properties":{"kind":"sunrise","strength":1.0,"hard":true},"geometry":{"type":"Polygon","coordinates":[[[-83.6287123748316,37.81488963025017],[-83.62873511806035,37.81488963025017],[-83.62873511806035,37.81479981545482],[-83.62878060451784,37.81479981545482],[-83.62878060451784,37.81488963025017],[-83.62875786128909,37.81488963025017],[-83.62873511806035,37.81496148200779],[-83.62866688837408,37.814979444936256],[-83.6287123748316,37.81488963025017]]]}},{"type":"Feature","properties":{"kind":"sunrise","strength":1.0,"hard":true},"geometry":{"type":"Polygon","coordinates":[[[-83.62934918523662,37.81648831532489],[-83.62928095555039,37.816416465053315],[-83.62923546909288,37.816416465053315],[-83.62916723940661,37.81634461471182],[-83.62925821232163,37.81636257730375],[-83.62934918523662,37.81643442762777],[-83.62939467169414,37.81643442762777],[-83.62941741492288,37.816506277881864],[-83.62934918523662,37.81648831532489]]]}},{"type":"Feature","properties":{"kind":"sunrise","strength":1.0,"hard":true},"geometry":{"type":"Polygon","coordinates":[[[-83.62975856335414,37.81654220298268],[-83.62971307689665,37.81648831532489],[-83.62982679304041,37.816506277881864],[-83.62984953626915,37.81656016552653],[-83.62975856335414,37.81654220298268]]]}},{"type":"Feature","properties":{"kind":"sunrise","strength":1.0,"hard":true},"geometry":{"type":"Polygon","coordinates":[[[-83.63091846802045,37.81702719013262],[-83.63087298156297,37.816991265267816],[-83.63082749510545,37.816991265267816],[-83.63082749510545,37.81695534038553],[-83.63078200864796,37.81691941548577],[-83.63073652219046,37.81691941548577],[-83.63062280604669,37.816811640681564],[-83.63053183313168,37.81679367819891],[-83.63034988730169,37.81663201565826],[-83.63046360344545,37.816667940697876],[-83.63055457636044,37.81675775322047],[-83.63064554927546,37.81677571571188],[-83.63087298156297,37.81695534038553],[-83.63096395447796,37.816973302828856],[-83.63100944093547,37.81702719013262],[-83.63105492739298,37.81702719013262],[-83.63107767062172,37.81708107739704],[-83.63100944093547,37.81708107739704],[-83.63096395447796,37.81702719013262],[-83.63091846802045,37.81702719013262]]]}},{"type":"Feature","properties":{"kind":"sunrise","strength":1.0,"hard":true},"geometry":{"type":"Polygon","coordinates":[[[-83.63053183313168,37.81603924998024],[-83.63048634667419,37.81591351119423],[-83.63055457636044,37.81589554849301],[-83.63055457636044,37.81609313796583],[-83.63050908990293,37.81607517530834],[-83.63050908990293,37.81603924998024],[-83.63053183313168,37.81603924998024]]]}},{"type":"Feature","properties":{"kind":"sunrise","strength":1.0,"hard":true},"geometry":{"type":"Polygon","coordinates":[[[-83.63062280604669,37.81609313796583],[-83.63062280604669,37.81612906326772],[-83.6305773195892,37.81612906326772],[-83.6305773195892,37.81609313796583],[-83.63062280604669,37.81609313796583]]]}},{"type":"Feature","properties":{"kind":"sunrise","strength":1.0,"hard":true},"geometry":{"type":"Polygon","coordinates":[[[-83.63064554927546,37.81589554849301],[-83.63064554927546,37.81585962307751],[-83.63071377896169,37.81582369764452],[-83.63071377896169,37.81578777219403],[-83.63085023833419,37.8156799957377],[-83.63089572479171,37.8156799957377],[-83.63089572479171,37.81571592124063],[-83.63082749510545,37.81576980946224],[-83.63078200864796,37.81576980946224],[-83.63078200864796,37.81580573492146],[-83.6306682925042,37.81589554849301],[-83.6306682925042,37.8159673992716],[-83.63069103573295,37.8159673992716],[-83.6306682925042,37.816057212646484],[-83.63062280604669,37.816057212646484],[-83.63064554927546,37.81603924998024],[-83.63062280604669,37.81589554849301],[-83.63064554927546,37.81589554849301]]]}},{"type":"Feature","properties":{"kind":"sunrise","strength":1.0,"hard":true},"geometry":{"type":"Polygon","coordinates":[[[-83.63069103573295,37.81566203297968],[-83.63075926541921,37.8156081446794],[-83.63078200864796,37.815626107450534],[-83.63085023833419,37.8156081446794],[-83.63082749510545,37.81566203297968],[-83.63078200864796,37.81566203297968],[-83.63071377896169,37.81573388398554],[-83.6306682925042,37.81573388398554],[-83.63069103573295,37.81566203297968]]]}},{"type":"Feature","properties":{"kind":"sunrise","strength":1.0,"hard":true},"geometry":{"type":"Polygon","coordinates":[[[-83.63098669770672,37.82166135109487],[-83.63098669770672,37.82157154453847],[-83.63096395447796,37.82157154453847],[-83.63096395447796,37.821517660552175],[-83.63094121124921,37.821517660552175],[-83.63094121124921,37.82140989246159],[-83.63091846802045,37.82140989246159],[-83.63091846802045,37.82135600835729],[-83.63087298156297,37.821320085599226],[-83.63087298156297,37.82115843297161],[-83.63089572479171,37.821140471546684],[-83.63094121124921,37.821140471546684],[-83.63094121124921,37.821320085599226],[-83.63098669770672,37.82135600835729],[-83.63098669770672,37.821445815175935],[-83.63100944093547,37.821445815175935],[-83.63098669770672,37.82149969921468],[-83.63100944093547,37.82149969921468],[-83.63103218416421,37.82164338979233],[-83.63105492739298,37.82164338979233],[-83.63105492739298,37.82169727368683],[-83.63107767062172,37.82169727368683],[-83.63110041385046,37.82175115754199],[-83.63105492739298,37.82175115754199],[-83.63100944093547,37.82171523497626],[-83.63100944093547,37.82166135109487],[-83.63098669770672,37.82166135109487]]]}},{"type":"Feature","properties":{"kind":"sunrise","strength":1.0,"hard":true},"geometry":{"type":"Polygon","coordinates":[[[-83.63091846802045,37.81557221912403],[-83.63096395447796,37.8156081446794],[-83.63087298156297,37.815626107450534],[-83.63087298156297,37.81559018190389],[-83.63091846802045,37.81559018190389],[-83.63091846802045,37.81557221912403]]]}},{"type":"Feature","properties":{"kind":"sunrise","strength":1.0,"hard":true},"geometry":{"type":"Polygon","coordinates":[[[-83.63098669770672,37.8156799957377],[-83.63091846802045,37.81569795849135],[-83.63091846802045,37.81566203297968],[-83.63098669770672,37.8156440702173],[-83.63098669770672,37.8156799957377]]]}},{"type":"Feature","properties":{"kind":"sunrise","strength":1.0,"hard":true},"geometry":{"type":"Polygon","coordinates":[[[-83.63098669770672,37.814332776757595],[-83.63098669770672,37.81427888748703],[-83.63103218416421,37.81424296128478],[-83.63103218416421,37.81431481367178],[-83.63107767062172,37.814332776757595],[-83.63110041385046,37.814386665988835],[-83.63105492739298,37.814386665988835],[-83.63098669770672,37.814332776757595]]]}},{"type":"Feature","properties":{"kind":"sunrise","strength":1.0,"hard":true},"geometry":{"type":"Polygon","coordinates":[[[-83.63114590030798,37.82103270290535],[-83.63114590030798,37.820942895584054],[-83.63116864353672,37.820942895584054],[-83.63119138676548,37.820871049648325],[-83.63123687322297,37.820871049648325],[-83.63123687322297,37.820817165150636],[-83.63130510290924,37.820799203642665],[-83.63130510290924,37.82076328061361],[-83.63144156228174,37.82067347296449],[-83.63144156228174,37.82063754987424],[-83.63150979196799,37.82063754987424],[-83.6315552784255,37.820583665206094],[-83.63162350811174,37.820583665206094],[-83.63169173779801,37.82051181892069],[-83.63175996748424,37.82051181892069],[-83.631782710713,37.82045793416076],[-83.63182819717052,37.82045793416076],[-83.631873683628,37.82042201096561],[-83.631873683628,37.8203681261401],[-83.63198739977177,37.8202962796449],[-83.63198739977177,37.82026035637109],[-83.63196465654302,37.82026035637109],[-83.63198739977177,37.82020647142756],[-83.63201014300053,37.82020647142756],[-83.63198739977177,37.820134624775015],[-83.63203288622927,37.820116663100954],[-83.63203288622927,37.82002685466507],[-83.63207837268676,37.82000889296477],[-83.63210111591553,37.820116663100954],[-83.63205562945801,37.820152586444706],[-83.63207837268676,37.820170548110035],[-83.63205562945801,37.820242394727615],[-83.63203288622927,37.820242394727615],[-83.63205562945801,37.8202962796449],[-83.63203288622927,37.8202962796449],[-83.63203288622927,37.82033220290125],[-83.63196465654302,37.82035016452285],[-83.63191917008551,37.82045793416076],[-83.631873683628,37.82045793416076],[-83.63182819717052,37.82049385733841],[-83.63182819717052,37.82052978049861],[-83.63171448102676,37.820547742072144],[-83.63171448102676,37.820583665206094],[-83.631600764883,37.8206016267665],[-83.63157802165425,37.82065551142155],[-83.63146430551049,37.82067347296449],[-83.63146430551049,37.82070939603725],[-83.63123687322297,37.8208890111388],[-83.63121412999422,37.82096085705705],[-83.63119138676548,37.82096085705705],[-83.63119138676548,37.82101474144984],[-83.63114590030798,37.821050664356505],[-83.63114590030798,37.82110454868373],[-83.63112315707922,37.82110454868373],[-83.63112315707922,37.821140471546684],[-83.63107767062172,37.821140471546684],[-83.63110041385046,37.821050664356505],[-83.63114590030798,37.82103270290535]]]}},{"type":"Feature","properties":{"kind":"sunrise","strength":1.0,"hard":true},"geometry":{"type":"Polygon","coordinates":[[[-83.63107767062172,37.821140471546684],[-83.63107767062172,37.82115843297161],[-83.63098669770672,37.82115843297161],[-83.63098669770672,37.821140471546684],[-83.63107767062172,37.821140471546684]]]}},{"type":"Feature","properties":{"kind":"sunrise","strength":1.0,"hard":true},"geometry":{"type":"Polygon","coordinates":[[[-83.63112315707922,37.81551833075819],[-83.63105492739298,37.81559018190389],[-83.63100944093547,37.81559018190389],[-83.63105492739298,37.81551833075819],[-83.63112315707922,37.81551833075819]]]}},{"type":"Feature","properties":{"kind":"sunrise","strength":1.0,"hard":true},"geometry":{"type":"Polygon","coordinates":[[[-83.63105492739298,37.821930770108416],[-83.63105492739298,37.82182300262102],[-83.63110041385046,37.82182300262102],[-83.63110041385046,37.82185892513429],[-83.63112315707922,37.82185892513429],[-83.63112315707922,37.8220026150126],[-83.63114590030798,37.8220026150126],[-83.63116864353672,37.82207445984685],[-83.63112315707922,37.82207445984685],[-83.63107767062172,37.82203853743847],[-83.63107767062172,37.821930770108416],[-83.63105492739298,37.821930770108416]]]}},{"type":"Feature","properties":{"kind":"sunrise","strength":1.0,"hard":true},"geometry":{"type":"Polygon","coordinates":[[[-83.63107767062172,37.81453037041315],[-83.63107767062172,37.81447648128681],[-83.63110041385046,37.81447648128681],[-83.63110041385046,37.8145124073754],[-83.63116864353672,37.81453037041315],[-83.63121412999422,37.81460222252041],[-83.63116864353672,37.81460222252041],[-83.63114590030798,37.814548333446524],[-83.63107767062172,37.81453037041315]]]}},{"type":"Feature","properties":{"kind":"sunrise","strength":1.0,"hard":true},"geometry":{"type":"Polygon","coordinates":[[[-83.63139607582423,37.81544647954254],[-83.63150979196799,37.81535666542463],[-83.63153253519674,37.81528481405164],[-83.6315552784255,37.81528481405164],[-83.63157802165425,37.815141111095855],[-83.631600764883,37.815141111095855],[-83.631600764883,37.81503333369546],[-83.63162350811174,37.81503333369546],[-83.6316462513405,37.81515907398064],[-83.63162350811174,37.81515907398064],[-83.631600764883,37.81530277690145],[-83.631418819053,37.815482405159095],[-83.63137333259549,37.815482405159095],[-83.63137333259549,37.81550036796083],[-83.63132784613798,37.815482405159095],[-83.63132784613798,37.815464442353],[-83.63139607582423,37.81544647954254]]]}},{"type":"Feature","properties":{"kind":"sunrise","strength":1.0,"hard":true},"geometry":{"type":"Polygon","coordinates":[[[-83.63132784613798,37.815482405159095],[-83.63132784613798,37.81551833075819],[-83.63128235968048,37.81551833075819],[-83.63128235968048,37.81555425633979],[-83.63132784613798,37.81555425633979],[-83.63132784613798,37.81557221912403],[-83.63114590030798,37.8156081446794],[-83.63121412999422,37.81555425633979],[-83.63123687322297,37.81550036796083],[-83.63132784613798,37.815482405159095]]]}},{"type":"Feature","properties":{"kind":"sunrise","strength":1.0,"hard":true},"geometry":{"type":"Polygon","coordinates":[[[-83.63116864353672,37.81467407455775],[-83.63121412999422,37.81467407455775],[-83.63125961645171,37.81478185248264],[-83.63121412999422,37.81478185248264],[-83.63116864353672,37.81467407455775]]]}},{"type":"Feature","properties":{"kind":"sunrise","strength":1.0,"hard":true},"geometry":{"type":"Polygon","coordinates":[[[-83.63135058936673,37.81476388950607],[-83.63132784613798,37.81474592652515],[-83.63130510290924,37.814727963539866],[-83.63135058936673,37.814727963539866],[-83.63135058936673,37.81476388950607]]]}},{"type":"Feature","properties":{"kind":"sunrise","strength":1.0,"hard":true},"geometry":{"type":"Polygon","coordinates":[[[-83.63137333259549,37.81487166729984],[-83.63135058936673,37.81487166729984],[-83.63135058936673,37.81479981545482],[-83.63139607582423,37.81481777842263],[-83.63139607582423,37.814907593196125],[-83.63144156228174,37.81494351907494],[-83.631418819053,37.81496148200779],[-83.63144156228174,37.815087222415336],[-83.63146430551049,37.815087222415336],[-83.63144156228174,37.81517703686104],[-83.631418819053,37.81517703686104],[-83.631418819053,37.815051296606455],[-83.63139607582423,37.815051296606455],[-83.63137333259549,37.81487166729984]]]}},{"type":"Feature","properties":{"kind":"sunrise","strength":1.0,"hard":true},"geometry":{"type":"Polygon","coordinates":[[[-83.63144156228174,37.81476388950607],[-83.63144156228174,37.814727963539866],[-83.63139607582423,37.81469203755616],[-83.63144156228174,37.81469203755616],[-83.63148704873925,37.814727963539866],[-83.63148704873925,37.81476388950607],[-83.63150979196799,37.81476388950607],[-83.63150979196799,37.81479981545482],[-83.63153253519674,37.81479981545482],[-83.6315552784255,37.8150153707801],[-83.63150979196799,37.8150153707801],[-83.63148704873925,37.81479981545482],[-83.63144156228174,37.81476388950607]]]}},{"type":"Feature","properties":{"kind":"sunrise","strength":1.0,"hard":true},"geometry":{"type":"Polygon","coordinates":[[[-83.63166899456924,37.81720681419438],[-83.63166899456924,37.817242738954285],[-83.631600764883,37.81722477657651],[-83.631600764883,37.81718885180787],[-83.63166899456924,37.81720681419438]]]}},{"type":"Feature","properties":{"kind":"sunrise","strength":1.0,"hard":true},"geometry":{"type":"Polygon","coordinates":[[[-83.63162350811174,37.821930770108416],[-83.63162350811174,37.82187688638438],[-83.63166899456924,37.82187688638438],[-83.6316462513405,37.821930770108416],[-83.63162350811174,37.821930770108416]]]}},{"type":"Feature","properties":{"kind":"sunrise","strength":1.0,"hard":true},"geometry":{"type":"Polygon","coordinates":[[[-83.6317372242555,37.82187688638438],[-83.6317372242555,37.82191280887145],[-83.63169173779801,37.82191280887145],[-83.63169173779801,37.82187688638438],[-83.6317372242555,37.82187688638438]]]}},{"type":"Feature","properties":{"kind":"sunrise","strength":1.0,"hard":true},"geometry":{"type":"Polygon","coordinates":[[[-83.63260146694805,37.82347542013636],[-83.63260146694805,37.82334969401708],[-83.63257872371929,37.82334969401708],[-83.63257872371929,37.823277850424184],[-83.63255598049055,37.823277850424184],[-83.63257872371929,37.823008436327974],[-83.63255598049055,37.823008436327974],[-83.63255598049055,37.82293659240289],[-83.6325332372618,37.82293659240289],[-83.6325332372618,37.82286474840786],[-83.63257872371929,37.822828826384125],[-83.63255598049055,37.822721060208],[-83.63232854820303,37.822559410648786],[-83.63228306174553,37.82245164407929],[-83.63223757528803,37.82241572185448],[-83.63223757528803,37.822343877352424],[-83.63221483205928,37.822343877352424],[-83.63219208883052,37.82227203278044],[-83.63214660237303,37.82225407162651],[-83.63212385914427,37.82214630461116],[-83.63207837268676,37.82212834342664],[-83.63207837268676,37.82209242104449],[-83.63203288622927,37.82207445984685],[-83.63203288622927,37.82203853743847],[-83.63198739977177,37.8220026150126],[-83.63194191331426,37.8220026150126],[-83.63194191331426,37.821966692569255],[-83.63189642685677,37.821930770108416],[-83.631782710713,37.82191280887145],[-83.63182819717052,37.82187688638438],[-83.63189642685677,37.821894847630105],[-83.63191917008551,37.821930770108416],[-83.63196465654302,37.821930770108416],[-83.63198739977177,37.821984653793116],[-83.63203288622927,37.821984653793116],[-83.63210111591553,37.82203853743847],[-83.63210111591553,37.82207445984685],[-83.63212385914427,37.82207445984685],[-83.63212385914427,37.82211038223775],[-83.63216934560177,37.82214630461116],[-83.63216934560177,37.822182226967094],[-83.63219208883052,37.822182226967094],[-83.63219208883052,37.82223611046822],[-83.63223757528803,37.82227203278044],[-83.63226031851678,37.822343877352424],[-83.63228306174553,37.822343877352424],[-83.6323058049743,37.82245164407929],[-83.63241952111804,37.8225414495648],[-83.63241952111804,37.82257737172841],[-83.63248775080429,37.82263125494104],[-83.6325332372618,37.82263125494104],[-83.63255598049055,37.82268513811434],[-83.63260146694805,37.822703099163355],[-83.63260146694805,37.82277494331573],[-83.63262421017679,37.82277494331573],[-83.63260146694805,37.822954553390716],[-83.63262421017679,37.822954553390716],[-83.63262421017679,37.82304435826429],[-83.63264695340555,37.82304435826429],[-83.63262421017679,37.823331733125414],[-83.63266969663431,37.823367654904374],[-83.63266969663431,37.82345745927529],[-83.63262421017679,37.82349338099306],[-83.63262421017679,37.823565224376146],[-83.63255598049055,37.82354726353693],[-83.63257872371929,37.82347542013636],[-83.63260146694805,37.82347542013636]]]}},{"type":"Feature","properties":{"kind":"sunrise","strength":1.0,"hard":true},"geometry":{"type":"Polygon","coordinates":[[[-83.6327151830918,37.818679715014234],[-83.6327151830918,37.818643790953665],[-83.63269243986305,37.818643790953665],[-83.63269243986305,37.81841028413375],[-83.63266969663431,37.81841028413375],[-83.63262421017679,37.81814085226984],[-83.63260146694805,37.81814085226984],[-83.63260146694805,37.81808696577905],[-83.63255598049055,37.818051041429996],[-83.63255598049055,37.81797919267945],[-83.63251049403306,37.81794326827794],[-83.63251049403306,37.81788938164293],[-83.63248775080429,37.81788938164293],[-83.6323967778893,37.81770975924206],[-83.63235129143177,37.81769179697793],[-83.63235129143177,37.817584023301386],[-83.63212385914427,37.817404400157486],[-83.63196465654302,37.817404400157486],[-83.63191917008551,37.81731458842163],[-83.63185094039926,37.817296626061356],[-83.63180545394175,37.817242738954285],[-83.63194191331426,37.8172786636967],[-83.63198739977177,37.81731458842163],[-83.63201014300053,37.81738643781907],[-83.63212385914427,37.81736847547626],[-83.63219208883052,37.81742236249155],[-83.63223757528803,37.81742236249155],[-83.63237403466054,37.81754809870758],[-83.63241952111804,37.81769179697793],[-83.63246500757553,37.81772772150181],[-83.63248775080429,37.81779957049713],[-83.63255598049055,37.817853457197714],[-83.63255598049055,37.81792530607065],[-83.63260146694805,37.81796123048088],[-83.63260146694805,37.81803307924893],[-83.63262421017679,37.81803307924893],[-83.63262421017679,37.818069003606716],[-83.63266969663431,37.818104927947026],[-83.63266969663431,37.818176776575186],[-83.63269243986305,37.818176776575186],[-83.63269243986305,37.81824862513342],[-83.6327151830918,37.81824862513342],[-83.63273792632056,37.818625828916815],[-83.6327606695493,37.818625828916815],[-83.6327606695493,37.81866175298613],[-83.63273792632056,37.81866175298613],[-83.63273792632056,37.818715639057324],[-83.6327151830918,37.818715639057324],[-83.6327151830918,37.81880544908857],[-83.63269243986305,37.81880544908857],[-83.63269243986305,37.81884137307046],[-83.63264695340555,37.81884137307046],[-83.63266969663431,37.81869767703797],[-83.6327151830918,37.818679715014234]]]}},{"type":"Feature","properties":{"kind":"sunrise","strength":1.0,"hard":true},"geometry":{"type":"Polygon","coordinates":[[[-83.63248775080429,37.820799203642665],[-83.63251049403306,37.82085308815346],[-83.63244226434679,37.82085308815346],[-83.63241952111804,37.82078124213033],[-83.63248775080429,37.820799203642665]]]}},{"type":"Feature","properties":{"kind":"sunrise","strength":1.0,"hard":true},"geometry":{"type":"Polygon","coordinates":[[[-83.63248775080429,37.82072735756707],[-83.63251049403306,37.82074531909253],[-83.63262421017679,37.82076328061361],[-83.63262421017679,37.820799203642665],[-83.63248775080429,37.82076328061361],[-83.63248775080429,37.82072735756707]]]}},{"type":"Feature","properties":{"kind":"sunrise","strength":1.0,"hard":true},"geometry":{"type":"Polygon","coordinates":[[[-83.63296535860808,37.82083512665424],[-83.63291987215058,37.820799203642665],[-83.63282889923556,37.82078124213033],[-83.63282889923556,37.82076328061361],[-83.63289712892181,37.82074531909253],[-83.63289712892181,37.82076328061361],[-83.63298810183682,37.82078124213033],[-83.63303358829431,37.820871049648325],[-83.63307907475183,37.820871049648325],[-83.63307907475183,37.82090697262492],[-83.63301084506556,37.82090697262492],[-83.63296535860808,37.820871049648325],[-83.63296535860808,37.82083512665424]]]}},{"type":"Feature","properties":{"kind":"sunrise","strength":1.0,"hard":true},"geometry":{"type":"Polygon","coordinates":[[[-83.63314730443808,37.81550036796083],[-83.63312456120931,37.81555425633979],[-83.63296535860808,37.81557221912403],[-83.63296535860808,37.81553629355117],[-83.63314730443808,37.81550036796083]]]}},{"type":"Feature","properties":{"kind":"sunrise","strength":1.0,"hard":true},"geometry":{"type":"Polygon","coordinates":[[[-83.63314730443808,37.81559018190389],[-83.63314730443808,37.815626107450534],[-83.63301084506556,37.8156440702173],[-83.63303358829431,37.8156081446794],[-83.63314730443808,37.81559018190389]]]}},{"type":"Feature","properties":{"kind":"sunrise","strength":1.0,"hard":true},"geometry":{"type":"Polygon","coordinates":[[[-83.63321553412433,37.815464442353],[-83.63319279089558,37.815482405159095],[-83.63314730443808,37.815482405159095],[-83.63317004766682,37.8154285167277],[-83.63321553412433,37.8154285167277],[-83.63321553412433,37.815464442353]]]}},{"type":"Feature","properties":{"kind":"sunrise","strength":1.0,"hard":true},"geometry":{"type":"Polygon","coordinates":[[[-83.63355668255561,37.82128416282369],[-83.63348845286934,37.821140471546684],[-83.63344296641183,37.82112251011739],[-83.63344296641183,37.82106862580327],[-83.63339747995434,37.821050664356505],[-83.63339747995434,37.82101474144984],[-83.63330650703932,37.82099677998994],[-83.63326102058184,37.820942895584054],[-83.63319279089558,37.820942895584054],[-83.63314730443808,37.8208890111388],[-83.63326102058184,37.82090697262492],[-83.63326102058184,37.82092493410667],[-83.63330650703932,37.82092493410667],[-83.63330650703932,37.820942895584054],[-83.63335199349685,37.820942895584054],[-83.63337473672559,37.82097881852568],[-83.63344296641183,37.82099677998994],[-83.63344296641183,37.82103270290535],[-83.6334657096406,37.82103270290535],[-83.6334657096406,37.82106862580327],[-83.63348845286934,37.82106862580327],[-83.63348845286934,37.82110454868373],[-83.63353393932684,37.821140471546684],[-83.63355668255561,37.82123027862759],[-83.63367039869935,37.82128416282369],[-83.6336931419281,37.82135600835729],[-83.6336476554706,37.82135600835729],[-83.6336021690131,37.82128416282369],[-83.63355668255561,37.82128416282369]]]}},{"type":"Feature","properties":{"kind":"sunrise","strength":1.0,"hard":true},"geometry":{"type":"Polygon","coordinates":[[[-83.63328376381058,37.8156081446794],[-83.63326102058184,37.81566203297968],[-83.63319279089558,37.8156799957377],[-83.63319279089558,37.8156440702173],[-83.63323827735309,37.8156081446794],[-83.63328376381058,37.8156081446794]]]}},{"type":"Feature","properties":{"kind":"sunrise","strength":1.0,"hard":true},"geometry":{"type":"Polygon","coordinates":[[[-83.63335199349685,37.8156081446794],[-83.63342022318308,37.81559018190389],[-83.6334657096406,37.815626107450534],[-83.63339747995434,37.815626107450534],[-83.63337473672559,37.81566203297968],[-83.63330650703932,37.81566203297968],[-83.63335199349685,37.8156081446794]]]}},{"type":"Feature","properties":{"kind":"sunrise","strength":1.0,"hard":true},"geometry":{"type":"Polygon","coordinates":[[[-83.63405703358812,37.82167931239304],[-83.63403429035938,37.82164338979233],[-83.63398880390187,37.82164338979233],[-83.63387508775813,37.821553583214076],[-83.63387508775813,37.821517660552175],[-83.63376137161437,37.821445815175935],[-83.63376137161437,37.82140989246159],[-83.63387508775813,37.821463776526556],[-83.63394331744436,37.821517660552175],[-83.6339660606731,37.82157154453847],[-83.63401154713063,37.82157154453847],[-83.63401154713063,37.82160746717415],[-83.63410252004563,37.82162542848542],[-83.63414800650312,37.82167931239304],[-83.63423897941813,37.82169727368683],[-83.63423897941813,37.821733196261306],[-83.63405703358812,37.82167931239304]]]}},{"type":"Feature","properties":{"kind":"sunrise","strength":1.0,"hard":true},"geometry":{"type":"Polygon","coordinates":[[[-83.63385234452936,37.8138836983009],[-83.6338296013006,37.8138836983009],[-83.63380685807186,37.813829808702536],[-83.63385234452936,37.813829808702536],[-83.63385234452936,37.81386573510582],[-83.63387508775813,37.81386573510582],[-83.63387508775813,37.81391962467796],[-83.63389783098687,37.81391962467796],[-83.63387508775813,37.813955551037544],[-83.6338296013006,37.81393758785993],[-83.63385234452936,37.8138836983009]]]}},{"type":"Feature","properties":{"kind":"sunrise","strength":1.0,"hard":true},"geometry":{"type":"Polygon","coordinates":[[[-83.63387508775813,37.81436870291613],[-83.63385234452936,37.81429685058159],[-83.63389783098687,37.81431481367178],[-83.63392057421562,37.814386665988835],[-83.6339660606731,37.814386665988835],[-83.63398880390187,37.81444055518073],[-83.63394331744436,37.81444055518073],[-83.63389783098687,37.81440462905717],[-83.63389783098687,37.81436870291613],[-83.63387508775813,37.81436870291613]]]}},{"type":"Feature","properties":{"kind":"sunrise","strength":1.0,"hard":true},"geometry":{"type":"Polygon","coordinates":[[[-83.63392057421562,37.81413518257319],[-83.63392057421562,37.81418907194866],[-83.63389783098687,37.81418907194866],[-83.63389783098687,37.81408129315839],[-83.63394331744436,37.81406333001138],[-83.63394331744436,37.81413518257319],[-83.63392057421562,37.81413518257319]]]}},{"type":"Feature","properties":{"kind":"sunrise","strength":1.0,"hard":true},"geometry":{"type":"Polygon","coordinates":[[[-83.63426172264687,37.82185892513429],[-83.63419349296063,37.82187688638438],[-83.63419349296063,37.82180504135781],[-83.63423897941813,37.82180504135781],[-83.63423897941813,37.821840963879836],[-83.63426172264687,37.821840963879836],[-83.63426172264687,37.82185892513429]]]}},{"type":"Feature","properties":{"kind":"sunrise","strength":1.0,"hard":true},"geometry":{"type":"Polygon","coordinates":[[[-83.63421623618939,37.821984653793116],[-83.63421623618939,37.821894847630105],[-83.63426172264687,37.821894847630105],[-83.63426172264687,37.821948731341024],[-83.63421623618939,37.821984653793116]]]}},{"type":"Feature","properties":{"kind":"sunrise","strength":1.0,"hard":true},"geometry":{"type":"Polygon","coordinates":[[[-83.63421623618939,37.81456629647552],[-83.63423897941813,37.81458425950016],[-83.63430720910439,37.81460222252041],[-83.63430720910439,37.81463814854783],[-83.63426172264687,37.81463814854783],[-83.63421623618939,37.81460222252041],[-83.63421623618939,37.81456629647552]]]}},{"type":"Feature","properties":{"kind":"sunrise","strength":1.0,"hard":true},"geometry":{"type":"Polygon","coordinates":[[[-83.63428446587565,37.82203853743847],[-83.63428446587565,37.82207445984685],[-83.63430720910439,37.82207445984685],[-83.63430720910439,37.82212834342664],[-83.63423897941813,37.82211038223775],[-83.63423897941813,37.82202057622772],[-83.63428446587565,37.82203853743847]]]}},{"type":"Feature","properties":{"kind":"sunrise","strength":1.0,"hard":true},"geometry":{"type":"Polygon","coordinates":[[[-83.6346256143069,37.81456629647552],[-83.63471658722192,37.81463814854783],[-83.63471658722192,37.81467407455775],[-83.63464835753565,37.81467407455775],[-83.63464835753565,37.81463814854783],[-83.63460287107816,37.81463814854783],[-83.63458012784942,37.81456629647552],[-83.6346256143069,37.81456629647552]]]}},{"type":"Feature","properties":{"kind":"sunrise","strength":1.0,"hard":true},"geometry":{"type":"Polygon","coordinates":[[[-83.6346256143069,37.8144944443333],[-83.63464835753565,37.814548333446524],[-83.63460287107816,37.814548333446524],[-83.63458012784942,37.8144944443333],[-83.6346256143069,37.8144944443333]]]}},{"type":"Feature","properties":{"kind":"sunrise","strength":1.0,"hard":true},"geometry":{"type":"Polygon","coordinates":[[[-83.63469384399318,37.81453037041315],[-83.63464835753565,37.81444055518073],[-83.63471658722192,37.81445851823596],[-83.63473933045066,37.81453037041315],[-83.63483030336567,37.81460222252041],[-83.63476207367941,37.814620185536306],[-83.63471658722192,37.81458425950016],[-83.63471658722192,37.81453037041315],[-83.63469384399318,37.81453037041315]]]}},{"type":"Feature","properties":{"kind":"sunrise","strength":1.0,"hard":true},"geometry":{"type":"Polygon","coordinates":[[[-83.63473933045066,37.81515907398064],[-83.63469384399318,37.81523092547601],[-83.6346711007644,37.81523092547601],[-83.6346711007644,37.81517703686104],[-83.63473933045066,37.81515907398064]]]}},{"type":"Feature","properties":{"kind":"sunrise","strength":1.0,"hard":true},"geometry":{"type":"Polygon","coordinates":[[[-83.63476207367941,37.81503333369546],[-83.63478481690815,37.814979444936256],[-83.6348075601369,37.814979444936256],[-83.6348075601369,37.81487166729984],[-83.63478481690815,37.81487166729984],[-83.63473933045066,37.814727963539866],[-83.63478481690815,37.814727963539866],[-83.6348075601369,37.81478185248264],[-83.63483030336567,37.81478185248264],[-83.63485304659442,37.814979444936256],[-83.6348075601369,37.8150153707801],[-83.63478481690815,37.815087222415336],[-83.63473933045066,37.81512314820672],[-83.63469384399318,37.81512314820672],[-83.63469384399318,37.815087222415336],[-83.63476207367941,37.81503333369546]]]}},{"type":"Feature","properties":{"kind":"sunrise","strength":1.0,"hard":true},"geometry":{"type":"Polygon","coordinates":[[[-83.63471658722192,37.815374628256954],[-83.63489853305191,37.81523092547601],[-83.63489853305191,37.81517703686104],[-83.63492127628066,37.81517703686104],[-83.63492127628066,37.81512314820672],[-83.63494401950942,37.81512314820672],[-83.63494401950942,37.81503333369546],[-83.63496676273817,37.81503333369546],[-83.63496676273817,37.81476388950607],[-83.63494401950942,37.81476388950607],[-83.63494401950942,37.8147100005502],[-83.63492127628066,37.8147100005502],[-83.63492127628066,37.81467407455775],[-83.63494401950942,37.81467407455775],[-83.63498950596693,37.8147100005502],[-83.63498950596693,37.81474592652515],[-83.63501224919568,37.81474592652515],[-83.63503499242442,37.8150153707801],[-83.63498950596693,37.815051296606455],[-83.63498950596693,37.81512314820672],[-83.63496676273817,37.81512314820672],[-83.63496676273817,37.81517703686104],[-83.63494401950942,37.81517703686104],[-83.63494401950942,37.81523092547601],[-83.63489853305191,37.815266851197464],[-83.63489853305191,37.81530277690145],[-83.63478481690815,37.81539259108491],[-83.63471658722192,37.81541055390849],[-83.63471658722192,37.815374628256954]]]}},{"type":"Feature","properties":{"kind":"sunrise","strength":1.0,"hard":true},"geometry":{"type":"Polygon","coordinates":[[[-83.63571728928696,37.813021460006716],[-83.6356945460582,37.813021460006716],[-83.6356945460582,37.8129855331926],[-83.63576277574447,37.81300349660184],[-83.63580826220196,37.81309331358251],[-83.63576277574447,37.81309331358251],[-83.63571728928696,37.813057386803365],[-83.63571728928696,37.813021460006716]]]}},{"type":"Feature","properties":{"kind":"sunrise","strength":1.0,"hard":true},"geometry":{"type":"Polygon","coordinates":[[[-83.63594472157449,37.813111276965536],[-83.63585374865947,37.813039423407226],[-83.63592197834572,37.813039423407226],[-83.63599020803197,37.81309331358251],[-83.63599020803197,37.81320109381508],[-83.63594472157449,37.81316516708838],[-83.63594472157449,37.813111276965536]]]}},{"type":"Feature","properties":{"kind":"sunrise","strength":1.0,"hard":true},"geometry":{"type":"Polygon","coordinates":[[[-83.63596746480323,37.813021460006716],[-83.63594472157449,37.8129855331926],[-83.63601295126072,37.8129855331926],[-83.63601295126072,37.81300349660184],[-83.63608118094699,37.813021460006716],[-83.63608118094699,37.813057386803365],[-83.63612666740448,37.81309331358251],[-83.63610392417573,37.81316516708838],[-83.63605843771823,37.81316516708838],[-83.63603569448946,37.813039423407226],[-83.63596746480323,37.813021460006716]]]}},{"type":"Feature","properties":{"kind":"sunrise","strength":1.0,"hard":true},"geometry":{"type":"Polygon","coordinates":[[[-83.63596746480323,37.815464442353],[-83.63601295126072,37.815464442353],[-83.63601295126072,37.81551833075819],[-83.63596746480323,37.81551833075819],[-83.63596746480323,37.815464442353]]]}},{"type":"Feature","properties":{"kind":"sunrise","strength":1.0,"hard":true},"geometry":{"type":"Polygon","coordinates":[[[-83.63603569448946,37.81576980946224],[-83.63614941063322,37.81571592124063],[-83.63621764031949,37.81571592124063],[-83.63621764031949,37.81575184672607],[-83.63614941063322,37.81576980946224],[-83.63614941063322,37.81580573492146],[-83.63601295126072,37.81580573492146],[-83.63603569448946,37.81576980946224]]]}},{"type":"Feature","properties":{"kind":"sunrise","strength":1.0,"hard":true},"geometry":{"type":"Polygon","coordinates":[[[-83.63614941063322,37.81555425633979],[-83.63614941063322,37.81553629355117],[-83.63608118094699,37.81551833075819],[-83.63605843771823,37.8154285167277],[-83.63610392417573,37.8154285167277],[-83.63612666740448,37.81550036796083],[-83.63628587000574,37.81555425633979],[-83.63630861323449,37.815626107450534],[-83.636263126777,37.8156440702173],[-83.636263126777,37.81559018190389],[-83.63621764031949,37.81555425633979],[-83.63614941063322,37.81555425633979]]]}},{"type":"Feature","properties":{"kind":"sunrise","strength":1.0,"hard":true},"geometry":{"type":"Polygon","coordinates":[[[-83.63610392417573,37.81341665380821],[-83.63614941063322,37.813452580412545],[-83.63624038354824,37.813452580412545],[-83.63624038354824,37.813470543708156],[-83.63619489709075,37.813470543708156],[-83.63619489709075,37.81348850699939],[-83.63612666740448,37.813470543708156],[-83.63610392417573,37.81341665380821]]]}},{"type":"Feature","properties":{"kind":"sunrise","strength":1.0,"hard":true},"geometry":{"type":"Polygon","coordinates":[[[-83.63612666740448,37.81327294721606],[-83.63614941063322,37.81329091055538],[-83.63621764031949,37.81330887389033],[-83.63621764031949,37.8133448005471],[-83.63617215386198,37.81330887389033],[-83.63612666740448,37.81330887389033],[-83.63612666740448,37.81327294721606]]]}},{"type":"Feature","properties":{"kind":"sunrise","strength":1.0,"hard":true},"geometry":{"type":"Polygon","coordinates":[[[-83.63628587000574,37.81330887389033],[-83.63628587000574,37.81327294721606],[-83.63624038354824,37.81323702052432],[-83.63624038354824,37.81316516708838],[-83.63621764031949,37.81316516708838],[-83.63624038354824,37.81307535019512],[-83.636263126777,37.81307535019512],[-83.636263126777,37.81316516708838],[-83.63628587000574,37.81316516708838],[-83.63628587000574,37.813219057171885],[-83.63630861323449,37.813219057171885],[-83.63630861323449,37.81327294721606],[-83.636354099692,37.81330887389033],[-83.636354099692,37.81336276386894],[-83.6363995861495,37.8133807271864],[-83.63637684292075,37.81341665380821],[-83.63633135646324,37.8133807271864],[-83.63633135646324,37.81332683722089],[-83.63628587000574,37.81330887389033]]]}},{"type":"Feature","properties":{"kind":"sunrise","strength":1.0,"hard":true},"geometry":{"type":"Polygon","coordinates":[[[-83.63642232937825,37.81327294721606],[-83.636354099692,37.813219057171885],[-83.63633135646324,37.81307535019512],[-83.636354099692,37.81307535019512],[-83.63637684292075,37.813147203718465],[-83.6363995861495,37.813147203718465],[-83.6363995861495,37.813219057171885],[-83.63646781583576,37.813254983872376],[-83.63646781583576,37.81329091055538],[-83.63651330229325,37.81332683722089],[-83.63651330229325,37.8133807271864],[-83.63646781583576,37.8133807271864],[-83.63646781583576,37.81332683722089],[-83.63644507260699,37.81332683722089],[-83.63642232937825,37.81327294721606]]]}},{"type":"Feature","properties":{"kind":"sunrise","strength":1.0,"hard":true},"geometry":{"type":"Polygon","coordinates":[[[-83.63644507260699,37.81352443356876],[-83.63644507260699,37.81357832339004],[-83.63642232937825,37.81357832339004],[-83.6363995861495,37.81348850699939],[-83.63644507260699,37.81352443356876]]]}},{"type":"Feature","properties":{"kind":"sunrise","strength":1.0,"hard":true},"geometry":{"type":"Polygon","coordinates":[[[-83.63644507260699,37.81391962467796],[-83.63651330229325,37.81390166149162],[-83.63644507260699,37.81402740370425],[-83.6363995861495,37.81402740370425],[-83.63644507260699,37.81391962467796]]]}},{"type":"Feature","properties":{"kind":"sunrise","strength":1.0,"hard":true},"geometry":{"type":"Polygon","coordinates":[[[-83.63651330229325,37.81406333001138],[-83.63649055906451,37.814117219439304],[-83.63642232937825,37.81413518257319],[-83.63644507260699,37.81408129315839],[-83.63651330229325,37.81406333001138]]]}},{"type":"Feature","properties":{"kind":"sunrise","strength":1.0,"hard":true},"geometry":{"type":"Polygon","coordinates":[[[-83.63651330229325,37.813614249915695],[-83.63649055906451,37.81359628665505],[-83.63646781583576,37.81357832339004],[-83.63651330229325,37.81357832339004],[-83.63651330229325,37.813614249915695]]]}},{"type":"Feature","properties":{"kind":"sunset","strength":0.25,"hard":false},"geometry":{"type":"Polygon","coordinates":[[[-83.61779562503101,37.820583665206094],[-83.61768190888726,37.82052978049861],[-83.61749996305726,37.820547742072144],[-83.61749996305726,37.82045793416076],[-83.61756819274352,37.82043997256537],[-83.61756819274352,37.82038608775297],[-83.61765916565851,37.82027831801018],[-83.61786385471729,37.82022443307978],[-83.61795482763229,37.820134624775015],[-83.61800031408978,37.820134624775015],[-83.61775013857353,37.820314241275256],[-83.61775013857353,37.8203681261401],[-83.61797757086103,37.8203681261401],[-83.61804580054728,37.82045793416076],[-83.61790934117477,37.82051181892069],[-83.61800031408978,37.82043997256537],[-83.61797757086103,37.82040404936147],[-83.61770465211602,37.82043997256537],[-83.61768190888726,37.82049385733841],[-83.61779562503101,37.820583665206094]]]}},{"type":"Feature","properties":{"kind":"sunset","strength":0.25,"hard":false},"geometry":{"type":"Polygon","coordinates":[[[-83.61772739534476,37.819667619828806],[-83.61756819274352,37.81948800175505],[-83.61759093597226,37.81938023070099],[-83.61777288180227,37.81923653571749],[-83.61795482763229,37.819164688120836],[-83.61775013857353,37.81930838324421],[-83.61777288180227,37.819398192554274],[-83.61790934117477,37.81938023070099],[-83.61790934117477,37.8194341162477],[-83.61781836825978,37.8195059635821],[-83.61779562503101,37.81957781084657],[-83.61784111148852,37.81961373445258],[-83.61793208440352,37.81959577265176],[-83.61811403023354,37.81945207808785],[-83.61815951669104,37.81947003992364],[-83.61788659794603,37.819667619828806],[-83.61772739534476,37.819667619828806]]]}},{"type":"Feature","properties":{"kind":"sunset","strength":0.25,"hard":false},"geometry":{"type":"Polygon","coordinates":[[[-83.61797757086103,37.819146726210754],[-83.61811403023354,37.81902099271773],[-83.61815951669104,37.81902099271773],[-83.61802305731852,37.819146726210754],[-83.61797757086103,37.819146726210754]]]}},{"type":"Feature","properties":{"kind":"sunset","strength":0.25,"hard":false},"geometry":{"type":"Polygon","coordinates":[[[-83.61809128700479,37.82171523497626],[-83.61809128700479,37.82160746717415],[-83.61813677346228,37.821553583214076],[-83.61836420574981,37.82142785382095],[-83.61850066512231,37.82140989246159],[-83.6184551786648,37.82130212421364],[-83.61850066512231,37.82108658724569],[-83.61850066512231,37.82130212421364],[-83.6185461515798,37.821338046980436],[-83.61879632709608,37.82137396972976],[-83.61895552969733,37.821463776526556],[-83.61904650261233,37.821463776526556],[-83.61922844844234,37.82139193109786],[-83.61922844844234,37.821463776526556],[-83.61916021875608,37.821517660552175],[-83.61900101615483,37.82153562188531],[-83.61900101615483,37.82162542848542],[-83.61909198906983,37.82167931239304],[-83.61906924584109,37.821733196261306],[-83.61900101615483,37.82164338979233],[-83.61888730001107,37.82160746717415],[-83.61884181355357,37.821517660552175],[-83.61875084063857,37.8214817378728],[-83.61872809740981,37.821517660552175],[-83.61886455678231,37.82158950585849],[-83.61884181355357,37.8217691188183],[-83.61884181355357,37.82164338979233],[-83.61879632709608,37.82158950585849],[-83.61850066512231,37.82153562188531],[-83.61847792189354,37.82149969921468],[-83.61831871929229,37.82149969921468],[-83.61813677346228,37.82160746717415],[-83.61813677346228,37.821733196261306],[-83.61818225991979,37.821787080090246],[-83.61809128700479,37.82171523497626]],[[-83.61868261095232,37.821463776526556],[-83.61870535418107,37.8214817378728],[-83.61870535418107,37.821463776526556],[-83.61868261095232,37.821463776526556]],[[-83.6192057052136,37.82142785382095],[-83.61916021875608,37.82142785382095],[-83.61909198906983,37.82149969921468],[-83.61913747552734,37.82149969921468],[-83.6192057052136,37.82142785382095]]]}},{"type":"Feature","properties":{"kind":"sunset","strength":0.25,"hard":false},"geometry":{"type":"Polygon","coordinates":[[[-83.6184551786648,37.8230623192259],[-83.61815951669104,37.8227929043429],[-83.61813677346228,37.82264921600317],[-83.61831871929229,37.82259533280366],[-83.61838694897855,37.82246960518513],[-83.61875084063857,37.822182226967094],[-83.61875084063857,37.82221814930555],[-83.6185461515798,37.82239776073553],[-83.6185461515798,37.8225414495648],[-83.61838694897855,37.82263125494104],[-83.61836420574981,37.82291863141069],[-83.61856889480855,37.82311620208448],[-83.6184551786648,37.8230623192259]]]}},{"type":"Feature","properties":{"kind":"sunset","strength":0.25,"hard":false},"geometry":{"type":"Polygon","coordinates":[[[-83.61815951669104,37.82000889296477],[-83.6182732328348,37.81990112267125],[-83.61831871929229,37.819883160940364],[-83.6182277463773,37.81999093126012],[-83.61815951669104,37.82000889296477]]]}},{"type":"Feature","properties":{"kind":"sunset","strength":0.25,"hard":false},"geometry":{"type":"Polygon","coordinates":[[[-83.61825048960604,37.820314241275256],[-83.61820500314853,37.82033220290125],[-83.61815951669104,37.820242394727615],[-83.6182277463773,37.820242394727615],[-83.6182732328348,37.82027831801018],[-83.61825048960604,37.820314241275256]],[[-83.61825048960604,37.820314241275256],[-83.6182277463773,37.8202962796449],[-83.6182277463773,37.820314241275256],[-83.61825048960604,37.820314241275256]],[[-83.61820500314853,37.8202962796449],[-83.6182277463773,37.82027831801018],[-83.61820500314853,37.82027831801018],[-83.61820500314853,37.8202962796449]],[[-83.61818225991979,37.82027831801018],[-83.61820500314853,37.82026035637109],[-83.61818225991979,37.82026035637109],[-83.61818225991979,37.82027831801018]]]}},{"type":"Feature","properties":{"kind":"sunset","strength":0.25,"hard":false},"geometry":{"type":"Polygon","coordinates":[[[-83.61856889480855,37.81981131397312],[-83.61856889480855,37.8196496580411],[-83.6182732328348,37.8194341162477],[-83.61818225991979,37.8194341162477],[-83.61820500314853,37.819398192554274],[-83.61829597606355,37.819416154403164],[-83.61843243543605,37.8195059635821],[-83.61852340835107,37.8195059635821],[-83.61852340835107,37.819541887223075],[-83.61865986772357,37.81959577265176],[-83.61870535418107,37.819667619828806],[-83.61877358386734,37.819667619828806],[-83.61877358386734,37.819703543391114],[-83.61865986772357,37.81977539046326],[-83.61863712449482,37.81984723746548],[-83.61836420574981,37.81986519920511],[-83.6184551786648,37.81984723746548],[-83.61847792189354,37.81981131397312],[-83.61856889480855,37.81981131397312]]]}},{"type":"Feature","properties":{"kind":"sunset","strength":0.25,"hard":false},"geometry":{"type":"Polygon","coordinates":[[[-83.6182277463773,37.82185892513429],[-83.61825048960604,37.82182300262102],[-83.61831871929229,37.82191280887145],[-83.61829597606355,37.82191280887145],[-83.6182277463773,37.82185892513429]]]}},{"type":"Feature","properties":{"kind":"sunset","strength":0.25,"hard":false},"geometry":{"type":"Polygon","coordinates":[[[-83.61927393489984,37.82494819586948],[-83.61927393489984,37.82491227485982],[-83.6192057052136,37.82491227485982],[-83.61922844844234,37.82487635383268],[-83.61929667812859,37.824894314348434],[-83.61929667812859,37.82496615636775],[-83.6192057052136,37.82502003783634],[-83.6192057052136,37.82498411686166],[-83.61927393489984,37.82494819586948]]]}},{"type":"Feature","properties":{"kind":"sunset","strength":0.25,"hard":false},"geometry":{"type":"Polygon","coordinates":[[[-83.6192057052136,37.82491227485982],[-83.61906924584109,37.82502003783634],[-83.61906924584109,37.82505595879356],[-83.61918296198485,37.825037998317136],[-83.61916021875608,37.825073919265606],[-83.61891004323984,37.82509187973328],[-83.61870535418107,37.825037998317136],[-83.61856889480855,37.82505595879356],[-83.61856889480855,37.82512780065552],[-83.61861438126606,37.82516372156027],[-83.61881907032483,37.82523556331733],[-83.61884181355357,37.82527148416963],[-83.61852340835107,37.82516372156027],[-83.61834146252104,37.82502003783634],[-83.61834146252104,37.82496615636775],[-83.61838694897855,37.824930235366836],[-83.61850066512231,37.824930235366836],[-83.61886455678231,37.82460694557177],[-83.61888730001107,37.82464286673005],[-83.61868261095232,37.82482247225917],[-83.61872809740981,37.82494819586948],[-83.61877358386734,37.82494819586948],[-83.61884181355357,37.825037998317136],[-83.61900101615483,37.825037998317136],[-83.61916021875608,37.82491227485982],[-83.6192057052136,37.82491227485982]]]}},{"type":"Feature","properties":{"kind":"sunset","strength":0.25,"hard":false},"geometry":{"type":"Polygon","coordinates":[[[-83.61838694897855,37.824301615020495],[-83.61843243543605,37.82422977235426],[-83.61868261095232,37.8240322046615],[-83.61872809740981,37.82387055797402],[-83.61881907032483,37.82379871488817],[-83.61881907032483,37.82374483252788],[-83.61870535418107,37.82367298931963],[-83.61875084063857,37.82365502850665],[-83.61888730001107,37.82376279331901],[-83.61888730001107,37.82379871488817],[-83.61895552969733,37.823816675666194],[-83.61895552969733,37.82387055797402],[-83.61865986772357,37.824068126099526],[-83.61859163803732,37.82421181167677],[-83.61879632709608,37.82421181167677],[-83.61888730001107,37.82431957567612],[-83.61879632709608,37.82424773302738],[-83.61870535418107,37.82424773302738],[-83.61859163803732,37.824355496974285],[-83.61840969220731,37.824409378888724],[-83.61838694897855,37.824301615020495]]]}},{"type":"Feature","properties":{"kind":"sunset","strength":0.25,"hard":false},"geometry":{"type":"Polygon","coordinates":[[[-83.61861438126606,37.82097881852568],[-83.61865986772357,37.82099677998994],[-83.61856889480855,37.821050664356505],[-83.61856889480855,37.82101474144984],[-83.61861438126606,37.82097881852568]]]}},{"type":"Feature","properties":{"kind":"sunset","strength":0.25,"hard":false},"geometry":{"type":"Polygon","coordinates":[[[-83.61868261095232,37.82345745927529],[-83.61865986772357,37.823565224376146],[-83.61863712449482,37.823565224376146],[-83.61863712449482,37.82347542013636],[-83.61868261095232,37.82345745927529]]]}},{"type":"Feature","properties":{"kind":"sunset","strength":0.25,"hard":false},"geometry":{"type":"Polygon","coordinates":[[[-83.61875084063857,37.81923653571749],[-83.61870535418107,37.81929042136908],[-83.61863712449482,37.81927245948959],[-83.61863712449482,37.81923653571749],[-83.61875084063857,37.81923653571749]]]}},{"type":"Feature","properties":{"kind":"sunset","strength":0.25,"hard":false},"geometry":{"type":"Polygon","coordinates":[[[-83.61868261095232,37.82185892513429],[-83.61877358386734,37.82180504135781],[-83.61877358386734,37.821840963879836],[-83.61868261095232,37.821894847630105],[-83.61868261095232,37.82185892513429]]]}},{"type":"Feature","properties":{"kind":"sunset","strength":0.25,"hard":false},"geometry":{"type":"Polygon","coordinates":[[[-83.61879632709608,37.82334969401708],[-83.61870535418107,37.823277850424184],[-83.61870535418107,37.82324192860152],[-83.61881907032483,37.823313772229376],[-83.61881907032483,37.823367654904374],[-83.61872809740981,37.823421537540035],[-83.61872809740981,37.8233856157873],[-83.61879632709608,37.82334969401708]]]}},{"type":"Feature","properties":{"kind":"sunset","strength":0.25,"hard":false},"geometry":{"type":"Polygon","coordinates":[[[-83.61902375938358,37.825451088168876],[-83.61888730001107,37.825307405004445],[-83.61906924584109,37.825451088168876],[-83.61902375938358,37.825451088168876]]]}},{"type":"Feature","properties":{"kind":"sunset","strength":0.25,"hard":false},"geometry":{"type":"Polygon","coordinates":[[[-83.61888730001107,37.82203853743847],[-83.61897827292607,37.821984653793116],[-83.61897827292607,37.82202057622772],[-83.61888730001107,37.82207445984685],[-83.61888730001107,37.82203853743847]]]}},{"type":"Feature","properties":{"kind":"sunset","strength":0.25,"hard":false},"geometry":{"type":"Polygon","coordinates":[[[-83.61893278646858,37.81506925951307],[-83.61893278646858,37.81503333369546],[-83.61906924584109,37.81503333369546],[-83.61909198906983,37.815141111095855],[-83.61904650261233,37.815141111095855],[-83.61904650261233,37.81506925951307],[-83.61893278646858,37.81506925951307]]]}},{"type":"Feature","properties":{"kind":"sunset","strength":0.25,"hard":false},"geometry":{"type":"Polygon","coordinates":[[[-83.61906924584109,37.824427339518124],[-83.61906924584109,37.82448122138012],[-83.61902375938358,37.82449918199204],[-83.61902375938358,37.824427339518124],[-83.61906924584109,37.824427339518124]]]}},{"type":"Feature","properties":{"kind":"sunset","strength":0.25,"hard":false},"geometry":{"type":"Polygon","coordinates":[[[-83.61916021875608,37.82264921600317],[-83.61909198906983,37.822667177060936],[-83.61913747552734,37.822703099163355],[-83.6191147322986,37.82273902124829],[-83.61906924584109,37.82264921600317],[-83.61916021875608,37.82264921600317]]]}},{"type":"Feature","properties":{"kind":"sunset","strength":0.25,"hard":false},"geometry":{"type":"Polygon","coordinates":[[[-83.6192057052136,37.823780754105776],[-83.61927393489984,37.82354726353693],[-83.61918296198485,37.823439498409854],[-83.61936490781486,37.82358318521098],[-83.6193876510436,37.82367298931963],[-83.61954685364486,37.82361910686756],[-83.61945588072986,37.82369095012826],[-83.61941039427235,37.82379871488817],[-83.6192057052136,37.823780754105776]],[[-83.6192511916711,37.82376279331901],[-83.6193421645861,37.82376279331901],[-83.6193421645861,37.823726871732376],[-83.61927393489984,37.8237089109325],[-83.6192511916711,37.82376279331901]]]}},{"type":"Feature","properties":{"kind":"sunset","strength":0.25,"hard":false},"geometry":{"type":"Polygon","coordinates":[[[-83.61929667812859,37.821338046980436],[-83.6193421645861,37.82128416282369],[-83.61936490781486,37.82135600835729],[-83.61929667812859,37.821338046980436]]]}},{"type":"Feature","properties":{"kind":"sunset","strength":0.25,"hard":false},"geometry":{"type":"Polygon","coordinates":[[[-83.61941039427235,37.821787080090246],[-83.6194331375011,37.82187688638438],[-83.61945588072986,37.821894847630105],[-83.61941039427235,37.821894847630105],[-83.6193876510436,37.82180504135781],[-83.61929667812859,37.82180504135781],[-83.61941039427235,37.821787080090246]]]}},{"type":"Feature","properties":{"kind":"sunset","strength":0.25,"hard":false},"geometry":{"type":"Polygon","coordinates":[[[-83.61952411041611,37.8194341162477],[-83.61947862395861,37.81948800175505],[-83.61941039427235,37.81948800175505],[-83.61941039427235,37.81945207808785],[-83.61952411041611,37.8194341162477]]]}},{"type":"Feature","properties":{"kind":"sunset","strength":0.25,"hard":false},"geometry":{"type":"Polygon","coordinates":[[[-83.61975154270363,37.81972150516571],[-83.61970605624612,37.819757428701784],[-83.61950136718735,37.819757428701784],[-83.61950136718735,37.81972150516571],[-83.61975154270363,37.81972150516571]]]}},{"type":"Feature","properties":{"kind":"sunset","strength":0.25,"hard":false},"geometry":{"type":"Polygon","coordinates":[[[-83.61986525884738,37.82354726353693],[-83.61966056978862,37.82354726353693],[-83.61961508333113,37.823565224376146],[-83.61963782655987,37.823529302693345],[-83.61986525884738,37.82354726353693]]]}},{"type":"Feature","properties":{"kind":"sunset","strength":0.25,"hard":false},"geometry":{"type":"Polygon","coordinates":[[[-83.62047932602366,37.819631696249026],[-83.62029738019365,37.81968558161214],[-83.62029738019365,37.81973946693593],[-83.62036560987991,37.81977539046326],[-83.62020640727864,37.819757428701784],[-83.62022915050738,37.8196496580411],[-83.62047932602366,37.819631696249026]]]}},{"type":"Feature","properties":{"kind":"sunset","strength":0.25,"hard":false},"geometry":{"type":"Polygon","coordinates":[[[-83.62036560987991,37.823565224376146],[-83.62050206925241,37.823277850424184],[-83.62052481248116,37.823313772229376],[-83.62045658279492,37.823403576665854],[-83.62047932602366,37.82351134184539],[-83.62059304216741,37.823529302693345],[-83.62075224476867,37.82345745927529],[-83.62054755570992,37.823601146041455],[-83.6204110963374,37.823601146041455],[-83.62036560987991,37.823565224376146]]]}},{"type":"Feature","properties":{"kind":"sunset","strength":0.25,"hard":false},"geometry":{"type":"Polygon","coordinates":[[[-83.62102516351369,37.82396036173299],[-83.62082047445493,37.823780754105776],[-83.62075224476867,37.823780754105776],[-83.62063852862491,37.8237089109325],[-83.62063852862491,37.8236370676893],[-83.62082047445493,37.82358318521098],[-83.62082047445493,37.82354726353693],[-83.62104790674243,37.8233856157873],[-83.62084321768369,37.82361910686756],[-83.62088870414118,37.82367298931963],[-83.62088870414118,37.82379871488817],[-83.62102516351369,37.82396036173299]]]}},{"type":"Feature","properties":{"kind":"sunset","strength":0.25,"hard":false},"geometry":{"type":"Polygon","coordinates":[[[-83.62088870414118,37.82334969401708],[-83.62086596091244,37.823403576665854],[-83.62079773122619,37.823421537540035],[-83.62082047445493,37.8233856157873],[-83.62088870414118,37.82334969401708]]]}},{"type":"Feature","properties":{"kind":"sunset","strength":0.25,"hard":false},"geometry":{"type":"Polygon","coordinates":[[[-83.62134356871621,37.82354726353693],[-83.62120710934371,37.82351134184539],[-83.62120710934371,37.82349338099306],[-83.6212980822587,37.82349338099306],[-83.62134356871621,37.82354726353693]]]}},{"type":"Feature","properties":{"kind":"sunset","strength":0.25,"hard":false},"geometry":{"type":"Polygon","coordinates":[[[-83.62120710934371,37.82351134184539],[-83.62102516351369,37.82365502850665],[-83.62122985257245,37.823816675666194],[-83.62118436611493,37.82383463643984],[-83.62109339319996,37.82374483252788],[-83.6209796770562,37.8237089109325],[-83.62095693382744,37.82365502850665],[-83.62120710934371,37.82351134184539]]]}},{"type":"Feature","properties":{"kind":"sunset","strength":0.25,"hard":false},"geometry":{"type":"Polygon","coordinates":[[[-83.62157100100372,37.823170084903715],[-83.62145728485996,37.82315212396834],[-83.62118436611493,37.823277850424184],[-83.62141179840246,37.82313416302859],[-83.62166197391872,37.82313416302859],[-83.62170746037623,37.8230623192259],[-83.62184391974873,37.823008436327974],[-83.62225329786625,37.82291863141069],[-83.62243524369627,37.822810865365696],[-83.62257170306877,37.82264921600317],[-83.62263993275504,37.82263125494104],[-83.62254895984002,37.8227569822842],[-83.62229878432376,37.82293659240289],[-83.62175294683374,37.82308028018312],[-83.62168471714747,37.82320600676136],[-83.62170746037623,37.823313772229376],[-83.62168471714747,37.82325988951504],[-83.62161648746122,37.823277850424184],[-83.62166197391872,37.82334969401708],[-83.62159374423246,37.823313772229376],[-83.62157100100372,37.823170084903715]]]}},{"type":"Feature","properties":{"kind":"sunset","strength":0.25,"hard":false},"geometry":{"type":"Polygon","coordinates":[[[-83.62134356871621,37.82392444024253],[-83.62152551454622,37.82394240098995],[-83.62152551454622,37.82396036173299],[-83.62136631194495,37.82396036173299],[-83.62134356871621,37.82392444024253]]]}},{"type":"Feature","properties":{"kind":"sunset","strength":0.25,"hard":false},"geometry":{"type":"Polygon","coordinates":[[[-83.62200312234998,37.81990112267125],[-83.62193489266375,37.819937046119904],[-83.62193489266375,37.82000889296477],[-83.62184391974873,37.82000889296477],[-83.62184391974873,37.819937046119904],[-83.62179843329123,37.819937046119904],[-83.62200312234998,37.81990112267125]]]}},{"type":"Feature","properties":{"kind":"sunset","strength":0.25,"hard":false},"geometry":{"type":"Polygon","coordinates":[[[-83.62689291653149,37.81630868951483],[-83.626847430074,37.81636257730375],[-83.6268019436165,37.81636257730375],[-83.626847430074,37.81630868951483],[-83.62689291653149,37.81630868951483]]]}},{"type":"Feature","properties":{"kind":"sunset","strength":0.25,"hard":false},"geometry":{"type":"Polygon","coordinates":[[[-83.62732503787777,37.816147025912095],[-83.62727955142026,37.81618295118774],[-83.6271658352765,37.81620091381901],[-83.62723406496278,37.816147025912095],[-83.62732503787777,37.816147025912095]]]}},{"type":"Feature","properties":{"kind":"sunset","strength":0.25,"hard":false},"geometry":{"type":"Polygon","coordinates":[[[-83.62796184828281,37.81623683906844],[-83.62796184828281,37.816147025912095],[-83.6278253889103,37.816147025912095],[-83.62775715922405,37.81611110061896],[-83.62818928057033,37.816147025912095],[-83.62818928057033,37.81623683906844],[-83.62812105088406,37.81627276430038],[-83.62796184828281,37.81623683906844]]]}},{"type":"Feature","properties":{"kind":"sunset","strength":0.25,"hard":false},"geometry":{"type":"Polygon","coordinates":[[[-83.62775715922405,37.81609313796583],[-83.62741601079277,37.81611110061896],[-83.62741601079277,37.81609313796583],[-83.62775715922405,37.81609313796583]]]}},{"type":"Feature","properties":{"kind":"sunset","strength":0.25,"hard":false},"geometry":{"type":"Polygon","coordinates":[[[-83.6299632524129,37.81645239019785],[-83.6297358201254,37.81630868951483],[-83.6297358201254,37.816147025912095],[-83.6298722794979,37.81603924998024],[-83.62991776595541,37.81603924998024],[-83.62975856335414,37.81618295118774],[-83.62975856335414,37.8162548016866],[-83.62982679304041,37.81630868951483],[-83.62994050918417,37.81630868951483],[-83.63003148209916,37.81620091381901],[-83.63009971178542,37.81618295118774],[-83.63003148209916,37.81623683906844],[-83.63003148209916,37.81629072690979],[-83.63009971178542,37.81634461471182],[-83.63009971178542,37.81645239019785],[-83.6299632524129,37.81645239019785]]]}},{"type":"Feature","properties":{"kind":"sunset","strength":0.25,"hard":false},"geometry":{"type":"Polygon","coordinates":[[[-83.63021342792918,37.81609313796583],[-83.63030440084417,37.81600332463466],[-83.63037263053043,37.8159673992716],[-83.63032714407294,37.81603924998024],[-83.63021342792918,37.81609313796583]]]}},{"type":"Feature","properties":{"kind":"sunset","strength":0.25,"hard":false},"geometry":{"type":"Polygon","coordinates":[[[-83.63144156228174,37.82185892513429],[-83.63125961645171,37.821733196261306],[-83.63123687322297,37.8214817378728],[-83.63112315707922,37.821517660552175],[-83.63107767062172,37.82167931239304],[-83.63107767062172,37.82153562188531],[-83.63112315707922,37.8214817378728],[-83.63114590030798,37.821320085599226],[-83.63125961645171,37.821320085599226],[-83.63128235968048,37.82135600835729],[-83.63128235968048,37.82171523497626],[-83.63144156228174,37.82182300262102],[-83.63144156228174,37.82185892513429]]]}},{"type":"Feature","properties":{"kind":"sunset","strength":0.25,"hard":false},"geometry":{"type":"Polygon","coordinates":[[[-83.63189642685677,37.821930770108416],[-83.63189642685677,37.82185892513429],[-83.631782710713,37.8217691188183],[-83.63175996748424,37.82169727368683],[-83.63128235968048,37.82130212421364],[-83.63128235968048,37.82123027862759],[-83.63132784613798,37.821194355808345],[-83.63146430551049,37.82121231722016],[-83.63166899456924,37.82135600835729],[-83.631782710713,37.82139193109786],[-83.63185094039926,37.82137396972976],[-83.63182819717052,37.82140989246159],[-83.63175996748424,37.82140989246159],[-83.63153253519674,37.82135600835729],[-83.63150979196799,37.82142785382095],[-83.63191917008551,37.82182300262102],[-83.63198739977177,37.82202057622772],[-83.63189642685677,37.821930770108416]]]}},{"type":"Feature","properties":{"kind":"sunset","strength":0.25,"hard":false},"geometry":{"type":"Polygon","coordinates":[[[-83.63180545394175,37.82112251011739],[-83.631600764883,37.82096085705705],[-83.63144156228174,37.820942895584054],[-83.63146430551049,37.820799203642665],[-83.63153253519674,37.82074531909253],[-83.63180545394175,37.82070939603725],[-83.63198739977177,37.82072735756707],[-83.63201014300053,37.82076328061361],[-83.63182819717052,37.82072735756707],[-83.6316462513405,37.82078124213033],[-83.6316462513405,37.82096085705705],[-83.63180545394175,37.82108658724569],[-83.63180545394175,37.82112251011739]]]}},{"type":"Feature","properties":{"kind":"sunset","strength":0.25,"hard":false},"geometry":{"type":"Polygon","coordinates":[[[-83.63237403466054,37.81742236249155],[-83.63198739977177,37.81711700221813],[-83.63196465654302,37.8170092277024],[-83.63189642685677,37.816973302828856],[-83.63182819717052,37.816865528103335],[-83.63182819717052,37.81677571571188],[-83.63189642685677,37.816721828224544],[-83.63194191331426,37.81656016552653],[-83.63216934560177,37.816380539891306],[-83.63216934560177,37.81630868951483],[-83.63198739977177,37.816147025912095],[-83.63189642685677,37.81612906326772],[-83.631873683628,37.81598536195531],[-83.631782710713,37.8159673992716],[-83.63175996748424,37.815931473891055],[-83.63175996748424,37.81566203297968],[-83.63182819717052,37.81541055390849],[-83.63180545394175,37.8158416603632],[-83.63198739977177,37.81587758578745],[-83.63205562945801,37.81602128730964],[-83.63205562945801,37.816164988552096],[-83.63221483205928,37.816326652115514],[-83.63219208883052,37.8163985024745],[-83.63205562945801,37.81652424043446],[-83.63205562945801,37.81668590321114],[-83.63216934560177,37.81670386572002],[-83.63228306174553,37.81661405313187],[-83.63235129143177,37.81661405313187],[-83.63223757528803,37.8167397907247],[-83.63205562945801,37.8167397907247],[-83.63205562945801,37.816865528103335],[-83.63207837268676,37.81690145302933],[-83.63226031851678,37.81691941548577],[-83.63216934560177,37.81693737793784],[-83.63226031851678,37.81702719013262],[-83.63232854820303,37.8170092277024],[-83.63228306174553,37.81695534038553],[-83.63235129143177,37.81695534038553],[-83.63237403466054,37.8170092277024],[-83.63232854820303,37.81704515255847],[-83.63223757528803,37.81704515255847],[-83.63216934560177,37.816973302828856],[-83.63212385914427,37.816973302828856],[-83.63210111591553,37.81691941548577],[-83.63198739977177,37.81693737793784],[-83.63205562945801,37.81713496462212],[-83.63237403466054,37.81738643781907],[-83.63237403466054,37.81742236249155]]]}},{"type":"Feature","properties":{"kind":"sunset","strength":0.25,"hard":false},"geometry":{"type":"Polygon","coordinates":[[[-83.63194191331426,37.82128416282369],[-83.63191917008551,37.82121231722016],[-83.63196465654302,37.82123027862759],[-83.63196465654302,37.82130212421364],[-83.631873683628,37.82135600835729],[-83.631873683628,37.821320085599226],[-83.63194191331426,37.82128416282369]]]}},{"type":"Feature","properties":{"kind":"sunset","strength":0.25,"hard":false},"geometry":{"type":"Polygon","coordinates":[[[-83.63244226434679,37.81515907398064],[-83.63237403466054,37.81512314820672],[-83.63221483205928,37.81512314820672],[-83.63198739977177,37.81530277690145],[-83.63198739977177,37.815266851197464],[-83.63216934560177,37.815141111095855],[-83.63219208883052,37.815087222415336],[-83.6323967778893,37.815105185313215],[-83.63244226434679,37.81515907398064]]]}},{"type":"Feature","properties":{"kind":"sunset","strength":0.25,"hard":false},"geometry":{"type":"Polygon","coordinates":[[[-83.63244226434679,37.815338702587944],[-83.63246500757553,37.81515907398064],[-83.63246500757553,37.815338702587944],[-83.63244226434679,37.815338702587944]]]}},{"type":"Feature","properties":{"kind":"sunset","strength":0.25,"hard":false},"geometry":{"type":"Polygon","coordinates":[[[-83.63214660237303,37.82076328061361],[-83.63210111591553,37.820817165150636],[-83.63203288622927,37.820799203642665],[-83.63203288622927,37.82078124213033],[-83.63214660237303,37.82076328061361]]]}},{"type":"Feature","properties":{"kind":"sunset","strength":0.25,"hard":false},"geometry":{"type":"Polygon","coordinates":[[[-83.63278341277807,37.82051181892069],[-83.63282889923556,37.82061958832256],[-83.63278341277807,37.8206016267665],[-83.63278341277807,37.82051181892069]]]}},{"type":"Feature","properties":{"kind":"sunset","strength":0.25,"hard":false},"geometry":{"type":"Polygon","coordinates":[[[-83.63278341277807,37.82051181892069],[-83.63273792632056,37.82049385733841],[-83.63273792632056,37.82042201096561],[-83.63266969663431,37.82038608775297],[-83.63262421017679,37.8202962796449],[-83.63257872371929,37.820098701422516],[-83.6323967778893,37.820116663100954],[-83.6323058049743,37.8200807397397],[-83.6323058049743,37.81999093126012],[-83.63241952111804,37.81986519920511],[-83.63244226434679,37.81990112267125],[-83.63237403466054,37.81995500783768],[-83.6323967778893,37.82004481636098],[-83.63257872371929,37.82004481636098],[-83.63264695340555,37.82000889296477],[-83.63260146694805,37.8200807397397],[-83.63282889923556,37.82006277805253],[-83.63269243986305,37.820134624775015],[-83.63269243986305,37.82033220290125],[-83.6327606695493,37.82040404936147],[-83.63278341277807,37.82051181892069]]]}},{"type":"Feature","properties":{"kind":"sunset","strength":0.25,"hard":false},"geometry":{"type":"Polygon","coordinates":[[[-83.63255598049055,37.82072735756707],[-83.63251049403306,37.82074531909253],[-83.6323967778893,37.82070939603725],[-83.6325332372618,37.82070939603725],[-83.63255598049055,37.82072735756707]]]}},{"type":"Feature","properties":{"kind":"sunset","strength":0.25,"hard":false},"geometry":{"type":"Polygon","coordinates":[[[-83.63244226434679,37.815949436583516],[-83.63246500757553,37.81600332463466],[-83.63264695340555,37.81602128730964],[-83.63244226434679,37.81602128730964],[-83.63244226434679,37.815949436583516]]]}},{"type":"Feature","properties":{"kind":"sunset","strength":0.25,"hard":false},"geometry":{"type":"Polygon","coordinates":[[[-83.63257872371929,37.81767383470944],[-83.6325332372618,37.817853457197714],[-83.63260146694805,37.81788938164293],[-83.63269243986305,37.8181588144247],[-83.63266969663431,37.81823066300041],[-83.63262421017679,37.81823066300041],[-83.63255598049055,37.81794326827794],[-83.63246500757553,37.817853457197714],[-83.63248775080429,37.81774568375719],[-83.63257872371929,37.81767383470944]]]}},{"type":"Feature","properties":{"kind":"sunset","strength":0.25,"hard":false},"geometry":{"type":"Polygon","coordinates":[[[-83.63257872371929,37.81767383470944],[-83.63260146694805,37.817619947877716],[-83.63251049403306,37.817566061006666],[-83.63251049403306,37.81753013640411],[-83.63262421017679,37.81760198559174],[-83.63262421017679,37.817655872436575],[-83.63257872371929,37.81767383470944]]]}},{"type":"Feature","properties":{"kind":"sunset","strength":0.25,"hard":false},"geometry":{"type":"Polygon","coordinates":[[[-83.63248775080429,37.81541055390849],[-83.63251049403306,37.815374628256954],[-83.63260146694805,37.815464442353],[-83.63255598049055,37.815464442353],[-83.63248775080429,37.81541055390849]]]}},{"type":"Feature","properties":{"kind":"sunset","strength":0.25,"hard":false},"geometry":{"type":"Polygon","coordinates":[[[-83.6327151830918,37.81575184672607],[-83.63264695340555,37.8158416603632],[-83.63255598049055,37.81587758578745],[-83.63262421017679,37.81580573492146],[-83.6327151830918,37.81575184672607]]]}},{"type":"Feature","properties":{"kind":"sunset","strength":0.25,"hard":false},"geometry":{"type":"Polygon","coordinates":[[[-83.63262421017679,37.81731458842163],[-83.63269243986305,37.817242738954285],[-83.63273792632056,37.817242738954285],[-83.63262421017679,37.81733255077754],[-83.63264695340555,37.81736847547626],[-83.6327151830918,37.81736847547626],[-83.63269243986305,37.817404400157486],[-83.63260146694805,37.81736847547626],[-83.63262421017679,37.81731458842163]]]}},{"type":"Feature","properties":{"kind":"sunset","strength":0.25,"hard":false},"geometry":{"type":"Polygon","coordinates":[[[-83.63287438569306,37.81620091381901],[-83.6327606695493,37.81612906326772],[-83.63269243986305,37.816057212646484],[-83.63278341277807,37.81609313796583],[-83.63287438569306,37.81620091381901]]]}},{"type":"Feature","properties":{"kind":"sunset","strength":0.25,"hard":false},"geometry":{"type":"Polygon","coordinates":[[[-83.6327606695493,37.81826658726205],[-83.63278341277807,37.8181947387213],[-83.63298810183682,37.8181588144247],[-83.63296535860808,37.8181947387213],[-83.63280615600681,37.81823066300041],[-83.63282889923556,37.818356397839636],[-83.6327606695493,37.81826658726205]]]}},{"type":"Feature","properties":{"kind":"sunset","strength":0.25,"hard":false},"geometry":{"type":"Polygon","coordinates":[[[-83.63285164246432,37.82000889296477],[-83.63296535860808,37.81995500783768],[-83.63285164246432,37.82004481636098],[-83.63285164246432,37.82000889296477]]]}},{"type":"Feature","properties":{"kind":"sunset","strength":0.25,"hard":false},"geometry":{"type":"Polygon","coordinates":[[[-83.63305633152308,37.82083512665424],[-83.63294261537932,37.82072735756707],[-83.63305633152308,37.820799203642665],[-83.63305633152308,37.82083512665424]]]}},{"type":"Feature","properties":{"kind":"sunset","strength":0.25,"hard":false},"geometry":{"type":"Polygon","coordinates":[[[-83.6343981820194,37.81571592124063],[-83.63426172264687,37.81566203297968],[-83.63403429035938,37.81566203297968],[-83.63392057421562,37.81569795849135],[-83.63389783098687,37.81576980946224],[-83.63355668255561,37.81582369764452],[-83.63342022318308,37.81600332463466],[-83.63326102058184,37.8159673992716],[-83.63310181798057,37.81602128730964],[-83.63303358829431,37.816057212646484],[-83.63303358829431,37.816218876445916],[-83.63298810183682,37.81618295118774],[-83.63301084506556,37.81603924998024],[-83.63319279089558,37.815949436583516],[-83.63339747995434,37.815931473891055],[-83.63348845286934,37.81582369764452],[-83.63373862838561,37.81575184672607],[-83.63380685807186,37.8156799957377],[-83.63401154713063,37.8156440702173],[-83.63428446587565,37.8156440702173],[-83.6343981820194,37.81571592124063]]]}},{"type":"Feature","properties":{"kind":"sunset","strength":0.25,"hard":false},"geometry":{"type":"Polygon","coordinates":[[[-83.63312456120931,37.82085308815346],[-83.63319279089558,37.8208890111388],[-83.63335199349685,37.820871049648325],[-83.63335199349685,37.8208890111388],[-83.63317004766682,37.82090697262492],[-83.63307907475183,37.820871049648325],[-83.63312456120931,37.82085308815346]]]}},{"type":"Feature","properties":{"kind":"sunset","strength":0.25,"hard":false},"geometry":{"type":"Polygon","coordinates":[[[-83.63385234452936,37.8214817378728],[-83.63378411484311,37.82137396972976],[-83.63378411484311,37.821194355808345],[-83.63357942578435,37.82110454868373],[-83.63355668255561,37.821050664356505],[-83.63357942578435,37.8208890111388],[-83.6336021690131,37.82108658724569],[-83.63371588515685,37.821140471546684],[-83.63389783098687,37.82115843297161],[-83.63389783098687,37.82128416282369],[-83.6338296013006,37.82135600835729],[-83.63394331744436,37.82153562188531],[-83.63385234452936,37.8214817378728]]]}},{"type":"Feature","properties":{"kind":"sunset","strength":0.25,"hard":false},"geometry":{"type":"Polygon","coordinates":[[[-83.6336931419281,37.820799203642665],[-83.6336931419281,37.82083512665424],[-83.63362491224186,37.820871049648325],[-83.63362491224186,37.82083512665424],[-83.6336931419281,37.820799203642665]]]}},{"type":"Feature","properties":{"kind":"sunset","strength":0.25,"hard":false},"geometry":{"type":"Polygon","coordinates":[[[-83.63410252004563,37.8158416603632],[-83.63398880390187,37.81582369764452],[-83.63405703358812,37.81587758578745],[-83.63403429035938,37.81591351119423],[-83.63392057421562,37.81580573492146],[-83.63401154713063,37.81578777219403],[-83.63410252004563,37.8158416603632]]]}},{"type":"Feature","properties":{"kind":"sunset","strength":0.25,"hard":false},"geometry":{"type":"Polygon","coordinates":[[[-83.63410252004563,37.8158416603632],[-83.63414800650312,37.81585962307751],[-83.63419349296063,37.81591351119423],[-83.63412526327437,37.81589554849301],[-83.63410252004563,37.8158416603632]]]}},{"type":"Feature","properties":{"kind":"sunset","strength":0.25,"hard":false},"geometry":{"type":"Polygon","coordinates":[[[-83.63403429035938,37.82158950585849],[-83.63407977681688,37.82164338979233],[-83.63407977681688,37.82167931239304],[-83.63401154713063,37.82162542848542],[-83.63403429035938,37.82158950585849]]]}},{"type":"Feature","properties":{"kind":"sunset","strength":0.25,"hard":false},"geometry":{"type":"Polygon","coordinates":[[[-83.63503499242442,37.81566203297968],[-83.63489853305191,37.81553629355117],[-83.63503499242442,37.815626107450534],[-83.63503499242442,37.81566203297968]]]}},{"type":"Feature","properties":{"kind":"sunset","strength":0.25,"hard":false},"geometry":{"type":"Polygon","coordinates":[[[-83.63519419502568,37.81476388950607],[-83.63526242471194,37.81465611155497],[-83.63539888408444,37.81465611155497],[-83.63562631637194,37.81478185248264],[-83.63578551897322,37.81492555613771],[-83.6355580866857,37.81479981545482],[-83.6354216273132,37.81479981545482],[-83.63539888408444,37.81488963025017],[-83.6352396814832,37.814907593196125],[-83.6352396814832,37.81503333369546],[-83.63512596533944,37.81517703686104],[-83.63517145179694,37.81506925951307],[-83.63519419502568,37.81476388950607]]]}},{"type":"Feature","properties":{"kind":"sunset","strength":0.25,"hard":false},"geometry":{"type":"Polygon","coordinates":[[[-83.63548985699944,37.815464442353],[-83.6352851679407,37.81532073974687],[-83.63533065439819,37.81512314820672],[-83.63539888408444,37.81512314820672],[-83.63548985699944,37.815194999737066],[-83.6356035731432,37.815194999737066],[-83.63578551897322,37.815338702587944],[-83.63574003251571,37.81535666542463],[-83.63558082991445,37.815212962608726],[-83.6354671137707,37.815212962608726],[-83.63535339762694,37.81515907398064],[-83.63530791116943,37.81530277690145],[-83.63548985699944,37.8154285167277],[-83.63548985699944,37.815464442353]]]}},{"type":"Feature","properties":{"kind":"sunset","strength":0.25,"hard":false},"geometry":{"type":"Polygon","coordinates":[[[-83.63605843771823,37.81512314820672],[-83.63589923511697,37.8150153707801],[-83.63594472157449,37.8150153707801],[-83.63605843771823,37.81512314820672]]]}},{"type":"Feature","properties":{"kind":"sunset","strength":0.25,"hard":false},"geometry":{"type":"Polygon","coordinates":[[[-83.63624038354824,37.8150153707801],[-83.6363995861495,37.81487166729984],[-83.63642232937825,37.81469203755616],[-83.63651330229325,37.81467407455775],[-83.63651330229325,37.81485370434514],[-83.63644507260699,37.81485370434514],[-83.63644507260699,37.81488963025017],[-83.63628587000574,37.8150153707801],[-83.63624038354824,37.8150153707801]]]}},{"type":"Feature","properties":{"kind":"sunset","strength":0.25,"hard":false},"geometry":{"type":"Polygon","coordinates":[[[-83.6363995861495,37.81517703686104],[-83.6363995861495,37.81530277690145],[-83.63637684292075,37.81530277690145],[-83.63637684292075,37.815212962608726],[-83.63633135646324,37.815194999737066],[-83.6363995861495,37.81517703686104]]]}},{"type":"Feature","properties":{"kind":"sunset","strength":0.5,"hard":false},"geometry":{"type":"Polygon","coordinates":[[[-83.61763642242975,37.82108658724569],[-83.61749996305726,37.82097881852568],[-83.61749996305726,37.8208890111388],[-83.61754544951476,37.82090697262492],[-83.61759093597226,37.82101474144984],[-83.61770465211602,37.82108658724569],[-83.61763642242975,37.82108658724569]]]}},{"type":"Feature","properties":{"kind":"sunset","strength":0.5,"hard":false},"geometry":{"type":"Polygon","coordinates":[[[-83.61795482763229,37.82051181892069],[-83.61786385471729,37.82061958832256],[-83.61765916565851,37.8206016267665],[-83.61756819274352,37.82067347296449],[-83.61749996305726,37.82067347296449],[-83.61749996305726,37.820547742072144],[-83.61754544951476,37.82052978049861],[-83.61768190888726,37.82052978049861],[-83.61784111148852,37.8206016267665],[-83.61790934117477,37.82051181892069],[-83.61795482763229,37.82051181892069]]]}},{"type":"Feature","properties":{"kind":"sunset","strength":0.5,"hard":false},"geometry":{"type":"Polygon","coordinates":[[[-83.61800031408978,37.82038608775297],[-83.61779562503101,37.82038608775297],[-83.61775013857353,37.8203681261401],[-83.61775013857353,37.820314241275256],[-83.61786385471729,37.82026035637109],[-83.61815951669104,37.82000889296477],[-83.61820500314853,37.82000889296477],[-83.61806854377602,37.820116663100954],[-83.61802305731852,37.82022443307978],[-83.61793208440352,37.82026035637109],[-83.61793208440352,37.820314241275256],[-83.61804580054728,37.82038608775297],[-83.61806854377602,37.82045793416076],[-83.61800031408978,37.82038608775297]]]}},{"type":"Feature","properties":{"kind":"sunset","strength":0.5,"hard":false},"geometry":{"type":"Polygon","coordinates":[[[-83.61865986772357,37.81982927572149],[-83.61865986772357,37.81977539046326],[-83.61877358386734,37.819703543391114],[-83.61877358386734,37.819667619828806],[-83.61870535418107,37.819667619828806],[-83.61865986772357,37.81959577265176],[-83.61852340835107,37.819541887223075],[-83.61852340835107,37.8195059635821],[-83.61843243543605,37.8195059635821],[-83.61825048960604,37.819398192554274],[-83.61811403023354,37.81945207808785],[-83.61800031408978,37.819559849037006],[-83.61784111148852,37.81961373445258],[-83.61779562503101,37.819541887223075],[-83.61790934117477,37.8194341162477],[-83.61790934117477,37.81938023070099],[-83.61777288180227,37.819398192554274],[-83.61775013857353,37.81930838324421],[-83.61797757086103,37.819146726210754],[-83.61802305731852,37.819146726210754],[-83.61793208440352,37.819218573824884],[-83.61793208440352,37.81929042136908],[-83.61800031408978,37.81932634511496],[-83.61802305731852,37.8194341162477],[-83.61811403023354,37.8194341162477],[-83.61818225991979,37.81938023070099],[-83.61847792189354,37.81938023070099],[-83.61861438126606,37.819416154403164],[-83.61861438126606,37.81947003992364],[-83.61877358386734,37.81957781084657],[-83.61897827292607,37.81957781084657],[-83.61897827292607,37.819667619828806],[-83.61875084063857,37.81979335222037],[-83.61870535418107,37.819883160940364],[-83.61836420574981,37.819883160940364],[-83.61865986772357,37.81982927572149]]]}},{"type":"Feature","properties":{"kind":"sunset","strength":0.5,"hard":false},"geometry":{"type":"Polygon","coordinates":[[[-83.6182277463773,37.820242394727615],[-83.61815951669104,37.820242394727615],[-83.61815951669104,37.8202962796449],[-83.61811403023354,37.82027831801018],[-83.61811403023354,37.82022443307978],[-83.6182277463773,37.820242394727615]]]}},{"type":"Feature","properties":{"kind":"sunset","strength":0.5,"hard":false},"geometry":{"type":"Polygon","coordinates":[[[-83.61818225991979,37.821787080090246],[-83.61813677346228,37.821733196261306],[-83.61813677346228,37.82160746717415],[-83.61831871929229,37.82149969921468],[-83.61847792189354,37.82149969921468],[-83.61850066512231,37.82153562188531],[-83.61870535418107,37.821553583214076],[-83.61884181355357,37.82164338979233],[-83.61881907032483,37.8217691188183],[-83.61875084063857,37.82180504135781],[-83.61879632709608,37.82175115754199],[-83.61879632709608,37.82166135109487],[-83.61870535418107,37.82162542848542],[-83.6185461515798,37.82162542848542],[-83.61843243543605,37.82157154453847],[-83.61829597606355,37.82157154453847],[-83.61818225991979,37.82167931239304],[-83.61825048960604,37.82182300262102],[-83.61818225991979,37.821787080090246]]]}},{"type":"Feature","properties":{"kind":"sunset","strength":0.5,"hard":false},"geometry":{"type":"Polygon","coordinates":[[[-83.61859163803732,37.82313416302859],[-83.61836420574981,37.82291863141069],[-83.61838694897855,37.82263125494104],[-83.6185461515798,37.8225414495648],[-83.61856889480855,37.82236183848449],[-83.61888730001107,37.82209242104449],[-83.61877358386734,37.82221814930555],[-83.61881907032483,37.822523488476435],[-83.61872809740981,37.8225414495648],[-83.61863712449482,37.82263125494104],[-83.61859163803732,37.82291863141069],[-83.61859163803732,37.82309824113599],[-83.61863712449482,37.82313416302859],[-83.61859163803732,37.82313416302859]]]}},{"type":"Feature","properties":{"kind":"sunset","strength":0.5,"hard":false},"geometry":{"type":"Polygon","coordinates":[[[-83.61895552969733,37.821463776526556],[-83.61879632709608,37.82137396972976],[-83.61865986772357,37.82137396972976],[-83.61863712449482,37.821338046980436],[-83.6185461515798,37.821338046980436],[-83.61850066512231,37.82130212421364],[-83.61850066512231,37.82112251011739],[-83.61856889480855,37.821050664356505],[-83.61859163803732,37.82108658724569],[-83.6185461515798,37.82110454868373],[-83.6185461515798,37.82121231722016],[-83.61859163803732,37.82124824003066],[-83.61875084063857,37.82130212421364],[-83.61891004323984,37.82130212421364],[-83.61904650261233,37.82139193109786],[-83.61913747552734,37.82139193109786],[-83.61929667812859,37.82130212421364],[-83.6192511916711,37.82140989246159],[-83.61918296198485,37.82139193109786],[-83.61904650261233,37.821463776526556],[-83.61895552969733,37.821463776526556]]]}},{"type":"Feature","properties":{"kind":"sunset","strength":0.5,"hard":false},"geometry":{"type":"Polygon","coordinates":[[[-83.61891004323984,37.825307405004445],[-83.61865986772357,37.82519964244755],[-83.61856889480855,37.82512780065552],[-83.61859163803732,37.825037998317136],[-83.61891004323984,37.82509187973328],[-83.61916021875608,37.825073919265606],[-83.61909198906983,37.82510984019658],[-83.61877358386734,37.82512780065552],[-83.61877358386734,37.8251816820061],[-83.61891004323984,37.82527148416963],[-83.61891004323984,37.825307405004445]]]}},{"type":"Feature","properties":{"kind":"sunset","strength":0.5,"hard":false},"geometry":{"type":"Polygon","coordinates":[[[-83.61859163803732,37.819218573824884],[-83.61863712449482,37.81923653571749],[-83.61863712449482,37.81927245948959],[-83.61870535418107,37.81930838324421],[-83.61861438126606,37.81929042136908],[-83.61859163803732,37.819218573824884]]]}},{"type":"Feature","properties":{"kind":"sunset","strength":0.5,"hard":false},"geometry":{"type":"Polygon","coordinates":[[[-83.61966056978862,37.823565224376146],[-83.61954685364486,37.82367298931963],[-83.61945588072986,37.82383463643984],[-83.61913747552734,37.82379871488817],[-83.61893278646858,37.82390647949072],[-83.61881907032483,37.82401424393593],[-83.61881907032483,37.824086086811974],[-83.61891004323984,37.824139968923106],[-83.61891004323984,37.8242836543605],[-83.61904650261233,37.824409378888724],[-83.6191147322986,37.824427339518124],[-83.61909198906983,37.82448122138012],[-83.61906924584109,37.824427339518124],[-83.61902375938358,37.824427339518124],[-83.61879632709608,37.82421181167677],[-83.61859163803732,37.82421181167677],[-83.61865986772357,37.824068126099526],[-83.61895552969733,37.82387055797402],[-83.61895552969733,37.823816675666194],[-83.61891004323984,37.823816675666194],[-83.61877358386734,37.82367298931963],[-83.61870535418107,37.82365502850665],[-83.61870535418107,37.823601146041455],[-83.61879632709608,37.82365502850665],[-83.61906924584109,37.82365502850665],[-83.61909198906983,37.82358318521098],[-83.61918296198485,37.82354726353693],[-83.61916021875608,37.82349338099306],[-83.61918296198485,37.823439498409854],[-83.61927393489984,37.82354726353693],[-83.6192057052136,37.823780754105776],[-83.61941039427235,37.82379871488817],[-83.61945588072986,37.82369095012826],[-83.61961508333113,37.823565224376146],[-83.61966056978862,37.823565224376146]]]}},{"type":"Feature","properties":{"kind":"sunset","strength":0.5,"hard":false},"geometry":{"type":"Polygon","coordinates":[[[-83.61929667812859,37.824894314348434],[-83.61922844844234,37.82487635383268],[-83.61900101615483,37.825037998317136],[-83.61884181355357,37.825037998317136],[-83.61877358386734,37.82494819586948],[-83.61872809740981,37.82494819586948],[-83.61868261095232,37.82482247225917],[-83.61875084063857,37.82473266954924],[-83.61891004323984,37.82464286673005],[-83.61893278646858,37.82475063009998],[-83.61904650261233,37.82480451172593],[-83.61909198906983,37.824894314348434],[-83.6192057052136,37.82485839331254],[-83.61927393489984,37.82485839331254],[-83.61929667812859,37.824894314348434]]]}},{"type":"Feature","properties":{"kind":"sunset","strength":0.5,"hard":false},"geometry":{"type":"Polygon","coordinates":[[[-83.61891004323984,37.82464286673005],[-83.61888730001107,37.82460694557177],[-83.61902375938358,37.82451714259959],[-83.61902375938358,37.82455306380158],[-83.61891004323984,37.82464286673005]]]}},{"type":"Feature","properties":{"kind":"sunset","strength":0.5,"hard":false},"geometry":{"type":"Polygon","coordinates":[[[-83.61895552969733,37.815051296606455],[-83.61904650261233,37.81506925951307],[-83.61904650261233,37.815141111095855],[-83.61902375938358,37.815087222415336],[-83.61893278646858,37.815087222415336],[-83.61895552969733,37.815051296606455]]]}},{"type":"Feature","properties":{"kind":"sunset","strength":0.5,"hard":false},"geometry":{"type":"Polygon","coordinates":[[[-83.61900101615483,37.8217691188183],[-83.61909198906983,37.82167931239304],[-83.61900101615483,37.82162542848542],[-83.61900101615483,37.82153562188531],[-83.6191147322986,37.82153562188531],[-83.61918296198485,37.82149969921468],[-83.61918296198485,37.82153562188531],[-83.6191147322986,37.82157154453847],[-83.61913747552734,37.821733196261306],[-83.61902375938358,37.821787080090246],[-83.61900101615483,37.82191280887145],[-83.61900101615483,37.8217691188183]]]}},{"type":"Feature","properties":{"kind":"sunset","strength":0.5,"hard":false},"geometry":{"type":"Polygon","coordinates":[[[-83.61904650261233,37.82263125494104],[-83.61916021875608,37.82263125494104],[-83.61916021875608,37.82264921600317],[-83.61906924584109,37.82264921600317],[-83.61904650261233,37.822703099163355],[-83.61904650261233,37.82263125494104]]]}},{"type":"Feature","properties":{"kind":"sunset","strength":0.5,"hard":false},"geometry":{"type":"Polygon","coordinates":[[[-83.6191147322986,37.81945207808785],[-83.6191147322986,37.819416154403164],[-83.61918296198485,37.819416154403164],[-83.61916021875608,37.81945207808785],[-83.6191147322986,37.81945207808785]]]}},{"type":"Feature","properties":{"kind":"sunset","strength":0.5,"hard":false},"geometry":{"type":"Polygon","coordinates":[[[-83.61945588072986,37.82180504135781],[-83.61947862395861,37.82187688638438],[-83.6194331375011,37.82187688638438],[-83.61941039427235,37.821787080090246],[-83.61945588072986,37.82180504135781]]]}},{"type":"Feature","properties":{"kind":"sunset","strength":0.5,"hard":false},"geometry":{"type":"Polygon","coordinates":[[[-83.61941039427235,37.821787080090246],[-83.6192511916711,37.82180504135781],[-83.6192511916711,37.82191280887145],[-83.6192057052136,37.821894847630105],[-83.6192057052136,37.82180504135781],[-83.6192511916711,37.8217691188183],[-83.61941039427235,37.821787080090246]]]}},{"type":"Feature","properties":{"kind":"sunset","strength":0.5,"hard":false},"geometry":{"type":"Polygon","coordinates":[[[-83.6193876510436,37.81947003992364],[-83.61947862395861,37.8195059635821],[-83.61941039427235,37.819559849037006],[-83.6193421645861,37.819559849037006],[-83.6193876510436,37.81947003992364]]]}},{"type":"Feature","properties":{"kind":"sunset","strength":0.5,"hard":false},"geometry":{"type":"Polygon","coordinates":[[[-83.61977428593238,37.819703543391114],[-83.61968331301736,37.81973946693593],[-83.61950136718735,37.81972150516571],[-83.61947862395861,37.819757428701784],[-83.61947862395861,37.819703543391114],[-83.61977428593238,37.819703543391114]]]}},{"type":"Feature","properties":{"kind":"sunset","strength":0.5,"hard":false},"geometry":{"type":"Polygon","coordinates":[[[-83.6203201234224,37.819667619828806],[-83.62038835310867,37.8196496580411],[-83.62047932602366,37.8196496580411],[-83.6204110963374,37.81968558161214],[-83.6204110963374,37.819757428701784],[-83.62029738019365,37.81973946693593],[-83.6203201234224,37.819667619828806]]]}},{"type":"Feature","properties":{"kind":"sunset","strength":0.5,"hard":false},"geometry":{"type":"Polygon","coordinates":[[[-83.62052481248116,37.823313772229376],[-83.62054755570992,37.823439498409854],[-83.62072950153993,37.823439498409854],[-83.62075224476867,37.823403576665854],[-83.62079773122619,37.823421537540035],[-83.62059304216741,37.823529302693345],[-83.62047932602366,37.82351134184539],[-83.62045658279492,37.823403576665854],[-83.62052481248116,37.823313772229376]]]}},{"type":"Feature","properties":{"kind":"sunset","strength":0.5,"hard":false},"geometry":{"type":"Polygon","coordinates":[[[-83.62150277131747,37.82324192860152],[-83.62136631194495,37.823223967683624],[-83.62134356871621,37.82325988951504],[-83.62122985257245,37.823277850424184],[-83.62145728485996,37.82315212396834],[-83.62157100100372,37.82315212396834],[-83.62159374423246,37.823313772229376],[-83.62150277131747,37.82324192860152]]]}},{"type":"Feature","properties":{"kind":"sunset","strength":0.5,"hard":false},"geometry":{"type":"Polygon","coordinates":[[[-83.62122985257245,37.823277850424184],[-83.62109339319996,37.8233856157873],[-83.6210706499712,37.82349338099306],[-83.62116162288619,37.82349338099306],[-83.62120710934371,37.82345745927529],[-83.6212525958012,37.82347542013636],[-83.62100242028494,37.82361910686756],[-83.62095693382744,37.82369095012826],[-83.62109339319996,37.82374483252788],[-83.62132082548746,37.82392444024253],[-83.62118436611493,37.82385259720912],[-83.6210706499712,37.82385259720912],[-83.6210706499712,37.82396036173299],[-83.62102516351369,37.82396036173299],[-83.62088870414118,37.82379871488817],[-83.62088870414118,37.82367298931963],[-83.62084321768369,37.82361910686756],[-83.62104790674243,37.8233856157873],[-83.62118436611493,37.823277850424184],[-83.62122985257245,37.823277850424184]]]}},{"type":"Feature","properties":{"kind":"sunset","strength":0.5,"hard":false},"geometry":{"type":"Polygon","coordinates":[[[-83.62170746037623,37.82311620208448],[-83.62184391974873,37.82304435826429],[-83.62229878432376,37.82293659240289],[-83.62254895984002,37.8227569822842],[-83.62259444629753,37.822667177060936],[-83.62273090567004,37.82264921600317],[-83.62259444629753,37.822721060208],[-83.62245798692503,37.82290067041412],[-83.62238975723875,37.82290067041412],[-83.62202586557875,37.8230623192259],[-83.62177569006248,37.82311620208448],[-83.62173020360497,37.82315212396834],[-83.62173020360497,37.823313772229376],[-83.62168471714747,37.823223967683624],[-83.62170746037623,37.82311620208448]]]}},{"type":"Feature","properties":{"kind":"sunset","strength":0.5,"hard":false},"geometry":{"type":"Polygon","coordinates":[[[-83.62184391974873,37.819937046119904],[-83.62184391974873,37.82000889296477],[-83.62179843329123,37.82000889296477],[-83.62177569006248,37.81991908439777],[-83.62184391974873,37.819937046119904]]]}},{"type":"Feature","properties":{"kind":"sunset","strength":0.5,"hard":false},"geometry":{"type":"Polygon","coordinates":[[[-83.62195763589249,37.81991908439777],[-83.62216232495126,37.819883160940364],[-83.62207135203624,37.819937046119904],[-83.62198037912124,37.819937046119904],[-83.62193489266375,37.82000889296477],[-83.62195763589249,37.81991908439777]]]}},{"type":"Feature","properties":{"kind":"sunset","strength":0.5,"hard":false},"geometry":{"type":"Polygon","coordinates":[[[-83.62732503787777,37.816147025912095],[-83.62737052433528,37.816164988552096],[-83.62721132173402,37.81620091381901],[-83.62721132173402,37.81618295118774],[-83.62732503787777,37.816147025912095]]]}},{"type":"Feature","properties":{"kind":"sunset","strength":0.5,"hard":false},"geometry":{"type":"Polygon","coordinates":[[[-83.62766618630904,37.8162548016866],[-83.62780264568154,37.81618295118774],[-83.62773441599528,37.81612906326772],[-83.62741601079277,37.81611110061896],[-83.62775715922405,37.81611110061896],[-83.62798459151155,37.816164988552096],[-83.62796184828281,37.81623683906844],[-83.62766618630904,37.8162548016866]]]}},{"type":"Feature","properties":{"kind":"sunset","strength":0.5,"hard":false},"geometry":{"type":"Polygon","coordinates":[[[-83.6297813065829,37.81618295118774],[-83.62991776595541,37.81602128730964],[-83.6299632524129,37.81602128730964],[-83.62991776595541,37.81607517530834],[-83.62994050918417,37.816164988552096],[-83.63005422532792,37.816164988552096],[-83.63021342792918,37.81607517530834],[-83.62998599564166,37.81623683906844],[-83.62994050918417,37.81630868951483],[-83.6297813065829,37.81629072690979],[-83.6297813065829,37.81618295118774]]]}},{"type":"Feature","properties":{"kind":"sunset","strength":0.5,"hard":false},"geometry":{"type":"Polygon","coordinates":[[[-83.63112315707922,37.821517660552175],[-83.63123687322297,37.8214817378728],[-83.63125961645171,37.821733196261306],[-83.63121412999422,37.82164338979233],[-83.63114590030798,37.82164338979233],[-83.63107767062172,37.82182300262102],[-83.63112315707922,37.821517660552175]]]}},{"type":"Feature","properties":{"kind":"sunset","strength":0.5,"hard":false},"geometry":{"type":"Polygon","coordinates":[[[-83.63210111591553,37.82212834342664],[-83.63194191331426,37.821948731341024],[-83.63191917008551,37.82182300262102],[-83.63185094039926,37.821787080090246],[-83.63169173779801,37.82157154453847],[-83.63153253519674,37.821463776526556],[-83.63153253519674,37.82135600835729],[-83.63182819717052,37.82140989246159],[-83.6317372242555,37.8214817378728],[-83.6317372242555,37.82157154453847],[-83.63191917008551,37.82169727368683],[-83.63203288622927,37.82203853743847],[-83.63210111591553,37.82207445984685],[-83.63210111591553,37.82212834342664]]]}},{"type":"Feature","properties":{"kind":"sunset","strength":0.5,"hard":false},"geometry":{"type":"Polygon","coordinates":[[[-83.63194191331426,37.82121231722016],[-83.6316462513405,37.82096085705705],[-83.6316462513405,37.82078124213033],[-83.63182819717052,37.82072735756707],[-83.63191917008551,37.82072735756707],[-83.63210111591553,37.820817165150636],[-83.63203288622927,37.82083512665424],[-83.63196465654302,37.82078124213033],[-83.63185094039926,37.82078124213033],[-83.63182819717052,37.82108658724569],[-83.63194191331426,37.82121231722016]]]}},{"type":"Feature","properties":{"kind":"sunset","strength":0.5,"hard":false},"geometry":{"type":"Polygon","coordinates":[[[-83.63207837268676,37.81648831532489],[-83.63219208883052,37.8163985024745],[-83.63221483205928,37.816326652115514],[-83.63205562945801,37.816164988552096],[-83.63205562945801,37.81602128730964],[-83.63198739977177,37.81587758578745],[-83.63180545394175,37.8158416603632],[-83.63182819717052,37.81544647954254],[-83.63196465654302,37.81532073974687],[-83.63198739977177,37.81535666542463],[-83.631873683628,37.81544647954254],[-83.63189642685677,37.8156799957377],[-83.63196465654302,37.81573388398554],[-83.63207837268676,37.81575184672607],[-83.63228306174553,37.8159673992716],[-83.63235129143177,37.8159673992716],[-83.6325332372618,37.81587758578745],[-83.63241952111804,37.81600332463466],[-83.63266969663431,37.81603924998024],[-83.63235129143177,37.81602128730964],[-83.63228306174553,37.81609313796583],[-83.63221483205928,37.81654220298268],[-83.63237403466054,37.81659609060114],[-83.63235129143177,37.816667940697876],[-83.63235129143177,37.81661405313187],[-83.63228306174553,37.81661405313187],[-83.63216934560177,37.81670386572002],[-83.63207837268676,37.81670386572002],[-83.63207837268676,37.81648831532489]]]}},{"type":"Feature","properties":{"kind":"sunset","strength":0.5,"hard":false},"geometry":{"type":"Polygon","coordinates":[[[-83.63251049403306,37.81751217409629],[-83.63205562945801,37.81713496462212],[-83.63198739977177,37.8170092277024],[-83.63201014300053,37.81691941548577],[-83.63210111591553,37.81691941548577],[-83.63212385914427,37.816973302828856],[-83.63216934560177,37.816973302828856],[-83.63223757528803,37.81704515255847],[-83.63232854820303,37.81704515255847],[-83.6323058049743,37.81708107739704],[-83.63219208883052,37.81709903980977],[-83.63219208883052,37.81720681419438],[-83.63244226434679,37.817404400157486],[-83.63251049403306,37.81751217409629]]]}},{"type":"Feature","properties":{"kind":"sunset","strength":0.5,"hard":false},"geometry":{"type":"Polygon","coordinates":[[[-83.63235129143177,37.81695534038553],[-83.63219208883052,37.81690145302933],[-83.63207837268676,37.81690145302933],[-83.63205562945801,37.8167397907247],[-83.63223757528803,37.8167397907247],[-83.63228306174553,37.81670386572002],[-83.63228306174553,37.8167397907247],[-83.63221483205928,37.81677571571188],[-83.63221483205928,37.816883490568515],[-83.63235129143177,37.81695534038553]]]}},{"type":"Feature","properties":{"kind":"sunset","strength":0.5,"hard":false},"geometry":{"type":"Polygon","coordinates":[[[-83.63235129143177,37.822559410648786],[-83.63226031851678,37.82245164407929],[-83.63219208883052,37.82225407162651],[-83.63228306174553,37.822343877352424],[-83.63235129143177,37.822559410648786]]]}},{"type":"Feature","properties":{"kind":"sunset","strength":0.5,"hard":false},"geometry":{"type":"Polygon","coordinates":[[[-83.6323967778893,37.81991908439777],[-83.63244226434679,37.81986519920511],[-83.63248775080429,37.81986519920511],[-83.63248775080429,37.81999093126012],[-83.63262421017679,37.81999093126012],[-83.63264695340555,37.81995500783768],[-83.63269243986305,37.81997296955108],[-83.63257872371929,37.82004481636098],[-83.6323967778893,37.82004481636098],[-83.6323967778893,37.81991908439777]]]}},{"type":"Feature","properties":{"kind":"sunset","strength":0.5,"hard":false},"geometry":{"type":"Polygon","coordinates":[[[-83.6327606695493,37.81833843573286],[-83.63264695340555,37.81833843573286],[-83.63269243986305,37.8181588144247],[-83.63260146694805,37.81788938164293],[-83.6325332372618,37.817853457197714],[-83.6325332372618,37.81774568375719],[-83.63260146694805,37.817655872436575],[-83.63260146694805,37.81781753273502],[-83.63266969663431,37.817853457197714],[-83.63266969663431,37.81796123048088],[-83.63273792632056,37.818104927947026],[-83.63280615600681,37.8181588144247],[-83.63294261537932,37.8181588144247],[-83.6327606695493,37.81821270086304],[-83.63282889923556,37.81841028413375],[-83.6327606695493,37.81833843573286]]]}},{"type":"Feature","properties":{"kind":"sunset","strength":0.5,"hard":false},"geometry":{"type":"Polygon","coordinates":[[[-83.63257872371929,37.81731458842163],[-83.63264695340555,37.817404400157486],[-83.63257872371929,37.81738643781907],[-83.63257872371929,37.81731458842163]]]}},{"type":"Feature","properties":{"kind":"sunset","strength":0.5,"hard":false},"geometry":{"type":"Polygon","coordinates":[[[-83.63282889923556,37.82061958832256],[-83.6327606695493,37.82040404936147],[-83.63269243986305,37.82033220290125],[-83.63269243986305,37.820134624775015],[-83.63285164246432,37.82006277805253],[-83.63278341277807,37.820188509770986],[-83.63278341277807,37.8203681261401],[-83.63285164246432,37.8206016267665],[-83.63291987215058,37.82069143450306],[-83.63282889923556,37.82061958832256]]]}},{"type":"Feature","properties":{"kind":"sunset","strength":0.5,"hard":false},"geometry":{"type":"Polygon","coordinates":[[[-83.63337473672559,37.81603924998024],[-83.63317004766682,37.81602128730964],[-83.63307907475183,37.816057212646484],[-83.63326102058184,37.8159673992716],[-83.63342022318308,37.81600332463466],[-83.63355668255561,37.81582369764452],[-83.63389783098687,37.81576980946224],[-83.63392057421562,37.81569795849135],[-83.63403429035938,37.81566203297968],[-83.63426172264687,37.81566203297968],[-83.63403429035938,37.81569795849135],[-83.63403429035938,37.81576980946224],[-83.63410252004563,37.81578777219403],[-83.63410252004563,37.81582369764452],[-83.63394331744436,37.81578777219403],[-83.63392057421562,37.81582369764452],[-83.6339660606731,37.81585962307751],[-83.63387508775813,37.81582369764452],[-83.63362491224186,37.81585962307751],[-83.63353393932684,37.815931473891055],[-83.63344296641183,37.81609313796583],[-83.63337473672559,37.81603924998024]]]}},{"type":"Feature","properties":{"kind":"sunset","strength":0.5,"hard":false},"geometry":{"type":"Polygon","coordinates":[[[-83.63307907475183,37.816057212646484],[-83.63307907475183,37.81623683906844],[-83.63305633152308,37.81623683906844],[-83.63303358829431,37.816057212646484],[-83.63307907475183,37.816057212646484]]]}},{"type":"Feature","properties":{"kind":"sunset","strength":0.5,"hard":false},"geometry":{"type":"Polygon","coordinates":[[[-83.63335199349685,37.820871049648325],[-83.63328376381058,37.8208890111388],[-83.63319279089558,37.8208890111388],[-83.63326102058184,37.82085308815346],[-83.63335199349685,37.820871049648325]]]}},{"type":"Feature","properties":{"kind":"sunset","strength":0.5,"hard":false},"geometry":{"type":"Polygon","coordinates":[[[-83.63405703358812,37.82160746717415],[-83.63387508775813,37.821463776526556],[-83.6338296013006,37.82135600835729],[-83.63389783098687,37.82128416282369],[-83.63389783098687,37.82115843297161],[-83.63371588515685,37.821140471546684],[-83.6336021690131,37.82108658724569],[-83.63357942578435,37.82092493410667],[-83.63362491224186,37.820871049648325],[-83.63362491224186,37.82103270290535],[-83.63367039869935,37.82106862580327],[-83.63398880390187,37.82110454868373],[-83.6339660606731,37.82149969921468],[-83.63405703358812,37.82160746717415]]]}},{"type":"Feature","properties":{"kind":"sunset","strength":0.5,"hard":false},"geometry":{"type":"Polygon","coordinates":[[[-83.63487578982317,37.815374628256954],[-83.63517145179694,37.81515907398064],[-83.6352396814832,37.81503333369546],[-83.6352396814832,37.814907593196125],[-83.63539888408444,37.81488963025017],[-83.6354216273132,37.81479981545482],[-83.6356035731432,37.81481777842263],[-83.63587649188821,37.81499740786037],[-83.63583100543072,37.8150153707801],[-83.63574003251571,37.81494351907494],[-83.6356035731432,37.81494351907494],[-83.6355580866857,37.81503333369546],[-83.6354671137707,37.81506925951307],[-83.6354671137707,37.815141111095855],[-83.6356035731432,37.815194999737066],[-83.63548985699944,37.815194999737066],[-83.63539888408444,37.81512314820672],[-83.63533065439819,37.81512314820672],[-83.6352851679407,37.81532073974687],[-83.6352396814832,37.815212962608726],[-83.63514870856818,37.815212962608726],[-83.63489853305191,37.81539259108491],[-83.63487578982317,37.81551833075819],[-83.63487578982317,37.815374628256954]]]}},{"type":"Feature","properties":{"kind":"sunset","strength":0.5,"hard":false},"geometry":{"type":"Polygon","coordinates":[[[-83.63628587000574,37.81539259108491],[-83.6363995861495,37.81530277690145],[-83.6363995861495,37.81517703686104],[-83.636354099692,37.81517703686104],[-83.636263126777,37.815266851197464],[-83.63624038354824,37.81523092547601],[-83.636354099692,37.81515907398064],[-83.63637684292075,37.815051296606455],[-83.63628587000574,37.81503333369546],[-83.63617215386198,37.81512314820672],[-83.63612666740448,37.815105185313215],[-83.63633135646324,37.814979444936256],[-83.63644507260699,37.81485370434514],[-83.63651330229325,37.81485370434514],[-83.63651330229325,37.81524888833892],[-83.63644507260699,37.81524888833892],[-83.63642232937825,37.81532073974687],[-83.63628587000574,37.81539259108491]]]}},{"type":"Feature","properties":{"kind":"sunset","strength":0.5,"hard":false},"geometry":{"type":"Polygon","coordinates":[[[-83.63628587000574,37.81539259108491],[-83.63624038354824,37.8154285167277],[-83.63621764031949,37.81553629355117],[-83.63621764031949,37.81541055390849],[-83.63624038354824,37.81539259108491],[-83.63628587000574,37.81539259108491]]]}},{"type":"Feature","properties":{"kind":"sunset","strength":0.75,"hard":false},"geometry":{"type":"Polygon","coordinates":[[[-83.61765916565851,37.82106862580327],[-83.61749996305726,37.8208890111388],[-83.61749996305726,37.82067347296449],[-83.61756819274352,37.82067347296449],[-83.61765916565851,37.8206016267665],[-83.61784111148852,37.82061958832256],[-83.61775013857353,37.82063754987424],[-83.61759093597226,37.82078124213033],[-83.61759093597226,37.82090697262492],[-83.61775013857353,37.82106862580327],[-83.61765916565851,37.82106862580327]]]}},{"type":"Feature","properties":{"kind":"sunset","strength":0.75,"hard":false},"geometry":{"type":"Polygon","coordinates":[[[-83.61806854377602,37.82043997256537],[-83.61793208440352,37.820314241275256],[-83.61793208440352,37.82026035637109],[-83.61802305731852,37.82022443307978],[-83.61806854377602,37.820116663100954],[-83.61829597606355,37.81995500783768],[-83.61825048960604,37.82000889296477],[-83.61825048960604,37.820098701422516],[-83.61820500314853,37.820116663100954],[-83.61825048960604,37.820242394727615],[-83.61811403023354,37.82022443307978],[-83.61811403023354,37.82027831801018],[-83.61825048960604,37.82038608775297],[-83.61809128700479,37.82035016452285],[-83.61806854377602,37.82043997256537]]]}},{"type":"Feature","properties":{"kind":"sunset","strength":0.75,"hard":false},"geometry":{"type":"Polygon","coordinates":[[[-83.61870535418107,37.81986519920511],[-83.61877358386734,37.81977539046326],[-83.61897827292607,37.819667619828806],[-83.61897827292607,37.81957781084657],[-83.61877358386734,37.81957781084657],[-83.61861438126606,37.81947003992364],[-83.61861438126606,37.819416154403164],[-83.61847792189354,37.81938023070099],[-83.61818225991979,37.81938023070099],[-83.61811403023354,37.8194341162477],[-83.61802305731852,37.8194341162477],[-83.61800031408978,37.81932634511496],[-83.61793208440352,37.81929042136908],[-83.61793208440352,37.819218573824884],[-83.61809128700479,37.81909284045425],[-83.61811403023354,37.81912876429629],[-83.61806854377602,37.819146726210754],[-83.61806854377602,37.819218573824884],[-83.61815951669104,37.81927245948959],[-83.61815951669104,37.81930838324421],[-83.61856889480855,37.81930838324421],[-83.6185461515798,37.81923653571749],[-83.61856889480855,37.819200611927904],[-83.61863712449482,37.81930838324421],[-83.61872809740981,37.81929042136908],[-83.61868261095232,37.8194341162477],[-83.61875084063857,37.8194341162477],[-83.61886455678231,37.81952392540477],[-83.6191147322986,37.81948800175505],[-83.61909198906983,37.819416154403164],[-83.61916021875608,37.81945207808785],[-83.61913747552734,37.81957781084657],[-83.61929667812859,37.81957781084657],[-83.61936490781486,37.81948800175505],[-83.6193876510436,37.81952392540477],[-83.6193421645861,37.819559849037006],[-83.61945588072986,37.81952392540477],[-83.61936490781486,37.819667619828806],[-83.61904650261233,37.819703543391114],[-83.61893278646858,37.81981131397312],[-83.61881907032483,37.81982927572149],[-83.61877358386734,37.81991908439777],[-83.61836420574981,37.81990112267125],[-83.61870535418107,37.81986519920511]]]}},{"type":"Feature","properties":{"kind":"sunset","strength":0.75,"hard":false},"geometry":{"type":"Polygon","coordinates":[[[-83.61829597606355,37.821840963879836],[-83.61818225991979,37.82167931239304],[-83.61829597606355,37.82157154453847],[-83.61843243543605,37.82157154453847],[-83.6185461515798,37.82162542848542],[-83.61870535418107,37.82162542848542],[-83.61879632709608,37.82166135109487],[-83.61879632709608,37.82175115754199],[-83.61872809740981,37.82182300262102],[-83.61870535418107,37.82169727368683],[-83.6185461515798,37.82164338979233],[-83.61834146252104,37.82166135109487],[-83.6182732328348,37.821733196261306],[-83.61829597606355,37.821840963879836]]]}},{"type":"Feature","properties":{"kind":"sunset","strength":0.75,"hard":false},"geometry":{"type":"Polygon","coordinates":[[[-83.61904650261233,37.82139193109786],[-83.61891004323984,37.82130212421364],[-83.61875084063857,37.82130212421364],[-83.6185461515798,37.82121231722016],[-83.6185461515798,37.82110454868373],[-83.61863712449482,37.82101474144984],[-83.61865986772357,37.82117639439216],[-83.61884181355357,37.82124824003066],[-83.61900101615483,37.82124824003066],[-83.61913747552734,37.821338046980436],[-83.6192511916711,37.821320085599226],[-83.61913747552734,37.82139193109786],[-83.61904650261233,37.82139193109786]]]}},{"type":"Feature","properties":{"kind":"sunset","strength":0.75,"hard":false},"geometry":{"type":"Polygon","coordinates":[[[-83.61881907032483,37.82329581132896],[-83.61868261095232,37.823188045834726],[-83.61870535418107,37.82315212396834],[-83.61859163803732,37.82309824113599],[-83.61863712449482,37.82263125494104],[-83.61872809740981,37.8225414495648],[-83.61881907032483,37.822523488476435],[-83.61877358386734,37.82221814930555],[-83.61900101615483,37.82202057622772],[-83.61895552969733,37.82207445984685],[-83.61895552969733,37.82221814930555],[-83.61902375938358,37.82243368296907],[-83.61902375938358,37.82259533280366],[-83.61916021875608,37.82263125494104],[-83.61902375938358,37.82264921600317],[-83.61906924584109,37.822721060208],[-83.61900101615483,37.82268513811434],[-83.61888730001107,37.82268513811434],[-83.61884181355357,37.822721060208],[-83.61877358386734,37.82304435826429],[-83.61877358386734,37.82324192860152],[-83.61881907032483,37.82329581132896]]]}},{"type":"Feature","properties":{"kind":"sunset","strength":0.75,"hard":false},"geometry":{"type":"Polygon","coordinates":[[[-83.61879632709608,37.82365502850665],[-83.61868261095232,37.82349338099306],[-83.61881907032483,37.823367654904374],[-83.61884181355357,37.823403576665854],[-83.61879632709608,37.823421537540035],[-83.61879632709608,37.82351134184539],[-83.61909198906983,37.82349338099306],[-83.61913747552734,37.823367654904374],[-83.61918296198485,37.82354726353693],[-83.61909198906983,37.82358318521098],[-83.61906924584109,37.82365502850665],[-83.61879632709608,37.82365502850665]],[[-83.61900101615483,37.82361910686756],[-83.61895552969733,37.8236370676893],[-83.61900101615483,37.8236370676893],[-83.61900101615483,37.82361910686756]]]}},{"type":"Feature","properties":{"kind":"sunset","strength":0.75,"hard":false},"geometry":{"type":"Polygon","coordinates":[[[-83.61931942135736,37.82496615636775],[-83.61927393489984,37.825073919265606],[-83.6192057052136,37.82510984019658],[-83.61918296198485,37.82519964244755],[-83.61895552969733,37.82521760288462],[-83.61895552969733,37.825307405004445],[-83.61900101615483,37.8253612862239],[-83.61877358386734,37.8251816820061],[-83.61877358386734,37.82512780065552],[-83.61884181355357,37.82510984019658],[-83.61916021875608,37.82509187973328],[-83.61931942135736,37.82496615636775]]]}},{"type":"Feature","properties":{"kind":"sunset","strength":0.75,"hard":false},"geometry":{"type":"Polygon","coordinates":[[[-83.61931942135736,37.824894314348434],[-83.61927393489984,37.82485839331254],[-83.61909198906983,37.824894314348434],[-83.61904650261233,37.82480451172593],[-83.61891004323984,37.824714708994144],[-83.61891004323984,37.82464286673005],[-83.6191147322986,37.824463260763835],[-83.6191147322986,37.824427339518124],[-83.61904650261233,37.824409378888724],[-83.61891004323984,37.8242836543605],[-83.61891004323984,37.824139968923106],[-83.61881907032483,37.824086086811974],[-83.61881907032483,37.82401424393593],[-83.61893278646858,37.82390647949072],[-83.61913747552734,37.82379871488817],[-83.61945588072986,37.82383463643984],[-83.61954685364486,37.82367298931963],[-83.61966056978862,37.823565224376146],[-83.61986525884738,37.823565224376146],[-83.61991074530488,37.82361910686756],[-83.61970605624612,37.823601146041455],[-83.61963782655987,37.82365502850665],[-83.61959234010237,37.823780754105776],[-83.61950136718735,37.82387055797402],[-83.61918296198485,37.82383463643984],[-83.61918296198485,37.82392444024253],[-83.61913747552734,37.82396036173299],[-83.61904650261233,37.82396036173299],[-83.61900101615483,37.82401424393593],[-83.61900101615483,37.824139968923106],[-83.61909198906983,37.8242836543605],[-83.61909198906983,37.8243734576168],[-83.61913747552734,37.82439141825494],[-83.61909198906983,37.82458898498607],[-83.61922844844234,37.824678787870845],[-83.6192511916711,37.82482247225917],[-83.61931942135736,37.82485839331254],[-83.61931942135736,37.824894314348434]]]}},{"type":"Feature","properties":{"kind":"sunset","strength":0.75,"hard":false},"geometry":{"type":"Polygon","coordinates":[[[-83.61893278646858,37.815105185313215],[-83.61902375938358,37.815087222415336],[-83.61902375938358,37.815141111095855],[-83.61893278646858,37.815105185313215]]]}},{"type":"Feature","properties":{"kind":"sunset","strength":0.75,"hard":false},"geometry":{"type":"Polygon","coordinates":[[[-83.61902375938358,37.821787080090246],[-83.61913747552734,37.821733196261306],[-83.6191147322986,37.82157154453847],[-83.61922844844234,37.8214817378728],[-83.6192057052136,37.82157154453847],[-83.61927393489984,37.82169727368683],[-83.6193876510436,37.82175115754199],[-83.61954685364486,37.821733196261306],[-83.6195695968736,37.82180504135781],[-83.61950136718735,37.82185892513429],[-83.61952411041611,37.821894847630105],[-83.61947862395861,37.821894847630105],[-83.61945588072986,37.821787080090246],[-83.6192511916711,37.8217691188183],[-83.6192057052136,37.82180504135781],[-83.6192057052136,37.821894847630105],[-83.61916021875608,37.82182300262102],[-83.61906924584109,37.82182300262102],[-83.61902375938358,37.821930770108416],[-83.61902375938358,37.821787080090246]]]}},{"type":"Feature","properties":{"kind":"sunset","strength":0.75,"hard":false},"geometry":{"type":"Polygon","coordinates":[[[-83.61945588072986,37.81968558161214],[-83.61954685364486,37.8196496580411],[-83.61979702916112,37.8196496580411],[-83.61972879947488,37.819703543391114],[-83.61947862395861,37.819703543391114],[-83.61945588072986,37.81977539046326],[-83.61945588072986,37.81968558161214]]]}},{"type":"Feature","properties":{"kind":"sunset","strength":0.75,"hard":false},"geometry":{"type":"Polygon","coordinates":[[[-83.62043383956616,37.819667619828806],[-83.62052481248116,37.8196496580411],[-83.62047932602366,37.81968558161214],[-83.62047932602366,37.81977539046326],[-83.6204110963374,37.819757428701784],[-83.62043383956616,37.819667619828806]]]}},{"type":"Feature","properties":{"kind":"sunset","strength":0.75,"hard":false},"geometry":{"type":"Polygon","coordinates":[[[-83.62054755570992,37.82329581132896],[-83.62061578539617,37.82324192860152],[-83.62059304216741,37.823367654904374],[-83.62082047445493,37.8233856157873],[-83.62072950153993,37.823439498409854],[-83.62054755570992,37.823439498409854],[-83.62054755570992,37.82329581132896]]]}},{"type":"Feature","properties":{"kind":"sunset","strength":0.75,"hard":false},"geometry":{"type":"Polygon","coordinates":[[[-83.62109339319996,37.82399628320599],[-83.6210706499712,37.82385259720912],[-83.62118436611493,37.82385259720912],[-83.62136631194495,37.82397832247168],[-83.6212525958012,37.82396036173299],[-83.62118436611493,37.8240322046615],[-83.62116162288619,37.82399628320599],[-83.62109339319996,37.82399628320599]]]}},{"type":"Feature","properties":{"kind":"sunset","strength":0.75,"hard":false},"geometry":{"type":"Polygon","coordinates":[[[-83.6211161364287,37.823367654904374],[-83.62136631194495,37.823223967683624],[-83.62150277131747,37.823223967683624],[-83.62157100100372,37.823277850424184],[-83.62157100100372,37.823313772229376],[-83.62152551454622,37.823277850424184],[-83.6212525958012,37.823313772229376],[-83.62122985257245,37.823421537540035],[-83.6212980822587,37.82347542013636],[-83.62120710934371,37.82345745927529],[-83.62116162288619,37.82349338099306],[-83.6210706499712,37.82349338099306],[-83.6211161364287,37.823367654904374]]]}},{"type":"Feature","properties":{"kind":"sunset","strength":0.75,"hard":false},"geometry":{"type":"Polygon","coordinates":[[[-83.62173020360497,37.82315212396834],[-83.622276041095,37.82297251437417],[-83.62238975723875,37.82290067041412],[-83.62245798692503,37.82290067041412],[-83.62266267598378,37.822667177060936],[-83.62277639212753,37.82264921600317],[-83.62248073015377,37.82293659240289],[-83.62238975723875,37.82293659240289],[-83.62234427078127,37.82299047535326],[-83.62225329786625,37.82299047535326],[-83.62184391974873,37.823170084903715],[-83.62175294683374,37.823170084903715],[-83.62173020360497,37.823223967683624],[-83.62173020360497,37.82315212396834]]]}},{"type":"Feature","properties":{"kind":"sunset","strength":0.75,"hard":false},"geometry":{"type":"Polygon","coordinates":[[[-83.62179843329123,37.82000889296477],[-83.62175294683374,37.82000889296477],[-83.62175294683374,37.819937046119904],[-83.62179843329123,37.81995500783768],[-83.62179843329123,37.82000889296477]]]}},{"type":"Feature","properties":{"kind":"sunset","strength":0.75,"hard":false},"geometry":{"type":"Polygon","coordinates":[[[-83.62195763589249,37.81995500783768],[-83.62220781140874,37.819883160940364],[-83.62211683849374,37.81995500783768],[-83.62200312234998,37.81995500783768],[-83.62195763589249,37.82002685466507],[-83.62195763589249,37.81995500783768]]]}},{"type":"Feature","properties":{"kind":"sunset","strength":0.75,"hard":false},"geometry":{"type":"Polygon","coordinates":[[[-83.62773441599528,37.816147025912095],[-83.62780264568154,37.81620091381901],[-83.62764344308029,37.81623683906844],[-83.62764344308029,37.816147025912095],[-83.62757521339402,37.81612906326772],[-83.62773441599528,37.816147025912095]]]}},{"type":"Feature","properties":{"kind":"sunset","strength":0.75,"hard":false},"geometry":{"type":"Polygon","coordinates":[[[-83.62994050918417,37.81603924998024],[-83.6300087388704,37.81600332463466],[-83.63003148209916,37.815931473891055],[-83.63007696855666,37.81603924998024],[-83.63025891438667,37.81602128730964],[-83.63005422532792,37.816164988552096],[-83.62991776595541,37.816147025912095],[-83.62994050918417,37.81603924998024]]]}},{"type":"Feature","properties":{"kind":"sunset","strength":0.75,"hard":false},"geometry":{"type":"Polygon","coordinates":[[[-83.63107767062172,37.82191280887145],[-83.63114590030798,37.82164338979233],[-83.63121412999422,37.82164338979233],[-83.63123687322297,37.821733196261306],[-83.63132784613798,37.82180504135781],[-83.63114590030798,37.8217691188183],[-83.63107767062172,37.82191280887145]]]}},{"type":"Feature","properties":{"kind":"sunset","strength":0.75,"hard":false},"geometry":{"type":"Polygon","coordinates":[[[-83.63223757528803,37.82227203278044],[-83.63235129143177,37.82237979961219],[-83.6323967778893,37.82259533280366],[-83.63235129143177,37.82257737172841],[-83.63235129143177,37.82248756628661],[-83.6323058049743,37.82246960518513],[-83.63223757528803,37.82227203278044]]]}},{"type":"Feature","properties":{"kind":"sunset","strength":0.75,"hard":false},"geometry":{"type":"Polygon","coordinates":[[[-83.63223757528803,37.82227203278044],[-83.63216934560177,37.82223611046822],[-83.63210111591553,37.82207445984685],[-83.63203288622927,37.82203853743847],[-83.63191917008551,37.82169727368683],[-83.6317372242555,37.82157154453847],[-83.63175996748424,37.821445815175935],[-83.63180545394175,37.821445815175935],[-83.63194191331426,37.821320085599226],[-83.63191917008551,37.821553583214076],[-83.63205562945801,37.82169727368683],[-83.63216934560177,37.822164265791315],[-83.63223757528803,37.82227203278044]]]}},{"type":"Feature","properties":{"kind":"sunset","strength":0.75,"hard":false},"geometry":{"type":"Polygon","coordinates":[[[-83.63194191331426,37.82117639439216],[-83.63182819717052,37.82108658724569],[-83.63185094039926,37.82078124213033],[-83.63196465654302,37.82078124213033],[-83.63203288622927,37.82083512665424],[-83.63210111591553,37.82083512665424],[-83.63216934560177,37.82076328061361],[-83.6323058049743,37.82074531909253],[-83.63223757528803,37.82076328061361],[-83.63210111591553,37.8208890111388],[-83.63201014300053,37.82090697262492],[-83.63201014300053,37.82130212421364],[-83.63194191331426,37.82117639439216]]]}},{"type":"Feature","properties":{"kind":"sunset","strength":0.75,"hard":false},"geometry":{"type":"Polygon","coordinates":[[[-83.63223757528803,37.815931473891055],[-83.63207837268676,37.81575184672607],[-83.63196465654302,37.81573388398554],[-83.63189642685677,37.8156799957377],[-83.631873683628,37.81544647954254],[-83.63205562945801,37.815266851197464],[-83.63205562945801,37.815626107450534],[-83.63216934560177,37.81566203297968],[-83.6323967778893,37.8158416603632],[-83.6325332372618,37.8158416603632],[-83.63260146694805,37.81580573492146],[-83.6325332372618,37.81587758578745],[-83.63235129143177,37.8159673992716],[-83.63223757528803,37.815931473891055]]]}},{"type":"Feature","properties":{"kind":"sunset","strength":0.75,"hard":false},"geometry":{"type":"Polygon","coordinates":[[[-83.63262421017679,37.817584023301386],[-83.63219208883052,37.81720681419438],[-83.63219208883052,37.81709903980977],[-83.6323058049743,37.81708107739704],[-83.63237403466054,37.8170092277024],[-83.6323967778893,37.81704515255847],[-83.63235129143177,37.81706311497994],[-83.63235129143177,37.81717088941701],[-83.6323967778893,37.817242738954285],[-83.63246500757553,37.81731458842163],[-83.63262421017679,37.8172786636967],[-83.63257872371929,37.81731458842163],[-83.63257872371929,37.81738643781907],[-83.63269243986305,37.81742236249155],[-83.63257872371929,37.81745828714656],[-83.63262421017679,37.817584023301386]]]}},{"type":"Feature","properties":{"kind":"sunset","strength":0.75,"hard":false},"geometry":{"type":"Polygon","coordinates":[[[-83.63226031851678,37.81657812806601],[-83.63223757528803,37.816218876445916],[-83.63228306174553,37.81620091381901],[-83.6323058049743,37.816057212646484],[-83.63235129143177,37.81602128730964],[-83.63266969663431,37.816057212646484],[-83.63273792632056,37.81612906326772],[-83.63266969663431,37.81609313796583],[-83.6325332372618,37.81609313796583],[-83.63244226434679,37.81620091381901],[-83.63241952111804,37.816326652115514],[-83.63235129143177,37.81636257730375],[-83.63237403466054,37.81659609060114],[-83.63226031851678,37.81657812806601]]]}},{"type":"Feature","properties":{"kind":"sunset","strength":0.75,"hard":false},"geometry":{"type":"Polygon","coordinates":[[[-83.6323058049743,37.81693737793784],[-83.63221483205928,37.816883490568515],[-83.63221483205928,37.81677571571188],[-83.63237403466054,37.81664997818025],[-83.63232854820303,37.81675775322047],[-83.63237403466054,37.816811640681564],[-83.63235129143177,37.81691941548577],[-83.6323967778893,37.81695534038553],[-83.6323058049743,37.81693737793784]]]}},{"type":"Feature","properties":{"kind":"sunset","strength":0.75,"hard":false},"geometry":{"type":"Polygon","coordinates":[[[-83.63248775080429,37.81986519920511],[-83.6325332372618,37.81986519920511],[-83.63255598049055,37.819937046119904],[-83.63269243986305,37.81995500783768],[-83.63262421017679,37.81999093126012],[-83.63248775080429,37.81999093126012],[-83.63248775080429,37.81986519920511]]]}},{"type":"Feature","properties":{"kind":"sunset","strength":0.75,"hard":false},"geometry":{"type":"Polygon","coordinates":[[[-83.63280615600681,37.8181588144247],[-83.63266969663431,37.81796123048088],[-83.63266969663431,37.817853457197714],[-83.63260146694805,37.81781753273502],[-83.63262421017679,37.817655872436575],[-83.63278341277807,37.818051041429996],[-83.63289712892181,37.81812289011061],[-83.63296535860808,37.818104927947026],[-83.63301084506556,37.81812289011061],[-83.63294261537932,37.8181588144247],[-83.63280615600681,37.8181588144247]]]}},{"type":"Feature","properties":{"kind":"sunset","strength":0.75,"hard":false},"geometry":{"type":"Polygon","coordinates":[[[-83.63278341277807,37.81841028413375],[-83.63266969663431,37.81841028413375],[-83.63266969663431,37.81833843573286],[-83.63273792632056,37.818320473621725],[-83.63282889923556,37.81844620830797],[-83.63278341277807,37.81841028413375]]]}},{"type":"Feature","properties":{"kind":"sunset","strength":0.75,"hard":false},"geometry":{"type":"Polygon","coordinates":[[[-83.63301084506556,37.82074531909253],[-83.63285164246432,37.8206016267665],[-83.63278341277807,37.8203681261401],[-83.63280615600681,37.820116663100954],[-83.63289712892181,37.82002685466507],[-83.63287438569306,37.82035016452285],[-83.63291987215058,37.82042201096561],[-83.63291987215058,37.8206016267665],[-83.63301084506556,37.82074531909253]]]}},{"type":"Feature","properties":{"kind":"sunset","strength":0.75,"hard":false},"geometry":{"type":"Polygon","coordinates":[[[-83.63287438569306,37.823439498409854],[-83.63289712892181,37.823529302693345],[-83.63282889923556,37.823529302693345],[-83.63282889923556,37.82345745927529],[-83.63287438569306,37.823439498409854]]]}},{"type":"Feature","properties":{"kind":"sunset","strength":0.75,"hard":false},"geometry":{"type":"Polygon","coordinates":[[[-83.63337473672559,37.816057212646484],[-83.63314730443808,37.816057212646484],[-83.63305633152308,37.81620091381901],[-83.63307907475183,37.816057212646484],[-83.63317004766682,37.81602128730964],[-83.63335199349685,37.81602128730964],[-83.63337473672559,37.816057212646484]]]}},{"type":"Feature","properties":{"kind":"sunset","strength":0.75,"hard":false},"geometry":{"type":"Polygon","coordinates":[[[-83.63337473672559,37.816057212646484],[-83.63344296641183,37.81609313796583],[-83.63353393932684,37.815931473891055],[-83.63362491224186,37.81585962307751],[-83.63387508775813,37.81582369764452],[-83.63398880390187,37.81587758578745],[-83.63380685807186,37.81587758578745],[-83.6336476554706,37.815931473891055],[-83.6336021690131,37.81598536195531],[-83.63355668255561,37.81598536195531],[-83.63348845286934,37.816147025912095],[-83.63344296641183,37.816147025912095],[-83.63344296641183,37.81611110061896],[-83.63337473672559,37.81612906326772],[-83.63337473672559,37.816057212646484]]]}},{"type":"Feature","properties":{"kind":"sunset","strength":0.75,"hard":false},"geometry":{"type":"Polygon","coordinates":[[[-83.63335199349685,37.82083512665424],[-83.63319279089558,37.820871049648325],[-83.63312456120931,37.82083512665424],[-83.63335199349685,37.82083512665424]]]}},{"type":"Feature","properties":{"kind":"sunset","strength":0.75,"hard":false},"geometry":{"type":"Polygon","coordinates":[[[-83.63410252004563,37.82166135109487],[-83.6339660606731,37.82149969921468],[-83.63398880390187,37.82110454868373],[-83.63367039869935,37.82106862580327],[-83.63362491224186,37.82103270290535],[-83.63362491224186,37.82090697262492],[-83.63367039869935,37.82085308815346],[-83.63367039869935,37.82096085705705],[-83.63373862838561,37.82101474144984],[-83.63407977681688,37.82108658724569],[-83.63405703358812,37.82115843297161],[-83.63401154713063,37.82117639439216],[-83.63401154713063,37.82130212421364],[-83.63407977681688,37.82142785382095],[-83.63410252004563,37.82166135109487]]]}},{"type":"Feature","properties":{"kind":"sunset","strength":0.75,"hard":false},"geometry":{"type":"Polygon","coordinates":[[[-83.63373862838561,37.816164988552096],[-83.63371588515685,37.81612906326772],[-83.63380685807186,37.81612906326772],[-83.63380685807186,37.816147025912095],[-83.63373862838561,37.816164988552096]]]}},{"type":"Feature","properties":{"kind":"sunset","strength":0.75,"hard":false},"geometry":{"type":"Polygon","coordinates":[[[-83.63385234452936,37.816164988552096],[-83.6339660606731,37.816164988552096],[-83.63398880390187,37.8162548016866],[-83.63394331744436,37.81618295118774],[-83.63385234452936,37.816164988552096]]]}},{"type":"Feature","properties":{"kind":"sunset","strength":0.75,"hard":false},"geometry":{"type":"Polygon","coordinates":[[[-83.63410252004563,37.81578777219403],[-83.63403429035938,37.81576980946224],[-83.63403429035938,37.81569795849135],[-83.63407977681688,37.8156799957377],[-83.63426172264687,37.8156799957377],[-83.6343981820194,37.81573388398554],[-83.63432995233315,37.81575184672607],[-83.63428446587565,37.81571592124063],[-83.6341707497319,37.81571592124063],[-83.6341707497319,37.81585962307751],[-83.63410252004563,37.81582369764452],[-83.63410252004563,37.81578777219403]]]}},{"type":"Feature","properties":{"kind":"sunset","strength":0.75,"hard":false},"geometry":{"type":"Polygon","coordinates":[[[-83.63492127628066,37.81551833075819],[-83.63489853305191,37.81539259108491],[-83.63508047888192,37.81524888833892],[-83.6352396814832,37.815212962608726],[-83.63526242471194,37.81532073974687],[-83.63535339762694,37.81539259108491],[-83.6352851679407,37.81535666542463],[-83.63514870856818,37.81535666542463],[-83.63494401950942,37.8154285167277],[-83.63494401950942,37.81551833075819],[-83.63498950596693,37.81557221912403],[-83.63492127628066,37.81551833075819]]]}},{"type":"Feature","properties":{"kind":"sunset","strength":0.75,"hard":false},"geometry":{"type":"Polygon","coordinates":[[[-83.6356945460582,37.81524888833892],[-83.6356035731432,37.81517703686104],[-83.6354671137707,37.815141111095855],[-83.6354671137707,37.81506925951307],[-83.6355580866857,37.81503333369546],[-83.6356035731432,37.81494351907494],[-83.63574003251571,37.81494351907494],[-83.63594472157449,37.81506925951307],[-83.6356945460582,37.815051296606455],[-83.63564905960072,37.815087222415336],[-83.63564905960072,37.815194999737066],[-83.6356945460582,37.81524888833892]]]}},{"type":"Feature","properties":{"kind":"sunset","strength":0.75,"hard":false},"geometry":{"type":"Polygon","coordinates":[[[-83.63619489709075,37.81515907398064],[-83.63610392417573,37.815141111095855],[-83.63628587000574,37.81503333369546],[-83.63637684292075,37.815051296606455],[-83.636354099692,37.81515907398064],[-83.63624038354824,37.81523092547601],[-83.63624038354824,37.815266851197464],[-83.63612666740448,37.81528481405164],[-83.63619489709075,37.81524888833892],[-83.63619489709075,37.81515907398064]]]}},{"type":"Feature","properties":{"kind":"sunset","strength":0.75,"hard":false},"geometry":{"type":"Polygon","coordinates":[[[-83.63624038354824,37.8154285167277],[-83.63642232937825,37.81532073974687],[-83.63644507260699,37.81524888833892],[-83.63651330229325,37.81524888833892],[-83.63651330229325,37.81539259108491],[-83.63630861323449,37.8154285167277],[-83.63624038354824,37.81550036796083],[-83.63624038354824,37.8154285167277]]]}},{"type":"Feature","properties":{"kind":"sunset","strength":1.0,"hard":false},"geometry":{"type":"Polygon","coordinates":[[[-83.61749996305726,37.81582369764452],[-83.61781836825978,37.81573388398554],[-83.61777288180227,37.81569795849135],[-83.61793208440352,37.81571592124063],[-83.61790934117477,37.81576980946224],[-83.61749996305726,37.8159673992716],[-83.61749996305726,37.81582369764452]]]}},{"type":"Feature","properties":{"kind":"sunset","strength":1.0,"hard":false},"geometry":{"type":"Polygon","coordinates":[[[-83.61781836825978,37.82070939603725],[-83.61815951669104,37.82042201096561],[-83.61809128700479,37.82042201096561],[-83.61809128700479,37.82035016452285],[-83.61818225991979,37.82035016452285],[-83.61829597606355,37.82042201096561],[-83.61829597606355,37.82047589575177],[-83.61813677346228,37.82061958832256],[-83.61809128700479,37.82061958832256],[-83.61800031408978,37.82070939603725],[-83.61788659794603,37.82072735756707],[-83.61784111148852,37.82085308815346],[-83.61777288180227,37.82090697262492],[-83.61779562503101,37.82097881852568],[-83.61786385471729,37.8208890111388],[-83.61790934117477,37.8208890111388],[-83.61797757086103,37.820817165150636],[-83.61804580054728,37.820817165150636],[-83.61795482763229,37.82092493410667],[-83.61793208440352,37.82103270290535],[-83.61786385471729,37.821050664356505],[-83.61786385471729,37.82101474144984],[-83.61781836825978,37.82101474144984],[-83.61779562503101,37.821050664356505],[-83.61772739534476,37.821050664356505],[-83.61759093597226,37.82090697262492],[-83.61759093597226,37.82078124213033],[-83.61775013857353,37.82063754987424],[-83.61781836825978,37.82063754987424],[-83.61777288180227,37.82067347296449],[-83.61781836825978,37.82070939603725]],[[-83.61779562503101,37.82074531909253],[-83.61777288180227,37.82070939603725],[-83.61777288180227,37.82074531909253],[-83.61779562503101,37.82074531909253]],[[-83.61777288180227,37.82076328061361],[-83.61775013857353,37.82074531909253],[-83.61775013857353,37.82076328061361],[-83.61777288180227,37.82076328061361]],[[-83.61775013857353,37.82076328061361],[-83.61770465211602,37.82076328061361],[-83.61770465211602,37.820799203642665],[-83.61772739534476,37.820799203642665],[-83.61775013857353,37.82076328061361]],[[-83.61770465211602,37.820817165150636],[-83.61768190888726,37.820799203642665],[-83.61768190888726,37.820817165150636],[-83.61770465211602,37.820817165150636]],[[-83.61802305731852,37.82056570364129],[-83.61800031408978,37.820583665206094],[-83.61802305731852,37.820583665206094],[-83.61802305731852,37.82056570364129]],[[-83.61818225991979,37.82047589575177],[-83.61820500314853,37.82049385733841],[-83.6182277463773,37.82047589575177],[-83.61818225991979,37.82047589575177]]]}},{"type":"Feature","properties":{"kind":"sunset","strength":1.0,"hard":false},"geometry":{"type":"Polygon","coordinates":[[[-83.61815951669104,37.81930838324421],[-83.61806854377602,37.819218573824884],[-83.61806854377602,37.819146726210754],[-83.61815951669104,37.81905691659473],[-83.61825048960604,37.81905691659473],[-83.6184551786648,37.819164688120836],[-83.61843243543605,37.819200611927904],[-83.61852340835107,37.819182650026555],[-83.61856889480855,37.81930838324421],[-83.61815951669104,37.81930838324421]]]}},{"type":"Feature","properties":{"kind":"sunset","strength":1.0,"hard":false},"geometry":{"type":"Polygon","coordinates":[[[-83.61809128700479,37.82069143450306],[-83.61820500314853,37.82067347296449],[-83.61820500314853,37.82070939603725],[-83.61806854377602,37.82076328061361],[-83.61809128700479,37.82069143450306]]]}},{"type":"Feature","properties":{"kind":"sunset","strength":1.0,"hard":false},"geometry":{"type":"Polygon","coordinates":[[[-83.61834146252104,37.8202962796449],[-83.61820500314853,37.820188509770986],[-83.61820500314853,37.820116663100954],[-83.61825048960604,37.820098701422516],[-83.61825048960604,37.82000889296477],[-83.61836420574981,37.81990112267125],[-83.61877358386734,37.81991908439777],[-83.61881907032483,37.81982927572149],[-83.61893278646858,37.81981131397312],[-83.61904650261233,37.819703543391114],[-83.61936490781486,37.819667619828806],[-83.61954685364486,37.81945207808785],[-83.61981977238986,37.81959577265176],[-83.61981977238986,37.819631696249026],[-83.61975154270363,37.819667619828806],[-83.61947862395861,37.819667619828806],[-83.61945588072986,37.81977539046326],[-83.6193876510436,37.81977539046326],[-83.61936490781486,37.81981131397312],[-83.61902375938358,37.819937046119904],[-83.61893278646858,37.819937046119904],[-83.61884181355357,37.82000889296477],[-83.61875084063857,37.81997296955108],[-83.61872809740981,37.82000889296477],[-83.61863712449482,37.82002685466507],[-83.61840969220731,37.8202962796449],[-83.61834146252104,37.8202962796449]],[[-83.61840969220731,37.820152586444706],[-83.61836420574981,37.82020647142756],[-83.61834146252104,37.82022443307978],[-83.61838694897855,37.82022443307978],[-83.61840969220731,37.820152586444706]],[[-83.61859163803732,37.82004481636098],[-83.61865986772357,37.81995500783768],[-83.61852340835107,37.82000889296477],[-83.61843243543605,37.820116663100954],[-83.61859163803732,37.82004481636098]]]}},{"type":"Feature","properties":{"kind":"sunset","strength":1.0,"hard":false},"geometry":{"type":"Polygon","coordinates":[[[-83.61843243543605,37.82185892513429],[-83.61852340835107,37.821840963879836],[-83.61861438126606,37.82175115754199],[-83.61834146252104,37.82187688638438],[-83.6182732328348,37.82180504135781],[-83.6182732328348,37.821733196261306],[-83.61834146252104,37.82166135109487],[-83.6185461515798,37.82164338979233],[-83.61870535418107,37.82169727368683],[-83.61872809740981,37.8217691188183],[-83.61865986772357,37.82185892513429],[-83.61859163803732,37.82182300262102],[-83.61859163803732,37.82185892513429],[-83.6184551786648,37.821894847630105],[-83.61843243543605,37.82185892513429]]]}},{"type":"Feature","properties":{"kind":"sunset","strength":1.0,"hard":false},"geometry":{"type":"Polygon","coordinates":[[[-83.61913747552734,37.821338046980436],[-83.61900101615483,37.82124824003066],[-83.61884181355357,37.82124824003066],[-83.61865986772357,37.82117639439216],[-83.61865986772357,37.82101474144984],[-83.61872809740981,37.82097881852568],[-83.61897827292607,37.821140471546684],[-83.61913747552734,37.82112251011739],[-83.61929667812859,37.82124824003066],[-83.61929667812859,37.82128416282369],[-83.6192057052136,37.821338046980436],[-83.61913747552734,37.821338046980436]]]}},{"type":"Feature","properties":{"kind":"sunset","strength":1.0,"hard":false},"geometry":{"type":"Polygon","coordinates":[[[-83.61886455678231,37.81952392540477],[-83.61870535418107,37.819416154403164],[-83.61870535418107,37.81932634511496],[-83.61877358386734,37.81925449760572],[-83.61884181355357,37.81925449760572],[-83.61884181355357,37.81929042136908],[-83.61897827292607,37.819398192554274],[-83.61909198906983,37.819416154403164],[-83.6191147322986,37.81948800175505],[-83.61886455678231,37.81952392540477]]]}},{"type":"Feature","properties":{"kind":"sunset","strength":1.0,"hard":false},"geometry":{"type":"Polygon","coordinates":[[[-83.61916021875608,37.8227929043429],[-83.61904650261233,37.822954553390716],[-83.61904650261233,37.82320600676136],[-83.61900101615483,37.82324192860152],[-83.61900101615483,37.823331733125414],[-83.6191147322986,37.8233856157873],[-83.6191147322986,37.82347542013636],[-83.61879632709608,37.82351134184539],[-83.61879632709608,37.823421537540035],[-83.61886455678231,37.823367654904374],[-83.61886455678231,37.823313772229376],[-83.61877358386734,37.82324192860152],[-83.61884181355357,37.822721060208],[-83.61888730001107,37.82268513811434],[-83.61900101615483,37.82268513811434],[-83.61909198906983,37.82273902124829],[-83.61906924584109,37.822810865365696],[-83.61916021875608,37.8227929043429]],[[-83.61906924584109,37.822828826384125],[-83.61904650261233,37.822810865365696],[-83.61904650261233,37.822828826384125],[-83.61906924584109,37.822828826384125]]]}},{"type":"Feature","properties":{"kind":"sunset","strength":1.0,"hard":false},"geometry":{"type":"Polygon","coordinates":[[[-83.61897827292607,37.81512314820672],[-83.61900101615483,37.81515907398064],[-83.61884181355357,37.815212962608726],[-83.61886455678231,37.815105185313215],[-83.61897827292607,37.81512314820672]]]}},{"type":"Feature","properties":{"kind":"sunset","strength":1.0,"hard":false},"geometry":{"type":"Polygon","coordinates":[[[-83.61893278646858,37.81929042136908],[-83.61897827292607,37.81929042136908],[-83.61902375938358,37.81934430698134],[-83.61897827292607,37.81934430698134],[-83.61893278646858,37.81929042136908]]]}},{"type":"Feature","properties":{"kind":"sunset","strength":1.0,"hard":false},"geometry":{"type":"Polygon","coordinates":[[[-83.61918296198485,37.8225414495648],[-83.61918296198485,37.82263125494104],[-83.61902375938358,37.82259533280366],[-83.61902375938358,37.82243368296907],[-83.61895552969733,37.82221814930555],[-83.61895552969733,37.82207445984685],[-83.61902375938358,37.82202057622772],[-83.61906924584109,37.82182300262102],[-83.61916021875608,37.82182300262102],[-83.6192057052136,37.821894847630105],[-83.61918296198485,37.821948731341024],[-83.6192511916711,37.82207445984685],[-83.61922844844234,37.82223611046822],[-83.61927393489984,37.82227203278044],[-83.61927393489984,37.82246960518513],[-83.61931942135736,37.82248756628661],[-83.6192511916711,37.82264921600317],[-83.61922844844234,37.8225414495648],[-83.61918296198485,37.8225414495648]]]}},{"type":"Feature","properties":{"kind":"sunset","strength":1.0,"hard":false},"geometry":{"type":"Polygon","coordinates":[[[-83.61986525884738,37.82367298931963],[-83.61988800207612,37.8237089109325],[-83.61977428593238,37.82376279331901],[-83.61970605624612,37.82390647949072],[-83.6195695968736,37.82401424393593],[-83.61947862395861,37.82401424393593],[-83.61950136718735,37.82396036173299],[-83.61945588072986,37.82396036173299],[-83.61927393489984,37.824086086811974],[-83.6192511916711,37.82421181167677],[-83.61931942135736,37.82417589030869],[-83.61931942135736,37.824086086811974],[-83.61936490781486,37.824050165382694],[-83.61952411041611,37.824050165382694],[-83.61952411041611,37.824086086811974],[-83.6194331375011,37.82412200822378],[-83.61936490781486,37.82421181167677],[-83.61936490781486,37.82433753632739],[-83.61931942135736,37.82439141825494],[-83.61936490781486,37.824463260763835],[-83.61950136718735,37.82451714259959],[-83.61952411041611,37.82464286673005],[-83.61945588072986,37.8246249061531],[-83.61952411041611,37.82480451172593],[-83.61950136718735,37.824930235366836],[-83.61959234010237,37.82502003783634],[-83.61961508333113,37.82516372156027],[-83.61950136718735,37.82527148416963],[-83.6194331375011,37.82528944458923],[-83.61931942135736,37.825469048544775],[-83.61916021875608,37.825469048544775],[-83.61895552969733,37.825307405004445],[-83.61895552969733,37.82521760288462],[-83.6192057052136,37.8251816820061],[-83.6192057052136,37.82510984019658],[-83.61931942135736,37.825002077351186],[-83.6193421645861,37.824894314348434],[-83.6192511916711,37.82482247225917],[-83.61922844844234,37.824678787870845],[-83.61909198906983,37.82458898498607],[-83.61909198906983,37.82449918199204],[-83.61918296198485,37.82448122138012],[-83.6192057052136,37.824409378888724],[-83.61913747552734,37.824427339518124],[-83.61909198906983,37.8243734576168],[-83.61909198906983,37.8242836543605],[-83.61900101615483,37.824139968923106],[-83.61900101615483,37.82401424393593],[-83.61904650261233,37.82396036173299],[-83.61913747552734,37.82396036173299],[-83.61918296198485,37.82392444024253],[-83.61918296198485,37.82383463643984],[-83.61950136718735,37.82387055797402],[-83.61970605624612,37.823601146041455],[-83.61991074530488,37.82361910686756],[-83.61986525884738,37.82367298931963]],[[-83.61986525884738,37.82367298931963],[-83.61984251561864,37.82367298931963],[-83.61984251561864,37.82369095012826],[-83.61986525884738,37.82369095012826],[-83.61986525884738,37.82367298931963]],[[-83.61950136718735,37.82394240098995],[-83.61952411041611,37.82396036173299],[-83.61952411041611,37.82394240098995],[-83.61950136718735,37.82394240098995]],[[-83.61922844844234,37.82528944458923],[-83.61922844844234,37.82523556331733],[-83.61927393489984,37.82519964244755],[-83.6192057052136,37.82521760288462],[-83.61922844844234,37.82528944458923]],[[-83.6192057052136,37.825307405004445],[-83.61916021875608,37.82528944458923],[-83.61916021875608,37.825307405004445],[-83.6192057052136,37.825307405004445]],[[-83.61929667812859,37.82532536541531],[-83.61931942135736,37.82525352374567],[-83.61916021875608,37.825415167403996],[-83.61922844844234,37.825415167403996],[-83.6192511916711,37.825343325821784],[-83.61929667812859,37.82532536541531]]]}},{"type":"Feature","properties":{"kind":"sunset","strength":1.0,"hard":false},"geometry":{"type":"Polygon","coordinates":[[[-83.61913747552734,37.82313416302859],[-83.61916021875608,37.82320600676136],[-83.61906924584109,37.82329581132896],[-83.61909198906983,37.82313416302859],[-83.61913747552734,37.82313416302859]]]}},{"type":"Feature","properties":{"kind":"sunset","strength":1.0,"hard":false},"geometry":{"type":"Polygon","coordinates":[[[-83.61913747552734,37.81947003992364],[-83.61927393489984,37.819398192554274],[-83.6193876510436,37.81945207808785],[-83.61929667812859,37.81957781084657],[-83.61913747552734,37.81957781084657],[-83.61913747552734,37.81947003992364]]]}},{"type":"Feature","properties":{"kind":"sunset","strength":1.0,"hard":false},"geometry":{"type":"Polygon","coordinates":[[[-83.6195695968736,37.821948731341024],[-83.61950136718735,37.82185892513429],[-83.6195695968736,37.82180504135781],[-83.6195695968736,37.82175115754199],[-83.61931942135736,37.821733196261306],[-83.6192057052136,37.82157154453847],[-83.6192511916711,37.821445815175935],[-83.61931942135736,37.82149969921468],[-83.61927393489984,37.82137396972976],[-83.61931942135736,37.82137396972976],[-83.61941039427235,37.821463776526556],[-83.61941039427235,37.821553583214076],[-83.61975154270363,37.82166135109487],[-83.61986525884738,37.8217691188183],[-83.61986525884738,37.82182300262102],[-83.61979702916112,37.82182300262102],[-83.61961508333113,37.821948731341024],[-83.6195695968736,37.821948731341024]]]}},{"type":"Feature","properties":{"kind":"sunset","strength":1.0,"hard":false},"geometry":{"type":"Polygon","coordinates":[[[-83.61931942135736,37.82263125494104],[-83.6193876510436,37.82245164407929],[-83.6194331375011,37.82250552738371],[-83.6193876510436,37.82273902124829],[-83.61931942135736,37.822721060208],[-83.61931942135736,37.82263125494104]]]}},{"type":"Feature","properties":{"kind":"sunset","strength":1.0,"hard":false},"geometry":{"type":"Polygon","coordinates":[[[-83.61947862395861,37.82412200822378],[-83.61952411041611,37.82412200822378],[-83.61954685364486,37.824086086811974],[-83.61968331301736,37.824050165382694],[-83.61961508333113,37.82417589030869],[-83.6194331375011,37.82426569369612],[-83.61947862395861,37.82412200822378]]]}},{"type":"Feature","properties":{"kind":"sunset","strength":1.0,"hard":false},"geometry":{"type":"Polygon","coordinates":[[[-83.61954685364486,37.82451714259959],[-83.61961508333113,37.82458898498607],[-83.6195695968736,37.82460694557177],[-83.61954685364486,37.82451714259959]]]}},{"type":"Feature","properties":{"kind":"sunset","strength":1.0,"hard":false},"geometry":{"type":"Polygon","coordinates":[[[-83.61961508333113,37.82521760288462],[-83.61970605624612,37.82509187973328],[-83.61970605624612,37.82519964244755],[-83.61961508333113,37.82521760288462]]]}},{"type":"Feature","properties":{"kind":"sunset","strength":1.0,"hard":false},"geometry":{"type":"Polygon","coordinates":[[[-83.61979702916112,37.82397832247168],[-83.61988800207612,37.82388851873456],[-83.61988800207612,37.82394240098995],[-83.61979702916112,37.82397832247168]]]}},{"type":"Feature","properties":{"kind":"sunset","strength":1.0,"hard":false},"geometry":{"type":"Polygon","coordinates":[[[-83.61986525884738,37.823780754105776],[-83.61984251561864,37.82383463643984],[-83.61979702916112,37.82383463643984],[-83.61981977238986,37.823780754105776],[-83.61986525884738,37.823780754105776]]]}},{"type":"Feature","properties":{"kind":"sunset","strength":1.0,"hard":false},"geometry":{"type":"Polygon","coordinates":[[[-83.61993348853363,37.823780754105776],[-83.61997897499114,37.823780754105776],[-83.61997897499114,37.82383463643984],[-83.61993348853363,37.82383463643984],[-83.61993348853363,37.823780754105776]]]}},{"type":"Feature","properties":{"kind":"sunset","strength":1.0,"hard":false},"geometry":{"type":"Polygon","coordinates":[[[-83.6210706499712,37.81990112267125],[-83.62070675831117,37.81977539046326],[-83.62066127185368,37.81979335222037],[-83.62063852862491,37.819757428701784],[-83.62047932602366,37.819757428701784],[-83.62047932602366,37.81968558161214],[-83.62059304216741,37.81961373445258],[-83.62066127185368,37.81972150516571],[-83.62075224476867,37.81973946693593],[-83.62077498799742,37.81977539046326],[-83.62095693382744,37.81979335222037],[-83.6209796770562,37.819757428701784],[-83.62109339319996,37.81982927572149],[-83.6211161364287,37.819883160940364],[-83.6210706499712,37.81990112267125]]]}},{"type":"Feature","properties":{"kind":"sunset","strength":1.0,"hard":false},"geometry":{"type":"Polygon","coordinates":[[[-83.62061578539617,37.82324192860152],[-83.62086596091244,37.823277850424184],[-83.62086596091244,37.823331733125414],[-83.62077498799742,37.8233856157873],[-83.62059304216741,37.823367654904374],[-83.62061578539617,37.82324192860152]],[[-83.62063852862491,37.82325988951504],[-83.62066127185368,37.823277850424184],[-83.62066127185368,37.82325988951504],[-83.62063852862491,37.82325988951504]]]}},{"type":"Feature","properties":{"kind":"sunset","strength":1.0,"hard":false},"geometry":{"type":"Polygon","coordinates":[[[-83.62068401508243,37.82313416302859],[-83.62082047445493,37.82313416302859],[-83.62082047445493,37.82320600676136],[-83.62066127185368,37.823188045834726],[-83.62068401508243,37.82313416302859]]]}},{"type":"Feature","properties":{"kind":"sunset","strength":1.0,"hard":false},"geometry":{"type":"Polygon","coordinates":[[[-83.62132082548746,37.824139968923106],[-83.62120710934371,37.824050165382694],[-83.62120710934371,37.82397832247168],[-83.6212980822587,37.82396036173299],[-83.62145728485996,37.82399628320599],[-83.62145728485996,37.824050165382694],[-83.62148002808873,37.82397832247168],[-83.62152551454622,37.82397832247168],[-83.62152551454622,37.82410404752006],[-83.62148002808873,37.82410404752006],[-83.6214345416312,37.82415792961809],[-83.62132082548746,37.824139968923106]]]}},{"type":"Feature","properties":{"kind":"sunset","strength":1.0,"hard":false},"geometry":{"type":"Polygon","coordinates":[[[-83.62136631194495,37.823529302693345],[-83.62122985257245,37.823421537540035],[-83.6212525958012,37.823313772229376],[-83.62152551454622,37.823277850424184],[-83.62159374423246,37.823331733125414],[-83.62157100100372,37.823421537540035],[-83.62145728485996,37.82347542013636],[-83.62145728485996,37.823529302693345],[-83.62136631194495,37.823529302693345]]]}},{"type":"Feature","properties":{"kind":"sunset","strength":1.0,"hard":false},"geometry":{"type":"Polygon","coordinates":[[[-83.62154825777496,37.82347542013636],[-83.62168471714747,37.823421537540035],[-83.62168471714747,37.82345745927529],[-83.62154825777496,37.82351134184539],[-83.62154825777496,37.82347542013636]]]}},{"type":"Feature","properties":{"kind":"sunset","strength":1.0,"hard":false},"geometry":{"type":"Polygon","coordinates":[[[-83.62168471714747,37.81999093126012],[-83.62161648746122,37.82000889296477],[-83.62154825777496,37.81997296955108],[-83.62168471714747,37.81995500783768],[-83.62168471714747,37.81999093126012]]]}},{"type":"Feature","properties":{"kind":"sunset","strength":1.0,"hard":false},"geometry":{"type":"Polygon","coordinates":[[[-83.62175294683374,37.823170084903715],[-83.62184391974873,37.823170084903715],[-83.62225329786625,37.82299047535326],[-83.62234427078127,37.82299047535326],[-83.62238975723875,37.82293659240289],[-83.62248073015377,37.82293659240289],[-83.62263993275504,37.822810865365696],[-83.62270816244128,37.82268513811434],[-83.62275364889878,37.82268513811434],[-83.62286736504254,37.82257737172841],[-83.62295833795754,37.82257737172841],[-83.62302656764379,37.82248756628661],[-83.62311754055881,37.82246960518513],[-83.62311754055881,37.822523488476435],[-83.62302656764379,37.82259533280366],[-83.62293559472879,37.82277494331573],[-83.62273090567004,37.822882709413165],[-83.62273090567004,37.822954553390716],[-83.6224125004675,37.82304435826429],[-83.62216232495126,37.823188045834726],[-83.62191214943499,37.82325988951504],[-83.62184391974873,37.823313772229376],[-83.62175294683374,37.823313772229376],[-83.62175294683374,37.823170084903715]]]}},{"type":"Feature","properties":{"kind":"sunset","strength":1.0,"hard":false},"geometry":{"type":"Polygon","coordinates":[[[-83.62245798692503,37.81986519920511],[-83.62236701401001,37.819883160940364],[-83.6224125004675,37.81997296955108],[-83.62232152755251,37.82002685466507],[-83.62211683849374,37.82002685466507],[-83.62207135203624,37.8200807397397],[-83.62202586557875,37.8200807397397],[-83.62198037912124,37.82002685466507],[-83.62200312234998,37.81995500783768],[-83.62216232495126,37.819937046119904],[-83.62232152755251,37.81982927572149],[-83.62245798692503,37.81982927572149],[-83.62245798692503,37.81986519920511]],[[-83.62234427078127,37.81984723746548],[-83.62232152755251,37.81986519920511],[-83.62234427078127,37.81986519920511],[-83.62234427078127,37.81984723746548]]]}},{"type":"Feature","properties":{"kind":"sunset","strength":1.0,"hard":false},"geometry":{"type":"Polygon","coordinates":[[[-83.62650628164272,37.81659609060114],[-83.62689291653149,37.81634461471182],[-83.62709760559027,37.81630868951483],[-83.62709760559027,37.81627276430038],[-83.6271658352765,37.81623683906844],[-83.62730229464901,37.816218876445916],[-83.62743875402153,37.81612906326772],[-83.62764344308029,37.816147025912095],[-83.62764344308029,37.816218876445916],[-83.62748424047903,37.81623683906844],[-83.62746149725027,37.81627276430038],[-83.62732503787777,37.81629072690979],[-83.62714309204776,37.816380539891306],[-83.62700663267526,37.8163985024745],[-83.62698388944649,37.81645239019785],[-83.62689291653149,37.81647035276355],[-83.6268019436165,37.81654220298268],[-83.62673371393024,37.81654220298268],[-83.62659725455774,37.816667940697876],[-83.62650628164272,37.816667940697876],[-83.62650628164272,37.81659609060114]]]}},{"type":"Feature","properties":{"kind":"sunset","strength":1.0,"hard":false},"geometry":{"type":"Polygon","coordinates":[[[-83.62839396962907,37.81643442762777],[-83.62839396962907,37.81647035276355],[-83.62828025348533,37.81647035276355],[-83.62828025348533,37.8163985024745],[-83.62839396962907,37.81643442762777]]]}},{"type":"Feature","properties":{"kind":"sunset","strength":1.0,"hard":false},"geometry":{"type":"Polygon","coordinates":[[[-83.63009971178542,37.8158416603632],[-83.63021342792918,37.8158416603632],[-83.63034988730169,37.815949436583516],[-83.63021342792918,37.81603924998024],[-83.63007696855666,37.81603924998024],[-83.63005422532792,37.81587758578745],[-83.63009971178542,37.8158416603632]]]}},{"type":"Feature","properties":{"kind":"sunset","strength":1.0,"hard":false},"geometry":{"type":"Polygon","coordinates":[[[-83.63107767062172,37.82191280887145],[-83.63114590030798,37.8217691188183],[-83.63128235968048,37.821787080090246],[-83.631418819053,37.82187688638438],[-83.631418819053,37.821930770108416],[-83.63123687322297,37.821984653793116],[-83.63116864353672,37.82207445984685],[-83.63107767062172,37.82203853743847],[-83.63107767062172,37.82191280887145]]]}},{"type":"Feature","properties":{"kind":"sunset","strength":1.0,"hard":false},"geometry":{"type":"Polygon","coordinates":[[[-83.63264695340555,37.823565224376146],[-83.63260146694805,37.82351134184539],[-83.63260146694805,37.823367654904374],[-83.63255598049055,37.823331733125414],[-83.63257872371929,37.823008436327974],[-83.6325332372618,37.82284678739818],[-83.63257872371929,37.822828826384125],[-83.63257872371929,37.82277494331573],[-83.63237403466054,37.822559410648786],[-83.63235129143177,37.82237979961219],[-83.63216934560177,37.822164265791315],[-83.63205562945801,37.82169727368683],[-83.63191917008551,37.821553583214076],[-83.63191917008551,37.82137396972976],[-83.63201014300053,37.82130212421364],[-83.63201014300053,37.82090697262492],[-83.63210111591553,37.8208890111388],[-83.63223757528803,37.82076328061361],[-83.6323058049743,37.82074531909253],[-83.63248775080429,37.820799203642665],[-83.63251049403306,37.82085308815346],[-83.63232854820303,37.82092493410667],[-83.63221483205928,37.82124824003066],[-83.63216934560177,37.82128416282369],[-83.63216934560177,37.82139193109786],[-83.63232854820303,37.82157154453847],[-83.63228306174553,37.82180504135781],[-83.63235129143177,37.82185892513429],[-83.6323967778893,37.82211038223775],[-83.63251049403306,37.82228999392999],[-83.63251049403306,37.822523488476435],[-83.63264695340555,37.82257737172841],[-83.63260146694805,37.822667177060936],[-83.63260146694805,37.822721060208],[-83.63264695340555,37.82268513811434],[-83.63262421017679,37.82291863141069],[-83.63269243986305,37.82308028018312],[-83.63264695340555,37.82325988951504],[-83.63269243986305,37.823439498409854],[-83.63273792632056,37.82349338099306],[-83.63280615600681,37.82347542013636],[-83.63273792632056,37.823601146041455],[-83.63264695340555,37.823565224376146]],[[-83.63260146694805,37.82257737172841],[-83.63257872371929,37.82263125494104],[-83.63260146694805,37.82263125494104],[-83.63260146694805,37.82257737172841]]]}},{"type":"Feature","properties":{"kind":"sunset","strength":1.0,"hard":false},"geometry":{"type":"Polygon","coordinates":[[[-83.6323967778893,37.81541055390849],[-83.63251049403306,37.81553629355117],[-83.63266969663431,37.81557221912403],[-83.63269243986305,37.815626107450534],[-83.63251049403306,37.81559018190389],[-83.63235129143177,37.815482405159095],[-83.63232854820303,37.81523092547601],[-83.63228306174553,37.815212962608726],[-83.63228306174553,37.81541055390849],[-83.63223757528803,37.815374628256954],[-83.63219208883052,37.815374628256954],[-83.63219208883052,37.81541055390849],[-83.63244226434679,37.815626107450534],[-83.63269243986305,37.8156799957377],[-83.63269243986305,37.81573388398554],[-83.6325332372618,37.8158416603632],[-83.6323967778893,37.8158416603632],[-83.63203288622927,37.81559018190389],[-83.63203288622927,37.81532073974687],[-83.63219208883052,37.81517703686104],[-83.63237403466054,37.81515907398064],[-83.63241952111804,37.815194999737066],[-83.63241952111804,37.815374628256954],[-83.63248775080429,37.81544647954254],[-83.6323967778893,37.81541055390849]],[[-83.6323967778893,37.81541055390849],[-83.63237403466054,37.81539259108491],[-83.63237403466054,37.81541055390849],[-83.6323967778893,37.81541055390849]],[[-83.63226031851678,37.815212962608726],[-83.63228306174553,37.815194999737066],[-83.63226031851678,37.815194999737066],[-83.63226031851678,37.815212962608726]],[[-83.63216934560177,37.815374628256954],[-83.63219208883052,37.815338702587944],[-83.63216934560177,37.815338702587944],[-83.63216934560177,37.815374628256954]]]}},{"type":"Feature","properties":{"kind":"sunset","strength":1.0,"hard":false},"geometry":{"type":"Polygon","coordinates":[[[-83.63246500757553,37.81731458842163],[-83.63235129143177,37.81717088941701],[-83.63235129143177,37.81706311497994],[-83.63241952111804,37.8170092277024],[-83.63241952111804,37.81695534038553],[-83.63235129143177,37.81691941548577],[-83.63237403466054,37.816811640681564],[-83.63232854820303,37.81675775322047],[-83.6323967778893,37.81664997818025],[-83.63235129143177,37.81656016552653],[-83.63235129143177,37.81636257730375],[-83.63241952111804,37.816326652115514],[-83.63244226434679,37.81620091381901],[-83.63251049403306,37.81611110061896],[-83.63266969663431,37.81609313796583],[-83.63285164246432,37.816218876445916],[-83.63285164246432,37.81627276430038],[-83.6327606695493,37.81627276430038],[-83.63255598049055,37.816506277881864],[-83.63255598049055,37.816721828224544],[-83.63260146694805,37.81675775322047],[-83.63257872371929,37.816973302828856],[-83.63269243986305,37.81711700221813],[-83.63269243986305,37.81722477657651],[-83.63255598049055,37.81731458842163],[-83.63246500757553,37.81731458842163]]]}},{"type":"Feature","properties":{"kind":"sunset","strength":1.0,"hard":false},"geometry":{"type":"Polygon","coordinates":[[[-83.6323967778893,37.82182300262102],[-83.63244226434679,37.821840963879836],[-83.63248775080429,37.82202057622772],[-83.63244226434679,37.82202057622772],[-83.6323967778893,37.821930770108416],[-83.6323967778893,37.82182300262102]]]}},{"type":"Feature","properties":{"kind":"sunset","strength":1.0,"hard":false},"geometry":{"type":"Polygon","coordinates":[[[-83.63255598049055,37.819937046119904],[-83.6325332372618,37.81982927572149],[-83.63260146694805,37.81979335222037],[-83.63273792632056,37.81984723746548],[-83.63273792632056,37.81990112267125],[-83.63269243986305,37.819937046119904],[-83.63255598049055,37.819937046119904]]]}},{"type":"Feature","properties":{"kind":"sunset","strength":1.0,"hard":false},"geometry":{"type":"Polygon","coordinates":[[[-83.63289712892181,37.81812289011061],[-83.6327606695493,37.81801511706347],[-83.6327151830918,37.817835494968556],[-83.63264695340555,37.81776364600822],[-83.63266969663431,37.81760198559174],[-83.63257872371929,37.81753013640411],[-83.63257872371929,37.81745828714656],[-83.6327151830918,37.81742236249155],[-83.63269243986305,37.81745828714656],[-83.6327151830918,37.81754809870758],[-83.63278341277807,37.81738643781907],[-83.63278341277807,37.817655872436575],[-83.63285164246432,37.81774568375719],[-83.63282889923556,37.81781753273502],[-83.63291987215058,37.81796123048088],[-83.63303358829431,37.81801511706347],[-83.63301084506556,37.818104927947026],[-83.63296535860808,37.81812289011061],[-83.63289712892181,37.81812289011061]],[[-83.6327606695493,37.817584023301386],[-83.63273792632056,37.81760198559174],[-83.6327606695493,37.81760198559174],[-83.6327606695493,37.817584023301386]],[[-83.63278341277807,37.81776364600822],[-83.6327606695493,37.817835494968556],[-83.63278341277807,37.817835494968556],[-83.63278341277807,37.81776364600822]],[[-83.63289712892181,37.818051041429996],[-83.63291987215058,37.81803307924893],[-83.63289712892181,37.81803307924893],[-83.63289712892181,37.818051041429996]],[[-83.63287438569306,37.81803307924893],[-83.63289712892181,37.81801511706347],[-83.63287438569306,37.81801511706347],[-83.63287438569306,37.81803307924893]]]}},{"type":"Feature","properties":{"kind":"sunset","strength":1.0,"hard":false},"geometry":{"type":"Polygon","coordinates":[[[-83.63262421017679,37.81884137307046],[-83.63269243986305,37.818679715014234],[-83.63269243986305,37.81842824622305],[-83.63278341277807,37.81841028413375],[-83.63287438569306,37.81848213246471],[-83.63287438569306,37.818536018667025],[-83.63273792632056,37.81866175298613],[-83.6327606695493,37.818751563082934],[-83.63269243986305,37.81885933505487],[-83.63262421017679,37.81884137307046]]]}},{"type":"Feature","properties":{"kind":"sunset","strength":1.0,"hard":false},"geometry":{"type":"Polygon","coordinates":[[[-83.63266969663431,37.81656016552653],[-83.6327606695493,37.816416465053315],[-83.63289712892181,37.8163985024745],[-83.63280615600681,37.816506277881864],[-83.63266969663431,37.81656016552653]]]}},{"type":"Feature","properties":{"kind":"sunset","strength":1.0,"hard":false},"geometry":{"type":"Polygon","coordinates":[[[-83.6327606695493,37.823421537540035],[-83.63278341277807,37.82334969401708],[-83.63273792632056,37.823223967683624],[-83.63278341277807,37.82324192860152],[-83.63278341277807,37.823313772229376],[-83.63287438569306,37.823367654904374],[-83.63287438569306,37.823439498409854],[-83.63280615600681,37.82345745927529],[-83.6327606695493,37.823421537540035]]]}},{"type":"Feature","properties":{"kind":"sunset","strength":1.0,"hard":false},"geometry":{"type":"Polygon","coordinates":[[[-83.63289712892181,37.81634461471182],[-83.63278341277807,37.816380539891306],[-83.63278341277807,37.81634461471182],[-83.63289712892181,37.81634461471182]]]}},{"type":"Feature","properties":{"kind":"sunset","strength":1.0,"hard":false},"geometry":{"type":"Polygon","coordinates":[[[-83.63289712892181,37.82367298931963],[-83.63278341277807,37.82361910686756],[-83.63278341277807,37.82358318521098],[-83.63282889923556,37.823529302693345],[-83.63289712892181,37.823529302693345],[-83.63296535860808,37.823601146041455],[-83.63296535860808,37.82367298931963],[-83.63289712892181,37.82367298931963]]]}},{"type":"Feature","properties":{"kind":"sunset","strength":1.0,"hard":false},"geometry":{"type":"Polygon","coordinates":[[[-83.63312456120931,37.82083512665424],[-83.63294261537932,37.82065551142155],[-83.63291987215058,37.82042201096561],[-83.63287438569306,37.82035016452285],[-83.63287438569306,37.820116663100954],[-83.63298810183682,37.81997296955108],[-83.63305633152308,37.81999093126012],[-83.63307907475183,37.82004481636098],[-83.63303358829431,37.82022443307978],[-83.63310181798057,37.82033220290125],[-83.63312456120931,37.82052978049861],[-83.63319279089558,37.82056570364129],[-83.63319279089558,37.82065551142155],[-83.63323827735309,37.82070939603725],[-83.63337473672559,37.82076328061361],[-83.63337473672559,37.820817165150636],[-83.63312456120931,37.82083512665424]]]}},{"type":"Feature","properties":{"kind":"sunset","strength":1.0,"hard":false},"geometry":{"type":"Polygon","coordinates":[[[-83.63307907475183,37.81797919267945],[-83.63296535860808,37.81788938164293],[-83.63303358829431,37.81788938164293],[-83.63307907475183,37.81797919267945]]]}},{"type":"Feature","properties":{"kind":"sunset","strength":1.0,"hard":false},"geometry":{"type":"Polygon","coordinates":[[[-83.63307907475183,37.81612906326772],[-83.63314730443808,37.816057212646484],[-83.63337473672559,37.816057212646484],[-83.63337473672559,37.81612906326772],[-83.63328376381058,37.816147025912095],[-83.63321553412433,37.81623683906844],[-83.63314730443808,37.8162548016866],[-83.63307907475183,37.81620091381901],[-83.63307907475183,37.81612906326772]]]}},{"type":"Feature","properties":{"kind":"sunset","strength":1.0,"hard":false},"geometry":{"type":"Polygon","coordinates":[[[-83.6336021690131,37.81620091381901],[-83.63348845286934,37.816147025912095],[-83.63348845286934,37.81609313796583],[-83.63355668255561,37.81598536195531],[-83.6336021690131,37.81598536195531],[-83.6336476554706,37.815931473891055],[-83.63380685807186,37.81587758578745],[-83.63394331744436,37.81587758578745],[-83.63403429035938,37.815931473891055],[-83.63403429035938,37.8159673992716],[-83.6336476554706,37.81611110061896],[-83.63362491224186,37.816147025912095],[-83.63367039869935,37.816147025912095],[-83.63367039869935,37.81618295118774],[-83.6336021690131,37.81620091381901]]]}},{"type":"Feature","properties":{"kind":"sunset","strength":1.0,"hard":false},"geometry":{"type":"Polygon","coordinates":[[[-83.63423897941813,37.82175115754199],[-83.63410252004563,37.82166135109487],[-83.63407977681688,37.82142785382095],[-83.63401154713063,37.82130212421364],[-83.63401154713063,37.82117639439216],[-83.63405703358812,37.82115843297161],[-83.63407977681688,37.82108658724569],[-83.63373862838561,37.82101474144984],[-83.63367039869935,37.82096085705705],[-83.63371588515685,37.82083512665424],[-83.63385234452936,37.82085308815346],[-83.6339660606731,37.820942895584054],[-83.63405703358812,37.82092493410667],[-83.63407977681688,37.82096085705705],[-83.63419349296063,37.82096085705705],[-83.63428446587565,37.821050664356505],[-83.63428446587565,37.82115843297161],[-83.63421623618939,37.821194355808345],[-83.6341707497319,37.82128416282369],[-83.63423897941813,37.82140989246159],[-83.63430720910439,37.821445815175935],[-83.63430720910439,37.82166135109487],[-83.63423897941813,37.82175115754199]]]}},{"type":"Feature","properties":{"kind":"sunset","strength":1.0,"hard":false},"geometry":{"type":"Polygon","coordinates":[[[-83.63410252004563,37.81609313796583],[-83.63419349296063,37.81600332463466],[-83.63410252004563,37.816147025912095],[-83.63410252004563,37.81629072690979],[-83.63398880390187,37.81627276430038],[-83.63398880390187,37.81618295118774],[-83.63387508775813,37.816164988552096],[-83.63385234452936,37.81611110061896],[-83.63401154713063,37.816057212646484],[-83.63410252004563,37.81609313796583]],[[-83.63407977681688,37.81611110061896],[-83.63405703358812,37.81609313796583],[-83.63405703358812,37.81611110061896],[-83.63407977681688,37.81611110061896]]]}},{"type":"Feature","properties":{"kind":"sunset","strength":1.0,"hard":false},"geometry":{"type":"Polygon","coordinates":[[[-83.63414800650312,37.81582369764452],[-83.6341707497319,37.81571592124063],[-83.63428446587565,37.81571592124063],[-83.63444366847689,37.81578777219403],[-83.63444366847689,37.81582369764452],[-83.63430720910439,37.81589554849301],[-83.63421623618939,37.81589554849301],[-83.63414800650312,37.81582369764452]]]}},{"type":"Feature","properties":{"kind":"sunset","strength":1.0,"hard":false},"geometry":{"type":"Polygon","coordinates":[[[-83.63419349296063,37.821787080090246],[-83.63426172264687,37.82185892513429],[-83.63419349296063,37.821894847630105],[-83.63419349296063,37.821787080090246]]]}},{"type":"Feature","properties":{"kind":"sunset","strength":1.0,"hard":false},"geometry":{"type":"Polygon","coordinates":[[[-83.63421623618939,37.821894847630105],[-83.63426172264687,37.821894847630105],[-83.63423897941813,37.821984653793116],[-83.63421623618939,37.821984653793116],[-83.63421623618939,37.821894847630105]]]}},{"type":"Feature","properties":{"kind":"sunset","strength":1.0,"hard":false},"geometry":{"type":"Polygon","coordinates":[[[-83.63423897941813,37.8220026150126],[-83.63430720910439,37.82205649864485],[-83.63435269556189,37.82214630461116],[-83.63423897941813,37.82211038223775],[-83.63423897941813,37.8220026150126]]]}},{"type":"Feature","properties":{"kind":"sunset","strength":1.0,"hard":false},"geometry":{"type":"Polygon","coordinates":[[[-83.63430720910439,37.820942895584054],[-83.6343981820194,37.820942895584054],[-83.6344891549344,37.82090697262492],[-83.63446641170565,37.82099677998994],[-83.63442092524815,37.82101474144984],[-83.63435269556189,37.82101474144984],[-83.63430720910439,37.820942895584054]]]}},{"type":"Feature","properties":{"kind":"sunset","strength":1.0,"hard":false},"geometry":{"type":"Polygon","coordinates":[[[-83.63494401950942,37.81580573492146],[-83.63496676273817,37.81576980946224],[-83.63501224919568,37.81576980946224],[-83.63501224919568,37.81580573492146],[-83.63494401950942,37.81580573492146]]]}},{"type":"Feature","properties":{"kind":"sunset","strength":1.0,"hard":false},"geometry":{"type":"Polygon","coordinates":[[[-83.63505773565318,37.815626107450534],[-83.63494401950942,37.81551833075819],[-83.63494401950942,37.8154285167277],[-83.63514870856818,37.81535666542463],[-83.6352851679407,37.81535666542463],[-83.6354671137707,37.815482405159095],[-83.6354671137707,37.81553629355117],[-83.63535339762694,37.81553629355117],[-83.63514870856818,37.815626107450534],[-83.63505773565318,37.815626107450534]]]}},{"type":"Feature","properties":{"kind":"sunset","strength":1.0,"hard":false},"geometry":{"type":"Polygon","coordinates":[[[-83.63503499242442,37.81585962307751],[-83.63510322211069,37.81578777219403],[-83.63517145179694,37.81578777219403],[-83.63512596533944,37.8158416603632],[-83.63503499242442,37.81585962307751]]]}},{"type":"Feature","properties":{"kind":"sunset","strength":1.0,"hard":false},"geometry":{"type":"Polygon","coordinates":[[[-83.6353761408557,37.815626107450534],[-83.6353761408557,37.81566203297968],[-83.63533065439819,37.81566203297968],[-83.63530791116943,37.8156081446794],[-83.6353761408557,37.815626107450534]]]}},{"type":"Feature","properties":{"kind":"sunset","strength":1.0,"hard":false},"geometry":{"type":"Polygon","coordinates":[[[-83.63544437054195,37.8156081446794],[-83.63558082991445,37.81559018190389],[-83.63558082991445,37.8156440702173],[-83.63551260022821,37.81566203297968],[-83.63544437054195,37.8156081446794]]]}},{"type":"Feature","properties":{"kind":"sunset","strength":1.0,"hard":false},"geometry":{"type":"Polygon","coordinates":[[[-83.63599020803197,37.81523092547601],[-83.63610392417573,37.815194999737066],[-83.63610392417573,37.81515907398064],[-83.63619489709075,37.81515907398064],[-83.63619489709075,37.81524888833892],[-83.63599020803197,37.815338702587944],[-83.63599020803197,37.81528481405164],[-83.63592197834572,37.81530277690145],[-83.63592197834572,37.815266851197464],[-83.63596746480323,37.815194999737066],[-83.63599020803197,37.81523092547601]]]}},{"type":"Feature","properties":{"kind":"sunset","strength":1.0,"hard":false},"geometry":{"type":"Polygon","coordinates":[[[-83.63603569448946,37.81515907398064],[-83.63589923511697,37.81523092547601],[-83.63587649188821,37.81532073974687],[-83.63580826220196,37.815338702587944],[-83.63564905960072,37.815194999737066],[-83.63564905960072,37.815087222415336],[-83.6356945460582,37.815051296606455],[-83.63587649188821,37.815051296606455],[-83.63603569448946,37.81515907398064]]]}},{"type":"Feature","properties":{"kind":"sunset","strength":1.0,"hard":false},"geometry":{"type":"Polygon","coordinates":[[[-83.63614941063322,37.81571592124063],[-83.636263126777,37.81576980946224],[-83.63624038354824,37.81582369764452],[-83.63614941063322,37.81580573492146],[-83.63614941063322,37.81571592124063]]]}},{"type":"Feature","properties":{"kind":"sunset","strength":1.0,"hard":false},"geometry":{"type":"Polygon","coordinates":[[[-83.63624038354824,37.815626107450534],[-83.63624038354824,37.81550036796083],[-83.63630861323449,37.8154285167277],[-83.63651330229325,37.81539259108491],[-83.63651330229325,37.81553629355117],[-83.636354099692,37.81557221912403],[-83.636354099692,37.815626107450534],[-83.63630861323449,37.8156440702173],[-83.63624038354824,37.815626107450534]]]}},{"type":"Feature","properties":{"kind":"sunset","strength":1.0,"hard":true},"geometry":{"type":"Polygon","coordinates":[[[-83.617613679201,37.81587758578745],[-83.617613679201,37.8158416603632],[-83.61770465211602,37.81582369764452],[-83.61772739534476,37.81578777219403],[-83.61781836825978,37.81576980946224],[-83.61788659794603,37.81571592124063],[-83.61793208440352,37.81571592124063],[-83.61793208440352,37.81575184672607],[-83.61788659794603,37.81575184672607],[-83.61784111148852,37.81580573492146],[-83.61779562503101,37.81580573492146],[-83.61777288180227,37.8158416603632],[-83.61770465211602,37.8158416603632],[-83.61768190888726,37.81587758578745],[-83.61763642242975,37.81587758578745],[-83.61756819274352,37.815931473891055],[-83.617522706286,37.815931473891055],[-83.61756819274352,37.81587758578745],[-83.617613679201,37.81587758578745]]]}},{"type":"Feature","properties":{"kind":"sunset","strength":1.0,"hard":true},"geometry":{"type":"Polygon","coordinates":[[[-83.61772739534476,37.8208890111388],[-83.61779562503101,37.820799203642665],[-83.61786385471729,37.82078124213033],[-83.61786385471729,37.820817165150636],[-83.61781836825978,37.82083512665424],[-83.61781836825978,37.820871049648325],[-83.61777288180227,37.8208890111388],[-83.61777288180227,37.820942895584054],[-83.61775013857353,37.820942895584054],[-83.61772739534476,37.8208890111388]]]}},{"type":"Feature","properties":{"kind":"sunset","strength":1.0,"hard":true},"geometry":{"type":"Polygon","coordinates":[[[-83.61784111148852,37.82092493410667],[-83.61793208440352,37.82085308815346],[-83.61800031408978,37.820817165150636],[-83.61800031408978,37.82085308815346],[-83.61795482763229,37.820871049648325],[-83.61795482763229,37.82092493410667],[-83.61790934117477,37.82090697262492],[-83.61784111148852,37.82096085705705],[-83.61784111148852,37.82092493410667]]]}},{"type":"Feature","properties":{"kind":"sunset","strength":1.0,"hard":true},"geometry":{"type":"Polygon","coordinates":[[[-83.61793208440352,37.82069143450306],[-83.61797757086103,37.82063754987424],[-83.61802305731852,37.82063754987424],[-83.61813677346228,37.820547742072144],[-83.61818225991979,37.820547742072144],[-83.6182277463773,37.82047589575177],[-83.6182732328348,37.82047589575177],[-83.61825048960604,37.82052978049861],[-83.61815951669104,37.8206016267665],[-83.61811403023354,37.8206016267665],[-83.61804580054728,37.82067347296449],[-83.61800031408978,37.82067347296449],[-83.61797757086103,37.82070939603725],[-83.61790934117477,37.82070939603725],[-83.61784111148852,37.82076328061361],[-83.61784111148852,37.82072735756707],[-83.61788659794603,37.82069143450306],[-83.61793208440352,37.82069143450306]]]}},{"type":"Feature","properties":{"kind":"sunset","strength":1.0,"hard":true},"geometry":{"type":"Polygon","coordinates":[[[-83.61795482763229,37.82099677998994],[-83.61790934117477,37.82101474144984],[-83.61793208440352,37.820942895584054],[-83.61795482763229,37.820942895584054],[-83.61795482763229,37.82099677998994]]]}},{"type":"Feature","properties":{"kind":"sunset","strength":1.0,"hard":true},"geometry":{"type":"Polygon","coordinates":[[[-83.61820500314853,37.82067347296449],[-83.61818225991979,37.82072735756707],[-83.61806854377602,37.82076328061361],[-83.61809128700479,37.82069143450306],[-83.61820500314853,37.82067347296449]]]}},{"type":"Feature","properties":{"kind":"sunset","strength":1.0,"hard":true},"geometry":{"type":"Polygon","coordinates":[[[-83.61834146252104,37.81912876429629],[-83.6182732328348,37.819146726210754],[-83.6182277463773,37.81911080237745],[-83.6182277463773,37.81907487852667],[-83.61831871929229,37.81909284045425],[-83.61834146252104,37.81912876429629]]]}},{"type":"Feature","properties":{"kind":"sunset","strength":1.0,"hard":true},"geometry":{"type":"Polygon","coordinates":[[[-83.61834146252104,37.81912876429629],[-83.61838694897855,37.81912876429629],[-83.61843243543605,37.819164688120836],[-83.61843243543605,37.819200611927904],[-83.61831871929229,37.819164688120836],[-83.61834146252104,37.81912876429629]]]}},{"type":"Feature","properties":{"kind":"sunset","strength":1.0,"hard":true},"geometry":{"type":"Polygon","coordinates":[[[-83.61840969220731,37.821787080090246],[-83.61852340835107,37.821733196261306],[-83.61856889480855,37.82175115754199],[-83.61852340835107,37.82180504135781],[-83.6184551786648,37.82180504135781],[-83.61843243543605,37.821840963879836],[-83.61838694897855,37.821840963879836],[-83.61840969220731,37.821787080090246]]]}},{"type":"Feature","properties":{"kind":"sunset","strength":1.0,"hard":true},"geometry":{"type":"Polygon","coordinates":[[[-83.61847792189354,37.82020647142756],[-83.61843243543605,37.82026035637109],[-83.61838694897855,37.82026035637109],[-83.61838694897855,37.82022443307978],[-83.61847792189354,37.82020647142756]]]}},{"type":"Feature","properties":{"kind":"sunset","strength":1.0,"hard":true},"geometry":{"type":"Polygon","coordinates":[[[-83.61852340835107,37.821840963879836],[-83.61856889480855,37.821787080090246],[-83.61861438126606,37.821787080090246],[-83.61859163803732,37.82185892513429],[-83.6185461515798,37.82185892513429],[-83.61850066512231,37.821894847630105],[-83.61843243543605,37.82187688638438],[-83.61843243543605,37.82185892513429],[-83.61852340835107,37.821840963879836]]]}},{"type":"Feature","properties":{"kind":"sunset","strength":1.0,"hard":true},"geometry":{"type":"Polygon","coordinates":[[[-83.61847792189354,37.81999093126012],[-83.6185461515798,37.81997296955108],[-83.6185461515798,37.82000889296477],[-83.61850066512231,37.82004481636098],[-83.61843243543605,37.82006277805253],[-83.61847792189354,37.81999093126012]]]}},{"type":"Feature","properties":{"kind":"sunset","strength":1.0,"hard":true},"geometry":{"type":"Polygon","coordinates":[[[-83.6184551786648,37.820188509770986],[-83.61863712449482,37.81999093126012],[-83.61868261095232,37.81999093126012],[-83.61861438126606,37.82004481636098],[-83.61861438126606,37.8200807397397],[-83.6185461515798,37.820116663100954],[-83.61852340835107,37.820188509770986],[-83.6184551786648,37.820188509770986]]]}},{"type":"Feature","properties":{"kind":"sunset","strength":1.0,"hard":true},"geometry":{"type":"Polygon","coordinates":[[[-83.61881907032483,37.82110454868373],[-83.61881907032483,37.82108658724569],[-83.61877358386734,37.82108658724569],[-83.61875084063857,37.82101474144984],[-83.61884181355357,37.82108658724569],[-83.61895552969733,37.82112251011739],[-83.61895552969733,37.82115843297161],[-83.61888730001107,37.821140471546684],[-83.61886455678231,37.82110454868373],[-83.61881907032483,37.82110454868373]]]}},{"type":"Feature","properties":{"kind":"sunset","strength":1.0,"hard":true},"geometry":{"type":"Polygon","coordinates":[[[-83.61895552969733,37.8194341162477],[-83.61881907032483,37.81932634511496],[-83.61881907032483,37.81929042136908],[-83.61895552969733,37.819398192554274],[-83.61904650261233,37.819398192554274],[-83.61904650261233,37.819416154403164],[-83.61895552969733,37.8194341162477]]]}},{"type":"Feature","properties":{"kind":"sunset","strength":1.0,"hard":true},"geometry":{"type":"Polygon","coordinates":[[[-83.61895552969733,37.81990112267125],[-83.61900101615483,37.819937046119904],[-83.61893278646858,37.819937046119904],[-83.61891004323984,37.81997296955108],[-83.61886455678231,37.81997296955108],[-83.61888730001107,37.81991908439777],[-83.61895552969733,37.81990112267125]]]}},{"type":"Feature","properties":{"kind":"sunset","strength":1.0,"hard":true},"geometry":{"type":"Polygon","coordinates":[[[-83.61893278646858,37.81515907398064],[-83.61893278646858,37.815194999737066],[-83.61888730001107,37.815194999737066],[-83.61888730001107,37.81515907398064],[-83.61893278646858,37.81515907398064]]]}},{"type":"Feature","properties":{"kind":"sunset","strength":1.0,"hard":true},"geometry":{"type":"Polygon","coordinates":[[[-83.61897827292607,37.81929042136908],[-83.61897827292607,37.81930838324421],[-83.61902375938358,37.81934430698134],[-83.61897827292607,37.81934430698134],[-83.61893278646858,37.81930838324421],[-83.61893278646858,37.81929042136908],[-83.61897827292607,37.81929042136908]]]}},{"type":"Feature","properties":{"kind":"sunset","strength":1.0,"hard":true},"geometry":{"type":"Polygon","coordinates":[[[-83.61897827292607,37.823331733125414],[-83.61895552969733,37.823313772229376],[-83.61900101615483,37.823313772229376],[-83.61906924584109,37.823367654904374],[-83.61906924584109,37.823403576665854],[-83.61900101615483,37.8233856157873],[-83.61897827292607,37.823331733125414]]]}},{"type":"Feature","properties":{"kind":"sunset","strength":1.0,"hard":true},"geometry":{"type":"Polygon","coordinates":[[[-83.61900101615483,37.823188045834726],[-83.61900101615483,37.82313416302859],[-83.61897827292607,37.82313416302859],[-83.61900101615483,37.82291863141069],[-83.6191147322986,37.822810865365696],[-83.61916021875608,37.822810865365696],[-83.61916021875608,37.82284678739818],[-83.61904650261233,37.82293659240289],[-83.61906924584109,37.823026397298314],[-83.61904650261233,37.823026397298314],[-83.61904650261233,37.82308028018312],[-83.61902375938358,37.82308028018312],[-83.61902375938358,37.823188045834726],[-83.61904650261233,37.82320600676136],[-83.61900101615483,37.823223967683624],[-83.61900101615483,37.823277850424184],[-83.61897827292607,37.823277850424184],[-83.61895552969733,37.823223967683624],[-83.61900101615483,37.823188045834726]]]}},{"type":"Feature","properties":{"kind":"sunset","strength":1.0,"hard":true},"geometry":{"type":"Polygon","coordinates":[[[-83.6191147322986,37.81986519920511],[-83.61906924584109,37.81991908439777],[-83.61904650261233,37.81991908439777],[-83.61904650261233,37.819883160940364],[-83.6191147322986,37.81986519920511]]]}},{"type":"Feature","properties":{"kind":"sunset","strength":1.0,"hard":true},"geometry":{"type":"Polygon","coordinates":[[[-83.6191147322986,37.82320600676136],[-83.61909198906983,37.82315212396834],[-83.61913747552734,37.82315212396834],[-83.61913747552734,37.82324192860152],[-83.61906924584109,37.82329581132896],[-83.61906924584109,37.82324192860152],[-83.6191147322986,37.82320600676136]]]}},{"type":"Feature","properties":{"kind":"sunset","strength":1.0,"hard":true},"geometry":{"type":"Polygon","coordinates":[[[-83.61913747552734,37.821194355808345],[-83.6191147322986,37.821140471546684],[-83.61916021875608,37.821140471546684],[-83.6192057052136,37.821194355808345],[-83.6192511916711,37.821194355808345],[-83.6192511916711,37.82124824003066],[-83.61918296198485,37.821194355808345],[-83.61913747552734,37.821194355808345]]]}},{"type":"Feature","properties":{"kind":"sunset","strength":1.0,"hard":true},"geometry":{"type":"Polygon","coordinates":[[[-83.61918296198485,37.82539720701501],[-83.61913747552734,37.82539720701501],[-83.61916021875608,37.825343325821784],[-83.6192057052136,37.825343325821784],[-83.61918296198485,37.82539720701501]]]}},{"type":"Feature","properties":{"kind":"sunset","strength":1.0,"hard":true},"geometry":{"type":"Polygon","coordinates":[[[-83.61918296198485,37.82212834342664],[-83.61918296198485,37.82207445984685],[-83.61913747552734,37.82203853743847],[-83.61916021875608,37.821948731341024],[-83.6192057052136,37.821966692569255],[-83.61918296198485,37.82202057622772],[-83.61922844844234,37.82205649864485],[-83.61922844844234,37.82211038223775],[-83.6192057052136,37.82211038223775],[-83.61922844844234,37.82227203278044],[-83.61918296198485,37.82225407162651],[-83.61918296198485,37.822182226967094],[-83.61916021875608,37.822182226967094],[-83.61916021875608,37.82212834342664],[-83.61918296198485,37.82212834342664]]]}},{"type":"Feature","properties":{"kind":"sunset","strength":1.0,"hard":true},"geometry":{"type":"Polygon","coordinates":[[[-83.6192057052136,37.81984723746548],[-83.61918296198485,37.81986519920511],[-83.61913747552734,37.81986519920511],[-83.61913747552734,37.81982927572149],[-83.6192057052136,37.81981131397312],[-83.6192057052136,37.81984723746548]]]}},{"type":"Feature","properties":{"kind":"sunset","strength":1.0,"hard":true},"geometry":{"type":"Polygon","coordinates":[[[-83.61922844844234,37.824139968923106],[-83.61922844844234,37.82410404752006],[-83.61927393489984,37.82410404752006],[-83.61927393489984,37.82415792961809],[-83.6192511916711,37.82415792961809],[-83.61922844844234,37.82422977235426],[-83.6192057052136,37.82422977235426],[-83.61918296198485,37.82417589030869],[-83.61922844844234,37.824139968923106]]]}},{"type":"Feature","properties":{"kind":"sunset","strength":1.0,"hard":true},"geometry":{"type":"Polygon","coordinates":[[[-83.6192057052136,37.82228999392999],[-83.61927393489984,37.82227203278044],[-83.6192511916711,37.82232591621598],[-83.61927393489984,37.82232591621598],[-83.61927393489984,37.82246960518513],[-83.61929667812859,37.82246960518513],[-83.61927393489984,37.82261329387453],[-83.6192511916711,37.82261329387453],[-83.6192511916711,37.82246960518513],[-83.6192057052136,37.82243368296907],[-83.6192057052136,37.82228999392999]]]}},{"type":"Feature","properties":{"kind":"sunset","strength":1.0,"hard":true},"geometry":{"type":"Polygon","coordinates":[[[-83.61929667812859,37.82539720701501],[-83.61927393489984,37.82539720701501],[-83.61927393489984,37.82543312778863],[-83.61922844844234,37.82543312778863],[-83.6192511916711,37.8253612862239],[-83.61929667812859,37.82539720701501]]]}},{"type":"Feature","properties":{"kind":"sunset","strength":1.0,"hard":true},"geometry":{"type":"Polygon","coordinates":[[[-83.61941039427235,37.82453510320276],[-83.61927393489984,37.824427339518124],[-83.61927393489984,37.824355496974285],[-83.61929667812859,37.824355496974285],[-83.61929667812859,37.824301615020495],[-83.61931942135736,37.824301615020495],[-83.61931942135736,37.82422977235426],[-83.61927393489984,37.82422977235426],[-83.61927393489984,37.82421181167677],[-83.61931942135736,37.82417589030869],[-83.61931942135736,37.82410404752006],[-83.6193421645861,37.82410404752006],[-83.6193421645861,37.824139968923106],[-83.6194331375011,37.82412200822378],[-83.6193876510436,37.82421181167677],[-83.61936490781486,37.82421181167677],[-83.61936490781486,37.82433753632739],[-83.6193421645861,37.82433753632739],[-83.61931942135736,37.82439141825494],[-83.6193421645861,37.82439141825494],[-83.6193421645861,37.82444530014316],[-83.61941039427235,37.824463260763835],[-83.61950136718735,37.82455306380158],[-83.61941039427235,37.82453510320276]]]}},{"type":"Feature","properties":{"kind":"sunset","strength":1.0,"hard":true},"geometry":{"type":"Polygon","coordinates":[[[-83.61929667812859,37.81945207808785],[-83.61929667812859,37.819416154403164],[-83.6193421645861,37.8194341162477],[-83.6193421645861,37.81945207808785],[-83.61929667812859,37.81945207808785]]]}},{"type":"Feature","properties":{"kind":"sunset","strength":1.0,"hard":true},"geometry":{"type":"Polygon","coordinates":[[[-83.61941039427235,37.819757428701784],[-83.61936490781486,37.81981131397312],[-83.61929667812859,37.81982927572149],[-83.61931942135736,37.81977539046326],[-83.61941039427235,37.819757428701784]]]}},{"type":"Feature","properties":{"kind":"sunset","strength":1.0,"hard":true},"geometry":{"type":"Polygon","coordinates":[[[-83.61931942135736,37.82140989246159],[-83.61941039427235,37.821463776526556],[-83.6194331375011,37.821517660552175],[-83.6193421645861,37.82149969921468],[-83.6193421645861,37.821463776526556],[-83.61931942135736,37.821463776526556],[-83.61931942135736,37.82140989246159]]]}},{"type":"Feature","properties":{"kind":"sunset","strength":1.0,"hard":true},"geometry":{"type":"Polygon","coordinates":[[[-83.6193876510436,37.825307405004445],[-83.6193876510436,37.82527148416963],[-83.6194331375011,37.82523556331733],[-83.61947862395861,37.82523556331733],[-83.61952411041611,37.8251816820061],[-83.6195695968736,37.8251816820061],[-83.6195695968736,37.82521760288462],[-83.61952411041611,37.82525352374567],[-83.61947862395861,37.82525352374567],[-83.61941039427235,37.825307405004445],[-83.61936490781486,37.82539720701501],[-83.61931942135736,37.82539720701501],[-83.61936490781486,37.825307405004445],[-83.6193876510436,37.825307405004445]]]}},{"type":"Feature","properties":{"kind":"sunset","strength":1.0,"hard":true},"geometry":{"type":"Polygon","coordinates":[[[-83.61936490781486,37.82261329387453],[-83.6193876510436,37.82246960518513],[-83.61941039427235,37.82246960518513],[-83.6194331375011,37.8225414495648],[-83.61941039427235,37.8225414495648],[-83.61941039427235,37.82259533280366],[-83.61936490781486,37.82263125494104],[-83.6193876510436,37.82268513811434],[-83.61936490781486,37.82268513811434],[-83.61936490781486,37.82273902124829],[-83.6193421645861,37.82273902124829],[-83.61931942135736,37.822667177060936],[-83.6193421645861,37.822667177060936],[-83.6193421645861,37.82261329387453],[-83.61936490781486,37.82261329387453]]]}},{"type":"Feature","properties":{"kind":"sunset","strength":1.0,"hard":true},"geometry":{"type":"Polygon","coordinates":[[[-83.6194331375011,37.82397832247168],[-83.61941039427235,37.82399628320599],[-83.61936490781486,37.82399628320599],[-83.61936490781486,37.82396036173299],[-83.6194331375011,37.82394240098995],[-83.6194331375011,37.82397832247168]]]}},{"type":"Feature","properties":{"kind":"sunset","strength":1.0,"hard":true},"geometry":{"type":"Polygon","coordinates":[[[-83.61941039427235,37.821553583214076],[-83.6194331375011,37.82157154453847],[-83.61947862395861,37.82157154453847],[-83.61950136718735,37.82160746717415],[-83.6195695968736,37.82160746717415],[-83.6195695968736,37.82162542848542],[-83.6194331375011,37.82160746717415],[-83.61941039427235,37.82158950585849],[-83.61941039427235,37.821553583214076]]]}},{"type":"Feature","properties":{"kind":"sunset","strength":1.0,"hard":true},"geometry":{"type":"Polygon","coordinates":[[[-83.61950136718735,37.824139968923106],[-83.61952411041611,37.82415792961809],[-83.61950136718735,37.82422977235426],[-83.6194331375011,37.82426569369612],[-83.61945588072986,37.82415792961809],[-83.61950136718735,37.824139968923106]]]}},{"type":"Feature","properties":{"kind":"sunset","strength":1.0,"hard":true},"geometry":{"type":"Polygon","coordinates":[[[-83.6195695968736,37.82505595879356],[-83.61945588072986,37.82496615636775],[-83.61945588072986,37.824714708994144],[-83.6194331375011,37.824714708994144],[-83.6194331375011,37.82466082730263],[-83.61947862395861,37.82466082730263],[-83.61950136718735,37.82494819586948],[-83.61952411041611,37.82494819586948],[-83.61952411041611,37.82498411686166],[-83.6195695968736,37.82502003783634],[-83.6195695968736,37.82505595879356]]]}},{"type":"Feature","properties":{"kind":"sunset","strength":1.0,"hard":true},"geometry":{"type":"Polygon","coordinates":[[[-83.6195695968736,37.82505595879356],[-83.61959234010237,37.82505595879356],[-83.61961508333113,37.82512780065552],[-83.6195695968736,37.82512780065552],[-83.6195695968736,37.82505595879356]]]}},{"type":"Feature","properties":{"kind":"sunset","strength":1.0,"hard":true},"geometry":{"type":"Polygon","coordinates":[[[-83.61952411041611,37.82397832247168],[-83.61966056978862,37.82387055797402],[-83.61970605624612,37.82387055797402],[-83.61963782655987,37.82396036173299],[-83.61959234010237,37.82396036173299],[-83.61952411041611,37.82401424393593],[-83.61952411041611,37.82397832247168]]]}},{"type":"Feature","properties":{"kind":"sunset","strength":1.0,"hard":true},"geometry":{"type":"Polygon","coordinates":[[[-83.61959234010237,37.82460694557177],[-83.6195695968736,37.82460694557177],[-83.6195695968736,37.82453510320276],[-83.61959234010237,37.82453510320276],[-83.61959234010237,37.82460694557177]]]}},{"type":"Feature","properties":{"kind":"sunset","strength":1.0,"hard":true},"geometry":{"type":"Polygon","coordinates":[[[-83.61966056978862,37.824068126099526],[-83.61961508333113,37.82412200822378],[-83.6195695968736,37.82412200822378],[-83.6195695968736,37.824086086811974],[-83.61966056978862,37.824068126099526]]]}},{"type":"Feature","properties":{"kind":"sunset","strength":1.0,"hard":true},"geometry":{"type":"Polygon","coordinates":[[[-83.61970605624612,37.81959577265176],[-83.61970605624612,37.81957781084657],[-83.61966056978862,37.81957781084657],[-83.61966056978862,37.819541887223075],[-83.61977428593238,37.81957781084657],[-83.61977428593238,37.81959577265176],[-83.61970605624612,37.81959577265176]]]}},{"type":"Feature","properties":{"kind":"sunset","strength":1.0,"hard":true},"geometry":{"type":"Polygon","coordinates":[[[-83.61966056978862,37.819541887223075],[-83.61959234010237,37.81952392540477],[-83.61959234010237,37.81948800175505],[-83.61961508333113,37.81948800175505],[-83.61966056978862,37.819541887223075]]]}},{"type":"Feature","properties":{"kind":"sunset","strength":1.0,"hard":true},"geometry":{"type":"Polygon","coordinates":[[[-83.61981977238986,37.82180504135781],[-83.61966056978862,37.821930770108416],[-83.61959234010237,37.821930770108416],[-83.61959234010237,37.821894847630105],[-83.61963782655987,37.821894847630105],[-83.61970605624612,37.82182300262102],[-83.61981977238986,37.82180504135781]]]}},{"type":"Feature","properties":{"kind":"sunset","strength":1.0,"hard":true},"geometry":{"type":"Polygon","coordinates":[[[-83.61986525884738,37.82182300262102],[-83.61966056978862,37.82167931239304],[-83.61966056978862,37.82164338979233],[-83.61977428593238,37.82167931239304],[-83.61977428593238,37.821733196261306],[-83.61981977238986,37.821733196261306],[-83.61986525884738,37.8217691188183],[-83.61986525884738,37.82182300262102]]]}},{"type":"Feature","properties":{"kind":"sunset","strength":1.0,"hard":true},"geometry":{"type":"Polygon","coordinates":[[[-83.61970605624612,37.82509187973328],[-83.61970605624612,37.82516372156027],[-83.61968331301736,37.82516372156027],[-83.61968331301736,37.82509187973328],[-83.61970605624612,37.82509187973328]]]}},{"type":"Feature","properties":{"kind":"sunset","strength":1.0,"hard":true},"geometry":{"type":"Polygon","coordinates":[[[-83.61988800207612,37.8237089109325],[-83.61984251561864,37.8237089109325],[-83.61975154270363,37.823780754105776],[-83.61975154270363,37.823726871732376],[-83.61979702916112,37.823726871732376],[-83.61981977238986,37.82369095012826],[-83.61988800207612,37.82369095012826],[-83.61988800207612,37.8237089109325]]]}},{"type":"Feature","properties":{"kind":"sunset","strength":1.0,"hard":true},"geometry":{"type":"Polygon","coordinates":[[[-83.61975154270363,37.823780754105776],[-83.61972879947488,37.82383463643984],[-83.61968331301736,37.82383463643984],[-83.61970605624612,37.82379871488817],[-83.61975154270363,37.823780754105776]]]}},{"type":"Feature","properties":{"kind":"sunset","strength":1.0,"hard":true},"geometry":{"type":"Polygon","coordinates":[[[-83.61981977238986,37.82392444024253],[-83.61988800207612,37.82388851873456],[-83.61988800207612,37.82394240098995],[-83.61984251561864,37.82397832247168],[-83.61979702916112,37.82397832247168],[-83.61981977238986,37.82392444024253]]]}},{"type":"Feature","properties":{"kind":"sunset","strength":1.0,"hard":true},"geometry":{"type":"Polygon","coordinates":[[[-83.61997897499114,37.823780754105776],[-83.61997897499114,37.82383463643984],[-83.61993348853363,37.82383463643984],[-83.61993348853363,37.823780754105776],[-83.61997897499114,37.823780754105776]]]}},{"type":"Feature","properties":{"kind":"sunset","strength":1.0,"hard":true},"geometry":{"type":"Polygon","coordinates":[[[-83.62063852862491,37.819757428701784],[-83.62061578539617,37.819703543391114],[-83.62059304216741,37.819703543391114],[-83.62061578539617,37.8196496580411],[-83.62063852862491,37.8196496580411],[-83.62063852862491,37.819703543391114],[-83.62068401508243,37.81973946693593],[-83.62072950153993,37.81973946693593],[-83.62077498799742,37.81977539046326],[-83.62086596091244,37.81977539046326],[-83.62086596091244,37.81979335222037],[-83.62079773122619,37.81981131397312],[-83.62079773122619,37.81979335222037],[-83.62072950153993,37.81979335222037],[-83.62068401508243,37.819757428701784],[-83.62063852862491,37.819757428701784]]]}},{"type":"Feature","properties":{"kind":"sunset","strength":1.0,"hard":true},"geometry":{"type":"Polygon","coordinates":[[[-83.62070675831117,37.82315212396834],[-83.62072950153993,37.82311620208448],[-83.62077498799742,37.82311620208448],[-83.62082047445493,37.82315212396834],[-83.62082047445493,37.82320600676136],[-83.62070675831117,37.823188045834726],[-83.62070675831117,37.823170084903715],[-83.62075224476867,37.823170084903715],[-83.62075224476867,37.82315212396834],[-83.62070675831117,37.82315212396834]]]}},{"type":"Feature","properties":{"kind":"sunset","strength":1.0,"hard":true},"geometry":{"type":"Polygon","coordinates":[[[-83.62070675831117,37.82324192860152],[-83.62082047445493,37.82329581132896],[-83.62070675831117,37.823277850424184],[-83.62070675831117,37.82324192860152]]]}},{"type":"Feature","properties":{"kind":"sunset","strength":1.0,"hard":true},"geometry":{"type":"Polygon","coordinates":[[[-83.6209796770562,37.81982927572149],[-83.62095693382744,37.81979335222037],[-83.62100242028494,37.81977539046326],[-83.62104790674243,37.81982927572149],[-83.62109339319996,37.81982927572149],[-83.6211161364287,37.819883160940364],[-83.6210706499712,37.81990112267125],[-83.6210706499712,37.81986519920511],[-83.62102516351369,37.81982927572149],[-83.6209796770562,37.81982927572149]]]}},{"type":"Feature","properties":{"kind":"sunset","strength":1.0,"hard":true},"geometry":{"type":"Polygon","coordinates":[[[-83.62136631194495,37.82412200822378],[-83.62141179840246,37.824086086811974],[-83.62148002808873,37.824086086811974],[-83.62138905517372,37.82415792961809],[-83.62136631194495,37.82412200822378]]]}},{"type":"Feature","properties":{"kind":"sunset","strength":1.0,"hard":true},"geometry":{"type":"Polygon","coordinates":[[[-83.6214345416312,37.823439498409854],[-83.62152551454622,37.823367654904374],[-83.62157100100372,37.8233856157873],[-83.62150277131747,37.82345745927529],[-83.62145728485996,37.82345745927529],[-83.62145728485996,37.82349338099306],[-83.62141179840246,37.82349338099306],[-83.6214345416312,37.823439498409854]]]}},{"type":"Feature","properties":{"kind":"sunset","strength":1.0,"hard":true},"geometry":{"type":"Polygon","coordinates":[[[-83.62152551454622,37.82401424393593],[-83.62152551454622,37.82410404752006],[-83.62150277131747,37.82410404752006],[-83.62150277131747,37.82401424393593],[-83.62152551454622,37.82401424393593]]]}},{"type":"Feature","properties":{"kind":"sunset","strength":1.0,"hard":true},"geometry":{"type":"Polygon","coordinates":[[[-83.62163923068998,37.823439498409854],[-83.62161648746122,37.82349338099306],[-83.62154825777496,37.82349338099306],[-83.62154825777496,37.82347542013636],[-83.62159374423246,37.82347542013636],[-83.62163923068998,37.823439498409854]]]}},{"type":"Feature","properties":{"kind":"sunset","strength":1.0,"hard":true},"geometry":{"type":"Polygon","coordinates":[[[-83.62159374423246,37.81999093126012],[-83.62159374423246,37.81995500783768],[-83.62166197391872,37.81995500783768],[-83.62166197391872,37.81997296955108],[-83.62159374423246,37.81999093126012]]]}},{"type":"Feature","properties":{"kind":"sunset","strength":1.0,"hard":true},"geometry":{"type":"Polygon","coordinates":[[[-83.62188940620625,37.823277850424184],[-83.62186666297748,37.82329581132896],[-83.62182117651999,37.82329581132896],[-83.62182117651999,37.82325988951504],[-83.62188940620625,37.82324192860152],[-83.62188940620625,37.823277850424184]]]}},{"type":"Feature","properties":{"kind":"sunset","strength":1.0,"hard":true},"geometry":{"type":"Polygon","coordinates":[[[-83.62198037912124,37.82320600676136],[-83.6221395817225,37.82313416302859],[-83.62218506818,37.82313416302859],[-83.62218506818,37.82309824113599],[-83.62223055463751,37.82309824113599],[-83.62223055463751,37.82308028018312],[-83.62232152755251,37.8230623192259],[-83.62232152755251,37.82304435826429],[-83.62238975723875,37.82304435826429],[-83.62236701401001,37.82308028018312],[-83.62225329786625,37.82311620208448],[-83.62216232495126,37.823188045834726],[-83.62198037912124,37.82324192860152],[-83.62198037912124,37.82320600676136]]]}},{"type":"Feature","properties":{"kind":"sunset","strength":1.0,"hard":true},"geometry":{"type":"Polygon","coordinates":[[[-83.622094095265,37.82002685466507],[-83.622094095265,37.82006277805253],[-83.62202586557875,37.8200807397397],[-83.62202586557875,37.82002685466507],[-83.6221395817225,37.82000889296477],[-83.6221395817225,37.82002685466507],[-83.622094095265,37.82002685466507]]]}},{"type":"Feature","properties":{"kind":"sunset","strength":1.0,"hard":true},"geometry":{"type":"Polygon","coordinates":[[[-83.62234427078127,37.81995500783768],[-83.62238975723875,37.81991908439777],[-83.62238975723875,37.81997296955108],[-83.62234427078127,37.82000889296477],[-83.62229878432376,37.82000889296477],[-83.62229878432376,37.82002685466507],[-83.62225329786625,37.82000889296477],[-83.62225329786625,37.81997296955108],[-83.62234427078127,37.81995500783768]]]}},{"type":"Feature","properties":{"kind":"sunset","strength":1.0,"hard":true},"geometry":{"type":"Polygon","coordinates":[[[-83.6224125004675,37.81986519920511],[-83.6224125004675,37.819883160940364],[-83.62236701401001,37.819883160940364],[-83.62236701401001,37.81984723746548],[-83.62245798692503,37.81982927572149],[-83.62245798692503,37.81986519920511],[-83.6224125004675,37.81986519920511]]]}},{"type":"Feature","properties":{"kind":"sunset","strength":1.0,"hard":true},"geometry":{"type":"Polygon","coordinates":[[[-83.62248073015377,37.823026397298314],[-83.62243524369627,37.823026397298314],[-83.62243524369627,37.823008436327974],[-83.62250347338251,37.82299047535326],[-83.62248073015377,37.823026397298314]]]}},{"type":"Feature","properties":{"kind":"sunset","strength":1.0,"hard":true},"geometry":{"type":"Polygon","coordinates":[[[-83.62259444629753,37.822954553390716],[-83.62270816244128,37.82290067041412],[-83.62270816244128,37.82293659240289],[-83.62263993275504,37.82299047535326],[-83.62259444629753,37.82299047535326],[-83.62259444629753,37.822954553390716]]]}},{"type":"Feature","properties":{"kind":"sunset","strength":1.0,"hard":true},"geometry":{"type":"Polygon","coordinates":[[[-83.62282187858503,37.822810865365696],[-83.62282187858503,37.82277494331573],[-83.62289010827129,37.8227569822842],[-83.62289010827129,37.822721060208],[-83.62293559472879,37.82268513811434],[-83.62295833795754,37.82261329387453],[-83.6229810811863,37.82261329387453],[-83.62300382441505,37.8225414495648],[-83.62304931087255,37.822523488476435],[-83.62304931087255,37.82248756628661],[-83.62311754055881,37.82246960518513],[-83.62311754055881,37.822523488476435],[-83.62302656764379,37.82259533280366],[-83.62300382441505,37.82268513811434],[-83.62293559472879,37.822721060208],[-83.62293559472879,37.82277494331573],[-83.62286736504254,37.822828826384125],[-83.62282187858503,37.822828826384125],[-83.62279913535627,37.82286474840786],[-83.62275364889878,37.82284678739818],[-83.62275364889878,37.822828826384125],[-83.62282187858503,37.822810865365696]]]}},{"type":"Feature","properties":{"kind":"sunset","strength":1.0,"hard":true},"geometry":{"type":"Polygon","coordinates":[[[-83.62655176810023,37.81663201565826],[-83.62664274101523,37.81654220298268],[-83.62668822747274,37.81654220298268],[-83.62673371393024,37.816506277881864],[-83.62677920038773,37.816506277881864],[-83.6268019436165,37.81647035276355],[-83.62693840298901,37.81643442762777],[-83.62696114621775,37.816380539891306],[-83.62700663267526,37.816380539891306],[-83.62700663267526,37.81636257730375],[-83.62705211913276,37.816380539891306],[-83.62705211913276,37.8163985024745],[-83.62698388944649,37.816416465053315],[-83.62698388944649,37.81645239019785],[-83.62691565976024,37.81645239019785],[-83.62687017330275,37.816506277881864],[-83.62673371393024,37.81654220298268],[-83.62659725455774,37.816667940697876],[-83.62655176810023,37.816667940697876],[-83.62655176810023,37.81663201565826]]]}},{"type":"Feature","properties":{"kind":"sunset","strength":1.0,"hard":true},"geometry":{"type":"Polygon","coordinates":[[[-83.6271658352765,37.81630868951483],[-83.62730229464901,37.81627276430038],[-83.62727955142026,37.816326652115514],[-83.62714309204776,37.81636257730375],[-83.6271658352765,37.81630868951483]]]}},{"type":"Feature","properties":{"kind":"sunset","strength":1.0,"hard":true},"geometry":{"type":"Polygon","coordinates":[[[-83.62743875402153,37.816218876445916],[-83.62750698370778,37.81620091381901],[-83.62755247016528,37.81623683906844],[-83.62748424047903,37.81623683906844],[-83.62746149725027,37.81627276430038],[-83.62739326756402,37.81627276430038],[-83.62743875402153,37.816218876445916]]]}},{"type":"Feature","properties":{"kind":"sunset","strength":1.0,"hard":true},"geometry":{"type":"Polygon","coordinates":[[[-83.62839396962907,37.81643442762777],[-83.62837122640033,37.81647035276355],[-83.62832573994282,37.81647035276355],[-83.62834848317158,37.816416465053315],[-83.62839396962907,37.81643442762777]]]}},{"type":"Feature","properties":{"kind":"sunset","strength":1.0,"hard":true},"geometry":{"type":"Polygon","coordinates":[[[-83.63021342792918,37.8158416603632],[-83.63023617115793,37.81587758578745],[-83.63030440084417,37.81589554849301],[-83.63030440084417,37.81591351119423],[-83.63023617115793,37.81591351119423],[-83.63023617115793,37.81589554849301],[-83.63016794147167,37.81587758578745],[-83.63016794147167,37.8158416603632],[-83.63021342792918,37.8158416603632]]]}},{"type":"Feature","properties":{"kind":"sunset","strength":1.0,"hard":true},"geometry":{"type":"Polygon","coordinates":[[[-83.63114590030798,37.821984653793116],[-83.63125961645171,37.821930770108416],[-83.63137333259549,37.82191280887145],[-83.63137333259549,37.821948731341024],[-83.63125961645171,37.821966692569255],[-83.63116864353672,37.82203853743847],[-83.63116864353672,37.82207445984685],[-83.63112315707922,37.82207445984685],[-83.63114590030798,37.821984653793116]]]}},{"type":"Feature","properties":{"kind":"sunset","strength":1.0,"hard":true},"geometry":{"type":"Polygon","coordinates":[[[-83.63251049403306,37.82083512665424],[-83.63251049403306,37.82085308815346],[-83.63244226434679,37.82085308815346],[-83.63241952111804,37.820817165150636],[-83.63251049403306,37.82083512665424]]]}},{"type":"Feature","properties":{"kind":"sunset","strength":1.0,"hard":true},"geometry":{"type":"Polygon","coordinates":[[[-83.63244226434679,37.82085308815346],[-83.63241952111804,37.8208890111388],[-83.63237403466054,37.8208890111388],[-83.6323058049743,37.820942895584054],[-83.63228306174553,37.82103270290535],[-83.63226031851678,37.82103270290535],[-83.63226031851678,37.82110454868373],[-83.63223757528803,37.82110454868373],[-83.63221483205928,37.821194355808345],[-83.63219208883052,37.821194355808345],[-83.63221483205928,37.82123027862759],[-83.63219208883052,37.82123027862759],[-83.63219208883052,37.82128416282369],[-83.63216934560177,37.82128416282369],[-83.63216934560177,37.82140989246159],[-83.63226031851678,37.82149969921468],[-83.63226031851678,37.82157154453847],[-83.63223757528803,37.82157154453847],[-83.63221483205928,37.82149969921468],[-83.63214660237303,37.821463776526556],[-83.63214660237303,37.82142785382095],[-83.63210111591553,37.82139193109786],[-83.63210111591553,37.82130212421364],[-83.63214660237303,37.82126620142936],[-83.63216934560177,37.821140471546684],[-83.63219208883052,37.821140471546684],[-83.63219208883052,37.821050664356505],[-83.63221483205928,37.821050664356505],[-83.63221483205928,37.82099677998994],[-83.63223757528803,37.82099677998994],[-83.63228306174553,37.8208890111388],[-83.63232854820303,37.82085308815346],[-83.63237403466054,37.82085308815346],[-83.63237403466054,37.82083512665424],[-83.63244226434679,37.82085308815346]]]}},{"type":"Feature","properties":{"kind":"sunset","strength":1.0,"hard":true},"geometry":{"type":"Polygon","coordinates":[[[-83.63241952111804,37.81566203297968],[-83.6323967778893,37.815626107450534],[-83.63232854820303,37.8156081446794],[-83.6323058049743,37.81555425633979],[-83.63226031851678,37.81555425633979],[-83.63221483205928,37.81551833075819],[-83.63219208883052,37.8154285167277],[-83.63223757528803,37.8154285167277],[-83.63223757528803,37.815464442353],[-83.63237403466054,37.81555425633979],[-83.6323967778893,37.8156081446794],[-83.63244226434679,37.8156081446794],[-83.63246500757553,37.8156440702173],[-83.63255598049055,37.8156440702173],[-83.63257872371929,37.8156799957377],[-83.63264695340555,37.8156799957377],[-83.63264695340555,37.81569795849135],[-83.63257872371929,37.81571592124063],[-83.6325332372618,37.8156799957377],[-83.63241952111804,37.81566203297968]]]}},{"type":"Feature","properties":{"kind":"sunset","strength":1.0,"hard":true},"geometry":{"type":"Polygon","coordinates":[[[-83.63226031851678,37.815212962608726],[-83.63228306174553,37.81523092547601],[-83.63226031851678,37.81524888833892],[-83.63228306174553,37.81535666542463],[-83.63223757528803,37.81535666542463],[-83.63223757528803,37.81532073974687],[-83.63221483205928,37.81532073974687],[-83.63221483205928,37.81524888833892],[-83.63226031851678,37.815212962608726]]]}},{"type":"Feature","properties":{"kind":"sunset","strength":1.0,"hard":true},"geometry":{"type":"Polygon","coordinates":[[[-83.6325332372618,37.82259533280366],[-83.6325332372618,37.82257737172841],[-83.63248775080429,37.82257737172841],[-83.63248775080429,37.8225414495648],[-83.63244226434679,37.82250552738371],[-83.63246500757553,37.822343877352424],[-83.63244226434679,37.822343877352424],[-83.63241952111804,37.82221814930555],[-83.6323967778893,37.82221814930555],[-83.63237403466054,37.82214630461116],[-83.63235129143177,37.82214630461116],[-83.63235129143177,37.82209242104449],[-83.63232854820303,37.82209242104449],[-83.63235129143177,37.82202057622772],[-83.63232854820303,37.82202057622772],[-83.63232854820303,37.821966692569255],[-83.63228306174553,37.821930770108416],[-83.63228306174553,37.82185892513429],[-83.63223757528803,37.82182300262102],[-83.63223757528803,37.82175115754199],[-83.63226031851678,37.82175115754199],[-83.63223757528803,37.82171523497626],[-83.63228306174553,37.82171523497626],[-83.63226031851678,37.82162542848542],[-83.6323058049743,37.82162542848542],[-83.6323058049743,37.82167931239304],[-83.63232854820303,37.82167931239304],[-83.6323058049743,37.82175115754199],[-83.63228306174553,37.82175115754199],[-83.63228306174553,37.82182300262102],[-83.63232854820303,37.821840963879836],[-83.63235129143177,37.821948731341024],[-83.63237403466054,37.821948731341024],[-83.63237403466054,37.8220026150126],[-83.6323967778893,37.8220026150126],[-83.6323967778893,37.82211038223775],[-83.63241952111804,37.82211038223775],[-83.63241952111804,37.822164265791315],[-83.63244226434679,37.822164265791315],[-83.63246500757553,37.82225407162651],[-83.63248775080429,37.82225407162651],[-83.63248775080429,37.822343877352424],[-83.63251049403306,37.822343877352424],[-83.63248775080429,37.82246960518513],[-83.63251049403306,37.82246960518513],[-83.63251049403306,37.822523488476435],[-83.63255598049055,37.822559410648786],[-83.63262421017679,37.822559410648786],[-83.63264695340555,37.82261329387453],[-83.63262421017679,37.82261329387453],[-83.63262421017679,37.82264921600317],[-83.63255598049055,37.822667177060936],[-83.63255598049055,37.82263125494104],[-83.63260146694805,37.82263125494104],[-83.63260146694805,37.82257737172841],[-83.6325332372618,37.82259533280366]]]}},{"type":"Feature","properties":{"kind":"sunset","strength":1.0,"hard":true},"geometry":{"type":"Polygon","coordinates":[[[-83.63248775080429,37.81557221912403],[-83.63246500757553,37.81553629355117],[-83.63241952111804,37.81553629355117],[-83.63235129143177,37.815482405159095],[-83.63235129143177,37.81539259108491],[-83.63232854820303,37.815374628256954],[-83.63237403466054,37.815374628256954],[-83.6323967778893,37.81544647954254],[-83.63251049403306,37.81553629355117],[-83.63266969663431,37.81557221912403],[-83.63269243986305,37.815626107450534],[-83.63262421017679,37.815626107450534],[-83.63260146694805,37.81559018190389],[-83.63248775080429,37.81557221912403]]]}},{"type":"Feature","properties":{"kind":"sunset","strength":1.0,"hard":true},"geometry":{"type":"Polygon","coordinates":[[[-83.63235129143177,37.81532073974687],[-83.63235129143177,37.81535666542463],[-83.63232854820303,37.81535666542463],[-83.63232854820303,37.815212962608726],[-83.63237403466054,37.81524888833892],[-83.63237403466054,37.81532073974687],[-83.63235129143177,37.81532073974687]]]}},{"type":"Feature","properties":{"kind":"sunset","strength":1.0,"hard":true},"geometry":{"type":"Polygon","coordinates":[[[-83.63244226434679,37.82185892513429],[-83.63246500757553,37.821984653793116],[-83.63248775080429,37.8220026150126],[-83.63244226434679,37.8220026150126],[-83.63244226434679,37.821948731341024],[-83.6323967778893,37.82191280887145],[-83.6323967778893,37.82185892513429],[-83.63244226434679,37.82185892513429]]]}},{"type":"Feature","properties":{"kind":"sunset","strength":1.0,"hard":true},"geometry":{"type":"Polygon","coordinates":[[[-83.63246500757553,37.82212834342664],[-83.63246500757553,37.82209242104449],[-83.63244226434679,37.82207445984685],[-83.63248775080429,37.82207445984685],[-83.63248775080429,37.82212834342664],[-83.63246500757553,37.82212834342664]]]}},{"type":"Feature","properties":{"kind":"sunset","strength":1.0,"hard":true},"geometry":{"type":"Polygon","coordinates":[[[-83.6325332372618,37.81648831532489],[-83.6325332372618,37.81645239019785],[-83.63257872371929,37.81647035276355],[-83.63255598049055,37.81652424043446],[-83.6325332372618,37.81652424043446],[-83.63255598049055,37.81654220298268],[-83.63255598049055,37.81668590321114],[-83.63251049403306,37.81668590321114],[-83.63251049403306,37.81664997818025],[-83.63248775080429,37.81664997818025],[-83.63251049403306,37.81663201565826],[-83.63251049403306,37.81648831532489],[-83.6325332372618,37.81648831532489]]]}},{"type":"Feature","properties":{"kind":"sunset","strength":1.0,"hard":true},"geometry":{"type":"Polygon","coordinates":[[[-83.63262421017679,37.81706311497994],[-83.63266969663431,37.81708107739704],[-83.63266969663431,37.81717088941701],[-83.63264695340555,37.81717088941701],[-83.63262421017679,37.81709903980977],[-83.63257872371929,37.81708107739704],[-83.63255598049055,37.8170092277024],[-83.6325332372618,37.8170092277024],[-83.6325332372618,37.81695534038553],[-83.63251049403306,37.81695534038553],[-83.6325332372618,37.81690145302933],[-83.63255598049055,37.81690145302933],[-83.63260146694805,37.8170092277024],[-83.63262421017679,37.8170092277024],[-83.63262421017679,37.81706311497994]]]}},{"type":"Feature","properties":{"kind":"sunset","strength":1.0,"hard":true},"geometry":{"type":"Polygon","coordinates":[[[-83.63255598049055,37.81690145302933],[-83.63255598049055,37.816865528103335],[-83.6325332372618,37.816865528103335],[-83.6325332372618,37.816811640681564],[-83.63257872371929,37.816811640681564],[-83.63257872371929,37.81690145302933],[-83.63255598049055,37.81690145302933]]]}},{"type":"Feature","properties":{"kind":"sunset","strength":1.0,"hard":true},"geometry":{"type":"Polygon","coordinates":[[[-83.63260146694805,37.82320600676136],[-83.63262421017679,37.82320600676136],[-83.63264695340555,37.8230623192259],[-83.63260146694805,37.823026397298314],[-83.63257872371929,37.82290067041412],[-83.63260146694805,37.82290067041412],[-83.63260146694805,37.82277494331573],[-83.63264695340555,37.8227569822842],[-83.63264695340555,37.8227929043429],[-83.63262421017679,37.8227929043429],[-83.63262421017679,37.82293659240289],[-83.63264695340555,37.82293659240289],[-83.63266969663431,37.82309824113599],[-83.63269243986305,37.82309824113599],[-83.63269243986305,37.823188045834726],[-83.63266969663431,37.823188045834726],[-83.63266969663431,37.82324192860152],[-83.63264695340555,37.82324192860152],[-83.63266969663431,37.82325988951504],[-83.63264695340555,37.82334969401708],[-83.63269243986305,37.823367654904374],[-83.63269243986305,37.82345745927529],[-83.6327151830918,37.82347542013636],[-83.63266969663431,37.82347542013636],[-83.63264695340555,37.823367654904374],[-83.63260146694805,37.823331733125414],[-83.63260146694805,37.82320600676136]]]}},{"type":"Feature","properties":{"kind":"sunset","strength":1.0,"hard":true},"geometry":{"type":"Polygon","coordinates":[[[-83.63266969663431,37.81630868951483],[-83.63269243986305,37.8162548016866],[-83.63273792632056,37.8162548016866],[-83.63273792632056,37.81623683906844],[-83.63280615600681,37.8162548016866],[-83.63260146694805,37.8163985024745],[-83.63262421017679,37.816326652115514],[-83.63266969663431,37.81630868951483]]]}},{"type":"Feature","properties":{"kind":"sunset","strength":1.0,"hard":true},"geometry":{"type":"Polygon","coordinates":[[[-83.63269243986305,37.81986519920511],[-83.63266969663431,37.81984723746548],[-83.63262421017679,37.81984723746548],[-83.63262421017679,37.81982927572149],[-83.63269243986305,37.81982927572149],[-83.63269243986305,37.81986519920511]]]}},{"type":"Feature","properties":{"kind":"sunset","strength":1.0,"hard":true},"geometry":{"type":"Polygon","coordinates":[[[-83.6327151830918,37.8188234110817],[-83.63266969663431,37.81884137307046],[-83.63266969663431,37.81880544908857],[-83.6327151830918,37.818787487091065],[-83.6327151830918,37.8188234110817]]]}},{"type":"Feature","properties":{"kind":"sunset","strength":1.0,"hard":true},"geometry":{"type":"Polygon","coordinates":[[[-83.63273792632056,37.81647035276355],[-83.6327606695493,37.816416465053315],[-83.63289712892181,37.8163985024745],[-83.63280615600681,37.816506277881864],[-83.6327606695493,37.816506277881864],[-83.6327606695493,37.81652424043446],[-83.6327151830918,37.81652424043446],[-83.63266969663431,37.81656016552653],[-83.63269243986305,37.81648831532489],[-83.63273792632056,37.81647035276355]]]}},{"type":"Feature","properties":{"kind":"sunset","strength":1.0,"hard":true},"geometry":{"type":"Polygon","coordinates":[[[-83.6327606695493,37.82354726353693],[-83.6327606695493,37.82358318521098],[-83.6327151830918,37.82358318521098],[-83.6327151830918,37.82354726353693],[-83.6327606695493,37.82354726353693]]]}},{"type":"Feature","properties":{"kind":"sunset","strength":1.0,"hard":true},"geometry":{"type":"Polygon","coordinates":[[[-83.63278341277807,37.81767383470944],[-83.63278341277807,37.81772772150181],[-83.6327606695493,37.81772772150181],[-83.63273792632056,37.817655872436575],[-83.63278341277807,37.81767383470944]]]}},{"type":"Feature","properties":{"kind":"sunset","strength":1.0,"hard":true},"geometry":{"type":"Polygon","coordinates":[[[-83.6327606695493,37.817440324821234],[-83.63280615600681,37.81742236249155],[-83.63278341277807,37.817584023301386],[-83.6327606695493,37.817584023301386],[-83.63273792632056,37.81749421178407],[-83.6327606695493,37.81749421178407],[-83.6327606695493,37.817440324821234]]]}},{"type":"Feature","properties":{"kind":"sunset","strength":1.0,"hard":true},"geometry":{"type":"Polygon","coordinates":[[[-83.63280615600681,37.823313772229376],[-83.63282889923556,37.823403576665854],[-83.63278341277807,37.823421537540035],[-83.6327606695493,37.82324192860152],[-83.63278341277807,37.82324192860152],[-83.63278341277807,37.823313772229376],[-83.63280615600681,37.823313772229376]]]}},{"type":"Feature","properties":{"kind":"sunset","strength":1.0,"hard":true},"geometry":{"type":"Polygon","coordinates":[[[-83.63282889923556,37.81634461471182],[-83.63282889923556,37.816380539891306],[-83.63278341277807,37.816380539891306],[-83.63278341277807,37.81634461471182],[-83.63282889923556,37.81634461471182]]]}},{"type":"Feature","properties":{"kind":"sunset","strength":1.0,"hard":true},"geometry":{"type":"Polygon","coordinates":[[[-83.63285164246432,37.81781753273502],[-83.63285164246432,37.817853457197714],[-83.63280615600681,37.81787141942251],[-83.63278341277807,37.81774568375719],[-83.63282889923556,37.81774568375719],[-83.63282889923556,37.81781753273502],[-83.63285164246432,37.81781753273502]]]}},{"type":"Feature","properties":{"kind":"sunset","strength":1.0,"hard":true},"geometry":{"type":"Polygon","coordinates":[[[-83.63282889923556,37.81857194278005],[-83.63278341277807,37.81858990483001],[-83.63278341277807,37.81855398072572],[-83.63282889923556,37.818518056603956],[-83.63282889923556,37.81857194278005]]]}},{"type":"Feature","properties":{"kind":"sunset","strength":1.0,"hard":true},"geometry":{"type":"Polygon","coordinates":[[[-83.63280615600681,37.82358318521098],[-83.63285164246432,37.82358318521098],[-83.63285164246432,37.823601146041455],[-83.63280615600681,37.82361910686756],[-83.63280615600681,37.82358318521098]]]}},{"type":"Feature","properties":{"kind":"sunset","strength":1.0,"hard":true},"geometry":{"type":"Polygon","coordinates":[[[-83.63298810183682,37.81797919267945],[-83.63301084506556,37.817997154873645],[-83.63301084506556,37.81803307924893],[-83.63294261537932,37.81801511706347],[-83.63298810183682,37.81797919267945]]]}},{"type":"Feature","properties":{"kind":"sunset","strength":1.0,"hard":true},"geometry":{"type":"Polygon","coordinates":[[[-83.63294261537932,37.817997154873645],[-83.63287438569306,37.81797919267945],[-83.63285164246432,37.81788938164293],[-83.63291987215058,37.81792530607065],[-83.63294261537932,37.817997154873645]]]}},{"type":"Feature","properties":{"kind":"sunset","strength":1.0,"hard":true},"geometry":{"type":"Polygon","coordinates":[[[-83.63291987215058,37.82367298931963],[-83.63294261537932,37.823601146041455],[-83.63296535860808,37.823601146041455],[-83.63296535860808,37.82367298931963],[-83.63291987215058,37.82367298931963]]]}},{"type":"Feature","properties":{"kind":"sunset","strength":1.0,"hard":true},"geometry":{"type":"Polygon","coordinates":[[[-83.63298810183682,37.81788938164293],[-83.63305633152308,37.81792530607065],[-83.63305633152308,37.81796123048088],[-83.63298810183682,37.81794326827794],[-83.63298810183682,37.81788938164293]]]}},{"type":"Feature","properties":{"kind":"sunset","strength":1.0,"hard":true},"geometry":{"type":"Polygon","coordinates":[[[-83.63317004766682,37.82070939603725],[-83.63317004766682,37.82067347296449],[-83.63312456120931,37.82063754987424],[-83.63312456120931,37.820583665206094],[-83.63307907475183,37.820547742072144],[-83.63307907475183,37.82049385733841],[-83.63305633152308,37.82049385733841],[-83.63303358829431,37.8202962796449],[-83.63301084506556,37.8202962796449],[-83.63301084506556,37.820242394727615],[-83.63298810183682,37.820242394727615],[-83.63301084506556,37.82002685466507],[-83.63303358829431,37.82000889296477],[-83.63305633152308,37.82000889296477],[-83.63307907475183,37.820098701422516],[-83.63303358829431,37.820116663100954],[-83.63301084506556,37.82020647142756],[-83.63307907475183,37.82026035637109],[-83.63312456120931,37.82052978049861],[-83.63319279089558,37.820583665206094],[-83.63321553412433,37.82069143450306],[-83.63328376381058,37.82074531909253],[-83.6333292502681,37.82074531909253],[-83.6333292502681,37.82078124213033],[-83.63321553412433,37.82076328061361],[-83.63321553412433,37.82072735756707],[-83.63317004766682,37.82070939603725]]]}},{"type":"Feature","properties":{"kind":"sunset","strength":1.0,"hard":true},"geometry":{"type":"Polygon","coordinates":[[[-83.63303358829431,37.81828454938631],[-83.63303358829431,37.818356397839636],[-83.63301084506556,37.818356397839636],[-83.63301084506556,37.81828454938631],[-83.63303358829431,37.81828454938631]]]}},{"type":"Feature","properties":{"kind":"sunset","strength":1.0,"hard":true},"geometry":{"type":"Polygon","coordinates":[[[-83.63328376381058,37.81612906326772],[-83.63328376381058,37.81611110061896],[-83.6333292502681,37.81611110061896],[-83.6333292502681,37.816147025912095],[-83.63328376381058,37.816147025912095],[-83.63321553412433,37.816218876445916],[-83.63317004766682,37.816218876445916],[-83.63319279089558,37.816147025912095],[-83.63328376381058,37.81612906326772]]]}},{"type":"Feature","properties":{"kind":"sunset","strength":1.0,"hard":true},"geometry":{"type":"Polygon","coordinates":[[[-83.6336476554706,37.816147025912095],[-83.63362491224186,37.81620091381901],[-83.63357942578435,37.81618295118774],[-83.63357942578435,37.816164988552096],[-83.6336476554706,37.816147025912095]]]}},{"type":"Feature","properties":{"kind":"sunset","strength":1.0,"hard":true},"geometry":{"type":"Polygon","coordinates":[[[-83.6336931419281,37.816057212646484],[-83.63371588515685,37.81602128730964],[-83.63376137161437,37.81602128730964],[-83.63376137161437,37.81600332463466],[-83.63380685807186,37.81602128730964],[-83.63392057421562,37.815949436583516],[-83.63398880390187,37.8159673992716],[-83.63398880390187,37.81598536195531],[-83.63392057421562,37.81598536195531],[-83.63392057421562,37.81600332463466],[-83.63387508775813,37.81600332463466],[-83.6338296013006,37.81603924998024],[-83.63376137161437,37.81603924998024],[-83.6336476554706,37.81612906326772],[-83.6336021690131,37.81612906326772],[-83.63362491224186,37.81607517530834],[-83.6336931419281,37.816057212646484]]]}},{"type":"Feature","properties":{"kind":"sunset","strength":1.0,"hard":true},"geometry":{"type":"Polygon","coordinates":[[[-83.63385234452936,37.820942895584054],[-83.63378411484311,37.82085308815346],[-83.6338296013006,37.82085308815346],[-83.63385234452936,37.8208890111388],[-83.63389783098687,37.8208890111388],[-83.6339660606731,37.820942895584054],[-83.63389783098687,37.82096085705705],[-83.63389783098687,37.820942895584054],[-83.63385234452936,37.820942895584054]]]}},{"type":"Feature","properties":{"kind":"sunset","strength":1.0,"hard":true},"geometry":{"type":"Polygon","coordinates":[[[-83.63410252004563,37.81603924998024],[-83.63410252004563,37.816057212646484],[-83.63403429035938,37.816057212646484],[-83.63403429035938,37.81603924998024],[-83.63410252004563,37.81603924998024]]]}},{"type":"Feature","properties":{"kind":"sunset","strength":1.0,"hard":true},"geometry":{"type":"Polygon","coordinates":[[[-83.63403429035938,37.816057212646484],[-83.63403429035938,37.81609313796583],[-83.63398880390187,37.81609313796583],[-83.63398880390187,37.81611110061896],[-83.63385234452936,37.81612906326772],[-83.63392057421562,37.81607517530834],[-83.6339660606731,37.81609313796583],[-83.6339660606731,37.81607517530834],[-83.63403429035938,37.816057212646484]]]}},{"type":"Feature","properties":{"kind":"sunset","strength":1.0,"hard":true},"geometry":{"type":"Polygon","coordinates":[[[-83.63426172264687,37.82160746717415],[-83.63426172264687,37.8214817378728],[-83.63419349296063,37.821445815175935],[-83.63414800650312,37.821338046980436],[-83.63412526327437,37.821338046980436],[-83.63412526327437,37.82126620142936],[-83.63410252004563,37.82126620142936],[-83.63412526327437,37.82121231722016],[-83.63419349296063,37.82117639439216],[-83.63419349296063,37.821140471546684],[-83.63423897941813,37.821140471546684],[-83.63423897941813,37.82108658724569],[-83.63419349296063,37.821050664356505],[-83.6341707497319,37.82097881852568],[-83.63421623618939,37.82097881852568],[-83.63426172264687,37.82101474144984],[-83.63426172264687,37.821050664356505],[-83.63428446587565,37.821050664356505],[-83.63428446587565,37.82115843297161],[-83.63419349296063,37.82121231722016],[-83.6341707497319,37.82130212421364],[-83.63421623618939,37.821338046980436],[-83.63423897941813,37.82140989246159],[-83.63430720910439,37.821445815175935],[-83.63428446587565,37.82169727368683],[-83.63426172264687,37.82169727368683],[-83.63426172264687,37.821733196261306],[-83.63419349296063,37.821733196261306],[-83.63421623618939,37.82167931239304],[-83.63423897941813,37.82167931239304],[-83.63423897941813,37.82160746717415],[-83.63426172264687,37.82160746717415]]]}},{"type":"Feature","properties":{"kind":"sunset","strength":1.0,"hard":true},"geometry":{"type":"Polygon","coordinates":[[[-83.6341707497319,37.82097881852568],[-83.63405703358812,37.82099677998994],[-83.63405703358812,37.82097881852568],[-83.63401154713063,37.82097881852568],[-83.63401154713063,37.820942895584054],[-83.6341707497319,37.82096085705705],[-83.6341707497319,37.82097881852568]]]}},{"type":"Feature","properties":{"kind":"sunset","strength":1.0,"hard":true},"geometry":{"type":"Polygon","coordinates":[[[-83.63410252004563,37.816147025912095],[-83.63410252004563,37.81620091381901],[-83.63407977681688,37.81620091381901],[-83.63407977681688,37.816147025912095],[-83.63410252004563,37.816147025912095]]]}},{"type":"Feature","properties":{"kind":"sunset","strength":1.0,"hard":true},"geometry":{"type":"Polygon","coordinates":[[[-83.63405703358812,37.81620091381901],[-83.63410252004563,37.816218876445916],[-83.63410252004563,37.81629072690979],[-83.63405703358812,37.8162548016866],[-83.63405703358812,37.81620091381901]]]}},{"type":"Feature","properties":{"kind":"sunset","strength":1.0,"hard":true},"geometry":{"type":"Polygon","coordinates":[[[-83.63419349296063,37.81603924998024],[-83.63414800650312,37.816057212646484],[-83.63414800650312,37.81602128730964],[-83.63419349296063,37.81600332463466],[-83.63419349296063,37.81603924998024]]]}},{"type":"Feature","properties":{"kind":"sunset","strength":1.0,"hard":true},"geometry":{"type":"Polygon","coordinates":[[[-83.63414800650312,37.816057212646484],[-83.63414800650312,37.81611110061896],[-83.63410252004563,37.81612906326772],[-83.63410252004563,37.81607517530834],[-83.63414800650312,37.816057212646484]]]}},{"type":"Feature","properties":{"kind":"sunset","strength":1.0,"hard":true},"geometry":{"type":"Polygon","coordinates":[[[-83.63412526327437,37.816326652115514],[-83.63412526327437,37.81630868951483],[-83.6341707497319,37.81629072690979],[-83.6341707497319,37.816326652115514],[-83.63412526327437,37.816326652115514]]]}},{"type":"Feature","properties":{"kind":"sunset","strength":1.0,"hard":true},"geometry":{"type":"Polygon","coordinates":[[[-83.63426172264687,37.82185892513429],[-83.63419349296063,37.82187688638438],[-83.63419349296063,37.82180504135781],[-83.63423897941813,37.82180504135781],[-83.63423897941813,37.821840963879836],[-83.63426172264687,37.821840963879836],[-83.63426172264687,37.82185892513429]]]}},{"type":"Feature","properties":{"kind":"sunset","strength":1.0,"hard":true},"geometry":{"type":"Polygon","coordinates":[[[-83.63421623618939,37.821984653793116],[-83.63421623618939,37.821894847630105],[-83.63426172264687,37.821894847630105],[-83.63426172264687,37.821948731341024],[-83.63421623618939,37.821984653793116]]]}},{"type":"Feature","properties":{"kind":"sunset","strength":1.0,"hard":true},"geometry":{"type":"Polygon","coordinates":[[[-83.63423897941813,37.82202057622772],[-83.63430720910439,37.82207445984685],[-83.63430720910439,37.82212834342664],[-83.63423897941813,37.82209242104449],[-83.63423897941813,37.82202057622772]]]}},{"type":"Feature","properties":{"kind":"sunset","strength":1.0,"hard":true},"geometry":{"type":"Polygon","coordinates":[[[-83.63437543879063,37.81580573492146],[-83.6343981820194,37.8158416603632],[-83.63428446587565,37.81587758578745],[-83.63428446587565,37.8158416603632],[-83.63437543879063,37.81580573492146]]]}},{"type":"Feature","properties":{"kind":"sunset","strength":1.0,"hard":true},"geometry":{"type":"Polygon","coordinates":[[[-83.63442092524815,37.82096085705705],[-83.63442092524815,37.82092493410667],[-83.6344891549344,37.82092493410667],[-83.63446641170565,37.82099677998994],[-83.63435269556189,37.82101474144984],[-83.63432995233315,37.820942895584054],[-83.63442092524815,37.82096085705705]]]}},{"type":"Feature","properties":{"kind":"sunset","strength":1.0,"hard":true},"geometry":{"type":"Polygon","coordinates":[[[-83.63496676273817,37.81580573492146],[-83.63496676273817,37.81576980946224],[-83.63501224919568,37.81576980946224],[-83.63498950596693,37.81580573492146],[-83.63496676273817,37.81580573492146]]]}},{"type":"Feature","properties":{"kind":"sunset","strength":1.0,"hard":true},"geometry":{"type":"Polygon","coordinates":[[[-83.63514870856818,37.81578777219403],[-83.63512596533944,37.8158416603632],[-83.63508047888192,37.8158416603632],[-83.63510322211069,37.81578777219403],[-83.63514870856818,37.81578777219403]]]}},{"type":"Feature","properties":{"kind":"sunset","strength":1.0,"hard":true},"geometry":{"type":"Polygon","coordinates":[[[-83.63521693825442,37.81557221912403],[-83.63521693825442,37.81555425633979],[-83.63526242471194,37.81555425633979],[-83.63526242471194,37.81553629355117],[-83.63530791116943,37.81553629355117],[-83.63535339762694,37.81550036796083],[-83.6354216273132,37.81551833075819],[-83.6354216273132,37.81553629355117],[-83.63535339762694,37.81553629355117],[-83.63530791116943,37.81557221912403],[-83.63519419502568,37.81559018190389],[-83.63519419502568,37.8156081446794],[-83.63512596533944,37.8156081446794],[-83.63512596533944,37.81557221912403],[-83.63517145179694,37.81557221912403],[-83.63517145179694,37.81555425633979],[-83.63521693825442,37.81557221912403]]]}},{"type":"Feature","properties":{"kind":"sunset","strength":1.0,"hard":true},"geometry":{"type":"Polygon","coordinates":[[[-83.6353761408557,37.8156081446794],[-83.63533065439819,37.8156440702173],[-83.63530791116943,37.8156081446794],[-83.6353761408557,37.8156081446794]]]}},{"type":"Feature","properties":{"kind":"sunset","strength":1.0,"hard":true},"geometry":{"type":"Polygon","coordinates":[[[-83.6355580866857,37.81566203297968],[-83.63551260022821,37.8156440702173],[-83.63551260022821,37.8156081446794],[-83.6355580866857,37.8156081446794],[-83.6355580866857,37.81566203297968]]]}},{"type":"Feature","properties":{"kind":"sunset","strength":1.0,"hard":true},"geometry":{"type":"Polygon","coordinates":[[[-83.63583100543072,37.81524888833892],[-83.63587649188821,37.815194999737066],[-83.63594472157449,37.81517703686104],[-83.63594472157449,37.815212962608726],[-83.63589923511697,37.81523092547601],[-83.63587649188821,37.81530277690145],[-83.63585374865947,37.81530277690145],[-83.63583100543072,37.81524888833892]]]}},{"type":"Feature","properties":{"kind":"sunset","strength":1.0,"hard":true},"geometry":{"type":"Polygon","coordinates":[[[-83.63599020803197,37.815194999737066],[-83.63601295126072,37.81524888833892],[-83.63599020803197,37.81524888833892],[-83.63596746480323,37.81530277690145],[-83.63592197834572,37.81530277690145],[-83.63592197834572,37.815266851197464],[-83.63594472157449,37.815266851197464],[-83.63594472157449,37.81523092547601],[-83.63599020803197,37.815194999737066]]]}},{"type":"Feature","properties":{"kind":"sunset","strength":1.0,"hard":true},"geometry":{"type":"Polygon","coordinates":[[[-83.63619489709075,37.81573388398554],[-83.636263126777,37.81580573492146],[-83.63619489709075,37.81580573492146],[-83.63619489709075,37.81573388398554]]]}},{"type":"Feature","properties":{"kind":"sunset","strength":1.0,"hard":true},"geometry":{"type":"Polygon","coordinates":[[[-83.63637684292075,37.81553629355117],[-83.6363995861495,37.81557221912403],[-83.63633135646324,37.81559018190389],[-83.63633135646324,37.815626107450534],[-83.63628587000574,37.815626107450534],[-83.63630861323449,37.81555425633979],[-83.63637684292075,37.81553629355117]]]}}]}
