{"type":"FeatureCollection","name":"RRG LiDAR sunrise/sunset ring-r5c5","features":[{"type":"Feature","properties":{"kind":"sunrise","strength":0.2,"hard":false,"sector":"ring-r5c5"},"geometry":{"type":"Polygon","coordinates":[[[-83.52312109593659,37.76510118774525],[-83.52314355121362,37.765012434345685],[-83.52305373010557,37.764923680839615],[-83.52305373010557,37.76487042868485],[-83.52318846176765,37.76487042868485],[-83.52314355121362,37.76478167500837],[-83.52316600649063,37.76474617350796],[-83.52327828287571,37.76485267795808],[-83.52327828287571,37.76495918225483],[-83.52321091704465,37.76497693295604],[-83.52321091704465,37.76506568639821],[-83.52305373010557,37.765154439733855],[-83.52312109593659,37.76510118774525]]]}},{"type":"Feature","properties":{"kind":"sunrise","strength":0.2,"hard":false,"sector":"ring-r5c5"},"geometry":{"type":"Polygon","coordinates":[[[-83.52855527297393,37.74338893330037],[-83.52839808603484,37.74324688613104],[-83.52839808603484,37.74315810651177],[-83.52851036241991,37.74315810651177],[-83.528690004636,37.74326464204212],[-83.52851036241991,37.74326464204212],[-83.52855527297393,37.74338893330037]]]}},{"type":"Feature","properties":{"kind":"sunrise","strength":0.2,"hard":false,"sector":"ring-r5c5"},"geometry":{"type":"Polygon","coordinates":[[[-83.52864509408198,37.743584247713116],[-83.528667549359,37.7437618058229],[-83.52864509408198,37.7437618058229],[-83.52864509408198,37.743584247713116]]]}},{"type":"Feature","properties":{"kind":"sunrise","strength":0.2,"hard":false,"sector":"ring-r5c5"},"geometry":{"type":"Polygon","coordinates":[[[-83.52871245991302,37.74331790974979],[-83.52875737046706,37.74330015385149],[-83.5288247362981,37.74337117741913],[-83.52877982574407,37.74337117741913],[-83.52871245991302,37.74331790974979]]]}},{"type":"Feature","properties":{"kind":"sunrise","strength":0.2,"hard":false,"sector":"ring-r5c5"},"geometry":{"type":"Polygon","coordinates":[[[-83.52907174434525,37.744081409347096],[-83.52909419962226,37.7441169207646],[-83.52920647600733,37.7441169207646],[-83.52922893128435,37.74406365363196],[-83.52920647600733,37.744170187858906],[-83.52909419962226,37.744170187858906],[-83.52904928906824,37.744134676466956],[-83.52907174434525,37.744081409347096]]]}},{"type":"Feature","properties":{"kind":"sunrise","strength":0.2,"hard":false,"sector":"ring-r5c5"},"geometry":{"type":"Polygon","coordinates":[[[-83.55262732993268,37.763468108143634],[-83.55253750882463,37.7633438506108],[-83.55260487465567,37.7633438506108],[-83.55260487465567,37.76321959286921],[-83.5526722404867,37.763184090619],[-83.5526497852097,37.763308348420225],[-83.5528069721488,37.763290597318544],[-83.5528069721488,37.763308348420225],[-83.5526497852097,37.7633616016997],[-83.5526497852097,37.76352136130809],[-83.55255996410165,37.76355686339643],[-83.55262732993268,37.763468108143634]]]}},{"type":"Feature","properties":{"kind":"sunrise","strength":0.2,"hard":false,"sector":"ring-r5c5"},"geometry":{"type":"Polygon","coordinates":[[[-83.55675910090321,37.762669306075765],[-83.55693874311932,37.762616052297844],[-83.55693874311932,37.762669306075765],[-83.5568938325653,37.76268705732656],[-83.55675910090321,37.762669306075765]]]}},{"type":"Feature","properties":{"kind":"sunrise","strength":0.2,"hard":false,"sector":"ring-r5c5"},"geometry":{"type":"Polygon","coordinates":[[[-83.5572306617205,37.74866224153619],[-83.55736539338258,37.74846694052414],[-83.55727557227452,37.74841367652231],[-83.55700610895038,37.74852020448764],[-83.55696119839635,37.74850244983739],[-83.55718575116647,37.748395921846516],[-83.55736539338258,37.748395921846516],[-83.55745521449063,37.7484846951829],[-83.55745521449063,37.748573468412786],[-83.55732048282856,37.748591223045985],[-83.5572306617205,37.74866224153619]]]}},{"type":"Feature","properties":{"kind":"sunrise","strength":0.2,"hard":false,"sector":"ring-r5c5"},"geometry":{"type":"Polygon","coordinates":[[[-83.55696119839635,37.74852020448764],[-83.55691628784231,37.748573468412786],[-83.55687137728829,37.748573468412786],[-83.55691628784231,37.74852020448764],[-83.55696119839635,37.74852020448764]]]}},{"type":"Feature","properties":{"kind":"sunrise","strength":0.2,"hard":false,"sector":"ring-r5c5"},"geometry":{"type":"Polygon","coordinates":[[[-83.55747766976765,37.76203025821005],[-83.55750012504465,37.76236753416054],[-83.55747766976765,37.76236753416054],[-83.55747766976765,37.76203025821005]]]}},{"type":"Feature","properties":{"kind":"sunrise","strength":0.2,"hard":false,"sector":"ring-r5c5"},"geometry":{"type":"Polygon","coordinates":[[[-83.55747766976765,37.76236753416054],[-83.55745521449063,37.762456290734],[-83.55732048282856,37.762527295916094],[-83.55725311699752,37.762527295916094],[-83.55720820644349,37.762616052297844],[-83.55714084061245,37.762527295916094],[-83.55741030393662,37.762456290734],[-83.55747766976765,37.76236753416054]]]}},{"type":"Feature","properties":{"kind":"sunrise","strength":0.2,"hard":false,"sector":"ring-r5c5"},"geometry":{"type":"Polygon","coordinates":[[[-83.55893726277355,37.76206576101411],[-83.55880253111148,37.76210126380112],[-83.55882498638847,37.76203025821005],[-83.55895971805056,37.76203025821005],[-83.55898217332758,37.76224327477876],[-83.55893726277355,37.76206576101411]]]}},{"type":"Feature","properties":{"kind":"sunrise","strength":0.2,"hard":false,"sector":"ring-r5c5"},"geometry":{"type":"Polygon","coordinates":[[[-83.5598579291311,37.763787626555214],[-83.5598579291311,37.7639118833425],[-83.55983547385411,37.7639118833425],[-83.55981301857709,37.76376987556856],[-83.5598579291311,37.763787626555214]]]}},{"type":"Feature","properties":{"kind":"sunrise","strength":0.2,"hard":false,"sector":"ring-r5c5"},"geometry":{"type":"Polygon","coordinates":[[[-83.56021721356333,37.73623296812866],[-83.56046422161049,37.736250725722186],[-83.56021721356333,37.736250725722186],[-83.56021721356333,37.73623296812866]]]}},{"type":"Feature","properties":{"kind":"sunrise","strength":0.2,"hard":false,"sector":"ring-r5c5"},"geometry":{"type":"Polygon","coordinates":[[[-83.56048667688749,37.73621521053089],[-83.56080105076569,37.73623296812866],[-83.56048667688749,37.73623296812866],[-83.56048667688749,37.73621521053089]]]}},{"type":"Feature","properties":{"kind":"sunrise","strength":0.2,"hard":false,"sector":"ring-r5c5"},"geometry":{"type":"Polygon","coordinates":[[[-83.56116033519793,37.7361264224781],[-83.56113787992089,37.736463816512206],[-83.56109296936687,37.73655260416036],[-83.56102560353582,37.736588119189804],[-83.56102560353582,37.736410543872196],[-83.56093578242776,37.73639278631701],[-83.56086841659673,37.736428301423125],[-83.56086841659673,37.73639278631701],[-83.56071122965763,37.73637502875757],[-83.56095823770478,37.73637502875757],[-83.56095823770478,37.73628624089645],[-83.56086841659673,37.736250725722186],[-83.56095823770478,37.736250725722186],[-83.5610031482588,37.736197452928856],[-83.5610031482588,37.73626848331145],[-83.56111542464389,37.73626848331145],[-83.56116033519793,37.7361264224781]]]}},{"type":"Feature","properties":{"kind":"sunrise","strength":0.2,"hard":false,"sector":"ring-r5c5"},"geometry":{"type":"Polygon","coordinates":[[[-83.56138488796805,37.73703205562042],[-83.56122770102895,37.73685448136762],[-83.56113787992089,37.73683672391891],[-83.56109296936687,37.73678345154724],[-83.56120524575195,37.73683672391891],[-83.56133997741402,37.73683672391891],[-83.56138488796805,37.73688999625226],[-83.56138488796805,37.73703205562042]]]}},{"type":"Feature","properties":{"kind":"sunrise","strength":0.2,"hard":false,"sector":"ring-r5c5"},"geometry":{"type":"Polygon","coordinates":[[[-83.56118279047493,37.76650347732245],[-83.5610031482588,37.76632597378249],[-83.56125015630596,37.766219471454036],[-83.56122770102895,37.766148469816514],[-83.56125015630596,37.766112968972195],[-83.56129506686,37.766166220232286],[-83.56129506686,37.766308223405076],[-83.56120524575195,37.76636147452457],[-83.56127261158296,37.766467976648535],[-83.56118279047493,37.766574478619134],[-83.56118279047493,37.766858483124224],[-83.56116033519793,37.766858483124224],[-83.56118279047493,37.76650347732245]]]}},{"type":"Feature","properties":{"kind":"sunrise","strength":0.2,"hard":false,"sector":"ring-r5c5"},"geometry":{"type":"Polygon","coordinates":[[[-83.56120524575195,37.736996540803936],[-83.56122770102895,37.737049813022274],[-83.56118279047493,37.737014298214305],[-83.56104805881283,37.737014298214305],[-83.56120524575195,37.736996540803936]]]}},{"type":"Feature","properties":{"kind":"sunrise","strength":0.2,"hard":false,"sector":"ring-r5c5"},"geometry":{"type":"Polygon","coordinates":[[[-83.56118279047493,37.735806784606424],[-83.56120524575195,37.735984361372175],[-83.56118279047493,37.735984361372175],[-83.56118279047493,37.735806784606424]]]}},{"type":"Feature","properties":{"kind":"sunrise","strength":0.2,"hard":false,"sector":"ring-r5c5"},"geometry":{"type":"Polygon","coordinates":[[[-83.56120524575195,37.73557593417421],[-83.56122770102895,37.73578902690642],[-83.56120524575195,37.73578902690642],[-83.56120524575195,37.73557593417421]]]}},{"type":"Feature","properties":{"kind":"sunrise","strength":0.2,"hard":false,"sector":"ring-r5c5"},"geometry":{"type":"Polygon","coordinates":[[[-83.56149716435313,37.73713859996765],[-83.56151961963013,37.73738720284825],[-83.56149716435313,37.73738720284825],[-83.56149716435313,37.73713859996765]]]}},{"type":"Feature","properties":{"kind":"sunrise","strength":0.2,"hard":false,"sector":"ring-r5c5"},"geometry":{"type":"Polygon","coordinates":[[[-83.56185644878533,37.76357461443419],[-83.5619687251704,37.763645618542704],[-83.56201363572443,37.76357461443419],[-83.56201363572443,37.763698871579344],[-83.56187890406235,37.76371662258304],[-83.56185644878533,37.76357461443419]]]}},{"type":"Feature","properties":{"kind":"sunrise","strength":0.2,"hard":false,"sector":"ring-r5c5"},"geometry":{"type":"Polygon","coordinates":[[[-83.56208100155547,37.76655672830135],[-83.56205854627846,37.76660997924192],[-83.5619687251704,37.76664547984766],[-83.56214836738653,37.766467976648535],[-83.56228309904859,37.766485726987625],[-83.56221573321756,37.76669873072432],[-83.56219327794055,37.76655672830135],[-83.56208100155547,37.76655672830135]]]}},{"type":"Feature","properties":{"kind":"sunrise","strength":0.2,"hard":false,"sector":"ring-r5c5"},"geometry":{"type":"Polygon","coordinates":[[[-83.56201363572443,37.763290597318544],[-83.56203609100145,37.76355686339643],[-83.56201363572443,37.76355686339643],[-83.56201363572443,37.763290597318544]]]}},{"type":"Feature","properties":{"kind":"sunrise","strength":0.2,"hard":false,"sector":"ring-r5c5"},"geometry":{"type":"Polygon","coordinates":[[[-83.56241783071067,37.73722738680656],[-83.56239537543367,37.737174114716],[-83.56223818849458,37.73715635734395],[-83.56246274126471,37.737174114716],[-83.56246274126471,37.7372629015123],[-83.56235046487964,37.73731617353897],[-83.56241783071067,37.73722738680656]]]}},{"type":"Feature","properties":{"kind":"sunrise","strength":0.2,"hard":false,"sector":"ring-r5c5"},"geometry":{"type":"Polygon","coordinates":[[[-83.56304657846707,37.76174623516416],[-83.5632711312372,37.761710732206744],[-83.56329358651423,37.76181724102787],[-83.56315885485213,37.76187049538093],[-83.56320376540617,37.76183499248316],[-83.56320376540617,37.76174623516416],[-83.56304657846707,37.76174623516416]]]}},{"type":"Feature","properties":{"kind":"sunrise","strength":0.2,"hard":false,"sector":"ring-r5c5"},"geometry":{"type":"Polygon","coordinates":[[[-83.5635630498384,37.76604196723241],[-83.56365287094644,37.766148469816514],[-83.56365287094644,37.76620172105104],[-83.5635630498384,37.766112968972195],[-83.56349568400734,37.766112968972195],[-83.56345077345331,37.76625497224723],[-83.5634283181763,37.76602421678683],[-83.5635630498384,37.76604196723241]]]}},{"type":"Feature","properties":{"kind":"sunrise","strength":0.2,"hard":false,"sector":"ring-r5c5"},"geometry":{"type":"Polygon","coordinates":[[[-83.56385496843957,37.73914515653672],[-83.56410197648671,37.73916291343172],[-83.56385496843957,37.73916291343172],[-83.56385496843957,37.73914515653672]]]}},{"type":"Feature","properties":{"kind":"sunrise","strength":0.2,"hard":false,"sector":"ring-r5c5"},"geometry":{"type":"Polygon","coordinates":[[[-83.56394478954763,37.76664547984766],[-83.56396724482464,37.7669472343084],[-83.56394478954763,37.7669472343084],[-83.56394478954763,37.76664547984766]]]}},{"type":"Feature","properties":{"kind":"sunrise","strength":0.2,"hard":false,"sector":"ring-r5c5"},"geometry":{"type":"Polygon","coordinates":[[[-83.56486545590518,37.73962459120666],[-83.56450617147296,37.7395890776339],[-83.56443880564191,37.739535807242795],[-83.56441635036491,37.73930496843838],[-83.56437143981087,37.739251697842825],[-83.56446126091893,37.73928721157745],[-83.56455108202698,37.739393752679106],[-83.56455108202698,37.739464779995025],[-83.56450617147296,37.73948253681336],[-83.56452862674998,37.73955356404409],[-83.56479809007413,37.73957132084113],[-83.56486545590518,37.73962459120666]]]}},{"type":"Feature","properties":{"kind":"sunrise","strength":0.2,"hard":false,"sector":"ring-r5c5"},"geometry":{"type":"Polygon","coordinates":[[[-83.56486545590518,37.73962459120666],[-83.5648879111822,37.73976664532738],[-83.56484300062817,37.739784402073305],[-83.56486545590518,37.739748888577196],[-83.56486545590518,37.73962459120666]]]}},{"type":"Feature","properties":{"kind":"sunrise","strength":0.2,"hard":false,"sector":"ring-r5c5"},"geometry":{"type":"Polygon","coordinates":[[[-83.56482054535115,37.76987596363347],[-83.56486545590518,37.769929212183925],[-83.56473072424309,37.769893713154545],[-83.56473072424309,37.76987596363347],[-83.56482054535115,37.76987596363347]]]}},{"type":"Feature","properties":{"kind":"sunrise","strength":0.2,"hard":false,"sector":"ring-r5c5"},"geometry":{"type":"Polygon","coordinates":[[[-83.56500000000001,37.769822715044675],[-83.5648879111822,37.76973396731146],[-83.56497773229025,37.76976946641753],[-83.56500000000001,37.769822715044675]]]}},{"type":"Feature","properties":{"kind":"sunrise","strength":0.2,"hard":false,"sector":"ring-r5c5"},"geometry":{"type":"Polygon","coordinates":[[[-83.5648879111822,37.76994696169222],[-83.56497773229025,37.76996471119626],[-83.56500000000001,37.769999999999996],[-83.56493282173622,37.769999999999996],[-83.5648879111822,37.76994696169222]]]}},{"type":"Feature","properties":{"kind":"sunrise","strength":0.2,"hard":false,"sector":"ring-r5c5"},"geometry":{"type":"Polygon","coordinates":[[[-83.56500000000001,37.73738720284825],[-83.56500000000001,37.73752926126234],[-83.56497773229025,37.73752926126234],[-83.5649103664592,37.73749374668438],[-83.5649103664592,37.73738720284825],[-83.56500000000001,37.73738720284825]]]}},{"type":"Feature","properties":{"kind":"sunrise","strength":0.2,"hard":false,"sector":"ring-r5c5"},"geometry":{"type":"Polygon","coordinates":[[[-83.56500000000001,37.769183728988224],[-83.56500000000001,37.76925472771162],[-83.56497773229025,37.76925472771162],[-83.56495527701324,37.76914822960098],[-83.56500000000001,37.769183728988224]]]}},{"type":"Feature","properties":{"kind":"sunrise","strength":0.36,"hard":false,"sector":"ring-r5c5"},"geometry":{"type":"Polygon","coordinates":[[[-83.52303127482855,37.76511893841237],[-83.52305373010557,37.76494143154935],[-83.52291899844349,37.76479942575219],[-83.52307618538256,37.76479942575219],[-83.52307618538256,37.76472842275136],[-83.52300881955155,37.76463966890447],[-83.52318846176765,37.764817176491746],[-83.52316600649063,37.764888179407365],[-83.52305373010557,37.76487042868485],[-83.52305373010557,37.764923680839615],[-83.52314355121362,37.765012434345685],[-83.52312109593659,37.76510118774525],[-83.52305373010557,37.765154439733855],[-83.52287408788945,37.765154439733855],[-83.52303127482855,37.76511893841237]]]}},{"type":"Feature","properties":{"kind":"sunrise","strength":0.36,"hard":false,"sector":"ring-r5c5"},"geometry":{"type":"Polygon","coordinates":[[[-83.528690004636,37.74349546849849],[-83.52851036241991,37.74331790974979],[-83.52853281769693,37.74324688613104],[-83.528690004636,37.74328239794894],[-83.52877982574407,37.74335342153361],[-83.52864509408198,37.74335342153361],[-83.528690004636,37.74349546849849]]]}},{"type":"Feature","properties":{"kind":"sunrise","strength":0.36,"hard":false,"sector":"ring-r5c5"},"geometry":{"type":"Polygon","coordinates":[[[-83.52904928906824,37.74406365363196],[-83.52918402073033,37.744081409347096],[-83.52922893128435,37.74397487499237],[-83.52920647600733,37.7441169207646],[-83.52909419962226,37.7441169207646],[-83.52904928906824,37.74406365363196]]]}},{"type":"Feature","properties":{"kind":"sunrise","strength":0.36,"hard":false,"sector":"ring-r5c5"},"geometry":{"type":"Polygon","coordinates":[[[-83.52940857350045,37.74351322434994],[-83.52943102877747,37.7436907826301],[-83.52940857350045,37.7436907826301],[-83.52940857350045,37.74351322434994]]]}},{"type":"Feature","properties":{"kind":"sunrise","strength":0.36,"hard":false,"sector":"ring-r5c5"},"geometry":{"type":"Polygon","coordinates":[[[-83.55255996410165,37.76352136130809],[-83.55255996410165,37.7633616016997],[-83.55262732993268,37.763468108143634],[-83.55255996410165,37.76355686339643],[-83.5524925982706,37.76355686339643],[-83.55255996410165,37.76352136130809]]]}},{"type":"Feature","properties":{"kind":"sunrise","strength":0.36,"hard":false,"sector":"ring-r5c5"},"geometry":{"type":"Polygon","coordinates":[[[-83.5526497852097,37.76321959286921],[-83.55273960631774,37.763130837211705],[-83.55269469576372,37.76323734398794],[-83.55273960631774,37.7632728462126],[-83.5528294274258,37.76323734398794],[-83.55287433797984,37.763255095102394],[-83.55276206159476,37.763308348420225],[-83.5526497852097,37.763308348420225],[-83.5526497852097,37.76321959286921]]]}},{"type":"Feature","properties":{"kind":"sunrise","strength":0.36,"hard":false,"sector":"ring-r5c5"},"geometry":{"type":"Polygon","coordinates":[[[-83.5572306617205,37.748626732299606],[-83.5572306617205,37.74850244983739],[-83.55711838533543,37.74850244983739],[-83.55696119839635,37.748573468412786],[-83.55691628784231,37.748555713775325],[-83.55727557227452,37.74841367652231],[-83.55734293810558,37.74843143119384],[-83.55736539338258,37.74852020448764],[-83.5572306617205,37.748626732299606]]]}},{"type":"Feature","properties":{"kind":"sunrise","strength":0.36,"hard":false,"sector":"ring-r5c5"},"geometry":{"type":"Polygon","coordinates":[[[-83.55693874311932,37.762669306075765],[-83.55693874311932,37.762616052297844],[-83.55698365367336,37.762616052297844],[-83.55698365367336,37.76265155482072],[-83.55693874311932,37.762669306075765]]]}},{"type":"Feature","properties":{"kind":"sunrise","strength":0.36,"hard":false,"sector":"ring-r5c5"},"geometry":{"type":"Polygon","coordinates":[[[-83.55745521449063,37.76236753416054],[-83.55741030393662,37.762456290734],[-83.55714084061245,37.762527295916094],[-83.55720820644349,37.76258054975792],[-83.5572306617205,37.762669306075765],[-83.55718575116647,37.762616052297844],[-83.55707347478142,37.76258054975792],[-83.55711838533543,37.76247404203592],[-83.55729802755155,37.762456290734],[-83.55745521449063,37.76236753416054]]]}},{"type":"Feature","properties":{"kind":"sunrise","strength":0.36,"hard":false,"sector":"ring-r5c5"},"geometry":{"type":"Polygon","coordinates":[[[-83.55711838533543,37.76192374969565],[-83.55734293810558,37.76190599826167],[-83.55734293810558,37.76192374969565],[-83.55711838533543,37.76192374969565]]]}},{"type":"Feature","properties":{"kind":"sunrise","strength":0.36,"hard":false,"sector":"ring-r5c5"},"geometry":{"type":"Polygon","coordinates":[[[-83.55878007583446,37.762136766571096],[-83.55884744166549,37.76206576101411],[-83.55893726277355,37.76206576101411],[-83.55895971805056,37.7622610261318],[-83.55893726277355,37.76211901518823],[-83.55878007583446,37.762136766571096]]]}},{"type":"Feature","properties":{"kind":"sunrise","strength":0.36,"hard":false,"sector":"ring-r5c5"},"geometry":{"type":"Polygon","coordinates":[[[-83.56055404271854,37.76602421678683],[-83.56041931105646,37.76600646633698],[-83.56055404271854,37.76598871588286],[-83.56055404271854,37.76602421678683]]]}},{"type":"Feature","properties":{"kind":"sunrise","strength":0.36,"hard":false,"sector":"ring-r5c5"},"geometry":{"type":"Polygon","coordinates":[[[-83.56084596131973,37.73632175605367],[-83.56080105076569,37.736250725722186],[-83.56059895327256,37.73623296812866],[-83.56082350604271,37.73623296812866],[-83.56093578242776,37.73626848331145],[-83.56095823770478,37.73637502875757],[-83.56071122965763,37.73637502875757],[-83.56084596131973,37.73632175605367]]]}},{"type":"Feature","properties":{"kind":"sunrise","strength":0.36,"hard":false,"sector":"ring-r5c5"},"geometry":{"type":"Polygon","coordinates":[[[-83.56095823770478,37.73662363420222],[-83.56095823770478,37.73649933158424],[-83.56082350604271,37.736481574050345],[-83.56093578242776,37.73639278631701],[-83.56104805881283,37.736428301423125],[-83.56104805881283,37.73655260416036],[-83.56095823770478,37.73662363420222]]]}},{"type":"Feature","properties":{"kind":"sunrise","strength":0.36,"hard":false,"sector":"ring-r5c5"},"geometry":{"type":"Polygon","coordinates":[[[-83.56118279047493,37.766077468110836],[-83.56125015630596,37.766148469816514],[-83.56125015630596,37.766219471454036],[-83.5610031482588,37.76632597378249],[-83.56107051408986,37.766379224889214],[-83.56109296936687,37.766467976648535],[-83.56118279047493,37.76650347732245],[-83.56113787992089,37.766858483124224],[-83.56113787992089,37.766574478619134],[-83.5609806929818,37.76653897797931],[-83.5609806929818,37.766396975249606],[-83.56091332715076,37.76625497224723],[-83.56102560353582,37.766237221852755],[-83.56109296936687,37.766166220232286],[-83.56116033519793,37.766166220232286],[-83.56118279047493,37.766077468110836]]]}},{"type":"Feature","properties":{"kind":"sunrise","strength":0.36,"hard":false,"sector":"ring-r5c5"},"geometry":{"type":"Polygon","coordinates":[[[-83.5609806929818,37.73562920741476],[-83.56104805881283,37.73566472288717],[-83.56104805881283,37.73570023834254],[-83.5609806929818,37.73568248061698],[-83.5609806929818,37.73562920741476]]]}},{"type":"Feature","properties":{"kind":"sunrise","strength":0.36,"hard":false,"sector":"ring-r5c5"},"geometry":{"type":"Polygon","coordinates":[[[-83.56113787992089,37.7361264224781],[-83.56111542464389,37.73626848331145],[-83.5610031482588,37.73626848331145],[-83.5609806929818,37.73610866485477],[-83.56102560353582,37.736197452928856],[-83.56109296936687,37.736197452928856],[-83.56113787992089,37.7361264224781]]]}},{"type":"Feature","properties":{"kind":"sunrise","strength":0.36,"hard":false,"sector":"ring-r5c5"},"geometry":{"type":"Polygon","coordinates":[[[-83.56120524575195,37.736996540803936],[-83.56104805881283,37.736996540803936],[-83.56118279047493,37.73696102597041],[-83.56113787992089,37.73683672391891],[-83.56125015630596,37.73687223881206],[-83.56127261158296,37.73696102597041],[-83.56133997741402,37.73696102597041],[-83.56136243269103,37.73703205562042],[-83.56145225379909,37.737103085202286],[-83.56127261158296,37.73703205562042],[-83.56120524575195,37.737120842587096],[-83.56120524575195,37.736996540803936]]]}},{"type":"Feature","properties":{"kind":"sunrise","strength":0.36,"hard":false,"sector":"ring-r5c5"},"geometry":{"type":"Polygon","coordinates":[[[-83.56120524575195,37.735806784606424],[-83.56116033519793,37.736002119025315],[-83.56120524575195,37.73557593417421],[-83.56120524575195,37.735806784606424]]]}},{"type":"Feature","properties":{"kind":"sunrise","strength":0.36,"hard":false,"sector":"ring-r5c5"},"geometry":{"type":"Polygon","coordinates":[[[-83.56187890406235,37.76348585920271],[-83.56187890406235,37.76355686339643],[-83.5619687251704,37.76357461443419],[-83.56201363572443,37.763450357080295],[-83.56201363572443,37.76357461443419],[-83.5619687251704,37.763645618542704],[-83.56187890406235,37.76362786752196],[-83.56185644878533,37.76357461443419],[-83.56187890406235,37.76348585920271]]]}},{"type":"Feature","properties":{"kind":"sunrise","strength":0.36,"hard":false,"sector":"ring-r5c5"},"geometry":{"type":"Polygon","coordinates":[[[-83.56203609100145,37.76664547984766],[-83.56192381461639,37.76669873072432],[-83.56205854627846,37.76660997924192],[-83.56208100155547,37.76655672830135],[-83.56219327794055,37.76655672830135],[-83.56221573321756,37.76662772954692],[-83.56217082266353,37.76689398361068],[-83.56214836738653,37.76664547984766],[-83.56203609100145,37.76664547984766]]]}},{"type":"Feature","properties":{"kind":"sunrise","strength":0.36,"hard":false,"sector":"ring-r5c5"},"geometry":{"type":"Polygon","coordinates":[[[-83.56239537543367,37.737174114716],[-83.56241783071067,37.73722738680656],[-83.56237292015665,37.73728065885879],[-83.56232800960261,37.73719187208378],[-83.56223818849458,37.73719187208378],[-83.56239537543367,37.737174114716]]]}},{"type":"Feature","properties":{"kind":"sunrise","strength":0.36,"hard":false,"sector":"ring-r5c5"},"geometry":{"type":"Polygon","coordinates":[[[-83.56311394429811,37.76178173810454],[-83.56284448097394,37.76178173810454],[-83.56284448097394,37.761763986636474],[-83.56320376540617,37.76174623516416],[-83.56320376540617,37.76183499248316],[-83.56306903374407,37.76190599826167],[-83.56311394429811,37.76178173810454]]]}},{"type":"Feature","properties":{"kind":"sunrise","strength":0.36,"hard":false,"sector":"ring-r5c5"},"geometry":{"type":"Polygon","coordinates":[[[-83.56349568400734,37.766112968972195],[-83.5635630498384,37.766112968972195],[-83.56365287094644,37.76620172105104],[-83.56365287094644,37.76625497224723],[-83.5636079603924,37.766219471454036],[-83.56351813928437,37.766219471454036],[-83.56351813928437,37.76632597378249],[-83.56347322873033,37.76625497224723],[-83.56349568400734,37.766112968972195]]]}},{"type":"Feature","properties":{"kind":"sunrise","strength":0.36,"hard":false,"sector":"ring-r5c5"},"geometry":{"type":"Polygon","coordinates":[[[-83.56434898453386,37.73942926634559],[-83.56430407397984,37.73923394096912],[-83.5642367081488,37.73919842720894],[-83.56430407397984,37.73919842720894],[-83.56441635036491,37.73930496843838],[-83.56443880564191,37.739535807242795],[-83.56434898453386,37.73942926634559]]]}},{"type":"Feature","properties":{"kind":"sunrise","strength":0.36,"hard":false,"sector":"ring-r5c5"},"geometry":{"type":"Polygon","coordinates":[[[-83.56455108202698,37.73962459120666],[-83.56450617147296,37.7395890776339],[-83.56486545590518,37.73962459120666],[-83.56486545590518,37.739748888577196],[-83.56482054535115,37.73964234798666],[-83.56455108202698,37.73962459120666]]]}},{"type":"Feature","properties":{"kind":"sunrise","strength":0.36,"hard":false,"sector":"ring-r5c5"},"geometry":{"type":"Polygon","coordinates":[[[-83.56500000000001,37.769982460696035],[-83.56482054535115,37.76987596363347],[-83.56493282173622,37.76987596363347],[-83.5649103664592,37.76980496550655],[-83.56493282173622,37.76976946641753],[-83.56500000000001,37.769822715044675],[-83.56500000000001,37.769982460696035]]]}},{"type":"Feature","properties":{"kind":"sunrise","strength":0.52,"hard":false,"sector":"ring-r5c5"},"geometry":{"type":"Polygon","coordinates":[[[-83.52294145372049,37.76483492722705],[-83.5228067220584,37.76469292122539],[-83.52294145372049,37.76472842275136],[-83.52298636427452,37.76469292122539],[-83.52294145372049,37.76463966890447],[-83.52296390899751,37.7646041673359],[-83.52307618538256,37.76472842275136],[-83.52307618538256,37.76479942575219],[-83.52291899844349,37.76478167500837],[-83.52294145372049,37.76483492722705]]]}},{"type":"Feature","properties":{"kind":"sunrise","strength":0.52,"hard":false,"sector":"ring-r5c5"},"geometry":{"type":"Polygon","coordinates":[[[-83.52294145372049,37.76483492722705],[-83.52305373010557,37.76494143154935],[-83.52305373010557,37.76508343707385],[-83.52300881955155,37.76513668907524],[-83.52287408788945,37.76513668907524],[-83.52278426678139,37.76508343707385],[-83.52294145372049,37.76506568639821],[-83.52298636427452,37.76497693295604],[-83.52294145372049,37.76483492722705]]]}},{"type":"Feature","properties":{"kind":"sunrise","strength":0.52,"hard":false,"sector":"ring-r5c5"},"geometry":{"type":"Polygon","coordinates":[[[-83.528690004636,37.743584247713116],[-83.528690004636,37.74345995678283],[-83.52864509408198,37.743424445050124],[-83.52864509408198,37.74335342153361],[-83.52873491519004,37.74335342153361],[-83.52884719157511,37.743424445050124],[-83.52884719157511,37.74349546849849],[-83.52880228102109,37.743442200918615],[-83.52871245991302,37.7434777126428],[-83.528690004636,37.743584247713116]]]}},{"type":"Feature","properties":{"kind":"sunrise","strength":0.52,"hard":false,"sector":"ring-r5c5"},"geometry":{"type":"Polygon","coordinates":[[[-83.52918402073033,37.7440281421889],[-83.52920647600733,37.743992630728805],[-83.52918402073033,37.744081409347096],[-83.5290268337912,37.74404589791256],[-83.52918402073033,37.7440281421889]]]}},{"type":"Feature","properties":{"kind":"sunrise","strength":0.52,"hard":false,"sector":"ring-r5c5"},"geometry":{"type":"Polygon","coordinates":[[[-83.55251505354762,37.763450357080295],[-83.5524925982706,37.7633438506108],[-83.55255996410165,37.76339710386472],[-83.55255996410165,37.76352136130809],[-83.55244768771658,37.76355686339643],[-83.55251505354762,37.763450357080295]]]}},{"type":"Feature","properties":{"kind":"sunrise","strength":0.52,"hard":false,"sector":"ring-r5c5"},"geometry":{"type":"Polygon","coordinates":[[[-83.55269469576372,37.76320184174623],[-83.55276206159476,37.763130837211705],[-83.55276206159476,37.76321959286921],[-83.55287433797984,37.76323734398794],[-83.55273960631774,37.7632728462126],[-83.55269469576372,37.76320184174623]]]}},{"type":"Feature","properties":{"kind":"sunrise","strength":0.52,"hard":false,"sector":"ring-r5c5"},"geometry":{"type":"Polygon","coordinates":[[[-83.55711838533543,37.748591223045985],[-83.55698365367336,37.748591223045985],[-83.55682646673425,37.74864448692002],[-83.55687137728829,37.748591223045985],[-83.5570510195044,37.74852020448764],[-83.55725311699752,37.74852020448764],[-83.55725311699752,37.748591223045985],[-83.55714084061245,37.74871550535911],[-83.55711838533543,37.748591223045985]]]}},{"type":"Feature","properties":{"kind":"sunrise","strength":0.52,"hard":false,"sector":"ring-r5c5"},"geometry":{"type":"Polygon","coordinates":[[[-83.55698365367336,37.76265155482072],[-83.55698365367336,37.762616052297844],[-83.5568938325653,37.76259830103001],[-83.55698365367336,37.76259830103001],[-83.55702856422738,37.762562798481575],[-83.55709593005842,37.762438539427826],[-83.55736539338258,37.76236753416054],[-83.55745521449063,37.76229652882508],[-83.55745521449063,37.76236753416054],[-83.55738784865962,37.762420788117396],[-83.55709593005842,37.76249179333357],[-83.55707347478142,37.76258054975792],[-83.55720820644349,37.76263380356141],[-83.5572306617205,37.76272255981535],[-83.55714084061245,37.76265155482072],[-83.55698365367336,37.76265155482072]]]}},{"type":"Feature","properties":{"kind":"sunrise","strength":0.52,"hard":false,"sector":"ring-r5c5"},"geometry":{"type":"Polygon","coordinates":[[[-83.55745521449063,37.762278777480574],[-83.55747766976765,37.76204800961422],[-83.55747766976765,37.762278777480574],[-83.55745521449063,37.762278777480574]]]}},{"type":"Feature","properties":{"kind":"sunrise","strength":0.52,"hard":false,"sector":"ring-r5c5"},"geometry":{"type":"Polygon","coordinates":[[[-83.55889235221952,37.76215451794969],[-83.55875762055744,37.76215451794969],[-83.55882498638847,37.76211901518823],[-83.55893726277355,37.76211901518823],[-83.55893726277355,37.762278777480574],[-83.55889235221952,37.76215451794969]]]}},{"type":"Feature","properties":{"kind":"sunrise","strength":0.52,"hard":false,"sector":"ring-r5c5"},"geometry":{"type":"Polygon","coordinates":[[[-83.56019475828633,37.736250725722186],[-83.56048667688749,37.73626848331145],[-83.56019475828633,37.73626848331145],[-83.56019475828633,37.736250725722186]]]}},{"type":"Feature","properties":{"kind":"sunrise","strength":0.52,"hard":false,"sector":"ring-r5c5"},"geometry":{"type":"Polygon","coordinates":[[[-83.56080105076569,37.736250725722186],[-83.56084596131973,37.73632175605367],[-83.56068877438062,37.73637502875757],[-83.56071122965763,37.73626848331145],[-83.5606438638266,37.736250725722186],[-83.56080105076569,37.736250725722186]]]}},{"type":"Feature","properties":{"kind":"sunrise","strength":0.52,"hard":false,"sector":"ring-r5c5"},"geometry":{"type":"Polygon","coordinates":[[[-83.56111542464389,37.76669873072432],[-83.56089087187375,37.76662772954692],[-83.56086841659673,37.766396975249606],[-83.56073368493466,37.766379224889214],[-83.56068877438062,37.766308223405076],[-83.56080105076569,37.76634372415567],[-83.56082350604271,37.76618397064379],[-83.56093578242776,37.766166220232286],[-83.56102560353582,37.766077468110836],[-83.56113787992089,37.766077468110836],[-83.56116033519793,37.765953214961854],[-83.56118279047493,37.766148469816514],[-83.56109296936687,37.766166220232286],[-83.56102560353582,37.766237221852755],[-83.56091332715076,37.76625497224723],[-83.5609806929818,37.766396975249606],[-83.5609806929818,37.76653897797931],[-83.56113787992089,37.766574478619134],[-83.56113787992089,37.76687623336958],[-83.56111542464389,37.76669873072432]]]}},{"type":"Feature","properties":{"kind":"sunrise","strength":0.52,"hard":false,"sector":"ring-r5c5"},"geometry":{"type":"Polygon","coordinates":[[[-83.56086841659673,37.73655260416036],[-83.56073368493466,37.736534846639245],[-83.56082350604271,37.736481574050345],[-83.56095823770478,37.73649933158424],[-83.56095823770478,37.73662363420222],[-83.56089087187375,37.73669466417593],[-83.56086841659673,37.73655260416036]]]}},{"type":"Feature","properties":{"kind":"sunrise","strength":0.52,"hard":false,"sector":"ring-r5c5"},"geometry":{"type":"Polygon","coordinates":[[[-83.56109296936687,37.73609090722717],[-83.56113787992089,37.73603763431884],[-83.56113787992089,37.73578902690642],[-83.5610031482588,37.73570023834254],[-83.56104805881283,37.73570023834254],[-83.56104805881283,37.73566472288717],[-83.56109296936687,37.73570023834254],[-83.56116033519793,37.73568248061698],[-83.56118279047493,37.73555817641884],[-83.56116033519793,37.73605539195921],[-83.56109296936687,37.736197452928856],[-83.56102560353582,37.736197452928856],[-83.5610031482588,37.73610866485477],[-83.56109296936687,37.73609090722717]]]}},{"type":"Feature","properties":{"kind":"sunrise","strength":0.52,"hard":false,"sector":"ring-r5c5"},"geometry":{"type":"Polygon","coordinates":[[[-83.56111542464389,37.73692551111984],[-83.56111542464389,37.73685448136762],[-83.56109296936687,37.73681896646594],[-83.56116033519793,37.73685448136762],[-83.56118279047493,37.73696102597041],[-83.5610031482588,37.7369787833893],[-83.56102560353582,37.73694326854726],[-83.56111542464389,37.73692551111984]]]}},{"type":"Feature","properties":{"kind":"sunrise","strength":0.52,"hard":false,"sector":"ring-r5c5"},"geometry":{"type":"Polygon","coordinates":[[[-83.56122770102895,37.73706757041987],[-83.561317522137,37.73703205562042],[-83.56147470907611,37.737120842587096],[-83.56147470907611,37.73715635734395],[-83.56142979852207,37.737120842587096],[-83.56129506686,37.737120842587096],[-83.56127261158296,37.73720962944729],[-83.56122770102895,37.73715635734395],[-83.56122770102895,37.73706757041987]]]}},{"type":"Feature","properties":{"kind":"sunrise","strength":0.52,"hard":false,"sector":"ring-r5c5"},"geometry":{"type":"Polygon","coordinates":[[[-83.56147470907611,37.73736944552733],[-83.56149716435313,37.737174114716],[-83.56149716435313,37.73736944552733],[-83.56147470907611,37.73736944552733]]]}},{"type":"Feature","properties":{"kind":"sunrise","strength":0.52,"hard":false,"sector":"ring-r5c5"},"geometry":{"type":"Polygon","coordinates":[[[-83.5619687251704,37.76350361025752],[-83.56199118044741,37.763468108143634],[-83.5619687251704,37.76357461443419],[-83.56187890406235,37.76355686339643],[-83.56187890406235,37.76348585920271],[-83.5619687251704,37.76350361025752]]]}},{"type":"Feature","properties":{"kind":"sunrise","strength":0.52,"hard":false,"sector":"ring-r5c5"},"geometry":{"type":"Polygon","coordinates":[[[-83.56210345683249,37.76676973183355],[-83.56187890406235,37.76673423128745],[-83.56203609100145,37.76664547984766],[-83.56214836738653,37.76664547984766],[-83.56214836738653,37.76691173384751],[-83.56210345683249,37.7669472343084],[-83.56210345683249,37.76676973183355]]]}},{"type":"Feature","properties":{"kind":"sunrise","strength":0.52,"hard":false,"sector":"ring-r5c5"},"geometry":{"type":"Polygon","coordinates":[[[-83.56228309904859,37.73722738680656],[-83.56217082266353,37.737245144161555],[-83.56223818849458,37.73719187208378],[-83.56232800960261,37.73719187208378],[-83.56235046487964,37.73728065885879],[-83.5623055543256,37.73733393087269],[-83.56228309904859,37.73722738680656]]]}},{"type":"Feature","properties":{"kind":"sunrise","strength":0.52,"hard":false,"sector":"ring-r5c5"},"geometry":{"type":"Polygon","coordinates":[[[-83.5626423834808,37.76203025821005],[-83.56277711514291,37.76190599826167],[-83.56282202569693,37.76190599826167],[-83.56268729403484,37.76203025821005],[-83.5626423834808,37.76203025821005]]]}},{"type":"Feature","properties":{"kind":"sunrise","strength":0.52,"hard":false,"sector":"ring-r5c5"},"geometry":{"type":"Polygon","coordinates":[[[-83.56286693625097,37.76179948956834],[-83.56311394429811,37.76178173810454],[-83.56311394429811,37.76185274393418],[-83.56302412319005,37.76192374969565],[-83.56300166791304,37.76181724102787],[-83.56286693625097,37.76179948956834]]]}},{"type":"Feature","properties":{"kind":"sunrise","strength":0.52,"hard":false,"sector":"ring-r5c5"},"geometry":{"type":"Polygon","coordinates":[[[-83.56363041566944,37.766237221852755],[-83.56369778150045,37.76636147452457],[-83.5635855051154,37.766308223405076],[-83.56354059456137,37.76643247595759],[-83.56351813928437,37.766219471454036],[-83.56363041566944,37.766237221852755]]]}},{"type":"Feature","properties":{"kind":"sunrise","strength":0.52,"hard":false,"sector":"ring-r5c5"},"geometry":{"type":"Polygon","coordinates":[[[-83.56385496843957,37.739180670322455],[-83.56407952120969,37.73916291343172],[-83.56407952120969,37.739180670322455],[-83.56385496843957,37.739180670322455]]]}},{"type":"Feature","properties":{"kind":"sunrise","strength":0.52,"hard":false,"sector":"ring-r5c5"},"geometry":{"type":"Polygon","coordinates":[[[-83.5639223342706,37.7669472343084],[-83.56394478954763,37.76666323014414],[-83.56394478954763,37.7669472343084],[-83.5639223342706,37.7669472343084]]]}},{"type":"Feature","properties":{"kind":"sunrise","strength":0.52,"hard":false,"sector":"ring-r5c5"},"geometry":{"type":"Polygon","coordinates":[[[-83.56439389508789,37.73951805043724],[-83.5642367081488,37.73937599583948],[-83.56414688704074,37.73919842720894],[-83.56430407397984,37.73923394096912],[-83.56432652925686,37.739393752679106],[-83.56439389508789,37.73951805043724]]]}},{"type":"Feature","properties":{"kind":"sunrise","strength":0.52,"hard":false,"sector":"ring-r5c5"},"geometry":{"type":"Polygon","coordinates":[[[-83.564573537304,37.73966010476241],[-83.56455108202698,37.73962459120666],[-83.56482054535115,37.73964234798666],[-83.56482054535115,37.739784402073305],[-83.56477563479712,37.739677861533885],[-83.564573537304,37.73966010476241]]]}},{"type":"Feature","properties":{"kind":"sunrise","strength":0.52,"hard":false,"sector":"ring-r5c5"},"geometry":{"type":"Polygon","coordinates":[[[-83.5647082689661,37.76985821410814],[-83.56482054535115,37.769822715044675],[-83.56482054535115,37.76976946641753],[-83.56464090313504,37.76973396731146],[-83.56484300062817,37.76973396731146],[-83.56493282173622,37.76980496550655],[-83.56493282173622,37.76987596363347],[-83.5647082689661,37.76985821410814]]]}},{"type":"Feature","properties":{"kind":"sunrise","strength":0.68,"hard":false,"sector":"ring-r5c5"},"geometry":{"type":"Polygon","coordinates":[[[-83.52282917733542,37.76508343707385],[-83.52269444567335,37.76499468365299],[-83.5228067220584,37.765012434345685],[-83.52287408788945,37.76497693295604],[-83.52291899844349,37.764817176491746],[-83.52298636427452,37.76490593012563],[-83.52294145372049,37.76506568639821],[-83.52282917733542,37.76508343707385]]]}},{"type":"Feature","properties":{"kind":"sunrise","strength":0.68,"hard":false,"sector":"ring-r5c5"},"geometry":{"type":"Polygon","coordinates":[[[-83.52276181150438,37.76469292122539],[-83.52287408788945,37.76463966890447],[-83.52287408788945,37.764568665750275],[-83.52278426678139,37.764533164147615],[-83.52285163261244,37.76451541333989],[-83.52298636427452,37.76469292122539],[-83.52294145372049,37.76472842275136],[-83.5228067220584,37.76469292122539],[-83.52282917733542,37.7647106719905],[-83.5228067220584,37.76474617350796],[-83.52276181150438,37.76469292122539]]]}},{"type":"Feature","properties":{"kind":"sunrise","strength":0.68,"hard":false,"sector":"ring-r5c5"},"geometry":{"type":"Polygon","coordinates":[[[-83.52871245991302,37.743584247713116],[-83.52871245991302,37.7434777126428],[-83.52880228102109,37.743442200918615],[-83.52884719157511,37.74349546849849],[-83.52884719157511,37.743584247713116],[-83.52880228102109,37.74354873604004],[-83.52873491519004,37.74354873604004],[-83.52871245991302,37.743584247713116]]]}},{"type":"Feature","properties":{"kind":"sunrise","strength":0.68,"hard":false,"sector":"ring-r5c5"},"geometry":{"type":"Polygon","coordinates":[[[-83.5290043785142,37.74401038646099],[-83.52918402073033,37.743957119251675],[-83.52922893128435,37.74390385200403],[-83.52918402073033,37.7440281421889],[-83.5290043785142,37.74401038646099]]]}},{"type":"Feature","properties":{"kind":"sunrise","strength":0.68,"hard":false,"sector":"ring-r5c5"},"geometry":{"type":"Polygon","coordinates":[[[-83.52938611822344,37.74351322434994],[-83.52940857350045,37.74370853843468],[-83.52938611822344,37.74370853843468],[-83.52938611822344,37.74351322434994]]]}},{"type":"Feature","properties":{"kind":"sunrise","strength":0.68,"hard":false,"sector":"ring-r5c5"},"geometry":{"type":"Polygon","coordinates":[[[-83.5524925982706,37.7633438506108],[-83.5524925982706,37.76352136130809],[-83.55242523243956,37.76355686339643],[-83.55244768771658,37.763308348420225],[-83.5524925982706,37.7633438506108]]]}},{"type":"Feature","properties":{"kind":"sunrise","strength":0.68,"hard":false,"sector":"ring-r5c5"},"geometry":{"type":"Polygon","coordinates":[[[-83.5528069721488,37.76311308606742],[-83.55289679325686,37.76320184174623],[-83.55276206159476,37.76321959286921],[-83.55276206159476,37.763130837211705],[-83.5528069721488,37.76311308606742]]]}},{"type":"Feature","properties":{"kind":"sunrise","strength":0.68,"hard":false,"sector":"ring-r5c5"},"geometry":{"type":"Polygon","coordinates":[[[-83.55702856422738,37.748679996148084],[-83.55680401145723,37.748679996148084],[-83.55698365367336,37.748591223045985],[-83.55714084061245,37.748608977674934],[-83.55714084061245,37.748679996148084],[-83.55702856422738,37.74880427831212],[-83.55702856422738,37.748679996148084]]]}},{"type":"Feature","properties":{"kind":"sunrise","strength":0.68,"hard":false,"sector":"ring-r5c5"},"geometry":{"type":"Polygon","coordinates":[[[-83.5568938325653,37.76259830103001],[-83.55702856422738,37.762420788117396],[-83.55718575116647,37.76238528548375],[-83.55734293810558,37.7622610261318],[-83.55743275921363,37.76224327477876],[-83.55745521449063,37.76203025821005],[-83.55743275921363,37.76233203150133],[-83.5572306617205,37.762420788117396],[-83.55709593005842,37.762438539427826],[-83.55702856422738,37.762562798481575],[-83.55698365367336,37.76259830103001],[-83.5568938325653,37.76259830103001]]]}},{"type":"Feature","properties":{"kind":"sunrise","strength":0.68,"hard":false,"sector":"ring-r5c5"},"geometry":{"type":"Polygon","coordinates":[[[-83.5572306617205,37.76275806228711],[-83.55691628784231,37.76268705732656],[-83.55698365367336,37.76265155482072],[-83.55714084061245,37.76265155482072],[-83.55720820644349,37.76268705732656],[-83.5572306617205,37.76275806228711]]]}},{"type":"Feature","properties":{"kind":"sunrise","strength":0.68,"hard":false,"sector":"ring-r5c5"},"geometry":{"type":"Polygon","coordinates":[[[-83.55711838533543,37.76192374969565],[-83.55734293810558,37.761941501125364],[-83.55711838533543,37.761941501125364],[-83.55711838533543,37.76192374969565]]]}},{"type":"Feature","properties":{"kind":"sunrise","strength":0.68,"hard":false,"sector":"ring-r5c5"},"geometry":{"type":"Polygon","coordinates":[[[-83.55873516528042,37.76220777205991],[-83.55880253111148,37.76215451794969],[-83.55891480749654,37.762172269324026],[-83.55889235221952,37.76233203150133],[-83.5588698969425,37.76222552342147],[-83.55873516528042,37.76220777205991]]]}},{"type":"Feature","properties":{"kind":"sunrise","strength":0.68,"hard":false,"sector":"ring-r5c5"},"geometry":{"type":"Polygon","coordinates":[[[-83.56014984773229,37.73623296812866],[-83.5603070346714,37.73626848331145],[-83.5603070346714,37.73628624089645],[-83.56017230300931,37.73628624089645],[-83.56014984773229,37.73623296812866]]]}},{"type":"Feature","properties":{"kind":"sunrise","strength":0.68,"hard":false,"sector":"ring-r5c5"},"geometry":{"type":"Polygon","coordinates":[[[-83.56059895327256,37.736410543872196],[-83.56055404271854,37.73628624089645],[-83.56041931105646,37.73626848331145],[-83.56071122965763,37.73626848331145],[-83.56068877438062,37.73637502875757],[-83.56055404271854,37.736481574050345],[-83.56059895327256,37.736410543872196]]]}},{"type":"Feature","properties":{"kind":"sunrise","strength":0.68,"hard":false,"sector":"ring-r5c5"},"geometry":{"type":"Polygon","coordinates":[[[-83.56080105076569,37.76634372415567],[-83.56057649799554,37.76625497224723],[-83.56071122965763,37.76625497224723],[-83.56071122965763,37.766112968972195],[-83.56084596131973,37.76609521854364],[-83.56091332715076,37.76600646633698],[-83.56107051408986,37.76598871588286],[-83.56107051408986,37.765917714023814],[-83.56102560353582,37.76589996354839],[-83.56104805881283,37.76586446258477],[-83.56113787992089,37.765953214961854],[-83.56113787992089,37.766077468110836],[-83.56102560353582,37.766077468110836],[-83.56093578242776,37.766166220232286],[-83.56082350604271,37.76618397064379],[-83.56080105076569,37.76634372415567]]]}},{"type":"Feature","properties":{"kind":"sunrise","strength":0.68,"hard":false,"sector":"ring-r5c5"},"geometry":{"type":"Polygon","coordinates":[[[-83.56062140854957,37.73664139170204],[-83.56073368493466,37.73655260416036],[-83.56086841659673,37.73655260416036],[-83.56089087187375,37.736588119189804],[-83.56082350604271,37.7367656940815],[-83.56077859548869,37.73662363420222],[-83.56062140854957,37.73664139170204]]]}},{"type":"Feature","properties":{"kind":"sunrise","strength":0.68,"hard":false,"sector":"ring-r5c5"},"geometry":{"type":"Polygon","coordinates":[[[-83.56102560353582,37.76684073287461],[-83.56091332715076,37.76671648100802],[-83.56080105076569,37.76669873072432],[-83.56077859548869,37.766467976648535],[-83.5606663191036,37.766396975249606],[-83.56084596131973,37.766379224889214],[-83.56089087187375,37.76662772954692],[-83.5609806929818,37.76662772954692],[-83.56111542464389,37.76669873072432],[-83.56111542464389,37.76689398361068],[-83.5610031482588,37.76700048496778],[-83.56104805881283,37.7669472343084],[-83.56102560353582,37.76684073287461]]]}},{"type":"Feature","properties":{"kind":"sunrise","strength":0.68,"hard":false,"sector":"ring-r5c5"},"geometry":{"type":"Polygon","coordinates":[[[-83.5610031482588,37.73610866485477],[-83.56086841659673,37.736002119025315],[-83.5610031482588,37.73603763431884],[-83.56109296936687,37.7359488460531],[-83.56109296936687,37.73578902690642],[-83.5610031482588,37.73573575378087],[-83.56107051408986,37.73571799606383],[-83.56113787992089,37.73578902690642],[-83.56113787992089,37.73603763431884],[-83.56109296936687,37.73610866485477],[-83.5610031482588,37.73610866485477]]]}},{"type":"Feature","properties":{"kind":"sunrise","strength":0.68,"hard":false,"sector":"ring-r5c5"},"geometry":{"type":"Polygon","coordinates":[[[-83.56102560353582,37.73681896646594],[-83.56093578242776,37.736801209008725],[-83.56109296936687,37.73681896646594],[-83.56111542464389,37.73692551111984],[-83.5609806929818,37.73696102597041],[-83.56102560353582,37.73692551111984],[-83.56102560353582,37.73681896646594]]]}},{"type":"Feature","properties":{"kind":"sunrise","strength":0.68,"hard":false,"sector":"ring-r5c5"},"geometry":{"type":"Polygon","coordinates":[[[-83.56104805881283,37.7354693875781],[-83.56116033519793,37.73555817641884],[-83.56113787992089,37.73570023834254],[-83.56107051408986,37.73568248061698],[-83.56104805881283,37.73562920741476],[-83.56095823770478,37.73562920741476],[-83.56093578242776,37.73566472288717],[-83.56093578242776,37.73561144967216],[-83.56109296936687,37.73557593417421],[-83.56104805881283,37.7354693875781]]]}},{"type":"Feature","properties":{"kind":"sunrise","strength":0.68,"hard":false,"sector":"ring-r5c5"},"geometry":{"type":"Polygon","coordinates":[[[-83.56142979852207,37.737120842587096],[-83.56147470907611,37.73715635734395],[-83.56147470907611,37.737245144161555],[-83.56145225379909,37.73719187208378],[-83.56133997741402,37.73719187208378],[-83.56133997741402,37.737245144161555],[-83.56129506686,37.737245144161555],[-83.56129506686,37.737120842587096],[-83.56142979852207,37.737120842587096]]]}},{"type":"Feature","properties":{"kind":"sunrise","strength":0.68,"hard":false,"sector":"ring-r5c5"},"geometry":{"type":"Polygon","coordinates":[[[-83.5619687251704,37.76687623336958],[-83.56187890406235,37.76680523236259],[-83.56181153823131,37.76684073287461],[-83.56176662767729,37.766822982620745],[-83.56192381461639,37.76673423128745],[-83.56205854627846,37.76673423128745],[-83.56210345683249,37.76676973183355],[-83.56210345683249,37.76691173384751],[-83.56194626989338,37.76705373558881],[-83.56199118044741,37.76700048496778],[-83.5619687251704,37.76687623336958]]]}},{"type":"Feature","properties":{"kind":"sunrise","strength":0.68,"hard":false,"sector":"ring-r5c5"},"geometry":{"type":"Polygon","coordinates":[[[-83.56181153823131,37.76343260601271],[-83.5619687251704,37.763414854940834],[-83.56194626989338,37.763308348420225],[-83.5619687251704,37.7632728462126],[-83.56199118044741,37.763290597318544],[-83.5619687251704,37.76350361025752],[-83.56190135933937,37.76350361025752],[-83.56187890406235,37.763450357080295],[-83.56181153823131,37.76343260601271]]]}},{"type":"Feature","properties":{"kind":"sunrise","strength":0.68,"hard":false,"sector":"ring-r5c5"},"geometry":{"type":"Polygon","coordinates":[[[-83.56212591210951,37.7372629015123],[-83.56228309904859,37.73722738680656],[-83.5623055543256,37.73729841620101],[-83.5622606437716,37.73733393087269],[-83.56223818849458,37.73728065885879],[-83.56212591210951,37.7372629015123]]]}},{"type":"Feature","properties":{"kind":"sunrise","strength":0.68,"hard":false,"sector":"ring-r5c5"},"geometry":{"type":"Polygon","coordinates":[[[-83.56284448097394,37.76190599826167],[-83.56282202569693,37.76195925255083],[-83.56277711514291,37.761941501125364],[-83.56282202569693,37.76190599826167],[-83.56273220458887,37.761941501125364],[-83.56275465986587,37.76188824682343],[-83.56284448097394,37.76187049538093],[-83.56284448097394,37.76181724102787],[-83.56277711514291,37.761763986636474],[-83.56302412319005,37.76183499248316],[-83.56300166791304,37.76195925255083],[-83.562934302082,37.76188824682343],[-83.56284448097394,37.76190599826167]]]}},{"type":"Feature","properties":{"kind":"sunrise","strength":0.68,"hard":false,"sector":"ring-r5c5"},"geometry":{"type":"Polygon","coordinates":[[[-83.56363041566944,37.766308223405076],[-83.56374269205449,37.76643247595759],[-83.56363041566944,37.766414725605735],[-83.5635855051154,37.766485726987625],[-83.5635630498384,37.76632597378249],[-83.56363041566944,37.766308223405076]]]}},{"type":"Feature","properties":{"kind":"sunrise","strength":0.68,"hard":false,"sector":"ring-r5c5"},"geometry":{"type":"Polygon","coordinates":[[[-83.56434898453386,37.73950029362742],[-83.56414688704074,37.73935823899559],[-83.56405706593267,37.73919842720894],[-83.56398970010166,37.739180670322455],[-83.56414688704074,37.73919842720894],[-83.56419179759477,37.73923394096912],[-83.56421425287178,37.73934048214745],[-83.56432652925686,37.73942926634559],[-83.56434898453386,37.73950029362742]],[[-83.56416934231775,37.73934048214745],[-83.56419179759477,37.73935823899559],[-83.56419179759477,37.73934048214745],[-83.56416934231775,37.73934048214745]]]}},{"type":"Feature","properties":{"kind":"sunrise","strength":0.68,"hard":false,"sector":"ring-r5c5"},"geometry":{"type":"Polygon","coordinates":[[[-83.56434898453386,37.769787215964165],[-83.564573537304,37.76980496550655],[-83.56434898453386,37.76980496550655],[-83.56434898453386,37.769787215964165]]]}},{"type":"Feature","properties":{"kind":"sunrise","strength":0.68,"hard":false,"sector":"ring-r5c5"},"geometry":{"type":"Polygon","coordinates":[[[-83.56475317952011,37.739731131822765],[-83.564573537304,37.73966010476241],[-83.56479809007413,37.73969561830109],[-83.56479809007413,37.739784402073305],[-83.56475317952011,37.73983767228551],[-83.56475317952011,37.739731131822765]]]}},{"type":"Feature","properties":{"kind":"sunrise","strength":0.68,"hard":false,"sector":"ring-r5c5"},"geometry":{"type":"Polygon","coordinates":[[[-83.56459599258102,37.769787215964165],[-83.56464090313504,37.76975171686664],[-83.56479809007413,37.76975171686664],[-83.56482054535115,37.769822715044675],[-83.56473072424309,37.769840464578536],[-83.56468581368908,37.769893713154545],[-83.56461844785804,37.769893713154545],[-83.56468581368908,37.76985821410814],[-83.56468581368908,37.769787215964165],[-83.56459599258102,37.769787215964165]]]}},{"type":"Feature","properties":{"kind":"sunrise","strength":0.84,"hard":false,"sector":"ring-r5c5"},"geometry":{"type":"Polygon","coordinates":[[[-83.52273935622736,37.765012434345685],[-83.52258216928827,37.76490593012563],[-83.52267199039633,37.76494143154935],[-83.5228067220584,37.76490593012563],[-83.52282917733542,37.76474617350796],[-83.52289654316647,37.764817176491746],[-83.52287408788945,37.76497693295604],[-83.52273935622736,37.765012434345685]]]}},{"type":"Feature","properties":{"kind":"sunrise","strength":0.84,"hard":false,"sector":"ring-r5c5"},"geometry":{"type":"Polygon","coordinates":[[[-83.52267199039633,37.764568665750275],[-83.52273935622736,37.76451541333989],[-83.52282917733542,37.764533164147615],[-83.52287408788945,37.764568665750275],[-83.52287408788945,37.76463966890447],[-83.52273935622736,37.76469292122539],[-83.52276181150438,37.764568665750275],[-83.52267199039633,37.764568665750275]]]}},{"type":"Feature","properties":{"kind":"sunrise","strength":0.84,"hard":false,"sector":"ring-r5c5"},"geometry":{"type":"Polygon","coordinates":[[[-83.52873491519004,37.74354873604004],[-83.52880228102109,37.74354873604004],[-83.52884719157511,37.74360200354325],[-83.52871245991302,37.74365527100814],[-83.528690004636,37.74374405003108],[-83.528690004636,37.74361975936915],[-83.52873491519004,37.74354873604004]]]}},{"type":"Feature","properties":{"kind":"sunrise","strength":0.84,"hard":false,"sector":"ring-r5c5"},"geometry":{"type":"Polygon","coordinates":[[[-83.52893701268317,37.74393936350672],[-83.52904928906824,37.74393936350672],[-83.52920647600733,37.743850584718054],[-83.52938611822344,37.74365527100814],[-83.52938611822344,37.74374405003108],[-83.52925138656137,37.74383282894754],[-83.52918402073033,37.743957119251675],[-83.5290043785142,37.743992630728805],[-83.52893701268317,37.74393936350672]]]}},{"type":"Feature","properties":{"kind":"sunrise","strength":0.84,"hard":false,"sector":"ring-r5c5"},"geometry":{"type":"Polygon","coordinates":[[[-83.55238032188554,37.76353911235438],[-83.55242523243956,37.763290597318544],[-83.55244768771658,37.76352136130809],[-83.55242523243956,37.76355686339643],[-83.55231295605448,37.76357461443419],[-83.55238032188554,37.76353911235438]]]}},{"type":"Feature","properties":{"kind":"sunrise","strength":0.84,"hard":false,"sector":"ring-r5c5"},"geometry":{"type":"Polygon","coordinates":[[[-83.5528069721488,37.763148588351726],[-83.55287433797984,37.76305983260901],[-83.55287433797984,37.763130837211705],[-83.5529866143649,37.763148588351726],[-83.55285188270283,37.763184090619],[-83.5528069721488,37.763148588351726]]]}},{"type":"Feature","properties":{"kind":"sunrise","strength":0.84,"hard":false,"sector":"ring-r5c5"},"geometry":{"type":"Polygon","coordinates":[[[-83.55671419034918,37.76263380356141],[-83.55702856422738,37.76236753416054],[-83.55716329588945,37.76233203150133],[-83.55725311699752,37.76220777205991],[-83.55736539338258,37.76215451794969],[-83.55736539338258,37.761994755388955],[-83.55727557227452,37.761941501125364],[-83.55738784865962,37.761941501125364],[-83.55743275921363,37.76203025821005],[-83.55743275921363,37.76224327477876],[-83.55734293810558,37.7622610261318],[-83.55718575116647,37.76238528548375],[-83.55702856422738,37.762420788117396],[-83.55698365367336,37.762527295916094],[-83.5568938325653,37.76259830103001],[-83.55671419034918,37.76263380356141]]]}},{"type":"Feature","properties":{"kind":"sunrise","strength":0.84,"hard":false,"sector":"ring-r5c5"},"geometry":{"type":"Polygon","coordinates":[[[-83.55671419034918,37.748733259958236],[-83.55680401145723,37.748679996148084],[-83.55702856422738,37.748679996148084],[-83.55702856422738,37.748768769143695],[-83.55693874311932,37.74885754203281],[-83.5568938325653,37.748751014553086],[-83.55671419034918,37.748733259958236]]]}},{"type":"Feature","properties":{"kind":"sunrise","strength":0.84,"hard":false,"sector":"ring-r5c5"},"geometry":{"type":"Polygon","coordinates":[[[-83.55718575116647,37.76281131596279],[-83.55714084061245,37.76281131596279],[-83.55709593005842,37.76275806228711],[-83.55691628784231,37.76270480857309],[-83.5570510195044,37.76268705732656],[-83.55720820644349,37.76274031105336],[-83.55727557227452,37.76291782319913],[-83.55718575116647,37.76281131596279]]]}},{"type":"Feature","properties":{"kind":"sunrise","strength":0.84,"hard":false,"sector":"ring-r5c5"},"geometry":{"type":"Polygon","coordinates":[[[-83.55866779944938,37.7622610261318],[-83.55873516528042,37.76220777205991],[-83.55884744166549,37.76220777205991],[-83.5588698969425,37.76233203150133],[-83.55880253111148,37.76236753416054],[-83.55880253111148,37.7622610261318],[-83.55866779944938,37.7622610261318]]]}},{"type":"Feature","properties":{"kind":"sunrise","strength":0.84,"hard":false,"sector":"ring-r5c5"},"geometry":{"type":"Polygon","coordinates":[[[-83.56046422161049,37.736534846639245],[-83.56046422161049,37.736428301423125],[-83.56037440050243,37.73632175605367],[-83.56023966884034,37.73632175605367],[-83.56014984773229,37.73637502875757],[-83.56014984773229,37.736410543872196],[-83.56012739245529,37.73635727119387],[-83.55992529496216,37.73632175605367],[-83.56006002662423,37.73630399847719],[-83.56003757134722,37.736161937712],[-83.56017230300931,37.73628624089645],[-83.56041931105646,37.73626848331145],[-83.56057649799554,37.73630399847719],[-83.56059895327256,37.736410543872196],[-83.56046422161049,37.736534846639245]]]}},{"type":"Feature","properties":{"kind":"sunrise","strength":0.84,"hard":false,"sector":"ring-r5c5"},"geometry":{"type":"Polygon","coordinates":[[[-83.56062140854957,37.766219471454036],[-83.56057649799554,37.766077468110836],[-83.56044176633347,37.76604196723241],[-83.56062140854957,37.766059717673755],[-83.56062140854957,37.76602421678683],[-83.56075614021167,37.76602421678683],[-83.56084596131973,37.765917714023814],[-83.56095823770478,37.765917714023814],[-83.56095823770478,37.76582896160413],[-83.56107051408986,37.765917714023814],[-83.56104805881283,37.76600646633698],[-83.56091332715076,37.76600646633698],[-83.56084596131973,37.76609521854364],[-83.56071122965763,37.766112968972195],[-83.56071122965763,37.76625497224723],[-83.56057649799554,37.76625497224723],[-83.56062140854957,37.766219471454036]]]}},{"type":"Feature","properties":{"kind":"sunrise","strength":0.84,"hard":false,"sector":"ring-r5c5"},"geometry":{"type":"Polygon","coordinates":[[[-83.56091332715076,37.76705373558881],[-83.56091332715076,37.76692948408009],[-83.56084596131973,37.766822982620745],[-83.56068877438062,37.76676973183355],[-83.5606438638266,37.7664502263052],[-83.56046422161049,37.76643247595759],[-83.56073368493466,37.766414725605735],[-83.56077859548869,37.766467976648535],[-83.56080105076569,37.76669873072432],[-83.56091332715076,37.76671648100802],[-83.56102560353582,37.76680523236259],[-83.56104805881283,37.7669472343084],[-83.56091332715076,37.76705373558881]]]}},{"type":"Feature","properties":{"kind":"sunrise","strength":0.84,"hard":false,"sector":"ring-r5c5"},"geometry":{"type":"Polygon","coordinates":[[[-83.56082350604271,37.73681896646594],[-83.56080105076569,37.7367656940815],[-83.56084596131973,37.736801209008725],[-83.56102560353582,37.73681896646594],[-83.56102560353582,37.73692551111984],[-83.56095823770478,37.73696102597041],[-83.56095823770478,37.73685448136762],[-83.56082350604271,37.73681896646594]]]}},{"type":"Feature","properties":{"kind":"sunrise","strength":0.84,"hard":false,"sector":"ring-r5c5"},"geometry":{"type":"Polygon","coordinates":[[[-83.56080105076569,37.7367656940815],[-83.56073368493466,37.7367656940815],[-83.56068877438062,37.73669466417593],[-83.56057649799554,37.73667690668889],[-83.5606663191036,37.73662363420222],[-83.56077859548869,37.73662363420222],[-83.56080105076569,37.7367656940815]]]}},{"type":"Feature","properties":{"kind":"sunrise","strength":0.84,"hard":false,"sector":"ring-r5c5"},"geometry":{"type":"Polygon","coordinates":[[[-83.5610031482588,37.73603763431884],[-83.56082350604271,37.7359488460531],[-83.56091332715076,37.7359488460531],[-83.56095823770478,37.73591333071698],[-83.5609806929818,37.73570023834254],[-83.56109296936687,37.73578902690642],[-83.56109296936687,37.7359488460531],[-83.5610031482588,37.73603763431884]]]}},{"type":"Feature","properties":{"kind":"sunrise","strength":0.84,"hard":false,"sector":"ring-r5c5"},"geometry":{"type":"Polygon","coordinates":[[[-83.56095823770478,37.73548714535477],[-83.56086841659673,37.73545162979718],[-83.56104805881283,37.7354693875781],[-83.56109296936687,37.73557593417421],[-83.56093578242776,37.73561144967216],[-83.56095823770478,37.73548714535477]]]}},{"type":"Feature","properties":{"kind":"sunrise","strength":0.84,"hard":false,"sector":"ring-r5c5"},"geometry":{"type":"Polygon","coordinates":[[[-83.56142979852207,37.7372629015123],[-83.56129506686,37.73728065885879],[-83.56133997741402,37.73719187208378],[-83.56145225379909,37.73719187208378],[-83.56147470907611,37.73738720284825],[-83.56142979852207,37.7372629015123]]]}},{"type":"Feature","properties":{"kind":"sunrise","strength":0.84,"hard":false,"sector":"ring-r5c5"},"geometry":{"type":"Polygon","coordinates":[[[-83.56185644878533,37.7671069861715],[-83.56183399350833,37.76692948408009],[-83.56178908295429,37.76689398361068],[-83.56174417240027,37.76691173384751],[-83.56169926184624,37.76689398361068],[-83.56187890406235,37.76680523236259],[-83.56199118044741,37.76687623336958],[-83.56199118044741,37.76700048496778],[-83.56185644878533,37.7671069861715]]]}},{"type":"Feature","properties":{"kind":"sunrise","strength":0.84,"hard":false,"sector":"ring-r5c5"},"geometry":{"type":"Polygon","coordinates":[[[-83.56187890406235,37.76323734398794],[-83.5619687251704,37.763308348420225],[-83.56194626989338,37.76343260601271],[-83.56185644878533,37.76343260601271],[-83.56169926184624,37.7633438506108],[-83.56187890406235,37.7633438506108],[-83.56187890406235,37.76323734398794]]]}},{"type":"Feature","properties":{"kind":"sunrise","strength":0.84,"hard":false,"sector":"ring-r5c5"},"geometry":{"type":"Polygon","coordinates":[[[-83.56210345683249,37.73729841620101],[-83.56223818849458,37.73728065885879],[-83.5622606437716,37.73733393087269],[-83.56221573321756,37.73736944552733],[-83.56219327794055,37.73731617353897],[-83.56210345683249,37.73729841620101]]]}},{"type":"Feature","properties":{"kind":"sunrise","strength":0.84,"hard":false,"sector":"ring-r5c5"},"geometry":{"type":"Polygon","coordinates":[[[-83.56273220458887,37.76183499248316],[-83.56268729403484,37.76179948956834],[-83.5625974729268,37.76181724102787],[-83.56255256237277,37.76179948956834],[-83.56268729403484,37.76174623516416],[-83.56284448097394,37.76181724102787],[-83.56284448097394,37.76187049538093],[-83.56275465986587,37.76188824682343],[-83.56268729403484,37.76195925255083],[-83.56273220458887,37.76183499248316]]]}},{"type":"Feature","properties":{"kind":"sunrise","strength":0.84,"hard":false,"sector":"ring-r5c5"},"geometry":{"type":"Polygon","coordinates":[[[-83.562934302082,37.76204800961422],[-83.56288939152797,37.76195925255083],[-83.56279957041991,37.761994755388955],[-83.56275465986587,37.76197700397202],[-83.56282202569693,37.76195925255083],[-83.56286693625097,37.76188824682343],[-83.562934302082,37.76188824682343],[-83.56297921263601,37.76190599826167],[-83.56297921263601,37.76195925255083],[-83.56295675735902,37.76206576101411],[-83.56288939152797,37.76211901518823],[-83.562934302082,37.76204800961422]]]}},{"type":"Feature","properties":{"kind":"sunrise","strength":0.84,"hard":false,"sector":"ring-r5c5"},"geometry":{"type":"Polygon","coordinates":[[[-83.5638998789936,37.76671648100802],[-83.56378760260851,37.76660997924192],[-83.56376514733151,37.76653897797931],[-83.5635855051154,37.76652122765301],[-83.56363041566944,37.766414725605735],[-83.56374269205449,37.76643247595759],[-83.56383251316254,37.76660997924192],[-83.5639223342706,37.766680980436355],[-83.5639223342706,37.76692948408009],[-83.5638998789936,37.76671648100802]]]}},{"type":"Feature","properties":{"kind":"sunrise","strength":0.84,"hard":false,"sector":"ring-r5c5"},"geometry":{"type":"Polygon","coordinates":[[[-83.56414688704074,37.73937599583948],[-83.56394478954763,37.739251697842825],[-83.56394478954763,37.73921618409116],[-83.56385496843957,37.73919842720894],[-83.56405706593267,37.73919842720894],[-83.56414688704074,37.73937599583948]]]}},{"type":"Feature","properties":{"kind":"sunrise","strength":0.84,"hard":false,"sector":"ring-r5c5"},"geometry":{"type":"Polygon","coordinates":[[[-83.5642591634258,37.73948253681336],[-83.5642591634258,37.73944702317244],[-83.56416934231775,37.73941150951447],[-83.56416934231775,37.73937599583948],[-83.56430407397984,37.73944702317244],[-83.56434898453386,37.739535807242795],[-83.5642591634258,37.73948253681336]]]}},{"type":"Feature","properties":{"kind":"sunrise","strength":0.84,"hard":false,"sector":"ring-r5c5"},"geometry":{"type":"Polygon","coordinates":[[[-83.56473072424309,37.73983767228551],[-83.56459599258102,37.73969561830109],[-83.56475317952011,37.739731131822765],[-83.56473072424309,37.73983767228551]]]}},{"type":"Feature","properties":{"kind":"sunrise","strength":0.84,"hard":false,"sector":"ring-r5c5"},"geometry":{"type":"Polygon","coordinates":[[[-83.56452862674998,37.73966010476241],[-83.56448371619594,37.73966010476241],[-83.56443880564191,37.73960683442241],[-83.56448371619594,37.73960683442241],[-83.56452862674998,37.73966010476241]]]}},{"type":"Feature","properties":{"kind":"sunrise","strength":0.84,"hard":false,"sector":"ring-r5c5"},"geometry":{"type":"Polygon","coordinates":[[[-83.56448371619594,37.76980496550655],[-83.56468581368908,37.769787215964165],[-83.56468581368908,37.76985821410814],[-83.56461844785804,37.769893713154545],[-83.56448371619594,37.769893713154545],[-83.56455108202698,37.76987596363347],[-83.56455108202698,37.769822715044675],[-83.56448371619594,37.76980496550655]]]}},{"type":"Feature","properties":{"kind":"sunrise","strength":0.84,"hard":false,"sector":"ring-r5c5"},"geometry":{"type":"Polygon","coordinates":[[[-83.56486545590518,37.769023981611376],[-83.56500000000001,37.769006231881534],[-83.56500000000001,37.769077230775345],[-83.5648879111822,37.769059481058264],[-83.56486545590518,37.769023981611376]]]}},{"type":"Feature","properties":{"kind":"sunrise","strength":1.0,"hard":false,"sector":"ring-r5c5"},"geometry":{"type":"Polygon","coordinates":[[[-83.52260462456529,37.76469292122539],[-83.52260462456529,37.76472842275136],[-83.52253725873425,37.76474617350796],[-83.52253725873425,37.7647106719905],[-83.52260462456529,37.76469292122539]]]}},{"type":"Feature","properties":{"kind":"sunrise","strength":1.0,"hard":false,"sector":"ring-r5c5"},"geometry":{"type":"Polygon","coordinates":[[[-83.52260462456529,37.76469292122539],[-83.52258216928827,37.764621918122316],[-83.52267199039633,37.764568665750275],[-83.52276181150438,37.764568665750275],[-83.52273935622736,37.76469292122539],[-83.52282917733542,37.76478167500837],[-83.5228067220584,37.76490593012563],[-83.52267199039633,37.76494143154935],[-83.52255971401125,37.764888179407365],[-83.52253725873425,37.76479942575219],[-83.52264953511931,37.76474617350796],[-83.52264953511931,37.76469292122539],[-83.52260462456529,37.76469292122539]],[[-83.52262707984231,37.76483492722705],[-83.52264953511931,37.76485267795808],[-83.52264953511931,37.76483492722705],[-83.52262707984231,37.76483492722705]]]}},{"type":"Feature","properties":{"kind":"sunrise","strength":1.0,"hard":false,"sector":"ring-r5c5"},"geometry":{"type":"Polygon","coordinates":[[[-83.52927384183837,37.74353098019712],[-83.52918402073033,37.74354873604004],[-83.52918402073033,37.74351322434994],[-83.52927384183837,37.74349546849849],[-83.52927384183837,37.74353098019712]]]}},{"type":"Feature","properties":{"kind":"sunrise","strength":1.0,"hard":false,"sector":"ring-r5c5"},"geometry":{"type":"Polygon","coordinates":[[[-83.52918402073033,37.74354873604004],[-83.52889210212913,37.74374405003108],[-83.52884719157511,37.74386834048431],[-83.5288247362981,37.74381507317277],[-83.52875737046706,37.743850584718054],[-83.52875737046706,37.74377956161045],[-83.52871245991302,37.7437618058229],[-83.52873491519004,37.74363751519077],[-83.52877982574407,37.74363751519077],[-83.52877982574407,37.7436907826301],[-83.52886964685213,37.74372629423501],[-83.52895946796019,37.74361975936915],[-83.52918402073033,37.74354873604004]],[[-83.52884719157511,37.74374405003108],[-83.5288247362981,37.7437618058229],[-83.52884719157511,37.7437618058229],[-83.52884719157511,37.74374405003108]]]}},{"type":"Feature","properties":{"kind":"sunrise","strength":1.0,"hard":false,"sector":"ring-r5c5"},"geometry":{"type":"Polygon","coordinates":[[[-83.52889210212913,37.74383282894754],[-83.52907174434525,37.74365527100814],[-83.52922893128435,37.74360200354325],[-83.5293187523924,37.74353098019712],[-83.52938611822344,37.74353098019712],[-83.52936366294642,37.74370853843468],[-83.52909419962226,37.74392160775751],[-83.52889210212913,37.74392160775751],[-83.52889210212913,37.74383282894754]]]}},{"type":"Feature","properties":{"kind":"sunrise","strength":1.0,"hard":false,"sector":"ring-r5c5"},"geometry":{"type":"Polygon","coordinates":[[[-83.5521557691154,37.76348585920271],[-83.55222313494643,37.763414854940834],[-83.55222313494643,37.763255095102394],[-83.55231295605448,37.76320184174623],[-83.55240277716254,37.763290597318544],[-83.55238032188554,37.76353911235438],[-83.55220067966943,37.763592365467716],[-83.5521557691154,37.76348585920271]]]}},{"type":"Feature","properties":{"kind":"sunrise","strength":1.0,"hard":false,"sector":"ring-r5c5"},"geometry":{"type":"Polygon","coordinates":[[[-83.55294170381087,37.763006579112265],[-83.55303152491894,37.763006579112265],[-83.55300906964192,37.76311308606742],[-83.55287433797984,37.763130837211705],[-83.55294170381087,37.763006579112265]]]}},{"type":"Feature","properties":{"kind":"sunrise","strength":1.0,"hard":false,"sector":"ring-r5c5"},"geometry":{"type":"Polygon","coordinates":[[[-83.55574861343759,37.73525629392591],[-83.55586088982265,37.73504319966038],[-83.55595071093072,37.73504319966038],[-83.55595071093072,37.73513198901222],[-83.55586088982265,37.73527405175368],[-83.55574861343759,37.73525629392591]]]}},{"type":"Feature","properties":{"kind":"sunrise","strength":1.0,"hard":false,"sector":"ring-r5c5"},"geometry":{"type":"Polygon","coordinates":[[[-83.55653454813307,37.762527295916094],[-83.55664682451815,37.76247404203592],[-83.55669173507218,37.76238528548375],[-83.55675910090321,37.76238528548375],[-83.55684892201126,37.76229652882508],[-83.55698365367336,37.76224327477876],[-83.55709593005842,37.76206576101411],[-83.55714084061245,37.76208351240974],[-83.55714084061245,37.76201250680163],[-83.55709593005842,37.761994755388955],[-83.55711838533543,37.761941501125364],[-83.55734293810558,37.76195925255083],[-83.55736539338258,37.76215451794969],[-83.55725311699752,37.76220777205991],[-83.55716329588945,37.76233203150133],[-83.55702856422738,37.76236753416054],[-83.55675910090321,37.762616052297844],[-83.55653454813307,37.762669306075765],[-83.55653454813307,37.762527295916094]]]}},{"type":"Feature","properties":{"kind":"sunrise","strength":1.0,"hard":false,"sector":"ring-r5c5"},"geometry":{"type":"Polygon","coordinates":[[[-83.55682646673425,37.74894631481543],[-83.55662436924113,37.74885754203281],[-83.55666927979517,37.748768769143695],[-83.55691628784231,37.748768769143695],[-83.55691628784231,37.74885754203281],[-83.55682646673425,37.74894631481543]]]}},{"type":"Feature","properties":{"kind":"sunrise","strength":1.0,"hard":false,"sector":"ring-r5c5"},"geometry":{"type":"Polygon","coordinates":[[[-83.55707347478142,37.76297107675979],[-83.55693874311932,37.76288232080406],[-83.55684892201126,37.76286456960014],[-83.55687137728829,37.7628290671795],[-83.55682646673425,37.7627758135166],[-83.55687137728829,37.76274031105336],[-83.55698365367336,37.76272255981535],[-83.5572306617205,37.7628290671795],[-83.55727557227452,37.76291782319913],[-83.55725311699752,37.7630243302821],[-83.55716329588945,37.763042081447686],[-83.55707347478142,37.763006579112265],[-83.55707347478142,37.76297107675979]]]}},{"type":"Feature","properties":{"kind":"sunrise","strength":1.0,"hard":false,"sector":"ring-r5c5"},"geometry":{"type":"Polygon","coordinates":[[[-83.55862288889536,37.76238528548375],[-83.55860043361834,37.76229652882508],[-83.55866779944938,37.7622610261318],[-83.55880253111148,37.7622610261318],[-83.55882498638847,37.76229652882508],[-83.55878007583446,37.76240303680271],[-83.55873516528042,37.762420788117396],[-83.55862288889536,37.76238528548375]]]}},{"type":"Feature","properties":{"kind":"sunrise","strength":1.0,"hard":false,"sector":"ring-r5c5"},"geometry":{"type":"Polygon","coordinates":[[[-83.55961092108396,37.76385863045923],[-83.559655831638,37.76387638142457],[-83.55963337636096,37.76382312851574],[-83.559678286915,37.763787626555214],[-83.55976810802306,37.763787626555214],[-83.55976810802306,37.763894132385666],[-83.55972319746903,37.763947385243384],[-83.55958846580694,37.763947385243384],[-83.55961092108396,37.76385863045923]]]}},{"type":"Feature","properties":{"kind":"sunrise","strength":1.0,"hard":false,"sector":"ring-r5c5"},"geometry":{"type":"Polygon","coordinates":[[[-83.55983547385411,37.73630399847719],[-83.55974565274605,37.736197452928856],[-83.55963337636096,37.736161937712],[-83.55963337636096,37.7361264224781],[-83.55979056330008,37.735984361372175],[-83.55983547385411,37.735984361372175],[-83.56003757134722,37.736161937712],[-83.56006002662423,37.73630399847719],[-83.55983547385411,37.73630399847719]]]}},{"type":"Feature","properties":{"kind":"sunrise","strength":1.0,"hard":false,"sector":"ring-r5c5"},"geometry":{"type":"Polygon","coordinates":[[[-83.56026212411736,37.736659149197585],[-83.56008248190126,37.73644605896979],[-83.56019475828633,37.73633951362589],[-83.56037440050243,37.73632175605367],[-83.56046422161049,37.736428301423125],[-83.56046422161049,37.736534846639245],[-83.5603294899484,37.736659149197585],[-83.56026212411736,37.736659149197585]]]}},{"type":"Feature","properties":{"kind":"sunrise","strength":1.0,"hard":false,"sector":"ring-r5c5"},"geometry":{"type":"Polygon","coordinates":[[[-83.56044176633347,37.76632597378249],[-83.56037440050243,37.76620172105104],[-83.56023966884034,37.76613071939648],[-83.56023966884034,37.76598871588286],[-83.5603294899484,37.76598871588286],[-83.56037440050243,37.76604196723241],[-83.56053158744153,37.766059717673755],[-83.56062140854957,37.766112968972195],[-83.56062140854957,37.766219471454036],[-83.56048667688749,37.76632597378249],[-83.56044176633347,37.76632597378249]]]}},{"type":"Feature","properties":{"kind":"sunrise","strength":1.0,"hard":false,"sector":"ring-r5c5"},"geometry":{"type":"Polygon","coordinates":[[[-83.56077859548869,37.76717798688878],[-83.5606663191036,37.76708923598154],[-83.5606663191036,37.76701823517906],[-83.56057649799554,37.76689398361068],[-83.56048667688749,37.766858483124224],[-83.56041931105646,37.76653897797931],[-83.56046422161049,37.7664502263052],[-83.5606438638266,37.7664502263052],[-83.56068877438062,37.76676973183355],[-83.56082350604271,37.76680523236259],[-83.56091332715076,37.76692948408009],[-83.56091332715076,37.76705373558881],[-83.56086841659673,37.7671069861715],[-83.56077859548869,37.76717798688878]]]}},{"type":"Feature","properties":{"kind":"sunrise","strength":1.0,"hard":false,"sector":"ring-r5c5"},"geometry":{"type":"Polygon","coordinates":[[[-83.56133997741402,37.73742271747734],[-83.56113787992089,37.73733393087269],[-83.56113787992089,37.73729841620101],[-83.56082350604271,37.73706757041987],[-83.56073368493466,37.73696102597041],[-83.56068877438062,37.73696102597041],[-83.56057649799554,37.73685448136762],[-83.56048667688749,37.73683672391891],[-83.56048667688749,37.73674793661149],[-83.56053158744153,37.7367124216587],[-83.5606438638266,37.73667690668889],[-83.56073368493466,37.73673017913723],[-83.5606663191036,37.736801209008725],[-83.56082350604271,37.736801209008725],[-83.56095823770478,37.73685448136762],[-83.56095823770478,37.73694326854726],[-83.56089087187375,37.73692551111984],[-83.56091332715076,37.7369787833893],[-83.56082350604271,37.7369787833893],[-83.56082350604271,37.737014298214305],[-83.56086841659673,37.737014298214305],[-83.56095823770478,37.737103085202286],[-83.56102560353582,37.737103085202286],[-83.56104805881283,37.737174114716],[-83.56122770102895,37.73728065885879],[-83.56127261158296,37.73736944552733],[-83.56133997741402,37.7372629015123],[-83.56145225379909,37.73728065885879],[-83.56145225379909,37.73745823208937],[-83.56138488796805,37.737475989389004],[-83.56133997741402,37.73742271747734]]]}},{"type":"Feature","properties":{"kind":"sunrise","strength":1.0,"hard":false,"sector":"ring-r5c5"},"geometry":{"type":"Polygon","coordinates":[[[-83.56055404271854,37.73587781536383],[-83.56059895327256,37.73561144967216],[-83.56055404271854,37.73554041865921],[-83.56053158744153,37.7356469651531],[-83.56050913216453,37.73548714535477],[-83.56057649799554,37.73552266089532],[-83.56057649799554,37.7354693875781],[-83.56062140854957,37.7354693875781],[-83.5606438638266,37.73578902690642],[-83.56059895327256,37.73589557304254],[-83.56055404271854,37.73587781536383]]]}},{"type":"Feature","properties":{"kind":"sunrise","strength":1.0,"hard":false,"sector":"ring-r5c5"},"geometry":{"type":"Polygon","coordinates":[[[-83.56062140854957,37.76602421678683],[-83.56053158744153,37.765935464494966],[-83.56062140854957,37.76584671209658],[-83.56073368493466,37.76582896160413],[-83.56080105076569,37.76574020907793],[-83.56086841659673,37.76574020907793],[-83.56093578242776,37.76579346060643],[-83.56095823770478,37.765917714023814],[-83.56084596131973,37.765917714023814],[-83.56071122965763,37.76604196723241],[-83.56062140854957,37.76602421678683]]]}},{"type":"Feature","properties":{"kind":"sunrise","strength":1.0,"hard":false,"sector":"ring-r5c5"},"geometry":{"type":"Polygon","coordinates":[[[-83.56075614021167,37.73589557304254],[-83.5606663191036,37.73589557304254],[-83.56073368493466,37.73578902690642],[-83.56071122965763,37.73545162979718],[-83.5606438638266,37.735433872011996],[-83.56068877438062,37.73538059863089],[-83.56077859548869,37.73538059863089],[-83.56086841659673,37.7354693875781],[-83.56095823770478,37.73548714535477],[-83.56095823770478,37.735593691925324],[-83.56091332715076,37.73561144967216],[-83.56095823770478,37.73570023834254],[-83.56095823770478,37.73591333071698],[-83.56091332715076,37.7359488460531],[-83.56082350604271,37.7359488460531],[-83.56075614021167,37.73589557304254]]]}},{"type":"Feature","properties":{"kind":"sunrise","strength":1.0,"hard":false,"sector":"ring-r5c5"},"geometry":{"type":"Polygon","coordinates":[[[-83.56167680656922,37.767231237382006],[-83.56158698546116,37.76698273475225],[-83.56178908295429,37.76689398361068],[-83.56185644878533,37.76696498453246],[-83.56185644878533,37.7671069861715],[-83.56172171712326,37.767231237382006],[-83.56167680656922,37.767231237382006]]]}},{"type":"Feature","properties":{"kind":"sunrise","strength":1.0,"hard":false,"sector":"ring-r5c5"},"geometry":{"type":"Polygon","coordinates":[[[-83.56178908295429,37.7633616016997],[-83.5616318960152,37.763290597318544],[-83.56167680656922,37.763255095102394],[-83.56167680656922,37.763130837211705],[-83.56176662767729,37.763130837211705],[-83.56187890406235,37.76323734398794],[-83.56187890406235,37.7633438506108],[-83.56178908295429,37.7633616016997]]]}},{"type":"Feature","properties":{"kind":"sunrise","strength":1.0,"hard":false,"sector":"ring-r5c5"},"geometry":{"type":"Polygon","coordinates":[[[-83.56176662767729,37.76833173899051],[-83.56176662767729,37.76820748962904],[-83.56185644878533,37.76820748962904],[-83.56187890406235,37.76838498865295],[-83.56183399350833,37.768402738531904],[-83.56176662767729,37.76833173899051]]]}},{"type":"Feature","properties":{"kind":"sunrise","strength":1.0,"hard":false,"sector":"ring-r5c5"},"geometry":{"type":"Polygon","coordinates":[[[-83.56208100155547,37.73745823208937],[-83.56201363572443,37.73742271747734],[-83.56205854627846,37.73733393087269],[-83.56221573321756,37.73733393087269],[-83.56221573321756,37.73736944552733],[-83.56214836738653,37.737351688202125],[-83.56221573321756,37.73740496016492],[-83.56214836738653,37.73742271747734],[-83.56217082266353,37.737475989389004],[-83.56208100155547,37.73745823208937]]]}},{"type":"Feature","properties":{"kind":"sunrise","strength":1.0,"hard":false,"sector":"ring-r5c5"},"geometry":{"type":"Polygon","coordinates":[[[-83.56223818849458,37.73754701854494],[-83.5623055543256,37.737564775823266],[-83.5623055543256,37.73760029036717],[-83.56223818849458,37.73758253309735],[-83.56223818849458,37.73754701854494]]]}},{"type":"Feature","properties":{"kind":"sunrise","strength":1.0,"hard":false,"sector":"ring-r5c5"},"geometry":{"type":"Polygon","coordinates":[[[-83.56250765181873,37.76197700397202],[-83.56244028598769,37.761994755388955],[-83.56239537543367,37.76195925255083],[-83.56250765181873,37.76183499248316],[-83.5625974729268,37.76179948956834],[-83.56268729403484,37.76179948956834],[-83.56273220458887,37.76183499248316],[-83.56268729403484,37.76195925255083],[-83.5625974729268,37.76203025821005],[-83.56250765181873,37.76197700397202]]]}},{"type":"Feature","properties":{"kind":"sunrise","strength":1.0,"hard":false,"sector":"ring-r5c5"},"geometry":{"type":"Polygon","coordinates":[[[-83.56282202569693,37.762172269324026],[-83.56268729403484,37.76204800961422],[-83.56288939152797,37.76195925255083],[-83.562934302082,37.76201250680163],[-83.56288939152797,37.76211901518823],[-83.56282202569693,37.762172269324026]]]}},{"type":"Feature","properties":{"kind":"sunrise","strength":1.0,"hard":false,"sector":"ring-r5c5"},"geometry":{"type":"Polygon","coordinates":[[[-83.56374269205449,37.767160236715846],[-83.56367532622345,37.76696498453246],[-83.56367532622345,37.766822982620745],[-83.56354059456137,37.766751981562635],[-83.56351813928437,37.76669873072432],[-83.5634283181763,37.766680980436355],[-83.5634283181763,37.76662772954692],[-83.5635855051154,37.76652122765301],[-83.56376514733151,37.76653897797931],[-83.56378760260851,37.76660997924192],[-83.5638998789936,37.76671648100802],[-83.56387742371658,37.76708923598154],[-83.56383251316254,37.76717798688878],[-83.56374269205449,37.767160236715846]]]}},{"type":"Feature","properties":{"kind":"sunrise","strength":1.0,"hard":false,"sector":"ring-r5c5"},"geometry":{"type":"Polygon","coordinates":[[[-83.56421425287178,37.73944702317244],[-83.5642591634258,37.73944702317244],[-83.5642591634258,37.73948253681336],[-83.56448371619594,37.73966010476241],[-83.5647082689661,37.73976664532738],[-83.5647082689661,37.73983767228551],[-83.56464090313504,37.7399086991755],[-83.56459599258102,37.7399086991755],[-83.56452862674998,37.739819915552374],[-83.56437143981087,37.739748888577196],[-83.56432652925686,37.739677861533885],[-83.56401215537866,37.739464779995025],[-83.56374269205449,37.73937599583948],[-83.56374269205449,37.73930496843838],[-83.56385496843957,37.73921618409116],[-83.56394478954763,37.73921618409116],[-83.56394478954763,37.739251697842825],[-83.56410197648671,37.73937599583948],[-83.56414688704074,37.73937599583948],[-83.56421425287178,37.73944702317244]],[[-83.56414688704074,37.73941150951447],[-83.56412443176372,37.739393752679106],[-83.56412443176372,37.73941150951447],[-83.56414688704074,37.73941150951447]]]}},{"type":"Feature","properties":{"kind":"sunrise","strength":1.0,"hard":false,"sector":"ring-r5c5"},"geometry":{"type":"Polygon","coordinates":[[[-83.56455108202698,37.76987596363347],[-83.56434898453386,37.769929212183925],[-83.56434898453386,37.76980496550655],[-83.56455108202698,37.769822715044675],[-83.56455108202698,37.76987596363347]]]}},{"type":"Feature","properties":{"kind":"sunrise","strength":1.0,"hard":false,"sector":"ring-r5c5"},"geometry":{"type":"Polygon","coordinates":[[[-83.56486545590518,37.769023981611376],[-83.56477563479712,37.76895298266644],[-83.5648879111822,37.76882873434877],[-83.56495527701324,37.76856248725082],[-83.56500000000001,37.76852698756533],[-83.56500000000001,37.769006231881534],[-83.56486545590518,37.769023981611376]]]}},{"type":"Feature","properties":{"kind":"sunrise","strength":1.0,"hard":false,"sector":"ring-r5c5"},"geometry":{"type":"Polygon","coordinates":[[[-83.56500000000001,37.740210562697634],[-83.5648879111822,37.74013953609728],[-83.56500000000001,37.7400862661023],[-83.56500000000001,37.740210562697634]]]}},{"type":"Feature","properties":{"kind":"sunrise","strength":1.0,"hard":false,"sector":"ring-r5c5"},"geometry":{"type":"Polygon","coordinates":[[[-83.56500000000001,37.76540294850706],[-83.56495527701324,37.76540294850706],[-83.56497773229025,37.76533194608564],[-83.56500000000001,37.76533194608564],[-83.56500000000001,37.76540294850706]]]}},{"type":"Feature","properties":{"kind":"sunrise","strength":1.0,"hard":true,"sector":"ring-r5c5"},"geometry":{"type":"Polygon","coordinates":[[[-83.52260462456529,37.76472842275136],[-83.52258216928827,37.76474617350796],[-83.52253725873425,37.76474617350796],[-83.52253725873425,37.7647106719905],[-83.52260462456529,37.76469292122539],[-83.52260462456529,37.76472842275136]]]}},{"type":"Feature","properties":{"kind":"sunrise","strength":1.0,"hard":true,"sector":"ring-r5c5"},"geometry":{"type":"Polygon","coordinates":[[[-83.52258216928827,37.76478167500837],[-83.52264953511931,37.76472842275136],[-83.52269444567335,37.76472842275136],[-83.52264953511931,37.76479942575219],[-83.52258216928827,37.764817176491746],[-83.52258216928827,37.76478167500837]]]}},{"type":"Feature","properties":{"kind":"sunrise","strength":1.0,"hard":true,"sector":"ring-r5c5"},"geometry":{"type":"Polygon","coordinates":[[[-83.52922893128435,37.74353098019712],[-83.52922893128435,37.74354873604004],[-83.52918402073033,37.74354873604004],[-83.52918402073033,37.74351322434994],[-83.52927384183837,37.74349546849849],[-83.52927384183837,37.74353098019712],[-83.52922893128435,37.74353098019712]]]}},{"type":"Feature","properties":{"kind":"sunrise","strength":1.0,"hard":true,"sector":"ring-r5c5"},"geometry":{"type":"Polygon","coordinates":[[[-83.52918402073033,37.74354873604004],[-83.52909419962226,37.74361975936915],[-83.52904928906824,37.74361975936915],[-83.52889210212913,37.74374405003108],[-83.52884719157511,37.74383282894754],[-83.52880228102109,37.74381507317277],[-83.52886964685213,37.7436907826301],[-83.52895946796019,37.74361975936915],[-83.52904928906824,37.74360200354325],[-83.52911665489927,37.74354873604004],[-83.52918402073033,37.74354873604004]]]}},{"type":"Feature","properties":{"kind":"sunrise","strength":1.0,"hard":true,"sector":"ring-r5c5"},"geometry":{"type":"Polygon","coordinates":[[[-83.52889210212913,37.74381507317277],[-83.52907174434525,37.74365527100814],[-83.52911665489927,37.74365527100814],[-83.52918402073033,37.74360200354325],[-83.5293412076694,37.74354873604004],[-83.5293187523924,37.74360200354325],[-83.52920647600733,37.74361975936915],[-83.52918402073033,37.74367302682125],[-83.52909419962226,37.7436907826301],[-83.52909419962226,37.74372629423501],[-83.5290043785142,37.7437618058229],[-83.5290043785142,37.743797317393735],[-83.52895946796019,37.74383282894754],[-83.52889210212913,37.743850584718054],[-83.52889210212913,37.74381507317277]]]}},{"type":"Feature","properties":{"kind":"sunrise","strength":1.0,"hard":true,"sector":"ring-r5c5"},"geometry":{"type":"Polygon","coordinates":[[[-83.5521557691154,37.76350361025752],[-83.55222313494643,37.763450357080295],[-83.55222313494643,37.7632728462126],[-83.55226804550045,37.76323734398794],[-83.55229050077747,37.763255095102394],[-83.55229050077747,37.763290597318544],[-83.55226804550045,37.763290597318544],[-83.55226804550045,37.763450357080295],[-83.55222313494643,37.76348585920271],[-83.55220067966943,37.76355686339643],[-83.5521782243924,37.76355686339643],[-83.5521782243924,37.76350361025752],[-83.5521557691154,37.76350361025752]]]}},{"type":"Feature","properties":{"kind":"sunrise","strength":1.0,"hard":true,"sector":"ring-r5c5"},"geometry":{"type":"Polygon","coordinates":[[[-83.5529866143649,37.763006579112265],[-83.5529866143649,37.763042081447686],[-83.55294170381087,37.763042081447686],[-83.55294170381087,37.763006579112265],[-83.5529866143649,37.763006579112265]]]}},{"type":"Feature","properties":{"kind":"sunrise","strength":1.0,"hard":true,"sector":"ring-r5c5"},"geometry":{"type":"Polygon","coordinates":[[[-83.55579352399162,37.73509647328426],[-83.55586088982265,37.73504319966038],[-83.55590580037669,37.73504319966038],[-83.55586088982265,37.73513198901222],[-83.55583843454565,37.73513198901222],[-83.55583843454565,37.7351852625722],[-83.55581597926864,37.7351852625722],[-83.55579352399162,37.73525629392591],[-83.55574861343759,37.73525629392591],[-83.5557710687146,37.735167504723144],[-83.55579352399162,37.735167504723144],[-83.55579352399162,37.73509647328426]]]}},{"type":"Feature","properties":{"kind":"sunrise","strength":1.0,"hard":true,"sector":"ring-r5c5"},"geometry":{"type":"Polygon","coordinates":[[[-83.55664682451815,37.76247404203592],[-83.55662436924113,37.762527295916094],[-83.55657945868711,37.76254504720096],[-83.55660191396412,37.76247404203592],[-83.55664682451815,37.76247404203592]]]}},{"type":"Feature","properties":{"kind":"sunrise","strength":1.0,"hard":true,"sector":"ring-r5c5"},"geometry":{"type":"Polygon","coordinates":[[[-83.55657945868711,37.76254504720096],[-83.55657945868711,37.76263380356141],[-83.55651209285605,37.76263380356141],[-83.55653454813307,37.76254504720096],[-83.55657945868711,37.76254504720096]]]}},{"type":"Feature","properties":{"kind":"sunrise","strength":1.0,"hard":true,"sector":"ring-r5c5"},"geometry":{"type":"Polygon","coordinates":[[[-83.55671419034918,37.74892856026742],[-83.55664682451815,37.74885754203281],[-83.55669173507218,37.74885754203281],[-83.55675910090321,37.74892856026742],[-83.55671419034918,37.74892856026742]]]}},{"type":"Feature","properties":{"kind":"sunrise","strength":1.0,"hard":true,"sector":"ring-r5c5"},"geometry":{"type":"Polygon","coordinates":[[[-83.55693874311932,37.762278777480574],[-83.5570510195044,37.762172269324026],[-83.55707347478142,37.76210126380112],[-83.55711838533543,37.76208351240974],[-83.55711838533543,37.762136766571096],[-83.55709593005842,37.762136766571096],[-83.55709593005842,37.7621900206941],[-83.5570510195044,37.76220777205991],[-83.5570510195044,37.76224327477876],[-83.55693874311932,37.762278777480574]]]}},{"type":"Feature","properties":{"kind":"sunrise","strength":1.0,"hard":true,"sector":"ring-r5c5"},"geometry":{"type":"Polygon","coordinates":[[[-83.55693874311932,37.762278777480574],[-83.55693874311932,37.76231428016534],[-83.55687137728829,37.76233203150133],[-83.55682646673425,37.76240303680271],[-83.55673664562619,37.762420788117396],[-83.55666927979517,37.76247404203592],[-83.55669173507218,37.76238528548375],[-83.55675910090321,37.76238528548375],[-83.5568938325653,37.762278777480574],[-83.55693874311932,37.762278777480574]]]}},{"type":"Feature","properties":{"kind":"sunrise","strength":1.0,"hard":true,"sector":"ring-r5c5"},"geometry":{"type":"Polygon","coordinates":[[[-83.55711838533543,37.763006579112265],[-83.55696119839635,37.762900072003724],[-83.55700610895038,37.76288232080406],[-83.55702856422738,37.76291782319913],[-83.55707347478142,37.76291782319913],[-83.55718575116647,37.763006579112265],[-83.55711838533543,37.763006579112265]]]}},{"type":"Feature","properties":{"kind":"sunrise","strength":1.0,"hard":true,"sector":"ring-r5c5"},"geometry":{"type":"Polygon","coordinates":[[[-83.55698365367336,37.76288232080406],[-83.55684892201126,37.76286456960014],[-83.55687137728829,37.76281131596279],[-83.5568938325653,37.76281131596279],[-83.5568938325653,37.76284681839195],[-83.55696119839635,37.76284681839195],[-83.55698365367336,37.76288232080406]]]}},{"type":"Feature","properties":{"kind":"sunrise","strength":1.0,"hard":true,"sector":"ring-r5c5"},"geometry":{"type":"Polygon","coordinates":[[[-83.55720820644349,37.76201250680163],[-83.55720820644349,37.76204800961422],[-83.55716329588945,37.76208351240974],[-83.55714084061245,37.76197700397202],[-83.55718575116647,37.76197700397202],[-83.55718575116647,37.76201250680163],[-83.55720820644349,37.76201250680163]]]}},{"type":"Feature","properties":{"kind":"sunrise","strength":1.0,"hard":true,"sector":"ring-r5c5"},"geometry":{"type":"Polygon","coordinates":[[[-83.55862288889536,37.76234978283307],[-83.5586902547264,37.76236753416054],[-83.5586902547264,37.76240303680271],[-83.55866779944938,37.76240303680271],[-83.55862288889536,37.76234978283307]]]}},{"type":"Feature","properties":{"kind":"sunrise","strength":1.0,"hard":true,"sector":"ring-r5c5"},"geometry":{"type":"Polygon","coordinates":[[[-83.55961092108396,37.7639118833425],[-83.55961092108396,37.76387638142457],[-83.559655831638,37.76387638142457],[-83.559655831638,37.763894132385666],[-83.55961092108396,37.7639118833425]]]}},{"type":"Feature","properties":{"kind":"sunrise","strength":1.0,"hard":true,"sector":"ring-r5c5"},"geometry":{"type":"Polygon","coordinates":[[[-83.55983547385411,37.73628624089645],[-83.55972319746903,37.73617969532255],[-83.559678286915,37.73617969532255],[-83.55963337636096,37.73614418009717],[-83.55972319746903,37.73607314959532],[-83.55974565274605,37.736019876674206],[-83.55979056330008,37.736019876674206],[-83.55979056330008,37.73603763431884],[-83.55976810802306,37.73603763431884],[-83.55976810802306,37.73607314959532],[-83.55970074219202,37.73614418009717],[-83.55976810802306,37.736161937712],[-83.55979056330008,37.73621521053089],[-83.55983547385411,37.73621521053089],[-83.55988038440813,37.73626848331145],[-83.55983547385411,37.73628624089645]]]}},{"type":"Feature","properties":{"kind":"sunrise","strength":1.0,"hard":true,"sector":"ring-r5c5"},"geometry":{"type":"Polygon","coordinates":[[[-83.559655831638,37.7638053775376],[-83.55970074219202,37.7638053775376],[-83.55970074219202,37.76385863045923],[-83.559655831638,37.76385863045923],[-83.559655831638,37.7638053775376]]]}},{"type":"Feature","properties":{"kind":"sunrise","strength":1.0,"hard":true,"sector":"ring-r5c5"},"geometry":{"type":"Polygon","coordinates":[[[-83.56021721356333,37.73655260416036],[-83.56012739245529,37.73649933158424],[-83.56014984773229,37.736463816512206],[-83.56023966884034,37.73651708911388],[-83.56028457939436,37.73662363420222],[-83.56023966884034,37.73662363420222],[-83.56021721356333,37.73655260416036]]]}},{"type":"Feature","properties":{"kind":"sunrise","strength":1.0,"hard":true,"sector":"ring-r5c5"},"geometry":{"type":"Polygon","coordinates":[[[-83.56039685577944,37.766237221852755],[-83.56023966884034,37.76613071939648],[-83.56021721356333,37.76602421678683],[-83.56026212411736,37.76604196723241],[-83.56028457939436,37.766112968972195],[-83.5603294899484,37.766112968972195],[-83.5603294899484,37.766148469816514],[-83.56041931105646,37.76618397064379],[-83.56044176633347,37.76629047302339],[-83.56039685577944,37.766272722637446],[-83.56039685577944,37.766237221852755]]]}},{"type":"Feature","properties":{"kind":"sunrise","strength":1.0,"hard":true,"sector":"ring-r5c5"},"geometry":{"type":"Polygon","coordinates":[[[-83.56046422161049,37.76653897797931],[-83.56050913216453,37.76676973183355],[-83.56053158744153,37.76676973183355],[-83.56050913216453,37.76684073287461],[-83.56048667688749,37.76684073287461],[-83.56048667688749,37.766751981562635],[-83.56046422161049,37.766751981562635],[-83.56046422161049,37.76664547984766],[-83.56044176633347,37.76664547984766],[-83.56044176633347,37.76653897797931],[-83.56046422161049,37.76653897797931]]]}},{"type":"Feature","properties":{"kind":"sunrise","strength":1.0,"hard":true,"sector":"ring-r5c5"},"geometry":{"type":"Polygon","coordinates":[[[-83.56071122965763,37.73694326854726],[-83.5606663191036,37.73694326854726],[-83.56062140854957,37.73687223881206],[-83.56057649799554,37.73687223881206],[-83.56055404271854,37.73683672391891],[-83.56048667688749,37.73683672391891],[-83.56048667688749,37.73681896646594],[-83.56053158744153,37.736801209008725],[-83.56057649799554,37.73683672391891],[-83.56062140854957,37.73683672391891],[-83.56071122965763,37.73692551111984],[-83.56075614021167,37.73692551111984],[-83.56082350604271,37.7369787833893],[-83.56077859548869,37.736996540803936],[-83.56071122965763,37.73694326854726]]]}},{"type":"Feature","properties":{"kind":"sunrise","strength":1.0,"hard":true,"sector":"ring-r5c5"},"geometry":{"type":"Polygon","coordinates":[[[-83.56057649799554,37.735806784606424],[-83.56059895327256,37.735806784606424],[-83.56059895327256,37.73561144967216],[-83.56057649799554,37.73561144967216],[-83.56055404271854,37.73552266089532],[-83.56057649799554,37.73552266089532],[-83.56057649799554,37.7354693875781],[-83.56062140854957,37.7354693875781],[-83.5606438638266,37.73578902690642],[-83.56062140854957,37.73578902690642],[-83.56059895327256,37.73589557304254],[-83.56055404271854,37.73587781536383],[-83.56057649799554,37.735806784606424]]]}},{"type":"Feature","properties":{"kind":"sunrise","strength":1.0,"hard":true,"sector":"ring-r5c5"},"geometry":{"type":"Polygon","coordinates":[[[-83.56062140854957,37.76584671209658],[-83.5606663191036,37.76584671209658],[-83.5606663191036,37.76586446258477],[-83.56057649799554,37.765917714023814],[-83.56057649799554,37.765882213068714],[-83.56062140854957,37.76584671209658]]]}},{"type":"Feature","properties":{"kind":"sunrise","strength":1.0,"hard":true,"sector":"ring-r5c5"},"geometry":{"type":"Polygon","coordinates":[[[-83.5606663191036,37.76701823517906],[-83.5606438638266,37.76701823517906],[-83.56062140854957,37.7669472343084],[-83.56057649799554,37.76691173384751],[-83.56062140854957,37.76691173384751],[-83.5606663191036,37.7669472343084],[-83.56073368493466,37.76714248653866],[-83.5606663191036,37.76708923598154],[-83.5606663191036,37.76701823517906]]]}},{"type":"Feature","properties":{"kind":"sunrise","strength":1.0,"hard":true,"sector":"ring-r5c5"},"geometry":{"type":"Polygon","coordinates":[[[-83.56071122965763,37.73561144967216],[-83.56071122965763,37.735416114222545],[-83.56073368493466,37.735416114222545],[-83.56075614021167,37.735593691925324],[-83.56077859548869,37.735593691925324],[-83.56077859548869,37.73578902690642],[-83.56075614021167,37.73578902690642],[-83.56075614021167,37.73582454230217],[-83.56073368493466,37.73582454230217],[-83.56073368493466,37.73570023834254],[-83.56071122965763,37.73570023834254],[-83.56073368493466,37.73561144967216],[-83.56071122965763,37.73561144967216]]]}},{"type":"Feature","properties":{"kind":"sunrise","strength":1.0,"hard":true,"sector":"ring-r5c5"},"geometry":{"type":"Polygon","coordinates":[[[-83.56075614021167,37.76579346060643],[-83.56075614021167,37.765775710101195],[-83.56080105076569,37.7657579595917],[-83.56080105076569,37.76579346060643],[-83.56075614021167,37.76579346060643]]]}},{"type":"Feature","properties":{"kind":"sunrise","strength":1.0,"hard":true,"sector":"ring-r5c5"},"geometry":{"type":"Polygon","coordinates":[[[-83.56113787992089,37.73731617353897],[-83.56086841659673,37.737103085202286],[-83.56086841659673,37.73706757041987],[-83.56080105076569,37.737014298214305],[-83.56086841659673,37.737014298214305],[-83.56093578242776,37.737103085202286],[-83.5609806929818,37.73713859996765],[-83.56102560353582,37.73713859996765],[-83.56102560353582,37.737174114716],[-83.56116033519793,37.73728065885879],[-83.56122770102895,37.73729841620101],[-83.56125015630596,37.73736944552733],[-83.56113787992089,37.73731617353897]]]}},{"type":"Feature","properties":{"kind":"sunrise","strength":1.0,"hard":true,"sector":"ring-r5c5"},"geometry":{"type":"Polygon","coordinates":[[[-83.56136243269103,37.73738720284825],[-83.56138488796805,37.73740496016492],[-83.56138488796805,37.73744047478548],[-83.561317522137,37.73742271747734],[-83.561317522137,37.73738720284825],[-83.56136243269103,37.73738720284825]]]}},{"type":"Feature","properties":{"kind":"sunrise","strength":1.0,"hard":true,"sector":"ring-r5c5"},"geometry":{"type":"Polygon","coordinates":[[[-83.56160944073818,37.76703598538605],[-83.5616543512922,37.767071485787305],[-83.56167680656922,37.76719573705744],[-83.5616318960152,37.767160236715846],[-83.56160944073818,37.76703598538605]]]}},{"type":"Feature","properties":{"kind":"sunrise","strength":1.0,"hard":true,"sector":"ring-r5c5"},"geometry":{"type":"Polygon","coordinates":[[[-83.5616543512922,37.76320184174623],[-83.56172171712326,37.76316633948749],[-83.56172171712326,37.76321959286921],[-83.56167680656922,37.763255095102394],[-83.5616543512922,37.76320184174623]]]}},{"type":"Feature","properties":{"kind":"sunrise","strength":1.0,"hard":true,"sector":"ring-r5c5"},"geometry":{"type":"Polygon","coordinates":[[[-83.56178908295429,37.76836723876973],[-83.56178908295429,37.76829623919426],[-83.56176662767729,37.76829623919426],[-83.56176662767729,37.76824298946791],[-83.56181153823131,37.76824298946791],[-83.56181153823131,37.76836723876973],[-83.56178908295429,37.76836723876973]]]}},{"type":"Feature","properties":{"kind":"sunrise","strength":1.0,"hard":true,"sector":"ring-r5c5"},"geometry":{"type":"Polygon","coordinates":[[[-83.56205854627846,37.73740496016492],[-83.56212591210951,37.73742271747734],[-83.56212591210951,37.73745823208937],[-83.56205854627846,37.73744047478548],[-83.56205854627846,37.73740496016492]]]}},{"type":"Feature","properties":{"kind":"sunrise","strength":1.0,"hard":true,"sector":"ring-r5c5"},"geometry":{"type":"Polygon","coordinates":[[[-83.56223818849458,37.73754701854494],[-83.5623055543256,37.737564775823266],[-83.5623055543256,37.73760029036717],[-83.56223818849458,37.73758253309735],[-83.56223818849458,37.73754701854494]]]}},{"type":"Feature","properties":{"kind":"sunrise","strength":1.0,"hard":true,"sector":"ring-r5c5"},"geometry":{"type":"Polygon","coordinates":[[[-83.56248519654173,37.761941501125364],[-83.56255256237277,37.76195925255083],[-83.56255256237277,37.761994755388955],[-83.56244028598769,37.76197700397202],[-83.56248519654173,37.761941501125364]]]}},{"type":"Feature","properties":{"kind":"sunrise","strength":1.0,"hard":true,"sector":"ring-r5c5"},"geometry":{"type":"Polygon","coordinates":[[[-83.56277711514291,37.76210126380112],[-83.56277711514291,37.762136766571096],[-83.56275465986587,37.762136766571096],[-83.56273220458887,37.76208351240974],[-83.56277711514291,37.76210126380112]]]}},{"type":"Feature","properties":{"kind":"sunrise","strength":1.0,"hard":true,"sector":"ring-r5c5"},"geometry":{"type":"Polygon","coordinates":[[[-83.56372023677747,37.766858483124224],[-83.5636079603924,37.76676973183355],[-83.56369778150045,37.766787482100206],[-83.56372023677747,37.766858483124224]]]}},{"type":"Feature","properties":{"kind":"sunrise","strength":1.0,"hard":true,"sector":"ring-r5c5"},"geometry":{"type":"Polygon","coordinates":[[[-83.5636079603924,37.76676973183355],[-83.5635630498384,37.76676973183355],[-83.5635630498384,37.76673423128745],[-83.56347322873033,37.76666323014414],[-83.5635630498384,37.766680980436355],[-83.5636079603924,37.76676973183355]]]}},{"type":"Feature","properties":{"kind":"sunrise","strength":1.0,"hard":true,"sector":"ring-r5c5"},"geometry":{"type":"Polygon","coordinates":[[[-83.56372023677747,37.7669472343084],[-83.56372023677747,37.76701823517906],[-83.56369778150045,37.76701823517906],[-83.56367532622345,37.76687623336958],[-83.56369778150045,37.76687623336958],[-83.56369778150045,37.7669472343084],[-83.56372023677747,37.7669472343084]]]}},{"type":"Feature","properties":{"kind":"sunrise","strength":1.0,"hard":true,"sector":"ring-r5c5"},"geometry":{"type":"Polygon","coordinates":[[[-83.56376514733151,37.767071485787305],[-83.56376514733151,37.7671069861715],[-83.56383251316254,37.76714248653866],[-83.56383251316254,37.76717798688878],[-83.56378760260851,37.76717798688878],[-83.56374269205449,37.76714248653866],[-83.56374269205449,37.767071485787305],[-83.56376514733151,37.767071485787305]]]}},{"type":"Feature","properties":{"kind":"sunrise","strength":1.0,"hard":true,"sector":"ring-r5c5"},"geometry":{"type":"Polygon","coordinates":[[[-83.56459599258102,37.73987318573903],[-83.56450617147296,37.73980215881497],[-83.56443880564191,37.739784402073305],[-83.56443880564191,37.739748888577196],[-83.56434898453386,37.739731131822765],[-83.56432652925686,37.739677861533885],[-83.56428161870284,37.73964234798666],[-83.5642367081488,37.73964234798666],[-83.56398970010166,37.73944702317244],[-83.5639223342706,37.73944702317244],[-83.56387742371658,37.739393752679106],[-83.56381005788553,37.739393752679106],[-83.56381005788553,37.73937599583948],[-83.56374269205449,37.73937599583948],[-83.56374269205449,37.73935823899559],[-83.56376514733151,37.73934048214745],[-83.56387742371658,37.73935823899559],[-83.56394478954763,37.73941150951447],[-83.56403461065567,37.73942926634559],[-83.56405706593267,37.739464779995025],[-83.56410197648671,37.739464779995025],[-83.56419179759477,37.73955356404409],[-83.5642367081488,37.73955356404409],[-83.5642591634258,37.73960683442241],[-83.56432652925686,37.73962459120666],[-83.56432652925686,37.73966010476241],[-83.56437143981087,37.73966010476241],[-83.56443880564191,37.739731131822765],[-83.56448371619594,37.739731131822765],[-83.56448371619594,37.73976664532738],[-83.56452862674998,37.73980215881497],[-83.564573537304,37.73980215881497],[-83.56459599258102,37.73987318573903]]]}},{"type":"Feature","properties":{"kind":"sunrise","strength":1.0,"hard":true,"sector":"ring-r5c5"},"geometry":{"type":"Polygon","coordinates":[[[-83.56437143981087,37.769840464578536],[-83.56437143981087,37.769893713154545],[-83.56434898453386,37.769893713154545],[-83.56434898453386,37.769840464578536],[-83.56437143981087,37.769840464578536]]]}},{"type":"Feature","properties":{"kind":"sunrise","strength":1.0,"hard":true,"sector":"ring-r5c5"},"geometry":{"type":"Polygon","coordinates":[[[-83.56486545590518,37.76882873434877],[-83.5648879111822,37.76882873434877],[-83.5648879111822,37.768775485005875],[-83.5649103664592,37.768775485005875],[-83.5649103664592,37.768704485822354],[-83.56493282173622,37.768704485822354],[-83.56495527701324,37.76856248725082],[-83.56497773229025,37.76856248725082],[-83.56495527701324,37.768775485005875],[-83.5649103664592,37.76881098457207],[-83.5648879111822,37.76889973341301],[-83.56482054535115,37.76893523291955],[-83.56486545590518,37.76882873434877]]]}},{"type":"Feature","properties":{"kind":"sunrise","strength":1.0,"hard":true,"sector":"ring-r5c5"},"geometry":{"type":"Polygon","coordinates":[[[-83.56500000000001,37.740192806053926],[-83.56500000000001,37.740210562697634],[-83.56495527701324,37.740210562697634],[-83.56493282173622,37.74017504940597],[-83.56500000000001,37.740192806053926]]]}},{"type":"Feature","properties":{"kind":"sunset","strength":0.2,"hard":false,"sector":"ring-r5c5"},"geometry":{"type":"Polygon","coordinates":[[[-83.52830826492678,37.74326464204212],[-83.52819598854173,37.74317586244415],[-83.52819598854173,37.74305157082809],[-83.5283531754808,37.74301605889944],[-83.52839808603484,37.742874011014514],[-83.52857772825095,37.74285625500973],[-83.528667549359,37.7429095230113],[-83.52848790714289,37.7429095230113],[-83.52846545186587,37.74305157082809],[-83.52826335437275,37.74315810651177],[-83.52830826492678,37.74326464204212]]]}},{"type":"Feature","properties":{"kind":"sunset","strength":0.2,"hard":false,"sector":"ring-r5c5"},"geometry":{"type":"Polygon","coordinates":[[[-83.5283307202038,37.74328239794894],[-83.52839808603484,37.74331790974979],[-83.52839808603484,37.74335342153361],[-83.5283307202038,37.74331790974979],[-83.5283307202038,37.74328239794894]]]}},{"type":"Feature","properties":{"kind":"sunset","strength":0.2,"hard":false,"sector":"ring-r5c5"},"geometry":{"type":"Polygon","coordinates":[[[-83.52877982574407,37.74505796712005],[-83.52895946796019,37.74504021163919],[-83.52898192323718,37.74520001081363],[-83.52893701268317,37.74507572259666],[-83.52877982574407,37.74505796712005]]]}},{"type":"Feature","properties":{"kind":"sunset","strength":0.2,"hard":false,"sector":"ring-r5c5"},"geometry":{"type":"Polygon","coordinates":[[[-83.55720820644349,37.76240303680271],[-83.55727557227452,37.76233203150133],[-83.55732048282856,37.76233203150133],[-83.55727557227452,37.76236753416054],[-83.55727557227452,37.76247404203592],[-83.55736539338258,37.762456290734],[-83.55745521449063,37.76247404203592],[-83.55720820644349,37.762527295916094],[-83.55720820644349,37.76240303680271]]]}},{"type":"Feature","properties":{"kind":"sunset","strength":0.2,"hard":false,"sector":"ring-r5c5"},"geometry":{"type":"Polygon","coordinates":[[[-83.55880253111148,37.76201250680163],[-83.55889235221952,37.761941501125364],[-83.55911690498966,37.761941501125364],[-83.55891480749654,37.76195925255083],[-83.55891480749654,37.76201250680163],[-83.55880253111148,37.76208351240974],[-83.55880253111148,37.76201250680163]]]}},{"type":"Feature","properties":{"kind":"sunset","strength":0.2,"hard":false,"sector":"ring-r5c5"},"geometry":{"type":"Polygon","coordinates":[[[-83.55927409192876,37.73649933158424],[-83.55931900248278,37.73673017913723],[-83.55947618942189,37.7367656940815],[-83.55929654720576,37.73674793661149],[-83.55927409192876,37.73649933158424]]]}},{"type":"Feature","properties":{"kind":"sunset","strength":0.2,"hard":false,"sector":"ring-r5c5"},"geometry":{"type":"Polygon","coordinates":[[[-83.56102560353582,37.76653897797931],[-83.5609806929818,37.76664547984766],[-83.56102560353582,37.766467976648535],[-83.56107051408986,37.76643247595759],[-83.56120524575195,37.7664502263052],[-83.56118279047493,37.766822982620745],[-83.56116033519793,37.76655672830135],[-83.56113787992089,37.76652122765301],[-83.56102560353582,37.76653897797931]]]}},{"type":"Feature","properties":{"kind":"sunset","strength":0.2,"hard":false,"sector":"ring-r5c5"},"geometry":{"type":"Polygon","coordinates":[[[-83.56116033519793,37.76634372415567],[-83.56109296936687,37.766237221852755],[-83.56125015630596,37.76625497224723],[-83.56125015630596,37.76613071939648],[-83.56129506686,37.766148469816514],[-83.56129506686,37.76634372415567],[-83.56116033519793,37.76634372415567]]]}},{"type":"Feature","properties":{"kind":"sunset","strength":0.2,"hard":false,"sector":"ring-r5c5"},"geometry":{"type":"Polygon","coordinates":[[[-83.56169926184624,37.739269454712264],[-83.56169926184624,37.73937599583948],[-83.56194626989338,37.739393752679106],[-83.56187890406235,37.73942926634559],[-83.56169926184624,37.73942926634559],[-83.56167680656922,37.73941150951447],[-83.56169926184624,37.739269454712264]]]}},{"type":"Feature","properties":{"kind":"sunset","strength":0.2,"hard":false,"sector":"ring-r5c5"},"geometry":{"type":"Polygon","coordinates":[[[-83.5619687251704,37.766858483124224],[-83.56199118044741,37.767160236715846],[-83.5619687251704,37.767160236715846],[-83.5619687251704,37.766858483124224]]]}},{"type":"Feature","properties":{"kind":"sunset","strength":0.2,"hard":false,"sector":"ring-r5c5"},"geometry":{"type":"Polygon","coordinates":[[[-83.56203609100145,37.76650347732245],[-83.56219327794055,37.7664502263052],[-83.5622606437716,37.766467976648535],[-83.5622606437716,37.76659222893266],[-83.5623055543256,37.76662772954692],[-83.56223818849458,37.76660997924192],[-83.56219327794055,37.76653897797931],[-83.56205854627846,37.76653897797931],[-83.56199118044741,37.76676973183355],[-83.56199118044741,37.76659222893266],[-83.56203609100145,37.76650347732245]]]}},{"type":"Feature","properties":{"kind":"sunset","strength":0.2,"hard":false,"sector":"ring-r5c5"},"geometry":{"type":"Polygon","coordinates":[[[-83.56277711514291,37.766166220232286],[-83.56261992820382,37.766148469816514],[-83.56255256237277,37.766219471454036],[-83.56255256237277,37.766308223405076],[-83.56266483875783,37.76643247595759],[-83.56257501764979,37.76636147452457],[-83.56246274126471,37.76634372415567],[-83.56246274126471,37.76625497224723],[-83.5625974729268,37.76613071939648],[-83.56275465986587,37.76613071939648],[-83.56277711514291,37.766166220232286]]]}},{"type":"Feature","properties":{"kind":"sunset","strength":0.2,"hard":false,"sector":"ring-r5c5"},"geometry":{"type":"Polygon","coordinates":[[[-83.56277711514291,37.766166220232286],[-83.56282202569693,37.766166220232286],[-83.56286693625097,37.766219471454036],[-83.56282202569693,37.766219471454036],[-83.56277711514291,37.766166220232286]]]}},{"type":"Feature","properties":{"kind":"sunset","strength":0.2,"hard":false,"sector":"ring-r5c5"},"geometry":{"type":"Polygon","coordinates":[[[-83.56311394429811,37.73980215881497],[-83.56313639957513,37.73960683442241],[-83.56313639957513,37.73980215881497],[-83.56311394429811,37.73980215881497]]]}},{"type":"Feature","properties":{"kind":"sunset","strength":0.2,"hard":false,"sector":"ring-r5c5"},"geometry":{"type":"Polygon","coordinates":[[[-83.56349568400734,37.74026383260316],[-83.56340586289927,37.74033485908426],[-83.5632711312372,37.74033485908426],[-83.5632711312372,37.74029934585223],[-83.56320376540617,37.74028158922982],[-83.56318131012914,37.74013953609728],[-83.5632486759602,37.74003299606899],[-83.56322622068318,37.740210562697634],[-83.56333849706824,37.74028158922982],[-83.56349568400734,37.74026383260316]]]}},{"type":"Feature","properties":{"kind":"sunset","strength":0.2,"hard":false,"sector":"ring-r5c5"},"geometry":{"type":"Polygon","coordinates":[[[-83.56347322873033,37.76625497224723],[-83.56340586289927,37.76604196723241],[-83.56349568400734,37.76598871588286],[-83.5634283181763,37.76589996354839],[-83.56365287094644,37.766077468110836],[-83.5636079603924,37.76609521854364],[-83.56365287094644,37.76620172105104],[-83.5635630498384,37.766112968972195],[-83.56349568400734,37.766112968972195],[-83.56347322873033,37.76625497224723]]]}},{"type":"Feature","properties":{"kind":"sunset","strength":0.2,"hard":false,"sector":"ring-r5c5"},"geometry":{"type":"Polygon","coordinates":[[[-83.5634283181763,37.76589996354839],[-83.5632711312372,37.7657579595917],[-83.5632711312372,37.76563370590592],[-83.56333849706824,37.7655804542624],[-83.56336095234525,37.76549170143798],[-83.56351813928437,37.76547395086032],[-83.5636079603924,37.76540294850706],[-83.5636079603924,37.765438449692205],[-83.56347322873033,37.76552720258053],[-83.56347322873033,37.7656692069803],[-83.56338340762227,37.7657579595917],[-83.5634283181763,37.76589996354839]]]}},{"type":"Feature","properties":{"kind":"sunset","strength":0.2,"hard":false,"sector":"ring-r5c5"},"geometry":{"type":"Polygon","coordinates":[[[-83.56434898453386,37.7656692069803],[-83.56398970010166,37.76542069910176],[-83.56398970010166,37.765349696697385],[-83.56434898453386,37.76563370590592],[-83.56434898453386,37.7656692069803]]]}},{"type":"Feature","properties":{"kind":"sunset","strength":0.2,"hard":false,"sector":"ring-r5c5"},"geometry":{"type":"Polygon","coordinates":[[[-83.56403461065567,37.765012434345685],[-83.56414688704074,37.76495918225483],[-83.56403461065567,37.76504793571829],[-83.56403461065567,37.765012434345685]]]}},{"type":"Feature","properties":{"kind":"sunset","strength":0.2,"hard":false,"sector":"ring-r5c5"},"geometry":{"type":"Polygon","coordinates":[[[-83.56432652925686,37.76490593012563],[-83.56416934231775,37.76494143154935],[-83.56428161870284,37.764817176491746],[-83.56439389508789,37.764817176491746],[-83.56439389508789,37.76494143154935],[-83.56432652925686,37.76504793571829],[-83.56432652925686,37.76490593012563]]]}},{"type":"Feature","properties":{"kind":"sunset","strength":0.36,"hard":false,"sector":"ring-r5c5"},"geometry":{"type":"Polygon","coordinates":[[[-83.52875737046706,37.74299830292874],[-83.52862263880498,37.74298054695377],[-83.52857772825095,37.74301605889944],[-83.52853281769693,37.743140350575146],[-83.52844299658886,37.74315810651177],[-83.52837563075782,37.74322913021571],[-83.52839808603484,37.74331790974979],[-83.52830826492678,37.74326464204212],[-83.52826335437275,37.74315810651177],[-83.52846545186587,37.74305157082809],[-83.52848790714289,37.7429095230113],[-83.52862263880498,37.7429095230113],[-83.52875737046706,37.74299830292874]]]}},{"type":"Feature","properties":{"kind":"sunset","strength":0.36,"hard":false,"sector":"ring-r5c5"},"geometry":{"type":"Polygon","coordinates":[[[-83.52893701268317,37.74507572259666],[-83.52895946796019,37.74520001081363],[-83.52891455740615,37.74509347806901],[-83.52877982574407,37.74509347806901],[-83.52893701268317,37.74507572259666]]]}},{"type":"Feature","properties":{"kind":"sunset","strength":0.36,"hard":false,"sector":"ring-r5c5"},"geometry":{"type":"Polygon","coordinates":[[[-83.55727557227452,37.76236753416054],[-83.55738784865962,37.76229652882508],[-83.55734293810558,37.762420788117396],[-83.55745521449063,37.762456290734],[-83.55727557227452,37.76247404203592],[-83.55727557227452,37.76236753416054]]]}},{"type":"Feature","properties":{"kind":"sunset","strength":0.36,"hard":false,"sector":"ring-r5c5"},"geometry":{"type":"Polygon","coordinates":[[[-83.55884744166549,37.76203025821005],[-83.55891480749654,37.76201250680163],[-83.55891480749654,37.76195925255083],[-83.55911690498966,37.76195925255083],[-83.55895971805056,37.76197700397202],[-83.55893726277355,37.76204800961422],[-83.55880253111148,37.762136766571096],[-83.55884744166549,37.76203025821005]]]}},{"type":"Feature","properties":{"kind":"sunset","strength":0.36,"hard":false,"sector":"ring-r5c5"},"geometry":{"type":"Polygon","coordinates":[[[-83.55938636831382,37.73673017913723],[-83.55931900248278,37.73673017913723],[-83.55931900248278,37.73664139170204],[-83.5593414577598,37.73664139170204],[-83.55938636831382,37.73673017913723]]]}},{"type":"Feature","properties":{"kind":"sunset","strength":0.36,"hard":false,"sector":"ring-r5c5"},"geometry":{"type":"Polygon","coordinates":[[[-83.56102560353582,37.76660997924192],[-83.5609806929818,37.766751981562635],[-83.5610031482588,37.76655672830135],[-83.56104805881283,37.76652122765301],[-83.56113787992089,37.76652122765301],[-83.56116033519793,37.76676973183355],[-83.56111542464389,37.76660997924192],[-83.56102560353582,37.76660997924192]]]}},{"type":"Feature","properties":{"kind":"sunset","strength":0.36,"hard":false,"sector":"ring-r5c5"},"geometry":{"type":"Polygon","coordinates":[[[-83.56113787992089,37.76625497224723],[-83.5610031482588,37.766166220232286],[-83.5610031482588,37.766059717673755],[-83.56107051408986,37.76618397064379],[-83.56118279047493,37.76618397064379],[-83.56127261158296,37.76609521854364],[-83.56125015630596,37.76625497224723],[-83.56113787992089,37.76625497224723]]]}},{"type":"Feature","properties":{"kind":"sunset","strength":0.36,"hard":false,"sector":"ring-r5c5"},"geometry":{"type":"Polygon","coordinates":[[[-83.56120524575195,37.76584671209658],[-83.56116033519793,37.76584671209658],[-83.56116033519793,37.7657579595917],[-83.56118279047493,37.7657579595917],[-83.56120524575195,37.76584671209658]]]}},{"type":"Feature","properties":{"kind":"sunset","strength":0.36,"hard":false,"sector":"ring-r5c5"},"geometry":{"type":"Polygon","coordinates":[[[-83.56172171712326,37.739251697842825],[-83.56174417240027,37.73934048214745],[-83.56194626989338,37.73937599583948],[-83.56169926184624,37.73937599583948],[-83.56172171712326,37.739251697842825]]]}},{"type":"Feature","properties":{"kind":"sunset","strength":0.36,"hard":false,"sector":"ring-r5c5"},"geometry":{"type":"Polygon","coordinates":[[[-83.56205854627846,37.76655672830135],[-83.56219327794055,37.76653897797931],[-83.56235046487964,37.766680980436355],[-83.56223818849458,37.76662772954692],[-83.56205854627846,37.76664547984766],[-83.56199118044741,37.767160236715846],[-83.56199118044741,37.76676973183355],[-83.56201363572443,37.76660997924192],[-83.56205854627846,37.76655672830135]]]}},{"type":"Feature","properties":{"kind":"sunset","strength":0.36,"hard":false,"sector":"ring-r5c5"},"geometry":{"type":"Polygon","coordinates":[[[-83.56282202569693,37.766219471454036],[-83.56270974931185,37.76620172105104],[-83.56266483875783,37.766237221852755],[-83.56266483875783,37.766396975249606],[-83.56257501764979,37.76634372415567],[-83.56255256237277,37.766219471454036],[-83.56261992820382,37.766148469816514],[-83.56273220458887,37.766148469816514],[-83.56282202569693,37.766219471454036]]]}},{"type":"Feature","properties":{"kind":"sunset","strength":0.36,"hard":false,"sector":"ring-r5c5"},"geometry":{"type":"Polygon","coordinates":[[[-83.56311394429811,37.73960683442241],[-83.56313639957513,37.73937599583948],[-83.56313639957513,37.73960683442241],[-83.56311394429811,37.73960683442241]]]}},{"type":"Feature","properties":{"kind":"sunset","strength":0.36,"hard":false,"sector":"ring-r5c5"},"geometry":{"type":"Polygon","coordinates":[[[-83.56333849706824,37.74028158922982],[-83.56322622068318,37.740210562697634],[-83.5632486759602,37.74006850942879],[-83.5632711312372,37.74015729275376],[-83.56351813928437,37.74024607597225],[-83.56345077345331,37.74028158922982],[-83.56333849706824,37.74028158922982]]]}},{"type":"Feature","properties":{"kind":"sunset","strength":0.36,"hard":false,"sector":"ring-r5c5"},"geometry":{"type":"Polygon","coordinates":[[[-83.5635630498384,37.76600646633698],[-83.56338340762227,37.76582896160413],[-83.56340586289927,37.76570470803764],[-83.56347322873033,37.7656692069803],[-83.56347322873033,37.76552720258053],[-83.56369778150045,37.76533194608564],[-83.56385496843957,37.765314195469635],[-83.5639223342706,37.76536744730487],[-83.56383251316254,37.76533194608564],[-83.56372023677747,37.765349696697385],[-83.56372023677747,37.76540294850706],[-83.56363041566944,37.765509452011386],[-83.5636079603924,37.765722458559914],[-83.56351813928437,37.76584671209658],[-83.5635630498384,37.76600646633698]]]}},{"type":"Feature","properties":{"kind":"sunset","strength":0.36,"hard":false,"sector":"ring-r5c5"},"geometry":{"type":"Polygon","coordinates":[[[-83.56351813928437,37.766396975249606],[-83.56349568400734,37.766112968972195],[-83.5635630498384,37.766112968972195],[-83.56372023677747,37.76625497224723],[-83.56367532622345,37.766272722637446],[-83.56363041566944,37.766219471454036],[-83.56351813928437,37.766237221852755],[-83.5635630498384,37.76643247595759],[-83.56351813928437,37.766396975249606]]]}},{"type":"Feature","properties":{"kind":"sunset","strength":0.36,"hard":false,"sector":"ring-r5c5"},"geometry":{"type":"Polygon","coordinates":[[[-83.56401215537866,37.766379224889214],[-83.56407952120969,37.766379224889214],[-83.56407952120969,37.766414725605735],[-83.56401215537866,37.766414725605735],[-83.56401215537866,37.766379224889214]]]}},{"type":"Feature","properties":{"kind":"sunset","strength":0.36,"hard":false,"sector":"ring-r5c5"},"geometry":{"type":"Polygon","coordinates":[[[-83.56421425287178,37.765012434345685],[-83.56407952120969,37.765030185034114],[-83.5642367081488,37.76490593012563],[-83.56432652925686,37.76490593012563],[-83.56428161870284,37.76510118774525],[-83.56421425287178,37.765012434345685]]]}},{"type":"Feature","properties":{"kind":"sunset","strength":0.52,"hard":false,"sector":"ring-r5c5"},"geometry":{"type":"Polygon","coordinates":[[[-83.52851036241991,37.743406689177384],[-83.52839808603484,37.74331790974979],[-83.52837563075782,37.74322913021571],[-83.52844299658886,37.74315810651177],[-83.52853281769693,37.743140350575146],[-83.52862263880498,37.74298054695377],[-83.52875737046706,37.74299830292874],[-83.52886964685213,37.743069326786014],[-83.52871245991302,37.743069326786014],[-83.52864509408198,37.74317586244415],[-83.52851036241991,37.74324688613104],[-83.52851036241991,37.743406689177384]]]}},{"type":"Feature","properties":{"kind":"sunset","strength":0.52,"hard":false,"sector":"ring-r5c5"},"geometry":{"type":"Polygon","coordinates":[[[-83.52877982574407,37.74509347806901],[-83.52893701268317,37.745111233537095],[-83.52893701268317,37.745217766256154],[-83.52889210212913,37.745111233537095],[-83.52877982574407,37.74509347806901]]]}},{"type":"Feature","properties":{"kind":"sunset","strength":0.52,"hard":false,"sector":"ring-r5c5"},"geometry":{"type":"Polygon","coordinates":[[[-83.55734293810558,37.762420788117396],[-83.55738784865962,37.76229652882508],[-83.55745521449063,37.762278777480574],[-83.55741030393662,37.76231428016534],[-83.55741030393662,37.76240303680271],[-83.55745521449063,37.762438539427826],[-83.55734293810558,37.762420788117396]]]}},{"type":"Feature","properties":{"kind":"sunset","strength":0.52,"hard":false,"sector":"ring-r5c5"},"geometry":{"type":"Polygon","coordinates":[[[-83.55882498638847,37.762136766571096],[-83.55893726277355,37.76204800961422],[-83.55895971805056,37.76197700397202],[-83.55911690498966,37.76197700397202],[-83.5590046286046,37.761994755388955],[-83.55898217332758,37.76206576101411],[-83.55882498638847,37.762136766571096]]]}},{"type":"Feature","properties":{"kind":"sunset","strength":0.52,"hard":false,"sector":"ring-r5c5"},"geometry":{"type":"Polygon","coordinates":[[[-83.55938636831382,37.73673017913723],[-83.55931900248278,37.736588119189804],[-83.55938636831382,37.73669466417593],[-83.55947618942189,37.73673017913723],[-83.55938636831382,37.73673017913723]]]}},{"type":"Feature","properties":{"kind":"sunset","strength":0.52,"hard":false,"sector":"ring-r5c5"},"geometry":{"type":"Polygon","coordinates":[[[-83.56102560353582,37.76673423128745],[-83.5610031482588,37.76666323014414],[-83.56102560353582,37.76660997924192],[-83.56111542464389,37.76660997924192],[-83.56113787992089,37.766751981562635],[-83.56111542464389,37.76669873072432],[-83.56104805881283,37.76669873072432],[-83.56102560353582,37.76673423128745]]]}},{"type":"Feature","properties":{"kind":"sunset","strength":0.52,"hard":false,"sector":"ring-r5c5"},"geometry":{"type":"Polygon","coordinates":[[[-83.56102560353582,37.766059717673755],[-83.56109296936687,37.766112968972195],[-83.56120524575195,37.76609521854364],[-83.56125015630596,37.766112968972195],[-83.56118279047493,37.76618397064379],[-83.56107051408986,37.76618397064379],[-83.56102560353582,37.766148469816514],[-83.56102560353582,37.766059717673755]]]}},{"type":"Feature","properties":{"kind":"sunset","strength":0.52,"hard":false,"sector":"ring-r5c5"},"geometry":{"type":"Polygon","coordinates":[[[-83.56174417240027,37.73934048214745],[-83.56181153823131,37.73919842720894],[-83.56181153823131,37.73930496843838],[-83.56201363572443,37.73932272529503],[-83.56194626989338,37.73935823899559],[-83.56174417240027,37.73934048214745]]]}},{"type":"Feature","properties":{"kind":"sunset","strength":0.52,"hard":false,"sector":"ring-r5c5"},"geometry":{"type":"Polygon","coordinates":[[[-83.56201363572443,37.76717798688878],[-83.56203609100145,37.766680980436355],[-83.56210345683249,37.76662772954692],[-83.56223818849458,37.76662772954692],[-83.56239537543367,37.76673423128745],[-83.5622606437716,37.76669873072432],[-83.56210345683249,37.766787482100206],[-83.56210345683249,37.76691173384751],[-83.56205854627846,37.7669472343084],[-83.56208100155547,37.76721348722186],[-83.56201363572443,37.76717798688878]]]}},{"type":"Feature","properties":{"kind":"sunset","strength":0.52,"hard":false,"sector":"ring-r5c5"},"geometry":{"type":"Polygon","coordinates":[[[-83.56270974931185,37.7664502263052],[-83.5626423834808,37.766308223405076],[-83.56266483875783,37.766237221852755],[-83.56277711514291,37.76620172105104],[-83.562934302082,37.766308223405076],[-83.56279957041991,37.76629047302339],[-83.56275465986587,37.76632597378249],[-83.56277711514291,37.766485726987625],[-83.56270974931185,37.7664502263052]]]}},{"type":"Feature","properties":{"kind":"sunset","strength":0.52,"hard":false,"sector":"ring-r5c5"},"geometry":{"type":"Polygon","coordinates":[[[-83.56340586289927,37.740228319337064],[-83.5632711312372,37.74015729275376],[-83.56329358651423,37.74001523938269],[-83.56333849706824,37.740104022771554],[-83.5634283181763,37.740121779436556],[-83.56347322873033,37.74017504940597],[-83.56367532622345,37.74017504940597],[-83.56351813928437,37.740228319337064],[-83.56340586289927,37.740228319337064]]]}},{"type":"Feature","properties":{"kind":"sunset","strength":0.52,"hard":false,"sector":"ring-r5c5"},"geometry":{"type":"Polygon","coordinates":[[[-83.56367532622345,37.766077468110836],[-83.56351813928437,37.765935464494966],[-83.56351813928437,37.76584671209658],[-83.5636079603924,37.765722458559914],[-83.56363041566944,37.765509452011386],[-83.56372023677747,37.76540294850706],[-83.56372023677747,37.765349696697385],[-83.56383251316254,37.76533194608564],[-83.56398970010166,37.765438449692205],[-83.5638998789936,37.76540294850706],[-83.56383251316254,37.765438449692205],[-83.56383251316254,37.76552720258053],[-83.56374269205449,37.76563370590592],[-83.56372023677747,37.76584671209658],[-83.56363041566944,37.76597096542449],[-83.56367532622345,37.766077468110836]]]}},{"type":"Feature","properties":{"kind":"sunset","strength":0.52,"hard":false,"sector":"ring-r5c5"},"geometry":{"type":"Polygon","coordinates":[[[-83.56365287094644,37.76655672830135],[-83.56354059456137,37.766379224889214],[-83.56354059456137,37.766219471454036],[-83.56363041566944,37.766219471454036],[-83.56378760260851,37.76632597378249],[-83.56374269205449,37.76634372415567],[-83.56367532622345,37.766308223405076],[-83.56363041566944,37.76634372415567],[-83.56365287094644,37.76655672830135]]]}},{"type":"Feature","properties":{"kind":"sunset","strength":0.52,"hard":false,"sector":"ring-r5c5"},"geometry":{"type":"Polygon","coordinates":[[[-83.56396724482464,37.765314195469635],[-83.56394478954763,37.7651721903882],[-83.56407952120969,37.765030185034114],[-83.56421425287178,37.765012434345685],[-83.56430407397984,37.76513668907524],[-83.5642367081488,37.76510118774525],[-83.56412443176372,37.76511893841237],[-83.56398970010166,37.76526094359604],[-83.56403461065567,37.765349696697385],[-83.56396724482464,37.765314195469635]]]}},{"type":"Feature","properties":{"kind":"sunset","strength":0.68,"hard":false,"sector":"ring-r5c5"},"geometry":{"type":"Polygon","coordinates":[[[-83.52851036241991,37.74337117741913],[-83.52851036241991,37.74324688613104],[-83.52864509408198,37.74317586244415],[-83.52871245991302,37.743069326786014],[-83.5288247362981,37.743069326786014],[-83.52898192323718,37.74315810651177],[-83.52880228102109,37.74315810651177],[-83.52871245991302,37.74326464204212],[-83.52862263880498,37.74330015385149],[-83.52857772825095,37.7434777126428],[-83.52851036241991,37.74337117741913]]]}},{"type":"Feature","properties":{"kind":"sunset","strength":0.68,"hard":false,"sector":"ring-r5c5"},"geometry":{"type":"Polygon","coordinates":[[[-83.52875737046706,37.745111233537095],[-83.52889210212913,37.745111233537095],[-83.52891455740615,37.74520001081363],[-83.52889210212913,37.74514674446048],[-83.52875737046706,37.745111233537095]]]}},{"type":"Feature","properties":{"kind":"sunset","strength":0.68,"hard":false,"sector":"ring-r5c5"},"geometry":{"type":"Polygon","coordinates":[[[-83.55752258032169,37.76247404203592],[-83.55741030393662,37.76240303680271],[-83.55741030393662,37.76231428016534],[-83.55745521449063,37.762278777480574],[-83.55761240142974,37.7622610261318],[-83.55767976726078,37.76229652882508],[-83.5575450355987,37.76229652882508],[-83.55750012504465,37.76233203150133],[-83.55752258032169,37.76247404203592]]]}},{"type":"Feature","properties":{"kind":"sunset","strength":0.68,"hard":false,"sector":"ring-r5c5"},"geometry":{"type":"Polygon","coordinates":[[[-83.55880253111148,37.762278777480574],[-83.55884744166549,37.76211901518823],[-83.55898217332758,37.76206576101411],[-83.5590046286046,37.761994755388955],[-83.55916181554367,37.76201250680163],[-83.55904953915862,37.76203025821005],[-83.55895971805056,37.762136766571096],[-83.55884744166549,37.7621900206941],[-83.5588698969425,37.76233203150133],[-83.55880253111148,37.762278777480574]]]}},{"type":"Feature","properties":{"kind":"sunset","strength":0.68,"hard":false,"sector":"ring-r5c5"},"geometry":{"type":"Polygon","coordinates":[[[-83.55938636831382,37.73669466417593],[-83.5593414577598,37.736588119189804],[-83.55940882359084,37.73662363420222],[-83.55940882359084,37.73667690668889],[-83.55949864469889,37.73669466417593],[-83.5595210999759,37.73673017913723],[-83.55938636831382,37.73669466417593]]]}},{"type":"Feature","properties":{"kind":"sunset","strength":0.68,"hard":false,"sector":"ring-r5c5"},"geometry":{"type":"Polygon","coordinates":[[[-83.56109296936687,37.766112968972195],[-83.56095823770478,37.76597096542449],[-83.56113787992089,37.76602421678683],[-83.56136243269103,37.76600646633698],[-83.56120524575195,37.766112968972195],[-83.56109296936687,37.766112968972195]]]}},{"type":"Feature","properties":{"kind":"sunset","strength":0.68,"hard":false,"sector":"ring-r5c5"},"geometry":{"type":"Polygon","coordinates":[[[-83.56109296936687,37.766787482100206],[-83.5609806929818,37.766822982620745],[-83.5610031482588,37.76673423128745],[-83.56111542464389,37.76669873072432],[-83.56113787992089,37.766822982620745],[-83.56109296936687,37.766787482100206]]]}},{"type":"Feature","properties":{"kind":"sunset","strength":0.68,"hard":false,"sector":"ring-r5c5"},"geometry":{"type":"Polygon","coordinates":[[[-83.56178908295429,37.73928721157745],[-83.56185644878533,37.73916291343172],[-83.56185644878533,37.739251697842825],[-83.56201363572443,37.73930496843838],[-83.56187890406235,37.73932272529503],[-83.56178908295429,37.73928721157745]]]}},{"type":"Feature","properties":{"kind":"sunset","strength":0.68,"hard":false,"sector":"ring-r5c5"},"geometry":{"type":"Polygon","coordinates":[[[-83.56221573321756,37.76731998811883],[-83.56205854627846,37.76717798688878],[-83.56210345683249,37.766787482100206],[-83.5623055543256,37.76669873072432],[-83.56250765181873,37.766822982620745],[-83.56235046487964,37.766787482100206],[-83.56223818849458,37.76687623336958],[-83.56223818849458,37.76696498453246],[-83.56217082266353,37.767071485787305],[-83.56217082266353,37.76726673768952],[-83.56221573321756,37.76731998811883]]]}},{"type":"Feature","properties":{"kind":"sunset","strength":0.68,"hard":false,"sector":"ring-r5c5"},"geometry":{"type":"Polygon","coordinates":[[[-83.56286693625097,37.76655672830135],[-83.56275465986587,37.7664502263052],[-83.56275465986587,37.76632597378249],[-83.56279957041991,37.76629047302339],[-83.56288939152797,37.76629047302339],[-83.56304657846707,37.766379224889214],[-83.56286693625097,37.766396975249606],[-83.56286693625097,37.76655672830135]]]}},{"type":"Feature","properties":{"kind":"sunset","strength":0.68,"hard":false,"sector":"ring-r5c5"},"geometry":{"type":"Polygon","coordinates":[[[-83.56313639957513,37.73962459120666],[-83.56315885485213,37.73935823899559],[-83.56315885485213,37.73962459120666],[-83.56313639957513,37.73962459120666]]]}},{"type":"Feature","properties":{"kind":"sunset","strength":0.68,"hard":false,"sector":"ring-r5c5"},"geometry":{"type":"Polygon","coordinates":[[[-83.56329358651423,37.73989094245938],[-83.56315885485213,37.739784402073305],[-83.56315885485213,37.73969561830109],[-83.56329358651423,37.73989094245938]]]}},{"type":"Feature","properties":{"kind":"sunset","strength":0.68,"hard":false,"sector":"ring-r5c5"},"geometry":{"type":"Polygon","coordinates":[[[-83.56369778150045,37.740192806053926],[-83.56347322873033,37.74017504940597],[-83.5634283181763,37.740121779436556],[-83.56333849706824,37.740104022771554],[-83.56333849706824,37.739961969298264],[-83.56338340762227,37.74003299606899],[-83.56347322873033,37.74005075275101],[-83.5635855051154,37.74015729275376],[-83.56372023677747,37.74015729275376],[-83.56383251316254,37.74024607597225],[-83.56374269205449,37.74024607597225],[-83.56369778150045,37.740192806053926]]]}},{"type":"Feature","properties":{"kind":"sunset","strength":0.68,"hard":false,"sector":"ring-r5c5"},"geometry":{"type":"Polygon","coordinates":[[[-83.56367532622345,37.76664547984766],[-83.56363041566944,37.76634372415567],[-83.56369778150045,37.766308223405076],[-83.5639223342706,37.7664502263052],[-83.56385496843957,37.766414725605735],[-83.56376514733151,37.76643247595759],[-83.56376514733151,37.76653897797931],[-83.56372023677747,37.76659222893266],[-83.56374269205449,37.76671648100802],[-83.56367532622345,37.76664547984766]]]}},{"type":"Feature","properties":{"kind":"sunset","strength":0.68,"hard":false,"sector":"ring-r5c5"},"geometry":{"type":"Polygon","coordinates":[[[-83.56381005788553,37.76618397064379],[-83.56367532622345,37.766077468110836],[-83.56363041566944,37.76597096542449],[-83.56372023677747,37.76584671209658],[-83.56374269205449,37.76563370590592],[-83.56383251316254,37.76552720258053],[-83.56383251316254,37.765438449692205],[-83.5638998789936,37.76540294850706],[-83.56412443176372,37.765544953145415],[-83.56405706593267,37.765509452011386],[-83.56396724482464,37.76552720258053],[-83.56394478954763,37.765651456445234],[-83.56387742371658,37.765722458559914],[-83.56385496843957,37.765935464494966],[-83.56376514733151,37.766059717673755],[-83.56381005788553,37.76618397064379]]]}},{"type":"Feature","properties":{"kind":"sunset","strength":0.68,"hard":false,"sector":"ring-r5c5"},"geometry":{"type":"Polygon","coordinates":[[[-83.56416934231775,37.7654562002784],[-83.56403461065567,37.765349696697385],[-83.56398970010166,37.76526094359604],[-83.56412443176372,37.76511893841237],[-83.5642367081488,37.76510118774525],[-83.56443880564191,37.765225442325686],[-83.56439389508789,37.765243192963],[-83.56437143981087,37.765207691684125],[-83.5642591634258,37.765207691684125],[-83.56414688704074,37.76529644484937],[-83.56412443176372,37.76540294850706],[-83.56416934231775,37.7654562002784]]]}},{"type":"Feature","properties":{"kind":"sunset","strength":0.84,"hard":false,"sector":"ring-r5c5"},"geometry":{"type":"Polygon","coordinates":[[[-83.52857772825095,37.74349546849849],[-83.52860018352797,37.74331790974979],[-83.52875737046706,37.74322913021571],[-83.52880228102109,37.74315810651177],[-83.52893701268317,37.74315810651177],[-83.52904928906824,37.74322913021571],[-83.52886964685213,37.74326464204212],[-83.528690004636,37.74338893330037],[-83.52864509408198,37.74354873604004],[-83.52857772825095,37.74349546849849]]]}},{"type":"Feature","properties":{"kind":"sunset","strength":0.84,"hard":false,"sector":"ring-r5c5"},"geometry":{"type":"Polygon","coordinates":[[[-83.52875737046706,37.74512898900091],[-83.52889210212913,37.74514674446048],[-83.52889210212913,37.74520001081363],[-83.52886964685213,37.745164499915795],[-83.528690004636,37.745164499915795],[-83.52875737046706,37.74512898900091]]]}},{"type":"Feature","properties":{"kind":"sunset","strength":0.84,"hard":false,"sector":"ring-r5c5"},"geometry":{"type":"Polygon","coordinates":[[[-83.55750012504465,37.762438539427826],[-83.55750012504465,37.76233203150133],[-83.5575450355987,37.76229652882508],[-83.55763485670676,37.76229652882508],[-83.55772467781482,37.76234978283307],[-83.55756749087571,37.76240303680271],[-83.55756749087571,37.76249179333357],[-83.55750012504465,37.762438539427826]]]}},{"type":"Feature","properties":{"kind":"sunset","strength":0.84,"hard":false,"sector":"ring-r5c5"},"geometry":{"type":"Polygon","coordinates":[[[-83.55884744166549,37.7621900206941],[-83.55895971805056,37.762136766571096],[-83.55904953915862,37.76203025821005],[-83.5591842708207,37.76204800961422],[-83.55907199443563,37.76206576101411],[-83.5590270838816,37.76215451794969],[-83.55891480749654,37.76222552342147],[-83.55891480749654,37.76234978283307],[-83.55884744166549,37.76229652882508],[-83.55884744166549,37.7621900206941]]]}},{"type":"Feature","properties":{"kind":"sunset","strength":0.84,"hard":false,"sector":"ring-r5c5"},"geometry":{"type":"Polygon","coordinates":[[[-83.55949864469889,37.73669466417593],[-83.55940882359084,37.73667690668889],[-83.5593414577598,37.73655260416036],[-83.55943127886786,37.73660587669815],[-83.55949864469889,37.73669466417593]]]}},{"type":"Feature","properties":{"kind":"sunset","strength":0.84,"hard":false,"sector":"ring-r5c5"},"geometry":{"type":"Polygon","coordinates":[[[-83.56091332715076,37.7669472343084],[-83.56102560353582,37.766787482100206],[-83.56109296936687,37.766787482100206],[-83.56118279047493,37.76687623336958],[-83.56104805881283,37.76687623336958],[-83.56091332715076,37.7669472343084]]]}},{"type":"Feature","properties":{"kind":"sunset","strength":0.84,"hard":false,"sector":"ring-r5c5"},"geometry":{"type":"Polygon","coordinates":[[[-83.56091332715076,37.7669472343084],[-83.56089087187375,37.76714248653866],[-83.56086841659673,37.76714248653866],[-83.56086841659673,37.76696498453246],[-83.56089087187375,37.76696498453246],[-83.56089087187375,37.7669472343084],[-83.56091332715076,37.7669472343084]]]}},{"type":"Feature","properties":{"kind":"sunset","strength":0.84,"hard":false,"sector":"ring-r5c5"},"geometry":{"type":"Polygon","coordinates":[[[-83.56140734324507,37.765953214961854],[-83.561317522137,37.76602421678683],[-83.56102560353582,37.76600646633698],[-83.56091332715076,37.765935464494966],[-83.56091332715076,37.76584671209658],[-83.56093578242776,37.765917714023814],[-83.56109296936687,37.765917714023814],[-83.56113787992089,37.765811211107405],[-83.56113787992089,37.765882213068714],[-83.56125015630596,37.76584671209658],[-83.56127261158296,37.765953214961854],[-83.56140734324507,37.765953214961854]]]}},{"type":"Feature","properties":{"kind":"sunset","strength":0.84,"hard":false,"sector":"ring-r5c5"},"geometry":{"type":"Polygon","coordinates":[[[-83.56185644878533,37.73916291343172],[-83.56190135933937,37.73914515653672],[-83.56190135933937,37.73921618409116],[-83.5619687251704,37.739251697842825],[-83.56203609100145,37.73923394096912],[-83.56208100155547,37.739251697842825],[-83.56201363572443,37.73928721157745],[-83.56187890406235,37.739269454712264],[-83.56185644878533,37.73916291343172]]]}},{"type":"Feature","properties":{"kind":"sunset","strength":0.84,"hard":false,"sector":"ring-r5c5"},"geometry":{"type":"Polygon","coordinates":[[[-83.5623055543256,37.7673732385098],[-83.56217082266353,37.76726673768952],[-83.56217082266353,37.767071485787305],[-83.56223818849458,37.76696498453246],[-83.56223818849458,37.76687623336958],[-83.56235046487964,37.766787482100206],[-83.56244028598769,37.766787482100206],[-83.56255256237277,37.76687623336958],[-83.56244028598769,37.76687623336958],[-83.56237292015665,37.7669472343084],[-83.5623055543256,37.76714248653866],[-83.5623055543256,37.7673732385098]]]}},{"type":"Feature","properties":{"kind":"sunset","strength":0.84,"hard":false,"sector":"ring-r5c5"},"geometry":{"type":"Polygon","coordinates":[[[-83.562934302082,37.76659222893266],[-83.56284448097394,37.76652122765301],[-83.56284448097394,37.76643247595759],[-83.56288939152797,37.766379224889214],[-83.56300166791304,37.766379224889214],[-83.56311394429811,37.766467976648535],[-83.56297921263601,37.766467976648535],[-83.562934302082,37.76659222893266]]]}},{"type":"Feature","properties":{"kind":"sunset","strength":0.84,"hard":false,"sector":"ring-r5c5"},"geometry":{"type":"Polygon","coordinates":[[[-83.56383251316254,37.74024607597225],[-83.56372023677747,37.74015729275376],[-83.5635855051154,37.74015729275376],[-83.56347322873033,37.74005075275101],[-83.56336095234525,37.74001523938269],[-83.56329358651423,37.7398554290144],[-83.56318131012914,37.73976664532738],[-83.56315885485213,37.739535807242795],[-83.56318131012914,37.73966010476241],[-83.56329358651423,37.73983767228551],[-83.5636079603924,37.74005075275101],[-83.56365287094644,37.740121779436556],[-83.56378760260851,37.74013953609728],[-83.5638998789936,37.740228319337064],[-83.56401215537866,37.74024607597225],[-83.56383251316254,37.74024607597225]]]}},{"type":"Feature","properties":{"kind":"sunset","strength":0.84,"hard":false,"sector":"ring-r5c5"},"geometry":{"type":"Polygon","coordinates":[[[-83.56376514733151,37.76684073287461],[-83.56372023677747,37.76659222893266],[-83.56376514733151,37.76653897797931],[-83.56376514733151,37.76643247595759],[-83.56385496843957,37.766414725605735],[-83.56396724482464,37.766485726987625],[-83.5638998789936,37.76650347732245],[-83.56387742371658,37.76666323014414],[-83.56378760260851,37.76673423128745],[-83.56376514733151,37.76684073287461]]]}},{"type":"Feature","properties":{"kind":"sunset","strength":0.84,"hard":false,"sector":"ring-r5c5"},"geometry":{"type":"Polygon","coordinates":[[[-83.56419179759477,37.76561595536234],[-83.56410197648671,37.76561595536234],[-83.56387742371658,37.766237221852755],[-83.56376514733151,37.76613071939648],[-83.56376514733151,37.766059717673755],[-83.56385496843957,37.765935464494966],[-83.56387742371658,37.765722458559914],[-83.56394478954763,37.765651456445234],[-83.56396724482464,37.76552720258053],[-83.56405706593267,37.765509452011386],[-83.56419179759477,37.76561595536234]]]}},{"type":"Feature","properties":{"kind":"sunset","strength":0.84,"hard":false,"sector":"ring-r5c5"},"geometry":{"type":"Polygon","coordinates":[[[-83.56450617147296,37.765314195469635],[-83.56437143981087,37.765314195469635],[-83.5642591634258,37.76542069910176],[-83.5642591634258,37.765509452011386],[-83.56412443176372,37.76540294850706],[-83.56414688704074,37.76529644484937],[-83.5642591634258,37.765207691684125],[-83.56437143981087,37.765207691684125],[-83.56450617147296,37.765314195469635]]]}},{"type":"Feature","properties":{"kind":"sunset","strength":1.0,"hard":false,"sector":"ring-r5c5"},"geometry":{"type":"Polygon","coordinates":[[[-83.52860018352797,37.74530654340491],[-83.52862263880498,37.74520001081363],[-83.528690004636,37.745164499915795],[-83.52886964685213,37.745164499915795],[-83.52889210212913,37.74520001081363],[-83.52889210212913,37.74523552169442],[-83.5288247362981,37.74523552169442],[-83.528667549359,37.74532429882187],[-83.52860018352797,37.74530654340491]]]}},{"type":"Feature","properties":{"kind":"sunset","strength":1.0,"hard":false,"sector":"ring-r5c5"},"geometry":{"type":"Polygon","coordinates":[[[-83.52877982574407,37.74365527100814],[-83.52864509408198,37.74354873604004],[-83.52864509408198,37.74345995678283],[-83.528690004636,37.743442200918615],[-83.528690004636,37.74338893330037],[-83.52886964685213,37.74326464204212],[-83.5290043785142,37.74322913021571],[-83.52918402073033,37.74333566564383],[-83.52920647600733,37.743406689177384],[-83.52898192323718,37.74345995678283],[-83.52886964685213,37.74353098019712],[-83.52877982574407,37.74365527100814]]]}},{"type":"Feature","properties":{"kind":"sunset","strength":1.0,"hard":false,"sector":"ring-r5c5"},"geometry":{"type":"Polygon","coordinates":[[[-83.52871245991302,37.74537756504723],[-83.52877982574407,37.74530654340491],[-83.52886964685213,37.745288787983675],[-83.52884719157511,37.74534205423458],[-83.52877982574407,37.745359809643034],[-83.52889210212913,37.745359809643034],[-83.52886964685213,37.74539532044716],[-83.528690004636,37.74541307584283],[-83.52875737046706,37.74539532044716],[-83.52871245991302,37.74537756504723]]]}},{"type":"Feature","properties":{"kind":"sunset","strength":1.0,"hard":false,"sector":"ring-r5c5"},"geometry":{"type":"Polygon","coordinates":[[[-83.52886964685213,37.74363751519077],[-83.5290043785142,37.74351322434994],[-83.52918402073033,37.743442200918615],[-83.52918402073033,37.7434777126428],[-83.52909419962226,37.74349546849849],[-83.5290043785142,37.743584247713116],[-83.52886964685213,37.74363751519077]]]}},{"type":"Feature","properties":{"kind":"sunset","strength":1.0,"hard":false,"sector":"ring-r5c5"},"geometry":{"type":"Polygon","coordinates":[[[-83.55770222253778,37.76258054975792],[-83.55756749087571,37.76249179333357],[-83.55756749087571,37.76240303680271],[-83.55761240142974,37.76236753416054],[-83.55772467781482,37.76236753416054],[-83.55783695419987,37.762438539427826],[-83.55783695419987,37.76249179333357],[-83.55770222253778,37.76254504720096],[-83.55770222253778,37.76258054975792]]]}},{"type":"Feature","properties":{"kind":"sunset","strength":1.0,"hard":false,"sector":"ring-r5c5"},"geometry":{"type":"Polygon","coordinates":[[[-83.55893726277355,37.76222552342147],[-83.55907199443563,37.76206576101411],[-83.5592067260977,37.76206576101411],[-83.55925163665174,37.76210126380112],[-83.55916181554367,37.762278777480574],[-83.55907199443563,37.76233203150133],[-83.55907199443563,37.76238528548375],[-83.55893726277355,37.76238528548375],[-83.55893726277355,37.76222552342147]]]}},{"type":"Feature","properties":{"kind":"sunset","strength":1.0,"hard":false,"sector":"ring-r5c5"},"geometry":{"type":"Polygon","coordinates":[[[-83.55963337636096,37.73674793661149],[-83.5593414577598,37.73655260416036],[-83.5593414577598,37.73637502875757],[-83.55940882359084,37.73637502875757],[-83.55954355525292,37.736534846639245],[-83.55979056330008,37.73667690668889],[-83.55981301857709,37.73673017913723],[-83.55963337636096,37.73674793661149]]]}},{"type":"Feature","properties":{"kind":"sunset","strength":1.0,"hard":false,"sector":"ring-r5c5"},"geometry":{"type":"Polygon","coordinates":[[[-83.56091332715076,37.767160236715846],[-83.56089087187375,37.76698273475225],[-83.5610031482588,37.76689398361068],[-83.56113787992089,37.76687623336958],[-83.561317522137,37.76698273475225],[-83.56125015630596,37.767071485787305],[-83.56111542464389,37.7671069861715],[-83.5609806929818,37.76719573705744],[-83.56091332715076,37.767160236715846]]]}},{"type":"Feature","properties":{"kind":"sunset","strength":1.0,"hard":false,"sector":"ring-r5c5"},"geometry":{"type":"Polygon","coordinates":[[[-83.56095823770478,37.765722458559914],[-83.56113787992089,37.765775710101195],[-83.56109296936687,37.765917714023814],[-83.56093578242776,37.765917714023814],[-83.56091332715076,37.76574020907793],[-83.56095823770478,37.765722458559914]]]}},{"type":"Feature","properties":{"kind":"sunset","strength":1.0,"hard":false,"sector":"ring-r5c5"},"geometry":{"type":"Polygon","coordinates":[[[-83.56127261158296,37.76584671209658],[-83.56133997741402,37.7657579595917],[-83.56142979852207,37.7657579595917],[-83.56154207490715,37.76586446258477],[-83.56140734324507,37.765953214961854],[-83.56127261158296,37.765953214961854],[-83.56127261158296,37.76584671209658]]]}},{"type":"Feature","properties":{"kind":"sunset","strength":1.0,"hard":false,"sector":"ring-r5c5"},"geometry":{"type":"Polygon","coordinates":[[[-83.56190135933937,37.73921618409116],[-83.56192381461639,37.73910964273394],[-83.56205854627846,37.73910964273394],[-83.56212591210951,37.73914515653672],[-83.56212591210951,37.73919842720894],[-83.56203609100145,37.739251697842825],[-83.56190135933937,37.73921618409116]]]}},{"type":"Feature","properties":{"kind":"sunset","strength":1.0,"hard":false,"sector":"ring-r5c5"},"geometry":{"type":"Polygon","coordinates":[[[-83.56248519654173,37.767497489272955],[-83.5623055543256,37.7673732385098],[-83.56232800960261,37.76705373558881],[-83.56244028598769,37.76687623336958],[-83.56255256237277,37.76687623336958],[-83.56266483875783,37.7669472343084],[-83.5626423834808,37.767071485787305],[-83.56255256237277,37.767160236715846],[-83.56250765181873,37.76746198907621],[-83.56248519654173,37.767497489272955]]]}},{"type":"Feature","properties":{"kind":"sunset","strength":1.0,"hard":false,"sector":"ring-r5c5"},"geometry":{"type":"Polygon","coordinates":[[[-83.56302412319005,37.766680980436355],[-83.562934302082,37.76659222893266],[-83.56297921263601,37.766467976648535],[-83.56311394429811,37.766467976648535],[-83.5632486759602,37.76655672830135],[-83.5632486759602,37.76662772954692],[-83.56318131012914,37.76662772954692],[-83.56315885485213,37.76666323014414],[-83.56302412319005,37.766680980436355]]]}},{"type":"Feature","properties":{"kind":"sunset","strength":1.0,"hard":false,"sector":"ring-r5c5"},"geometry":{"type":"Polygon","coordinates":[[[-83.56387742371658,37.740210562697634],[-83.56378760260851,37.74013953609728],[-83.56365287094644,37.740121779436556],[-83.5636079603924,37.74005075275101],[-83.56329358651423,37.73983767228551],[-83.56318131012914,37.73966010476241],[-83.56315885485213,37.73935823899559],[-83.5632486759602,37.73935823899559],[-83.56336095234525,37.73948253681336],[-83.5634283181763,37.73950029362742],[-83.56351813928437,37.73960683442241],[-83.5635855051154,37.73962459120666],[-83.5635855051154,37.73966010476241],[-83.56385496843957,37.7398554290144],[-83.56401215537866,37.74003299606899],[-83.56412443176372,37.7400862661023],[-83.56412443176372,37.740228319337064],[-83.56401215537866,37.74024607597225],[-83.56387742371658,37.740210562697634]],[[-83.56403461065567,37.740104022771554],[-83.56383251316254,37.73992645588735],[-83.56383251316254,37.73989094245938],[-83.56340586289927,37.73957132084113],[-83.5634283181763,37.73964234798666],[-83.56378760260851,37.73992645588735],[-83.56378760260851,37.739961969298264],[-83.56403461065567,37.740104022771554]]]}},{"type":"Feature","properties":{"kind":"sunset","strength":1.0,"hard":false,"sector":"ring-r5c5"},"geometry":{"type":"Polygon","coordinates":[[[-83.56374269205449,37.767160236715846],[-83.56378760260851,37.76673423128745],[-83.56387742371658,37.76666323014414],[-83.5638998789936,37.76650347732245],[-83.56403461065567,37.76643247595759],[-83.56410197648671,37.76643247595759],[-83.56421425287178,37.76659222893266],[-83.5642367081488,37.76669873072432],[-83.56412443176372,37.766787482100206],[-83.56405706593267,37.76691173384751],[-83.56394478954763,37.76698273475225],[-83.56394478954763,37.76703598538605],[-83.5638998789936,37.76703598538605],[-83.56383251316254,37.76717798688878],[-83.56374269205449,37.767160236715846]]]}},{"type":"Feature","properties":{"kind":"sunset","strength":1.0,"hard":false,"sector":"ring-r5c5"},"geometry":{"type":"Polygon","coordinates":[[[-83.56398970010166,37.76632597378249],[-83.5638998789936,37.766237221852755],[-83.5638998789936,37.76613071939648],[-83.56396724482464,37.76604196723241],[-83.56398970010166,37.76586446258477],[-83.56410197648671,37.76561595536234],[-83.56419179759477,37.76561595536234],[-83.56430407397984,37.7656869575111],[-83.56432652925686,37.76582896160413],[-83.56432652925686,37.765882213068714],[-83.5642591634258,37.765935464494966],[-83.5642591634258,37.766059717673755],[-83.56421425287178,37.76609521854364],[-83.5642367081488,37.76620172105104],[-83.56414688704074,37.76625497224723],[-83.56410197648671,37.76636147452457],[-83.56398970010166,37.76632597378249]]]}},{"type":"Feature","properties":{"kind":"sunset","strength":1.0,"hard":false,"sector":"ring-r5c5"},"geometry":{"type":"Polygon","coordinates":[[[-83.56439389508789,37.76563370590592],[-83.5642591634258,37.765509452011386],[-83.5642591634258,37.76542069910176],[-83.56437143981087,37.765314195469635],[-83.56450617147296,37.765314195469635],[-83.56466335841206,37.765438449692205],[-83.56446126091893,37.76561595536234],[-83.56439389508789,37.76563370590592]]]}},{"type":"Feature","properties":{"kind":"sunset","strength":1.0,"hard":true,"sector":"ring-r5c5"},"geometry":{"type":"Polygon","coordinates":[[[-83.52871245991302,37.74523552169442],[-83.52880228102109,37.745217766256154],[-83.5288247362981,37.745253277128434],[-83.528667549359,37.74530654340491],[-83.528667549359,37.74527103255818],[-83.52871245991302,37.74523552169442]]]}},{"type":"Feature","properties":{"kind":"sunset","strength":1.0,"hard":true,"sector":"ring-r5c5"},"geometry":{"type":"Polygon","coordinates":[[[-83.52871245991302,37.74537756504723],[-83.52877982574407,37.74530654340491],[-83.52886964685213,37.745288787983675],[-83.5288247362981,37.745359809643034],[-83.52871245991302,37.74537756504723]]]}},{"type":"Feature","properties":{"kind":"sunset","strength":1.0,"hard":true,"sector":"ring-r5c5"},"geometry":{"type":"Polygon","coordinates":[[[-83.52891455740615,37.7434777126428],[-83.5290043785142,37.743406689177384],[-83.52904928906824,37.743406689177384],[-83.52904928906824,37.74338893330037],[-83.52913911017629,37.74337117741913],[-83.52913911017629,37.743406689177384],[-83.5290268337912,37.743424445050124],[-83.52895946796019,37.74349546849849],[-83.52884719157511,37.74353098019712],[-83.52884719157511,37.74349546849849],[-83.52891455740615,37.7434777126428]]]}},{"type":"Feature","properties":{"kind":"sunset","strength":1.0,"hard":true,"sector":"ring-r5c5"},"geometry":{"type":"Polygon","coordinates":[[[-83.52884719157511,37.74353098019712],[-83.52884719157511,37.743584247713116],[-83.52880228102109,37.74361975936915],[-83.52877982574407,37.743584247713116],[-83.52884719157511,37.74353098019712]]]}},{"type":"Feature","properties":{"kind":"sunset","strength":1.0,"hard":true,"sector":"ring-r5c5"},"geometry":{"type":"Polygon","coordinates":[[[-83.52886964685213,37.74360200354325],[-83.5290043785142,37.74351322434994],[-83.52904928906824,37.74351322434994],[-83.52907174434525,37.7434777126428],[-83.52918402073033,37.743442200918615],[-83.52918402073033,37.7434777126428],[-83.52909419962226,37.74349546849849],[-83.5290043785142,37.743584247713116],[-83.52895946796019,37.743584247713116],[-83.52891455740615,37.74363751519077],[-83.52886964685213,37.74363751519077],[-83.52886964685213,37.74360200354325]]]}},{"type":"Feature","properties":{"kind":"sunset","strength":1.0,"hard":true,"sector":"ring-r5c5"},"geometry":{"type":"Polygon","coordinates":[[[-83.55776958836883,37.76249179333357],[-83.55779204364583,37.76247404203592],[-83.55779204364583,37.76250954462696],[-83.55770222253778,37.76254504720096],[-83.55770222253778,37.76250954462696],[-83.55776958836883,37.76249179333357]]]}},{"type":"Feature","properties":{"kind":"sunset","strength":1.0,"hard":true,"sector":"ring-r5c5"},"geometry":{"type":"Polygon","coordinates":[[[-83.55907199443563,37.7622610261318],[-83.55911690498966,37.76224327477876],[-83.55916181554367,37.762136766571096],[-83.5592067260977,37.762136766571096],[-83.5592067260977,37.762172269324026],[-83.55916181554367,37.76220777205991],[-83.55916181554367,37.7622610261318],[-83.55907199443563,37.76233203150133],[-83.55907199443563,37.76238528548375],[-83.5590270838816,37.76238528548375],[-83.5590270838816,37.76231428016534],[-83.55904953915862,37.76231428016534],[-83.55907199443563,37.7622610261318]]]}},{"type":"Feature","properties":{"kind":"sunset","strength":1.0,"hard":true,"sector":"ring-r5c5"},"geometry":{"type":"Polygon","coordinates":[[[-83.559678286915,37.736659149197585],[-83.55958846580694,37.73664139170204],[-83.5595210999759,37.736588119189804],[-83.55947618942189,37.73649933158424],[-83.55938636831382,37.73644605896979],[-83.55936391303682,37.73637502875757],[-83.55943127886786,37.73639278631701],[-83.55943127886786,37.736428301423125],[-83.55949864469889,37.736463816512206],[-83.55949864469889,37.73649933158424],[-83.559678286915,37.73664139170204],[-83.55974565274605,37.736659149197585],[-83.55976810802306,37.7367124216587],[-83.55970074219202,37.73669466417593],[-83.559678286915,37.736659149197585]]]}},{"type":"Feature","properties":{"kind":"sunset","strength":1.0,"hard":true,"sector":"ring-r5c5"},"geometry":{"type":"Polygon","coordinates":[[[-83.5609806929818,37.765722458559914],[-83.56102560353582,37.765722458559914],[-83.56109296936687,37.765775710101195],[-83.56107051408986,37.76579346060643],[-83.5610031482588,37.765775710101195],[-83.5609806929818,37.765722458559914]]]}},{"type":"Feature","properties":{"kind":"sunset","strength":1.0,"hard":true,"sector":"ring-r5c5"},"geometry":{"type":"Polygon","coordinates":[[[-83.56107051408986,37.76708923598154],[-83.56113787992089,37.767071485787305],[-83.56113787992089,37.7671069861715],[-83.56109296936687,37.76714248653866],[-83.5610031482588,37.767160236715846],[-83.5610031482588,37.76712473635722],[-83.56104805881283,37.76712473635722],[-83.56107051408986,37.76708923598154]]]}},{"type":"Feature","properties":{"kind":"sunset","strength":1.0,"hard":true,"sector":"ring-r5c5"},"geometry":{"type":"Polygon","coordinates":[[[-83.56122770102895,37.76701823517906],[-83.56127261158296,37.76701823517906],[-83.56127261158296,37.76703598538605],[-83.56120524575195,37.76708923598154],[-83.56116033519793,37.76708923598154],[-83.56118279047493,37.76703598538605],[-83.56122770102895,37.76703598538605],[-83.56122770102895,37.76701823517906]]]}},{"type":"Feature","properties":{"kind":"sunset","strength":1.0,"hard":true,"sector":"ring-r5c5"},"geometry":{"type":"Polygon","coordinates":[[[-83.56145225379909,37.765775710101195],[-83.56147470907611,37.76579346060643],[-83.56149716435313,37.76582896160413],[-83.56140734324507,37.765811211107405],[-83.56140734324507,37.765775710101195],[-83.56145225379909,37.765775710101195]]]}},{"type":"Feature","properties":{"kind":"sunset","strength":1.0,"hard":true,"sector":"ring-r5c5"},"geometry":{"type":"Polygon","coordinates":[[[-83.56201363572443,37.73910964273394],[-83.56208100155547,37.73912739963746],[-83.56208100155547,37.73916291343172],[-83.56201363572443,37.73914515653672],[-83.56201363572443,37.73910964273394]]]}},{"type":"Feature","properties":{"kind":"sunset","strength":1.0,"hard":true,"sector":"ring-r5c5"},"geometry":{"type":"Polygon","coordinates":[[[-83.5626423834808,37.767071485787305],[-83.5625974729268,37.76708923598154],[-83.56261992820382,37.76700048496778],[-83.5626423834808,37.76700048496778],[-83.5626423834808,37.767071485787305]]]}},{"type":"Feature","properties":{"kind":"sunset","strength":1.0,"hard":true,"sector":"ring-r5c5"},"geometry":{"type":"Polygon","coordinates":[[[-83.5625974729268,37.76708923598154],[-83.5625974729268,37.76712473635722],[-83.56255256237277,37.767160236715846],[-83.56253010709575,37.76739098863161],[-83.56250765181873,37.76739098863161],[-83.56250765181873,37.76746198907621],[-83.56248519654173,37.76746198907621],[-83.56250765181873,37.76717798688878],[-83.56253010709575,37.76717798688878],[-83.56255256237277,37.7671069861715],[-83.5625974729268,37.76708923598154]]]}},{"type":"Feature","properties":{"kind":"sunset","strength":1.0,"hard":true,"sector":"ring-r5c5"},"geometry":{"type":"Polygon","coordinates":[[[-83.56315885485213,37.76659222893266],[-83.56320376540617,37.76659222893266],[-83.56320376540617,37.76662772954692],[-83.56315885485213,37.76666323014414],[-83.56309148902109,37.76666323014414],[-83.56311394429811,37.76660997924192],[-83.56315885485213,37.76660997924192],[-83.56315885485213,37.76659222893266]]]}},{"type":"Feature","properties":{"kind":"sunset","strength":1.0,"hard":true,"sector":"ring-r5c5"},"geometry":{"type":"Polygon","coordinates":[[[-83.56401215537866,37.74005075275101],[-83.56385496843957,37.73994421259493],[-83.56385496843957,37.7399086991755],[-83.56365287094644,37.73976664532738],[-83.56365287094644,37.739731131822765],[-83.56354059456137,37.73964234798666],[-83.56347322873033,37.73962459120666],[-83.56347322873033,37.7395890776339],[-83.56336095234525,37.739535807242795],[-83.56333849706824,37.73948253681336],[-83.5634283181763,37.73950029362742],[-83.56349568400734,37.73955356404409],[-83.56349568400734,37.7395890776339],[-83.56374269205449,37.73976664532738],[-83.56374269205449,37.73980215881497],[-83.56401215537866,37.73999748269214],[-83.56401215537866,37.74005075275101]]]}},{"type":"Feature","properties":{"kind":"sunset","strength":1.0,"hard":true,"sector":"ring-r5c5"},"geometry":{"type":"Polygon","coordinates":[[[-83.56333849706824,37.73948253681336],[-83.5632486759602,37.73942926634559],[-83.56322622068318,37.73937599583948],[-83.5632711312372,37.73937599583948],[-83.56333849706824,37.73942926634559],[-83.56333849706824,37.73948253681336]]]}},{"type":"Feature","properties":{"kind":"sunset","strength":1.0,"hard":true,"sector":"ring-r5c5"},"geometry":{"type":"Polygon","coordinates":[[[-83.56387742371658,37.7400862661023],[-83.56369778150045,37.73994421259493],[-83.56369778150045,37.7399086991755],[-83.56354059456137,37.73980215881497],[-83.56354059456137,37.73976664532738],[-83.56340586289927,37.739677861533885],[-83.56338340762227,37.73962459120666],[-83.5634283181763,37.73962459120666],[-83.5635630498384,37.739731131822765],[-83.5635630498384,37.73976664532738],[-83.56376514733151,37.7399086991755],[-83.56376514733151,37.73994421259493],[-83.5638998789936,37.74005075275101],[-83.56394478954763,37.74005075275101],[-83.56398970010166,37.7400862661023],[-83.56398970010166,37.740121779436556],[-83.56387742371658,37.7400862661023]]]}},{"type":"Feature","properties":{"kind":"sunset","strength":1.0,"hard":true,"sector":"ring-r5c5"},"geometry":{"type":"Polygon","coordinates":[[[-83.56383251316254,37.76708923598154],[-83.56385496843957,37.76708923598154],[-83.56385496843957,37.767160236715846],[-83.56378760260851,37.76717798688878],[-83.56383251316254,37.76708923598154]]]}},{"type":"Feature","properties":{"kind":"sunset","strength":1.0,"hard":true,"sector":"ring-r5c5"},"geometry":{"type":"Polygon","coordinates":[[[-83.56387742371658,37.76698273475225],[-83.56401215537866,37.76687623336958],[-83.56401215537866,37.76684073287461],[-83.56405706593267,37.76684073287461],[-83.56410197648671,37.76673423128745],[-83.56416934231775,37.76671648100802],[-83.56416934231775,37.76660997924192],[-83.56412443176372,37.76659222893266],[-83.56412443176372,37.76655672830135],[-83.56407952120969,37.76652122765301],[-83.56407952120969,37.766467976648535],[-83.56412443176372,37.766467976648535],[-83.56414688704074,37.76653897797931],[-83.56421425287178,37.76659222893266],[-83.5642367081488,37.76669873072432],[-83.56412443176372,37.766787482100206],[-83.56412443176372,37.766822982620745],[-83.56403461065567,37.76689398361068],[-83.56403461065567,37.76692948408009],[-83.56398970010166,37.76696498453246],[-83.56394478954763,37.76696498453246],[-83.56394478954763,37.76703598538605],[-83.5638998789936,37.76703598538605],[-83.5638998789936,37.767071485787305],[-83.56387742371658,37.767071485787305],[-83.56387742371658,37.76698273475225]]]}},{"type":"Feature","properties":{"kind":"sunset","strength":1.0,"hard":true,"sector":"ring-r5c5"},"geometry":{"type":"Polygon","coordinates":[[[-83.56412443176372,37.74015729275376],[-83.56403461065567,37.740104022771554],[-83.56403461065567,37.74005075275101],[-83.56410197648671,37.74006850942879],[-83.56412443176372,37.74015729275376]]]}},{"type":"Feature","properties":{"kind":"sunset","strength":1.0,"hard":true,"sector":"ring-r5c5"},"geometry":{"type":"Polygon","coordinates":[[[-83.56412443176372,37.76620172105104],[-83.56421425287178,37.766148469816514],[-83.56421425287178,37.766219471454036],[-83.56416934231775,37.766219471454036],[-83.56414688704074,37.766308223405076],[-83.56407952120969,37.76632597378249],[-83.56412443176372,37.76620172105104]]]}},{"type":"Feature","properties":{"kind":"sunset","strength":1.0,"hard":true,"sector":"ring-r5c5"},"geometry":{"type":"Polygon","coordinates":[[[-83.56419179759477,37.766059717673755],[-83.56419179759477,37.76597096542449],[-83.5642591634258,37.76589996354839],[-83.5642591634258,37.76579346060643],[-83.56430407397984,37.7657579595917],[-83.56432652925686,37.765882213068714],[-83.5642591634258,37.765917714023814],[-83.5642591634258,37.76604196723241],[-83.5642367081488,37.76604196723241],[-83.56421425287178,37.766112968972195],[-83.56416934231775,37.76609521854364],[-83.56416934231775,37.766059717673755],[-83.56419179759477,37.766059717673755]]]}},{"type":"Feature","properties":{"kind":"sunset","strength":1.0,"hard":true,"sector":"ring-r5c5"},"geometry":{"type":"Polygon","coordinates":[[[-83.56443880564191,37.7655982048145],[-83.564573537304,37.7654562002784],[-83.56461844785804,37.7654562002784],[-83.56459599258102,37.765509452011386],[-83.56450617147296,37.7655804542624],[-83.56443880564191,37.7655982048145]]]}}]}
