{"type":"FeatureCollection","name":"RRG LiDAR sunrise/sunset ring-r1c5","features":[{"type":"Feature","properties":{"kind":"sunrise","strength":0.2,"hard":false,"sector":"ring-r1c5"},"geometry":{"type":"Polygon","coordinates":[[[-83.52855527297393,37.89841617712075],[-83.52826335437275,37.89843389493727],[-83.52826335437275,37.89841617712075],[-83.52855527297393,37.89841617712075]]]}},{"type":"Feature","properties":{"kind":"sunrise","strength":0.2,"hard":false,"sector":"ring-r1c5"},"geometry":{"type":"Polygon","coordinates":[[[-83.52877982574407,37.89884140354011],[-83.5288247362981,37.89884140354011],[-83.52889210212913,37.898912274371156],[-83.52884719157511,37.898912274371156],[-83.52877982574407,37.89884140354011]]]}},{"type":"Feature","properties":{"kind":"sunrise","strength":0.2,"hard":false,"sector":"ring-r1c5"},"geometry":{"type":"Polygon","coordinates":[[[-83.52909419962226,37.89905401582853],[-83.52891455740615,37.89892999206826],[-83.52907174434525,37.89896542744966],[-83.52909419962226,37.898947709761096],[-83.52904928906824,37.89885912125427],[-83.52907174434525,37.89882368582168],[-83.52920647600733,37.89896542744966],[-83.52920647600733,37.89905401582853],[-83.52909419962226,37.89905401582853]]]}},{"type":"Feature","properties":{"kind":"sunrise","strength":0.2,"hard":false,"sector":"ring-r1c5"},"geometry":{"type":"Polygon","coordinates":[[[-83.52893701268317,37.89871737942156],[-83.5290268337912,37.89877053264082],[-83.5290268337912,37.89880596809898],[-83.52893701268317,37.898752814905336],[-83.52893701268317,37.89871737942156]]]}},{"type":"Feature","properties":{"kind":"sunrise","strength":0.2,"hard":false,"sector":"ring-r1c5"},"geometry":{"type":"Polygon","coordinates":[[[-83.53980536675783,37.9160610089113],[-83.53955835871066,37.91607872247954],[-83.53955835871066,37.9160610089113],[-83.53980536675783,37.9160610089113]]]}},{"type":"Feature","properties":{"kind":"sunrise","strength":0.2,"hard":false,"sector":"ring-r1c5"},"geometry":{"type":"Polygon","coordinates":[[[-83.54005237480499,37.91588387299428],[-83.53998500897394,37.915866159379114],[-83.54002991952797,37.915813018508025],[-83.54005237480499,37.915813018508025],[-83.54005237480499,37.91588387299428]]]}},{"type":"Feature","properties":{"kind":"sunrise","strength":0.2,"hard":false,"sector":"ring-r1c5"},"geometry":{"type":"Polygon","coordinates":[[[-83.54018710646706,37.91613186315867],[-83.5402544722981,37.91595472741227],[-83.54029938285213,37.91613186315867],[-83.5402320170211,37.916167290256766],[-83.54007483008198,37.916149576709856],[-83.54018710646706,37.91613186315867]]]}},{"type":"Feature","properties":{"kind":"sunrise","strength":0.2,"hard":false,"sector":"ring-r1c5"},"geometry":{"type":"Polygon","coordinates":[[[-83.54063621200734,37.91540560388761],[-83.54061375673032,37.91563588199381],[-83.54061375673032,37.91540560388761],[-83.54063621200734,37.91540560388761]]]}},{"type":"Feature","properties":{"kind":"sunrise","strength":0.2,"hard":false,"sector":"ring-r1c5"},"geometry":{"type":"Polygon","coordinates":[[[-83.54061375673032,37.91563588199381],[-83.54061375673032,37.915742163953524],[-83.54034429340616,37.915866159379114],[-83.5405913014533,37.91570673665069],[-83.54061375673032,37.91563588199381]]]}},{"type":"Feature","properties":{"kind":"sunrise","strength":0.2,"hard":false,"sector":"ring-r1c5"},"geometry":{"type":"Polygon","coordinates":[[[-83.54068112256137,37.91519303884204],[-83.54083830950044,37.91503361465476],[-83.54081585422344,37.91496275934951],[-83.54065866728436,37.915015900834845],[-83.54061375673032,37.91499818701066],[-83.54083830950044,37.914891903976],[-83.54095058588553,37.914891903976],[-83.54095058588553,37.91499818701066],[-83.54068112256137,37.91519303884204]]]}},{"type":"Feature","properties":{"kind":"sunrise","strength":0.2,"hard":false,"sector":"ring-r1c5"},"geometry":{"type":"Polygon","coordinates":[[[-83.55518723151225,37.89637859977343],[-83.55507495512718,37.89632544482687],[-83.55496267874211,37.89648490955141],[-83.55500758929612,37.89632544482687],[-83.55489531291107,37.89630772650281],[-83.55476058124898,37.896431754681615],[-83.55471567069495,37.896431754681615],[-83.55491776818809,37.89623685316395],[-83.55505249985016,37.89616597975686],[-83.55518723151225,37.89616597975686],[-83.55536687372835,37.89627228984191],[-83.55534441845134,37.89630772650281],[-83.55527705262031,37.89625457150507],[-83.55518723151225,37.89625457150507],[-83.55518723151225,37.89637859977343]]]}},{"type":"Feature","properties":{"kind":"sunrise","strength":0.2,"hard":false,"sector":"ring-r1c5"},"geometry":{"type":"Polygon","coordinates":[[[-83.55496267874211,37.89648490955141],[-83.55496267874211,37.89652034610995],[-83.55489531291107,37.89655578265144],[-83.55489531291107,37.89652034610995],[-83.55496267874211,37.89648490955141]]]}},{"type":"Feature","properties":{"kind":"sunrise","strength":0.2,"hard":false,"sector":"ring-r1c5"},"geometry":{"type":"Polygon","coordinates":[[[-83.55491776818809,37.89873509716558],[-83.55496267874211,37.89873509716558],[-83.55503004457314,37.89880596809898],[-83.55498513401913,37.89880596809898],[-83.55491776818809,37.89873509716558]]]}},{"type":"Feature","properties":{"kind":"sunrise","strength":0.2,"hard":false,"sector":"ring-r1c5"},"geometry":{"type":"Polygon","coordinates":[[[-83.55520968678927,37.898947709761096],[-83.55505249985016,37.89882368582168],[-83.55520968678927,37.89885912125427],[-83.55523214206627,37.89884140354011],[-83.55523214206627,37.89877053264082],[-83.55518723151225,37.89873509716558],[-83.55520968678927,37.89869966167328],[-83.55534441845134,37.89884140354011],[-83.55534441845134,37.898947709761096],[-83.55520968678927,37.898947709761096]]]}},{"type":"Feature","properties":{"kind":"sunrise","strength":0.2,"hard":false,"sector":"ring-r1c5"},"geometry":{"type":"Polygon","coordinates":[[[-83.55507495512718,37.89859335509403],[-83.55516477623524,37.89864650840285],[-83.55516477623524,37.89868194392073],[-83.55507495512718,37.89862879063751],[-83.55507495512718,37.89859335509403]]]}},{"type":"Feature","properties":{"kind":"sunrise","strength":0.2,"hard":false,"sector":"ring-r1c5"},"geometry":{"type":"Polygon","coordinates":[[[-83.55538932900537,37.896343163146646],[-83.55547915011343,37.89639631808042],[-83.55547915011343,37.896414036383156],[-83.55538932900537,37.89637859977343],[-83.55538932900537,37.896343163146646]]]}},{"type":"Feature","properties":{"kind":"sunrise","strength":0.2,"hard":false,"sector":"ring-r1c5"},"geometry":{"type":"Polygon","coordinates":[[[-83.55707347478142,37.92989400637384],[-83.55693874311932,37.92978774486497],[-83.55691628784231,37.9296637729105],[-83.55702856422738,37.9296637729105],[-83.55720820644349,37.929770034598555],[-83.55702856422738,37.929770034598555],[-83.55707347478142,37.92989400637384]]]}},{"type":"Feature","properties":{"kind":"sunrise","strength":0.2,"hard":false,"sector":"ring-r1c5"},"geometry":{"type":"Polygon","coordinates":[[[-83.55714084061245,37.91988704060141],[-83.55718575116647,37.91988704060141],[-83.55725311699752,37.91995789116317],[-83.55720820644349,37.91995789116317],[-83.55714084061245,37.91988704060141]]]}},{"type":"Feature","properties":{"kind":"sunrise","strength":0.2,"hard":false,"sector":"ring-r1c5"},"geometry":{"type":"Polygon","coordinates":[[[-83.55745521449063,37.92009959208195],[-83.55727557227452,37.919975603792956],[-83.55736539338258,37.920011029039706],[-83.55747766976765,37.920011029039706],[-83.5575450355987,37.919975603792956],[-83.5575450355987,37.91990475324825],[-83.55750012504465,37.9198693279503],[-83.55752258032169,37.9198339026353],[-83.55765731198376,37.919975603792956],[-83.55765731198376,37.92008187948204],[-83.55745521449063,37.92009959208195]]]}},{"type":"Feature","properties":{"kind":"sunrise","strength":0.2,"hard":false,"sector":"ring-r1c5"},"geometry":{"type":"Polygon","coordinates":[[[-83.5582186939091,37.89832758797418],[-83.55819623863209,37.8985224839559],[-83.55815132807805,37.89857563731589],[-83.558039051693,37.89861107286791],[-83.55799414113898,37.89869966167328],[-83.55761240142974,37.89873509716558],[-83.55752258032169,37.89868194392073],[-83.55738784865962,37.89868194392073],[-83.55783695419987,37.89861107286791],[-83.55792677530792,37.89848704836124],[-83.55815132807805,37.89841617712075],[-83.55817378335507,37.898345305812015],[-83.5582186939091,37.89832758797418]]]}},{"type":"Feature","properties":{"kind":"sunrise","strength":0.2,"hard":false,"sector":"ring-r1c5"},"geometry":{"type":"Polygon","coordinates":[[[-83.55738784865962,37.91972762658788],[-83.55747766976765,37.91978076463078],[-83.55747766976765,37.91981618997138],[-83.55738784865962,37.91976305195408],[-83.55738784865962,37.91972762658788]]]}},{"type":"Feature","properties":{"kind":"sunrise","strength":0.2,"hard":false,"sector":"ring-r1c5"},"geometry":{"type":"Polygon","coordinates":[[[-83.55765731198376,37.9198693279503],[-83.55770222253778,37.9198693279503],[-83.55776958836883,37.919940178529124],[-83.55772467781482,37.919940178529124],[-83.55765731198376,37.9198693279503]]]}},{"type":"Feature","properties":{"kind":"sunrise","strength":0.2,"hard":false,"sector":"ring-r1c5"},"geometry":{"type":"Polygon","coordinates":[[[-83.5578818647539,37.91609643604352],[-83.55765731198376,37.916114149603224],[-83.55765731198376,37.91609643604352],[-83.5578818647539,37.91609643604352]]]}},{"type":"Feature","properties":{"kind":"sunrise","strength":0.2,"hard":false,"sector":"ring-r1c5"},"geometry":{"type":"Polygon","coordinates":[[[-83.55797168586196,37.92971690377372],[-83.5578818647539,37.92971690377372],[-83.55776958836883,37.929770034598555],[-83.55792677530792,37.929646062614225],[-83.55810641752404,37.92962835231368],[-83.55808396224703,37.92975232432787],[-83.55794923058495,37.92985858588795],[-83.55799414113898,37.92978774486497],[-83.55797168586196,37.92971690377372]]]}},{"type":"Feature","properties":{"kind":"sunrise","strength":0.2,"hard":false,"sector":"ring-r1c5"},"geometry":{"type":"Polygon","coordinates":[[[-83.55792677530792,37.92008187948204],[-83.55779204364583,37.91995789116317],[-83.5578818647539,37.91999331641846],[-83.55801659641598,37.91995789116317],[-83.558039051693,37.91963906309773],[-83.558039051693,37.92008187948204],[-83.55792677530792,37.92008187948204]]]}},{"type":"Feature","properties":{"kind":"sunrise","strength":0.2,"hard":false,"sector":"ring-r1c5"},"geometry":{"type":"Polygon","coordinates":[[[-83.55889235221952,37.91668098126167],[-83.55884744166549,37.91657470065844],[-83.55875762055744,37.91659241410297],[-83.55875762055744,37.91668098126167],[-83.55873516528042,37.916610127543244],[-83.55866779944938,37.91659241410297],[-83.55875762055744,37.91646841990163],[-83.55875762055744,37.916379852487],[-83.55866779944938,37.91627357144866],[-83.55835342557118,37.91627357144866],[-83.55835342557118,37.91622043087192],[-83.55826360446314,37.91618500379941],[-83.55884744166549,37.916238144401746],[-83.55889235221952,37.91668098126167]]]}},{"type":"Feature","properties":{"kind":"sunrise","strength":0.2,"hard":false,"sector":"ring-r1c5"},"geometry":{"type":"Polygon","coordinates":[[[-83.55835342557118,37.91627357144866],[-83.55833097029418,37.91634442549128],[-83.55826360446314,37.916308998478506],[-83.55826360446314,37.91629128496572],[-83.55835342557118,37.91627357144866]]]}},{"type":"Feature","properties":{"kind":"sunrise","strength":0.2,"hard":false,"sector":"ring-r1c5"},"geometry":{"type":"Polygon","coordinates":[[[-83.55846570195625,37.8979555123942],[-83.55851061251029,37.897973230321604],[-83.55839833612522,37.89802638407824],[-83.55839833612522,37.898008666163626],[-83.55846570195625,37.8979555123942]]]}},{"type":"Feature","properties":{"kind":"sunrise","strength":0.2,"hard":false,"sector":"ring-r1c5"},"geometry":{"type":"Polygon","coordinates":[[[-83.55873516528042,37.92961064200887],[-83.55884744166549,37.929646062614225],[-83.55884744166549,37.929770034598555],[-83.55880253111148,37.92971690377372],[-83.55871271000342,37.92971690377372],[-83.55866779944938,37.929840875638604],[-83.55866779944938,37.92971690377372],[-83.55873516528042,37.92961064200887]]]}},{"type":"Feature","properties":{"kind":"sunrise","strength":0.2,"hard":false,"sector":"ring-r1c5"},"geometry":{"type":"Polygon","coordinates":[[[-83.55884744166549,37.92652898402041],[-83.55882498638847,37.92638729548993],[-83.55889235221952,37.92649356191338],[-83.55898217332758,37.92647585085348],[-83.5590046286046,37.92622789556679],[-83.5590270838816,37.926582117148946],[-83.55891480749654,37.926582117148946],[-83.55884744166549,37.92652898402041]]]}},{"type":"Feature","properties":{"kind":"sunrise","strength":0.2,"hard":false,"sector":"ring-r1c5"},"geometry":{"type":"Polygon","coordinates":[[[-83.5591842708207,37.897937794462514],[-83.55922918137472,37.897937794462514],[-83.55929654720576,37.898008666163626],[-83.55925163665174,37.898008666163626],[-83.5591842708207,37.897937794462514]]]}},{"type":"Feature","properties":{"kind":"sunrise","strength":0.2,"hard":false,"sector":"ring-r1c5"},"geometry":{"type":"Polygon","coordinates":[[[-83.55994775023916,37.897299946081716],[-83.55992529496216,37.897547998886616],[-83.55992529496216,37.897299946081716],[-83.55994775023916,37.897299946081716]]]}},{"type":"Feature","properties":{"kind":"sunrise","strength":0.2,"hard":false,"sector":"ring-r1c5"},"geometry":{"type":"Polygon","coordinates":[[[-83.55992529496216,37.897547998886616],[-83.55988038440813,37.89788464064191],[-83.559678286915,37.89802638407824],[-83.559655831638,37.89813269147638],[-83.55949864469889,37.898150409361136],[-83.55938636831382,37.89809725569406],[-83.55931900248278,37.89802638407824],[-83.55949864469889,37.898061819894686],[-83.55974565274605,37.89790235858637],[-83.55974565274605,37.897672024975584],[-83.55990283968514,37.897636588971494],[-83.55992529496216,37.897547998886616]]]}},{"type":"Feature","properties":{"kind":"sunrise","strength":0.2,"hard":false,"sector":"ring-r1c5"},"geometry":{"type":"Polygon","coordinates":[[[-83.55979056330008,37.917424941184485],[-83.55988038440813,37.91747808089103],[-83.55988038440813,37.917513507340736],[-83.55979056330008,37.91746036765978],[-83.55979056330008,37.917424941184485]]]}},{"type":"Feature","properties":{"kind":"sunrise","strength":0.2,"hard":false,"sector":"ring-r1c5"},"geometry":{"type":"Polygon","coordinates":[[[-83.55994775023916,37.926652961260615],[-83.55979056330008,37.92652898402041],[-83.5600151160702,37.926564406110366],[-83.56010493717827,37.92642271764815],[-83.56010493717827,37.92635187331465],[-83.56006002662423,37.926316451122304],[-83.56008248190126,37.926281028912896],[-83.56021721356333,37.92642271764815],[-83.56019475828633,37.92659982818326],[-83.56010493717827,37.92667067227786],[-83.55994775023916,37.926652961260615]]]}},{"type":"Feature","properties":{"kind":"sunrise","strength":0.2,"hard":false,"sector":"ring-r1c5"},"geometry":{"type":"Polygon","coordinates":[[[-83.5603070346714,37.917531220559184],[-83.56019475828633,37.91749579411801],[-83.56003757134722,37.917548933773375],[-83.55990283968514,37.917548933773375],[-83.5603070346714,37.917424941184485],[-83.56039685577944,37.917424941184485],[-83.56044176633347,37.91744265442426],[-83.56044176633347,37.917531220559184],[-83.5603070346714,37.91767292615325],[-83.5603070346714,37.917531220559184]]]}},{"type":"Feature","properties":{"kind":"sunrise","strength":0.2,"hard":false,"sector":"ring-r1c5"},"geometry":{"type":"Polygon","coordinates":[[[-83.55994775023916,37.926174762182285],[-83.56003757134722,37.92622789556679],[-83.56003757134722,37.9262633178018],[-83.55994775023916,37.926210184442894],[-83.55994775023916,37.926174762182285]]]}},{"type":"Feature","properties":{"kind":"sunrise","strength":0.2,"hard":false,"sector":"ring-r1c5"},"geometry":{"type":"Polygon","coordinates":[[[-83.5603294899484,37.926281028912896],[-83.56055404271854,37.926316451122304],[-83.5606438638266,37.92624560668642],[-83.5606663191036,37.92615705104559],[-83.56057649799554,37.926015361798406],[-83.5606663191036,37.92610391760989],[-83.56075614021167,37.9260507841358],[-83.56071122965763,37.92612162875938],[-83.56073368493466,37.92619247331472],[-83.56082350604271,37.92619247331472],[-83.56093578242776,37.92613933990463],[-83.56084596131973,37.92622789556679],[-83.56062140854957,37.92629874001974],[-83.56046422161049,37.92642271764815],[-83.56035194522542,37.92640500657117],[-83.5603294899484,37.926281028912896]]]}},{"type":"Feature","properties":{"kind":"sunrise","strength":0.2,"hard":false,"sector":"ring-r1c5"},"geometry":{"type":"Polygon","coordinates":[[[-83.56089087187375,37.917513507340736],[-83.56082350604271,37.91744265442426],[-83.56073368493466,37.91744265442426],[-83.56068877438062,37.917566646983296],[-83.56071122965763,37.917354088182684],[-83.56084596131973,37.917354088182684],[-83.56089087187375,37.917513507340736]]]}},{"type":"Feature","properties":{"kind":"sunrise","strength":0.2,"hard":false,"sector":"ring-r1c5"},"geometry":{"type":"Polygon","coordinates":[[[-83.56089087187375,37.917513507340736],[-83.5610031482588,37.917584360188954],[-83.5610031482588,37.91760207339035],[-83.56091332715076,37.917566646983296],[-83.56089087187375,37.917513507340736]]]}},{"type":"Feature","properties":{"kind":"sunrise","strength":0.2,"hard":false,"sector":"ring-r1c5"},"geometry":{"type":"Polygon","coordinates":[[[-83.56084596131973,37.92594451707244],[-83.56086841659673,37.925979939443955],[-83.56077859548869,37.92603307296924],[-83.56077859548869,37.92599765062332],[-83.56084596131973,37.92594451707244]]]}},{"type":"Feature","properties":{"kind":"sunrise","strength":0.2,"hard":false,"sector":"ring-r1c5"},"geometry":{"type":"Polygon","coordinates":[[[-83.56104805881283,37.92608620645613],[-83.5610031482588,37.92612162875938],[-83.56095823770478,37.92612162875938],[-83.5610031482588,37.9260684952981],[-83.56104805881283,37.92608620645613]]]}},{"type":"Feature","properties":{"kind":"sunrise","strength":0.2,"hard":false,"sector":"ring-r1c5"},"geometry":{"type":"Polygon","coordinates":[[[-83.56118279047493,37.892462749306304],[-83.5610031482588,37.892462749306304],[-83.5610031482588,37.8923741529947],[-83.56111542464389,37.89228555657648],[-83.56127261158296,37.892267837280045],[-83.56142979852207,37.892356433719584],[-83.56138488796805,37.8923741529947],[-83.56129506686,37.89230327586866],[-83.56116033519793,37.89230327586866],[-83.56111542464389,37.892338714440214],[-83.56111542464389,37.892409591532136],[-83.56122770102895,37.892462749306304],[-83.56127261158296,37.89253362627882],[-83.56118279047493,37.892462749306304]]]}},{"type":"Feature","properties":{"kind":"sunrise","strength":0.2,"hard":false,"sector":"ring-r1c5"},"geometry":{"type":"Polygon","coordinates":[[[-83.5616543512922,37.891417306035635],[-83.56176662767729,37.891417306035635],[-83.56178908295429,37.891222391241556],[-83.56178908295429,37.89147046452628],[-83.56174417240027,37.89152362297854],[-83.5616318960152,37.89152362297854],[-83.56160944073818,37.891346427988395],[-83.5616543512922,37.891417306035635]]]}},{"type":"Feature","properties":{"kind":"sunrise","strength":0.2,"hard":false,"sector":"ring-r1c5"},"geometry":{"type":"Polygon","coordinates":[[[-83.56194626989338,37.89760115295033],[-83.5616318960152,37.89761887096304],[-83.5616318960152,37.89760115295033],[-83.56194626989338,37.89760115295033]]]}},{"type":"Feature","properties":{"kind":"sunrise","strength":0.2,"hard":false,"sector":"ring-r1c5"},"geometry":{"type":"Polygon","coordinates":[[[-83.56178908295429,37.91811575437509],[-83.56187890406235,37.918168893582546],[-83.56187890406235,37.91820431969953],[-83.56178908295429,37.91815118051767],[-83.56178908295429,37.91811575437509]]]}},{"type":"Feature","properties":{"kind":"sunrise","strength":0.2,"hard":false,"sector":"ring-r1c5"},"geometry":{"type":"Polygon","coordinates":[[[-83.56201363572443,37.91893055133729],[-83.56208100155547,37.918824273984555],[-83.56208100155547,37.918753422330745],[-83.56199118044741,37.91859400586012],[-83.56199118044741,37.918470015032966],[-83.56190135933937,37.91822203275162],[-83.56203609100145,37.91832831097458],[-83.56210345683249,37.91859400586012],[-83.56219327794055,37.91864714472205],[-83.56219327794055,37.918753422330745],[-83.56205854627846,37.91889512557011],[-83.56210345683249,37.918983689956086],[-83.56201363572443,37.91893055133729]]]}},{"type":"Feature","properties":{"kind":"sunrise","strength":0.2,"hard":false,"sector":"ring-r1c5"},"geometry":{"type":"Polygon","coordinates":[[[-83.5622606437716,37.89721135559167],[-83.5623055543256,37.89721135559167],[-83.5623055543256,37.897282227992235],[-83.56223818849458,37.897299946081716],[-83.56228309904859,37.89726450989849],[-83.5622606437716,37.89721135559167]]]}},{"type":"Feature","properties":{"kind":"sunrise","strength":0.2,"hard":false,"sector":"ring-r1c5"},"geometry":{"type":"Polygon","coordinates":[[[-83.56232800960261,37.89682155616876],[-83.56237292015665,37.89682155616876],[-83.56244028598769,37.89689242894464],[-83.56239537543367,37.89689242894464],[-83.56232800960261,37.89682155616876]]]}},{"type":"Feature","properties":{"kind":"sunrise","strength":0.2,"hard":false,"sector":"ring-r1c5"},"geometry":{"type":"Polygon","coordinates":[[[-83.56237292015665,37.89740625452903],[-83.56250765181873,37.897353100324565],[-83.56253010709575,37.89715820124646],[-83.56244028598769,37.89710504686286],[-83.56257501764979,37.89710504686286],[-83.56261992820382,37.89715820124646],[-83.56261992820382,37.897317664166934],[-83.56255256237277,37.897388536465144],[-83.56244028598769,37.897388536465144],[-83.56237292015665,37.89744169064402],[-83.56237292015665,37.89740625452903]]]}},{"type":"Feature","properties":{"kind":"sunrise","strength":0.2,"hard":false,"sector":"ring-r1c5"},"geometry":{"type":"Polygon","coordinates":[[[-83.56250765181873,37.896343163146646],[-83.56261992820382,37.8964494729758],[-83.5625974729268,37.896608937431665],[-83.5626423834808,37.8966443739305],[-83.5626423834808,37.89703417429169],[-83.56253010709575,37.89703417429169],[-83.56246274126471,37.89692786530699],[-83.56261992820382,37.89692786530699],[-83.56261992820382,37.89683927436913],[-83.56255256237277,37.89675068332464],[-83.56255256237277,37.896431754681615],[-83.56250765181873,37.896343163146646]]]}},{"type":"Feature","properties":{"kind":"sunrise","strength":0.2,"hard":false,"sector":"ring-r1c5"},"geometry":{"type":"Polygon","coordinates":[[[-83.56275465986587,37.918877412680125],[-83.5625974729268,37.91891283845583],[-83.56273220458887,37.918806561077496],[-83.56288939152797,37.91878884816617],[-83.56286693625097,37.91893055133729],[-83.56273220458887,37.91903682853647],[-83.56277711514291,37.918965977087424],[-83.56275465986587,37.918877412680125]]]}},{"type":"Feature","properties":{"kind":"sunrise","strength":0.2,"hard":false,"sector":"ring-r1c5"},"geometry":{"type":"Polygon","coordinates":[[[-83.56268729403484,37.919054541388064],[-83.56270974931185,37.91908996707848],[-83.56261992820382,37.91914310558209],[-83.56261992820382,37.91910767991728],[-83.56268729403484,37.919054541388064]]]}},{"type":"Feature","properties":{"kind":"sunrise","strength":0.2,"hard":false,"sector":"ring-r1c5"},"geometry":{"type":"Polygon","coordinates":[[[-83.56284448097394,37.8966443739305],[-83.56286693625097,37.89667981041227],[-83.56277711514291,37.89673296510294],[-83.56277711514291,37.89669752864676],[-83.56284448097394,37.8966443739305]]]}},{"type":"Feature","properties":{"kind":"sunrise","strength":0.2,"hard":false,"sector":"ring-r1c5"},"geometry":{"type":"Polygon","coordinates":[[[-83.56277711514291,37.89673296510294],[-83.56277711514291,37.896910147127954],[-83.56286693625097,37.896910147127954],[-83.56295675735902,37.896856992565226],[-83.56288939152797,37.896998737980525],[-83.56275465986587,37.896998737980525],[-83.56273220458887,37.89675068332464],[-83.56277711514291,37.89673296510294]]]}},{"type":"Feature","properties":{"kind":"sunrise","strength":0.2,"hard":false,"sector":"ring-r1c5"},"geometry":{"type":"Polygon","coordinates":[[[-83.56306903374407,37.89680383796412],[-83.56302412319005,37.89683927436913],[-83.56297921263601,37.89683927436913],[-83.56302412319005,37.89678611975522],[-83.56306903374407,37.89680383796412]]]}},{"type":"Feature","properties":{"kind":"sunrise","strength":0.2,"hard":false,"sector":"ring-r1c5"},"geometry":{"type":"Polygon","coordinates":[[[-83.56311394429811,37.89710504686286],[-83.5632711312372,37.89696330165229],[-83.56322622068318,37.89703417429169],[-83.5632486759602,37.89710504686286],[-83.56340586289927,37.89712276499499],[-83.56347322873033,37.8970696105858],[-83.56351813928437,37.89708732872648],[-83.56331604179124,37.89721135559167],[-83.56313639957513,37.89721135559167],[-83.56311394429811,37.89710504686286]]]}},{"type":"Feature","properties":{"kind":"sunrise","strength":0.2,"hard":false,"sector":"ring-r1c5"},"geometry":{"type":"Polygon","coordinates":[[[-83.56322622068318,37.92183540618015],[-83.5632711312372,37.921888542700145],[-83.56313639957513,37.92183540618015],[-83.56322622068318,37.92183540618015]]]}},{"type":"Feature","properties":{"kind":"sunrise","strength":0.2,"hard":false,"sector":"ring-r1c5"},"geometry":{"type":"Polygon","coordinates":[[[-83.56336095234525,37.896856992565226],[-83.56338340762227,37.89689242894464],[-83.56329358651423,37.896945583481774],[-83.56329358651423,37.896910147127954],[-83.56336095234525,37.896856992565226]]]}},{"type":"Feature","properties":{"kind":"sunrise","strength":0.2,"hard":false,"sector":"ring-r1c5"},"geometry":{"type":"Polygon","coordinates":[[[-83.56381005788553,37.92210108839619],[-83.5635855051154,37.92208337627831],[-83.5634283181763,37.922118800509786],[-83.56354059456137,37.92206566415617],[-83.56338340762227,37.92199481562495],[-83.56329358651423,37.92190625486494],[-83.56345077345331,37.92197710348148],[-83.56354059456137,37.92197710348148],[-83.5635630498384,37.92190625486494],[-83.56336095234525,37.9216937086058],[-83.56329358651423,37.9214988739953],[-83.5634283181763,37.9216051474832],[-83.56345077345331,37.92172913302499],[-83.56365287094644,37.92194167918174],[-83.56367532622345,37.92201252776415],[-83.56372023677747,37.922047952029764],[-83.5639223342706,37.922047952029764],[-83.5639223342706,37.922136512619126],[-83.56374269205449,37.922225073101856],[-83.56381005788553,37.92210108839619]]]}},{"type":"Feature","properties":{"kind":"sunrise","strength":0.2,"hard":false,"sector":"ring-r1c5"},"geometry":{"type":"Polygon","coordinates":[[[-83.56374269205449,37.922225073101856],[-83.56374269205449,37.92226049726508],[-83.56365287094644,37.92231363347794],[-83.56365287094644,37.9222782093403],[-83.56374269205449,37.922225073101856]]]}},{"type":"Feature","properties":{"kind":"sunrise","strength":0.2,"hard":false,"sector":"ring-r1c5"},"geometry":{"type":"Polygon","coordinates":[[[-83.5634283181763,37.92142802491805],[-83.56347322873033,37.92142802491805],[-83.56354059456137,37.9214988739953],[-83.56349568400734,37.9214988739953],[-83.5634283181763,37.92142802491805]]]}},{"type":"Feature","properties":{"kind":"sunrise","strength":0.2,"hard":false,"sector":"ring-r1c5"},"geometry":{"type":"Polygon","coordinates":[[[-83.56347322873033,37.918948264214485],[-83.56345077345331,37.918841986887344],[-83.56351813928437,37.91878884816617],[-83.56369778150045,37.918771135250594],[-83.56369778150045,37.918877412680125],[-83.56363041566944,37.91900140282047],[-83.5635855051154,37.91885969978587],[-83.56349568400734,37.91885969978587],[-83.56347322873033,37.918948264214485]]]}},{"type":"Feature","properties":{"kind":"sunrise","strength":0.2,"hard":false,"sector":"ring-r1c5"},"geometry":{"type":"Polygon","coordinates":[[[-83.56363041566944,37.89701645613824],[-83.5635855051154,37.897051892440885],[-83.56354059456137,37.897051892440885],[-83.5635855051154,37.896998737980525],[-83.56363041566944,37.89701645613824]]]}},{"type":"Feature","properties":{"kind":"sunrise","strength":0.2,"hard":false,"sector":"ring-r1c5"},"geometry":{"type":"Polygon","coordinates":[[[-83.56374269205449,37.921640571945034],[-83.5635630498384,37.921516586253944],[-83.56401215537866,37.921587435245875],[-83.56412443176372,37.92155201075844],[-83.56416934231775,37.9214988739953],[-83.5642367081488,37.9214988739953],[-83.56428161870284,37.9211977649456],[-83.56432652925686,37.921569723004296],[-83.5642591634258,37.921640571945034],[-83.56416934231775,37.921675996389816],[-83.56396724482464,37.921675996389816],[-83.56374269205449,37.921640571945034]]]}},{"type":"Feature","properties":{"kind":"sunrise","strength":0.2,"hard":false,"sector":"ring-r1c5"},"geometry":{"type":"Polygon","coordinates":[[[-83.56403461065567,37.894996558687836],[-83.5639223342706,37.89487252809082],[-83.56403461065567,37.89490796542558],[-83.56410197648671,37.894996558687836],[-83.56403461065567,37.894996558687836]]]}},{"type":"Feature","properties":{"kind":"sunrise","strength":0.2,"hard":false,"sector":"ring-r1c5"},"geometry":{"type":"Polygon","coordinates":[[[-83.56432652925686,37.894748497284844],[-83.56448371619594,37.89465990372406],[-83.56432652925686,37.89478393467931],[-83.56432652925686,37.894748497284844]]]}},{"type":"Feature","properties":{"kind":"sunrise","strength":0.2,"hard":false,"sector":"ring-r1c5"},"geometry":{"type":"Polygon","coordinates":[[[-83.56432652925686,37.89478393467931],[-83.56434898453386,37.895049714594],[-83.5642591634258,37.89510287046179],[-83.56430407397984,37.89528005641052],[-83.5642367081488,37.89538636777505],[-83.56412443176372,37.89545724193277],[-83.56416934231775,37.89538636777505],[-83.56414688704074,37.89519146348946],[-83.56419179759477,37.89512058907585],[-83.56419179759477,37.894996558687836],[-83.5642591634258,37.89497884004391],[-83.5642591634258,37.89487252809082],[-83.56432652925686,37.89478393467931]]]}},{"type":"Feature","properties":{"kind":"sunrise","strength":0.2,"hard":false,"sector":"ring-r1c5"},"geometry":{"type":"Polygon","coordinates":[[[-83.56439389508789,37.921268614244674],[-83.56455108202698,37.921126915578256],[-83.56450617147296,37.92125090192631],[-83.56459599258102,37.921268614244674],[-83.5649103664592,37.921126915578256],[-83.56464090313504,37.92130403886861],[-83.56450617147296,37.92135717577254],[-83.56439389508789,37.92135717577254],[-83.56439389508789,37.921268614244674]]]}},{"type":"Feature","properties":{"kind":"sunrise","strength":0.2,"hard":false,"sector":"ring-r1c5"},"geometry":{"type":"Polygon","coordinates":[[[-83.56464090313504,37.921073778507974],[-83.564573537304,37.92110920322577],[-83.56461844785804,37.921002929021185],[-83.56464090313504,37.921002929021185],[-83.56464090313504,37.921073778507974]]]}},{"type":"Feature","properties":{"kind":"sunrise","strength":0.2,"hard":false,"sector":"ring-r1c5"},"geometry":{"type":"Polygon","coordinates":[[[-83.56464090313504,37.89666209217352],[-83.56466335841206,37.89669752864676],[-83.564573537304,37.89673296510294],[-83.564573537304,37.89671524687699],[-83.56464090313504,37.89666209217352]]]}},{"type":"Feature","properties":{"kind":"sunrise","strength":0.2,"hard":false,"sector":"ring-r1c5"},"geometry":{"type":"Polygon","coordinates":[[[-83.56475317952011,37.89646719126574],[-83.5648879111822,37.896343163146646],[-83.56482054535115,37.896538064382824],[-83.56468581368908,37.8966443739305],[-83.56475317952011,37.89646719126574]]]}},{"type":"Feature","properties":{"kind":"sunrise","strength":0.2,"hard":false,"sector":"ring-r1c5"},"geometry":{"type":"Polygon","coordinates":[[[-83.56482054535115,37.89588248544609],[-83.56486545590518,37.89590020387249],[-83.56475317952011,37.89595335912613],[-83.56475317952011,37.89593564071252],[-83.56482054535115,37.89588248544609]]]}},{"type":"Feature","properties":{"kind":"sunrise","strength":0.2,"hard":false,"sector":"ring-r1c5"},"geometry":{"type":"Polygon","coordinates":[[[-83.5648879111822,37.89586476701541],[-83.56495527701324,37.895793893250065],[-83.56500000000001,37.895793893250065],[-83.56497773229025,37.89584704858047],[-83.5648879111822,37.89586476701541]]]}},{"type":"Feature","properties":{"kind":"sunrise","strength":0.36,"hard":false,"sector":"ring-r1c5"},"geometry":{"type":"Polygon","coordinates":[[[-83.52893701268317,37.898752814905336],[-83.52909419962226,37.89889455666979],[-83.52907174434525,37.89896542744966],[-83.52891455740615,37.89892999206826],[-83.5288247362981,37.89885912125427],[-83.52895946796019,37.89885912125427],[-83.52893701268317,37.898752814905336]]]}},{"type":"Feature","properties":{"kind":"sunrise","strength":0.36,"hard":false,"sector":"ring-r1c5"},"geometry":{"type":"Polygon","coordinates":[[[-83.54014219591303,37.91599015459568],[-83.5402320170211,37.91595472741227],[-83.54018710646706,37.91613186315867],[-83.53998500897394,37.916114149603224],[-83.54011974063602,37.91609643604352],[-83.54014219591303,37.91599015459568]]]}},{"type":"Feature","properties":{"kind":"sunrise","strength":0.36,"hard":false,"sector":"ring-r1c5"},"geometry":{"type":"Polygon","coordinates":[[[-83.54047902506824,37.91575987759856],[-83.5405913014533,37.91560045463977],[-83.54061375673032,37.91540560388761],[-83.5405913014533,37.91570673665069],[-83.54047902506824,37.91575987759856]]]}},{"type":"Feature","properties":{"kind":"sunrise","strength":0.36,"hard":false,"sector":"ring-r1c5"},"geometry":{"type":"Polygon","coordinates":[[[-83.54068112256137,37.91515761127473],[-83.54070357783839,37.91505132847041],[-83.54061375673032,37.91505132847041],[-83.5405688461763,37.91508675608891],[-83.54052393562226,37.91506904228179],[-83.54081585422344,37.91496275934951],[-83.54081585422344,37.91506904228179],[-83.54068112256137,37.91515761127473]]]}},{"type":"Feature","properties":{"kind":"sunrise","strength":0.36,"hard":false,"sector":"ring-r1c5"},"geometry":{"type":"Polygon","coordinates":[[[-83.55489531291107,37.89652034610995],[-83.55491776818809,37.896414036383156],[-83.55476058124898,37.896431754681615],[-83.55476058124898,37.896414036383156],[-83.55489531291107,37.89630772650281],[-83.55498513401913,37.89630772650281],[-83.55500758929612,37.89639631808042],[-83.55496267874211,37.89648490955141],[-83.55489531291107,37.89652034610995]]]}},{"type":"Feature","properties":{"kind":"sunrise","strength":0.36,"hard":false,"sector":"ring-r1c5"},"geometry":{"type":"Polygon","coordinates":[[[-83.55507495512718,37.89862879063751],[-83.55523214206627,37.89877053264082],[-83.55520968678927,37.89885912125427],[-83.55505249985016,37.89882368582168],[-83.55496267874211,37.898752814905336],[-83.55509741040419,37.898752814905336],[-83.55507495512718,37.89862879063751]]]}},{"type":"Feature","properties":{"kind":"sunrise","strength":0.36,"hard":false,"sector":"ring-r1c5"},"geometry":{"type":"Polygon","coordinates":[[[-83.55518723151225,37.89627228984191],[-83.55527705262031,37.89625457150507],[-83.55538932900537,37.896343163146646],[-83.55538932900537,37.89637859977343],[-83.55523214206627,37.89637859977343],[-83.55523214206627,37.89648490955141],[-83.55516477623524,37.89632544482687],[-83.55518723151225,37.89627228984191]]]}},{"type":"Feature","properties":{"kind":"sunrise","strength":0.36,"hard":false,"sector":"ring-r1c5"},"geometry":{"type":"Polygon","coordinates":[[[-83.55702856422738,37.92982316538499],[-83.55702856422738,37.929770034598555],[-83.55711838533543,37.92975232432787],[-83.55725311699752,37.92982316538499],[-83.55727557227452,37.92991171661039],[-83.5572306617205,37.92985858588795],[-83.55714084061245,37.92985858588795],[-83.55711838533543,37.93],[-83.55711838533543,37.92991171661039],[-83.55702856422738,37.92982316538499]]]}},{"type":"Feature","properties":{"kind":"sunrise","strength":0.36,"hard":false,"sector":"ring-r1c5"},"geometry":{"type":"Polygon","coordinates":[[[-83.55738784865962,37.91976305195408],[-83.5575450355987,37.91990475324825],[-83.5575450355987,37.919975603792956],[-83.55747766976765,37.920011029039706],[-83.55736539338258,37.920011029039706],[-83.55718575116647,37.91990475324825],[-83.55738784865962,37.91990475324825],[-83.55738784865962,37.91976305195408]]]}},{"type":"Feature","properties":{"kind":"sunrise","strength":0.36,"hard":false,"sector":"ring-r1c5"},"geometry":{"type":"Polygon","coordinates":[[[-83.55738784865962,37.89859335509403],[-83.55752258032169,37.8985224839559],[-83.55770222253778,37.8985224839559],[-83.55781449892285,37.89838074147492],[-83.55792677530792,37.8983630236456],[-83.55794923058495,37.89829215228569],[-83.55817378335507,37.89830987013207],[-83.55828605974015,37.89820356298984],[-83.55826360446314,37.89827443443505],[-83.55817378335507,37.898345305812015],[-83.55817378335507,37.89839845929997],[-83.55808396224703,37.89841617712075],[-83.55799414113898,37.89848704836124],[-83.55792677530792,37.89848704836124],[-83.55783695419987,37.89861107286791],[-83.55738784865962,37.89866422616392],[-83.55732048282856,37.89869966167328],[-83.55738784865962,37.89859335509403]]]}},{"type":"Feature","properties":{"kind":"sunrise","strength":0.36,"hard":false,"sector":"ring-r1c5"},"geometry":{"type":"Polygon","coordinates":[[[-83.5578818647539,37.91999331641846],[-83.55770222253778,37.9198693279503],[-83.55785940947689,37.91988704060141],[-83.55794923058495,37.91985161529493],[-83.55799414113898,37.91981618997138],[-83.55801659641598,37.91967448850658],[-83.55801659641598,37.91995789116317],[-83.5578818647539,37.91999331641846]]]}},{"type":"Feature","properties":{"kind":"sunrise","strength":0.36,"hard":false,"sector":"ring-r1c5"},"geometry":{"type":"Polygon","coordinates":[[[-83.55781449892285,37.92975232432787],[-83.55797168586196,37.92971690377372],[-83.55799414113898,37.92978774486497],[-83.55792677530792,37.92989400637384],[-83.5578818647539,37.92989400637384],[-83.5578818647539,37.92982316538499],[-83.55776958836883,37.92982316538499],[-83.55772467781482,37.929947137070684],[-83.55772467781482,37.92982316538499],[-83.55781449892285,37.92975232432787]]]}},{"type":"Feature","properties":{"kind":"sunrise","strength":0.36,"hard":false,"sector":"ring-r1c5"},"geometry":{"type":"Polygon","coordinates":[[[-83.55860043361834,37.916432992948586],[-83.55848815723327,37.91634442549128],[-83.55837588084822,37.91634442549128],[-83.55830851501716,37.91639756597846],[-83.55826360446314,37.916379852487],[-83.55835342557118,37.916326711987026],[-83.55835342557118,37.91627357144866],[-83.55842079140224,37.91625585792734],[-83.55862288889536,37.91625585792734],[-83.5586902547264,37.91629128496572],[-83.55875762055744,37.916379852487],[-83.55875762055744,37.91646841990163],[-83.55871271000342,37.91655698720964],[-83.55857797834132,37.91664555441099],[-83.55862288889536,37.91657470065844],[-83.55860043361834,37.916432992948586]]]}},{"type":"Feature","properties":{"kind":"sunrise","strength":0.36,"hard":false,"sector":"ring-r1c5"},"geometry":{"type":"Polygon","coordinates":[[[-83.55835342557118,37.91627357144866],[-83.55819623863209,37.916326711987026],[-83.5582186939091,37.91622043087192],[-83.558039051693,37.916149576709856],[-83.55833097029418,37.916202717337804],[-83.55835342557118,37.91627357144866]]]}},{"type":"Feature","properties":{"kind":"sunrise","strength":0.36,"hard":false,"sector":"ring-r1c5"},"geometry":{"type":"Polygon","coordinates":[[[-83.55880253111148,37.92973461405293],[-83.5588698969425,37.929840875638604],[-83.55882498638847,37.92980545512711],[-83.55873516528042,37.92980545512711],[-83.55871271000342,37.92985858588795],[-83.55866779944938,37.92985858588795],[-83.55871271000342,37.92971690377372],[-83.55880253111148,37.92973461405293]]]}},{"type":"Feature","properties":{"kind":"sunrise","strength":0.36,"hard":false,"sector":"ring-r1c5"},"geometry":{"type":"Polygon","coordinates":[[[-83.55884744166549,37.91668098126167],[-83.55871271000342,37.91673412150569],[-83.55875762055744,37.91668098126167],[-83.55875762055744,37.91659241410297],[-83.55884744166549,37.91657470065844],[-83.55891480749654,37.916787261711335],[-83.5588698969425,37.916769548313724],[-83.55884744166549,37.91668098126167]]]}},{"type":"Feature","properties":{"kind":"sunrise","strength":0.36,"hard":false,"sector":"ring-r1c5"},"geometry":{"type":"Polygon","coordinates":[[[-83.55882498638847,37.92629874001974],[-83.5588698969425,37.92638729548993],[-83.55893726277355,37.92638729548993],[-83.55898217332758,37.92624560668642],[-83.55895971805056,37.92649356191338],[-83.55884744166549,37.92645813978929],[-83.55882498638847,37.92629874001974]]]}},{"type":"Feature","properties":{"kind":"sunrise","strength":0.36,"hard":false,"sector":"ring-r1c5"},"geometry":{"type":"Polygon","coordinates":[[[-83.55940882359084,37.898061819894686],[-83.55922918137472,37.897937794462514],[-83.55938636831382,37.8979555123942],[-83.55961092108396,37.89781376882137],[-83.55963337636096,37.897636588971494],[-83.559678286915,37.89758343493335],[-83.55988038440813,37.89756571691212],[-83.55992529496216,37.897388536465144],[-83.55990283968514,37.897636588971494],[-83.55974565274605,37.897672024975584],[-83.55974565274605,37.89790235858637],[-83.55949864469889,37.898061819894686],[-83.55940882359084,37.898061819894686]]]}},{"type":"Feature","properties":{"kind":"sunrise","strength":0.36,"hard":false,"sector":"ring-r1c5"},"geometry":{"type":"Polygon","coordinates":[[[-83.55994775023916,37.926210184442894],[-83.56010493717827,37.92635187331465],[-83.56010493717827,37.92642271764815],[-83.5600151160702,37.926564406110366],[-83.55988038440813,37.926564406110366],[-83.55972319746903,37.92647585085348],[-83.55990283968514,37.92645813978929],[-83.55997020551618,37.926334162220606],[-83.55994775023916,37.926210184442894]]]}},{"type":"Feature","properties":{"kind":"sunrise","strength":0.36,"hard":false,"sector":"ring-r1c5"},"geometry":{"type":"Polygon","coordinates":[[[-83.55972319746903,37.92645813978929],[-83.559678286915,37.92645813978929],[-83.55963337636096,37.92640500657117],[-83.559678286915,37.92640500657117],[-83.55972319746903,37.92645813978929]]]}},{"type":"Feature","properties":{"kind":"sunrise","strength":0.36,"hard":false,"sector":"ring-r1c5"},"geometry":{"type":"Polygon","coordinates":[[[-83.56017230300931,37.91761978658747],[-83.56010493717827,37.917584360188954],[-83.55983547385411,37.917566646983296],[-83.55979056330008,37.91746036765978],[-83.55990283968514,37.917548933773375],[-83.56003757134722,37.917548933773375],[-83.56019475828633,37.91749579411801],[-83.5603294899484,37.917548933773375],[-83.56028457939436,37.91767292615325],[-83.56014984773229,37.917779205169644],[-83.56019475828633,37.91770835250911],[-83.56017230300931,37.91761978658747]]]}},{"type":"Feature","properties":{"kind":"sunrise","strength":0.36,"hard":false,"sector":"ring-r1c5"},"geometry":{"type":"Polygon","coordinates":[[[-83.56057649799554,37.9260507841358],[-83.56062140854957,37.9260684952981],[-83.5606663191036,37.92619247331472],[-83.56055404271854,37.926316451122304],[-83.56039685577944,37.926316451122304],[-83.56026212411736,37.92622789556679],[-83.56044176633347,37.92622789556679],[-83.56050913216453,37.926174762182285],[-83.56059895327256,37.926174762182285],[-83.56057649799554,37.9260507841358]]]}},{"type":"Feature","properties":{"kind":"sunrise","strength":0.36,"hard":false,"sector":"ring-r1c5"},"geometry":{"type":"Polygon","coordinates":[[[-83.56041931105646,37.92557258114124],[-83.56039685577944,37.92576740495888],[-83.56039685577944,37.92557258114124],[-83.56041931105646,37.92557258114124]]]}},{"type":"Feature","properties":{"kind":"sunrise","strength":0.36,"hard":false,"sector":"ring-r1c5"},"geometry":{"type":"Polygon","coordinates":[[[-83.56095823770478,37.91760207339035],[-83.56086841659673,37.917548933773375],[-83.56075614021167,37.917548933773375],[-83.56071122965763,37.91776149201091],[-83.56073368493466,37.91744265442426],[-83.56082350604271,37.91744265442426],[-83.56095823770478,37.91760207339035]]]}},{"type":"Feature","properties":{"kind":"sunrise","strength":0.36,"hard":false,"sector":"ring-r1c5"},"geometry":{"type":"Polygon","coordinates":[[[-83.56109296936687,37.92603307296924],[-83.56104805881283,37.9260684952981],[-83.5610031482588,37.9260684952981],[-83.56104805881283,37.926015361798406],[-83.56109296936687,37.92603307296924]]]}},{"type":"Feature","properties":{"kind":"sunrise","strength":0.36,"hard":false,"sector":"ring-r1c5"},"geometry":{"type":"Polygon","coordinates":[[[-83.5610031482588,37.9260684952981],[-83.56082350604271,37.92619247331472],[-83.56071122965763,37.926174762182285],[-83.56075614021167,37.9260507841358],[-83.56084596131973,37.925979939443955],[-83.56084596131973,37.92608620645613],[-83.5610031482588,37.9260684952981]]]}},{"type":"Feature","properties":{"kind":"sunrise","strength":0.36,"hard":false,"sector":"ring-r1c5"},"geometry":{"type":"Polygon","coordinates":[[[-83.56149716435313,37.892445030052514],[-83.56138488796805,37.892391872265556],[-83.56125015630596,37.892391872265556],[-83.56127261158296,37.892462749306304],[-83.56125015630596,37.892498187801095],[-83.56111542464389,37.892409591532136],[-83.56111542464389,37.892338714440214],[-83.56116033519793,37.89230327586866],[-83.56129506686,37.89230327586866],[-83.56149716435313,37.892445030052514]]]}},{"type":"Feature","properties":{"kind":"sunrise","strength":0.36,"hard":false,"sector":"ring-r1c5"},"geometry":{"type":"Polygon","coordinates":[[[-83.56160944073818,37.89129326940819],[-83.5616543512922,37.89132870846593],[-83.56174417240027,37.89132870846593],[-83.56176662767729,37.891204671689216],[-83.56174417240027,37.89143502553678],[-83.5616543512922,37.891417306035635],[-83.56160944073818,37.89129326940819]]]}},{"type":"Feature","properties":{"kind":"sunrise","strength":0.36,"hard":false,"sector":"ring-r1c5"},"geometry":{"type":"Polygon","coordinates":[[[-83.56205854627846,37.918983689956086],[-83.5619687251704,37.918965977087424],[-83.56194626989338,37.918841986887344],[-83.56190135933937,37.918806561077496],[-83.56190135933937,37.918523153984495],[-83.56178908295429,37.91815118051767],[-83.56194626989338,37.91829288491732],[-83.56199118044741,37.91859400586012],[-83.56208100155547,37.918753422330745],[-83.56208100155547,37.918824273984555],[-83.56201363572443,37.91891283845583],[-83.56205854627846,37.918983689956086]]]}},{"type":"Feature","properties":{"kind":"sunrise","strength":0.36,"hard":false,"sector":"ring-r1c5"},"geometry":{"type":"Polygon","coordinates":[[[-83.5623055543256,37.89721135559167],[-83.56239537543367,37.89722907369821],[-83.56244028598769,37.89719363748086],[-83.56237292015665,37.8970696105858],[-83.56250765181873,37.897140483122854],[-83.56250765181873,37.897353100324565],[-83.56237292015665,37.89740625452903],[-83.56237292015665,37.897299946081716],[-83.56219327794055,37.89733538224788],[-83.5623055543256,37.897282227992235],[-83.5623055543256,37.89721135559167]]]}},{"type":"Feature","properties":{"kind":"sunrise","strength":0.36,"hard":false,"sector":"ring-r1c5"},"geometry":{"type":"Polygon","coordinates":[[[-83.56253010709575,37.896945583481774],[-83.56237292015665,37.89682155616876],[-83.56250765181873,37.89683927436913],[-83.56250765181873,37.89675068332464],[-83.56241783071067,37.8966443739305],[-83.56239537543367,37.896414036383156],[-83.56244028598769,37.89639631808042],[-83.56246274126471,37.896290008174496],[-83.56257501764979,37.89623685316395],[-83.56248519654173,37.896343163146646],[-83.56255256237277,37.896431754681615],[-83.56253010709575,37.896608937431665],[-83.56261992820382,37.89692786530699],[-83.56253010709575,37.896945583481774]]]}},{"type":"Feature","properties":{"kind":"sunrise","strength":0.36,"hard":false,"sector":"ring-r1c5"},"geometry":{"type":"Polygon","coordinates":[[[-83.56261992820382,37.91910767991728],[-83.5626423834808,37.918983689956086],[-83.56255256237277,37.91900140282047],[-83.56250765181873,37.918983689956086],[-83.5625974729268,37.91891283845583],[-83.56275465986587,37.918877412680125],[-83.56277711514291,37.918965977087424],[-83.56261992820382,37.91910767991728]]]}},{"type":"Feature","properties":{"kind":"sunrise","strength":0.36,"hard":false,"sector":"ring-r1c5"},"geometry":{"type":"Polygon","coordinates":[[[-83.56311394429811,37.89675068332464],[-83.56306903374407,37.89678611975522],[-83.56302412319005,37.89678611975522],[-83.56306903374407,37.89673296510294],[-83.56311394429811,37.89675068332464]]]}},{"type":"Feature","properties":{"kind":"sunrise","strength":0.36,"hard":false,"sector":"ring-r1c5"},"geometry":{"type":"Polygon","coordinates":[[[-83.56302412319005,37.89678611975522],[-83.56286693625097,37.896910147127954],[-83.56277711514291,37.896910147127954],[-83.56275465986587,37.89676840154207],[-83.56284448097394,37.89667981041227],[-83.56286693625097,37.89680383796412],[-83.56302412319005,37.89678611975522]]]}},{"type":"Feature","properties":{"kind":"sunrise","strength":0.36,"hard":false,"sector":"ring-r1c5"},"geometry":{"type":"Polygon","coordinates":[[[-83.562934302082,37.92165828416957],[-83.56295675735902,37.9216937086058],[-83.56288939152797,37.92171142081752],[-83.56288939152797,37.921675996389816],[-83.562934302082,37.92165828416957]]]}},{"type":"Feature","properties":{"kind":"sunrise","strength":0.36,"hard":false,"sector":"ring-r1c5"},"geometry":{"type":"Polygon","coordinates":[[[-83.56306903374407,37.9216051474832],[-83.56300166791304,37.921587435245875],[-83.56300166791304,37.921569723004296],[-83.56306903374407,37.92155201075844],[-83.56306903374407,37.9216051474832]]]}},{"type":"Feature","properties":{"kind":"sunrise","strength":0.36,"hard":false,"sector":"ring-r1c5"},"geometry":{"type":"Polygon","coordinates":[[[-83.56315885485213,37.92123318960366],[-83.56320376540617,37.92123318960366],[-83.56318131012914,37.921374888065316],[-83.56315885485213,37.921374888065316],[-83.56315885485213,37.92123318960366]]]}},{"type":"Feature","properties":{"kind":"sunrise","strength":0.36,"hard":false,"sector":"ring-r1c5"},"geometry":{"type":"Polygon","coordinates":[[[-83.56345077345331,37.92197710348148],[-83.5632486759602,37.92185311835775],[-83.5634283181763,37.921870830531084],[-83.5634283181763,37.92178226962176],[-83.5632711312372,37.9216051474832],[-83.56315885485213,37.92155201075844],[-83.56320376540617,37.92153429850833],[-83.56318131012914,37.92139260035382],[-83.56329358651423,37.9214988739953],[-83.56333849706824,37.92165828416957],[-83.56351813928437,37.92183540618015],[-83.5635630498384,37.92195939133375],[-83.56345077345331,37.92197710348148]]]}},{"type":"Feature","properties":{"kind":"sunrise","strength":0.36,"hard":false,"sector":"ring-r1c5"},"geometry":{"type":"Polygon","coordinates":[[[-83.56367532622345,37.89696330165229],[-83.56363041566944,37.896998737980525],[-83.5635855051154,37.896998737980525],[-83.56363041566944,37.896945583481774],[-83.56367532622345,37.89696330165229]]]}},{"type":"Feature","properties":{"kind":"sunrise","strength":0.36,"hard":false,"sector":"ring-r1c5"},"geometry":{"type":"Polygon","coordinates":[[[-83.5635855051154,37.896998737980525],[-83.56340586289927,37.89712276499499],[-83.56329358651423,37.89712276499499],[-83.56322622068318,37.89708732872648],[-83.5632711312372,37.89696330165229],[-83.56336095234525,37.89689242894464],[-83.56338340762227,37.89701645613824],[-83.5635855051154,37.896998737980525]]]}},{"type":"Feature","properties":{"kind":"sunrise","strength":0.36,"hard":false,"sector":"ring-r1c5"},"geometry":{"type":"Polygon","coordinates":[[[-83.56365287094644,37.92155201075844],[-83.5635630498384,37.921516586253944],[-83.56347322873033,37.92142802491805],[-83.56372023677747,37.92148116173239],[-83.5639223342706,37.92148116173239],[-83.56401215537866,37.92144573719375],[-83.56405706593267,37.921374888065316],[-83.56421425287178,37.92139260035382],[-83.5642591634258,37.9211977649456],[-83.5642367081488,37.9214988739953],[-83.56416934231775,37.9214988739953],[-83.56412443176372,37.92155201075844],[-83.56401215537866,37.921587435245875],[-83.56365287094644,37.92155201075844]]]}},{"type":"Feature","properties":{"kind":"sunrise","strength":0.36,"hard":false,"sector":"ring-r1c5"},"geometry":{"type":"Polygon","coordinates":[[[-83.56345077345331,37.918983689956086],[-83.56349568400734,37.91885969978587],[-83.5635855051154,37.91885969978587],[-83.5636079603924,37.919054541388064],[-83.5635630498384,37.918965977087424],[-83.56345077345331,37.918983689956086]]]}},{"type":"Feature","properties":{"kind":"sunrise","strength":0.36,"hard":false,"sector":"ring-r1c5"},"geometry":{"type":"Polygon","coordinates":[[[-83.56365287094644,37.9222782093403],[-83.56367532622345,37.922136512619126],[-83.56351813928437,37.92210108839619],[-83.56378760260851,37.92208337627831],[-83.56378760260851,37.922189648921574],[-83.56365287094644,37.9222782093403]]]}},{"type":"Feature","properties":{"kind":"sunrise","strength":0.36,"hard":false,"sector":"ring-r1c5"},"geometry":{"type":"Polygon","coordinates":[[[-83.56443880564191,37.89465990372406],[-83.56428161870284,37.894819372056716],[-83.5642591634258,37.89497884004391],[-83.56419179759477,37.894996558687836],[-83.56419179759477,37.89512058907585],[-83.56414688704074,37.89519146348946],[-83.56416934231775,37.89538636777505],[-83.56403461065567,37.89551039750628],[-83.56403461065567,37.89529777498194],[-83.56410197648671,37.89520918208221],[-83.56410197648671,37.895067433220866],[-83.56403461065567,37.894996558687836],[-83.56410197648671,37.894996558687836],[-83.56410197648671,37.89496112139573],[-83.56396724482464,37.89487252809082],[-83.56416934231775,37.89490796542558],[-83.56416934231775,37.894819372056716],[-83.56428161870284,37.89476621598422],[-83.56434898453386,37.894677622444746],[-83.56443880564191,37.89465990372406]]]}},{"type":"Feature","properties":{"kind":"sunrise","strength":0.36,"hard":false,"sector":"ring-r1c5"},"geometry":{"type":"Polygon","coordinates":[[[-83.56403461065567,37.89551039750628],[-83.56403461065567,37.89554583453397],[-83.56396724482464,37.895581271544586],[-83.56396724482464,37.89554583453397],[-83.56403461065567,37.89551039750628]]]}},{"type":"Feature","properties":{"kind":"sunrise","strength":0.36,"hard":false,"sector":"ring-r1c5"},"geometry":{"type":"Polygon","coordinates":[[[-83.56405706593267,37.9213217511742],[-83.56401215537866,37.9213217511742],[-83.56398970010166,37.921268614244674],[-83.56405706593267,37.92128632655878],[-83.56405706593267,37.9213217511742]]]}},{"type":"Feature","properties":{"kind":"sunrise","strength":0.36,"hard":false,"sector":"ring-r1c5"},"geometry":{"type":"Polygon","coordinates":[[[-83.56477563479712,37.896431754681615],[-83.56468581368908,37.8966443739305],[-83.564573537304,37.89673296510294],[-83.56443880564191,37.89673296510294],[-83.56459599258102,37.89667981041227],[-83.56464090313504,37.896538064382824],[-83.56477563479712,37.896431754681615]]]}},{"type":"Feature","properties":{"kind":"sunrise","strength":0.36,"hard":false,"sector":"ring-r1c5"},"geometry":{"type":"Polygon","coordinates":[[[-83.5649103664592,37.921126915578256],[-83.56466335841206,37.92125090192631],[-83.56450617147296,37.92125090192631],[-83.56455108202698,37.921126915578256],[-83.56464090313504,37.921073778507974],[-83.56464090313504,37.92102064139928],[-83.56466335841206,37.92102064139928],[-83.56464090313504,37.921162340270456],[-83.56475317952011,37.921162340270456],[-83.56486545590518,37.92110920322577],[-83.56495527701324,37.921002929021185],[-83.56500000000001,37.921002929021185],[-83.5649103664592,37.921126915578256]]]}},{"type":"Feature","properties":{"kind":"sunrise","strength":0.36,"hard":false,"sector":"ring-r1c5"},"geometry":{"type":"Polygon","coordinates":[[[-83.56500000000001,37.89621913481858],[-83.56484300062817,37.89636088146217],[-83.5649103664592,37.89627228984191],[-83.56493282173622,37.89593564071252],[-83.56484300062817,37.89595335912613],[-83.56479809007413,37.89593564071252],[-83.56500000000001,37.89582933014127],[-83.56500000000001,37.89621913481858]]]}},{"type":"Feature","properties":{"kind":"sunrise","strength":0.36,"hard":false,"sector":"ring-r1c5"},"geometry":{"type":"Polygon","coordinates":[[[-83.56493282173622,37.92991171661039],[-83.5648879111822,37.93],[-83.56484300062817,37.93],[-83.56486545590518,37.929929426842676],[-83.56493282173622,37.92991171661039]]]}},{"type":"Feature","properties":{"kind":"sunrise","strength":0.52,"hard":false,"sector":"ring-r1c5"},"geometry":{"type":"Polygon","coordinates":[[[-83.52846545186587,37.89846933055752],[-83.52860018352797,37.89846933055752],[-83.52864509408198,37.8985224839559],[-83.52846545186587,37.89846933055752]]]}},{"type":"Feature","properties":{"kind":"sunrise","strength":0.52,"hard":false,"sector":"ring-r1c5"},"geometry":{"type":"Polygon","coordinates":[[[-83.52886964685213,37.89885912125427],[-83.528690004636,37.89873509716558],[-83.52880228102109,37.89877053264082],[-83.52884719157511,37.89873509716558],[-83.52880228102109,37.89868194392073],[-83.5288247362981,37.89864650840285],[-83.52895946796019,37.89878825037203],[-83.52895946796019,37.89885912125427],[-83.52886964685213,37.89885912125427]]]}},{"type":"Feature","properties":{"kind":"sunrise","strength":0.52,"hard":false,"sector":"ring-r1c5"},"geometry":{"type":"Polygon","coordinates":[[[-83.53955835871066,37.916043295338795],[-83.53985027731184,37.9160610089113],[-83.53955835871066,37.9160610089113],[-83.53955835871066,37.916043295338795]]]}},{"type":"Feature","properties":{"kind":"sunrise","strength":0.52,"hard":false,"sector":"ring-r1c5"},"geometry":{"type":"Polygon","coordinates":[[[-83.54000746425096,37.9160610089113],[-83.54005237480499,37.91593701381417],[-83.53998500897394,37.91588387299428],[-83.54005237480499,37.91590158660517],[-83.54007483008198,37.915830732135994],[-83.54011974063602,37.91591930021181],[-83.5402544722981,37.91590158660517],[-83.5402320170211,37.91595472741227],[-83.54014219591303,37.91599015459568],[-83.54011974063602,37.91609643604352],[-83.5399176431429,37.91607872247954],[-83.54000746425096,37.9160610089113]]]}},{"type":"Feature","properties":{"kind":"sunrise","strength":0.52,"hard":false,"sector":"ring-r1c5"},"geometry":{"type":"Polygon","coordinates":[[[-83.5405688461763,37.91517532506052],[-83.54050148034524,37.91513989748467],[-83.54036674868317,37.91519303884204],[-83.54052393562226,37.91508675608891],[-83.54070357783839,37.91505132847041],[-83.54068112256137,37.91515761127473],[-83.54054639089928,37.915263893925484],[-83.5405688461763,37.91517532506052]]]}},{"type":"Feature","properties":{"kind":"sunrise","strength":0.52,"hard":false,"sector":"ring-r1c5"},"geometry":{"type":"Polygon","coordinates":[[[-83.54047902506824,37.915742163953524],[-83.5405913014533,37.91540560388761],[-83.5405913014533,37.91560045463977],[-83.54047902506824,37.915742163953524]]]}},{"type":"Feature","properties":{"kind":"sunrise","strength":0.52,"hard":false,"sector":"ring-r1c5"},"geometry":{"type":"Polygon","coordinates":[[[-83.55471567069495,37.89650262783282],[-83.55462584958691,37.896538064382824],[-83.55476058124898,37.896431754681615],[-83.55491776818809,37.896414036383156],[-83.55491776818809,37.89648490955141],[-83.55480549180301,37.896608937431665],[-83.55480549180301,37.89652034610995],[-83.55471567069495,37.89650262783282]]]}},{"type":"Feature","properties":{"kind":"sunrise","strength":0.52,"hard":false,"sector":"ring-r1c5"},"geometry":{"type":"Polygon","coordinates":[[[-83.55500758929612,37.898752814905336],[-83.55482794708004,37.89862879063751],[-83.55494022346511,37.89866422616392],[-83.55498513401913,37.89862879063751],[-83.55494022346511,37.8985579195335],[-83.55496267874211,37.8985224839559],[-83.55509741040419,37.89866422616392],[-83.55509741040419,37.898752814905336],[-83.55500758929612,37.898752814905336]]]}},{"type":"Feature","properties":{"kind":"sunrise","strength":0.52,"hard":false,"sector":"ring-r1c5"},"geometry":{"type":"Polygon","coordinates":[[[-83.55556897122149,37.89652034610995],[-83.55527705262031,37.8964494729758],[-83.55527705262031,37.89650262783282],[-83.55523214206627,37.89650262783282],[-83.55523214206627,37.89637859977343],[-83.55538932900537,37.89637859977343],[-83.55556897122149,37.89652034610995]]]}},{"type":"Feature","properties":{"kind":"sunrise","strength":0.52,"hard":false,"sector":"ring-r1c5"},"geometry":{"type":"Polygon","coordinates":[[[-83.5572306617205,37.91990475324825],[-83.5570510195044,37.91978076463078],[-83.55714084061245,37.91981618997138],[-83.55727557227452,37.91979847730322],[-83.55729802755155,37.91972762658788],[-83.55725311699752,37.91965677580429],[-83.55741030393662,37.91979847730322],[-83.55738784865962,37.91990475324825],[-83.5572306617205,37.91990475324825]]]}},{"type":"Feature","properties":{"kind":"sunrise","strength":0.52,"hard":false,"sector":"ring-r1c5"},"geometry":{"type":"Polygon","coordinates":[[[-83.55718575116647,37.929947137070684],[-83.55714084061245,37.93],[-83.55711838533543,37.92987629613303],[-83.5572306617205,37.92985858588795],[-83.55732048282856,37.93],[-83.55725311699752,37.929947137070684],[-83.55718575116647,37.929947137070684]]]}},{"type":"Feature","properties":{"kind":"sunrise","strength":0.52,"hard":false,"sector":"ring-r1c5"},"geometry":{"type":"Polygon","coordinates":[[[-83.5572306617205,37.89873509716558],[-83.55714084061245,37.89857563731589],[-83.55732048282856,37.89845161274953],[-83.5575450355987,37.89843389493727],[-83.55763485670676,37.89838074147492],[-83.55767976726078,37.89829215228569],[-83.55781449892285,37.89823899872096],[-83.55781449892285,37.89820356298984],[-83.55808396224703,37.89822128085754],[-83.55815132807805,37.89816812724164],[-83.55826360446314,37.898150409361136],[-83.55830851501716,37.8980795377965],[-83.55828605974015,37.89820356298984],[-83.55817378335507,37.89830987013207],[-83.55794923058495,37.89829215228569],[-83.55792677530792,37.8983630236456],[-83.55781449892285,37.89838074147492],[-83.55770222253778,37.8985224839559],[-83.55752258032169,37.8985224839559],[-83.55741030393662,37.89857563731589],[-83.55727557227452,37.898752814905336],[-83.55718575116647,37.89880596809898],[-83.5572306617205,37.89873509716558]]]}},{"type":"Feature","properties":{"kind":"sunrise","strength":0.52,"hard":false,"sector":"ring-r1c5"},"geometry":{"type":"Polygon","coordinates":[[[-83.55774713309182,37.91988704060141],[-83.55756749087571,37.91976305195408],[-83.55770222253778,37.91979847730322],[-83.55779204364583,37.91974533927311],[-83.55794923058495,37.91974533927311],[-83.55799414113898,37.91969220120462],[-83.55799414113898,37.91981618997138],[-83.55785940947689,37.91988704060141],[-83.55774713309182,37.91988704060141]]]}},{"type":"Feature","properties":{"kind":"sunrise","strength":0.52,"hard":false,"sector":"ring-r1c5"},"geometry":{"type":"Polygon","coordinates":[[[-83.55774713309182,37.929947137070684],[-83.55776958836883,37.92982316538499],[-83.5578818647539,37.92982316538499],[-83.55790432003091,37.93],[-83.55785940947689,37.92991171661039],[-83.55774713309182,37.929947137070684]]]}},{"type":"Feature","properties":{"kind":"sunrise","strength":0.52,"hard":false,"sector":"ring-r1c5"},"geometry":{"type":"Polygon","coordinates":[[[-83.55810641752404,37.916362138991275],[-83.55806150697002,37.91627357144866],[-83.55799414113898,37.91627357144866],[-83.55797168586196,37.916167290256766],[-83.55781449892285,37.91613186315867],[-83.558039051693,37.916149576709856],[-83.55819623863209,37.916202717337804],[-83.5582186939091,37.91629128496572],[-83.55806150697002,37.916432992948586],[-83.55810641752404,37.916362138991275]]]}},{"type":"Feature","properties":{"kind":"sunrise","strength":0.52,"hard":false,"sector":"ring-r1c5"},"geometry":{"type":"Polygon","coordinates":[[[-83.55851061251029,37.91664555441099],[-83.55846570195625,37.91652156029922],[-83.55837588084822,37.91645070642724],[-83.55828605974015,37.916432992948586],[-83.55824114918612,37.91646841990163],[-83.55819623863209,37.91645070642724],[-83.55837588084822,37.91634442549128],[-83.55848815723327,37.91634442549128],[-83.55862288889536,37.91646841990163],[-83.55862288889536,37.91657470065844],[-83.55846570195625,37.91673412150569],[-83.55851061251029,37.91664555441099]]]}},{"type":"Feature","properties":{"kind":"sunrise","strength":0.52,"hard":false,"sector":"ring-r1c5"},"geometry":{"type":"Polygon","coordinates":[[[-83.55842079140224,37.89792007652658],[-83.55855552306431,37.89784920474017],[-83.55860043361834,37.89784920474017],[-83.55835342557118,37.898008666163626],[-83.55842079140224,37.89792007652658]]]}},{"type":"Feature","properties":{"kind":"sunrise","strength":0.52,"hard":false,"sector":"ring-r1c5"},"geometry":{"type":"Polygon","coordinates":[[[-83.55893726277355,37.93],[-83.55878007583446,37.92989400637384],[-83.5586902547264,37.92989400637384],[-83.55864534417236,37.929929426842676],[-83.55860043361834,37.92991171661039],[-83.55871271000342,37.92985858588795],[-83.55873516528042,37.92980545512711],[-83.55882498638847,37.92980545512711],[-83.55898217332758,37.93],[-83.55893726277355,37.93]]]}},{"type":"Feature","properties":{"kind":"sunrise","strength":0.52,"hard":false,"sector":"ring-r1c5"},"geometry":{"type":"Polygon","coordinates":[[[-83.55907199443563,37.91691125537519],[-83.55878007583446,37.916769548313724],[-83.5586902547264,37.91680497510468],[-83.55864534417236,37.916787261711335],[-83.55875762055744,37.91673412150569],[-83.55878007583446,37.91668098126167],[-83.55884744166549,37.91668098126167],[-83.5588698969425,37.916769548313724],[-83.55907199443563,37.91691125537519]]]}},{"type":"Feature","properties":{"kind":"sunrise","strength":0.52,"hard":false,"sector":"ring-r1c5"},"geometry":{"type":"Polygon","coordinates":[[[-83.55880253111148,37.926281028912896],[-83.55880253111148,37.92622789556679],[-83.5588698969425,37.92629874001974],[-83.55895971805056,37.92624560668642],[-83.55895971805056,37.926369584404426],[-83.5588698969425,37.92638729548993],[-83.55884744166549,37.92629874001974],[-83.55880253111148,37.926281028912896]]]}},{"type":"Feature","properties":{"kind":"sunrise","strength":0.52,"hard":false,"sector":"ring-r1c5"},"geometry":{"type":"Polygon","coordinates":[[[-83.55927409192876,37.8979555123942],[-83.55909444971265,37.897831486782906],[-83.55922918137472,37.897866922693176],[-83.55949864469889,37.89770746096263],[-83.55956601052993,37.897512562822804],[-83.5598579291311,37.89747712674194],[-83.55990283968514,37.89740625452903],[-83.55988038440813,37.89756571691212],[-83.55972319746903,37.89756571691212],[-83.559655831638,37.89760115295033],[-83.55961092108396,37.89781376882137],[-83.55954355525292,37.897831486782906],[-83.55943127886786,37.897937794462514],[-83.55927409192876,37.8979555123942]]]}},{"type":"Feature","properties":{"kind":"sunrise","strength":0.52,"hard":false,"sector":"ring-r1c5"},"geometry":{"type":"Polygon","coordinates":[[[-83.559678286915,37.92642271764815],[-83.55958846580694,37.92635187331465],[-83.55976810802306,37.926369584404426],[-83.5598579291311,37.926210184442894],[-83.55981301857709,37.92613933990463],[-83.55983547385411,37.92610391760989],[-83.55997020551618,37.92624560668642],[-83.55994775023916,37.92638729548993],[-83.5598579291311,37.92647585085348],[-83.559678286915,37.92642271764815]]]}},{"type":"Feature","properties":{"kind":"sunrise","strength":0.52,"hard":false,"sector":"ring-r1c5"},"geometry":{"type":"Polygon","coordinates":[[[-83.56008248190126,37.91774377884791],[-83.55994775023916,37.91767292615325],[-83.55979056330008,37.91763749978033],[-83.559655831638,37.917354088182684],[-83.55979056330008,37.91746036765978],[-83.55983547385411,37.917566646983296],[-83.56010493717827,37.917584360188954],[-83.56019475828633,37.91763749978033],[-83.56019475828633,37.91770835250911],[-83.56008248190126,37.91788548403247],[-83.56008248190126,37.91774377884791]]]}},{"type":"Feature","properties":{"kind":"sunrise","strength":0.52,"hard":false,"sector":"ring-r1c5"},"geometry":{"type":"Polygon","coordinates":[[[-83.5603070346714,37.92622789556679],[-83.56012739245529,37.92610391760989],[-83.5603070346714,37.92613933990463],[-83.56035194522542,37.92608620645613],[-83.56044176633347,37.92608620645613],[-83.56048667688749,37.9260507841358],[-83.56044176633347,37.92594451707244],[-83.56059895327256,37.92608620645613],[-83.56059895327256,37.926174762182285],[-83.56050913216453,37.926174762182285],[-83.56044176633347,37.92622789556679],[-83.5603070346714,37.92622789556679]]]}},{"type":"Feature","properties":{"kind":"sunrise","strength":0.52,"hard":false,"sector":"ring-r1c5"},"geometry":{"type":"Polygon","coordinates":[[[-83.56089087187375,37.917566646983296],[-83.56109296936687,37.91770835250911],[-83.56077859548869,37.91763749978033],[-83.56073368493466,37.91776149201091],[-83.56075614021167,37.917548933773375],[-83.56089087187375,37.917566646983296]]]}},{"type":"Feature","properties":{"kind":"sunrise","strength":0.52,"hard":false,"sector":"ring-r1c5"},"geometry":{"type":"Polygon","coordinates":[[[-83.56084596131973,37.926015361798406],[-83.5609806929818,37.92585596106898],[-83.56095823770478,37.92596222826033],[-83.5610031482588,37.92599765062332],[-83.56109296936687,37.92596222826033],[-83.56113787992089,37.925979939443955],[-83.56095823770478,37.92608620645613],[-83.56084596131973,37.92608620645613],[-83.56084596131973,37.926015361798406]]]}},{"type":"Feature","properties":{"kind":"sunrise","strength":0.52,"hard":false,"sector":"ring-r1c5"},"geometry":{"type":"Polygon","coordinates":[[[-83.56140734324507,37.892604503183094],[-83.56125015630596,37.892462749306304],[-83.56125015630596,37.892391872265556],[-83.56138488796805,37.892391872265556],[-83.5616318960152,37.89253362627882],[-83.56158698546116,37.892551345511286],[-83.56156453018416,37.89251590704208],[-83.56140734324507,37.89248046855583],[-83.56136243269103,37.89251590704208],[-83.56140734324507,37.892604503183094]]]}},{"type":"Feature","properties":{"kind":"sunrise","strength":0.52,"hard":false,"sector":"ring-r1c5"},"geometry":{"type":"Polygon","coordinates":[[[-83.56158698546116,37.891186952132635],[-83.5616543512922,37.8912401107896],[-83.56169926184624,37.8912401107896],[-83.56169926184624,37.89116923257178],[-83.56174417240027,37.891186952132635],[-83.56174417240027,37.89132870846593],[-83.5616543512922,37.89132870846593],[-83.56160944073818,37.89129326940819],[-83.56158698546116,37.891186952132635]]]}},{"type":"Feature","properties":{"kind":"sunrise","strength":0.52,"hard":false,"sector":"ring-r1c5"},"geometry":{"type":"Polygon","coordinates":[[[-83.56176662767729,37.91912539275181],[-83.56183399350833,37.91900140282047],[-83.56178908295429,37.91891283845583],[-83.56172171712326,37.91891283845583],[-83.56172171712326,37.918806561077496],[-83.56178908295429,37.91871799647824],[-83.56178908295429,37.918470015032966],[-83.5616543512922,37.918044902038766],[-83.56181153823131,37.918186606643175],[-83.56181153823131,37.91829288491732],[-83.56190135933937,37.918523153984495],[-83.56190135933937,37.918806561077496],[-83.56194626989338,37.918841986887344],[-83.56194626989338,37.91893055133729],[-83.56214836738653,37.91903682853647],[-83.56214836738653,37.91910767991728],[-83.56210345683249,37.919054541388064],[-83.56199118044741,37.91907225423541],[-83.56194626989338,37.91910767991728],[-83.56194626989338,37.919178531229825],[-83.56176662767729,37.91912539275181]]]}},{"type":"Feature","properties":{"kind":"sunrise","strength":0.52,"hard":false,"sector":"ring-r1c5"},"geometry":{"type":"Polygon","coordinates":[[[-83.56212591210951,37.897370818396986],[-83.5623055543256,37.897299946081716],[-83.56239537543367,37.897317664166934],[-83.56237292015665,37.89740625452903],[-83.5623055543256,37.897459408695106],[-83.5622606437716,37.897459408695106],[-83.56228309904859,37.897370818396986],[-83.56212591210951,37.897370818396986]]]}},{"type":"Feature","properties":{"kind":"sunrise","strength":0.52,"hard":false,"sector":"ring-r1c5"},"geometry":{"type":"Polygon","coordinates":[[[-83.56223818849458,37.8971759193658],[-83.56219327794055,37.89712276499499],[-83.56232800960261,37.897140483122854],[-83.5623055543256,37.89703417429169],[-83.56244028598769,37.89715820124646],[-83.56239537543367,37.89722907369821],[-83.56223818849458,37.8971759193658]]]}},{"type":"Feature","properties":{"kind":"sunrise","strength":0.52,"hard":false,"sector":"ring-r1c5"},"geometry":{"type":"Polygon","coordinates":[[[-83.56241783071067,37.89683927436913],[-83.5622606437716,37.89675068332464],[-83.56237292015665,37.89675068332464],[-83.56239537543367,37.89667981041227],[-83.56221573321756,37.89655578265144],[-83.56221573321756,37.89652034610995],[-83.5623055543256,37.89648490955141],[-83.5622606437716,37.89632544482687],[-83.56237292015665,37.89623685316395],[-83.5626423834808,37.89616597975686],[-83.56246274126471,37.896290008174496],[-83.56244028598769,37.89639631808042],[-83.56239537543367,37.896414036383156],[-83.56241783071067,37.8966443739305],[-83.56250765181873,37.89675068332464],[-83.56250765181873,37.89683927436913],[-83.56241783071067,37.89683927436913]]]}},{"type":"Feature","properties":{"kind":"sunrise","strength":0.52,"hard":false,"sector":"ring-r1c5"},"geometry":{"type":"Polygon","coordinates":[[[-83.56253010709575,37.91914310558209],[-83.56248519654173,37.91907225423541],[-83.56241783071067,37.91910767991728],[-83.56237292015665,37.91908996707848],[-83.56250765181873,37.91900140282047],[-83.5626423834808,37.918983689956086],[-83.56261992820382,37.91910767991728],[-83.56248519654173,37.9192139568605],[-83.56253010709575,37.91914310558209]]]}},{"type":"Feature","properties":{"kind":"sunrise","strength":0.52,"hard":false,"sector":"ring-r1c5"},"geometry":{"type":"Polygon","coordinates":[[[-83.56284448097394,37.89671524687699],[-83.56300166791304,37.89657350091577],[-83.56295675735902,37.8966443739305],[-83.56297921263601,37.89669752864676],[-83.56302412319005,37.89671524687699],[-83.56311394429811,37.89667981041227],[-83.56315885485213,37.89669752864676],[-83.56297921263601,37.89680383796412],[-83.56286693625097,37.89680383796412],[-83.56284448097394,37.89671524687699]]]}},{"type":"Feature","properties":{"kind":"sunrise","strength":0.52,"hard":false,"sector":"ring-r1c5"},"geometry":{"type":"Polygon","coordinates":[[[-83.5632711312372,37.921640571945034],[-83.56320376540617,37.921587435245875],[-83.56306903374407,37.9216051474832],[-83.56306903374407,37.92155201075844],[-83.56297921263601,37.921587435245875],[-83.56302412319005,37.92146344946519],[-83.56295675735902,37.92144573719375],[-83.56286693625097,37.92148116173239],[-83.562934302082,37.92142802491805],[-83.56288939152797,37.9213394634755],[-83.56295675735902,37.92135717577254],[-83.56302412319005,37.92144573719375],[-83.56313639957513,37.92144573719375],[-83.56318131012914,37.921374888065316],[-83.56320376540617,37.92153429850833],[-83.56315885485213,37.92155201075844],[-83.56322622068318,37.921569723004296],[-83.5632711312372,37.921640571945034]]]}},{"type":"Feature","properties":{"kind":"sunrise","strength":0.52,"hard":false,"sector":"ring-r1c5"},"geometry":{"type":"Polygon","coordinates":[[[-83.5632711312372,37.921640571945034],[-83.5634283181763,37.92178226962176],[-83.5634283181763,37.921870830531084],[-83.56329358651423,37.921870830531084],[-83.56322622068318,37.921817693998285],[-83.56315885485213,37.921817693998285],[-83.56318131012914,37.92178226962176],[-83.5632711312372,37.92178226962176],[-83.56331604179124,37.921746845228185],[-83.5632711312372,37.921640571945034]]]}},{"type":"Feature","properties":{"kind":"sunrise","strength":0.52,"hard":false,"sector":"ring-r1c5"},"geometry":{"type":"Polygon","coordinates":[[[-83.56347322873033,37.92142802491805],[-83.56333849706824,37.9213217511742],[-83.56365287094644,37.92139260035382],[-83.56376514733151,37.92139260035382],[-83.5638998789936,37.9213394634755],[-83.5639223342706,37.921268614244674],[-83.56383251316254,37.92114462792649],[-83.56394478954763,37.92118005261016],[-83.56412443176372,37.92130403886861],[-83.56421425287178,37.92128632655878],[-83.5642367081488,37.9211977649456],[-83.5642367081488,37.921374888065316],[-83.56405706593267,37.921374888065316],[-83.56401215537866,37.92144573719375],[-83.5639223342706,37.92148116173239],[-83.56372023677747,37.92148116173239],[-83.56347322873033,37.92142802491805]],[[-83.56401215537866,37.9213217511742],[-83.56405706593267,37.9213217511742],[-83.56405706593267,37.92128632655878],[-83.56398970010166,37.921268614244674],[-83.56401215537866,37.9213217511742]]]}},{"type":"Feature","properties":{"kind":"sunrise","strength":0.52,"hard":false,"sector":"ring-r1c5"},"geometry":{"type":"Polygon","coordinates":[[[-83.56336095234525,37.89692786530699],[-83.56351813928437,37.89678611975522],[-83.56347322873033,37.896856992565226],[-83.56349568400734,37.896910147127954],[-83.56354059456137,37.89692786530699],[-83.56363041566944,37.89692786530699],[-83.56367532622345,37.89689242894464],[-83.56372023677747,37.896910147127954],[-83.56354059456137,37.89701645613824],[-83.56338340762227,37.89701645613824],[-83.56336095234525,37.89692786530699]]]}},{"type":"Feature","properties":{"kind":"sunrise","strength":0.52,"hard":false,"sector":"ring-r1c5"},"geometry":{"type":"Polygon","coordinates":[[[-83.56338340762227,37.91908996707848],[-83.56347322873033,37.918965977087424],[-83.5635630498384,37.918965977087424],[-83.5635855051154,37.919054541388064],[-83.56354059456137,37.9191962440473],[-83.56351813928437,37.919054541388064],[-83.56338340762227,37.91908996707848]]]}},{"type":"Feature","properties":{"kind":"sunrise","strength":0.52,"hard":false,"sector":"ring-r1c5"},"geometry":{"type":"Polygon","coordinates":[[[-83.5635630498384,37.92231363347794],[-83.56349568400734,37.92215422472421],[-83.56338340762227,37.922136512619126],[-83.56367532622345,37.922136512619126],[-83.56365287094644,37.9222782093403],[-83.56351813928437,37.92238448170201],[-83.5635630498384,37.92231363347794]]]}},{"type":"Feature","properties":{"kind":"sunrise","strength":0.52,"hard":false,"sector":"ring-r1c5"},"geometry":{"type":"Polygon","coordinates":[[[-83.5639223342706,37.894854809417055],[-83.5638998789936,37.89487252809082],[-83.5638998789936,37.89483709073902],[-83.56405706593267,37.89483709073902],[-83.56407952120969,37.894748497284844],[-83.5642367081488,37.894695341161174],[-83.56430407397984,37.894624466269896],[-83.56439389508789,37.894624466269896],[-83.564573537304,37.89455359131037],[-83.56416934231775,37.894819372056716],[-83.56416934231775,37.89490796542558],[-83.56405706593267,37.89490796542558],[-83.5639223342706,37.894854809417055]]]}},{"type":"Feature","properties":{"kind":"sunrise","strength":0.52,"hard":false,"sector":"ring-r1c5"},"geometry":{"type":"Polygon","coordinates":[[[-83.5638998789936,37.89561670853815],[-83.56403461065567,37.89520918208221],[-83.56403461065567,37.89512058907585],[-83.56396724482464,37.894996558687836],[-83.56398970010166,37.89496112139573],[-83.56410197648671,37.895067433220866],[-83.56410197648671,37.89520918208221],[-83.56403461065567,37.89529777498194],[-83.56403461065567,37.89551039750628],[-83.5638998789936,37.89561670853815]]]}},{"type":"Feature","properties":{"kind":"sunrise","strength":0.52,"hard":false,"sector":"ring-r1c5"},"geometry":{"type":"Polygon","coordinates":[[[-83.56443880564191,37.89671524687699],[-83.56450617147296,37.896608937431665],[-83.56464090313504,37.896538064382824],[-83.56459599258102,37.89667981041227],[-83.56455108202698,37.89671524687699],[-83.56443880564191,37.89671524687699]]]}},{"type":"Feature","properties":{"kind":"sunrise","strength":0.52,"hard":false,"sector":"ring-r1c5"},"geometry":{"type":"Polygon","coordinates":[[[-83.56461844785804,37.929699193490244],[-83.56468581368908,37.92975232432787],[-83.56473072424309,37.92973461405293],[-83.56477563479712,37.92975232432787],[-83.56464090313504,37.929770034598555],[-83.56461844785804,37.929699193490244]]]}},{"type":"Feature","properties":{"kind":"sunrise","strength":0.52,"hard":false,"sector":"ring-r1c5"},"geometry":{"type":"Polygon","coordinates":[[[-83.56466335841206,37.92098521663883],[-83.56475317952011,37.921073778507974],[-83.56482054535115,37.921073778507974],[-83.56486545590518,37.921002929021185],[-83.56495527701324,37.92102064139928],[-83.56484300062817,37.921126915578256],[-83.56464090313504,37.921162340270456],[-83.56466335841206,37.92098521663883]]]}},{"type":"Feature","properties":{"kind":"sunrise","strength":0.52,"hard":false,"sector":"ring-r1c5"},"geometry":{"type":"Polygon","coordinates":[[[-83.56482054535115,37.89613054302772],[-83.56477563479712,37.89602423273795],[-83.5647082689661,37.89605966951827],[-83.56466335841206,37.896041951130236],[-83.56484300062817,37.89593564071252],[-83.56493282173622,37.89593564071252],[-83.5649103664592,37.89627228984191],[-83.56477563479712,37.89639631808042],[-83.56482054535115,37.89613054302772]]]}},{"type":"Feature","properties":{"kind":"sunrise","strength":0.52,"hard":false,"sector":"ring-r1c5"},"geometry":{"type":"Polygon","coordinates":[[[-83.5648879111822,37.92991171661039],[-83.56484300062817,37.93],[-83.5647082689661,37.93],[-83.5647082689661,37.92991171661039],[-83.56500000000001,37.929840875638604],[-83.56493282173622,37.92991171661039],[-83.5648879111822,37.92991171661039]]]}},{"type":"Feature","properties":{"kind":"sunrise","strength":0.68,"hard":false,"sector":"ring-r1c5"},"geometry":{"type":"Polygon","coordinates":[[[-83.52824089909575,37.89848704836124],[-83.52846545186587,37.89845161274953],[-83.52857772825095,37.898504766160706],[-83.52846545186587,37.898504766160706],[-83.52839808603484,37.89846933055752],[-83.52824089909575,37.89848704836124]]]}},{"type":"Feature","properties":{"kind":"sunrise","strength":0.68,"hard":false,"sector":"ring-r1c5"},"geometry":{"type":"Polygon","coordinates":[[[-83.52877982574407,37.89877053264082],[-83.52855527297393,37.89868194392073],[-83.52871245991302,37.89868194392073],[-83.52871245991302,37.89861107286791],[-83.52860018352797,37.8985224839559],[-83.52864509408198,37.8985224839559],[-83.52880228102109,37.89864650840285],[-83.52884719157511,37.89873509716558],[-83.52877982574407,37.89877053264082]]]}},{"type":"Feature","properties":{"kind":"sunrise","strength":0.68,"hard":false,"sector":"ring-r1c5"},"geometry":{"type":"Polygon","coordinates":[[[-83.5397829114808,37.916043295338795],[-83.53996255369692,37.91597244100611],[-83.5399400984199,37.91588387299428],[-83.53996255369692,37.915848445759686],[-83.54005237480499,37.91593701381417],[-83.54005237480499,37.91602558176202],[-83.54000746425096,37.9160610089113],[-83.5397829114808,37.916043295338795]]]}},{"type":"Feature","properties":{"kind":"sunrise","strength":0.68,"hard":false,"sector":"ring-r1c5"},"geometry":{"type":"Polygon","coordinates":[[[-83.54027692757512,37.915830732135994],[-83.54038920396019,37.91577759123931],[-83.5402544722981,37.91590158660517],[-83.540097285359,37.91590158660517],[-83.540097285359,37.915830732135994],[-83.54027692757512,37.915830732135994]]]}},{"type":"Feature","properties":{"kind":"sunrise","strength":0.68,"hard":false,"sector":"ring-r1c5"},"geometry":{"type":"Polygon","coordinates":[[[-83.54050148034524,37.91563588199381],[-83.54047902506824,37.91554731357673],[-83.54038920396019,37.915494172475306],[-83.54038920396019,37.91544103133549],[-83.54050148034524,37.91542331761369],[-83.54045656979122,37.91524618016101],[-83.54034429340616,37.91524618016101],[-83.54029938285213,37.915281607685685],[-83.5402544722981,37.915263893925484],[-83.5404341145142,37.91515761127473],[-83.54054639089928,37.91513989748467],[-83.5405913014533,37.91519303884204],[-83.54050148034524,37.915281607685685],[-83.54050148034524,37.9153524626838],[-83.5405688461763,37.91540560388761],[-83.5405688461763,37.91552959988053],[-83.54052393562226,37.91554731357673],[-83.54050148034524,37.91563588199381]]]}},{"type":"Feature","properties":{"kind":"sunrise","strength":0.68,"hard":false,"sector":"ring-r1c5"},"geometry":{"type":"Polygon","coordinates":[[[-83.55455848375587,37.896608937431665],[-83.55449111792483,37.8966443739305],[-83.55471567069495,37.89650262783282],[-83.55480549180301,37.89652034610995],[-83.55471567069495,37.89675068332464],[-83.55471567069495,37.89662665568322],[-83.55455848375587,37.896608937431665]]]}},{"type":"Feature","properties":{"kind":"sunrise","strength":0.68,"hard":false,"sector":"ring-r1c5"},"geometry":{"type":"Polygon","coordinates":[[[-83.55491776818809,37.89866422616392],[-83.55469321541794,37.8985224839559],[-83.55482794708004,37.8985579195335],[-83.55485040235705,37.89843389493727],[-83.55498513401913,37.89862879063751],[-83.55491776818809,37.89866422616392]]]}},{"type":"Feature","properties":{"kind":"sunrise","strength":0.68,"hard":false,"sector":"ring-r1c5"},"geometry":{"type":"Polygon","coordinates":[[[-83.5552545973433,37.89657350091577],[-83.55527705262031,37.8964494729758],[-83.55536687372835,37.8964494729758],[-83.55556897122149,37.89652034610995],[-83.55570370288356,37.89662665568322],[-83.55547915011343,37.89655578265144],[-83.55532196317434,37.89655578265144],[-83.55529950789733,37.89669752864676],[-83.5552545973433,37.89657350091577]]]}},{"type":"Feature","properties":{"kind":"sunrise","strength":0.68,"hard":false,"sector":"ring-r1c5"},"geometry":{"type":"Polygon","coordinates":[[[-83.55707347478142,37.89873509716558],[-83.5568938325653,37.89862879063751],[-83.55693874311932,37.89848704836124],[-83.5570510195044,37.89846933055752],[-83.55725311699752,37.89832758797418],[-83.55747766976765,37.89830987013207],[-83.55756749087571,37.89818584511787],[-83.55767976726078,37.898150409361136],[-83.55767976726078,37.89809725569406],[-83.55797168586196,37.89811497358735],[-83.558039051693,37.898061819894686],[-83.55812887280105,37.898061819894686],[-83.55819623863209,37.898008666163626],[-83.55830851501716,37.897990948244754],[-83.55846570195625,37.89781376882137],[-83.55873516528042,37.8977428969326],[-83.55835342557118,37.897973230321604],[-83.55826360446314,37.898150409361136],[-83.55815132807805,37.89816812724164],[-83.55808396224703,37.89822128085754],[-83.55781449892285,37.89820356298984],[-83.55776958836883,37.89827443443505],[-83.55765731198376,37.89830987013207],[-83.55758994615272,37.89841617712075],[-83.55736539338258,37.89843389493727],[-83.5572306617205,37.898504766160706],[-83.55714084061245,37.89857563731589],[-83.5572306617205,37.89868194392073],[-83.5572306617205,37.89873509716558],[-83.5570510195044,37.898912274371156],[-83.55709593005842,37.89885912125427],[-83.55707347478142,37.89873509716558]]]}},{"type":"Feature","properties":{"kind":"sunrise","strength":0.68,"hard":false,"sector":"ring-r1c5"},"geometry":{"type":"Polygon","coordinates":[[[-83.55714084061245,37.91981618997138],[-83.55691628784231,37.91967448850658],[-83.55698365367336,37.91970991389838],[-83.55716329588945,37.91969220120462],[-83.55716329588945,37.919603637671806],[-83.55711838533543,37.91958592495244],[-83.55714084061245,37.91955049950093],[-83.55725311699752,37.91965677580429],[-83.55729802755155,37.91976305195408],[-83.5572306617205,37.91981618997138],[-83.55714084061245,37.91981618997138]]]}},{"type":"Feature","properties":{"kind":"sunrise","strength":0.68,"hard":false,"sector":"ring-r1c5"},"geometry":{"type":"Polygon","coordinates":[[[-83.55718575116647,37.929947137070684],[-83.55729802755155,37.93],[-83.55716329588945,37.93],[-83.55718575116647,37.929947137070684]]]}},{"type":"Feature","properties":{"kind":"sunrise","strength":0.68,"hard":false,"sector":"ring-r1c5"},"geometry":{"type":"Polygon","coordinates":[[[-83.5575450355987,37.91974533927311],[-83.55743275921363,37.91965677580429],[-83.55758994615272,37.91969220120462],[-83.55770222253778,37.91963906309773],[-83.55772467781482,37.91955049950093],[-83.55783695419987,37.91956821222881],[-83.5578818647539,37.91963906309773],[-83.55799414113898,37.919621350386905],[-83.55794923058495,37.91974533927311],[-83.55779204364583,37.91974533927311],[-83.55770222253778,37.91979847730322],[-83.5575450355987,37.91974533927311]]]}},{"type":"Feature","properties":{"kind":"sunrise","strength":0.68,"hard":false,"sector":"ring-r1c5"},"geometry":{"type":"Polygon","coordinates":[[[-83.55794923058495,37.91639756597846],[-83.55785940947689,37.916362138991275],[-83.55783695419987,37.916238144401746],[-83.55776958836883,37.916238144401746],[-83.55772467781482,37.916167290256766],[-83.55765731198376,37.916167290256766],[-83.55767976726078,37.91613186315867],[-83.55797168586196,37.916167290256766],[-83.55799414113898,37.91627357144866],[-83.55806150697002,37.91627357144866],[-83.55810641752404,37.916362138991275],[-83.55792677530792,37.91653927375657],[-83.55797168586196,37.91648613337177],[-83.55794923058495,37.91639756597846]]]}},{"type":"Feature","properties":{"kind":"sunrise","strength":0.68,"hard":false,"sector":"ring-r1c5"},"geometry":{"type":"Polygon","coordinates":[[[-83.55785940947689,37.92991171661039],[-83.5578818647539,37.93],[-83.55772467781482,37.93],[-83.55779204364583,37.92991171661039],[-83.55785940947689,37.92991171661039]]]}},{"type":"Feature","properties":{"kind":"sunrise","strength":0.68,"hard":false,"sector":"ring-r1c5"},"geometry":{"type":"Polygon","coordinates":[[[-83.55835342557118,37.91666326783846],[-83.5582186939091,37.91653927375657],[-83.55812887280105,37.91653927375657],[-83.55810641752404,37.91657470065844],[-83.55806150697002,37.91655698720964],[-83.55819623863209,37.91646841990163],[-83.55833097029418,37.916432992948586],[-83.55851061251029,37.91659241410297],[-83.55846570195625,37.91673412150569],[-83.55833097029418,37.91684040187859],[-83.55837588084822,37.916787261711335],[-83.55835342557118,37.91666326783846]]]}},{"type":"Feature","properties":{"kind":"sunrise","strength":0.68,"hard":false,"sector":"ring-r1c5"},"geometry":{"type":"Polygon","coordinates":[[[-83.55898217332758,37.91694668209791],[-83.55871271000342,37.91692896873869],[-83.55866779944938,37.916875828635426],[-83.55857797834132,37.916875828635426],[-83.55855552306431,37.91691125537519],[-83.55851061251029,37.916893542007436],[-83.55864534417236,37.91680497510468],[-83.55878007583446,37.916769548313724],[-83.55882498638847,37.916822688493774],[-83.55907199443563,37.91691125537519],[-83.5592067260977,37.917017535492135],[-83.55898217332758,37.91694668209791]]]}},{"type":"Feature","properties":{"kind":"sunrise","strength":0.68,"hard":false,"sector":"ring-r1c5"},"geometry":{"type":"Polygon","coordinates":[[[-83.55851061251029,37.93],[-83.5586902547264,37.92989400637384],[-83.55878007583446,37.92989400637384],[-83.55893726277355,37.93],[-83.55851061251029,37.93]]]}},{"type":"Feature","properties":{"kind":"sunrise","strength":0.68,"hard":false,"sector":"ring-r1c5"},"geometry":{"type":"Polygon","coordinates":[[[-83.55880253111148,37.92615705104559],[-83.55891480749654,37.9260684952981],[-83.5588698969425,37.926174762182285],[-83.55895971805056,37.92619247331472],[-83.5590270838816,37.92615705104559],[-83.5590270838816,37.926174762182285],[-83.55895971805056,37.926210184442894],[-83.55891480749654,37.92629874001974],[-83.5588698969425,37.92629874001974],[-83.55880253111148,37.92622789556679],[-83.55880253111148,37.92615705104559]]]}},{"type":"Feature","properties":{"kind":"sunrise","strength":0.68,"hard":false,"sector":"ring-r1c5"},"geometry":{"type":"Polygon","coordinates":[[[-83.5591842708207,37.897866922693176],[-83.55895971805056,37.89772517894975],[-83.5590270838816,37.89776061491119],[-83.55913936026668,37.89776061491119],[-83.55925163665174,37.89768974297123],[-83.55925163665174,37.897654306975674],[-83.55938636831382,37.89760115295033],[-83.55938636831382,37.897547998886616],[-83.55947618942189,37.89744169064402],[-83.55974565274605,37.89740625452903],[-83.55990283968514,37.897282227992235],[-83.55988038440813,37.897459408695106],[-83.55956601052993,37.897512562822804],[-83.55949864469889,37.89770746096263],[-83.55943127886786,37.89772517894975],[-83.55931900248278,37.897831486782906],[-83.5591842708207,37.897866922693176]]]}},{"type":"Feature","properties":{"kind":"sunrise","strength":0.68,"hard":false,"sector":"ring-r1c5"},"geometry":{"type":"Polygon","coordinates":[[[-83.55963337636096,37.926369584404426],[-83.55945373414487,37.92624560668642],[-83.55954355525292,37.926281028912896],[-83.559655831638,37.9262633178018],[-83.55972319746903,37.92612162875938],[-83.55972319746903,37.9260507841358],[-83.559678286915,37.92603307296924],[-83.55970074219202,37.92599765062332],[-83.5598579291311,37.926174762182285],[-83.55983547385411,37.9262633178018],[-83.55976810802306,37.926369584404426],[-83.55963337636096,37.926369584404426]]]}},{"type":"Feature","properties":{"kind":"sunrise","strength":0.68,"hard":false,"sector":"ring-r1c5"},"geometry":{"type":"Polygon","coordinates":[[[-83.55997020551618,37.917850057761925],[-83.55961092108396,37.91769063933331],[-83.559655831638,37.91746036765978],[-83.5595210999759,37.917247808552034],[-83.55970074219202,37.91740722794043],[-83.55979056330008,37.91763749978033],[-83.56008248190126,37.91774377884791],[-83.56008248190126,37.917850057761925],[-83.5599926607932,37.917938623406286],[-83.5600151160702,37.91799176274173],[-83.55997020551618,37.917974049634175],[-83.55997020551618,37.917850057761925]]]}},{"type":"Feature","properties":{"kind":"sunrise","strength":0.68,"hard":false,"sector":"ring-r1c5"},"geometry":{"type":"Polygon","coordinates":[[[-83.56021721356333,37.92613933990463],[-83.5600151160702,37.926015361798406],[-83.56019475828633,37.92603307296924],[-83.56023966884034,37.925979939443955],[-83.56035194522542,37.925979939443955],[-83.56037440050243,37.92590909468385],[-83.56048667688749,37.926015361798406],[-83.56044176633347,37.92608620645613],[-83.56035194522542,37.92608620645613],[-83.5603070346714,37.92613933990463],[-83.56021721356333,37.92613933990463]]]}},{"type":"Feature","properties":{"kind":"sunrise","strength":0.68,"hard":false,"sector":"ring-r1c5"},"geometry":{"type":"Polygon","coordinates":[[[-83.56086841659673,37.91786777089933],[-83.56075614021167,37.91776149201091],[-83.56075614021167,37.917655212968924],[-83.56084596131973,37.91763749978033],[-83.56109296936687,37.91770835250911],[-83.56122770102895,37.91781463147431],[-83.5609806929818,37.91774377884791],[-83.56086841659673,37.91774377884791],[-83.56084596131973,37.91776149201091],[-83.56084596131973,37.91781463147431],[-83.56089087187375,37.917832344620244],[-83.56086841659673,37.91786777089933]]]}},{"type":"Feature","properties":{"kind":"sunrise","strength":0.68,"hard":false,"sector":"ring-r1c5"},"geometry":{"type":"Polygon","coordinates":[[[-83.56095823770478,37.92596222826033],[-83.5609806929818,37.92585596106898],[-83.56102560353582,37.92589138348316],[-83.56116033519793,37.92589138348316],[-83.56127261158296,37.92578511618944],[-83.56125015630596,37.92587367227821],[-83.56113787992089,37.92596222826033],[-83.5610031482588,37.92599765062332],[-83.56095823770478,37.92596222826033]]]}},{"type":"Feature","properties":{"kind":"sunrise","strength":0.68,"hard":false,"sector":"ring-r1c5"},"geometry":{"type":"Polygon","coordinates":[[[-83.56154207490715,37.892710818411565],[-83.56136243269103,37.89253362627882],[-83.56140734324507,37.89248046855583],[-83.56151961963013,37.892498187801095],[-83.56167680656922,37.892586783963424],[-83.56149716435313,37.892604503183094],[-83.56154207490715,37.892710818411565]]]}},{"type":"Feature","properties":{"kind":"sunrise","strength":0.68,"hard":false,"sector":"ring-r1c5"},"geometry":{"type":"Polygon","coordinates":[[[-83.56145225379909,37.925342334145796],[-83.56142979852207,37.92551944728321],[-83.56142979852207,37.925342334145796],[-83.56145225379909,37.925342334145796]]]}},{"type":"Feature","properties":{"kind":"sunrise","strength":0.68,"hard":false,"sector":"ring-r1c5"},"geometry":{"type":"Polygon","coordinates":[[[-83.56237292015665,37.9191962440473],[-83.56217082266353,37.9191962440473],[-83.56214836738653,37.91916081840809],[-83.56208100155547,37.91916081840809],[-83.56201363572443,37.91926709527453],[-83.56192381461639,37.91923166966944],[-83.56178908295429,37.91923166966944],[-83.56178908295429,37.91926709527453],[-83.56172171712326,37.91924938247411],[-83.56172171712326,37.919054541388064],[-83.56158698546116,37.91900140282047],[-83.56156453018416,37.918753422330745],[-83.5616543512922,37.91862943177234],[-83.5616543512922,37.91832831097458],[-83.56151961963013,37.917938623406286],[-83.56169926184624,37.91811575437509],[-83.56178908295429,37.918470015032966],[-83.56178908295429,37.91871799647824],[-83.56172171712326,37.918806561077496],[-83.56172171712326,37.91891283845583],[-83.56178908295429,37.91891283845583],[-83.56183399350833,37.91900140282047],[-83.56176662767729,37.91912539275181],[-83.56194626989338,37.919178531229825],[-83.56194626989338,37.91910767991728],[-83.56199118044741,37.91907225423541],[-83.56210345683249,37.919054541388064],[-83.56219327794055,37.919178531229825],[-83.56228309904859,37.919178531229825],[-83.56246274126471,37.91907225423541],[-83.56253010709575,37.91910767991728],[-83.56248519654173,37.9192139568605],[-83.56235046487964,37.91932023365017],[-83.56239537543367,37.91926709527453],[-83.56237292015665,37.9191962440473]]]}},{"type":"Feature","properties":{"kind":"sunrise","strength":0.68,"hard":false,"sector":"ring-r1c5"},"geometry":{"type":"Polygon","coordinates":[[[-83.56160944073818,37.891222391241556],[-83.56154207490715,37.89109835428572],[-83.5616543512922,37.89113379343727],[-83.56169926184624,37.8910629151171],[-83.56169926184624,37.8912401107896],[-83.56160944073818,37.891222391241556]]]}},{"type":"Feature","properties":{"kind":"sunrise","strength":0.68,"hard":false,"sector":"ring-r1c5"},"geometry":{"type":"Polygon","coordinates":[[[-83.56232800960261,37.89602423273795],[-83.56241783071067,37.896041951130236],[-83.56246274126471,37.896006514341394],[-83.56241783071067,37.89605966951827],[-83.56244028598769,37.89613054302772],[-83.56257501764979,37.89613054302772],[-83.56270974931185,37.89609510628153],[-83.56273220458887,37.89605966951827],[-83.56277711514291,37.89607738790203],[-83.5626423834808,37.89616597975686],[-83.56241783071067,37.89621913481858],[-83.56228309904859,37.896290008174496],[-83.5622606437716,37.89636088146217],[-83.5623055543256,37.89648490955141],[-83.56221573321756,37.89652034610995],[-83.56221573321756,37.89655578265144],[-83.56237292015665,37.8966443739305],[-83.56239537543367,37.89673296510294],[-83.56223818849458,37.89675068332464],[-83.56217082266353,37.89671524687699],[-83.5622606437716,37.89669752864676],[-83.5622606437716,37.89662665568322],[-83.56217082266353,37.89657350091577],[-83.56208100155547,37.896431754681615],[-83.56217082266353,37.89639631808042],[-83.56214836738653,37.896201416468934],[-83.56232800960261,37.89609510628153],[-83.56232800960261,37.89602423273795]]]}},{"type":"Feature","properties":{"kind":"sunrise","strength":0.68,"hard":false,"sector":"ring-r1c5"},"geometry":{"type":"Polygon","coordinates":[[[-83.56217082266353,37.897459408695106],[-83.56212591210951,37.897370818396986],[-83.56228309904859,37.897370818396986],[-83.5622606437716,37.897459408695106],[-83.56210345683249,37.897512562822804],[-83.56217082266353,37.897459408695106]]]}},{"type":"Feature","properties":{"kind":"sunrise","strength":0.68,"hard":false,"sector":"ring-r1c5"},"geometry":{"type":"Polygon","coordinates":[[[-83.5622606437716,37.897140483122854],[-83.56214836738653,37.89708732872648],[-83.56223818849458,37.8970696105858],[-83.56223818849458,37.896998737980525],[-83.56219327794055,37.89698101981854],[-83.56223818849458,37.89696330165229],[-83.56232800960261,37.8970696105858],[-83.56232800960261,37.897140483122854],[-83.56228309904859,37.897140483122854],[-83.56228309904859,37.89710504686286],[-83.5622606437716,37.897140483122854]]]}},{"type":"Feature","properties":{"kind":"sunrise","strength":0.68,"hard":false,"sector":"ring-r1c5"},"geometry":{"type":"Polygon","coordinates":[[[-83.56279957041991,37.92155201075844],[-83.56273220458887,37.921587435245875],[-83.56286693625097,37.92148116173239],[-83.56295675735902,37.92144573719375],[-83.56302412319005,37.92146344946519],[-83.56302412319005,37.92153429850833],[-83.56288939152797,37.921675996389816],[-83.56288939152797,37.921569723004296],[-83.56279957041991,37.92155201075844]]]}},{"type":"Feature","properties":{"kind":"sunrise","strength":0.68,"hard":false,"sector":"ring-r1c5"},"geometry":{"type":"Polygon","coordinates":[[[-83.56295675735902,37.92135717577254],[-83.56279957041991,37.92128632655878],[-83.56275465986587,37.92123318960366],[-83.56297921263601,37.92128632655878],[-83.56302412319005,37.9213394634755],[-83.56311394429811,37.9213394634755],[-83.56311394429811,37.92130403886861],[-83.56315885485213,37.92130403886861],[-83.56315885485213,37.92142802491805],[-83.56302412319005,37.92144573719375],[-83.56295675735902,37.92135717577254]]]}},{"type":"Feature","properties":{"kind":"sunrise","strength":0.68,"hard":false,"sector":"ring-r1c5"},"geometry":{"type":"Polygon","coordinates":[[[-83.56297921263601,37.89669752864676],[-83.56300166791304,37.89657350091577],[-83.56311394429811,37.89646719126574],[-83.56311394429811,37.896608937431665],[-83.56322622068318,37.896608937431665],[-83.56329358651423,37.89657350091577],[-83.56306903374407,37.89671524687699],[-83.56297921263601,37.89669752864676]]]}},{"type":"Feature","properties":{"kind":"sunrise","strength":0.68,"hard":false,"sector":"ring-r1c5"},"geometry":{"type":"Polygon","coordinates":[[[-83.56318131012914,37.92172913302499],[-83.56315885485213,37.92162285971625],[-83.56309148902109,37.92162285971625],[-83.56306903374407,37.92165828416957],[-83.56302412319005,37.921640571945034],[-83.56311394429811,37.921587435245875],[-83.56320376540617,37.921587435245875],[-83.56331604179124,37.921746845228185],[-83.56311394429811,37.921817693998285],[-83.56318131012914,37.92172913302499]]]}},{"type":"Feature","properties":{"kind":"sunrise","strength":0.68,"hard":false,"sector":"ring-r1c5"},"geometry":{"type":"Polygon","coordinates":[[[-83.56340586289927,37.92231363347794],[-83.56331604179124,37.922189648921574],[-83.56318131012914,37.922171936825016],[-83.56351813928437,37.922171936825016],[-83.5635630498384,37.92231363347794],[-83.56338340762227,37.92249075391015],[-83.5634283181763,37.922437617825274],[-83.56340586289927,37.92231363347794]]]}},{"type":"Feature","properties":{"kind":"sunrise","strength":0.68,"hard":false,"sector":"ring-r1c5"},"geometry":{"type":"Polygon","coordinates":[[[-83.56412443176372,37.92130403886861],[-83.56394478954763,37.92118005261016],[-83.56407952120969,37.9211977649456],[-83.56428161870284,37.921126915578256],[-83.56421425287178,37.9211977649456],[-83.56421425287178,37.92128632655878],[-83.56412443176372,37.92130403886861]]]}},{"type":"Feature","properties":{"kind":"sunrise","strength":0.68,"hard":false,"sector":"ring-r1c5"},"geometry":{"type":"Polygon","coordinates":[[[-83.56394478954763,37.92118005261016],[-83.56383251316254,37.92114462792649],[-83.5639223342706,37.92130403886861],[-83.56376514733151,37.92139260035382],[-83.5634283181763,37.92135717577254],[-83.56320376540617,37.92123318960366],[-83.5632486759602,37.92121547727676],[-83.5632711312372,37.92125090192631],[-83.56340586289927,37.92125090192631],[-83.56347322873033,37.92128632655878],[-83.56365287094644,37.92128632655878],[-83.56378760260851,37.92123318960366],[-83.56378760260851,37.92114462792649],[-83.56367532622345,37.921002929021185],[-83.56394478954763,37.92118005261016]]]}},{"type":"Feature","properties":{"kind":"sunrise","strength":0.68,"hard":false,"sector":"ring-r1c5"},"geometry":{"type":"Polygon","coordinates":[[[-83.56340586289927,37.919178531229825],[-83.56331604179124,37.91916081840809],[-83.5632486759602,37.9191962440473],[-83.56338340762227,37.91908996707848],[-83.56351813928437,37.919054541388064],[-83.56351813928437,37.9191962440473],[-83.56338340762227,37.919302520862544],[-83.5634283181763,37.91924938247411],[-83.56340586289927,37.919178531229825]]]}},{"type":"Feature","properties":{"kind":"sunrise","strength":0.68,"hard":false,"sector":"ring-r1c5"},"geometry":{"type":"Polygon","coordinates":[[[-83.56349568400734,37.89682155616876],[-83.56363041566944,37.89667981041227],[-83.56365287094644,37.89671524687699],[-83.5636079603924,37.89673296510294],[-83.5636079603924,37.89680383796412],[-83.56376514733151,37.89682155616876],[-83.56385496843957,37.89678611975522],[-83.56363041566944,37.89692786530699],[-83.56349568400734,37.896910147127954],[-83.56349568400734,37.89682155616876]]]}},{"type":"Feature","properties":{"kind":"sunrise","strength":0.68,"hard":false,"sector":"ring-r1c5"},"geometry":{"type":"Polygon","coordinates":[[[-83.56363041566944,37.920914367066736],[-83.5635630498384,37.92089665466305],[-83.5635630498384,37.9208435174264],[-83.5636079603924,37.92082580500565],[-83.56363041566944,37.920914367066736]]]}},{"type":"Feature","properties":{"kind":"sunrise","strength":0.68,"hard":false,"sector":"ring-r1c5"},"geometry":{"type":"Polygon","coordinates":[[[-83.5638998789936,37.89483709073902],[-83.56398970010166,37.894677622444746],[-83.5642591634258,37.89455359131037],[-83.5642591634258,37.89444727874315],[-83.56428161870284,37.894482716282624],[-83.56434898453386,37.894482716282624],[-83.56441635036491,37.89441184118663],[-83.56437143981087,37.894482716282624],[-83.56439389508789,37.894535872559835],[-83.56455108202698,37.89451815380502],[-83.5647082689661,37.89444727874315],[-83.56450617147296,37.89458902879866],[-83.56430407397984,37.894624466269896],[-83.5642367081488,37.894695341161174],[-83.56410197648671,37.89473077858122],[-83.56405706593267,37.89483709073902],[-83.5638998789936,37.89483709073902]]]}},{"type":"Feature","properties":{"kind":"sunrise","strength":0.68,"hard":false,"sector":"ring-r1c5"},"geometry":{"type":"Polygon","coordinates":[[[-83.5638998789936,37.89483709073902],[-83.5638998789936,37.89490796542558],[-83.56398970010166,37.894996558687836],[-83.56403461065567,37.89520918208221],[-83.56394478954763,37.895333212111986],[-83.5639223342706,37.895581271544586],[-83.56376514733151,37.89572301941648],[-83.56381005788553,37.89565214551465],[-83.56383251316254,37.895439523399745],[-83.56394478954763,37.89526233783484],[-83.56387742371658,37.89492568408656],[-83.56387742371658,37.89483709073902],[-83.5638998789936,37.89483709073902]]]}},{"type":"Feature","properties":{"kind":"sunrise","strength":0.68,"hard":false,"sector":"ring-r1c5"},"geometry":{"type":"Polygon","coordinates":[[[-83.56432652925686,37.8966443739305],[-83.56437143981087,37.896608937431665],[-83.564573537304,37.89657350091577],[-83.56434898453386,37.89676840154207],[-83.56416934231775,37.89676840154207],[-83.56432652925686,37.89675068332464],[-83.56432652925686,37.8966443739305]]]}},{"type":"Feature","properties":{"kind":"sunrise","strength":0.68,"hard":false,"sector":"ring-r1c5"},"geometry":{"type":"Polygon","coordinates":[[[-83.56500000000001,37.929840875638604],[-83.5647082689661,37.92991171661039],[-83.5647082689661,37.93],[-83.564573537304,37.93],[-83.564573537304,37.92982316538499],[-83.56448371619594,37.9295929316998],[-83.56461844785804,37.929699193490244],[-83.56464090313504,37.929770034598555],[-83.56475317952011,37.929770034598555],[-83.56484300062817,37.9296814832025],[-83.56479809007413,37.92973461405293],[-83.56482054535115,37.92980545512711],[-83.56500000000001,37.92978774486497],[-83.56500000000001,37.929840875638604]]]}},{"type":"Feature","properties":{"kind":"sunrise","strength":0.68,"hard":false,"sector":"ring-r1c5"},"geometry":{"type":"Polygon","coordinates":[[[-83.56466335841206,37.89646719126574],[-83.56468581368908,37.89614826139442],[-83.56459599258102,37.89613054302772],[-83.56452862674998,37.89616597975686],[-83.56452862674998,37.89614826139442],[-83.56477563479712,37.89602423273795],[-83.56482054535115,37.89605966951827],[-83.56479809007413,37.896343163146646],[-83.56459599258102,37.89655578265144],[-83.56466335841206,37.89646719126574]]]}},{"type":"Feature","properties":{"kind":"sunrise","strength":0.68,"hard":false,"sector":"ring-r1c5"},"geometry":{"type":"Polygon","coordinates":[[[-83.56482054535115,37.921056066142675],[-83.5647082689661,37.921056066142675],[-83.564573537304,37.92093207946616],[-83.56464090313504,37.92096750425221],[-83.5647082689661,37.92096750425221],[-83.56473072424309,37.920914367066736],[-83.5648879111822,37.92096750425221],[-83.56500000000001,37.92094979186132],[-83.56500000000001,37.92098521663883],[-83.56486545590518,37.921002929021185],[-83.56482054535115,37.921056066142675]]]}},{"type":"Feature","properties":{"kind":"sunrise","strength":0.68,"hard":false,"sector":"ring-r1c5"},"geometry":{"type":"Polygon","coordinates":[[[-83.56482054535115,37.92433278111665],[-83.56500000000001,37.92429735795165],[-83.56500000000001,37.92433278111665],[-83.56482054535115,37.92433278111665]]]}},{"type":"Feature","properties":{"kind":"sunrise","strength":0.84,"hard":false,"sector":"ring-r1c5"},"geometry":{"type":"Polygon","coordinates":[[[-83.52826335437275,37.89854020174684],[-83.52819598854173,37.89861107286791],[-83.52819598854173,37.8985224839559],[-83.52828580964976,37.89846933055752],[-83.52857772825095,37.898504766160706],[-83.52871245991302,37.89861107286791],[-83.52871245991302,37.89868194392073],[-83.52855527297393,37.89868194392073],[-83.52857772825095,37.8985579195335],[-83.52851036241991,37.8985224839559],[-83.5283307202038,37.8985579195335],[-83.52826335437275,37.89854020174684]],[[-83.52826335437275,37.89854020174684],[-83.52824089909575,37.8985224839559],[-83.52824089909575,37.89854020174684],[-83.52826335437275,37.89854020174684]]]}},{"type":"Feature","properties":{"kind":"sunrise","strength":0.84,"hard":false,"sector":"ring-r1c5"},"geometry":{"type":"Polygon","coordinates":[[[-83.53973800092677,37.91595472741227],[-83.53987273258886,37.91590158660517],[-83.53987273258886,37.915813018508025],[-83.5399400984199,37.915848445759686],[-83.5399400984199,37.91599015459568],[-83.5397829114808,37.916043295338795],[-83.53955835871066,37.91602558176202],[-83.53971554564978,37.916007868180984],[-83.53973800092677,37.91595472741227]]]}},{"type":"Feature","properties":{"kind":"sunrise","strength":0.84,"hard":false,"sector":"ring-r1c5"},"geometry":{"type":"Polygon","coordinates":[[[-83.54041165923721,37.91552959988053],[-83.54036674868317,37.91551188618005],[-83.54036674868317,37.91544103133549],[-83.54038920396019,37.91544103133549],[-83.54041165923721,37.91552959988053]]]}},{"type":"Feature","properties":{"kind":"sunrise","strength":0.84,"hard":false,"sector":"ring-r1c5"},"geometry":{"type":"Polygon","coordinates":[[[-83.54041165923721,37.91552959988053],[-83.54050148034524,37.91558274095636],[-83.54047902506824,37.91570673665069],[-83.54027692757512,37.915848445759686],[-83.54011974063602,37.915848445759686],[-83.54007483008198,37.91577759123931],[-83.5402320170211,37.91577759123931],[-83.54027692757512,37.915724450304246],[-83.54036674868317,37.915724450304246],[-83.54045656979122,37.915671309330776],[-83.54045656979122,37.91556502726868],[-83.54041165923721,37.91552959988053]]]}},{"type":"Feature","properties":{"kind":"sunrise","strength":0.84,"hard":false,"sector":"ring-r1c5"},"geometry":{"type":"Polygon","coordinates":[[[-83.54038920396019,37.91544103133549],[-83.54036674868317,37.91533474894067],[-83.5402320170211,37.91533474894067],[-83.54018710646706,37.91537017642267],[-83.54014219591303,37.9153524626838],[-83.54034429340616,37.91524618016101],[-83.54045656979122,37.91524618016101],[-83.54050148034524,37.91542331761369],[-83.54038920396019,37.91544103133549]]]}},{"type":"Feature","properties":{"kind":"sunrise","strength":0.84,"hard":false,"sector":"ring-r1c5"},"geometry":{"type":"Polygon","coordinates":[[[-83.55462584958691,37.89682155616876],[-83.55462584958691,37.89673296510294],[-83.55442375209378,37.89671524687699],[-83.55455848375587,37.896608937431665],[-83.55471567069495,37.89662665568322],[-83.55471567069495,37.89671524687699],[-83.55462584958691,37.89682155616876]]]}},{"type":"Feature","properties":{"kind":"sunrise","strength":0.84,"hard":false,"sector":"ring-r1c5"},"geometry":{"type":"Polygon","coordinates":[[[-83.55476058124898,37.8985579195335],[-83.55460339430991,37.89841617712075],[-83.55476058124898,37.89845161274953],[-83.55473812597198,37.89839845929997],[-83.55476058124898,37.898345305812015],[-83.55485040235705,37.89846933055752],[-83.55485040235705,37.89854020174684],[-83.55476058124898,37.8985579195335]]]}},{"type":"Feature","properties":{"kind":"sunrise","strength":0.84,"hard":false,"sector":"ring-r1c5"},"geometry":{"type":"Polygon","coordinates":[[[-83.55541178428238,37.89675068332464],[-83.55529950789733,37.89666209217352],[-83.55532196317434,37.89655578265144],[-83.55563633705253,37.896591219175846],[-83.55574861343759,37.89666209217352],[-83.55574861343759,37.89675068332464],[-83.55570370288356,37.89667981041227],[-83.55561388177551,37.89666209217352],[-83.55543423955939,37.89666209217352],[-83.55541178428238,37.89675068332464]]]}},{"type":"Feature","properties":{"kind":"sunrise","strength":0.84,"hard":false,"sector":"ring-r1c5"},"geometry":{"type":"Polygon","coordinates":[[[-83.55878007583446,37.897654306975674],[-83.55878007583446,37.89770746096263],[-83.55866779944938,37.897778332885515],[-83.55846570195625,37.89781376882137],[-83.55830851501716,37.897990948244754],[-83.55819623863209,37.898008666163626],[-83.55812887280105,37.898061819894686],[-83.558039051693,37.898061819894686],[-83.55797168586196,37.89811497358735],[-83.55767976726078,37.89809725569406],[-83.55767976726078,37.898150409361136],[-83.55756749087571,37.89818584511787],[-83.55747766976765,37.89830987013207],[-83.55725311699752,37.89832758797418],[-83.5570510195044,37.89846933055752],[-83.55693874311932,37.89848704836124],[-83.5568938325653,37.89862879063751],[-83.55696119839635,37.89864650840285],[-83.55696119839635,37.89868194392073],[-83.55709593005842,37.89877053264082],[-83.55709593005842,37.89885912125427],[-83.55698365367336,37.89896542744966],[-83.55693874311932,37.89882368582168],[-83.5568938325653,37.89882368582168],[-83.55682646673425,37.898752814905336],[-83.55671419034918,37.898752814905336],[-83.55680401145723,37.89868194392073],[-83.55680401145723,37.89862879063751],[-83.55657945868711,37.89861107286791],[-83.55673664562619,37.8985579195335],[-83.55680401145723,37.89839845929997],[-83.55693874311932,37.8983630236456],[-83.55714084061245,37.89822128085754],[-83.55736539338258,37.89820356298984],[-83.55741030393662,37.89811497358735],[-83.55752258032169,37.8980795377965],[-83.55758994615272,37.897990948244754],[-83.55785940947689,37.898008666163626],[-83.55833097029418,37.897831486782906],[-83.55839833612522,37.89779605085557],[-83.55842079140224,37.89772517894975],[-83.55860043361834,37.89772517894975],[-83.55878007583446,37.897654306975674]]]}},{"type":"Feature","properties":{"kind":"sunrise","strength":0.84,"hard":false,"sector":"ring-r1c5"},"geometry":{"type":"Polygon","coordinates":[[[-83.55702856422738,37.91949736129166],[-83.55716329588945,37.919603637671806],[-83.55716329588945,37.91969220120462],[-83.55711838533543,37.91970991389838],[-83.55698365367336,37.91970991389838],[-83.55684892201126,37.919621350386905],[-83.55700610895038,37.919603637671806],[-83.55702856422738,37.91949736129166]]]}},{"type":"Feature","properties":{"kind":"sunrise","strength":0.84,"hard":false,"sector":"ring-r1c5"},"geometry":{"type":"Polygon","coordinates":[[[-83.55750012504465,37.91969220120462],[-83.55736539338258,37.91958592495244],[-83.55747766976765,37.91958592495244],[-83.55758994615272,37.919515074032354],[-83.55758994615272,37.91942651028625],[-83.5575450355987,37.9193733719874],[-83.55758994615272,37.919408797524234],[-83.55765731198376,37.9193733719874],[-83.55763485670676,37.91944422304401],[-83.55781449892285,37.91953278676878],[-83.55801659641598,37.919515074032354],[-83.55806150697002,37.9193733719874],[-83.55806150697002,37.919515074032354],[-83.55797168586196,37.91963906309773],[-83.5578818647539,37.91963906309773],[-83.55779204364583,37.91955049950093],[-83.55772467781482,37.91955049950093],[-83.55770222253778,37.91963906309773],[-83.55758994615272,37.91969220120462],[-83.55750012504465,37.91969220120462]]]}},{"type":"Feature","properties":{"kind":"sunrise","strength":0.84,"hard":false,"sector":"ring-r1c5"},"geometry":{"type":"Polygon","coordinates":[[[-83.55783695419987,37.91659241410297],[-83.55783695419987,37.91648613337177],[-83.55774713309182,37.91646841990163],[-83.55772467781482,37.916362138991275],[-83.55761240142974,37.91629128496572],[-83.55765731198376,37.916167290256766],[-83.55772467781482,37.916167290256766],[-83.55776958836883,37.916238144401746],[-83.55783695419987,37.916238144401746],[-83.55785940947689,37.916362138991275],[-83.55797168586196,37.91639756597846],[-83.55797168586196,37.91648613337177],[-83.55783695419987,37.91659241410297]]]}},{"type":"Feature","properties":{"kind":"sunrise","strength":0.84,"hard":false,"sector":"ring-r1c5"},"geometry":{"type":"Polygon","coordinates":[[[-83.55761240142974,37.91625585792734],[-83.55747766976765,37.91625585792734],[-83.55743275921363,37.91627357144866],[-83.5575450355987,37.916202717337804],[-83.55758994615272,37.916202717337804],[-83.55761240142974,37.91625585792734]]]}},{"type":"Feature","properties":{"kind":"sunrise","strength":0.84,"hard":false,"sector":"ring-r1c5"},"geometry":{"type":"Polygon","coordinates":[[[-83.55826360446314,37.916787261711335],[-83.55810641752404,37.91664555441099],[-83.55799414113898,37.91664555441099],[-83.55812887280105,37.91653927375657],[-83.55826360446314,37.91655698720964],[-83.55837588084822,37.91666326783846],[-83.55837588084822,37.916787261711335],[-83.55826360446314,37.916893542007436],[-83.55826360446314,37.916787261711335]]]}},{"type":"Feature","properties":{"kind":"sunrise","strength":0.84,"hard":false,"sector":"ring-r1c5"},"geometry":{"type":"Polygon","coordinates":[[[-83.55880253111148,37.91717695537962],[-83.55882498638847,37.91708838881813],[-83.55878007583446,37.917052962163666],[-83.55844324667925,37.916964395452865],[-83.55857797834132,37.916875828635426],[-83.55866779944938,37.916875828635426],[-83.55871271000342,37.91692896873869],[-83.55909444971265,37.916964395452865],[-83.55927409192876,37.91707067549303],[-83.55922918137472,37.91708838881813],[-83.55904953915862,37.91703524883003],[-83.5588698969425,37.91703524883003],[-83.55884744166549,37.91712381545552],[-83.55891480749654,37.91715924207585],[-83.55880253111148,37.91717695537962]]]}},{"type":"Feature","properties":{"kind":"sunrise","strength":0.84,"hard":false,"sector":"ring-r1c5"},"geometry":{"type":"Polygon","coordinates":[[[-83.55846570195625,37.89760115295033],[-83.55848815723327,37.897636588971494],[-83.55844324667925,37.897672024975584],[-83.55837588084822,37.897672024975584],[-83.55846570195625,37.89760115295033]]]}},{"type":"Feature","properties":{"kind":"sunrise","strength":0.84,"hard":false,"sector":"ring-r1c5"},"geometry":{"type":"Polygon","coordinates":[[[-83.5590046286046,37.926015361798406],[-83.5590046286046,37.92608620645613],[-83.55911690498966,37.92610391760989],[-83.55895971805056,37.92619247331472],[-83.55889235221952,37.92619247331472],[-83.5588698969425,37.92612162875938],[-83.5590046286046,37.926015361798406]]]}},{"type":"Feature","properties":{"kind":"sunrise","strength":0.84,"hard":false,"sector":"ring-r1c5"},"geometry":{"type":"Polygon","coordinates":[[[-83.55992529496216,37.89710504686286],[-83.55992529496216,37.897246791800484],[-83.55988038440813,37.897317664166934],[-83.55974565274605,37.89740625452903],[-83.55947618942189,37.89744169064402],[-83.55938636831382,37.897547998886616],[-83.55938636831382,37.89760115295033],[-83.55925163665174,37.897654306975674],[-83.5592067260977,37.89772517894975],[-83.55913936026668,37.89776061491119],[-83.5590270838816,37.89776061491119],[-83.55889235221952,37.897672024975584],[-83.55909444971265,37.89761887096304],[-83.55913936026668,37.897547998886616],[-83.55925163665174,37.897512562822804],[-83.55938636831382,37.897370818396986],[-83.559678286915,37.897317664166934],[-83.55976810802306,37.89722907369821],[-83.55990283968514,37.8971759193658],[-83.55992529496216,37.89710504686286]]]}},{"type":"Feature","properties":{"kind":"sunrise","strength":0.84,"hard":false,"sector":"ring-r1c5"},"geometry":{"type":"Polygon","coordinates":[[[-83.55958846580694,37.92594451707244],[-83.55972319746903,37.9260507841358],[-83.55972319746903,37.92612162875938],[-83.559655831638,37.9262633178018],[-83.55954355525292,37.926281028912896],[-83.55938636831382,37.926174762182285],[-83.5595210999759,37.926174762182285],[-83.55958846580694,37.9260507841358],[-83.55958846580694,37.92594451707244]]]}},{"type":"Feature","properties":{"kind":"sunrise","strength":0.84,"hard":false,"sector":"ring-r1c5"},"geometry":{"type":"Polygon","coordinates":[[[-83.56006002662423,37.918044902038766],[-83.55997020551618,37.918044902038766],[-83.55997020551618,37.91811575437509],[-83.55990283968514,37.91806261512924],[-83.55979056330008,37.91809804129741],[-83.55983547385411,37.918044902038766],[-83.55983547385411,37.917938623406286],[-83.55958846580694,37.917850057761925],[-83.55943127886786,37.91774377884791],[-83.55947618942189,37.91769063933331],[-83.5595210999759,37.91738951469212],[-83.55945373414487,37.91731866165621],[-83.55943127886786,37.917212381974366],[-83.55938636831382,37.91719466867912],[-83.55945373414487,37.91719466867912],[-83.5595210999759,37.917247808552034],[-83.55963337636096,37.91740722794043],[-83.559655831638,37.917548933773375],[-83.55961092108396,37.917566646983296],[-83.55961092108396,37.91769063933331],[-83.55994775023916,37.917832344620244],[-83.55997020551618,37.917974049634175],[-83.56006002662423,37.918044902038766]]]}},{"type":"Feature","properties":{"kind":"sunrise","strength":0.84,"hard":false,"sector":"ring-r1c5"},"geometry":{"type":"Polygon","coordinates":[[[-83.56006002662423,37.92603307296924],[-83.55994775023916,37.92594451707244],[-83.56006002662423,37.92594451707244],[-83.56012739245529,37.92587367227821],[-83.56026212411736,37.92587367227821],[-83.56037440050243,37.92571427124163],[-83.56037440050243,37.92580282741572],[-83.5603294899484,37.92582053863774],[-83.56037440050243,37.92590909468385],[-83.56035194522542,37.925979939443955],[-83.56023966884034,37.925979939443955],[-83.56019475828633,37.92603307296924],[-83.56006002662423,37.92603307296924]]]}},{"type":"Feature","properties":{"kind":"sunrise","strength":0.84,"hard":false,"sector":"ring-r1c5"},"geometry":{"type":"Polygon","coordinates":[[[-83.5603294899484,37.918168893582546],[-83.5603294899484,37.91823974579943],[-83.5603070346714,37.91823974579943],[-83.56028457939436,37.91815118051767],[-83.5603294899484,37.918168893582546]]]}},{"type":"Feature","properties":{"kind":"sunrise","strength":0.84,"hard":false,"sector":"ring-r1c5"},"geometry":{"type":"Polygon","coordinates":[[[-83.56102560353582,37.92589138348316],[-83.56091332715076,37.92578511618944],[-83.56104805881283,37.92578511618944],[-83.56109296936687,37.925731982484976],[-83.56133997741402,37.92562571496088],[-83.56125015630596,37.92582053863774],[-83.56116033519793,37.92589138348316],[-83.56102560353582,37.92589138348316]]]}},{"type":"Feature","properties":{"kind":"sunrise","strength":0.84,"hard":false,"sector":"ring-r1c5"},"geometry":{"type":"Polygon","coordinates":[[[-83.56228309904859,37.91926709527453],[-83.5619687251704,37.91932023365017],[-83.56190135933937,37.9193733719874],[-83.56176662767729,37.9193733719874],[-83.56172171712326,37.919355659212584],[-83.56160944073818,37.91914310558209],[-83.56142979852207,37.91908996707848],[-83.56138488796805,37.918948264214485],[-83.56145225379909,37.918877412680125],[-83.56145225379909,37.91864714472205],[-83.56151961963013,37.91855857993084],[-83.56154207490715,37.918399163037904],[-83.56149716435313,37.91813346744851],[-83.56142979852207,37.91808032821546],[-83.56142979852207,37.917938623406286],[-83.56129506686,37.91792091028594],[-83.56127261158296,37.91788548403247],[-83.56113787992089,37.917850057761925],[-83.5609806929818,37.917850057761925],[-83.56095823770478,37.91792091028594],[-83.56084596131973,37.91781463147431],[-83.56086841659673,37.91774377884791],[-83.56116033519793,37.917779205169644],[-83.561317522137,37.91790319716133],[-83.56147470907611,37.91790319716133],[-83.56156453018416,37.91799176274173],[-83.56160944073818,37.91827517188229],[-83.5616543512922,37.91832831097458],[-83.5616543512922,37.91862943177234],[-83.56156453018416,37.918753422330745],[-83.56158698546116,37.91900140282047],[-83.56172171712326,37.919054541388064],[-83.56169926184624,37.9192139568605],[-83.56174417240027,37.91926709527453],[-83.56178908295429,37.91926709527453],[-83.56178908295429,37.91923166966944],[-83.56201363572443,37.91926709527453],[-83.56208100155547,37.91916081840809],[-83.56214836738653,37.91916081840809],[-83.56217082266353,37.9191962440473],[-83.56239537543367,37.9191962440473],[-83.56239537543367,37.91926709527453],[-83.5623055543256,37.9193733719874],[-83.56228309904859,37.91926709527453]]]}},{"type":"Feature","properties":{"kind":"sunrise","strength":0.84,"hard":false,"sector":"ring-r1c5"},"geometry":{"type":"Polygon","coordinates":[[[-83.56158698546116,37.89113379343727],[-83.56147470907611,37.890992036728676],[-83.56154207490715,37.891027475931416],[-83.5616543512922,37.891027475931416],[-83.56174417240027,37.890938877892594],[-83.56174417240027,37.891027475931416],[-83.56167680656922,37.8910629151171],[-83.5616543512922,37.89113379343727],[-83.56158698546116,37.89113379343727]]]}},{"type":"Feature","properties":{"kind":"sunrise","strength":0.84,"hard":false,"sector":"ring-r1c5"},"geometry":{"type":"Polygon","coordinates":[[[-83.5616318960152,37.892763975968236],[-83.56149716435313,37.892657660816525],[-83.56151961963013,37.892586783963424],[-83.56167680656922,37.892604503183094],[-83.56183399350833,37.892710818411565],[-83.56181153823131,37.892763975968236],[-83.56176662767729,37.89269309921748],[-83.5616318960152,37.89269309921748],[-83.5616318960152,37.892763975968236]]]}},{"type":"Feature","properties":{"kind":"sunrise","strength":0.84,"hard":false,"sector":"ring-r1c5"},"geometry":{"type":"Polygon","coordinates":[[[-83.56181153823131,37.89756571691212],[-83.56205854627846,37.89742397258866],[-83.56203609100145,37.89733538224788],[-83.56217082266353,37.89740625452903],[-83.56217082266353,37.897459408695106],[-83.56203609100145,37.897547998886616],[-83.56190135933937,37.89758343493335],[-83.5616543512922,37.89758343493335],[-83.56181153823131,37.89756571691212]]]}},{"type":"Feature","properties":{"kind":"sunrise","strength":0.84,"hard":false,"sector":"ring-r1c5"},"geometry":{"type":"Polygon","coordinates":[[[-83.56187890406235,37.91942651028625],[-83.56194626989338,37.919461935797486],[-83.56183399350833,37.91949736129166],[-83.56187890406235,37.91942651028625]]]}},{"type":"Feature","properties":{"kind":"sunrise","strength":0.84,"hard":false,"sector":"ring-r1c5"},"geometry":{"type":"Polygon","coordinates":[[[-83.56212591210951,37.89667981041227],[-83.56199118044741,37.89639631808042],[-83.56203609100145,37.896343163146646],[-83.56201363572443,37.89611282465676],[-83.5622606437716,37.89595335912613],[-83.56228309904859,37.89586476701541],[-83.56232800960261,37.89609510628153],[-83.56214836738653,37.896201416468934],[-83.56217082266353,37.89639631808042],[-83.56208100155547,37.896431754681615],[-83.56217082266353,37.89657350091577],[-83.5622606437716,37.89662665568322],[-83.5622606437716,37.89669752864676],[-83.56208100155547,37.89671524687699],[-83.56212591210951,37.89667981041227]]]}},{"type":"Feature","properties":{"kind":"sunrise","strength":0.84,"hard":false,"sector":"ring-r1c5"},"geometry":{"type":"Polygon","coordinates":[[[-83.56208100155547,37.89708732872648],[-83.56214836738653,37.897051892440885],[-83.56212591210951,37.89696330165229],[-83.56223818849458,37.896998737980525],[-83.56221573321756,37.89708732872648],[-83.56208100155547,37.89708732872648]]]}},{"type":"Feature","properties":{"kind":"sunrise","strength":0.84,"hard":false,"sector":"ring-r1c5"},"geometry":{"type":"Polygon","coordinates":[[[-83.56246274126471,37.896006514341394],[-83.56255256237277,37.89595335912613],[-83.56255256237277,37.89602423273795],[-83.56270974931185,37.89602423273795],[-83.56279957041991,37.896006514341394],[-83.56284448097394,37.89593564071252],[-83.56284448097394,37.896006514341394],[-83.56277711514291,37.89605966951827],[-83.56257501764979,37.89613054302772],[-83.56241783071067,37.89611282465676],[-83.56246274126471,37.896006514341394]]]}},{"type":"Feature","properties":{"kind":"sunrise","strength":0.84,"hard":false,"sector":"ring-r1c5"},"geometry":{"type":"Polygon","coordinates":[[[-83.56270974931185,37.92165828416957],[-83.56279957041991,37.92155201075844],[-83.56288939152797,37.921569723004296],[-83.56282202569693,37.921640571945034],[-83.56284448097394,37.921675996389816],[-83.56270974931185,37.92165828416957]]]}},{"type":"Feature","properties":{"kind":"sunrise","strength":0.84,"hard":false,"sector":"ring-r1c5"},"geometry":{"type":"Polygon","coordinates":[[[-83.56297921263601,37.92128632655878],[-83.56270974931185,37.9211977649456],[-83.56273220458887,37.921073778507974],[-83.56275465986587,37.921162340270456],[-83.56288939152797,37.92118005261016],[-83.56297921263601,37.92123318960366],[-83.56311394429811,37.92123318960366],[-83.56313639957513,37.921162340270456],[-83.56354059456137,37.92118005261016],[-83.56365287094644,37.921126915578256],[-83.56365287094644,37.92103835377311],[-83.5635855051154,37.92098521663883],[-83.5636079603924,37.92094979186132],[-83.56378760260851,37.92114462792649],[-83.56378760260851,37.92123318960366],[-83.56365287094644,37.92128632655878],[-83.5632711312372,37.92125090192631],[-83.56320376540617,37.9211977649456],[-83.56313639957513,37.92121547727676],[-83.56311394429811,37.9213394634755],[-83.56302412319005,37.9213394634755],[-83.56297921263601,37.92128632655878]]]}},{"type":"Feature","properties":{"kind":"sunrise","strength":0.84,"hard":false,"sector":"ring-r1c5"},"geometry":{"type":"Polygon","coordinates":[[[-83.56295675735902,37.92194167918174],[-83.56304657846707,37.92172913302499],[-83.56295675735902,37.921746845228185],[-83.562911846805,37.92172913302499],[-83.56309148902109,37.92162285971625],[-83.56315885485213,37.92162285971625],[-83.56318131012914,37.92172913302499],[-83.56306903374407,37.921870830531084],[-83.56295675735902,37.92194167918174]]]}},{"type":"Feature","properties":{"kind":"sunrise","strength":0.84,"hard":false,"sector":"ring-r1c5"},"geometry":{"type":"Polygon","coordinates":[[[-83.56329358651423,37.92261473795886],[-83.56329358651423,37.922437617825274],[-83.56313639957513,37.922171936825016],[-83.56331604179124,37.922189648921574],[-83.5634283181763,37.922349057598495],[-83.5634283181763,37.922437617825274],[-83.56338340762227,37.922455329857826],[-83.56329358651423,37.92261473795886]]]}},{"type":"Feature","properties":{"kind":"sunrise","strength":0.84,"hard":false,"sector":"ring-r1c5"},"geometry":{"type":"Polygon","coordinates":[[[-83.56336095234525,37.89650262783282],[-83.56322622068318,37.896608937431665],[-83.56309148902109,37.896591219175846],[-83.56309148902109,37.89652034610995],[-83.56320376540617,37.896414036383156],[-83.56322622068318,37.89650262783282],[-83.56336095234525,37.89650262783282]]]}},{"type":"Feature","properties":{"kind":"sunrise","strength":0.84,"hard":false,"sector":"ring-r1c5"},"geometry":{"type":"Polygon","coordinates":[[[-83.56318131012914,37.91926709527453],[-83.56331604179124,37.91916081840809],[-83.5634283181763,37.919178531229825],[-83.5634283181763,37.91924938247411],[-83.56331604179124,37.919355659212584],[-83.56329358651423,37.91926709527453],[-83.56318131012914,37.91926709527453]]]}},{"type":"Feature","properties":{"kind":"sunrise","strength":0.84,"hard":false,"sector":"ring-r1c5"},"geometry":{"type":"Polygon","coordinates":[[[-83.56354059456137,37.920914367066736],[-83.56354059456137,37.9208435174264],[-83.5635630498384,37.9208435174264],[-83.5635855051154,37.920914367066736],[-83.56354059456137,37.920914367066736]]]}},{"type":"Feature","properties":{"kind":"sunrise","strength":0.84,"hard":false,"sector":"ring-r1c5"},"geometry":{"type":"Polygon","coordinates":[[[-83.56374269205449,37.89662665568322],[-83.56376514733151,37.89671524687699],[-83.5639223342706,37.89673296510294],[-83.56376514733151,37.89682155616876],[-83.56365287094644,37.89682155616876],[-83.5636079603924,37.89680383796412],[-83.5636079603924,37.89673296510294],[-83.56374269205449,37.89662665568322]]]}},{"type":"Feature","properties":{"kind":"sunrise","strength":0.84,"hard":false,"sector":"ring-r1c5"},"geometry":{"type":"Polygon","coordinates":[[[-83.5642367081488,37.89428780960444],[-83.5642591634258,37.89455359131037],[-83.56398970010166,37.894677622444746],[-83.56396724482464,37.89476621598422],[-83.56387742371658,37.89483709073902],[-83.56394478954763,37.89526233783484],[-83.56383251316254,37.895439523399745],[-83.56381005788553,37.89565214551465],[-83.56372023677747,37.895758456341795],[-83.56363041566944,37.895758456341795],[-83.56372023677747,37.89565214551465],[-83.56376514733151,37.89540408632087],[-83.56385496843957,37.89531549354909],[-83.56381005788553,37.894748497284844],[-83.5639223342706,37.894606747536415],[-83.56401215537866,37.89458902879866],[-83.56414688704074,37.89446499751502],[-83.56421425287178,37.89444727874315],[-83.5642367081488,37.89428780960444]]]}},{"type":"Feature","properties":{"kind":"sunrise","strength":0.84,"hard":false,"sector":"ring-r1c5"},"geometry":{"type":"Polygon","coordinates":[[[-83.56398970010166,37.9211977649456],[-83.56381005788553,37.921073778507974],[-83.56396724482464,37.921091490868996],[-83.56401215537866,37.921056066142675],[-83.56428161870284,37.921056066142675],[-83.56432652925686,37.921002929021185],[-83.56432652925686,37.921073778507974],[-83.5642367081488,37.921162340270456],[-83.56398970010166,37.9211977649456]]]}},{"type":"Feature","properties":{"kind":"sunrise","strength":0.84,"hard":false,"sector":"ring-r1c5"},"geometry":{"type":"Polygon","coordinates":[[[-83.56446126091893,37.89623685316395],[-83.56459599258102,37.89613054302772],[-83.56468581368908,37.89614826139442],[-83.56466335841206,37.89646719126574],[-83.564573537304,37.89657350091577],[-83.56432652925686,37.8966443739305],[-83.56432652925686,37.89675068332464],[-83.56416934231775,37.89675068332464],[-83.56412443176372,37.89669752864676],[-83.56421425287178,37.89669752864676],[-83.56432652925686,37.89657350091577],[-83.56446126091893,37.89657350091577],[-83.56452862674998,37.896538064382824],[-83.56455108202698,37.89623685316395],[-83.56446126091893,37.89623685316395]]]}},{"type":"Feature","properties":{"kind":"sunrise","strength":0.84,"hard":false,"sector":"ring-r1c5"},"geometry":{"type":"Polygon","coordinates":[[[-83.56437143981087,37.894482716282624],[-83.56446126091893,37.89434096602239],[-83.56450617147296,37.89444727874315],[-83.5647082689661,37.89441184118663],[-83.56479809007413,37.89434096602239],[-83.56484300062817,37.894216934320795],[-83.56484300062817,37.89432324722068],[-83.5647082689661,37.89444727874315],[-83.56455108202698,37.89451815380502],[-83.56439389508789,37.894535872559835],[-83.56437143981087,37.894482716282624]]]}},{"type":"Feature","properties":{"kind":"sunrise","strength":0.84,"hard":false,"sector":"ring-r1c5"},"geometry":{"type":"Polygon","coordinates":[[[-83.56439389508789,37.92953980074699],[-83.56452862674998,37.929646062614225],[-83.564573537304,37.93],[-83.56443880564191,37.93],[-83.56443880564191,37.92971690377372],[-83.56439389508789,37.92953980074699]]]}},{"type":"Feature","properties":{"kind":"sunrise","strength":0.84,"hard":false,"sector":"ring-r1c5"},"geometry":{"type":"Polygon","coordinates":[[[-83.56479809007413,37.920914367066736],[-83.56464090313504,37.92096750425221],[-83.56452862674998,37.9208789422551],[-83.56441635036491,37.92086122984289],[-83.56459599258102,37.92086122984289],[-83.56461844785804,37.92082580500565],[-83.5649103664592,37.92086122984289],[-83.56500000000001,37.92079038015134],[-83.56497773229025,37.92096750425221],[-83.5648879111822,37.92096750425221],[-83.56479809007413,37.920914367066736]]]}},{"type":"Feature","properties":{"kind":"sunrise","strength":0.84,"hard":false,"sector":"ring-r1c5"},"geometry":{"type":"Polygon","coordinates":[[[-83.5649103664592,37.92449218514797],[-83.56486545590518,37.924403627395456],[-83.56475317952011,37.92438591583215],[-83.56482054535115,37.92433278111665],[-83.56497773229025,37.924315069536284],[-83.56500000000001,37.924421338954495],[-83.5649103664592,37.92449218514797]]]}},{"type":"Feature","properties":{"kind":"sunrise","strength":0.84,"hard":false,"sector":"ring-r1c5"},"geometry":{"type":"Polygon","coordinates":[[[-83.56482054535115,37.92971690377372],[-83.56493282173622,37.92962835231368],[-83.56493282173622,37.929699193490244],[-83.56500000000001,37.929699193490244],[-83.56500000000001,37.92978774486497],[-83.56482054535115,37.92980545512711],[-83.56482054535115,37.92971690377372]]]}},{"type":"Feature","properties":{"kind":"sunrise","strength":0.84,"hard":false,"sector":"ring-r1c5"},"geometry":{"type":"Polygon","coordinates":[[[-83.56500000000001,37.92401397201737],[-83.56500000000001,37.92415566512102],[-83.56497773229025,37.92415566512102],[-83.56495527701324,37.924031683670265],[-83.56500000000001,37.92401397201737]]]}},{"type":"Feature","properties":{"kind":"sunrise","strength":1.0,"hard":false,"sector":"ring-r1c5"},"geometry":{"type":"Polygon","coordinates":[[[-83.5283531754808,37.89882368582168],[-83.52819598854173,37.89864650840285],[-83.52821844381873,37.8985579195335],[-83.52842054131185,37.8985224839559],[-83.52857772825095,37.8985579195335],[-83.52857772825095,37.89866422616392],[-83.52839808603484,37.89880596809898],[-83.5283307202038,37.89866422616392],[-83.52828580964976,37.89866422616392],[-83.52828580964976,37.89873509716558],[-83.5283531754808,37.89882368582168]],[[-83.52828580964976,37.89857563731589],[-83.52826335437275,37.89859335509403],[-83.52828580964976,37.89859335509403],[-83.52828580964976,37.89857563731589]]]}},{"type":"Feature","properties":{"kind":"sunrise","strength":1.0,"hard":false,"sector":"ring-r1c5"},"geometry":{"type":"Polygon","coordinates":[[[-83.53955835871066,37.916007868180984],[-83.53940117177157,37.91590158660517],[-83.53942362704858,37.915848445759686],[-83.53973800092677,37.915742163953524],[-83.53985027731184,37.91577759123931],[-83.53987273258886,37.91590158660517],[-83.5397604562038,37.91593701381417],[-83.53971554564978,37.916007868180984],[-83.53955835871066,37.916007868180984]]]}},{"type":"Feature","properties":{"kind":"sunrise","strength":1.0,"hard":false,"sector":"ring-r1c5"},"geometry":{"type":"Polygon","coordinates":[[[-83.53971554564978,37.91565359566443],[-83.53967063509576,37.915689022992865],[-83.53955835871066,37.91570673665069],[-83.53962572454172,37.91565359566443],[-83.53971554564978,37.91565359566443]]]}},{"type":"Feature","properties":{"kind":"sunrise","strength":1.0,"hard":false,"sector":"ring-r1c5"},"geometry":{"type":"Polygon","coordinates":[[[-83.53967063509576,37.915689022992865],[-83.53969309037277,37.915724450304246],[-83.53962572454172,37.915742163953524],[-83.53962572454172,37.91570673665069],[-83.53967063509576,37.915689022992865]]]}},{"type":"Feature","properties":{"kind":"sunrise","strength":1.0,"hard":false,"sector":"ring-r1c5"},"geometry":{"type":"Polygon","coordinates":[[[-83.5394460823256,37.91570673665069],[-83.53955835871066,37.915724450304246],[-83.53940117177157,37.91575987759856],[-83.5394460823256,37.91570673665069]]]}},{"type":"Feature","properties":{"kind":"sunrise","strength":1.0,"hard":false,"sector":"ring-r1c5"},"geometry":{"type":"Polygon","coordinates":[[[-83.5402544722981,37.915494172475306],[-83.53998500897394,37.91560045463977],[-83.53998500897394,37.91563588199381],[-83.5399400984199,37.91561816831893],[-83.53996255369692,37.91558274095636],[-83.53989518786588,37.91560045463977],[-83.5399176431429,37.91552959988053],[-83.54007483008198,37.91540560388761],[-83.5402320170211,37.91533474894067],[-83.54036674868317,37.91533474894067],[-83.54034429340616,37.91542331761369],[-83.5402544722981,37.91544103133549],[-83.5402544722981,37.915494172475306]],[[-83.540097285359,37.91554731357673],[-83.54011974063602,37.91551188618005],[-83.54005237480499,37.91554731357673],[-83.540097285359,37.91554731357673]]]}},{"type":"Feature","properties":{"kind":"sunrise","strength":1.0,"hard":false,"sector":"ring-r1c5"},"geometry":{"type":"Polygon","coordinates":[[[-83.54007483008198,37.91577759123931],[-83.53996255369692,37.915671309330776],[-83.54002991952797,37.91561816831893],[-83.5402544722981,37.91552959988053],[-83.54034429340616,37.91545874505302],[-83.54045656979122,37.91556502726868],[-83.54045656979122,37.915671309330776],[-83.54036674868317,37.915724450304246],[-83.54027692757512,37.915724450304246],[-83.5402320170211,37.91577759123931],[-83.54007483008198,37.91577759123931]]]}},{"type":"Feature","properties":{"kind":"sunrise","strength":1.0,"hard":false,"sector":"ring-r1c5"},"geometry":{"type":"Polygon","coordinates":[[[-83.55435638626274,37.896910147127954],[-83.55428902043171,37.89680383796412],[-83.55442375209378,37.89671524687699],[-83.55462584958691,37.89673296510294],[-83.55462584958691,37.89682155616876],[-83.55451357320185,37.89692786530699],[-83.55435638626274,37.896910147127954]]]}},{"type":"Feature","properties":{"kind":"sunrise","strength":1.0,"hard":false,"sector":"ring-r1c5"},"geometry":{"type":"Polygon","coordinates":[[[-83.55467076014092,37.89845161274953],[-83.55449111792483,37.89829215228569],[-83.55467076014092,37.89823899872096],[-83.55469321541794,37.89830987013207],[-83.55473812597198,37.89832758797418],[-83.55476058124898,37.89845161274953],[-83.55467076014092,37.89845161274953]]]}},{"type":"Feature","properties":{"kind":"sunrise","strength":1.0,"hard":false,"sector":"ring-r1c5"},"geometry":{"type":"Polygon","coordinates":[[[-83.55550160539045,37.89683927436913],[-83.55541178428238,37.89675068332464],[-83.55543423955939,37.89666209217352],[-83.55561388177551,37.89666209217352],[-83.55572615816058,37.89669752864676],[-83.55574861343759,37.89682155616876],[-83.55570370288356,37.896856992565226],[-83.55550160539045,37.89683927436913]]]}},{"type":"Feature","properties":{"kind":"sunrise","strength":1.0,"hard":false,"sector":"ring-r1c5"},"geometry":{"type":"Polygon","coordinates":[[[-83.55644472702502,37.89857563731589],[-83.55642227174799,37.89843389493727],[-83.55646718230203,37.89838074147492],[-83.55664682451815,37.89827443443505],[-83.55664682451815,37.89820356298984],[-83.55673664562619,37.89813269147638],[-83.55700610895038,37.89802638407824],[-83.55709593005842,37.898044101988596],[-83.55718575116647,37.8979555123942],[-83.55718575116647,37.89790235858637],[-83.55736539338258,37.89790235858637],[-83.55743275921363,37.89784920474017],[-83.55756749087571,37.897866922693176],[-83.55770222253778,37.89779605085557],[-83.55792677530792,37.89776061491119],[-83.55797168586196,37.89768974297123],[-83.558039051693,37.89768974297123],[-83.55815132807805,37.89760115295033],[-83.55830851501716,37.89760115295033],[-83.55837588084822,37.897672024975584],[-83.55844324667925,37.897672024975584],[-83.5585330677873,37.89756571691212],[-83.55862288889536,37.897547998886616],[-83.55862288889536,37.897512562822804],[-83.55875762055744,37.897547998886616],[-83.55880253111148,37.897459408695106],[-83.5590270838816,37.897299946081716],[-83.55922918137472,37.89721135559167],[-83.55943127886786,37.89719363748086],[-83.55956601052993,37.897051892440885],[-83.559655831638,37.89703417429169],[-83.559678286915,37.89698101981854],[-83.5598579291311,37.896874710757075],[-83.55994775023916,37.896910147127954],[-83.55990283968514,37.8971759193658],[-83.55958846580694,37.897353100324565],[-83.55938636831382,37.897370818396986],[-83.55925163665174,37.897512562822804],[-83.55913936026668,37.897547998886616],[-83.55913936026668,37.89758343493335],[-83.5590270838816,37.897654306975674],[-83.55878007583446,37.89761887096304],[-83.55873516528042,37.89768974297123],[-83.55842079140224,37.89772517894975],[-83.55839833612522,37.89779605085557],[-83.55833097029418,37.897831486782906],[-83.55785940947689,37.898008666163626],[-83.55758994615272,37.897990948244754],[-83.55752258032169,37.8980795377965],[-83.55741030393662,37.89811497358735],[-83.55736539338258,37.89820356298984],[-83.55714084061245,37.89822128085754],[-83.55693874311932,37.8983630236456],[-83.55680401145723,37.89839845929997],[-83.55669173507218,37.89859335509403],[-83.55644472702502,37.89857563731589]]]}},{"type":"Feature","properties":{"kind":"sunrise","strength":1.0,"hard":false,"sector":"ring-r1c5"},"geometry":{"type":"Polygon","coordinates":[[[-83.55662436924113,37.89898314513397],[-83.55655700341009,37.89885912125427],[-83.55671419034918,37.898752814905336],[-83.55682646673425,37.898752814905336],[-83.5568938325653,37.89882368582168],[-83.55693874311932,37.89882368582168],[-83.55696119839635,37.89896542744966],[-83.55682646673425,37.89908945115023],[-83.55673664562619,37.89908945115023],[-83.55671419034918,37.899000862814006],[-83.55662436924113,37.89898314513397]]]}},{"type":"Feature","properties":{"kind":"sunrise","strength":1.0,"hard":false,"sector":"ring-r1c5"},"geometry":{"type":"Polygon","coordinates":[[[-83.55684892201126,37.919603637671806],[-83.55669173507218,37.91949736129166],[-83.55669173507218,37.91944422304401],[-83.55678155618023,37.919408797524234],[-83.55696119839635,37.91942651028625],[-83.55702856422738,37.91949736129166],[-83.55700610895038,37.919603637671806],[-83.55684892201126,37.919603637671806]]]}},{"type":"Feature","properties":{"kind":"sunrise","strength":1.0,"hard":false,"sector":"ring-r1c5"},"geometry":{"type":"Polygon","coordinates":[[[-83.55736539338258,37.91958592495244],[-83.55718575116647,37.91942651028625],[-83.55727557227452,37.919408797524234],[-83.55734293810558,37.9193379464335],[-83.55750012504465,37.9193379464335],[-83.55758994615272,37.91942651028625],[-83.55756749087571,37.91955049950093],[-83.55747766976765,37.91958592495244],[-83.55736539338258,37.91958592495244]]]}},{"type":"Feature","properties":{"kind":"sunrise","strength":1.0,"hard":false,"sector":"ring-r1c5"},"geometry":{"type":"Polygon","coordinates":[[[-83.55765731198376,37.91671640809528],[-83.55738784865962,37.916432992948586],[-83.55736539338258,37.91634442549128],[-83.55732048282856,37.91634442549128],[-83.55747766976765,37.91625585792734],[-83.55761240142974,37.91625585792734],[-83.55763485670676,37.916326711987026],[-83.55772467781482,37.916362138991275],[-83.55774713309182,37.91646841990163],[-83.55783695419987,37.91648613337177],[-83.55783695419987,37.91659241410297],[-83.55770222253778,37.91671640809528],[-83.55765731198376,37.91671640809528]]]}},{"type":"Feature","properties":{"kind":"sunrise","strength":1.0,"hard":false,"sector":"ring-r1c5"},"geometry":{"type":"Polygon","coordinates":[[[-83.55781449892285,37.91953278676878],[-83.55763485670676,37.91944422304401],[-83.55765731198376,37.919355659212584],[-83.55774713309182,37.919355659212584],[-83.5578818647539,37.91928480807067],[-83.558039051693,37.919302520862544],[-83.55806150697002,37.9193733719874],[-83.55801659641598,37.919515074032354],[-83.55781449892285,37.91953278676878]]]}},{"type":"Feature","properties":{"kind":"sunrise","strength":1.0,"hard":false,"sector":"ring-r1c5"},"geometry":{"type":"Polygon","coordinates":[[[-83.558039051693,37.91694668209791],[-83.5578818647539,37.91680497510468],[-83.55783695419987,37.91680497510468],[-83.55783695419987,37.91675183491185],[-83.55799414113898,37.91664555441099],[-83.55810641752404,37.91664555441099],[-83.55824114918612,37.91675183491185],[-83.55826360446314,37.916858115259146],[-83.55812887280105,37.91699982214998],[-83.55801659641598,37.91699982214998],[-83.558039051693,37.91694668209791]]]}},{"type":"Feature","properties":{"kind":"sunrise","strength":1.0,"hard":false,"sector":"ring-r1c5"},"geometry":{"type":"Polygon","coordinates":[[[-83.55857797834132,37.91728323511265],[-83.55851061251029,37.91719466867912],[-83.55835342557118,37.91717695537962],[-83.55828605974015,37.91712381545552],[-83.55828605974015,37.91708838881813],[-83.55844324667925,37.91698210880356],[-83.55855552306431,37.91698210880356],[-83.55857797834132,37.917017535492135],[-83.55873516528042,37.91703524883003],[-83.55882498638847,37.91708838881813],[-83.55880253111148,37.91717695537962],[-83.5586902547264,37.91728323511265],[-83.55857797834132,37.91728323511265]]]}},{"type":"Feature","properties":{"kind":"sunrise","strength":1.0,"hard":false,"sector":"ring-r1c5"},"geometry":{"type":"Polygon","coordinates":[[[-83.55839833612522,37.91719466867912],[-83.55851061251029,37.91723009526533],[-83.5585330677873,37.91728323511265],[-83.55839833612522,37.917247808552034],[-83.55839833612522,37.91719466867912]]]}},{"type":"Feature","properties":{"kind":"sunrise","strength":1.0,"hard":false,"sector":"ring-r1c5"},"geometry":{"type":"Polygon","coordinates":[[[-83.559655831638,37.91815118051767],[-83.55927409192876,37.91799176274173],[-83.55927409192876,37.91792091028594],[-83.55913936026668,37.917850057761925],[-83.55922918137472,37.91761978658747],[-83.55913936026668,37.91769063933331],[-83.55907199443563,37.91781463147431],[-83.55909444971265,37.91761978658747],[-83.55916181554367,37.917548933773375],[-83.5591842708207,37.91740722794043],[-83.55922918137472,37.91746036765978],[-83.55922918137472,37.91760207339035],[-83.55927409192876,37.917584360188954],[-83.55927409192876,37.917354088182684],[-83.55916181554367,37.917247808552034],[-83.55909444971265,37.917247808552034],[-83.55907199443563,37.91719466867912],[-83.55898217332758,37.917212381974366],[-83.55889235221952,37.91712381545552],[-83.55884744166549,37.91712381545552],[-83.5588698969425,37.91703524883003],[-83.55922918137472,37.91707067549303],[-83.55929654720576,37.91710610213896],[-83.55927409192876,37.91715924207585],[-83.5593414577598,37.91715924207585],[-83.5593414577598,37.91719466867912],[-83.55943127886786,37.917212381974366],[-83.55945373414487,37.917247808552034],[-83.55945373414487,37.91731866165621],[-83.5595210999759,37.91738951469212],[-83.5595210999759,37.91749579411801],[-83.55943127886786,37.91774377884791],[-83.55958846580694,37.917850057761925],[-83.55983547385411,37.917938623406286],[-83.55983547385411,37.918044902038766],[-83.55974565274605,37.91815118051767],[-83.559655831638,37.91815118051767]]]}},{"type":"Feature","properties":{"kind":"sunrise","strength":1.0,"hard":false,"sector":"ring-r1c5"},"geometry":{"type":"Polygon","coordinates":[[[-83.55916181554367,37.92599765062332],[-83.55911690498966,37.92608620645613],[-83.5590046286046,37.92608620645613],[-83.55904953915862,37.92596222826033],[-83.55911690498966,37.925979939443955],[-83.55911690498966,37.92594451707244],[-83.5592067260977,37.92592680588027],[-83.5592067260977,37.92603307296924],[-83.55916181554367,37.92599765062332]],[[-83.55916181554367,37.92599765062332],[-83.5591842708207,37.92596222826033],[-83.55916181554367,37.92596222826033],[-83.55916181554367,37.92599765062332]]]}},{"type":"Feature","properties":{"kind":"sunrise","strength":1.0,"hard":false,"sector":"ring-r1c5"},"geometry":{"type":"Polygon","coordinates":[[[-83.55929654720576,37.91806261512924],[-83.55909444971265,37.917938623406286],[-83.55907199443563,37.917832344620244],[-83.55913936026668,37.91790319716133],[-83.55922918137472,37.91792091028594],[-83.5592067260977,37.91799176274173],[-83.55929654720576,37.91806261512924]]]}},{"type":"Feature","properties":{"kind":"sunrise","strength":1.0,"hard":false,"sector":"ring-r1c5"},"geometry":{"type":"Polygon","coordinates":[[[-83.55938636831382,37.926174762182285],[-83.55922918137472,37.92603307296924],[-83.55929654720576,37.92599765062332],[-83.5593414577598,37.92585596106898],[-83.55949864469889,37.92585596106898],[-83.55958846580694,37.92594451707244],[-83.55958846580694,37.9260507841358],[-83.5595210999759,37.926174762182285],[-83.55938636831382,37.926174762182285]]]}},{"type":"Feature","properties":{"kind":"sunrise","strength":1.0,"hard":false,"sector":"ring-r1c5"},"geometry":{"type":"Polygon","coordinates":[[[-83.55956601052993,37.918186606643175],[-83.55949864469889,37.918168893582546],[-83.55940882359084,37.91815118051767],[-83.55931900248278,37.91808032821546],[-83.5595210999759,37.91811575437509],[-83.55961092108396,37.918186606643175],[-83.55970074219202,37.918186606643175],[-83.55970074219202,37.91822203275162],[-83.55963337636096,37.91823974579943],[-83.55956601052993,37.918186606643175]]]}},{"type":"Feature","properties":{"kind":"sunrise","strength":1.0,"hard":false,"sector":"ring-r1c5"},"geometry":{"type":"Polygon","coordinates":[[[-83.55994775023916,37.92594451707244],[-83.55979056330008,37.92582053863774],[-83.5598579291311,37.925749693724065],[-83.56003757134722,37.925731982484976],[-83.56006002662423,37.92564342622556],[-83.56021721356333,37.92566113748598],[-83.56028457939436,37.925608003691934],[-83.56037440050243,37.92562571496088],[-83.56035194522542,37.92576740495888],[-83.56026212411736,37.92587367227821],[-83.56012739245529,37.92587367227821],[-83.56006002662423,37.92594451707244],[-83.55994775023916,37.92594451707244]]]}},{"type":"Feature","properties":{"kind":"sunrise","strength":1.0,"hard":false,"sector":"ring-r1c5"},"geometry":{"type":"Polygon","coordinates":[[[-83.56017230300931,37.91815118051767],[-83.56012739245529,37.91815118051767],[-83.56014984773229,37.91820431969953],[-83.56023966884034,37.91822203275162],[-83.5603070346714,37.918186606643175],[-83.5603070346714,37.91823974579943],[-83.56006002662423,37.91827517188229],[-83.56003757134722,37.918186606643175],[-83.56008248190126,37.91813346744851],[-83.5600151160702,37.918168893582546],[-83.55997020551618,37.918044902038766],[-83.56006002662423,37.918044902038766],[-83.56017230300931,37.91815118051767]]]}},{"type":"Feature","properties":{"kind":"sunrise","strength":1.0,"hard":false,"sector":"ring-r1c5"},"geometry":{"type":"Polygon","coordinates":[[[-83.56082350604271,37.92553715857348],[-83.56080105076569,37.92557258114124],[-83.56071122965763,37.92557258114124],[-83.56073368493466,37.92553715857348],[-83.56082350604271,37.92553715857348]]]}},{"type":"Feature","properties":{"kind":"sunrise","strength":1.0,"hard":false,"sector":"ring-r1c5"},"geometry":{"type":"Polygon","coordinates":[[[-83.56091332715076,37.92578511618944],[-83.56073368493466,37.92566113748598],[-83.56073368493466,37.925608003691934],[-83.56082350604271,37.925608003691934],[-83.56086841659673,37.92559029241872],[-83.56086841659673,37.92553715857348],[-83.56095823770478,37.92553715857348],[-83.56107051408986,37.925448602079435],[-83.56116033519793,37.925448602079435],[-83.56120524575195,37.925377756807414],[-83.56142979852207,37.925342334145796],[-83.56140734324507,37.9255548698595],[-83.56133997741402,37.92562571496088],[-83.56109296936687,37.925731982484976],[-83.56104805881283,37.92578511618944],[-83.56091332715076,37.92578511618944]]]}},{"type":"Feature","properties":{"kind":"sunrise","strength":1.0,"hard":false,"sector":"ring-r1c5"},"geometry":{"type":"Polygon","coordinates":[[[-83.56138488796805,37.919479648546705],[-83.56127261158296,37.919408797524234],[-83.56116033519793,37.91932023365017],[-83.56125015630596,37.919355659212584],[-83.56133997741402,37.9193379464335],[-83.56133997741402,37.91944422304401],[-83.56138488796805,37.919479648546705]]]}},{"type":"Feature","properties":{"kind":"sunrise","strength":1.0,"hard":false,"sector":"ring-r1c5"},"geometry":{"type":"Polygon","coordinates":[[[-83.56116033519793,37.91932023365017],[-83.56111542464389,37.91932023365017],[-83.56104805881283,37.91924938247411],[-83.56104805881283,37.91914310558209],[-83.56111542464389,37.91916081840809],[-83.56109296936687,37.91924938247411],[-83.56116033519793,37.91932023365017]]]}},{"type":"Feature","properties":{"kind":"sunrise","strength":1.0,"hard":false,"sector":"ring-r1c5"},"geometry":{"type":"Polygon","coordinates":[[[-83.56104805881283,37.91914310558209],[-83.5610031482588,37.91916081840809],[-83.56095823770478,37.9190191156806],[-83.56111542464389,37.918505441004925],[-83.56111542464389,37.9186648576675],[-83.56116033519793,37.918735709406626],[-83.56111542464389,37.918735709406626],[-83.56102560353582,37.91885969978587],[-83.56104805881283,37.91900140282047],[-83.5610031482588,37.91908996707848],[-83.56104805881283,37.91914310558209]]]}},{"type":"Feature","properties":{"kind":"sunrise","strength":1.0,"hard":false,"sector":"ring-r1c5"},"geometry":{"type":"Polygon","coordinates":[[[-83.56217082266353,37.919515074032354],[-83.56201363572443,37.91953278676878],[-83.56199118044741,37.919461935797486],[-83.56203609100145,37.91944422304401],[-83.56194626989338,37.919461935797486],[-83.56192381461639,37.91942651028625],[-83.56183399350833,37.919461935797486],[-83.56178908295429,37.91955049950093],[-83.56147470907611,37.919515074032354],[-83.56140734324507,37.919479648546705],[-83.56149716435313,37.919461935797486],[-83.56151961963013,37.91942651028625],[-83.56140734324507,37.91944422304401],[-83.56138488796805,37.91932023365017],[-83.56125015630596,37.919302520862544],[-83.56116033519793,37.91924938247411],[-83.56116033519793,37.91914310558209],[-83.56107051408986,37.91908996707848],[-83.56111542464389,37.918948264214485],[-83.56109296936687,37.918841986887344],[-83.56120524575195,37.918735709406626],[-83.56120524575195,37.9186648576675],[-83.56116033519793,37.91862943177234],[-83.56118279047493,37.918505441004925],[-83.56122770102895,37.91848772802108],[-83.56129506686,37.91832831097458],[-83.56127261158296,37.918186606643175],[-83.56113787992089,37.91808032821546],[-83.56111542464389,37.918009475845],[-83.56102560353582,37.91799176274173],[-83.5609806929818,37.917850057761925],[-83.56113787992089,37.917850057761925],[-83.56127261158296,37.91788548403247],[-83.56129506686,37.91792091028594],[-83.56142979852207,37.917938623406286],[-83.56142979852207,37.91808032821546],[-83.56149716435313,37.91813346744851],[-83.56154207490715,37.91838145002847],[-83.56151961963013,37.91855857993084],[-83.56145225379909,37.91864714472205],[-83.56145225379909,37.918877412680125],[-83.56138488796805,37.918948264214485],[-83.56142979852207,37.91908996707848],[-83.56160944073818,37.91914310558209],[-83.56172171712326,37.919355659212584],[-83.56176662767729,37.9193733719874],[-83.56190135933937,37.9193733719874],[-83.5619687251704,37.91932023365017],[-83.56212591210951,37.919302520862544],[-83.56214836738653,37.91926709527453],[-83.56228309904859,37.91926709527453],[-83.5623055543256,37.91932023365017],[-83.5622606437716,37.91942651028625],[-83.56221573321756,37.919461935797486],[-83.56212591210951,37.91944422304401],[-83.56217082266353,37.919515074032354]],[[-83.56176662767729,37.91942651028625],[-83.5616543512922,37.919479648546705],[-83.56158698546116,37.919408797524234],[-83.56154207490715,37.919408797524234],[-83.56156453018416,37.919479648546705],[-83.5616318960152,37.919515074032354],[-83.56169926184624,37.919515074032354],[-83.56176662767729,37.91942651028625]]]}},{"type":"Feature","properties":{"kind":"sunrise","strength":1.0,"hard":false,"sector":"ring-r1c5"},"geometry":{"type":"Polygon","coordinates":[[[-83.56109296936687,37.91806261512924],[-83.56104805881283,37.91809804129741],[-83.5609806929818,37.91806261512924],[-83.56109296936687,37.91806261512924]]]}},{"type":"Feature","properties":{"kind":"sunrise","strength":1.0,"hard":false,"sector":"ring-r1c5"},"geometry":{"type":"Polygon","coordinates":[[[-83.56113787992089,37.91848772802108],[-83.56111542464389,37.918186606643175],[-83.56118279047493,37.91815118051767],[-83.56122770102895,37.91820431969953],[-83.56122770102895,37.91838145002847],[-83.56113787992089,37.91848772802108]]]}},{"type":"Feature","properties":{"kind":"sunrise","strength":1.0,"hard":false,"sector":"ring-r1c5"},"geometry":{"type":"Polygon","coordinates":[[[-83.56145225379909,37.890938877892594],[-83.56149716435313,37.89083256010527],[-83.56174417240027,37.89085027974715],[-83.56172171712326,37.890992036728676],[-83.5616543512922,37.891027475931416],[-83.56154207490715,37.891027475931416],[-83.56145225379909,37.890938877892594]]]}},{"type":"Feature","properties":{"kind":"sunrise","strength":1.0,"hard":false,"sector":"ring-r1c5"},"geometry":{"type":"Polygon","coordinates":[[[-83.56156453018416,37.897512562822804],[-83.56156453018416,37.89740625452903],[-83.56185644878533,37.89722907369821],[-83.56192381461639,37.89722907369821],[-83.56205854627846,37.897370818396986],[-83.56203609100145,37.89744169064402],[-83.56181153823131,37.89756571691212],[-83.5616543512922,37.89756571691212],[-83.56156453018416,37.897512562822804]]]}},{"type":"Feature","properties":{"kind":"sunrise","strength":1.0,"hard":false,"sector":"ring-r1c5"},"geometry":{"type":"Polygon","coordinates":[[[-83.56167680656922,37.89281713348651],[-83.5616318960152,37.89269309921748],[-83.56176662767729,37.89269309921748],[-83.56183399350833,37.892763975968236],[-83.56183399350833,37.89285257181071],[-83.56178908295429,37.89290572926502],[-83.56172171712326,37.89288801011785],[-83.56172171712326,37.89283485265074],[-83.56167680656922,37.89281713348651]]]}},{"type":"Feature","properties":{"kind":"sunrise","strength":1.0,"hard":false,"sector":"ring-r1c5"},"geometry":{"type":"Polygon","coordinates":[[[-83.56187890406235,37.8966443739305],[-83.56176662767729,37.89650262783282],[-83.56178908295429,37.896343163146646],[-83.56174417240027,37.89632544482687],[-83.56178908295429,37.89625457150507],[-83.5616543512922,37.89602423273795],[-83.56174417240027,37.89598879594058],[-83.56176662767729,37.89593564071252],[-83.56199118044741,37.89577617479806],[-83.56208100155547,37.89577617479806],[-83.56214836738653,37.89572301941648],[-83.56223818849458,37.895758456341795],[-83.5622606437716,37.89595335912613],[-83.56201363572443,37.89611282465676],[-83.56203609100145,37.896343163146646],[-83.56199118044741,37.89636088146217],[-83.56203609100145,37.89650262783282],[-83.56212591210951,37.896591219175846],[-83.56212591210951,37.89667981041227],[-83.56199118044741,37.89678611975522],[-83.56187890406235,37.89678611975522],[-83.56187890406235,37.8966443739305]]]}},{"type":"Feature","properties":{"kind":"sunrise","strength":1.0,"hard":false,"sector":"ring-r1c5"},"geometry":{"type":"Polygon","coordinates":[[[-83.56212591210951,37.89696330165229],[-83.56214836738653,37.897051892440885],[-83.56210345683249,37.897051892440885],[-83.56203609100145,37.89712276499499],[-83.56194626989338,37.89712276499499],[-83.56192381461639,37.896945583481774],[-83.56212591210951,37.89696330165229]]]}},{"type":"Feature","properties":{"kind":"sunrise","strength":1.0,"hard":false,"sector":"ring-r1c5"},"geometry":{"type":"Polygon","coordinates":[[[-83.56255256237277,37.89595335912613],[-83.56261992820382,37.89586476701541],[-83.56270974931185,37.895811611697795],[-83.56286693625097,37.895811611697795],[-83.56279957041991,37.896006514341394],[-83.56255256237277,37.89602423273795],[-83.56255256237277,37.89595335912613]]]}},{"type":"Feature","properties":{"kind":"sunrise","strength":1.0,"hard":false,"sector":"ring-r1c5"},"geometry":{"type":"Polygon","coordinates":[[[-83.562911846805,37.922597025964706],[-83.56279957041991,37.92247304188612],[-83.56277711514291,37.92238448170201],[-83.56277711514291,37.922189648921574],[-83.56273220458887,37.922171936825016],[-83.56270974931185,37.92201252776415],[-83.56270974931185,37.92165828416957],[-83.56279957041991,37.92165828416957],[-83.56284448097394,37.921746845228185],[-83.56304657846707,37.92172913302499],[-83.56304657846707,37.92183540618015],[-83.562934302082,37.92194167918174],[-83.562934302082,37.92201252776415],[-83.56302412319005,37.92206566415617],[-83.56306903374407,37.92215422472421],[-83.56318131012914,37.922207361013854],[-83.56329358651423,37.922437617825274],[-83.56329358651423,37.92261473795886],[-83.56313639957513,37.92277414571437],[-83.562934302082,37.9227564337586],[-83.562911846805,37.922597025964706]],[[-83.56277711514291,37.92183540618015],[-83.56282202569693,37.921888542700145],[-83.56282202569693,37.921746845228185],[-83.56277711514291,37.92183540618015]],[[-83.56277711514291,37.92201252776415],[-83.56279957041991,37.922136512619126],[-83.56284448097394,37.922136512619126],[-83.56282202569693,37.92201252776415],[-83.56277711514291,37.92201252776415]],[[-83.56282202569693,37.922171936825016],[-83.56286693625097,37.922207361013854],[-83.56286693625097,37.92215422472421],[-83.56282202569693,37.922171936825016]],[[-83.56288939152797,37.92238448170201],[-83.562934302082,37.92236676965239],[-83.562934302082,37.922225073101856],[-83.56286693625097,37.92226049726508],[-83.56288939152797,37.92238448170201]],[[-83.56286693625097,37.92238448170201],[-83.56284448097394,37.922437617825274],[-83.56288939152797,37.922455329857826],[-83.56288939152797,37.922402193747374],[-83.56286693625097,37.92238448170201]],[[-83.56304657846707,37.92270329786569],[-83.56297921263601,37.92241990578845],[-83.562934302082,37.92241990578845],[-83.562934302082,37.922579313966274],[-83.56297921263601,37.922597025964706],[-83.56297921263601,37.922667873915756],[-83.56304657846707,37.92270329786569]]]}},{"type":"Feature","properties":{"kind":"sunrise","strength":1.0,"hard":false,"sector":"ring-r1c5"},"geometry":{"type":"Polygon","coordinates":[[[-83.56288939152797,37.92118005261016],[-83.56275465986587,37.921162340270456],[-83.56275465986587,37.921073778507974],[-83.56288939152797,37.92094979186132],[-83.56315885485213,37.92094979186132],[-83.56320376540617,37.92089665466305],[-83.56340586289927,37.9208789422551],[-83.56349568400734,37.92082580500565],[-83.56354059456137,37.9208435174264],[-83.56354059456137,37.920914367066736],[-83.5634283181763,37.92089665466305],[-83.56340586289927,37.92093207946616],[-83.56329358651423,37.92094979186132],[-83.5632711312372,37.921002929021185],[-83.56351813928437,37.92093207946616],[-83.5635855051154,37.92094979186132],[-83.56365287094644,37.92103835377311],[-83.56365287094644,37.921126915578256],[-83.56354059456137,37.92118005261016],[-83.56313639957513,37.921162340270456],[-83.56311394429811,37.92123318960366],[-83.56297921263601,37.92123318960366],[-83.56288939152797,37.92118005261016]],[[-83.56306903374407,37.921056066142675],[-83.56304657846707,37.92103835377311],[-83.56304657846707,37.921056066142675],[-83.56306903374407,37.921056066142675]],[[-83.56304657846707,37.92103835377311],[-83.56302412319005,37.921002929021185],[-83.56295675735902,37.92102064139928],[-83.56295675735902,37.921056066142675],[-83.56304657846707,37.92103835377311]]]}},{"type":"Feature","properties":{"kind":"sunrise","strength":1.0,"hard":false,"sector":"ring-r1c5"},"geometry":{"type":"Polygon","coordinates":[[[-83.56300166791304,37.91944422304401],[-83.56318131012914,37.91926709527453],[-83.56329358651423,37.91926709527453],[-83.5632486759602,37.919461935797486],[-83.56315885485213,37.919479648546705],[-83.56311394429811,37.91944422304401],[-83.56300166791304,37.91944422304401]]]}},{"type":"Feature","properties":{"kind":"sunrise","strength":1.0,"hard":false,"sector":"ring-r1c5"},"geometry":{"type":"Polygon","coordinates":[[[-83.56322622068318,37.896414036383156],[-83.56333849706824,37.89630772650281],[-83.56340586289927,37.896343163146646],[-83.56349568400734,37.89627228984191],[-83.56354059456137,37.89637859977343],[-83.56336095234525,37.89650262783282],[-83.56322622068318,37.89650262783282],[-83.56322622068318,37.896414036383156]]]}},{"type":"Feature","properties":{"kind":"sunrise","strength":1.0,"hard":false,"sector":"ring-r1c5"},"geometry":{"type":"Polygon","coordinates":[[[-83.5634283181763,37.895758456341795],[-83.56351813928437,37.89563442702854],[-83.56349568400734,37.89554583453397],[-83.5635630498384,37.89531549354909],[-83.56365287094644,37.895226900670686],[-83.56365287094644,37.89510287046179],[-83.5635855051154,37.89508515184346],[-83.5636079603924,37.89487252809082],[-83.5635630498384,37.89476621598422],[-83.56347322873033,37.894713059873325],[-83.56347322873033,37.89465990372406],[-83.5636079603924,37.894535872559835],[-83.56367532622345,37.894535872559835],[-83.56383251316254,37.89442955996702],[-83.56383251316254,37.89439412240197],[-83.56398970010166,37.89427009078993],[-83.56403461065567,37.89414605896891],[-83.56416934231775,37.894163777813276],[-83.5642367081488,37.89428780960444],[-83.56421425287178,37.89444727874315],[-83.56414688704074,37.89446499751502],[-83.56401215537866,37.89458902879866],[-83.5639223342706,37.894606747536415],[-83.56381005788553,37.894748497284844],[-83.56385496843957,37.89531549354909],[-83.56376514733151,37.89540408632087],[-83.56369778150045,37.89570530094741],[-83.56351813928437,37.895811611697795],[-83.5634283181763,37.895758456341795]]]}},{"type":"Feature","properties":{"kind":"sunrise","strength":1.0,"hard":false,"sector":"ring-r1c5"},"geometry":{"type":"Polygon","coordinates":[[[-83.56475317952011,37.92050698070266],[-83.56482054535115,37.920453843184454],[-83.56482054535115,37.9203652805688],[-83.56500000000001,37.92025900528923],[-83.56500000000001,37.92040070562786],[-83.5649103664592,37.92050698070266],[-83.56495527701324,37.92052469320019],[-83.56500000000001,37.92047155569479],[-83.56500000000001,37.92079038015134],[-83.56495527701324,37.9208435174264],[-83.56475317952011,37.92086122984289],[-83.56461844785804,37.92082580500565],[-83.56459599258102,37.92086122984289],[-83.56441635036491,37.92086122984289],[-83.56428161870284,37.921056066142675],[-83.56401215537866,37.921056066142675],[-83.56396724482464,37.921091490868996],[-83.56385496843957,37.921091490868996],[-83.56367532622345,37.92098521663883],[-83.56369778150045,37.920914367066736],[-83.56383251316254,37.9208789422551],[-83.56385496843957,37.9208435174264],[-83.5639223342706,37.9208789422551],[-83.5639223342706,37.92082580500565],[-83.56385496843957,37.92080809258063],[-83.56365287094644,37.920914367066736],[-83.56365287094644,37.92080809258063],[-83.56369778150045,37.92077266771779],[-83.5642591634258,37.920701817940945],[-83.56430407397984,37.92066639302693],[-83.56448371619594,37.92066639302693],[-83.56466335841206,37.92050698070266],[-83.5647082689661,37.92048926820085],[-83.56475317952011,37.92050698070266]],[[-83.56475317952011,37.92050698070266],[-83.56473072424309,37.92050698070266],[-83.56473072424309,37.92052469320019],[-83.56475317952011,37.92052469320019],[-83.56475317952011,37.92050698070266]],[[-83.56421425287178,37.92080809258063],[-83.56434898453386,37.92080809258063],[-83.56448371619594,37.92077266771779],[-83.56430407397984,37.92077266771779],[-83.56428161870284,37.92071953039156],[-83.5642367081488,37.92077266771779],[-83.56407952120969,37.92079038015134],[-83.56398970010166,37.9208435174264],[-83.56398970010166,37.9208789422551],[-83.56421425287178,37.92080809258063]],[[-83.56466335841206,37.920701817940945],[-83.56479809007413,37.920577830667206],[-83.56473072424309,37.920577830667206],[-83.56466335841206,37.920701817940945]]]}},{"type":"Feature","properties":{"kind":"sunrise","strength":1.0,"hard":false,"sector":"ring-r1c5"},"geometry":{"type":"Polygon","coordinates":[[[-83.56376514733151,37.896608937431665],[-83.56383251316254,37.896538064382824],[-83.56396724482464,37.896538064382824],[-83.56419179759477,37.89639631808042],[-83.56430407397984,37.89637859977343],[-83.56446126091893,37.89623685316395],[-83.56455108202698,37.89623685316395],[-83.56452862674998,37.896538064382824],[-83.56446126091893,37.89657350091577],[-83.56432652925686,37.89657350091577],[-83.56421425287178,37.89669752864676],[-83.56398970010166,37.89666209217352],[-83.5639223342706,37.89671524687699],[-83.56376514733151,37.89671524687699],[-83.56376514733151,37.896608937431665]],[[-83.56405706593267,37.89652034610995],[-83.56403461065567,37.89655578265144],[-83.56405706593267,37.89655578265144],[-83.56405706593267,37.89652034610995]]]}},{"type":"Feature","properties":{"kind":"sunrise","strength":1.0,"hard":false,"sector":"ring-r1c5"},"geometry":{"type":"Polygon","coordinates":[[[-83.56412443176372,37.93],[-83.56421425287178,37.929770034598555],[-83.56407952120969,37.9296814832025],[-83.56407952120969,37.92961064200887],[-83.56419179759477,37.92941582837443],[-83.56416934231775,37.92936269729362],[-83.56428161870284,37.92932727655177],[-83.56432652925686,37.92936269729362],[-83.56432652925686,37.92946895941684],[-83.56439389508789,37.92953980074699],[-83.56443880564191,37.92971690377372],[-83.56443880564191,37.93],[-83.56412443176372,37.93]]]}},{"type":"Feature","properties":{"kind":"sunrise","strength":1.0,"hard":false,"sector":"ring-r1c5"},"geometry":{"type":"Polygon","coordinates":[[[-83.56459599258102,37.89425237197115],[-83.56464090313504,37.89412834012027],[-83.56473072424309,37.894092902410215],[-83.56484300062817,37.89411062126739],[-83.56479809007413,37.89434096602239],[-83.56466335841206,37.89442955996702],[-83.56450617147296,37.89444727874315],[-83.56448371619594,37.89427009078993],[-83.56459599258102,37.89425237197115]]]}},{"type":"Feature","properties":{"kind":"sunrise","strength":1.0,"hard":false,"sector":"ring-r1c5"},"geometry":{"type":"Polygon","coordinates":[[[-83.56459599258102,37.9245630312732],[-83.56475317952011,37.924403627395456],[-83.5648879111822,37.924421338954495],[-83.5648879111822,37.92449218514797],[-83.56477563479712,37.924598454310214],[-83.56466335841206,37.924598454310214],[-83.56459599258102,37.9245630312732]]]}},{"type":"Feature","properties":{"kind":"sunrise","strength":1.0,"hard":false,"sector":"ring-r1c5"},"geometry":{"type":"Polygon","coordinates":[[[-83.56500000000001,37.92720200081165],[-83.56479809007413,37.927113446322636],[-83.56482054535115,37.92688320415211],[-83.5648879111822,37.92684778221573],[-83.5648879111822,37.92667067227786],[-83.56500000000001,37.926582117148946],[-83.56500000000001,37.92720200081165]]]}},{"type":"Feature","properties":{"kind":"sunrise","strength":1.0,"hard":false,"sector":"ring-r1c5"},"geometry":{"type":"Polygon","coordinates":[[[-83.5648879111822,37.89343730169701],[-83.56482054535115,37.89331326847286],[-83.5648879111822,37.89326011131282],[-83.5649103664592,37.89313607779014],[-83.56482054535115,37.89304748228884],[-83.56482054535115,37.89297660581105],[-83.56493282173622,37.89294116754656],[-83.56500000000001,37.89281713348651],[-83.56500000000001,37.89347273972267],[-83.5648879111822,37.89343730169701]]]}},{"type":"Feature","properties":{"kind":"sunrise","strength":1.0,"hard":false,"sector":"ring-r1c5"},"geometry":{"type":"Polygon","coordinates":[[[-83.56493282173622,37.8938802757916],[-83.56495527701324,37.89373852437134],[-83.56500000000001,37.89372080542461],[-83.56500000000001,37.89389799469994],[-83.56493282173622,37.8938802757916]]]}},{"type":"Feature","properties":{"kind":"sunrise","strength":1.0,"hard":false,"sector":"ring-r1c5"},"geometry":{"type":"Polygon","coordinates":[[[-83.56500000000001,37.92953980074699],[-83.56500000000001,37.929699193490244],[-83.56493282173622,37.929699193490244],[-83.56493282173622,37.92962835231368],[-83.56500000000001,37.92953980074699]]]}},{"type":"Feature","properties":{"kind":"sunrise","strength":1.0,"hard":true,"sector":"ring-r1c5"},"geometry":{"type":"Polygon","coordinates":[[[-83.52830826492678,37.89877053264082],[-83.52826335437275,37.89877053264082],[-83.52824089909575,37.89869966167328],[-83.52828580964976,37.89869966167328],[-83.52830826492678,37.89877053264082]]]}},{"type":"Feature","properties":{"kind":"sunrise","strength":1.0,"hard":true,"sector":"ring-r1c5"},"geometry":{"type":"Polygon","coordinates":[[[-83.52839808603484,37.89873509716558],[-83.5283531754808,37.898752814905336],[-83.5283307202038,37.89866422616392],[-83.52837563075782,37.89866422616392],[-83.52839808603484,37.89873509716558]]]}},{"type":"Feature","properties":{"kind":"sunrise","strength":1.0,"hard":true,"sector":"ring-r1c5"},"geometry":{"type":"Polygon","coordinates":[[[-83.53949099287964,37.9157953048758],[-83.5394460823256,37.9157953048758],[-83.5394460823256,37.91575987759856],[-83.53953590343366,37.915742163953524],[-83.53953590343366,37.91577759123931],[-83.53949099287964,37.91577759123931],[-83.53949099287964,37.9157953048758]]]}},{"type":"Feature","properties":{"kind":"sunrise","strength":1.0,"hard":true,"sector":"ring-r1c5"},"geometry":{"type":"Polygon","coordinates":[[[-83.53953590343366,37.915813018508025],[-83.5395808139877,37.915813018508025],[-83.53955835871066,37.915866159379114],[-83.53951344815664,37.915866159379114],[-83.53951344815664,37.91588387299428],[-83.5394460823256,37.915866159379114],[-83.5394460823256,37.915848445759686],[-83.53951344815664,37.915848445759686],[-83.53953590343366,37.915813018508025]]]}},{"type":"Feature","properties":{"kind":"sunrise","strength":1.0,"hard":true,"sector":"ring-r1c5"},"geometry":{"type":"Polygon","coordinates":[[[-83.53964817981873,37.915724450304246],[-83.53962572454172,37.915742163953524],[-83.53962572454172,37.91570673665069],[-83.53969309037277,37.915689022992865],[-83.53969309037277,37.915724450304246],[-83.53964817981873,37.915724450304246]]]}},{"type":"Feature","properties":{"kind":"sunrise","strength":1.0,"hard":true,"sector":"ring-r1c5"},"geometry":{"type":"Polygon","coordinates":[[[-83.53973800092677,37.91575987759856],[-83.53973800092677,37.9157953048758],[-83.53969309037277,37.9157953048758],[-83.53969309037277,37.915813018508025],[-83.53964817981873,37.9157953048758],[-83.53969309037277,37.91575987759856],[-83.53973800092677,37.91575987759856]]]}},{"type":"Feature","properties":{"kind":"sunrise","strength":1.0,"hard":true,"sector":"ring-r1c5"},"geometry":{"type":"Polygon","coordinates":[[[-83.54020956174406,37.91545874505302],[-83.5402544722981,37.915494172475306],[-83.540097285359,37.91554731357673],[-83.54011974063602,37.915494172475306],[-83.54016465119004,37.915494172475306],[-83.54020956174406,37.91545874505302]]]}},{"type":"Feature","properties":{"kind":"sunrise","strength":1.0,"hard":true,"sector":"ring-r1c5"},"geometry":{"type":"Polygon","coordinates":[[[-83.540097285359,37.91554731357673],[-83.54005237480499,37.91558274095636],[-83.54000746425096,37.91558274095636],[-83.53998500897394,37.91561816831893],[-83.5399400984199,37.91561816831893],[-83.53998500897394,37.91554731357673],[-83.54002991952797,37.91554731357673],[-83.54002991952797,37.91552959988053],[-83.540097285359,37.91554731357673]]]}},{"type":"Feature","properties":{"kind":"sunrise","strength":1.0,"hard":true,"sector":"ring-r1c5"},"geometry":{"type":"Polygon","coordinates":[[[-83.54011974063602,37.91560045463977],[-83.540097285359,37.91561816831893],[-83.540097285359,37.91565359566443],[-83.54000746425096,37.915671309330776],[-83.54002991952797,37.91561816831893],[-83.54007483008198,37.91561816831893],[-83.54007483008198,37.91560045463977],[-83.54011974063602,37.91560045463977]]]}},{"type":"Feature","properties":{"kind":"sunrise","strength":1.0,"hard":true,"sector":"ring-r1c5"},"geometry":{"type":"Polygon","coordinates":[[[-83.54020956174406,37.91552959988053],[-83.54029938285213,37.91551188618005],[-83.54027692757512,37.91556502726868],[-83.54016465119004,37.91560045463977],[-83.54014219591303,37.91556502726868],[-83.54018710646706,37.91556502726868],[-83.54020956174406,37.91552959988053]]]}},{"type":"Feature","properties":{"kind":"sunrise","strength":1.0,"hard":true,"sector":"ring-r1c5"},"geometry":{"type":"Polygon","coordinates":[[[-83.55437884153974,37.896874710757075],[-83.55442375209378,37.896874710757075],[-83.5544462073708,37.896910147127954],[-83.55435638626274,37.896910147127954],[-83.55431147570872,37.896856992565226],[-83.55437884153974,37.896856992565226],[-83.55437884153974,37.896874710757075]]]}},{"type":"Feature","properties":{"kind":"sunrise","strength":1.0,"hard":true,"sector":"ring-r1c5"},"geometry":{"type":"Polygon","coordinates":[[[-83.55464830486392,37.89827443443505],[-83.55458093903287,37.89829215228569],[-83.55458093903287,37.89830987013207],[-83.55453602847885,37.89829215228569],[-83.55458093903287,37.89825671658014],[-83.55464830486392,37.89825671658014],[-83.55464830486392,37.89827443443505]]]}},{"type":"Feature","properties":{"kind":"sunrise","strength":1.0,"hard":true,"sector":"ring-r1c5"},"geometry":{"type":"Polygon","coordinates":[[[-83.55565879232954,37.89680383796412],[-83.55565879232954,37.89682155616876],[-83.55570370288356,37.89682155616876],[-83.55570370288356,37.896856992565226],[-83.55559142649851,37.89683927436913],[-83.55559142649851,37.89682155616876],[-83.55565879232954,37.89680383796412]]]}},{"type":"Feature","properties":{"kind":"sunrise","strength":1.0,"hard":true,"sector":"ring-r1c5"},"geometry":{"type":"Polygon","coordinates":[[[-83.55648963757905,37.8983630236456],[-83.55660191396412,37.89829215228569],[-83.55655700341009,37.89839845929997],[-83.55642227174799,37.898504766160706],[-83.55644472702502,37.89841617712075],[-83.55648963757905,37.89839845929997],[-83.55648963757905,37.8983630236456]]]}},{"type":"Feature","properties":{"kind":"sunrise","strength":1.0,"hard":true,"sector":"ring-r1c5"},"geometry":{"type":"Polygon","coordinates":[[[-83.55664682451815,37.89898314513397],[-83.55660191396412,37.89889455666979],[-83.55664682451815,37.89889455666979],[-83.55664682451815,37.89892999206826],[-83.55675910090321,37.89898314513397],[-83.55678155618023,37.89905401582853],[-83.55673664562619,37.89905401582853],[-83.55671419034918,37.899000862814006],[-83.55664682451815,37.89898314513397]]]}},{"type":"Feature","properties":{"kind":"sunrise","strength":1.0,"hard":true,"sector":"ring-r1c5"},"geometry":{"type":"Polygon","coordinates":[[[-83.55673664562619,37.89813269147638],[-83.55682646673425,37.89811497358735],[-83.55687137728829,37.898061819894686],[-83.55693874311932,37.898061819894686],[-83.55693874311932,37.89809725569406],[-83.55682646673425,37.89813269147638],[-83.55673664562619,37.89822128085754],[-83.55664682451815,37.89823899872096],[-83.55664682451815,37.89820356298984],[-83.55673664562619,37.89816812724164],[-83.55673664562619,37.89813269147638]]]}},{"type":"Feature","properties":{"kind":"sunrise","strength":1.0,"hard":true,"sector":"ring-r1c5"},"geometry":{"type":"Polygon","coordinates":[[[-83.55684892201126,37.91944422304401],[-83.55680401145723,37.91944422304401],[-83.55680401145723,37.919461935797486],[-83.55673664562619,37.919461935797486],[-83.55678155618023,37.919408797524234],[-83.55684892201126,37.919408797524234],[-83.55684892201126,37.91944422304401]]]}},{"type":"Feature","properties":{"kind":"sunrise","strength":1.0,"hard":true,"sector":"ring-r1c5"},"geometry":{"type":"Polygon","coordinates":[[[-83.5570510195044,37.898061819894686],[-83.55718575116647,37.8979555123942],[-83.55718575116647,37.89790235858637],[-83.55729802755155,37.89790235858637],[-83.55729802755155,37.89788464064191],[-83.55734293810558,37.89790235858637],[-83.55729802755155,37.897937794462514],[-83.5572306617205,37.897937794462514],[-83.55716329588945,37.898061819894686],[-83.55711838533543,37.898061819894686],[-83.55711838533543,37.8980795377965],[-83.5570510195044,37.898061819894686]]]}},{"type":"Feature","properties":{"kind":"sunrise","strength":1.0,"hard":true,"sector":"ring-r1c5"},"geometry":{"type":"Polygon","coordinates":[[[-83.55732048282856,37.919355659212584],[-83.55741030393662,37.9193379464335],[-83.55736539338258,37.919408797524234],[-83.55725311699752,37.91944422304401],[-83.5572306617205,37.919408797524234],[-83.55732048282856,37.91939108475795],[-83.55732048282856,37.919355659212584]]]}},{"type":"Feature","properties":{"kind":"sunrise","strength":1.0,"hard":true,"sector":"ring-r1c5"},"geometry":{"type":"Polygon","coordinates":[[[-83.55736539338258,37.916362138991275],[-83.55741030393662,37.916379852487],[-83.55743275921363,37.91645070642724],[-83.55738784865962,37.916432992948586],[-83.55736539338258,37.916362138991275]]]}},{"type":"Feature","properties":{"kind":"sunrise","strength":1.0,"hard":true,"sector":"ring-r1c5"},"geometry":{"type":"Polygon","coordinates":[[[-83.55743275921363,37.897866922693176],[-83.55743275921363,37.89784920474017],[-83.55747766976765,37.89784920474017],[-83.55745521449063,37.89790235858637],[-83.55741030393662,37.89790235858637],[-83.55741030393662,37.89792007652658],[-83.55736539338258,37.89790235858637],[-83.55736539338258,37.89788464064191],[-83.55743275921363,37.897866922693176]]]}},{"type":"Feature","properties":{"kind":"sunrise","strength":1.0,"hard":true,"sector":"ring-r1c5"},"geometry":{"type":"Polygon","coordinates":[[[-83.55752258032169,37.91652156029922],[-83.5575450355987,37.91652156029922],[-83.5575450355987,37.91655698720964],[-83.55747766976765,37.91652156029922],[-83.55747766976765,37.91648613337177],[-83.55752258032169,37.91648613337177],[-83.55752258032169,37.91652156029922]]]}},{"type":"Feature","properties":{"kind":"sunrise","strength":1.0,"hard":true,"sector":"ring-r1c5"},"geometry":{"type":"Polygon","coordinates":[[[-83.55770222253778,37.89784920474017],[-83.55765731198376,37.89784920474017],[-83.55765731198376,37.897866922693176],[-83.55756749087571,37.897866922693176],[-83.55756749087571,37.89784920474017],[-83.55763485670676,37.89784920474017],[-83.55765731198376,37.89781376882137],[-83.55770222253778,37.89781376882137],[-83.55770222253778,37.89784920474017]]]}},{"type":"Feature","properties":{"kind":"sunrise","strength":1.0,"hard":true,"sector":"ring-r1c5"},"geometry":{"type":"Polygon","coordinates":[[[-83.55765731198376,37.91668098126167],[-83.55761240142974,37.91666326783846],[-83.55761240142974,37.916627840979245],[-83.55765731198376,37.91664555441099],[-83.55765731198376,37.91668098126167]]]}},{"type":"Feature","properties":{"kind":"sunrise","strength":1.0,"hard":true,"sector":"ring-r1c5"},"geometry":{"type":"Polygon","coordinates":[[[-83.55779204364583,37.91932023365017],[-83.55783695419987,37.91932023365017],[-83.5578818647539,37.91928480807067],[-83.55794923058495,37.91928480807067],[-83.55794923058495,37.91932023365017],[-83.55785940947689,37.9193379464335],[-83.55776958836883,37.91939108475795],[-83.55770222253778,37.9193733719874],[-83.55779204364583,37.91932023365017]]]}},{"type":"Feature","properties":{"kind":"sunrise","strength":1.0,"hard":true,"sector":"ring-r1c5"},"geometry":{"type":"Polygon","coordinates":[[[-83.55785940947689,37.89779605085557],[-83.55779204364583,37.89781376882137],[-83.55779204364583,37.897778332885515],[-83.55785940947689,37.89776061491119],[-83.55785940947689,37.89779605085557]]]}},{"type":"Feature","properties":{"kind":"sunrise","strength":1.0,"hard":true,"sector":"ring-r1c5"},"geometry":{"type":"Polygon","coordinates":[[[-83.55797168586196,37.916875828635426],[-83.5578818647539,37.916822688493774],[-83.5578818647539,37.916787261711335],[-83.55799414113898,37.91684040187859],[-83.55799414113898,37.916875828635426],[-83.55806150697002,37.91691125537519],[-83.55808396224703,37.916964395452865],[-83.558039051693,37.916964395452865],[-83.55797168586196,37.916875828635426]]]}},{"type":"Feature","properties":{"kind":"sunrise","strength":1.0,"hard":true,"sector":"ring-r1c5"},"geometry":{"type":"Polygon","coordinates":[[[-83.55799414113898,37.8977428969326],[-83.55794923058495,37.8977428969326],[-83.55792677530792,37.89776061491119],[-83.55794923058495,37.89770746096263],[-83.55801659641598,37.89770746096263],[-83.55799414113898,37.8977428969326]]]}},{"type":"Feature","properties":{"kind":"sunrise","strength":1.0,"hard":true,"sector":"ring-r1c5"},"geometry":{"type":"Polygon","coordinates":[[[-83.55810641752404,37.897654306975674],[-83.5582186939091,37.89760115295033],[-83.55819623863209,37.897654306975674],[-83.558039051693,37.89770746096263],[-83.55806150697002,37.897654306975674],[-83.55810641752404,37.897654306975674]]]}},{"type":"Feature","properties":{"kind":"sunrise","strength":1.0,"hard":true,"sector":"ring-r1c5"},"geometry":{"type":"Polygon","coordinates":[[[-83.55837588084822,37.91715924207585],[-83.55833097029418,37.91715924207585],[-83.55833097029418,37.91712381545552],[-83.55837588084822,37.91712381545552],[-83.55837588084822,37.91715924207585]]]}},{"type":"Feature","properties":{"kind":"sunrise","strength":1.0,"hard":true,"sector":"ring-r1c5"},"geometry":{"type":"Polygon","coordinates":[[[-83.55848815723327,37.91723009526533],[-83.55851061251029,37.917247808552034],[-83.5585330677873,37.91728323511265],[-83.55848815723327,37.91728323511265],[-83.55844324667925,37.91723009526533],[-83.55848815723327,37.91723009526533]]]}},{"type":"Feature","properties":{"kind":"sunrise","strength":1.0,"hard":true,"sector":"ring-r1c5"},"geometry":{"type":"Polygon","coordinates":[[[-83.55851061251029,37.91717695537962],[-83.55862288889536,37.91723009526533],[-83.55862288889536,37.91726552183448],[-83.55857797834132,37.91726552183448],[-83.55851061251029,37.917212381974366],[-83.55851061251029,37.91717695537962]]]}},{"type":"Feature","properties":{"kind":"sunrise","strength":1.0,"hard":true,"sector":"ring-r1c5"},"geometry":{"type":"Polygon","coordinates":[[[-83.5586902547264,37.897512562822804],[-83.55866779944938,37.89756571691212],[-83.55857797834132,37.89758343493335],[-83.55862288889536,37.897547998886616],[-83.55862288889536,37.897512562822804],[-83.5586902547264,37.897512562822804]]]}},{"type":"Feature","properties":{"kind":"sunrise","strength":1.0,"hard":true,"sector":"ring-r1c5"},"geometry":{"type":"Polygon","coordinates":[[[-83.5588698969425,37.89744169064402],[-83.55893726277355,37.897353100324565],[-83.55909444971265,37.897299946081716],[-83.55913936026668,37.897246791800484],[-83.5592067260977,37.897246791800484],[-83.55925163665174,37.89721135559167],[-83.55931900248278,37.89721135559167],[-83.55931900248278,37.89719363748086],[-83.55943127886786,37.89719363748086],[-83.55954355525292,37.8970696105858],[-83.559655831638,37.89703417429169],[-83.5598579291311,37.896874710757075],[-83.55990283968514,37.89689242894464],[-83.55990283968514,37.89692786530699],[-83.5598579291311,37.89692786530699],[-83.55979056330008,37.896998737980525],[-83.55974565274605,37.896998737980525],[-83.55970074219202,37.897051892440885],[-83.55958846580694,37.89708732872648],[-83.55947618942189,37.89721135559167],[-83.55943127886786,37.89721135559167],[-83.55943127886786,37.89722907369821],[-83.55936391303682,37.89721135559167],[-83.55931900248278,37.897246791800484],[-83.55929654720576,37.89722907369821],[-83.55922918137472,37.897246791800484],[-83.5591842708207,37.897299946081716],[-83.55909444971265,37.897317664166934],[-83.55904953915862,37.897370818396986],[-83.55895971805056,37.897388536465144],[-83.55889235221952,37.89747712674194],[-83.55878007583446,37.897512562822804],[-83.55880253111148,37.897459408695106],[-83.5588698969425,37.89744169064402]]]}},{"type":"Feature","properties":{"kind":"sunrise","strength":1.0,"hard":true,"sector":"ring-r1c5"},"geometry":{"type":"Polygon","coordinates":[[[-83.55925163665174,37.91731866165621],[-83.55916181554367,37.917247808552034],[-83.55909444971265,37.917247808552034],[-83.55909444971265,37.917212381974366],[-83.55904953915862,37.91717695537962],[-83.55922918137472,37.91723009526533],[-83.55927409192876,37.91726552183448],[-83.55927409192876,37.91730094838656],[-83.55931900248278,37.917336374921575],[-83.55931900248278,37.91738951469212],[-83.5593414577598,37.91738951469212],[-83.5593414577598,37.91744265442426],[-83.55931900248278,37.91744265442426],[-83.5593414577598,37.91749579411801],[-83.55931900248278,37.91749579411801],[-83.55929654720576,37.917548933773375],[-83.55927409192876,37.917548933773375],[-83.55929654720576,37.91738951469212],[-83.55927409192876,37.91738951469212],[-83.55925163665174,37.91731866165621]]]}},{"type":"Feature","properties":{"kind":"sunrise","strength":1.0,"hard":true,"sector":"ring-r1c5"},"geometry":{"type":"Polygon","coordinates":[[[-83.55913936026668,37.917566646983296],[-83.55913936026668,37.91763749978033],[-83.5591842708207,37.91761978658747],[-83.5591842708207,37.917655212968924],[-83.55913936026668,37.91767292615325],[-83.55911690498966,37.91776149201091],[-83.55907199443563,37.91779691832411],[-83.55909444971265,37.91761978658747],[-83.55911690498966,37.91761978658747],[-83.55911690498966,37.917566646983296],[-83.55913936026668,37.917566646983296]]]}},{"type":"Feature","properties":{"kind":"sunrise","strength":1.0,"hard":true,"sector":"ring-r1c5"},"geometry":{"type":"Polygon","coordinates":[[[-83.55925163665174,37.91806261512924],[-83.55916181554367,37.91799176274173],[-83.55916181554367,37.917938623406286],[-83.55909444971265,37.91792091028594],[-83.55907199443563,37.917850057761925],[-83.55916181554367,37.91792091028594],[-83.5592067260977,37.91792091028594],[-83.5592067260977,37.91799176274173],[-83.55929654720576,37.91806261512924],[-83.55925163665174,37.91806261512924]]]}},{"type":"Feature","properties":{"kind":"sunrise","strength":1.0,"hard":true,"sector":"ring-r1c5"},"geometry":{"type":"Polygon","coordinates":[[[-83.55916181554367,37.917779205169644],[-83.5591842708207,37.917779205169644],[-83.5591842708207,37.91769063933331],[-83.55925163665174,37.91767292615325],[-83.55922918137472,37.917779205169644],[-83.5592067260977,37.917779205169644],[-83.55922918137472,37.91788548403247],[-83.55913936026668,37.917850057761925],[-83.55916181554367,37.917779205169644]]]}},{"type":"Feature","properties":{"kind":"sunrise","strength":1.0,"hard":true,"sector":"ring-r1c5"},"geometry":{"type":"Polygon","coordinates":[[[-83.5592067260977,37.91740722794043],[-83.55922918137472,37.91749579411801],[-83.5592067260977,37.91749579411801],[-83.5592067260977,37.917548933773375],[-83.5591842708207,37.917548933773375],[-83.5591842708207,37.917513507340736],[-83.55916181554367,37.917513507340736],[-83.5591842708207,37.91740722794043],[-83.5592067260977,37.91740722794043]]]}},{"type":"Feature","properties":{"kind":"sunrise","strength":1.0,"hard":true,"sector":"ring-r1c5"},"geometry":{"type":"Polygon","coordinates":[[[-83.5591842708207,37.92592680588027],[-83.55922918137472,37.92594451707244],[-83.55922918137472,37.92599765062332],[-83.5591842708207,37.92603307296924],[-83.55916181554367,37.926015361798406],[-83.5591842708207,37.92592680588027]]]}},{"type":"Feature","properties":{"kind":"sunrise","strength":1.0,"hard":true,"sector":"ring-r1c5"},"geometry":{"type":"Polygon","coordinates":[[[-83.5593414577598,37.92585596106898],[-83.55940882359084,37.92585596106898],[-83.55940882359084,37.92587367227821],[-83.55938636831382,37.92587367227821],[-83.5593414577598,37.926015361798406],[-83.55927409192876,37.92603307296924],[-83.5593414577598,37.92585596106898]]]}},{"type":"Feature","properties":{"kind":"sunrise","strength":1.0,"hard":true,"sector":"ring-r1c5"},"geometry":{"type":"Polygon","coordinates":[[[-83.55949864469889,37.91808032821546],[-83.55949864469889,37.91806261512924],[-83.55940882359084,37.91806261512924],[-83.55938636831382,37.918027188944016],[-83.55927409192876,37.91799176274173],[-83.55927409192876,37.91792091028594],[-83.5593414577598,37.917974049634175],[-83.55938636831382,37.917974049634175],[-83.55940882359084,37.918009475845],[-83.55945373414487,37.918009475845],[-83.55947618942189,37.918044902038766],[-83.5595210999759,37.918027188944016],[-83.55958846580694,37.91808032821546],[-83.55963337636096,37.91808032821546],[-83.559655831638,37.91813346744851],[-83.55949864469889,37.91808032821546]]]}},{"type":"Feature","properties":{"kind":"sunrise","strength":1.0,"hard":true,"sector":"ring-r1c5"},"geometry":{"type":"Polygon","coordinates":[[[-83.55938636831382,37.91808032821546],[-83.55940882359084,37.91809804129741],[-83.55940882359084,37.91813346744851],[-83.55931900248278,37.91808032821546],[-83.55938636831382,37.91808032821546]]]}},{"type":"Feature","properties":{"kind":"sunrise","strength":1.0,"hard":true,"sector":"ring-r1c5"},"geometry":{"type":"Polygon","coordinates":[[[-83.5595210999759,37.918186606643175],[-83.55945373414487,37.91811575437509],[-83.5595210999759,37.91811575437509],[-83.55956601052993,37.918168893582546],[-83.55961092108396,37.918168893582546],[-83.55961092108396,37.91820431969953],[-83.5595210999759,37.918186606643175]]]}},{"type":"Feature","properties":{"kind":"sunrise","strength":1.0,"hard":true,"sector":"ring-r1c5"},"geometry":{"type":"Polygon","coordinates":[[[-83.55990283968514,37.92578511618944],[-83.55988038440813,37.92580282741572],[-83.55983547385411,37.92580282741572],[-83.5598579291311,37.925749693724065],[-83.55990283968514,37.925749693724065],[-83.55990283968514,37.92578511618944]]]}},{"type":"Feature","properties":{"kind":"sunrise","strength":1.0,"hard":true,"sector":"ring-r1c5"},"geometry":{"type":"Polygon","coordinates":[[[-83.56012739245529,37.92564342622556],[-83.56006002662423,37.925731982484976],[-83.56008248190126,37.92564342622556],[-83.56012739245529,37.92564342622556]]]}},{"type":"Feature","properties":{"kind":"sunrise","strength":1.0,"hard":true,"sector":"ring-r1c5"},"geometry":{"type":"Polygon","coordinates":[[[-83.56014984773229,37.918186606643175],[-83.56014984773229,37.91820431969953],[-83.56019475828633,37.91820431969953],[-83.56023966884034,37.91823974579943],[-83.56019475828633,37.91823974579943],[-83.56019475828633,37.918257458843],[-83.56012739245529,37.91823974579943],[-83.56010493717827,37.918186606643175],[-83.56014984773229,37.918186606643175]]]}},{"type":"Feature","properties":{"kind":"sunrise","strength":1.0,"hard":true,"sector":"ring-r1c5"},"geometry":{"type":"Polygon","coordinates":[[[-83.5603294899484,37.92564342622556],[-83.56028457939436,37.92564342622556],[-83.56028457939436,37.92566113748598],[-83.56023966884034,37.92566113748598],[-83.56028457939436,37.925608003691934],[-83.5603294899484,37.925608003691934],[-83.5603294899484,37.92564342622556]]]}},{"type":"Feature","properties":{"kind":"sunrise","strength":1.0,"hard":true,"sector":"ring-r1c5"},"geometry":{"type":"Polygon","coordinates":[[[-83.56082350604271,37.9255548698595],[-83.56073368493466,37.9255548698595],[-83.56073368493466,37.92553715857348],[-83.56082350604271,37.92553715857348],[-83.56082350604271,37.9255548698595]]]}},{"type":"Feature","properties":{"kind":"sunrise","strength":1.0,"hard":true,"sector":"ring-r1c5"},"geometry":{"type":"Polygon","coordinates":[[[-83.56116033519793,37.925448602079435],[-83.56122770102895,37.925377756807414],[-83.56136243269103,37.92536004547874],[-83.56136243269103,37.92539546813182],[-83.56125015630596,37.92541317945196],[-83.56125015630596,37.925448602079435],[-83.56118279047493,37.92546631338678],[-83.56118279047493,37.92548402468985],[-83.56109296936687,37.92546631338678],[-83.56109296936687,37.925448602079435],[-83.56116033519793,37.925448602079435]]]}},{"type":"Feature","properties":{"kind":"sunrise","strength":1.0,"hard":true,"sector":"ring-r1c5"},"geometry":{"type":"Polygon","coordinates":[[[-83.56109296936687,37.92546631338678],[-83.56109296936687,37.92550173598867],[-83.56102560353582,37.9255548698595],[-83.5609806929818,37.9255548698595],[-83.5609806929818,37.92557258114124],[-83.56091332715076,37.9255548698595],[-83.56089087187375,37.92562571496088],[-83.56084596131973,37.92562571496088],[-83.56084596131973,37.92564342622556],[-83.56077859548869,37.92562571496088],[-83.56077859548869,37.925608003691934],[-83.56084596131973,37.925608003691934],[-83.56089087187375,37.92553715857348],[-83.5610031482588,37.92551944728321],[-83.56102560353582,37.92546631338678],[-83.56109296936687,37.92546631338678]]]}},{"type":"Feature","properties":{"kind":"sunrise","strength":1.0,"hard":true,"sector":"ring-r1c5"},"geometry":{"type":"Polygon","coordinates":[[[-83.5609806929818,37.91889512557011],[-83.5610031482588,37.91889512557011],[-83.5610031482588,37.918806561077496],[-83.56104805881283,37.918771135250594],[-83.56104805881283,37.918735709406626],[-83.56109296936687,37.91871799647824],[-83.56107051408986,37.91857629289761],[-83.56109296936687,37.91857629289761],[-83.56109296936687,37.918505441004925],[-83.56111542464389,37.918505441004925],[-83.56111542464389,37.9186648576675],[-83.56113787992089,37.9186648576675],[-83.56116033519793,37.91871799647824],[-83.56109296936687,37.918753422330745],[-83.56104805881283,37.91885969978587],[-83.56102560353582,37.91885969978587],[-83.56102560353582,37.918965977087424],[-83.56104805881283,37.918965977087424],[-83.56102560353582,37.9190191156806],[-83.5610031482588,37.9190191156806],[-83.56102560353582,37.91914310558209],[-83.5609806929818,37.91912539275181],[-83.5609806929818,37.91907225423541],[-83.56095823770478,37.91907225423541],[-83.5609806929818,37.91889512557011]]]}},{"type":"Feature","properties":{"kind":"sunrise","strength":1.0,"hard":true,"sector":"ring-r1c5"},"geometry":{"type":"Polygon","coordinates":[[[-83.56109296936687,37.91806261512924],[-83.56104805881283,37.91809804129741],[-83.56102560353582,37.91806261512924],[-83.56109296936687,37.91806261512924]]]}},{"type":"Feature","properties":{"kind":"sunrise","strength":1.0,"hard":true,"sector":"ring-r1c5"},"geometry":{"type":"Polygon","coordinates":[[[-83.56111542464389,37.9191962440473],[-83.56107051408986,37.9191962440473],[-83.56104805881283,37.91914310558209],[-83.56111542464389,37.91916081840809],[-83.56111542464389,37.9191962440473]]]}},{"type":"Feature","properties":{"kind":"sunrise","strength":1.0,"hard":true,"sector":"ring-r1c5"},"geometry":{"type":"Polygon","coordinates":[[[-83.56138488796805,37.91932023365017],[-83.561317522137,37.919302520862544],[-83.561317522137,37.91928480807067],[-83.56136243269103,37.91926709527453],[-83.56136243269103,37.91928480807067],[-83.56142979852207,37.919302520862544],[-83.56142979852207,37.9193379464335],[-83.56145225379909,37.9193379464335],[-83.56142979852207,37.919355659212584],[-83.56142979852207,37.91939108475795],[-83.56145225379909,37.91939108475795],[-83.56142979852207,37.91944422304401],[-83.56138488796805,37.91942651028625],[-83.56140734324507,37.919408797524234],[-83.56138488796805,37.91932023365017]]]}},{"type":"Feature","properties":{"kind":"sunrise","strength":1.0,"hard":true,"sector":"ring-r1c5"},"geometry":{"type":"Polygon","coordinates":[[[-83.561317522137,37.91928480807067],[-83.56127261158296,37.919302520862544],[-83.56122770102895,37.91926709527453],[-83.56118279047493,37.91926709527453],[-83.56116033519793,37.91924938247411],[-83.56116033519793,37.919178531229825],[-83.56118279047493,37.919178531229825],[-83.56116033519793,37.91912539275181],[-83.56111542464389,37.91912539275181],[-83.56107051408986,37.91908996707848],[-83.56109296936687,37.918965977087424],[-83.56111542464389,37.918965977087424],[-83.56111542464389,37.91891283845583],[-83.56109296936687,37.91891283845583],[-83.56111542464389,37.918824273984555],[-83.56120524575195,37.918735709406626],[-83.56120524575195,37.91864714472205],[-83.56116033519793,37.91862943177234],[-83.56118279047493,37.91857629289761],[-83.56120524575195,37.91857629289761],[-83.56118279047493,37.918505441004925],[-83.56122770102895,37.91848772802108],[-83.56125015630596,37.918416876043075],[-83.56129506686,37.91838145002847],[-83.56127261158296,37.918168893582546],[-83.56113787992089,37.91808032821546],[-83.56113787992089,37.918027188944016],[-83.56109296936687,37.91799176274173],[-83.56118279047493,37.918009475845],[-83.56118279047493,37.918044902038766],[-83.56127261158296,37.91809804129741],[-83.56127261158296,37.91813346744851],[-83.56133997741402,37.918186606643175],[-83.56133997741402,37.91838145002847],[-83.561317522137,37.91838145002847],[-83.561317522137,37.91843458904398],[-83.56125015630596,37.918505441004925],[-83.56125015630596,37.91859400586012],[-83.56122770102895,37.91859400586012],[-83.56122770102895,37.91864714472205],[-83.56125015630596,37.91864714472205],[-83.56127261158296,37.91871799647824],[-83.56125015630596,37.91871799647824],[-83.56122770102895,37.91878884816617],[-83.56118279047493,37.918806561077496],[-83.56118279047493,37.918841986887344],[-83.56116033519793,37.918841986887344],[-83.56116033519793,37.91900140282047],[-83.56113787992089,37.91900140282047],[-83.56113787992089,37.91908996707848],[-83.56118279047493,37.91910767991728],[-83.56120524575195,37.919178531229825],[-83.56122770102895,37.919178531229825],[-83.56120524575195,37.91923166966944],[-83.56125015630596,37.91923166966944],[-83.561317522137,37.91928480807067]]]}},{"type":"Feature","properties":{"kind":"sunrise","strength":1.0,"hard":true,"sector":"ring-r1c5"},"geometry":{"type":"Polygon","coordinates":[[[-83.56127261158296,37.91942651028625],[-83.56129506686,37.9193733719874],[-83.56125015630596,37.91939108475795],[-83.56116033519793,37.91932023365017],[-83.56125015630596,37.9193379464335],[-83.56125015630596,37.919355659212584],[-83.56133997741402,37.919355659212584],[-83.56136243269103,37.919479648546705],[-83.56127261158296,37.91942651028625]]]}},{"type":"Feature","properties":{"kind":"sunrise","strength":1.0,"hard":true,"sector":"ring-r1c5"},"geometry":{"type":"Polygon","coordinates":[[[-83.56116033519793,37.91932023365017],[-83.56109296936687,37.919302520862544],[-83.56109296936687,37.91926709527453],[-83.56116033519793,37.919302520862544],[-83.56116033519793,37.91932023365017]]]}},{"type":"Feature","properties":{"kind":"sunrise","strength":1.0,"hard":true,"sector":"ring-r1c5"},"geometry":{"type":"Polygon","coordinates":[[[-83.56118279047493,37.91832831097458],[-83.56113787992089,37.918310597948086],[-83.56113787992089,37.91820431969953],[-83.56111542464389,37.91820431969953],[-83.56116033519793,37.91815118051767],[-83.56122770102895,37.91820431969953],[-83.56122770102895,37.91836373701477],[-83.56120524575195,37.91836373701477],[-83.56120524575195,37.918416876043075],[-83.56116033519793,37.91843458904398],[-83.56116033519793,37.918470015032966],[-83.56111542464389,37.91848772802108],[-83.56111542464389,37.918416876043075],[-83.56116033519793,37.918399163037904],[-83.56118279047493,37.91832831097458]]]}},{"type":"Feature","properties":{"kind":"sunrise","strength":1.0,"hard":true,"sector":"ring-r1c5"},"geometry":{"type":"Polygon","coordinates":[[[-83.56151961963013,37.91944422304401],[-83.56160944073818,37.919515074032354],[-83.56169926184624,37.919515074032354],[-83.56169926184624,37.91953278676878],[-83.56154207490715,37.919515074032354],[-83.56151961963013,37.91944422304401]]]}},{"type":"Feature","properties":{"kind":"sunrise","strength":1.0,"hard":true,"sector":"ring-r1c5"},"geometry":{"type":"Polygon","coordinates":[[[-83.5616543512922,37.897370818396986],[-83.56167680656922,37.89733538224788],[-83.56176662767729,37.897317664166934],[-83.56183399350833,37.897246791800484],[-83.56187890406235,37.89726450989849],[-83.56181153823131,37.89733538224788],[-83.56176662767729,37.89733538224788],[-83.56174417240027,37.897370818396986],[-83.5616543512922,37.897388536465144],[-83.56160944073818,37.89744169064402],[-83.56156453018416,37.89744169064402],[-83.56158698546116,37.897388536465144],[-83.5616543512922,37.897370818396986]]]}},{"type":"Feature","properties":{"kind":"sunrise","strength":1.0,"hard":true,"sector":"ring-r1c5"},"geometry":{"type":"Polygon","coordinates":[[[-83.56169926184624,37.89086799938477],[-83.56160944073818,37.890885719018115],[-83.56156453018416,37.89085027974715],[-83.56169926184624,37.89083256010527],[-83.56169926184624,37.89086799938477]]]}},{"type":"Feature","properties":{"kind":"sunrise","strength":1.0,"hard":true,"sector":"ring-r1c5"},"geometry":{"type":"Polygon","coordinates":[[[-83.56158698546116,37.91939108475795],[-83.5616543512922,37.919408797524234],[-83.56169926184624,37.919461935797486],[-83.5616543512922,37.919479648546705],[-83.56158698546116,37.91942651028625],[-83.56158698546116,37.91939108475795]]]}},{"type":"Feature","properties":{"kind":"sunrise","strength":1.0,"hard":true,"sector":"ring-r1c5"},"geometry":{"type":"Polygon","coordinates":[[[-83.56183399350833,37.896591219175846],[-83.56181153823131,37.896591219175846],[-83.56181153823131,37.896538064382824],[-83.56178908295429,37.896538064382824],[-83.56178908295429,37.89636088146217],[-83.56181153823131,37.896343163146646],[-83.56174417240027,37.89632544482687],[-83.56178908295429,37.896290008174496],[-83.56178908295429,37.89625457150507],[-83.56176662767729,37.89625457150507],[-83.56174417240027,37.89616597975686],[-83.56172171712326,37.89616597975686],[-83.56172171712326,37.89609510628153],[-83.56167680656922,37.89607738790203],[-83.56167680656922,37.896006514341394],[-83.56174417240027,37.89598879594058],[-83.56178908295429,37.89595335912613],[-83.56178908295429,37.89591792229464],[-83.56183399350833,37.89591792229464],[-83.56187890406235,37.89586476701541],[-83.56192381461639,37.89586476701541],[-83.56192381461639,37.89582933014127],[-83.5619687251704,37.895793893250065],[-83.56210345683249,37.89577617479806],[-83.56212591210951,37.89572301941648],[-83.56214836738653,37.89572301941648],[-83.56217082266353,37.895740737881276],[-83.56214836738653,37.895793893250065],[-83.56210345683249,37.895793893250065],[-83.56210345683249,37.895811611697795],[-83.56203609100145,37.895793893250065],[-83.56203609100145,37.89582933014127],[-83.5619687251704,37.89588248544609],[-83.56190135933937,37.89590020387249],[-83.56181153823131,37.89597107753549],[-83.56181153823131,37.896006514341394],[-83.56174417240027,37.89602423273795],[-83.56174417240027,37.89607738790203],[-83.56178908295429,37.89611282465676],[-83.56178908295429,37.89618369811503],[-83.56181153823131,37.89618369811503],[-83.56181153823131,37.89623685316395],[-83.56183399350833,37.89623685316395],[-83.56181153823131,37.89630772650281],[-83.56185644878533,37.896343163146646],[-83.56183399350833,37.89652034610995],[-83.56185644878533,37.89652034610995],[-83.56185644878533,37.89655578265144],[-83.56192381461639,37.89662665568322],[-83.56192381461639,37.89673296510294],[-83.56194626989338,37.89675068332464],[-83.56187890406235,37.89673296510294],[-83.56187890406235,37.8966443739305],[-83.56185644878533,37.8966443739305],[-83.56183399350833,37.896591219175846]]]}},{"type":"Feature","properties":{"kind":"sunrise","strength":1.0,"hard":true,"sector":"ring-r1c5"},"geometry":{"type":"Polygon","coordinates":[[[-83.56172171712326,37.89283485265074],[-83.56178908295429,37.89287029096641],[-83.56178908295429,37.89290572926502],[-83.56172171712326,37.89288801011785],[-83.56172171712326,37.89283485265074]]]}},{"type":"Feature","properties":{"kind":"sunrise","strength":1.0,"hard":true,"sector":"ring-r1c5"},"geometry":{"type":"Polygon","coordinates":[[[-83.56199118044741,37.89708732872648],[-83.56194626989338,37.897051892440885],[-83.56194626989338,37.89698101981854],[-83.56199118044741,37.896998737980525],[-83.56199118044741,37.89708732872648]]]}},{"type":"Feature","properties":{"kind":"sunrise","strength":1.0,"hard":true,"sector":"ring-r1c5"},"geometry":{"type":"Polygon","coordinates":[[[-83.56214836738653,37.919479648546705],[-83.56217082266353,37.919515074032354],[-83.56210345683249,37.919515074032354],[-83.56208100155547,37.919461935797486],[-83.56214836738653,37.919479648546705]]]}},{"type":"Feature","properties":{"kind":"sunrise","strength":1.0,"hard":true,"sector":"ring-r1c5"},"geometry":{"type":"Polygon","coordinates":[[[-83.56221573321756,37.919461935797486],[-83.56214836738653,37.91944422304401],[-83.56214836738653,37.919408797524234],[-83.56221573321756,37.91942651028625],[-83.56221573321756,37.919461935797486]]]}},{"type":"Feature","properties":{"kind":"sunrise","strength":1.0,"hard":true,"sector":"ring-r1c5"},"geometry":{"type":"Polygon","coordinates":[[[-83.56273220458887,37.89582933014127],[-83.56277711514291,37.895793893250065],[-83.56282202569693,37.895811611697795],[-83.56270974931185,37.89588248544609],[-83.56266483875783,37.89586476701541],[-83.56268729403484,37.89582933014127],[-83.56273220458887,37.89582933014127]]]}},{"type":"Feature","properties":{"kind":"sunrise","strength":1.0,"hard":true,"sector":"ring-r1c5"},"geometry":{"type":"Polygon","coordinates":[[[-83.56277711514291,37.92178226962176],[-83.56275465986587,37.921870830531084],[-83.56273220458887,37.921870830531084],[-83.56270974931185,37.921817693998285],[-83.56273220458887,37.921817693998285],[-83.56273220458887,37.92178226962176],[-83.56277711514291,37.92178226962176]]]}},{"type":"Feature","properties":{"kind":"sunrise","strength":1.0,"hard":true,"sector":"ring-r1c5"},"geometry":{"type":"Polygon","coordinates":[[[-83.56275465986587,37.92208337627831],[-83.56277711514291,37.92208337627831],[-83.56279957041991,37.922136512619126],[-83.56273220458887,37.922118800509786],[-83.56273220458887,37.92201252776415],[-83.56277711514291,37.92201252776415],[-83.56275465986587,37.92208337627831]]]}},{"type":"Feature","properties":{"kind":"sunrise","strength":1.0,"hard":true,"sector":"ring-r1c5"},"geometry":{"type":"Polygon","coordinates":[[[-83.56286693625097,37.92233134554035],[-83.56282202569693,37.922349057598495],[-83.56282202569693,37.92226049726508],[-83.56286693625097,37.9222427851856],[-83.56286693625097,37.92233134554035]]]}},{"type":"Feature","properties":{"kind":"sunrise","strength":1.0,"hard":true,"sector":"ring-r1c5"},"geometry":{"type":"Polygon","coordinates":[[[-83.56284448097394,37.921870830531084],[-83.56282202569693,37.921870830531084],[-83.56282202569693,37.92179998181216],[-83.56286693625097,37.921817693998285],[-83.56284448097394,37.921870830531084]]]}},{"type":"Feature","properties":{"kind":"sunrise","strength":1.0,"hard":true,"sector":"ring-r1c5"},"geometry":{"type":"Polygon","coordinates":[[[-83.56284448097394,37.922455329857826],[-83.56286693625097,37.92247304188612],[-83.562911846805,37.92247304188612],[-83.56295675735902,37.92256160196357],[-83.562911846805,37.92256160196357],[-83.562911846805,37.92252617794539],[-83.56286693625097,37.92252617794539],[-83.56284448097394,37.922455329857826]]]}},{"type":"Feature","properties":{"kind":"sunrise","strength":1.0,"hard":true,"sector":"ring-r1c5"},"geometry":{"type":"Polygon","coordinates":[[[-83.56286693625097,37.922118800509786],[-83.56284448097394,37.922118800509786],[-83.56284448097394,37.92203023989909],[-83.56288939152797,37.92206566415617],[-83.56286693625097,37.922118800509786]]]}},{"type":"Feature","properties":{"kind":"sunrise","strength":1.0,"hard":true,"sector":"ring-r1c5"},"geometry":{"type":"Polygon","coordinates":[[[-83.56309148902109,37.92268558589286],[-83.56309148902109,37.922721009834255],[-83.56304657846707,37.922721009834255],[-83.56304657846707,37.92273872179856],[-83.56297921263601,37.922721009834255],[-83.562911846805,37.92265016193439],[-83.56288939152797,37.922579313966274],[-83.56297921263601,37.922597025964706],[-83.56297921263601,37.922667873915756],[-83.56302412319005,37.92270329786569],[-83.56309148902109,37.92268558589286]]]}},{"type":"Feature","properties":{"kind":"sunrise","strength":1.0,"hard":true,"sector":"ring-r1c5"},"geometry":{"type":"Polygon","coordinates":[[[-83.56311394429811,37.92268558589286],[-83.56304657846707,37.92265016193439],[-83.56304657846707,37.922579313966274],[-83.56302412319005,37.922579313966274],[-83.56300166791304,37.92249075391015],[-83.56297921263601,37.92249075391015],[-83.56297921263601,37.922402193747374],[-83.56300166791304,37.922402193747374],[-83.56300166791304,37.922437617825274],[-83.56306903374407,37.9225084659299],[-83.56309148902109,37.922597025964706],[-83.56311394429811,37.922597025964706],[-83.56311394429811,37.92263244994876],[-83.56309148902109,37.92263244994876],[-83.56311394429811,37.92268558589286]]]}},{"type":"Feature","properties":{"kind":"sunrise","strength":1.0,"hard":true,"sector":"ring-r1c5"},"geometry":{"type":"Polygon","coordinates":[[[-83.562911846805,37.92241990578845],[-83.562934302082,37.922402193747374],[-83.562934302082,37.92236676965239],[-83.56295675735902,37.92236676965239],[-83.56295675735902,37.92241990578845],[-83.562911846805,37.92241990578845]]]}},{"type":"Feature","properties":{"kind":"sunrise","strength":1.0,"hard":true,"sector":"ring-r1c5"},"geometry":{"type":"Polygon","coordinates":[[[-83.56297921263601,37.92096750425221],[-83.56304657846707,37.92098521663883],[-83.56304657846707,37.921002929021185],[-83.562911846805,37.92103835377311],[-83.562934302082,37.92098521663883],[-83.56297921263601,37.92098521663883],[-83.56297921263601,37.92096750425221]]]}},{"type":"Feature","properties":{"kind":"sunrise","strength":1.0,"hard":true,"sector":"ring-r1c5"},"geometry":{"type":"Polygon","coordinates":[[[-83.56304657846707,37.921073778507974],[-83.56297921263601,37.921091490868996],[-83.562934302082,37.921056066142675],[-83.56304657846707,37.92103835377311],[-83.56304657846707,37.921073778507974]]]}},{"type":"Feature","properties":{"kind":"sunrise","strength":1.0,"hard":true,"sector":"ring-r1c5"},"geometry":{"type":"Polygon","coordinates":[[[-83.56300166791304,37.92229592141125],[-83.56297921263601,37.92229592141125],[-83.56297921263601,37.922349057598495],[-83.56295675735902,37.922349057598495],[-83.562934302082,37.92233134554035],[-83.562934302082,37.9222427851856],[-83.56297921263601,37.9222427851856],[-83.56300166791304,37.92229592141125]]]}},{"type":"Feature","properties":{"kind":"sunrise","strength":1.0,"hard":true,"sector":"ring-r1c5"},"geometry":{"type":"Polygon","coordinates":[[[-83.56309148902109,37.919408797524234],[-83.56315885485213,37.91942651028625],[-83.56315885485213,37.919461935797486],[-83.56304657846707,37.91944422304401],[-83.56309148902109,37.919408797524234]]]}},{"type":"Feature","properties":{"kind":"sunrise","strength":1.0,"hard":true,"sector":"ring-r1c5"},"geometry":{"type":"Polygon","coordinates":[[[-83.56329358651423,37.92093207946616],[-83.56329358651423,37.920914367066736],[-83.56336095234525,37.920914367066736],[-83.56336095234525,37.9208789422551],[-83.56340586289927,37.9208789422551],[-83.56340586289927,37.92086122984289],[-83.56347322873033,37.9208789422551],[-83.56340586289927,37.92093207946616],[-83.56331604179124,37.92093207946616],[-83.5632711312372,37.92096750425221],[-83.5632711312372,37.92102064139928],[-83.5632486759602,37.92102064139928],[-83.56322622068318,37.92096750425221],[-83.5632486759602,37.92096750425221],[-83.5632486759602,37.92093207946616],[-83.56329358651423,37.92093207946616]]]}},{"type":"Feature","properties":{"kind":"sunrise","strength":1.0,"hard":true,"sector":"ring-r1c5"},"geometry":{"type":"Polygon","coordinates":[[[-83.5634283181763,37.92094979186132],[-83.56347322873033,37.92094979186132],[-83.56347322873033,37.92098521663883],[-83.5634283181763,37.92098521663883],[-83.5634283181763,37.921002929021185],[-83.56338340762227,37.92098521663883],[-83.56338340762227,37.92102064139928],[-83.56329358651423,37.92103835377311],[-83.56331604179124,37.92098521663883],[-83.5634283181763,37.92096750425221],[-83.5634283181763,37.92094979186132]]]}},{"type":"Feature","properties":{"kind":"sunrise","strength":1.0,"hard":true,"sector":"ring-r1c5"},"geometry":{"type":"Polygon","coordinates":[[[-83.56347322873033,37.89630772650281],[-83.56349568400734,37.896290008174496],[-83.56349568400734,37.896343163146646],[-83.5634283181763,37.89636088146217],[-83.56340586289927,37.89632544482687],[-83.56347322873033,37.89630772650281]]]}},{"type":"Feature","properties":{"kind":"sunrise","strength":1.0,"hard":true,"sector":"ring-r1c5"},"geometry":{"type":"Polygon","coordinates":[[[-83.5634283181763,37.89572301941648],[-83.56351813928437,37.89565214551465],[-83.56349568400734,37.89554583453397],[-83.56351813928437,37.89554583453397],[-83.56351813928437,37.89547496046154],[-83.56354059456137,37.89547496046154],[-83.56354059456137,37.89538636777505],[-83.5635630498384,37.89538636777505],[-83.5635630498384,37.895333212111986],[-83.5635855051154,37.895333212111986],[-83.5635855051154,37.89528005641052],[-83.56365287094644,37.895244619254896],[-83.56365287094644,37.89510287046179],[-83.5635855051154,37.895067433220866],[-83.5636079603924,37.894854809417055],[-83.5635855051154,37.894854809417055],[-83.5635630498384,37.89476621598422],[-83.56349568400734,37.89473077858122],[-83.56347322873033,37.89465990372406],[-83.5635855051154,37.89455359131037],[-83.56367532622345,37.894535872559835],[-83.56372023677747,37.894482716282624],[-83.56376514733151,37.894482716282624],[-83.56385496843957,37.89441184118663],[-83.56385496843957,37.89437640361304],[-83.56401215537866,37.89425237197115],[-83.56401215537866,37.89418149665338],[-83.56405706593267,37.89414605896891],[-83.56410197648671,37.89418149665338],[-83.56407952120969,37.89418149665338],[-83.56407952120969,37.894234653148104],[-83.56405706593267,37.894234653148104],[-83.56403461065567,37.89430552841469],[-83.56396724482464,37.89434096602239],[-83.56396724482464,37.89437640361304],[-83.56385496843957,37.89444727874315],[-83.56385496843957,37.894482716282624],[-83.56376514733151,37.89450043504596],[-83.56369778150045,37.89457131005665],[-83.5636079603924,37.89458902879866],[-83.56354059456137,37.89465990372406],[-83.56354059456137,37.894695341161174],[-83.5635855051154,37.894713059873325],[-83.5635855051154,37.894748497284844],[-83.56365287094644,37.894819372056716],[-83.56363041566944,37.895049714594],[-83.56369778150045,37.89508515184346],[-83.56372023677747,37.89515602629119],[-83.56369778150045,37.89515602629119],[-83.56369778150045,37.895244619254896],[-83.56367532622345,37.895244619254896],[-83.56365287094644,37.89531549354909],[-83.56363041566944,37.89531549354909],[-83.56363041566944,37.895368649224956],[-83.5636079603924,37.895368649224956],[-83.5636079603924,37.89545724193277],[-83.5635630498384,37.895492678986045],[-83.5635630498384,37.89565214551465],[-83.56354059456137,37.89565214551465],[-83.56351813928437,37.89572301941648],[-83.56345077345331,37.89577617479806],[-83.5634283181763,37.89572301941648]]]}},{"type":"Feature","properties":{"kind":"sunrise","strength":1.0,"hard":true,"sector":"ring-r1c5"},"geometry":{"type":"Polygon","coordinates":[[[-83.56369778150045,37.9208435174264],[-83.56385496843957,37.92077266771779],[-83.5638998789936,37.92080809258063],[-83.56378760260851,37.92082580500565],[-83.56378760260851,37.92086122984289],[-83.56369778150045,37.9208789422551],[-83.56369778150045,37.9208435174264]]]}},{"type":"Feature","properties":{"kind":"sunrise","strength":1.0,"hard":true,"sector":"ring-r1c5"},"geometry":{"type":"Polygon","coordinates":[[[-83.56372023677747,37.92093207946616],[-83.56385496843957,37.9208435174264],[-83.5638998789936,37.92086122984289],[-83.56385496843957,37.920914367066736],[-83.56381005788553,37.920914367066736],[-83.56376514733151,37.92094979186132],[-83.56372023677747,37.92093207946616]]]}},{"type":"Feature","properties":{"kind":"sunrise","strength":1.0,"hard":true,"sector":"ring-r1c5"},"geometry":{"type":"Polygon","coordinates":[[[-83.56407952120969,37.89646719126574],[-83.56414688704074,37.8964494729758],[-83.56419179759477,37.89639631808042],[-83.56428161870284,37.89639631808042],[-83.56432652925686,37.896343163146646],[-83.56437143981087,37.896343163146646],[-83.56432652925686,37.896414036383156],[-83.56428161870284,37.896414036383156],[-83.56428161870284,37.896431754681615],[-83.5642367081488,37.896414036383156],[-83.56416934231775,37.89648490955141],[-83.56410197648671,37.89650262783282],[-83.56410197648671,37.896538064382824],[-83.56403461065567,37.89652034610995],[-83.56407952120969,37.89646719126574]]]}},{"type":"Feature","properties":{"kind":"sunrise","strength":1.0,"hard":true,"sector":"ring-r1c5"},"geometry":{"type":"Polygon","coordinates":[[[-83.56403461065567,37.89652034610995],[-83.56403461065567,37.89655578265144],[-83.56398970010166,37.89655578265144],[-83.56398970010166,37.89657350091577],[-83.5639223342706,37.89655578265144],[-83.56396724482464,37.89652034610995],[-83.56403461065567,37.89652034610995]]]}},{"type":"Feature","properties":{"kind":"sunrise","strength":1.0,"hard":true,"sector":"ring-r1c5"},"geometry":{"type":"Polygon","coordinates":[[[-83.56407952120969,37.92077266771779],[-83.56407952120969,37.92075495527998],[-83.56412443176372,37.92077266771779],[-83.56416934231775,37.920737242837895],[-83.5642367081488,37.92075495527998],[-83.5642367081488,37.92077266771779],[-83.56416934231775,37.92077266771779],[-83.56416934231775,37.92079038015134],[-83.56407952120969,37.92079038015134],[-83.56403461065567,37.9208435174264],[-83.56398970010166,37.9208435174264],[-83.56403461065567,37.92077266771779],[-83.56407952120969,37.92077266771779]]]}},{"type":"Feature","properties":{"kind":"sunrise","strength":1.0,"hard":true,"sector":"ring-r1c5"},"geometry":{"type":"Polygon","coordinates":[[[-83.56410197648671,37.9208435174264],[-83.56414688704074,37.9208435174264],[-83.56412443176372,37.92089665466305],[-83.56407952120969,37.92089665466305],[-83.56407952120969,37.920914367066736],[-83.56401215537866,37.92089665466305],[-83.56401215537866,37.9208789422551],[-83.56407952120969,37.9208789422551],[-83.56410197648671,37.9208435174264]]]}},{"type":"Feature","properties":{"kind":"sunrise","strength":1.0,"hard":true,"sector":"ring-r1c5"},"geometry":{"type":"Polygon","coordinates":[[[-83.56414688704074,37.92989400637384],[-83.56421425287178,37.929840875638604],[-83.56421425287178,37.929770034598555],[-83.56414688704074,37.929699193490244],[-83.56410197648671,37.929699193490244],[-83.56407952120969,37.92962835231368],[-83.56410197648671,37.92962835231368],[-83.56410197648671,37.92957522138646],[-83.56412443176372,37.92957522138646],[-83.56412443176372,37.929504380090435],[-83.56419179759477,37.929433538726165],[-83.56416934231775,37.92936269729362],[-83.5642591634258,37.92934498692482],[-83.5642367081488,37.92936269729362],[-83.5642367081488,37.92945124907363],[-83.56419179759477,37.92948666975577],[-83.56419179759477,37.92957522138646],[-83.56414688704074,37.92961064200887],[-83.56414688704074,37.9296814832025],[-83.56419179759477,37.9296814832025],[-83.5642591634258,37.92975232432787],[-83.5642591634258,37.92985858588795],[-83.56421425287178,37.92989400637384],[-83.56421425287178,37.929982557513924],[-83.56419179759477,37.93],[-83.56412443176372,37.93],[-83.56416934231775,37.92996484729444],[-83.56414688704074,37.92989400637384]]]}},{"type":"Feature","properties":{"kind":"sunrise","strength":1.0,"hard":true,"sector":"ring-r1c5"},"geometry":{"type":"Polygon","coordinates":[[[-83.56421425287178,37.9208435174264],[-83.56421425287178,37.92086122984289],[-83.56416934231775,37.92086122984289],[-83.56416934231775,37.92082580500565],[-83.5642591634258,37.92080809258063],[-83.5642591634258,37.9208435174264],[-83.56421425287178,37.9208435174264]]]}},{"type":"Feature","properties":{"kind":"sunrise","strength":1.0,"hard":true,"sector":"ring-r1c5"},"geometry":{"type":"Polygon","coordinates":[[[-83.56441635036491,37.92075495527998],[-83.56437143981087,37.920737242837895],[-83.56437143981087,37.92075495527998],[-83.56430407397984,37.92077266771779],[-83.56430407397984,37.92071953039156],[-83.56437143981087,37.920701817940945],[-83.56437143981087,37.92071953039156],[-83.56441635036491,37.92071953039156],[-83.56441635036491,37.92075495527998]]]}},{"type":"Feature","properties":{"kind":"sunrise","strength":1.0,"hard":true,"sector":"ring-r1c5"},"geometry":{"type":"Polygon","coordinates":[[[-83.56434898453386,37.92079038015134],[-83.56441635036491,37.92079038015134],[-83.56441635036491,37.92080809258063],[-83.56434898453386,37.92082580500565],[-83.56434898453386,37.92079038015134]]]}},{"type":"Feature","properties":{"kind":"sunrise","strength":1.0,"hard":true,"sector":"ring-r1c5"},"geometry":{"type":"Polygon","coordinates":[[[-83.56461844785804,37.89419921548922],[-83.56464090313504,37.89419921548922],[-83.56464090313504,37.89412834012027],[-83.56477563479712,37.894092902410215],[-83.56477563479712,37.89412834012027],[-83.5647082689661,37.89414605896891],[-83.56466335841206,37.89425237197115],[-83.564573537304,37.89430552841469],[-83.56452862674998,37.89430552841469],[-83.56452862674998,37.89427009078993],[-83.564573537304,37.89427009078993],[-83.56461844785804,37.894234653148104],[-83.56461844785804,37.89419921548922]]]}},{"type":"Feature","properties":{"kind":"sunrise","strength":1.0,"hard":true,"sector":"ring-r1c5"},"geometry":{"type":"Polygon","coordinates":[[[-83.56466335841206,37.920577830667206],[-83.56475317952011,37.92052469320019],[-83.56482054535115,37.92054240569347],[-83.56482054535115,37.920577830667206],[-83.56477563479712,37.920577830667206],[-83.56477563479712,37.920560118182465],[-83.56473072424309,37.920577830667206],[-83.56473072424309,37.92061325562389],[-83.56468581368908,37.920630968095836],[-83.56468581368908,37.92066639302693],[-83.56464090313504,37.920701817940945],[-83.56461844785804,37.92064868056352],[-83.56464090313504,37.92064868056352],[-83.56466335841206,37.920577830667206]]]}},{"type":"Feature","properties":{"kind":"sunrise","strength":1.0,"hard":true,"sector":"ring-r1c5"},"geometry":{"type":"Polygon","coordinates":[[[-83.5647082689661,37.9245630312732],[-83.56466335841206,37.924598454310214],[-83.56464090313504,37.9245453197483],[-83.5647082689661,37.9245630312732]]]}},{"type":"Feature","properties":{"kind":"sunrise","strength":1.0,"hard":true,"sector":"ring-r1c5"},"geometry":{"type":"Polygon","coordinates":[[[-83.56475317952011,37.92061325562389],[-83.56482054535115,37.920595543147684],[-83.56479809007413,37.92066639302693],[-83.56468581368908,37.92071953039156],[-83.56468581368908,37.92068410548606],[-83.56473072424309,37.92066639302693],[-83.56475317952011,37.92061325562389]]]}},{"type":"Feature","properties":{"kind":"sunrise","strength":1.0,"hard":true,"sector":"ring-r1c5"},"geometry":{"type":"Polygon","coordinates":[[[-83.56495527701324,37.92679464927916],[-83.56493282173622,37.92679464927916],[-83.56495527701324,37.92681236026228],[-83.56493282173622,37.92688320415211],[-83.56486545590518,37.926936337024685],[-83.56486545590518,37.927113446322636],[-83.56493282173622,37.92713115722897],[-83.56497773229025,37.92720200081165],[-83.5648879111822,37.92718428992238],[-83.56479809007413,37.927113446322636],[-83.56482054535115,37.927095735412045],[-83.56479809007413,37.92698946985887],[-83.56482054535115,37.92698946985887],[-83.56482054535115,37.92688320415211],[-83.5648879111822,37.92684778221573],[-83.5648879111822,37.92667067227786],[-83.56500000000001,37.92659982818326],[-83.56500000000001,37.92667067227786],[-83.56493282173622,37.92670609429956],[-83.56495527701324,37.92679464927916]]]}},{"type":"Feature","properties":{"kind":"sunrise","strength":1.0,"hard":true,"sector":"ring-r1c5"},"geometry":{"type":"Polygon","coordinates":[[[-83.5648879111822,37.8929943249369],[-83.5649103664592,37.89308292050215],[-83.56497773229025,37.89313607779014],[-83.5649103664592,37.893348706558214],[-83.56493282173622,37.893348706558214],[-83.56495527701324,37.89341958267778],[-83.56500000000001,37.89343730169701],[-83.56500000000001,37.89347273972267],[-83.56495527701324,37.89347273972267],[-83.5648879111822,37.89341958267778],[-83.5648879111822,37.89338414462654],[-83.56482054535115,37.893348706558214],[-83.56482054535115,37.89331326847286],[-83.56486545590518,37.89329554942378],[-83.56486545590518,37.89326011131282],[-83.5649103664592,37.89322467318481],[-83.5649103664592,37.893118358698416],[-83.56482054535115,37.89304748228884],[-83.56482054535115,37.89297660581105],[-83.56493282173622,37.89294116754656],[-83.56493282173622,37.89288801011785],[-83.56497773229025,37.89288801011785],[-83.56497773229025,37.89281713348651],[-83.56500000000001,37.89281713348651],[-83.56497773229025,37.89295888668094],[-83.56493282173622,37.8929943249369],[-83.5648879111822,37.8929943249369]]]}},{"type":"Feature","properties":{"kind":"sunrise","strength":1.0,"hard":true,"sector":"ring-r1c5"},"geometry":{"type":"Polygon","coordinates":[[[-83.56493282173622,37.92050698070266],[-83.5648879111822,37.92048926820085],[-83.5648879111822,37.920436130669856],[-83.56493282173622,37.92040070562786],[-83.56495527701324,37.92031214294822],[-83.56500000000001,37.92031214294822],[-83.56500000000001,37.92040070562786],[-83.56495527701324,37.92041841815099],[-83.56493282173622,37.92050698070266]]]}},{"type":"Feature","properties":{"kind":"sunrise","strength":1.0,"hard":true,"sector":"ring-r1c5"},"geometry":{"type":"Polygon","coordinates":[[[-83.5649103664592,37.893827119040985],[-83.56495527701324,37.89379168118592],[-83.56495527701324,37.89373852437134],[-83.56500000000001,37.89372080542461],[-83.56497773229025,37.89386255687899],[-83.56493282173622,37.8938802757916],[-83.5649103664592,37.893827119040985]]]}},{"type":"Feature","properties":{"kind":"sunrise","strength":1.0,"hard":true,"sector":"ring-r1c5"},"geometry":{"type":"Polygon","coordinates":[[[-83.56500000000001,37.92052469320019],[-83.56495527701324,37.92054240569347],[-83.56497773229025,37.92047155569479],[-83.56500000000001,37.92047155569479],[-83.56500000000001,37.92052469320019]]]}},{"type":"Feature","properties":{"kind":"sunset","strength":0.2,"hard":false,"sector":"ring-r1c5"},"geometry":{"type":"Polygon","coordinates":[[[-83.55520968678927,37.89898314513397],[-83.55491776818809,37.89880596809898],[-83.55507495512718,37.89887683896417],[-83.5552545973433,37.89889455666979],[-83.55527705262031,37.89887683896417],[-83.55527705262031,37.89880596809898],[-83.55523214206627,37.89877053264082],[-83.5552545973433,37.89873509716558],[-83.55536687372835,37.89884140354011],[-83.55538932900537,37.89898314513397],[-83.55520968678927,37.89898314513397]]]}},{"type":"Feature","properties":{"kind":"sunset","strength":0.2,"hard":false,"sector":"ring-r1c5"},"geometry":{"type":"Polygon","coordinates":[[[-83.55518723151225,37.89637859977343],[-83.55503004457314,37.89623685316395],[-83.55505249985016,37.89614826139442],[-83.55516477623524,37.89614826139442],[-83.55532196317434,37.89625457150507],[-83.55514232095823,37.89625457150507],[-83.55518723151225,37.89637859977343]]]}},{"type":"Feature","properties":{"kind":"sunset","strength":0.2,"hard":false,"sector":"ring-r1c5"},"geometry":{"type":"Polygon","coordinates":[[[-83.5551198656812,37.89862879063751],[-83.55520968678927,37.89868194392073],[-83.55520968678927,37.89871737942156],[-83.5551198656812,37.89866422616392],[-83.5551198656812,37.89862879063751]]]}},{"type":"Feature","properties":{"kind":"sunset","strength":0.2,"hard":false,"sector":"ring-r1c5"},"geometry":{"type":"Polygon","coordinates":[[[-83.55556897122149,37.91974533927311],[-83.55572615816058,37.919461935797486],[-83.55586088982265,37.919355659212584],[-83.55568124760657,37.91967448850658],[-83.55570370288356,37.91981618997138],[-83.55581597926864,37.91978076463078],[-83.55586088982265,37.91979847730322],[-83.55568124760657,37.91990475324825],[-83.55556897122149,37.91990475324825],[-83.55556897122149,37.91974533927311]]]}},{"type":"Feature","properties":{"kind":"sunset","strength":0.2,"hard":false,"sector":"ring-r1c5"},"geometry":{"type":"Polygon","coordinates":[[[-83.55581597926864,37.91862943177234],[-83.55574861343759,37.9185408669598],[-83.55574861343759,37.9184523020406],[-83.55586088982265,37.91838145002847],[-83.55592825565371,37.91838145002847],[-83.55597316620774,37.918310597948086],[-83.55622017425489,37.918257458843],[-83.55642227174799,37.918257458843],[-83.55646718230203,37.91829288491732],[-83.55624262953191,37.91829288491732],[-83.55613035314683,37.918346023996804],[-83.55604053203876,37.91848772802108],[-83.55595071093072,37.91848772802108],[-83.55586088982265,37.91855857993084],[-83.55590580037669,37.91868257060868],[-83.55581597926864,37.91862943177234]]]}},{"type":"Feature","properties":{"kind":"sunset","strength":0.2,"hard":false,"sector":"ring-r1c5"},"geometry":{"type":"Polygon","coordinates":[[[-83.5557710687146,37.91652156029922],[-83.55583843454565,37.916379852487],[-83.55610789786981,37.91639756597846],[-83.55588334509967,37.91641527946565],[-83.55588334509967,37.91648613337177],[-83.55599562148475,37.91655698720964],[-83.5557710687146,37.91652156029922]]]}},{"type":"Feature","properties":{"kind":"sunset","strength":0.2,"hard":false,"sector":"ring-r1c5"},"geometry":{"type":"Polygon","coordinates":[[[-83.55595071093072,37.91924938247411],[-83.55597316620774,37.91928480807067],[-83.55588334509967,37.9193379464335],[-83.55588334509967,37.919302520862544],[-83.55595071093072,37.91924938247411]]]}},{"type":"Feature","properties":{"kind":"sunset","strength":0.2,"hard":false,"sector":"ring-r1c5"},"geometry":{"type":"Polygon","coordinates":[[[-83.55597316620774,37.91972762658788],[-83.55592825565371,37.91976305195408],[-83.55588334509967,37.91976305195408],[-83.55592825565371,37.91970991389838],[-83.55597316620774,37.91972762658788]]]}},{"type":"Feature","properties":{"kind":"sunset","strength":0.2,"hard":false,"sector":"ring-r1c5"},"geometry":{"type":"Polygon","coordinates":[[[-83.55592825565371,37.9187002835456],[-83.55601807676177,37.918753422330745],[-83.55601807676177,37.91878884816617],[-83.55592825565371,37.918735709406626],[-83.55592825565371,37.9187002835456]]]}},{"type":"Feature","properties":{"kind":"sunset","strength":0.2,"hard":false,"sector":"ring-r1c5"},"geometry":{"type":"Polygon","coordinates":[[[-83.55624262953191,37.91967448850658],[-83.55601807676177,37.91969220120462],[-83.55601807676177,37.91967448850658],[-83.55624262953191,37.91967448850658]]]}},{"type":"Feature","properties":{"kind":"sunset","strength":0.2,"hard":false,"sector":"ring-r1c5"},"geometry":{"type":"Polygon","coordinates":[[[-83.55619771897787,37.89577617479806],[-83.55644472702502,37.895793893250065],[-83.55628754008592,37.89582933014127],[-83.55628754008592,37.89588248544609],[-83.55637736119398,37.89591792229464],[-83.55617526370085,37.89588248544609],[-83.55619771897787,37.89577617479806]]]}},{"type":"Feature","properties":{"kind":"sunset","strength":0.2,"hard":false,"sector":"ring-r1c5"},"geometry":{"type":"Polygon","coordinates":[[[-83.55648963757905,37.92991171661039],[-83.55660191396412,37.92973461405293],[-83.55669173507218,37.92973461405293],[-83.55687137728829,37.929840875638604],[-83.55682646673425,37.92985858588795],[-83.55671419034918,37.92982316538499],[-83.55664682451815,37.93],[-83.55626508480891,37.93],[-83.55630999536294,37.929947137070684],[-83.55648963757905,37.92991171661039]]]}},{"type":"Feature","properties":{"kind":"sunset","strength":0.2,"hard":false,"sector":"ring-r1c5"},"geometry":{"type":"Polygon","coordinates":[[[-83.55648963757905,37.91832831097458],[-83.55653454813307,37.91832831097458],[-83.55660191396412,37.918399163037904],[-83.55655700341009,37.918399163037904],[-83.55648963757905,37.91832831097458]]]}},{"type":"Feature","properties":{"kind":"sunset","strength":0.2,"hard":false,"sector":"ring-r1c5"},"geometry":{"type":"Polygon","coordinates":[[[-83.5570510195044,37.91990475324825],[-83.55709593005842,37.91990475324825],[-83.55716329588945,37.919975603792956],[-83.55711838533543,37.919975603792956],[-83.5570510195044,37.91990475324825]]]}},{"type":"Feature","properties":{"kind":"sunset","strength":0.2,"hard":false,"sector":"ring-r1c5"},"geometry":{"type":"Polygon","coordinates":[[[-83.55736539338258,37.92011730467759],[-83.55718575116647,37.91999331641846],[-83.55727557227452,37.92002874165668],[-83.55741030393662,37.91999331641846],[-83.55736539338258,37.91990475324825],[-83.55738784865962,37.9198693279503],[-83.55752258032169,37.920011029039706],[-83.55752258032169,37.92009959208195],[-83.55736539338258,37.92011730467759]]]}},{"type":"Feature","properties":{"kind":"sunset","strength":0.2,"hard":false,"sector":"ring-r1c5"},"geometry":{"type":"Polygon","coordinates":[[[-83.55725311699752,37.91976305195408],[-83.55734293810558,37.91981618997138],[-83.55734293810558,37.91985161529493],[-83.55725311699752,37.91979847730322],[-83.55725311699752,37.91976305195408]]]}},{"type":"Feature","properties":{"kind":"sunset","strength":0.2,"hard":false,"sector":"ring-r1c5"},"geometry":{"type":"Polygon","coordinates":[[[-83.55781449892285,37.92975232432787],[-83.55774713309182,37.92980545512711],[-83.55772467781482,37.92980545512711],[-83.55776958836883,37.92973461405293],[-83.55781449892285,37.92975232432787]]]}},{"type":"Feature","properties":{"kind":"sunset","strength":0.2,"hard":false,"sector":"ring-r1c5"},"geometry":{"type":"Polygon","coordinates":[[[-83.55783695419987,37.91953278676878],[-83.55781449892285,37.91978076463078],[-83.55781449892285,37.91953278676878],[-83.55783695419987,37.91953278676878]]]}},{"type":"Feature","properties":{"kind":"sunset","strength":0.2,"hard":false,"sector":"ring-r1c5"},"geometry":{"type":"Polygon","coordinates":[[[-83.558039051693,37.9296637729105],[-83.55794923058495,37.9296637729105],[-83.55783695419987,37.92971690377372],[-83.55799414113898,37.9295929316998],[-83.55817378335507,37.92957522138646],[-83.55815132807805,37.929699193490244],[-83.55801659641598,37.92980545512711],[-83.55806150697002,37.92973461405293],[-83.558039051693,37.9296637729105]]]}},{"type":"Feature","properties":{"kind":"sunset","strength":0.2,"hard":false,"sector":"ring-r1c5"},"geometry":{"type":"Polygon","coordinates":[[[-83.55844324667925,37.92103835377311],[-83.55826360446314,37.9208789422551],[-83.55826360446314,37.92077266771779],[-83.55817378335507,37.92068410548606],[-83.558039051693,37.9203652805688],[-83.5578818647539,37.92024129272771],[-83.5578818647539,37.91995789116317],[-83.55792677530792,37.92013501726898],[-83.55815132807805,37.92024129272771],[-83.55819623863209,37.92040070562786],[-83.55828605974015,37.92048926820085],[-83.55830851501716,37.92061325562389],[-83.55842079140224,37.920701817940945],[-83.55837588084822,37.92094979186132],[-83.55844324667925,37.92103835377311]]]}},{"type":"Feature","properties":{"kind":"sunset","strength":0.2,"hard":false,"sector":"ring-r1c5"},"geometry":{"type":"Polygon","coordinates":[[[-83.55799414113898,37.92982316538499],[-83.55799414113898,37.92985858588795],[-83.55792677530792,37.929929426842676],[-83.55792677530792,37.92985858588795],[-83.55799414113898,37.92982316538499]]]}},{"type":"Feature","properties":{"kind":"sunset","strength":0.2,"hard":false,"sector":"ring-r1c5"},"geometry":{"type":"Polygon","coordinates":[[[-83.55801659641598,37.89517374489246],[-83.55792677530792,37.89497884004391],[-83.55792677530792,37.89489024676035],[-83.55812887280105,37.89476621598422],[-83.55817378335507,37.894677622444746],[-83.55826360446314,37.894624466269896],[-83.55844324667925,37.894624466269896],[-83.55846570195625,37.89450043504596],[-83.55860043361834,37.89442955996702],[-83.55882498638847,37.89442955996702],[-83.5590046286046,37.894535872559835],[-83.5586902547264,37.894535872559835],[-83.55860043361834,37.89458902879866],[-83.55857797834132,37.894713059873325],[-83.55839833612522,37.894713059873325],[-83.55830851501716,37.89476621598422],[-83.5582186939091,37.89489024676035],[-83.55801659641598,37.894996558687836],[-83.55801659641598,37.89517374489246]]]}},{"type":"Feature","properties":{"kind":"sunset","strength":0.2,"hard":false,"sector":"ring-r1c5"},"geometry":{"type":"Polygon","coordinates":[[[-83.55904953915862,37.92376600842903],[-83.5588698969425,37.92376600842903],[-83.55878007583446,37.92388999032771],[-83.55848815723327,37.924084818603326],[-83.55842079140224,37.924279646362756],[-83.55830851501716,37.92435049269274],[-83.55828605974015,37.924439050509264],[-83.55824114918612,37.92445676205975],[-83.55817378335507,37.9246870118281],[-83.55810641752404,37.924757857765634],[-83.55810641752404,37.9249881065912],[-83.558039051693,37.9251297978178],[-83.558039051693,37.92525377741712],[-83.55812887280105,37.92551944728321],[-83.55817378335507,37.9255548698595],[-83.55815132807805,37.92559029241872],[-83.55799414113898,37.92541317945196],[-83.55792677530792,37.925182931957394],[-83.55799414113898,37.92463387733017],[-83.558039051693,37.924598454310214],[-83.55810641752404,37.92438591583215],[-83.55817378335507,37.924279646362756],[-83.55873516528042,37.92385456694942],[-83.55875762055744,37.923801431849974],[-83.55884744166549,37.92374829671215],[-83.55904953915862,37.92376600842903]]]}},{"type":"Feature","properties":{"kind":"sunset","strength":0.2,"hard":false,"sector":"ring-r1c5"},"geometry":{"type":"Polygon","coordinates":[[[-83.55904953915862,37.92376600842903],[-83.55909444971265,37.92376600842903],[-83.55916181554367,37.923836855253874],[-83.55911690498966,37.923836855253874],[-83.55904953915862,37.92376600842903]]]}},{"type":"Feature","properties":{"kind":"sunset","strength":0.2,"hard":false,"sector":"ring-r1c5"},"geometry":{"type":"Polygon","coordinates":[[[-83.55819623863209,37.925608003691934],[-83.55828605974015,37.92566113748598],[-83.55828605974015,37.92569655999401],[-83.55819623863209,37.92564342622556],[-83.55819623863209,37.925608003691934]]]}},{"type":"Feature","properties":{"kind":"sunset","strength":0.2,"hard":false,"sector":"ring-r1c5"},"geometry":{"type":"Polygon","coordinates":[[[-83.55871271000342,37.92961064200887],[-83.55884744166549,37.9295929316998],[-83.55898217332758,37.92946895941684],[-83.5590270838816,37.92929185579283],[-83.55916181554367,37.929274145406964],[-83.55929654720576,37.92920330382084],[-83.55911690498966,37.92932727655177],[-83.55909444971265,37.92953980074699],[-83.5590046286046,37.9295929316998],[-83.55893726277355,37.929699193490244],[-83.55873516528042,37.929699193490244],[-83.55864534417236,37.92975232432787],[-83.55871271000342,37.92961064200887]]]}},{"type":"Feature","properties":{"kind":"sunset","strength":0.2,"hard":false,"sector":"ring-r1c5"},"geometry":{"type":"Polygon","coordinates":[[[-83.55864534417236,37.92975232432787],[-83.55860043361834,37.92980545512711],[-83.55855552306431,37.92980545512711],[-83.55860043361834,37.92975232432787],[-83.55864534417236,37.92975232432787]]]}},{"type":"Feature","properties":{"kind":"sunset","strength":0.2,"hard":false,"sector":"ring-r1c5"},"geometry":{"type":"Polygon","coordinates":[[[-83.55866779944938,37.917052962163666],[-83.55864534417236,37.91728323511265],[-83.55864534417236,37.917052962163666],[-83.55866779944938,37.917052962163666]]]}},{"type":"Feature","properties":{"kind":"sunset","strength":0.2,"hard":false,"sector":"ring-r1c5"},"geometry":{"type":"Polygon","coordinates":[[[-83.55878007583446,37.92991171661039],[-83.55878007583446,37.93],[-83.55871271000342,37.92991171661039],[-83.55878007583446,37.92991171661039]]]}},{"type":"Feature","properties":{"kind":"sunset","strength":0.2,"hard":false,"sector":"ring-r1c5"},"geometry":{"type":"Polygon","coordinates":[[[-83.55889235221952,37.91671640809528],[-83.55884744166549,37.916610127543244],[-83.55875762055744,37.916627840979245],[-83.55873516528042,37.91671640809528],[-83.55875762055744,37.91652156029922],[-83.5588698969425,37.91652156029922],[-83.55889235221952,37.91671640809528]]]}},{"type":"Feature","properties":{"kind":"sunset","strength":0.2,"hard":false,"sector":"ring-r1c5"},"geometry":{"type":"Polygon","coordinates":[[[-83.55871271000342,37.91671640809528],[-83.55873516528042,37.916893542007436],[-83.55871271000342,37.916893542007436],[-83.55871271000342,37.91671640809528]]]}},{"type":"Feature","properties":{"kind":"sunset","strength":0.2,"hard":false,"sector":"ring-r1c5"},"geometry":{"type":"Polygon","coordinates":[[[-83.55878007583446,37.92603307296924],[-83.55875762055744,37.9262633178018],[-83.55875762055744,37.92603307296924],[-83.55878007583446,37.92603307296924]]]}},{"type":"Feature","properties":{"kind":"sunset","strength":0.2,"hard":false,"sector":"ring-r1c5"},"geometry":{"type":"Polygon","coordinates":[[[-83.55904953915862,37.92238448170201],[-83.55878007583446,37.92238448170201],[-83.55878007583446,37.92229592141125],[-83.55893726277355,37.922136512619126],[-83.55895971805056,37.922171936825016],[-83.55889235221952,37.9222427851856],[-83.55889235221952,37.92233134554035],[-83.5590270838816,37.922349057598495],[-83.55904953915862,37.92238448170201]]]}},{"type":"Feature","properties":{"kind":"sunset","strength":0.2,"hard":false,"sector":"ring-r1c5"},"geometry":{"type":"Polygon","coordinates":[[[-83.55904953915862,37.92238448170201],[-83.55913936026668,37.922437617825274],[-83.55913936026668,37.92247304188612],[-83.55904953915862,37.92241990578845],[-83.55904953915862,37.92238448170201]]]}},{"type":"Feature","properties":{"kind":"sunset","strength":0.2,"hard":false,"sector":"ring-r1c5"},"geometry":{"type":"Polygon","coordinates":[[[-83.5590046286046,37.92640500657117],[-83.55907199443563,37.92659982818326],[-83.55893726277355,37.92661753921332],[-83.55884744166549,37.92654669506752],[-83.55882498638847,37.92642271764815],[-83.55889235221952,37.92652898402041],[-83.55898217332758,37.92652898402041],[-83.5590046286046,37.92640500657117]]]}},{"type":"Feature","properties":{"kind":"sunset","strength":0.2,"hard":false,"sector":"ring-r1c5"},"geometry":{"type":"Polygon","coordinates":[[[-83.55904953915862,37.92203023989909],[-83.55907199443563,37.92206566415617],[-83.55898217332758,37.922118800509786],[-83.55898217332758,37.92208337627831],[-83.55904953915862,37.92203023989909]]]}},{"type":"Feature","properties":{"kind":"sunset","strength":0.2,"hard":false,"sector":"ring-r1c5"},"geometry":{"type":"Polygon","coordinates":[[[-83.5590270838816,37.89457131005665],[-83.55907199443563,37.89457131005665],[-83.55913936026668,37.89464218499911],[-83.55909444971265,37.89464218499911],[-83.5590270838816,37.89457131005665]]]}},{"type":"Feature","properties":{"kind":"sunset","strength":0.2,"hard":false,"sector":"ring-r1c5"},"geometry":{"type":"Polygon","coordinates":[[[-83.55911690498966,37.921675996389816],[-83.55909444971265,37.921870830531084],[-83.55909444971265,37.921675996389816],[-83.55911690498966,37.921675996389816]]]}},{"type":"Feature","properties":{"kind":"sunset","strength":0.2,"hard":false,"sector":"ring-r1c5"},"geometry":{"type":"Polygon","coordinates":[[[-83.5593414577598,37.89478393467931],[-83.55927409192876,37.89476621598422],[-83.55931900248278,37.894748497284844],[-83.55931900248278,37.89444727874315],[-83.5593414577598,37.89478393467931]]]}},{"type":"Feature","properties":{"kind":"sunset","strength":0.2,"hard":false,"sector":"ring-r1c5"},"geometry":{"type":"Polygon","coordinates":[[[-83.55956601052993,37.92351804400455],[-83.55945373414487,37.92353575577688],[-83.55943127886786,37.92360660282356],[-83.55949864469889,37.9236420263213],[-83.55972319746903,37.923659738063776],[-83.55931900248278,37.9236420263213],[-83.55931900248278,37.923553467544956],[-83.55940882359084,37.92351804400455],[-83.55956601052993,37.92351804400455]]]}},{"type":"Feature","properties":{"kind":"sunset","strength":0.2,"hard":false,"sector":"ring-r1c5"},"geometry":{"type":"Polygon","coordinates":[[[-83.55936391303682,37.89393343250383],[-83.55961092108396,37.89370308647362],[-83.55974565274605,37.89363221062702],[-83.55990283968514,37.89345502071196],[-83.56010493717827,37.89343730169701],[-83.56019475828633,37.89327783037043],[-83.56026212411736,37.89326011131282],[-83.5603294899484,37.8931715159608],[-83.56053158744153,37.893100639602416],[-83.56059895327256,37.89302976317579],[-83.56093578242776,37.89304748228884],[-83.56075614021167,37.89306520139764],[-83.56073368493466,37.89313607779014],[-83.5606438638266,37.893206954114405],[-83.56039685577944,37.89329554942378],[-83.56037440050243,37.89336642559451],[-83.5603294899484,37.89336642559451],[-83.56026212411736,37.89345502071196],[-83.56026212411736,37.893525896729166],[-83.56003757134722,37.89354361572281],[-83.55976810802306,37.893809400115586],[-83.55972319746903,37.893809400115586],[-83.55956601052993,37.89395115139938],[-83.55943127886786,37.89398658917768],[-83.5593414577598,37.89441184118663],[-83.55936391303682,37.89393343250383]]]}},{"type":"Feature","properties":{"kind":"sunset","strength":0.2,"hard":false,"sector":"ring-r1c5"},"geometry":{"type":"Polygon","coordinates":[[[-83.55970074219202,37.92853030534832],[-83.55963337636096,37.92844175245912],[-83.55963337636096,37.928317778235055],[-83.55972319746903,37.92826464636073],[-83.55983547385411,37.92826464636073],[-83.5600151160702,37.92837091007095],[-83.55997020551618,37.92838862067439],[-83.5598579291311,37.928353199463245],[-83.55976810802306,37.92840633127357],[-83.55974565274605,37.92851259477901],[-83.55979056330008,37.928583437030646],[-83.55970074219202,37.92853030534832]]]}},{"type":"Feature","properties":{"kind":"sunset","strength":0.2,"hard":false,"sector":"ring-r1c5"},"geometry":{"type":"Polygon","coordinates":[[[-83.5603294899484,37.89772517894975],[-83.56028457939436,37.89776061491119],[-83.56023966884034,37.89776061491119],[-83.56028457939436,37.89770746096263],[-83.5603294899484,37.89772517894975]]]}},{"type":"Feature","properties":{"kind":"sunset","strength":0.2,"hard":false,"sector":"ring-r1c5"},"geometry":{"type":"Polygon","coordinates":[[[-83.56023966884034,37.89776061491119],[-83.56008248190126,37.897866922693176],[-83.55997020551618,37.897866922693176],[-83.55992529496216,37.8977428969326],[-83.55979056330008,37.89772517894975],[-83.55974565274605,37.897654306975674],[-83.55974565274605,37.89710504686286],[-83.55976810802306,37.89761887096304],[-83.55981301857709,37.897654306975674],[-83.5599926607932,37.897672024975584],[-83.56006002662423,37.89779605085557],[-83.56017230300931,37.89779605085557],[-83.56023966884034,37.89776061491119]]]}},{"type":"Feature","properties":{"kind":"sunset","strength":0.2,"hard":false,"sector":"ring-r1c5"},"geometry":{"type":"Polygon","coordinates":[[[-83.56021721356333,37.92750308527648],[-83.56017230300931,37.92753850689717],[-83.56014984773229,37.92753850689717],[-83.56019475828633,37.92746766363872],[-83.56021721356333,37.92750308527648]]]}},{"type":"Feature","properties":{"kind":"sunset","strength":0.2,"hard":false,"sector":"ring-r1c5"},"geometry":{"type":"Polygon","coordinates":[[[-83.56008248190126,37.92757392850079],[-83.5599926607932,37.92760935008736],[-83.55997020551618,37.92782187924837],[-83.55992529496216,37.92783958998406],[-83.55997020551618,37.92792814359851],[-83.55994775023916,37.92796356501442],[-83.55981301857709,37.92782187924837],[-83.55981301857709,37.92773332550594],[-83.55992529496216,37.92759163929621],[-83.56008248190126,37.92757392850079]]]}},{"type":"Feature","properties":{"kind":"sunset","strength":0.2,"hard":false,"sector":"ring-r1c5"},"geometry":{"type":"Polygon","coordinates":[[[-83.5599926607932,37.92798127571598],[-83.56008248190126,37.92803440779506],[-83.56008248190126,37.92806982915978],[-83.5599926607932,37.9280166971063],[-83.5599926607932,37.92798127571598]]]}},{"type":"Feature","properties":{"kind":"sunset","strength":0.2,"hard":false,"sector":"ring-r1c5"},"geometry":{"type":"Polygon","coordinates":[[[-83.56003757134722,37.92840633127357],[-83.56008248190126,37.92840633127357],[-83.56014984773229,37.92847717362759],[-83.56010493717827,37.92847717362759],[-83.56003757134722,37.92840633127357]]]}},{"type":"Feature","properties":{"kind":"sunset","strength":0.2,"hard":false,"sector":"ring-r1c5"},"geometry":{"type":"Polygon","coordinates":[[[-83.56012739245529,37.917548933773375],[-83.56017230300931,37.917566646983296],[-83.56006002662423,37.91761978658747],[-83.56006002662423,37.91760207339035],[-83.56012739245529,37.917548933773375]]]}},{"type":"Feature","properties":{"kind":"sunset","strength":0.2,"hard":false,"sector":"ring-r1c5"},"geometry":{"type":"Polygon","coordinates":[[[-83.56017230300931,37.92681236026228],[-83.56012739245529,37.92675922730012],[-83.56012739245529,37.9266352502391],[-83.56017230300931,37.926582117148946],[-83.56021721356333,37.92654669506752],[-83.56041931105646,37.92654669506752],[-83.56041931105646,37.92638729548993],[-83.5606663191036,37.92629874001974],[-83.56068877438062,37.92612162875938],[-83.56084596131973,37.925979939443955],[-83.56080105076569,37.9260507841358],[-83.56080105076569,37.926210184442894],[-83.56071122965763,37.92629874001974],[-83.56071122965763,37.92635187331465],[-83.56055404271854,37.92642271764815],[-83.56053158744153,37.926652961260615],[-83.56028457939436,37.926652961260615],[-83.56026212411736,37.926723805304015],[-83.56021721356333,37.926741516304205],[-83.56026212411736,37.92686549318606],[-83.56017230300931,37.92681236026228]]]}},{"type":"Feature","properties":{"kind":"sunset","strength":0.2,"hard":false,"sector":"ring-r1c5"},"geometry":{"type":"Polygon","coordinates":[[[-83.56017230300931,37.898044101988596],[-83.5603294899484,37.89790235858637],[-83.56028457939436,37.897973230321604],[-83.5603070346714,37.898061819894686],[-83.56035194522542,37.89809725569406],[-83.56046422161049,37.898061819894686],[-83.56050913216453,37.8980795377965],[-83.5603294899484,37.89818584511787],[-83.56019475828633,37.89818584511787],[-83.56017230300931,37.898044101988596]]]}},{"type":"Feature","properties":{"kind":"sunset","strength":0.2,"hard":false,"sector":"ring-r1c5"},"geometry":{"type":"Polygon","coordinates":[[[-83.56048667688749,37.91769063933331],[-83.56035194522542,37.91749579411801],[-83.56023966884034,37.917531220559184],[-83.56019475828633,37.917513507340736],[-83.56037440050243,37.91740722794043],[-83.56048667688749,37.91740722794043],[-83.56044176633347,37.91761978658747],[-83.56053158744153,37.91769063933331],[-83.56048667688749,37.91769063933331]]]}},{"type":"Feature","properties":{"kind":"sunset","strength":0.2,"hard":false,"sector":"ring-r1c5"},"geometry":{"type":"Polygon","coordinates":[[[-83.56023966884034,37.891204671689216],[-83.56035194522542,37.890938877892594],[-83.5603070346714,37.891186952132635],[-83.56041931105646,37.8912401107896],[-83.56050913216453,37.8912401107896],[-83.56055404271854,37.891204671689216],[-83.56059895327256,37.891222391241556],[-83.56041931105646,37.89132870846593],[-83.56026212411736,37.89132870846593],[-83.56023966884034,37.891204671689216]]]}},{"type":"Feature","properties":{"kind":"sunset","strength":0.2,"hard":false,"sector":"ring-r1c5"},"geometry":{"type":"Polygon","coordinates":[[[-83.56028457939436,37.92688320415211],[-83.56037440050243,37.926936337024685],[-83.56037440050243,37.92697175891841],[-83.56028457939436,37.92691862607142],[-83.56028457939436,37.92688320415211]]]}},{"type":"Feature","properties":{"kind":"sunset","strength":0.2,"hard":false,"sector":"ring-r1c5"},"geometry":{"type":"Polygon","coordinates":[[[-83.56059895327256,37.897973230321604],[-83.5606438638266,37.897990948244754],[-83.56053158744153,37.898044101988596],[-83.56053158744153,37.89802638407824],[-83.56059895327256,37.897973230321604]]]}},{"type":"Feature","properties":{"kind":"sunset","strength":0.2,"hard":false,"sector":"ring-r1c5"},"geometry":{"type":"Polygon","coordinates":[[[-83.56093578242776,37.92587367227821],[-83.56095823770478,37.92590909468385],[-83.56086841659673,37.92596222826033],[-83.56086841659673,37.92592680588027],[-83.56093578242776,37.92587367227821]]]}},{"type":"Feature","properties":{"kind":"sunset","strength":0.2,"hard":false,"sector":"ring-r1c5"},"geometry":{"type":"Polygon","coordinates":[[[-83.56118279047493,37.892462749306304],[-83.5610031482588,37.89248046855583],[-83.5610031482588,37.892356433719584],[-83.56116033519793,37.892179240733874],[-83.56118279047493,37.89196660858808],[-83.561317522137,37.89182485348303],[-83.56125015630596,37.89194888921487],[-83.56125015630596,37.89205520539012],[-83.56136243269103,37.89207292473774],[-83.56142979852207,37.89203748603824],[-83.56136243269103,37.892143802085556],[-83.56147470907611,37.89223239867436],[-83.561317522137,37.892143802085556],[-83.56122770102895,37.892143802085556],[-83.56113787992089,37.89225011797934],[-83.56111542464389,37.892409591532136],[-83.56122770102895,37.892462749306304],[-83.56127261158296,37.89253362627882],[-83.56118279047493,37.892462749306304]]]}},{"type":"Feature","properties":{"kind":"sunset","strength":0.2,"hard":false,"sector":"ring-r1c5"},"geometry":{"type":"Polygon","coordinates":[[[-83.56176662767729,37.891683098105034],[-83.5616543512922,37.891629939767924],[-83.56151961963013,37.89164765921789],[-83.56147470907611,37.891629939767924],[-83.56151961963013,37.891594500855184],[-83.56167680656922,37.891594500855184],[-83.56176662767729,37.891683098105034]]]}},{"type":"Feature","properties":{"kind":"sunset","strength":0.2,"hard":false,"sector":"ring-r1c5"},"geometry":{"type":"Polygon","coordinates":[[[-83.56178908295429,37.89157678139242],[-83.5616318960152,37.89152362297854],[-83.56160944073818,37.8913641475066],[-83.5616543512922,37.891452745033654],[-83.56174417240027,37.89147046452628],[-83.56174417240027,37.89152362297854],[-83.56185644878533,37.891594500855184],[-83.56185644878533,37.891629939767924],[-83.56178908295429,37.89157678139242]]]}},{"type":"Feature","properties":{"kind":"sunset","strength":0.2,"hard":false,"sector":"ring-r1c5"},"geometry":{"type":"Polygon","coordinates":[[[-83.56199118044741,37.918841986887344],[-83.56174417240027,37.918877412680125],[-83.56192381461639,37.918753422330745],[-83.56212591210951,37.918753422330745],[-83.56212591210951,37.918841986887344],[-83.56205854627846,37.918948264214485],[-83.56199118044741,37.918841986887344]]]}},{"type":"Feature","properties":{"kind":"sunset","strength":0.2,"hard":false,"sector":"ring-r1c5"},"geometry":{"type":"Polygon","coordinates":[[[-83.56253010709575,37.896998737980525],[-83.56239537543367,37.89669752864676],[-83.56239537543367,37.89655578265144],[-83.5623055543256,37.89636088146217],[-83.56241783071067,37.89650262783282],[-83.56244028598769,37.8966443739305],[-83.56253010709575,37.89669752864676],[-83.56253010709575,37.89676840154207],[-83.5625974729268,37.896856992565226],[-83.56268729403484,37.896910147127954],[-83.56279957041991,37.896874710757075],[-83.56284448097394,37.89689242894464],[-83.56266483875783,37.896998737980525],[-83.56253010709575,37.896998737980525]]]}},{"type":"Feature","properties":{"kind":"sunset","strength":0.2,"hard":false,"sector":"ring-r1c5"},"geometry":{"type":"Polygon","coordinates":[[[-83.56255256237277,37.91891283845583],[-83.5625974729268,37.91893055133729],[-83.56248519654173,37.918983689956086],[-83.56248519654173,37.918965977087424],[-83.56255256237277,37.91891283845583]]]}},{"type":"Feature","properties":{"kind":"sunset","strength":0.2,"hard":false,"sector":"ring-r1c5"},"geometry":{"type":"Polygon","coordinates":[[[-83.56295675735902,37.91900140282047],[-83.562911846805,37.91889512557011],[-83.56279957041991,37.91889512557011],[-83.56277711514291,37.91885969978587],[-83.56266483875783,37.91889512557011],[-83.56261992820382,37.918877412680125],[-83.56279957041991,37.918771135250594],[-83.562911846805,37.918771135250594],[-83.56306903374407,37.918824273984555],[-83.56306903374407,37.91893055133729],[-83.56300166791304,37.9190191156806],[-83.56295675735902,37.91900140282047]]]}},{"type":"Feature","properties":{"kind":"sunset","strength":0.2,"hard":false,"sector":"ring-r1c5"},"geometry":{"type":"Polygon","coordinates":[[[-83.562934302082,37.89678611975522],[-83.56297921263601,37.89680383796412],[-83.56286693625097,37.896856992565226],[-83.56286693625097,37.89683927436913],[-83.562934302082,37.89678611975522]]]}},{"type":"Feature","properties":{"kind":"sunset","strength":0.2,"hard":false,"sector":"ring-r1c5"},"geometry":{"type":"Polygon","coordinates":[[[-83.5636079603924,37.918841986887344],[-83.56354059456137,37.918753422330745],[-83.56354059456137,37.9186648576675],[-83.56367532622345,37.9186648576675],[-83.56387742371658,37.91878884816617],[-83.56383251316254,37.918806561077496],[-83.56376514733151,37.918753422330745],[-83.56367532622345,37.918753422330745],[-83.56365287094644,37.918824273984555],[-83.56369778150045,37.91889512557011],[-83.5636079603924,37.918841986887344]]]}},{"type":"Feature","properties":{"kind":"sunset","strength":0.2,"hard":false,"sector":"ring-r1c5"},"geometry":{"type":"Polygon","coordinates":[[[-83.56363041566944,37.919461935797486],[-83.56367532622345,37.91956821222881],[-83.5636079603924,37.91953278676878],[-83.56363041566944,37.919461935797486]]]}},{"type":"Feature","properties":{"kind":"sunset","strength":0.2,"hard":false,"sector":"ring-r1c5"},"geometry":{"type":"Polygon","coordinates":[[[-83.56407952120969,37.92146344946519],[-83.56405706593267,37.9213394634755],[-83.56412443176372,37.92146344946519],[-83.5642367081488,37.92144573719375],[-83.56428161870284,37.9211977649456],[-83.56428161870284,37.92155201075844],[-83.56414688704074,37.92155201075844],[-83.56407952120969,37.92146344946519]]]}},{"type":"Feature","properties":{"kind":"sunset","strength":0.2,"hard":false,"sector":"ring-r1c5"},"geometry":{"type":"Polygon","coordinates":[[[-83.56407952120969,37.89446499751502],[-83.56410197648671,37.894695341161174],[-83.56407952120969,37.894695341161174],[-83.56407952120969,37.89446499751502]]]}},{"type":"Feature","properties":{"kind":"sunset","strength":0.2,"hard":false,"sector":"ring-r1c5"},"geometry":{"type":"Polygon","coordinates":[[[-83.56412443176372,37.894748497284844],[-83.56419179759477,37.894819372056716],[-83.56428161870284,37.894801653370145],[-83.56430407397984,37.89437640361304],[-83.56430407397984,37.89490796542558],[-83.56416934231775,37.89490796542558],[-83.56412443176372,37.894748497284844]]]}},{"type":"Feature","properties":{"kind":"sunset","strength":0.2,"hard":false,"sector":"ring-r1c5"},"geometry":{"type":"Polygon","coordinates":[[[-83.56473072424309,37.918505441004925],[-83.56464090313504,37.918505441004925],[-83.56450617147296,37.91859400586012],[-83.56450617147296,37.91868257060868],[-83.564573537304,37.918753422330745],[-83.56455108202698,37.918824273984555],[-83.56459599258102,37.91891283845583],[-83.564573537304,37.918948264214485],[-83.56443880564191,37.918806561077496],[-83.56439389508789,37.91848772802108],[-83.56455108202698,37.918399163037904],[-83.56461844785804,37.918399163037904],[-83.56464090313504,37.918346023996804],[-83.56477563479712,37.918346023996804],[-83.56486545590518,37.918399163037904],[-83.56500000000001,37.918416876043075],[-83.56500000000001,37.9184523020406],[-83.56479809007413,37.91843458904398],[-83.56473072424309,37.918505441004925]]]}},{"type":"Feature","properties":{"kind":"sunset","strength":0.2,"hard":false,"sector":"ring-r1c5"},"geometry":{"type":"Polygon","coordinates":[[[-83.56461844785804,37.918965977087424],[-83.5647082689661,37.9190191156806],[-83.5647082689661,37.919054541388064],[-83.56461844785804,37.91900140282047],[-83.56461844785804,37.918965977087424]]]}},{"type":"Feature","properties":{"kind":"sunset","strength":0.36,"hard":false,"sector":"ring-r1c5"},"geometry":{"type":"Polygon","coordinates":[[[-83.5551198656812,37.89866422616392],[-83.55527705262031,37.89880596809898],[-83.5552545973433,37.89889455666979],[-83.55507495512718,37.89887683896417],[-83.55485040235705,37.898752814905336],[-83.55489531291107,37.89873509716558],[-83.55498513401913,37.89878825037203],[-83.55514232095823,37.89878825037203],[-83.5551198656812,37.89866422616392]]]}},{"type":"Feature","properties":{"kind":"sunset","strength":0.36,"hard":false,"sector":"ring-r1c5"},"geometry":{"type":"Polygon","coordinates":[[[-83.55485040235705,37.89873509716558],[-83.55480549180301,37.89873509716558],[-83.55476058124898,37.89868194392073],[-83.55480549180301,37.89868194392073],[-83.55485040235705,37.89873509716558]]]}},{"type":"Feature","properties":{"kind":"sunset","strength":0.36,"hard":false,"sector":"ring-r1c5"},"geometry":{"type":"Polygon","coordinates":[[[-83.55520968678927,37.89637859977343],[-83.55514232095823,37.89625457150507],[-83.55523214206627,37.89623685316395],[-83.55534441845134,37.896290008174496],[-83.55536687372835,37.89637859977343],[-83.55532196317434,37.896343163146646],[-83.55523214206627,37.896343163146646],[-83.55520968678927,37.89648490955141],[-83.55520968678927,37.89637859977343]]]}},{"type":"Feature","properties":{"kind":"sunset","strength":0.36,"hard":false,"sector":"ring-r1c5"},"geometry":{"type":"Polygon","coordinates":[[[-83.55597316620774,37.91928480807067],[-83.55581597926864,37.91955049950093],[-83.55581597926864,37.91970991389838],[-83.55592825565371,37.91972762658788],[-83.5557710687146,37.91981618997138],[-83.55570370288356,37.91981618997138],[-83.55570370288356,37.919621350386905],[-83.55586088982265,37.919355659212584],[-83.55597316620774,37.91928480807067]]]}},{"type":"Feature","properties":{"kind":"sunset","strength":0.36,"hard":false,"sector":"ring-r1c5"},"geometry":{"type":"Polygon","coordinates":[[[-83.55655700341009,37.918399163037904],[-83.55637736119398,37.91838145002847],[-83.55622017425489,37.918470015032966],[-83.55619771897787,37.91855857993084],[-83.55599562148475,37.91864714472205],[-83.55601807676177,37.918753422330745],[-83.55586088982265,37.91861171881837],[-83.55586088982265,37.91855857993084],[-83.55595071093072,37.91848772802108],[-83.55604053203876,37.91848772802108],[-83.55608544259279,37.91838145002847],[-83.55624262953191,37.91829288491732],[-83.55642227174799,37.91829288491732],[-83.55655700341009,37.918399163037904]]]}},{"type":"Feature","properties":{"kind":"sunset","strength":0.36,"hard":false,"sector":"ring-r1c5"},"geometry":{"type":"Polygon","coordinates":[[[-83.55604053203876,37.91655698720964],[-83.55588334509967,37.91648613337177],[-83.55588334509967,37.91641527946565],[-83.55604053203876,37.91639756597846],[-83.55615280842385,37.916432992948586],[-83.55601807676177,37.91645070642724],[-83.55604053203876,37.91655698720964]]]}},{"type":"Feature","properties":{"kind":"sunset","strength":0.36,"hard":false,"sector":"ring-r1c5"},"geometry":{"type":"Polygon","coordinates":[[[-83.55630999536294,37.895811611697795],[-83.55648963757905,37.895793893250065],[-83.55662436924113,37.89582933014127],[-83.55642227174799,37.89582933014127],[-83.55644472702502,37.89591792229464],[-83.55637736119398,37.89591792229464],[-83.55628754008592,37.89588248544609],[-83.55630999536294,37.895811611697795]]]}},{"type":"Feature","properties":{"kind":"sunset","strength":0.36,"hard":false,"sector":"ring-r1c5"},"geometry":{"type":"Polygon","coordinates":[[[-83.55678155618023,37.92982316538499],[-83.55691628784231,37.92991171661039],[-83.55700610895038,37.929929426842676],[-83.55700610895038,37.929947137070684],[-83.55682646673425,37.929929426842676],[-83.55680401145723,37.93],[-83.55664682451815,37.93],[-83.55669173507218,37.929840875638604],[-83.55678155618023,37.92982316538499]]]}},{"type":"Feature","properties":{"kind":"sunset","strength":0.36,"hard":false,"sector":"ring-r1c5"},"geometry":{"type":"Polygon","coordinates":[[[-83.55725311699752,37.91979847730322],[-83.55741030393662,37.919940178529124],[-83.55741030393662,37.91999331641846],[-83.55734293810558,37.92002874165668],[-83.55718575116647,37.91999331641846],[-83.55709593005842,37.919922465890814],[-83.55725311699752,37.919922465890814],[-83.55725311699752,37.91979847730322]]]}},{"type":"Feature","properties":{"kind":"sunset","strength":0.36,"hard":false,"sector":"ring-r1c5"},"geometry":{"type":"Polygon","coordinates":[[[-83.55776958836883,37.92978774486497],[-83.55794923058495,37.9296637729105],[-83.55806150697002,37.9296814832025],[-83.558039051693,37.929770034598555],[-83.55794923058495,37.92985858588795],[-83.55792677530792,37.929770034598555],[-83.55776958836883,37.92978774486497]]]}},{"type":"Feature","properties":{"kind":"sunset","strength":0.36,"hard":false,"sector":"ring-r1c5"},"geometry":{"type":"Polygon","coordinates":[[[-83.5585330677873,37.921091490868996],[-83.55837588084822,37.92094979186132],[-83.55842079140224,37.920701817940945],[-83.55830851501716,37.92061325562389],[-83.55828605974015,37.92048926820085],[-83.55819623863209,37.92040070562786],[-83.55815132807805,37.92024129272771],[-83.55792677530792,37.92013501726898],[-83.55785940947689,37.91979847730322],[-83.55794923058495,37.919975603792956],[-83.55828605974015,37.920152729856106],[-83.55833097029418,37.92031214294822],[-83.55842079140224,37.92040070562786],[-83.55842079140224,37.92048926820085],[-83.55851061251029,37.92054240569347],[-83.55860043361834,37.92068410548606],[-83.55860043361834,37.92079038015134],[-83.55851061251029,37.92094979186132],[-83.5585330677873,37.921091490868996]]]}},{"type":"Feature","properties":{"kind":"sunset","strength":0.36,"hard":false,"sector":"ring-r1c5"},"geometry":{"type":"Polygon","coordinates":[[[-83.55785940947689,37.919302520862544],[-83.5578818647539,37.91949736129166],[-83.55785940947689,37.91949736129166],[-83.55785940947689,37.919302520862544]]]}},{"type":"Feature","properties":{"kind":"sunset","strength":0.36,"hard":false,"sector":"ring-r1c5"},"geometry":{"type":"Polygon","coordinates":[[[-83.55909444971265,37.89464218499911],[-83.55880253111148,37.89464218499911],[-83.55871271000342,37.894713059873325],[-83.5586902547264,37.894819372056716],[-83.55851061251029,37.894819372056716],[-83.55824114918612,37.895067433220866],[-83.55806150697002,37.895138307685656],[-83.558039051693,37.89526233783484],[-83.55799414113898,37.89510287046179],[-83.55801659641598,37.894996558687836],[-83.55812887280105,37.89496112139573],[-83.55812887280105,37.89492568408656],[-83.5582186939091,37.89489024676035],[-83.55830851501716,37.89476621598422],[-83.55839833612522,37.894713059873325],[-83.55857797834132,37.894713059873325],[-83.55860043361834,37.89458902879866],[-83.5586902547264,37.894535872559835],[-83.55891480749654,37.89451815380502],[-83.55909444971265,37.89464218499911]]]}},{"type":"Feature","properties":{"kind":"sunset","strength":0.36,"hard":false,"sector":"ring-r1c5"},"geometry":{"type":"Polygon","coordinates":[[[-83.55911690498966,37.923836855253874],[-83.55895971805056,37.923836855253874],[-83.55891480749654,37.923978548698805],[-83.55862288889536,37.92417337673978],[-83.55855552306431,37.92436820426458],[-83.55846570195625,37.924421338954495],[-83.55835342557118,37.92458074279384],[-83.55830851501716,37.92477556923935],[-83.55824114918612,37.924828703634894],[-83.55824114918612,37.925076663639814],[-83.55817378335507,37.925218354695794],[-83.55817378335507,37.925377756807414],[-83.55824114918612,37.92559029241872],[-83.55828605974015,37.92562571496088],[-83.55826360446314,37.92566113748598],[-83.55812887280105,37.92551944728321],[-83.558039051693,37.92525377741712],[-83.558039051693,37.9251297978178],[-83.55810641752404,37.9249881065912],[-83.55810641752404,37.924757857765634],[-83.55817378335507,37.9246870118281],[-83.55824114918612,37.92445676205975],[-83.55828605974015,37.924439050509264],[-83.55830851501716,37.92435049269274],[-83.55842079140224,37.924279646362756],[-83.55848815723327,37.924084818603326],[-83.55878007583446,37.92388999032771],[-83.5588698969425,37.92376600842903],[-83.55904953915862,37.92376600842903],[-83.55911690498966,37.923836855253874]]]}},{"type":"Feature","properties":{"kind":"sunset","strength":0.36,"hard":false,"sector":"ring-r1c5"},"geometry":{"type":"Polygon","coordinates":[[[-83.55878007583446,37.92991171661039],[-83.55864534417236,37.92996484729444],[-83.55873516528042,37.929840875638604],[-83.55871271000342,37.92980545512711],[-83.55860043361834,37.92978774486497],[-83.55873516528042,37.929699193490244],[-83.55893726277355,37.929699193490244],[-83.5590046286046,37.9295929316998],[-83.55909444971265,37.92953980074699],[-83.55911690498966,37.92932727655177],[-83.5593414577598,37.92916788300219],[-83.55949864469889,37.92913246216647],[-83.55961092108396,37.92906162044383],[-83.55956601052993,37.92913246216647],[-83.55947618942189,37.92915017258645],[-83.55927409192876,37.92930956617443],[-83.5592067260977,37.9295929316998],[-83.55911690498966,37.9296637729105],[-83.55907199443563,37.929770034598555],[-83.55889235221952,37.92985858588795],[-83.55884744166549,37.93],[-83.55880253111148,37.93],[-83.55878007583446,37.92991171661039]]]}},{"type":"Feature","properties":{"kind":"sunset","strength":0.36,"hard":false,"sector":"ring-r1c5"},"geometry":{"type":"Polygon","coordinates":[[[-83.55860043361834,37.92980545512711],[-83.55855552306431,37.92985858588795],[-83.55851061251029,37.92985858588795],[-83.55855552306431,37.92980545512711],[-83.55860043361834,37.92980545512711]]]}},{"type":"Feature","properties":{"kind":"sunset","strength":0.36,"hard":false,"sector":"ring-r1c5"},"geometry":{"type":"Polygon","coordinates":[[[-83.55884744166549,37.916627840979245],[-83.55889235221952,37.91680497510468],[-83.55884744166549,37.91671640809528],[-83.55878007583446,37.91671640809528],[-83.55873516528042,37.91691125537519],[-83.55875762055744,37.916627840979245],[-83.55884744166549,37.916627840979245]]]}},{"type":"Feature","properties":{"kind":"sunset","strength":0.36,"hard":false,"sector":"ring-r1c5"},"geometry":{"type":"Polygon","coordinates":[[[-83.55878007583446,37.917354088182684],[-83.5590270838816,37.917371801439536],[-83.55878007583446,37.917371801439536],[-83.55878007583446,37.917354088182684]]]}},{"type":"Feature","properties":{"kind":"sunset","strength":0.36,"hard":false,"sector":"ring-r1c5"},"geometry":{"type":"Polygon","coordinates":[[[-83.55882498638847,37.926316451122304],[-83.5588698969425,37.92642271764815],[-83.55895971805056,37.92642271764815],[-83.55898217332758,37.9262633178018],[-83.55898217332758,37.92652898402041],[-83.5588698969425,37.92651127296903],[-83.55882498638847,37.926316451122304]]]}},{"type":"Feature","properties":{"kind":"sunset","strength":0.36,"hard":false,"sector":"ring-r1c5"},"geometry":{"type":"Polygon","coordinates":[[[-83.55913936026668,37.922437617825274],[-83.5590270838816,37.922349057598495],[-83.55889235221952,37.92233134554035],[-83.55889235221952,37.9222427851856],[-83.55904953915862,37.92206566415617],[-83.5590270838816,37.9222782093403],[-83.55911690498966,37.92231363347794],[-83.55913936026668,37.922437617825274]]]}},{"type":"Feature","properties":{"kind":"sunset","strength":0.36,"hard":false,"sector":"ring-r1c5"},"geometry":{"type":"Polygon","coordinates":[[[-83.55936391303682,37.89427009078993],[-83.55943127886786,37.89398658917768],[-83.55956601052993,37.89395115139938],[-83.55972319746903,37.893809400115586],[-83.55976810802306,37.893809400115586],[-83.56003757134722,37.89354361572281],[-83.56026212411736,37.893525896729166],[-83.56026212411736,37.89345502071196],[-83.5603294899484,37.89336642559451],[-83.56037440050243,37.89336642559451],[-83.56039685577944,37.89329554942378],[-83.5606438638266,37.893206954114405],[-83.56073368493466,37.89313607779014],[-83.56075614021167,37.89306520139764],[-83.56102560353582,37.89306520139764],[-83.56089087187375,37.893100639602416],[-83.56086841659673,37.89322467318481],[-83.56075614021167,37.89331326847286],[-83.56050913216453,37.89341958267778],[-83.56050913216453,37.89345502071196],[-83.56041931105646,37.893508177731256],[-83.56037440050243,37.89363221062702],[-83.56019475828633,37.89363221062702],[-83.5598579291311,37.89393343250383],[-83.55954355525292,37.89411062126739],[-83.5595210999759,37.89419921548922],[-83.55947618942189,37.894216934320795],[-83.55938636831382,37.89437640361304],[-83.5593414577598,37.894819372056716],[-83.55936391303682,37.89427009078993]]]}},{"type":"Feature","properties":{"kind":"sunset","strength":0.36,"hard":false,"sector":"ring-r1c5"},"geometry":{"type":"Polygon","coordinates":[[[-83.55945373414487,37.923553467544956],[-83.55970074219202,37.92351804400455],[-83.55956601052993,37.923553467544956],[-83.55956601052993,37.92360660282356],[-83.55970074219202,37.9236420263213],[-83.55949864469889,37.9236420263213],[-83.55943127886786,37.92360660282356],[-83.55945373414487,37.923553467544956]]]}},{"type":"Feature","properties":{"kind":"sunset","strength":0.36,"hard":false,"sector":"ring-r1c5"},"geometry":{"type":"Polygon","coordinates":[[[-83.55990283968514,37.92865427921403],[-83.55974565274605,37.92851259477901],[-83.55976810802306,37.92840633127357],[-83.5598579291311,37.928353199463245],[-83.5600151160702,37.92838862067439],[-83.56010493717827,37.92845946304549],[-83.55997020551618,37.92845946304549],[-83.55988038440813,37.92853030534832],[-83.55990283968514,37.92865427921403]]]}},{"type":"Feature","properties":{"kind":"sunset","strength":0.36,"hard":false,"sector":"ring-r1c5"},"geometry":{"type":"Polygon","coordinates":[[[-83.56028457939436,37.89770746096263],[-83.56017230300931,37.89779605085557],[-83.56006002662423,37.89779605085557],[-83.5599926607932,37.897672024975584],[-83.55981301857709,37.897654306975674],[-83.55976810802306,37.89761887096304],[-83.55976810802306,37.897317664166934],[-83.55981301857709,37.897547998886616],[-83.56006002662423,37.89760115295033],[-83.56014984773229,37.89772517894975],[-83.56028457939436,37.89770746096263]]]}},{"type":"Feature","properties":{"kind":"sunset","strength":0.36,"hard":false,"sector":"ring-r1c5"},"geometry":{"type":"Polygon","coordinates":[[[-83.55983547385411,37.91799176274173],[-83.55981301857709,37.918186606643175],[-83.55981301857709,37.91799176274173],[-83.55983547385411,37.91799176274173]]]}},{"type":"Feature","properties":{"kind":"sunset","strength":0.36,"hard":false,"sector":"ring-r1c5"},"geometry":{"type":"Polygon","coordinates":[[[-83.56023966884034,37.92744995281345],[-83.5603294899484,37.92743224198391],[-83.56021721356333,37.92750308527648],[-83.56023966884034,37.92744995281345]]]}},{"type":"Feature","properties":{"kind":"sunset","strength":0.36,"hard":false,"sector":"ring-r1c5"},"geometry":{"type":"Polygon","coordinates":[[[-83.56021721356333,37.92750308527648],[-83.56012739245529,37.92760935008736],[-83.56014984773229,37.927804168508416],[-83.56010493717827,37.92782187924837],[-83.56010493717827,37.92789272216552],[-83.56006002662423,37.92792814359851],[-83.56008248190126,37.92799898641327],[-83.56006002662423,37.92803440779506],[-83.55992529496216,37.92789272216552],[-83.5599926607932,37.92773332550594],[-83.5599926607932,37.92760935008736],[-83.56012739245529,37.92757392850079],[-83.56021721356333,37.92750308527648]]]}},{"type":"Feature","properties":{"kind":"sunset","strength":0.36,"hard":false,"sector":"ring-r1c5"},"geometry":{"type":"Polygon","coordinates":[[[-83.56048667688749,37.91769063933331],[-83.56026212411736,37.91763749978033],[-83.56023966884034,37.91760207339035],[-83.56014984773229,37.91761978658747],[-83.56010493717827,37.91760207339035],[-83.56019475828633,37.917531220559184],[-83.56035194522542,37.91749579411801],[-83.56039685577944,37.91761978658747],[-83.56048667688749,37.91769063933331]]]}},{"type":"Feature","properties":{"kind":"sunset","strength":0.36,"hard":false,"sector":"ring-r1c5"},"geometry":{"type":"Polygon","coordinates":[[[-83.56095823770478,37.92590909468385],[-83.56093578242776,37.92608620645613],[-83.56084596131973,37.92624560668642],[-83.56084596131973,37.92645813978929],[-83.56068877438062,37.92651127296903],[-83.56062140854957,37.92675922730012],[-83.56039685577944,37.926741516304205],[-83.56035194522542,37.926936337024685],[-83.56026212411736,37.92686549318606],[-83.56021721356333,37.926741516304205],[-83.56026212411736,37.926723805304015],[-83.56028457939436,37.926652961260615],[-83.56053158744153,37.926652961260615],[-83.56055404271854,37.92642271764815],[-83.56071122965763,37.92635187331465],[-83.56071122965763,37.92629874001974],[-83.56080105076569,37.926210184442894],[-83.56080105076569,37.9260507841358],[-83.56095823770478,37.92590909468385]]]}},{"type":"Feature","properties":{"kind":"sunset","strength":0.36,"hard":false,"sector":"ring-r1c5"},"geometry":{"type":"Polygon","coordinates":[[[-83.56059895327256,37.897973230321604],[-83.56041931105646,37.89809725569406],[-83.56035194522542,37.89809725569406],[-83.56028457939436,37.89802638407824],[-83.5603294899484,37.89790235858637],[-83.56041931105646,37.897831486782906],[-83.56041931105646,37.8979555123942],[-83.56046422161049,37.897990948244754],[-83.56059895327256,37.897973230321604]]]}},{"type":"Feature","properties":{"kind":"sunset","strength":0.36,"hard":false,"sector":"ring-r1c5"},"geometry":{"type":"Polygon","coordinates":[[[-83.56068877438062,37.89111607386362],[-83.56050913216453,37.8912401107896],[-83.56035194522542,37.891222391241556],[-83.5603070346714,37.891186952132635],[-83.56039685577944,37.890814840459115],[-83.56041931105646,37.89108063470355],[-83.56050913216453,37.89113379343727],[-83.56068877438062,37.89111607386362]]]}},{"type":"Feature","properties":{"kind":"sunset","strength":0.36,"hard":false,"sector":"ring-r1c5"},"geometry":{"type":"Polygon","coordinates":[[[-83.56142979852207,37.89223239867436],[-83.56129506686,37.89221467936514],[-83.56127261158296,37.89225011797934],[-83.56127261158296,37.892498187801095],[-83.56111542464389,37.892409591532136],[-83.56113787992089,37.89225011797934],[-83.56122770102895,37.892143802085556],[-83.56136243269103,37.89216152141185],[-83.56142979852207,37.89223239867436]]]}},{"type":"Feature","properties":{"kind":"sunset","strength":0.36,"hard":false,"sector":"ring-r1c5"},"geometry":{"type":"Polygon","coordinates":[[[-83.56178908295429,37.89171853697513],[-83.5616543512922,37.891665378663596],[-83.56149716435313,37.891665378663596],[-83.56145225379909,37.89171853697513],[-83.56142979852207,37.891683098105034],[-83.56151961963013,37.891629939767924],[-83.5616543512922,37.891629939767924],[-83.56178908295429,37.89171853697513]]]}},{"type":"Feature","properties":{"kind":"sunset","strength":0.36,"hard":false,"sector":"ring-r1c5"},"geometry":{"type":"Polygon","coordinates":[[[-83.56142979852207,37.89171853697513],[-83.56138488796805,37.891789414664125],[-83.56138488796805,37.89196660858808],[-83.56149716435313,37.89196660858808],[-83.56154207490715,37.89200204732169],[-83.56145225379909,37.89200204732169],[-83.56136243269103,37.89207292473774],[-83.56127261158296,37.89207292473774],[-83.56125015630596,37.89194888921487],[-83.561317522137,37.89187801167941],[-83.56133997741402,37.89177169524827],[-83.56142979852207,37.89171853697513]]]}},{"type":"Feature","properties":{"kind":"sunset","strength":0.36,"hard":false,"sector":"ring-r1c5"},"geometry":{"type":"Polygon","coordinates":[[[-83.56169926184624,37.918948264214485],[-83.56160944073818,37.91900140282047],[-83.56174417240027,37.918877412680125],[-83.56183399350833,37.918841986887344],[-83.56199118044741,37.918841986887344],[-83.56210345683249,37.91900140282047],[-83.56201363572443,37.918948264214485],[-83.56169926184624,37.918948264214485]]]}},{"type":"Feature","properties":{"kind":"sunset","strength":0.36,"hard":false,"sector":"ring-r1c5"},"geometry":{"type":"Polygon","coordinates":[[[-83.56185644878533,37.891594500855184],[-83.56174417240027,37.89152362297854],[-83.56174417240027,37.89147046452628],[-83.5616543512922,37.891452745033654],[-83.56160944073818,37.89131098893919],[-83.5616543512922,37.89138186702054],[-83.56183399350833,37.891417306035635],[-83.56185644878533,37.891594500855184]]]}},{"type":"Feature","properties":{"kind":"sunset","strength":0.36,"hard":false,"sector":"ring-r1c5"},"geometry":{"type":"Polygon","coordinates":[[[-83.56208100155547,37.919302520862544],[-83.56208100155547,37.9193733719874],[-83.56208100155547,37.919479648546705],[-83.56203609100145,37.919302520862544],[-83.56208100155547,37.919302520862544]]]}},{"type":"Feature","properties":{"kind":"sunset","strength":0.36,"hard":false,"sector":"ring-r1c5"},"geometry":{"type":"Polygon","coordinates":[[[-83.562934302082,37.89678611975522],[-83.56275465986587,37.896910147127954],[-83.5625974729268,37.896856992565226],[-83.56253010709575,37.89676840154207],[-83.56253010709575,37.89669752864676],[-83.56244028598769,37.8966443739305],[-83.56241783071067,37.89650262783282],[-83.5622606437716,37.89623685316395],[-83.56241783071067,37.896414036383156],[-83.56250765181873,37.896414036383156],[-83.56255256237277,37.8964494729758],[-83.56255256237277,37.896538064382824],[-83.5626423834808,37.896591219175846],[-83.56266483875783,37.89669752864676],[-83.56273220458887,37.89676840154207],[-83.56277711514291,37.89680383796412],[-83.562934302082,37.89678611975522]]]}},{"type":"Feature","properties":{"kind":"sunset","strength":0.36,"hard":false,"sector":"ring-r1c5"},"geometry":{"type":"Polygon","coordinates":[[[-83.56282202569693,37.91914310558209],[-83.56284448097394,37.91903682853647],[-83.56279957041991,37.91900140282047],[-83.56270974931185,37.91900140282047],[-83.56266483875783,37.918965977087424],[-83.56253010709575,37.918983689956086],[-83.56270974931185,37.91885969978587],[-83.562911846805,37.91889512557011],[-83.56297921263601,37.918948264214485],[-83.562934302082,37.91907225423541],[-83.56282202569693,37.91914310558209]]]}},{"type":"Feature","properties":{"kind":"sunset","strength":0.36,"hard":false,"sector":"ring-r1c5"},"geometry":{"type":"Polygon","coordinates":[[[-83.56365287094644,37.919461935797486],[-83.56374269205449,37.91956821222881],[-83.56365287094644,37.91955049950093],[-83.56365287094644,37.919461935797486]]]}},{"type":"Feature","properties":{"kind":"sunset","strength":0.36,"hard":false,"sector":"ring-r1c5"},"geometry":{"type":"Polygon","coordinates":[[[-83.56378760260851,37.918965977087424],[-83.56365287094644,37.918824273984555],[-83.56367532622345,37.918753422330745],[-83.56376514733151,37.918753422330745],[-83.5639223342706,37.918841986887344],[-83.5639223342706,37.918877412680125],[-83.56378760260851,37.91885969978587],[-83.56378760260851,37.918965977087424]]]}},{"type":"Feature","properties":{"kind":"sunset","strength":0.36,"hard":false,"sector":"ring-r1c5"},"geometry":{"type":"Polygon","coordinates":[[[-83.56405706593267,37.921268614244674],[-83.56410197648671,37.92135717577254],[-83.5642367081488,37.92135717577254],[-83.5642591634258,37.9211977649456],[-83.5642591634258,37.921410312638066],[-83.56421425287178,37.92146344946519],[-83.56412443176372,37.92146344946519],[-83.56407952120969,37.92142802491805],[-83.56405706593267,37.921268614244674]]]}},{"type":"Feature","properties":{"kind":"sunset","strength":0.36,"hard":false,"sector":"ring-r1c5"},"geometry":{"type":"Polygon","coordinates":[[[-83.56416934231775,37.894801653370145],[-83.56410197648671,37.89455359131037],[-83.56414688704074,37.894713059873325],[-83.5642591634258,37.894713059873325],[-83.56428161870284,37.89457131005665],[-83.5642591634258,37.894819372056716],[-83.56416934231775,37.894801653370145]]]}},{"type":"Feature","properties":{"kind":"sunset","strength":0.36,"hard":false,"sector":"ring-r1c5"},"geometry":{"type":"Polygon","coordinates":[[[-83.56486545590518,37.91859400586012],[-83.56475317952011,37.91861171881837],[-83.56464090313504,37.91868257060868],[-83.56464090313504,37.91878884816617],[-83.5647082689661,37.918877412680125],[-83.56468581368908,37.9190191156806],[-83.56455108202698,37.918877412680125],[-83.564573537304,37.918753422330745],[-83.56450617147296,37.91868257060868],[-83.56450617147296,37.91859400586012],[-83.56464090313504,37.918505441004925],[-83.56473072424309,37.918505441004925],[-83.56479809007413,37.91843458904398],[-83.56500000000001,37.9184523020406],[-83.56500000000001,37.918523153984495],[-83.56493282173622,37.918523153984495],[-83.56486545590518,37.91859400586012]]]}},{"type":"Feature","properties":{"kind":"sunset","strength":0.52,"hard":false,"sector":"ring-r1c5"},"geometry":{"type":"Polygon","coordinates":[[[-83.55498513401913,37.89878825037203],[-83.55471567069495,37.89862879063751],[-83.55498513401913,37.89869966167328],[-83.55503004457314,37.89866422616392],[-83.55498513401913,37.89859335509403],[-83.55500758929612,37.8985579195335],[-83.55514232095823,37.89869966167328],[-83.55514232095823,37.89878825037203],[-83.55498513401913,37.89878825037203]]]}},{"type":"Feature","properties":{"kind":"sunset","strength":0.52,"hard":false,"sector":"ring-r1c5"},"geometry":{"type":"Polygon","coordinates":[[[-83.55534441845134,37.89636088146217],[-83.55545669483641,37.89646719126574],[-83.55536687372835,37.896431754681615],[-83.55527705262031,37.8964494729758],[-83.5552545973433,37.89662665568322],[-83.55523214206627,37.896343163146646],[-83.55534441845134,37.89636088146217]]]}},{"type":"Feature","properties":{"kind":"sunset","strength":0.52,"hard":false,"sector":"ring-r1c5"},"geometry":{"type":"Polygon","coordinates":[[[-83.55581597926864,37.91955049950093],[-83.55597316620774,37.91928480807067],[-83.55610789786981,37.919178531229825],[-83.55595071093072,37.91942651028625],[-83.55592825565371,37.91963906309773],[-83.55622017425489,37.91967448850658],[-83.55597316620774,37.91967448850658],[-83.55592825565371,37.91970991389838],[-83.55581597926864,37.91970991389838],[-83.55581597926864,37.91955049950093]]]}},{"type":"Feature","properties":{"kind":"sunset","strength":0.52,"hard":false,"sector":"ring-r1c5"},"geometry":{"type":"Polygon","coordinates":[[[-83.55615280842385,37.91885969978587],[-83.55599562148475,37.91871799647824],[-83.55599562148475,37.91864714472205],[-83.55606298731578,37.91862943177234],[-83.55606298731578,37.91859400586012],[-83.55615280842385,37.91859400586012],[-83.55622017425489,37.918470015032966],[-83.55637736119398,37.91838145002847],[-83.55651209285605,37.91838145002847],[-83.55669173507218,37.91848772802108],[-83.55648963757905,37.91848772802108],[-83.55630999536294,37.91861171881837],[-83.55630999536294,37.91868257060868],[-83.55622017425489,37.91868257060868],[-83.55613035314683,37.918735709406626],[-83.55610789786981,37.91878884816617],[-83.55615280842385,37.91885969978587]]]}},{"type":"Feature","properties":{"kind":"sunset","strength":0.52,"hard":false,"sector":"ring-r1c5"},"geometry":{"type":"Polygon","coordinates":[[[-83.55601807676177,37.91653927375657],[-83.55601807676177,37.91645070642724],[-83.55619771897787,37.91646841990163],[-83.55613035314683,37.91650384683763],[-83.55615280842385,37.91659241410297],[-83.55601807676177,37.91653927375657]]]}},{"type":"Feature","properties":{"kind":"sunset","strength":0.52,"hard":false,"sector":"ring-r1c5"},"geometry":{"type":"Polygon","coordinates":[[[-83.55642227174799,37.89590020387249],[-83.55642227174799,37.89582933014127],[-83.55666927979517,37.89582933014127],[-83.55653454813307,37.89586476701541],[-83.55660191396412,37.89595335912613],[-83.55642227174799,37.89590020387249]]]}},{"type":"Feature","properties":{"kind":"sunset","strength":0.52,"hard":false,"sector":"ring-r1c5"},"geometry":{"type":"Polygon","coordinates":[[[-83.55693874311932,37.929929426842676],[-83.55707347478142,37.93],[-83.55680401145723,37.93],[-83.55682646673425,37.929929426842676],[-83.55693874311932,37.929929426842676]]]}},{"type":"Feature","properties":{"kind":"sunset","strength":0.52,"hard":false,"sector":"ring-r1c5"},"geometry":{"type":"Polygon","coordinates":[[[-83.55714084061245,37.919922465890814],[-83.55696119839635,37.91979847730322],[-83.5570510195044,37.9198339026353],[-83.55714084061245,37.91981618997138],[-83.55716329588945,37.91976305195408],[-83.55711838533543,37.91969220120462],[-83.55727557227452,37.9198339026353],[-83.55725311699752,37.919922465890814],[-83.55714084061245,37.919922465890814]]]}},{"type":"Feature","properties":{"kind":"sunset","strength":0.52,"hard":false,"sector":"ring-r1c5"},"geometry":{"type":"Polygon","coordinates":[[[-83.55792677530792,37.929947137070684],[-83.55779204364583,37.92985858588795],[-83.55774713309182,37.92991171661039],[-83.55774713309182,37.92980545512711],[-83.55781449892285,37.929770034598555],[-83.55792677530792,37.929770034598555],[-83.55792677530792,37.929947137070684]]]}},{"type":"Feature","properties":{"kind":"sunset","strength":0.52,"hard":false,"sector":"ring-r1c5"},"geometry":{"type":"Polygon","coordinates":[[[-83.55866779944938,37.9211977649456],[-83.55851061251029,37.921056066142675],[-83.55851061251029,37.92094979186132],[-83.55860043361834,37.92079038015134],[-83.55860043361834,37.92068410548606],[-83.55851061251029,37.92054240569347],[-83.55842079140224,37.92048926820085],[-83.55842079140224,37.92040070562786],[-83.55833097029418,37.92031214294822],[-83.55828605974015,37.920152729856106],[-83.55819623863209,37.92008187948204],[-83.55801659641598,37.92002874165668],[-83.55790432003091,37.919922465890814],[-83.55785940947689,37.91972762658788],[-83.55794923058495,37.9198339026353],[-83.558039051693,37.9198339026353],[-83.55817378335507,37.919940178529124],[-83.55837588084822,37.920011029039706],[-83.55844324667925,37.92018815501754],[-83.5585330677873,37.92029443039949],[-83.5585330677873,37.9203652805688],[-83.55857797834132,37.920436130669856],[-83.55864534417236,37.920453843184454],[-83.55878007583446,37.92066639302693],[-83.55878007583446,37.92075495527998],[-83.55862288889536,37.921073778507974],[-83.55866779944938,37.9211977649456]]]}},{"type":"Feature","properties":{"kind":"sunset","strength":0.52,"hard":false,"sector":"ring-r1c5"},"geometry":{"type":"Polygon","coordinates":[[[-83.55806150697002,37.89526233783484],[-83.55810641752404,37.89510287046179],[-83.55824114918612,37.895067433220866],[-83.55851061251029,37.894819372056716],[-83.5586902547264,37.894819372056716],[-83.55871271000342,37.894713059873325],[-83.55884744166549,37.894624466269896],[-83.55904953915862,37.894624466269896],[-83.55922918137472,37.89473077858122],[-83.5590046286046,37.894713059873325],[-83.55884744166549,37.894801653370145],[-83.55880253111148,37.89492568408656],[-83.55862288889536,37.89492568408656],[-83.55848815723327,37.89508515184346],[-83.55812887280105,37.89526233783484],[-83.55812887280105,37.89540408632087],[-83.55806150697002,37.89526233783484]]]}},{"type":"Feature","properties":{"kind":"sunset","strength":0.52,"hard":false,"sector":"ring-r1c5"},"geometry":{"type":"Polygon","coordinates":[[[-83.55833097029418,37.92571427124163],[-83.55824114918612,37.92559029241872],[-83.55817378335507,37.925377756807414],[-83.55819623863209,37.9251120864294],[-83.55824114918612,37.925076663639814],[-83.55824114918612,37.924828703634894],[-83.55830851501716,37.92477556923935],[-83.55842079140224,37.924474473606],[-83.55855552306431,37.92436820426458],[-83.55857797834132,37.92422651157047],[-83.55878007583446,37.924084818603326],[-83.55882498638847,37.92401397201737],[-83.55891480749654,37.923978548698805],[-83.55895971805056,37.923836855253874],[-83.55907199443563,37.92381914355406],[-83.55925163665174,37.92394312536317],[-83.55916181554367,37.92390770201045],[-83.55909444971265,37.92392541368895],[-83.5590270838816,37.924084818603326],[-83.55893726277355,37.9241202418707],[-83.55891480749654,37.92417337673978],[-83.55871271000342,37.924315069536284],[-83.55866779944938,37.924474473606],[-83.55855552306431,37.9245630312732],[-83.55846570195625,37.92470472331888],[-83.55842079140224,37.92488183799206],[-83.55835342557118,37.92495268374187],[-83.55835342557118,37.92520064332872],[-83.55830851501716,37.92523606605859],[-83.55828605974015,37.92543089076783],[-83.55842079140224,37.92576740495888],[-83.55833097029418,37.92571427124163]]]}},{"type":"Feature","properties":{"kind":"sunset","strength":0.52,"hard":false,"sector":"ring-r1c5"},"geometry":{"type":"Polygon","coordinates":[[[-83.55846570195625,37.92989400637384],[-83.55860043361834,37.92980545512711],[-83.55871271000342,37.92980545512711],[-83.55873516528042,37.929840875638604],[-83.55860043361834,37.93],[-83.55860043361834,37.92989400637384],[-83.55846570195625,37.92989400637384]]]}},{"type":"Feature","properties":{"kind":"sunset","strength":0.52,"hard":false,"sector":"ring-r1c5"},"geometry":{"type":"Polygon","coordinates":[[[-83.55866779944938,37.91707067549303],[-83.5586902547264,37.91728323511265],[-83.55866779944938,37.91728323511265],[-83.55866779944938,37.91707067549303]]]}},{"type":"Feature","properties":{"kind":"sunset","strength":0.52,"hard":false,"sector":"ring-r1c5"},"geometry":{"type":"Polygon","coordinates":[[[-83.55884744166549,37.91671640809528],[-83.55891480749654,37.916858115259146],[-83.55880253111148,37.91680497510468],[-83.55875762055744,37.916964395452865],[-83.55875762055744,37.91675183491185],[-83.55878007583446,37.91671640809528],[-83.55884744166549,37.91671640809528]]]}},{"type":"Feature","properties":{"kind":"sunset","strength":0.52,"hard":false,"sector":"ring-r1c5"},"geometry":{"type":"Polygon","coordinates":[[[-83.55878007583446,37.9260684952981],[-83.55880253111148,37.92624560668642],[-83.55878007583446,37.92624560668642],[-83.55878007583446,37.9260684952981]]]}},{"type":"Feature","properties":{"kind":"sunset","strength":0.52,"hard":false,"sector":"ring-r1c5"},"geometry":{"type":"Polygon","coordinates":[[[-83.55884744166549,37.926281028912896],[-83.55889235221952,37.926334162220606],[-83.55895971805056,37.926281028912896],[-83.55895971805056,37.92642271764815],[-83.5588698969425,37.92642271764815],[-83.55882498638847,37.926316451122304],[-83.55884744166549,37.926281028912896]]]}},{"type":"Feature","properties":{"kind":"sunset","strength":0.52,"hard":false,"sector":"ring-r1c5"},"geometry":{"type":"Polygon","coordinates":[[[-83.55976810802306,37.92899077865294],[-83.559678286915,37.92906162044383],[-83.55956601052993,37.92930956617443],[-83.55938636831382,37.92941582837443],[-83.55929654720576,37.929699193490244],[-83.55922918137472,37.92973461405293],[-83.55916181554367,37.92989400637384],[-83.55907199443563,37.92991171661039],[-83.5590046286046,37.93],[-83.55884744166549,37.93],[-83.55889235221952,37.92985858588795],[-83.55907199443563,37.929770034598555],[-83.55911690498966,37.9296637729105],[-83.5592067260977,37.9295929316998],[-83.55927409192876,37.92930956617443],[-83.55947618942189,37.92915017258645],[-83.55956601052993,37.92913246216647],[-83.559655831638,37.92902619955691],[-83.55976810802306,37.92899077865294]]]}},{"type":"Feature","properties":{"kind":"sunset","strength":0.52,"hard":false,"sector":"ring-r1c5"},"geometry":{"type":"Polygon","coordinates":[[[-83.55927409192876,37.92254388995662],[-83.55911690498966,37.922402193747374],[-83.55911690498966,37.92231363347794],[-83.5590270838816,37.9222782093403],[-83.55904953915862,37.92210108839619],[-83.55916181554367,37.92197710348148],[-83.5591842708207,37.922118800509786],[-83.55913936026668,37.92215422472421],[-83.55913936026668,37.922225073101856],[-83.55929654720576,37.92238448170201],[-83.55922918137472,37.922437617825274],[-83.55927409192876,37.92254388995662]]]}},{"type":"Feature","properties":{"kind":"sunset","strength":0.52,"hard":false,"sector":"ring-r1c5"},"geometry":{"type":"Polygon","coordinates":[[[-83.55911690498966,37.92185311835775],[-83.55913936026668,37.921675996389816],[-83.55913936026668,37.92185311835775],[-83.55911690498966,37.92185311835775]]]}},{"type":"Feature","properties":{"kind":"sunset","strength":0.52,"hard":false,"sector":"ring-r1c5"},"geometry":{"type":"Polygon","coordinates":[[[-83.55936391303682,37.89446499751502],[-83.55954355525292,37.89411062126739],[-83.5598579291311,37.89393343250383],[-83.56019475828633,37.89363221062702],[-83.56037440050243,37.89363221062702],[-83.56041931105646,37.893508177731256],[-83.56050913216453,37.89345502071196],[-83.56050913216453,37.89341958267778],[-83.56075614021167,37.89331326847286],[-83.56086841659673,37.89322467318481],[-83.56089087187375,37.893100639602416],[-83.56102560353582,37.89308292050215],[-83.56116033519793,37.89313607779014],[-83.56102560353582,37.893153796877606],[-83.56095823770478,37.89336642559451],[-83.5606438638266,37.893508177731256],[-83.5606438638266,37.89354361572281],[-83.56055404271854,37.89359677267812],[-83.56050913216453,37.89372080542461],[-83.5603070346714,37.89373852437134],[-83.56006002662423,37.89398658917768],[-83.559678286915,37.89419921548922],[-83.55954355525292,37.89446499751502],[-83.55938636831382,37.894606747536415],[-83.55940882359084,37.894819372056716],[-83.5593414577598,37.89483709073902],[-83.55936391303682,37.89446499751502]]]}},{"type":"Feature","properties":{"kind":"sunset","strength":0.52,"hard":false,"sector":"ring-r1c5"},"geometry":{"type":"Polygon","coordinates":[[[-83.55956601052993,37.923553467544956],[-83.55974565274605,37.92351804400455],[-83.559678286915,37.92357117930875],[-83.55974565274605,37.9236420263213],[-83.55956601052993,37.92360660282356],[-83.55956601052993,37.923553467544956]]]}},{"type":"Feature","properties":{"kind":"sunset","strength":0.52,"hard":false,"sector":"ring-r1c5"},"geometry":{"type":"Polygon","coordinates":[[[-83.55976810802306,37.897317664166934],[-83.55979056330008,37.89712276499499],[-83.55979056330008,37.897317664166934],[-83.55976810802306,37.897317664166934]]]}},{"type":"Feature","properties":{"kind":"sunset","strength":0.52,"hard":false,"sector":"ring-r1c5"},"geometry":{"type":"Polygon","coordinates":[[[-83.56012739245529,37.897654306975674],[-83.56006002662423,37.89760115295033],[-83.55997020551618,37.89760115295033],[-83.55979056330008,37.89753028085685],[-83.55979056330008,37.89733538224788],[-83.5598579291311,37.89744169064402],[-83.56019475828633,37.89756571691212],[-83.56023966884034,37.897654306975674],[-83.5603294899484,37.897636588971494],[-83.56037440050243,37.897654306975674],[-83.56023966884034,37.89772517894975],[-83.56014984773229,37.89772517894975],[-83.56012739245529,37.897654306975674]]]}},{"type":"Feature","properties":{"kind":"sunset","strength":0.52,"hard":false,"sector":"ring-r1c5"},"geometry":{"type":"Polygon","coordinates":[[[-83.56003757134722,37.92876054236112],[-83.55988038440813,37.92861885813087],[-83.55988038440813,37.92853030534832],[-83.55997020551618,37.92845946304549],[-83.56026212411736,37.92851259477901],[-83.56010493717827,37.92853030534832],[-83.5600151160702,37.92861885813087],[-83.5599926607932,37.928689700280124],[-83.56003757134722,37.92876054236112]]]}},{"type":"Feature","properties":{"kind":"sunset","strength":0.52,"hard":false,"sector":"ring-r1c5"},"geometry":{"type":"Polygon","coordinates":[[[-83.56062140854957,37.91779691832411],[-83.56008248190126,37.91769063933331],[-83.55997020551618,37.91776149201091],[-83.56003757134722,37.917655212968924],[-83.56014984773229,37.91760207339035],[-83.56023966884034,37.91760207339035],[-83.56026212411736,37.91763749978033],[-83.56048667688749,37.91769063933331],[-83.56062140854957,37.91779691832411]]]}},{"type":"Feature","properties":{"kind":"sunset","strength":0.52,"hard":false,"sector":"ring-r1c5"},"geometry":{"type":"Polygon","coordinates":[[[-83.56021721356333,37.92814067183804],[-83.56006002662423,37.92799898641327],[-83.56010493717827,37.92782187924837],[-83.56014984773229,37.927804168508416],[-83.56012739245529,37.92760935008736],[-83.5603294899484,37.927414531150106],[-83.56044176633347,37.927414531150106],[-83.56035194522542,37.92744995281345],[-83.5603070346714,37.92766248243521],[-83.56023966884034,37.92773332550594],[-83.56028457939436,37.92789272216552],[-83.56023966884034,37.92791043288415],[-83.56017230300931,37.92805211847956],[-83.56021721356333,37.92814067183804]]]}},{"type":"Feature","properties":{"kind":"sunset","strength":0.52,"hard":false,"sector":"ring-r1c5"},"geometry":{"type":"Polygon","coordinates":[[[-83.56050913216453,37.927042602654645],[-83.56035194522542,37.926900915113904],[-83.56039685577944,37.926741516304205],[-83.5606438638266,37.926741516304205],[-83.56068877438062,37.92651127296903],[-83.56084596131973,37.92645813978929],[-83.56084596131973,37.92624560668642],[-83.56093578242776,37.92608620645613],[-83.56093578242776,37.92594451707244],[-83.56109296936687,37.92580282741572],[-83.56104805881283,37.92587367227821],[-83.56107051408986,37.92599765062332],[-83.5610031482588,37.92608620645613],[-83.56102560353582,37.926281028912896],[-83.56095823770478,37.926334162220606],[-83.5609806929818,37.92654669506752],[-83.56084596131973,37.926582117148946],[-83.56077859548869,37.926652961260615],[-83.56073368493466,37.92684778221573],[-83.56050913216453,37.92684778221573],[-83.56050913216453,37.92691862607142],[-83.56046422161049,37.92695404797368],[-83.56050913216453,37.927042602654645]]]}},{"type":"Feature","properties":{"kind":"sunset","strength":0.52,"hard":false,"sector":"ring-r1c5"},"geometry":{"type":"Polygon","coordinates":[[[-83.56041931105646,37.89108063470355],[-83.56041931105646,37.890814840459115],[-83.56053158744153,37.890726242164405],[-83.56048667688749,37.890885719018115],[-83.56055404271854,37.890992036728676],[-83.5606663191036,37.89104519552639],[-83.56077859548869,37.89100975633218],[-83.56082350604271,37.891027475931416],[-83.5606438638266,37.89113379343727],[-83.56050913216453,37.89113379343727],[-83.56041931105646,37.89108063470355]]]}},{"type":"Feature","properties":{"kind":"sunset","strength":0.52,"hard":false,"sector":"ring-r1c5"},"geometry":{"type":"Polygon","coordinates":[[[-83.56041931105646,37.8979555123942],[-83.56048667688749,37.897778332885515],[-83.56057649799554,37.89772517894975],[-83.56053158744153,37.89779605085557],[-83.56055404271854,37.897866922693176],[-83.56062140854957,37.89790235858637],[-83.56068877438062,37.897866922693176],[-83.56073368493466,37.89788464064191],[-83.56055404271854,37.897990948244754],[-83.56046422161049,37.897990948244754],[-83.56041931105646,37.8979555123942]]]}},{"type":"Feature","properties":{"kind":"sunset","strength":0.52,"hard":false,"sector":"ring-r1c5"},"geometry":{"type":"Polygon","coordinates":[[[-83.56140734324507,37.892604503183094],[-83.56125015630596,37.892462749306304],[-83.56125015630596,37.89232099515657],[-83.56129506686,37.89221467936514],[-83.56138488796805,37.89221467936514],[-83.56154207490715,37.89232099515657],[-83.56145225379909,37.89230327586866],[-83.56138488796805,37.8923741529947],[-83.56136243269103,37.89253362627882],[-83.56140734324507,37.892604503183094]]]}},{"type":"Feature","properties":{"kind":"sunset","strength":0.52,"hard":false,"sector":"ring-r1c5"},"geometry":{"type":"Polygon","coordinates":[[[-83.56138488796805,37.891789414664125],[-83.56149716435313,37.891665378663596],[-83.5616543512922,37.891665378663596],[-83.56187890406235,37.891789414664125],[-83.56158698546116,37.891700817542215],[-83.56149716435313,37.891807134075705],[-83.56149716435313,37.891931169837406],[-83.56154207490715,37.89196660858808],[-83.56149716435313,37.891984327957026],[-83.56138488796805,37.89196660858808],[-83.56138488796805,37.891789414664125]]]}},{"type":"Feature","properties":{"kind":"sunset","strength":0.52,"hard":false,"sector":"ring-r1c5"},"geometry":{"type":"Polygon","coordinates":[[[-83.56167680656922,37.919054541388064],[-83.56158698546116,37.919054541388064],[-83.56158698546116,37.9190191156806],[-83.56169926184624,37.918948264214485],[-83.56201363572443,37.918948264214485],[-83.56214836738653,37.91903682853647],[-83.56214836738653,37.91908996707848],[-83.56212591210951,37.919054541388064],[-83.56203609100145,37.91903682853647],[-83.56194626989338,37.919054541388064],[-83.56190135933937,37.91912539275181],[-83.56178908295429,37.91912539275181],[-83.56167680656922,37.919054541388064]]]}},{"type":"Feature","properties":{"kind":"sunset","strength":0.52,"hard":false,"sector":"ring-r1c5"},"geometry":{"type":"Polygon","coordinates":[[[-83.56187890406235,37.891594500855184],[-83.56183399350833,37.891417306035635],[-83.5616543512922,37.89138186702054],[-83.56160944073818,37.891257830333394],[-83.56172171712326,37.89132870846593],[-83.56190135933937,37.891346427988395],[-83.56194626989338,37.89138186702054],[-83.56194626989338,37.891665378663596],[-83.56187890406235,37.891594500855184]]]}},{"type":"Feature","properties":{"kind":"sunset","strength":0.52,"hard":false,"sector":"ring-r1c5"},"geometry":{"type":"Polygon","coordinates":[[[-83.56277711514291,37.89680383796412],[-83.5626423834808,37.896591219175846],[-83.56255256237277,37.896538064382824],[-83.56255256237277,37.8964494729758],[-83.56235046487964,37.89636088146217],[-83.56221573321756,37.89613054302772],[-83.56228309904859,37.89618369811503],[-83.56239537543367,37.89616597975686],[-83.56253010709575,37.89630772650281],[-83.56266483875783,37.89632544482687],[-83.56266483875783,37.896414036383156],[-83.56277711514291,37.89650262783282],[-83.56277711514291,37.89657350091577],[-83.56288939152797,37.89669752864676],[-83.56297921263601,37.89671524687699],[-83.56306903374407,37.89667981041227],[-83.56288939152797,37.89680383796412],[-83.56277711514291,37.89680383796412]]]}},{"type":"Feature","properties":{"kind":"sunset","strength":0.52,"hard":false,"sector":"ring-r1c5"},"geometry":{"type":"Polygon","coordinates":[[[-83.56270974931185,37.91916081840809],[-83.5626423834808,37.91908996707848],[-83.56255256237277,37.91908996707848],[-83.56250765181873,37.919054541388064],[-83.56244028598769,37.91908996707848],[-83.56239537543367,37.91907225423541],[-83.56257501764979,37.918965977087424],[-83.56279957041991,37.91900140282047],[-83.56284448097394,37.91903682853647],[-83.56284448097394,37.91910767991728],[-83.56268729403484,37.91924938247411],[-83.56270974931185,37.91916081840809]]]}},{"type":"Feature","properties":{"kind":"sunset","strength":0.52,"hard":false,"sector":"ring-r1c5"},"geometry":{"type":"Polygon","coordinates":[[[-83.56372023677747,37.91955049950093],[-83.56367532622345,37.91953278676878],[-83.56367532622345,37.919461935797486],[-83.56372023677747,37.919461935797486],[-83.56372023677747,37.91955049950093]]]}},{"type":"Feature","properties":{"kind":"sunset","strength":0.52,"hard":false,"sector":"ring-r1c5"},"geometry":{"type":"Polygon","coordinates":[[[-83.5639223342706,37.918877412680125],[-83.56394478954763,37.918965977087424],[-83.56385496843957,37.918948264214485],[-83.56381005788553,37.919054541388064],[-83.56378760260851,37.91885969978587],[-83.5639223342706,37.918877412680125]]]}},{"type":"Feature","properties":{"kind":"sunset","strength":0.52,"hard":false,"sector":"ring-r1c5"},"geometry":{"type":"Polygon","coordinates":[[[-83.56407952120969,37.921268614244674],[-83.56398970010166,37.9211977649456],[-83.56412443176372,37.921268614244674],[-83.56419179759477,37.921268614244674],[-83.5642367081488,37.9211977649456],[-83.5642367081488,37.92135717577254],[-83.56410197648671,37.92135717577254],[-83.56407952120969,37.921268614244674]]]}},{"type":"Feature","properties":{"kind":"sunset","strength":0.52,"hard":false,"sector":"ring-r1c5"},"geometry":{"type":"Polygon","coordinates":[[[-83.5642591634258,37.89439412240197],[-83.56428161870284,37.89457131005665],[-83.5642591634258,37.89457131005665],[-83.5642591634258,37.89439412240197]]]}},{"type":"Feature","properties":{"kind":"sunset","strength":0.52,"hard":false,"sector":"ring-r1c5"},"geometry":{"type":"Polygon","coordinates":[[[-83.5642591634258,37.89457131005665],[-83.5642591634258,37.894713059873325],[-83.56414688704074,37.894713059873325],[-83.56412443176372,37.89457131005665],[-83.56416934231775,37.894624466269896],[-83.5642591634258,37.89457131005665]]]}},{"type":"Feature","properties":{"kind":"sunset","strength":0.52,"hard":false,"sector":"ring-r1c5"},"geometry":{"type":"Polygon","coordinates":[[[-83.56473072424309,37.93],[-83.56461844785804,37.92987629613303],[-83.56475317952011,37.92991171661039],[-83.56484300062817,37.929982557513924],[-83.56500000000001,37.93],[-83.56473072424309,37.93]]]}},{"type":"Feature","properties":{"kind":"sunset","strength":0.52,"hard":false,"sector":"ring-r1c5"},"geometry":{"type":"Polygon","coordinates":[[[-83.56500000000001,37.91868257060868],[-83.56475317952011,37.918806561077496],[-83.56482054535115,37.918948264214485],[-83.56479809007413,37.91903682853647],[-83.56484300062817,37.91908996707848],[-83.56482054535115,37.91912539275181],[-83.56468581368908,37.918983689956086],[-83.5647082689661,37.918877412680125],[-83.56464090313504,37.91878884816617],[-83.56464090313504,37.91868257060868],[-83.56475317952011,37.91861171881837],[-83.56484300062817,37.91861171881837],[-83.56493282173622,37.918523153984495],[-83.56500000000001,37.918523153984495],[-83.56500000000001,37.91868257060868]]]}},{"type":"Feature","properties":{"kind":"sunset","strength":0.68,"hard":false,"sector":"ring-r1c5"},"geometry":{"type":"Polygon","coordinates":[[[-83.55476058124898,37.89864650840285],[-83.55464830486392,37.8985579195335],[-83.55487285763407,37.89859335509403],[-83.55487285763407,37.89846933055752],[-83.55503004457314,37.89862879063751],[-83.55498513401913,37.89869966167328],[-83.55476058124898,37.89864650840285]]]}},{"type":"Feature","properties":{"kind":"sunset","strength":0.68,"hard":false,"sector":"ring-r1c5"},"geometry":{"type":"Polygon","coordinates":[[[-83.55529950789733,37.8966443739305],[-83.55529950789733,37.896431754681615],[-83.55545669483641,37.89646719126574],[-83.55559142649851,37.89655578265144],[-83.55536687372835,37.89655578265144],[-83.55534441845134,37.89666209217352],[-83.55538932900537,37.89671524687699],[-83.55529950789733,37.8966443739305]]]}},{"type":"Feature","properties":{"kind":"sunset","strength":0.68,"hard":false,"sector":"ring-r1c5"},"geometry":{"type":"Polygon","coordinates":[[[-83.55592825565371,37.91949736129166],[-83.55606298731578,37.91923166966944],[-83.55624262953191,37.91907225423541],[-83.55606298731578,37.919355659212584],[-83.55606298731578,37.91956821222881],[-83.55617526370085,37.91963906309773],[-83.55622017425489,37.919621350386905],[-83.55646718230203,37.91963906309773],[-83.55595071093072,37.91965677580429],[-83.55592825565371,37.91949736129166]]]}},{"type":"Feature","properties":{"kind":"sunset","strength":0.68,"hard":false,"sector":"ring-r1c5"},"geometry":{"type":"Polygon","coordinates":[[[-83.55624262953191,37.91893055133729],[-83.55610789786981,37.91878884816617],[-83.55613035314683,37.918735709406626],[-83.55622017425489,37.91868257060868],[-83.55630999536294,37.91868257060868],[-83.55630999536294,37.91861171881837],[-83.55653454813307,37.918470015032966],[-83.55669173507218,37.918505441004925],[-83.55682646673425,37.91859400586012],[-83.55660191396412,37.91859400586012],[-83.55644472702502,37.9187002835456],[-83.55642227174799,37.91878884816617],[-83.55633245063996,37.91878884816617],[-83.55624262953191,37.91885969978587],[-83.55624262953191,37.91893055133729]]]}},{"type":"Feature","properties":{"kind":"sunset","strength":0.68,"hard":false,"sector":"ring-r1c5"},"geometry":{"type":"Polygon","coordinates":[[[-83.55613035314683,37.91655698720964],[-83.55613035314683,37.91650384683763],[-83.55630999536294,37.91639756597846],[-83.55626508480891,37.91645070642724],[-83.55626508480891,37.91655698720964],[-83.55628754008592,37.91659241410297],[-83.55642227174799,37.916627840979245],[-83.55619771897787,37.916610127543244],[-83.55613035314683,37.91655698720964]]]}},{"type":"Feature","properties":{"kind":"sunset","strength":0.68,"hard":false,"sector":"ring-r1c5"},"geometry":{"type":"Polygon","coordinates":[[[-83.55671419034918,37.896006514341394],[-83.55653454813307,37.89590020387249],[-83.55655700341009,37.89584704858047],[-83.55700610895038,37.89588248544609],[-83.55669173507218,37.89588248544609],[-83.55666927979517,37.89595335912613],[-83.55671419034918,37.896006514341394]]]}},{"type":"Feature","properties":{"kind":"sunset","strength":0.68,"hard":false,"sector":"ring-r1c5"},"geometry":{"type":"Polygon","coordinates":[[[-83.55693874311932,37.91978076463078],[-83.55682646673425,37.91969220120462],[-83.5568938325653,37.91972762658788],[-83.55702856422738,37.91970991389838],[-83.55702856422738,37.91963906309773],[-83.55698365367336,37.919621350386905],[-83.55700610895038,37.91958592495244],[-83.55716329588945,37.91978076463078],[-83.55709593005842,37.9198339026353],[-83.55693874311932,37.91978076463078]]]}},{"type":"Feature","properties":{"kind":"sunset","strength":0.68,"hard":false,"sector":"ring-r1c5"},"geometry":{"type":"Polygon","coordinates":[[[-83.55772467781482,37.93],[-83.55779204364583,37.92985858588795],[-83.55783695419987,37.92985858588795],[-83.55790432003091,37.929947137070684],[-83.55799414113898,37.929982557513924],[-83.55794923058495,37.93],[-83.55792677530792,37.92996484729444],[-83.55781449892285,37.92996484729444],[-83.55772467781482,37.93]]]}},{"type":"Feature","properties":{"kind":"sunset","strength":0.68,"hard":false,"sector":"ring-r1c5"},"geometry":{"type":"Polygon","coordinates":[[[-83.55880253111148,37.92130403886861],[-83.55862288889536,37.921126915578256],[-83.55862288889536,37.921073778507974],[-83.55878007583446,37.92075495527998],[-83.55878007583446,37.92066639302693],[-83.55864534417236,37.920453843184454],[-83.55857797834132,37.920436130669856],[-83.5585330677873,37.9203652805688],[-83.5585330677873,37.92029443039949],[-83.55844324667925,37.92018815501754],[-83.55837588084822,37.920011029039706],[-83.5578818647539,37.91978076463078],[-83.55785940947689,37.91953278676878],[-83.55790432003091,37.91965677580429],[-83.55806150697002,37.91972762658788],[-83.55819623863209,37.91974533927311],[-83.5582186939091,37.91979847730322],[-83.5585330677873,37.919940178529124],[-83.55857797834132,37.92009959208195],[-83.55866779944938,37.92020586759187],[-83.55866779944938,37.9202767178465],[-83.55871271000342,37.92034756803287],[-83.55878007583446,37.9203652805688],[-83.55893726277355,37.92061325562389],[-83.55898217332758,37.92077266771779],[-83.5588698969425,37.9208789422551],[-83.55880253111148,37.921126915578256],[-83.55875762055744,37.921162340270456],[-83.55875762055744,37.92125090192631],[-83.55880253111148,37.92130403886861]]]}},{"type":"Feature","properties":{"kind":"sunset","strength":0.68,"hard":false,"sector":"ring-r1c5"},"geometry":{"type":"Polygon","coordinates":[[[-83.5578818647539,37.919302520862544],[-83.55790432003091,37.919515074032354],[-83.5578818647539,37.919515074032354],[-83.5578818647539,37.919302520862544]]]}},{"type":"Feature","properties":{"kind":"sunset","strength":0.68,"hard":false,"sector":"ring-r1c5"},"geometry":{"type":"Polygon","coordinates":[[[-83.55940882359084,37.894819372056716],[-83.55938636831382,37.894606747536415],[-83.55954355525292,37.89446499751502],[-83.559678286915,37.89419921548922],[-83.56006002662423,37.89398658917768],[-83.5603070346714,37.89373852437134],[-83.56050913216453,37.89372080542461],[-83.56055404271854,37.89359677267812],[-83.5606438638266,37.89354361572281],[-83.5606438638266,37.893508177731256],[-83.56095823770478,37.89336642559451],[-83.56102560353582,37.893153796877606],[-83.56122770102895,37.893153796877606],[-83.56116033519793,37.89318923503974],[-83.56109296936687,37.89345502071196],[-83.5609806929818,37.893525896729166],[-83.56082350604271,37.893561334712174],[-83.56068877438062,37.893685367518366],[-83.56062140854957,37.893827119040985],[-83.56041931105646,37.89384483796213],[-83.56014984773229,37.89411062126739],[-83.56010493717827,37.89411062126739],[-83.55992529496216,37.89425237197115],[-83.5598579291311,37.89425237197115],[-83.55963337636096,37.894606747536415],[-83.55945373414487,37.894713059873325],[-83.55943127886786,37.89483709073902],[-83.5593414577598,37.894854809417055],[-83.55940882359084,37.894819372056716]]]}},{"type":"Feature","properties":{"kind":"sunset","strength":0.68,"hard":false,"sector":"ring-r1c5"},"geometry":{"type":"Polygon","coordinates":[[[-83.5593414577598,37.89483709073902],[-83.55911690498966,37.894819372056716],[-83.55895971805056,37.89490796542558],[-83.55895971805056,37.89501427732748],[-83.55875762055744,37.89501427732748],[-83.55857797834132,37.89520918208221],[-83.55819623863209,37.89538636777505],[-83.55824114918612,37.89551039750628],[-83.55812887280105,37.895421804862444],[-83.55812887280105,37.89526233783484],[-83.55848815723327,37.89508515184346],[-83.55862288889536,37.89492568408656],[-83.55880253111148,37.89492568408656],[-83.55882498638847,37.89483709073902],[-83.55891480749654,37.894748497284844],[-83.55913936026668,37.894713059873325],[-83.5593414577598,37.89483709073902]]]}},{"type":"Feature","properties":{"kind":"sunset","strength":0.68,"hard":false,"sector":"ring-r1c5"},"geometry":{"type":"Polygon","coordinates":[[[-83.55855552306431,37.92587367227821],[-83.55837588084822,37.92569655999401],[-83.55828605974015,37.92543089076783],[-83.55830851501716,37.92523606605859],[-83.55835342557118,37.92520064332872],[-83.55835342557118,37.92495268374187],[-83.55842079140224,37.92488183799206],[-83.55846570195625,37.92470472331888],[-83.55855552306431,37.9245630312732],[-83.55866779944938,37.924474473606],[-83.55871271000342,37.924315069536284],[-83.55891480749654,37.92417337673978],[-83.55893726277355,37.9241202418707],[-83.5590270838816,37.924084818603326],[-83.55909444971265,37.92392541368895],[-83.55916181554367,37.92390770201045],[-83.55938636831382,37.92404939531888],[-83.55922918137472,37.92401397201737],[-83.55916181554367,37.92417337673978],[-83.55904953915862,37.92422651157047],[-83.5590046286046,37.924315069536284],[-83.55884744166549,37.924403627395456],[-83.55878007583446,37.924598454310214],[-83.5586902547264,37.924651588833754],[-83.55860043361834,37.9247932807088],[-83.55855552306431,37.92497039516867],[-83.55848815723327,37.92504124083316],[-83.55848815723327,37.925271488771386],[-83.55842079140224,37.92543089076783],[-83.55842079140224,37.92557258114124],[-83.55855552306431,37.92587367227821]]]}},{"type":"Feature","properties":{"kind":"sunset","strength":0.68,"hard":false,"sector":"ring-r1c5"},"geometry":{"type":"Polygon","coordinates":[[[-83.55835342557118,37.93],[-83.55851061251029,37.92989400637384],[-83.55860043361834,37.92989400637384],[-83.55857797834132,37.93],[-83.55835342557118,37.93]]]}},{"type":"Feature","properties":{"kind":"sunset","strength":0.68,"hard":false,"sector":"ring-r1c5"},"geometry":{"type":"Polygon","coordinates":[[[-83.55880253111148,37.916822688493774],[-83.55884744166549,37.91680497510468],[-83.55891480749654,37.916858115259146],[-83.55891480749654,37.916964395452865],[-83.55889235221952,37.91691125537519],[-83.55880253111148,37.91691125537519],[-83.55878007583446,37.916964395452865],[-83.55880253111148,37.916822688493774]]]}},{"type":"Feature","properties":{"kind":"sunset","strength":0.68,"hard":false,"sector":"ring-r1c5"},"geometry":{"type":"Polygon","coordinates":[[[-83.55878007583446,37.917336374921575],[-83.5590270838816,37.917354088182684],[-83.55878007583446,37.917354088182684],[-83.55878007583446,37.917336374921575]]]}},{"type":"Feature","properties":{"kind":"sunset","strength":0.68,"hard":false,"sector":"ring-r1c5"},"geometry":{"type":"Polygon","coordinates":[[[-83.55882498638847,37.926281028912896],[-83.55880253111148,37.926174762182285],[-83.55882498638847,37.92622789556679],[-83.55893726277355,37.92622789556679],[-83.5590046286046,37.92619247331472],[-83.55891480749654,37.926334162220606],[-83.55882498638847,37.926281028912896]]]}},{"type":"Feature","properties":{"kind":"sunset","strength":0.68,"hard":false,"sector":"ring-r1c5"},"geometry":{"type":"Polygon","coordinates":[[[-83.55907199443563,37.92991171661039],[-83.55916181554367,37.92989400637384],[-83.55922918137472,37.92973461405293],[-83.55929654720576,37.929699193490244],[-83.55938636831382,37.92941582837443],[-83.55961092108396,37.929256435016825],[-83.559678286915,37.92906162044383],[-83.5598579291311,37.92893764726497],[-83.5600151160702,37.92890222631833],[-83.55988038440813,37.92902619955691],[-83.55972319746903,37.92938040765816],[-83.55958846580694,37.92945124907363],[-83.55956601052993,37.929504380090435],[-83.5595210999759,37.929504380090435],[-83.55940882359084,37.929770034598555],[-83.55929654720576,37.92987629613303],[-83.55927409192876,37.929982557513924],[-83.5590046286046,37.93],[-83.55907199443563,37.92991171661039]]]}},{"type":"Feature","properties":{"kind":"sunset","strength":0.68,"hard":false,"sector":"ring-r1c5"},"geometry":{"type":"Polygon","coordinates":[[[-83.55940882359084,37.92265016193439],[-83.55922918137472,37.92247304188612],[-83.55929654720576,37.92238448170201],[-83.55913936026668,37.922225073101856],[-83.5592067260977,37.921923967025464],[-83.55922918137472,37.92197710348148],[-83.55936391303682,37.92201252776415],[-83.55936391303682,37.92206566415617],[-83.55927409192876,37.922171936825016],[-83.55927409192876,37.92229592141125],[-83.55940882359084,37.922455329857826],[-83.55940882359084,37.9225084659299],[-83.55936391303682,37.92252617794539],[-83.55940882359084,37.92265016193439]]]}},{"type":"Feature","properties":{"kind":"sunset","strength":0.68,"hard":false,"sector":"ring-r1c5"},"geometry":{"type":"Polygon","coordinates":[[[-83.5598579291311,37.923730584991006],[-83.559678286915,37.92357117930875],[-83.55990283968514,37.92339406147877],[-83.55981301857709,37.923588891068285],[-83.55981301857709,37.92367744980198],[-83.5598579291311,37.923730584991006]]]}},{"type":"Feature","properties":{"kind":"sunset","strength":0.68,"hard":false,"sector":"ring-r1c5"},"geometry":{"type":"Polygon","coordinates":[[[-83.55976810802306,37.89692786530699],[-83.55979056330008,37.89712276499499],[-83.55976810802306,37.89712276499499],[-83.55976810802306,37.89692786530699]]]}},{"type":"Feature","properties":{"kind":"sunset","strength":0.68,"hard":false,"sector":"ring-r1c5"},"geometry":{"type":"Polygon","coordinates":[[[-83.56019475828633,37.89756571691212],[-83.56012739245529,37.89753028085685],[-83.56006002662423,37.89753028085685],[-83.55981301857709,37.89740625452903],[-83.55979056330008,37.89719363748086],[-83.55981301857709,37.89726450989849],[-83.55990283968514,37.897282227992235],[-83.56014984773229,37.897459408695106],[-83.56023966884034,37.89747712674194],[-83.5603294899484,37.89758343493335],[-83.56041931105646,37.89760115295033],[-83.5603294899484,37.897654306975674],[-83.56023966884034,37.897654306975674],[-83.56019475828633,37.89756571691212]]]}},{"type":"Feature","properties":{"kind":"sunset","strength":0.68,"hard":false,"sector":"ring-r1c5"},"geometry":{"type":"Polygon","coordinates":[[[-83.5598579291311,37.917974049634175],[-83.55983547385411,37.918186606643175],[-83.55983547385411,37.917974049634175],[-83.5598579291311,37.917974049634175]]]}},{"type":"Feature","properties":{"kind":"sunset","strength":0.68,"hard":false,"sector":"ring-r1c5"},"geometry":{"type":"Polygon","coordinates":[[[-83.56055404271854,37.917832344620244],[-83.56019475828633,37.91779691832411],[-83.56012739245529,37.917850057761925],[-83.55994775023916,37.917850057761925],[-83.55988038440813,37.91788548403247],[-83.55988038440813,37.917832344620244],[-83.56008248190126,37.91769063933331],[-83.56053158744153,37.91776149201091],[-83.56075614021167,37.91790319716133],[-83.56055404271854,37.917832344620244]]]}},{"type":"Feature","properties":{"kind":"sunset","strength":0.68,"hard":false,"sector":"ring-r1c5"},"geometry":{"type":"Polygon","coordinates":[[[-83.56003757134722,37.92876054236112],[-83.5599926607932,37.92865427921403],[-83.56008248190126,37.928548015913364],[-83.56026212411736,37.92853030534832],[-83.56021721356333,37.92856572647413],[-83.56021721356333,37.9286719897492],[-83.56012739245529,37.92872512132915],[-83.56012739245529,37.92886680535462],[-83.56010493717827,37.92879596337601],[-83.56003757134722,37.92876054236112]]]}},{"type":"Feature","properties":{"kind":"sunset","strength":0.68,"hard":false,"sector":"ring-r1c5"},"geometry":{"type":"Polygon","coordinates":[[[-83.56035194522542,37.92824693572743],[-83.56017230300931,37.92805211847956],[-83.56023966884034,37.92791043288415],[-83.56028457939436,37.92789272216552],[-83.56023966884034,37.92773332550594],[-83.5603070346714,37.92766248243521],[-83.5603070346714,37.92755621770111],[-83.56037440050243,37.92743224198391],[-83.56053158744153,37.927414531150106],[-83.56059895327256,37.92736139862307],[-83.56048667688749,37.927485374459735],[-83.56044176633347,37.927751036262954],[-83.56037440050243,37.927804168508416],[-83.56039685577944,37.92799898641327],[-83.56035194522542,37.92803440779506],[-83.56035194522542,37.92810525050745],[-83.5603070346714,37.92812296117487],[-83.56035194522542,37.92824693572743]]]}},{"type":"Feature","properties":{"kind":"sunset","strength":0.68,"hard":false,"sector":"ring-r1c5"},"geometry":{"type":"Polygon","coordinates":[[[-83.5606438638266,37.927148868131034],[-83.56046422161049,37.92697175891841],[-83.56050913216453,37.92684778221573],[-83.56073368493466,37.92684778221573],[-83.56077859548869,37.926652961260615],[-83.56084596131973,37.926582117148946],[-83.5609806929818,37.92654669506752],[-83.56095823770478,37.926334162220606],[-83.56102560353582,37.926281028912896],[-83.5610031482588,37.92608620645613],[-83.56107051408986,37.92599765062332],[-83.56104805881283,37.92587367227821],[-83.56118279047493,37.92566113748598],[-83.56116033519793,37.92582053863774],[-83.56129506686,37.92592680588027],[-83.56125015630596,37.92592680588027],[-83.56113787992089,37.92603307296924],[-83.56116033519793,37.926210184442894],[-83.56113787992089,37.92638729548993],[-83.56109296936687,37.92642271764815],[-83.56109296936687,37.92667067227786],[-83.56095823770478,37.926688383290845],[-83.56089087187375,37.92675922730012],[-83.56086841659673,37.926936337024685],[-83.5606438638266,37.926936337024685],[-83.56059895327256,37.92702489172699],[-83.5606438638266,37.927148868131034]]]}},{"type":"Feature","properties":{"kind":"sunset","strength":0.68,"hard":false,"sector":"ring-r1c5"},"geometry":{"type":"Polygon","coordinates":[[[-83.56055404271854,37.890992036728676],[-83.56048667688749,37.890885719018115],[-83.56048667688749,37.8907971208087],[-83.5606663191036,37.890619924070016],[-83.56062140854957,37.8906730831364],[-83.56062140854957,37.8907971208087],[-83.56068877438062,37.8909034386472],[-83.56077859548869,37.890938877892594],[-83.56089087187375,37.890938877892594],[-83.56091332715076,37.8909034386472],[-83.56095823770478,37.89092115827203],[-83.56073368493466,37.89104519552639],[-83.56055404271854,37.890992036728676]]]}},{"type":"Feature","properties":{"kind":"sunset","strength":0.68,"hard":false,"sector":"ring-r1c5"},"geometry":{"type":"Polygon","coordinates":[[[-83.56053158744153,37.897831486782906],[-83.56057649799554,37.89772517894975],[-83.56068877438062,37.89761887096304],[-83.56068877438062,37.897778332885515],[-83.56080105076569,37.89779605085557],[-83.56086841659673,37.89776061491119],[-83.5606438638266,37.89790235858637],[-83.56053158744153,37.897831486782906]]]}},{"type":"Feature","properties":{"kind":"sunset","strength":0.68,"hard":false,"sector":"ring-r1c5"},"geometry":{"type":"Polygon","coordinates":[[[-83.56125015630596,37.89077940115403],[-83.56127261158296,37.89095659750888],[-83.56125015630596,37.89095659750888],[-83.56125015630596,37.89077940115403]]]}},{"type":"Feature","properties":{"kind":"sunset","strength":0.68,"hard":false,"sector":"ring-r1c5"},"geometry":{"type":"Polygon","coordinates":[[[-83.56205854627846,37.89175397582815],[-83.56192381461639,37.891594500855184],[-83.56194626989338,37.89138186702054],[-83.56190135933937,37.891346427988395],[-83.5616318960152,37.89129326940819],[-83.56158698546116,37.891204671689216],[-83.56133997741402,37.891027475931416],[-83.56147470907611,37.8910629151171],[-83.5616318960152,37.891222391241556],[-83.56174417240027,37.891222391241556],[-83.56203609100145,37.89131098893919],[-83.56201363572443,37.891683098105034],[-83.56205854627846,37.89175397582815]]]}},{"type":"Feature","properties":{"kind":"sunset","strength":0.68,"hard":false,"sector":"ring-r1c5"},"geometry":{"type":"Polygon","coordinates":[[[-83.5616318960152,37.8923741529947],[-83.56156453018416,37.8923741529947],[-83.56154207490715,37.892391872265556],[-83.56149716435313,37.89253362627882],[-83.56149716435313,37.892657660816525],[-83.56154207490715,37.892675380019135],[-83.56151961963013,37.892710818411565],[-83.56136243269103,37.89253362627882],[-83.56138488796805,37.8923741529947],[-83.56145225379909,37.89230327586866],[-83.5616318960152,37.8923741529947]]]}},{"type":"Feature","properties":{"kind":"sunset","strength":0.68,"hard":false,"sector":"ring-r1c5"},"geometry":{"type":"Polygon","coordinates":[[[-83.56167680656922,37.892090644081094],[-83.56149716435313,37.891931169837406],[-83.56149716435313,37.891807134075705],[-83.56158698546116,37.891700817542215],[-83.56169926184624,37.89171853697513],[-83.5619687251704,37.891842572886084],[-83.56192381461639,37.89186029228488],[-83.56181153823131,37.891807134075705],[-83.56169926184624,37.891807134075705],[-83.5616318960152,37.89189573106967],[-83.5616318960152,37.89203748603824],[-83.56167680656922,37.892090644081094]]]}},{"type":"Feature","properties":{"kind":"sunset","strength":0.68,"hard":false,"sector":"ring-r1c5"},"geometry":{"type":"Polygon","coordinates":[[[-83.5625974729268,37.919302520862544],[-83.56255256237277,37.9191962440473],[-83.56244028598769,37.9191962440473],[-83.56241783071067,37.91916081840809],[-83.56232800960261,37.91916081840809],[-83.5623055543256,37.9191962440473],[-83.56219327794055,37.919178531229825],[-83.56228309904859,37.919178531229825],[-83.56239537543367,37.91908996707848],[-83.56250765181873,37.919054541388064],[-83.56268729403484,37.91910767991728],[-83.56273220458887,37.91916081840809],[-83.56268729403484,37.91924938247411],[-83.56255256237277,37.919355659212584],[-83.5625974729268,37.919302520862544]]]}},{"type":"Feature","properties":{"kind":"sunset","strength":0.68,"hard":false,"sector":"ring-r1c5"},"geometry":{"type":"Polygon","coordinates":[[[-83.56219327794055,37.919178531229825],[-83.56205854627846,37.91914310558209],[-83.56203609100145,37.91923166966944],[-83.56174417240027,37.91923166966944],[-83.56167680656922,37.91914310558209],[-83.56158698546116,37.91914310558209],[-83.56156453018416,37.919178531229825],[-83.56156453018416,37.91908996707848],[-83.56158698546116,37.919054541388064],[-83.56167680656922,37.91903682853647],[-83.56172171712326,37.91910767991728],[-83.56190135933937,37.91912539275181],[-83.56194626989338,37.919054541388064],[-83.56208100155547,37.91903682853647],[-83.56219327794055,37.919178531229825]]]}},{"type":"Feature","properties":{"kind":"sunset","strength":0.68,"hard":false,"sector":"ring-r1c5"},"geometry":{"type":"Polygon","coordinates":[[[-83.56288939152797,37.89669752864676],[-83.56277711514291,37.89657350091577],[-83.56277711514291,37.89650262783282],[-83.56266483875783,37.896414036383156],[-83.56266483875783,37.89632544482687],[-83.56253010709575,37.89630772650281],[-83.56239537543367,37.89616597975686],[-83.56228309904859,37.89618369811503],[-83.56219327794055,37.89609510628153],[-83.56219327794055,37.896041951130236],[-83.56221573321756,37.89607738790203],[-83.56235046487964,37.89607738790203],[-83.56250765181873,37.896006514341394],[-83.56255256237277,37.89613054302772],[-83.5626423834808,37.896201416468934],[-83.56279957041991,37.89623685316395],[-83.56279957041991,37.89632544482687],[-83.562911846805,37.896414036383156],[-83.562911846805,37.89648490955141],[-83.56300166791304,37.896591219175846],[-83.56313639957513,37.896608937431665],[-83.56320376540617,37.89657350091577],[-83.56297921263601,37.89671524687699],[-83.56288939152797,37.89669752864676]]]}},{"type":"Feature","properties":{"kind":"sunset","strength":0.68,"hard":false,"sector":"ring-r1c5"},"geometry":{"type":"Polygon","coordinates":[[[-83.56372023677747,37.91955049950093],[-83.56372023677747,37.919461935797486],[-83.56374269205449,37.919461935797486],[-83.56376514733151,37.91955049950093],[-83.56372023677747,37.91955049950093]]]}},{"type":"Feature","properties":{"kind":"sunset","strength":0.68,"hard":false,"sector":"ring-r1c5"},"geometry":{"type":"Polygon","coordinates":[[[-83.5638998789936,37.918948264214485],[-83.56403461065567,37.91908996707848],[-83.56387742371658,37.919054541388064],[-83.56385496843957,37.91912539275181],[-83.56383251316254,37.918965977087424],[-83.5638998789936,37.918948264214485]]]}},{"type":"Feature","properties":{"kind":"sunset","strength":0.68,"hard":false,"sector":"ring-r1c5"},"geometry":{"type":"Polygon","coordinates":[[[-83.56412443176372,37.921268614244674],[-83.56385496843957,37.921091490868996],[-83.56403461065567,37.921162340270456],[-83.56416934231775,37.921162340270456],[-83.5642591634258,37.921126915578256],[-83.5642367081488,37.92098521663883],[-83.5642591634258,37.92098521663883],[-83.56428161870284,37.92114462792649],[-83.56421425287178,37.9211977649456],[-83.56421425287178,37.92125090192631],[-83.56412443176372,37.921268614244674]]]}},{"type":"Feature","properties":{"kind":"sunset","strength":0.68,"hard":false,"sector":"ring-r1c5"},"geometry":{"type":"Polygon","coordinates":[[[-83.56403461065567,37.89414605896891],[-83.56405706593267,37.89434096602239],[-83.56403461065567,37.89434096602239],[-83.56403461065567,37.89414605896891]]]}},{"type":"Feature","properties":{"kind":"sunset","strength":0.68,"hard":false,"sector":"ring-r1c5"},"geometry":{"type":"Polygon","coordinates":[[[-83.56414688704074,37.89446499751502],[-83.56414688704074,37.89451815380502],[-83.5642367081488,37.89451815380502],[-83.5642591634258,37.89446499751502],[-83.5642591634258,37.89457131005665],[-83.56421425287178,37.894624466269896],[-83.56412443176372,37.89457131005665],[-83.56414688704074,37.89446499751502]]]}},{"type":"Feature","properties":{"kind":"sunset","strength":0.68,"hard":false,"sector":"ring-r1c5"},"geometry":{"type":"Polygon","coordinates":[[[-83.56484300062817,37.929982557513924],[-83.56455108202698,37.929840875638604],[-83.56448371619594,37.929770034598555],[-83.564573537304,37.92980545512711],[-83.56473072424309,37.92980545512711],[-83.56475317952011,37.92975232432787],[-83.56482054535115,37.92975232432787],[-83.5649103664592,37.92985858588795],[-83.56500000000001,37.92987629613303],[-83.56500000000001,37.929982557513924],[-83.56484300062817,37.929982557513924]]]}},{"type":"Feature","properties":{"kind":"sunset","strength":0.68,"hard":false,"sector":"ring-r1c5"},"geometry":{"type":"Polygon","coordinates":[[[-83.5648879111822,37.918877412680125],[-83.5648879111822,37.918983689956086],[-83.56495527701324,37.91907225423541],[-83.56493282173622,37.919178531229825],[-83.56497773229025,37.91923166966944],[-83.56479809007413,37.919054541388064],[-83.56482054535115,37.918948264214485],[-83.56475317952011,37.918806561077496],[-83.56486545590518,37.91871799647824],[-83.56500000000001,37.91868257060868],[-83.56500000000001,37.918824273984555],[-83.5648879111822,37.918877412680125]]]}},{"type":"Feature","properties":{"kind":"sunset","strength":0.84,"hard":false,"sector":"ring-r1c5"},"geometry":{"type":"Polygon","coordinates":[[[-83.55476058124898,37.89859335509403],[-83.55451357320185,37.89845161274953],[-83.55480549180301,37.89848704836124],[-83.55487285763407,37.89841617712075],[-83.55487285763407,37.89859335509403],[-83.55476058124898,37.89859335509403]]]}},{"type":"Feature","properties":{"kind":"sunset","strength":0.84,"hard":false,"sector":"ring-r1c5"},"geometry":{"type":"Polygon","coordinates":[[[-83.55565879232954,37.8966443739305],[-83.55552406066745,37.8966443739305],[-83.55545669483641,37.89676840154207],[-83.55534441845134,37.89666209217352],[-83.55534441845134,37.896591219175846],[-83.55541178428238,37.896538064382824],[-83.55552406066745,37.896538064382824],[-83.55565879232954,37.8966443739305]]]}},{"type":"Feature","properties":{"kind":"sunset","strength":0.84,"hard":false,"sector":"ring-r1c5"},"geometry":{"type":"Polygon","coordinates":[[[-83.5568938325653,37.91868257060868],[-83.55671419034918,37.9187002835456],[-83.55657945868711,37.91878884816617],[-83.55655700341009,37.918877412680125],[-83.55639981647099,37.91891283845583],[-83.55619771897787,37.91924938247411],[-83.55622017425489,37.919515074032354],[-83.55635490591698,37.91958592495244],[-83.55655700341009,37.919621350386905],[-83.55610789786981,37.919621350386905],[-83.55606298731578,37.91956821222881],[-83.55606298731578,37.919355659212584],[-83.55619771897787,37.91912539275181],[-83.55630999536294,37.91903682853647],[-83.55624262953191,37.91885969978587],[-83.55633245063996,37.91878884816617],[-83.55642227174799,37.91878884816617],[-83.55644472702502,37.9187002835456],[-83.55664682451815,37.91857629289761],[-83.55675910090321,37.91857629289761],[-83.5568938325653,37.91868257060868]],[[-83.55626508480891,37.91889512557011],[-83.55630999536294,37.91891283845583],[-83.55630999536294,37.91889512557011],[-83.55626508480891,37.91889512557011]],[[-83.55630999536294,37.918877412680125],[-83.55633245063996,37.91889512557011],[-83.55633245063996,37.918877412680125],[-83.55630999536294,37.918877412680125]],[[-83.55633245063996,37.91885969978587],[-83.55635490591698,37.918877412680125],[-83.55635490591698,37.91885969978587],[-83.55633245063996,37.91885969978587]]]}},{"type":"Feature","properties":{"kind":"sunset","strength":0.84,"hard":false,"sector":"ring-r1c5"},"geometry":{"type":"Polygon","coordinates":[[[-83.55655700341009,37.919603637671806],[-83.55657945868711,37.91956821222881],[-83.55669173507218,37.91956821222881],[-83.55669173507218,37.91958592495244],[-83.55655700341009,37.919603637671806]]]}},{"type":"Feature","properties":{"kind":"sunset","strength":0.84,"hard":false,"sector":"ring-r1c5"},"geometry":{"type":"Polygon","coordinates":[[[-83.55675910090321,37.919621350386905],[-83.55687137728829,37.919621350386905],[-83.55691628784231,37.91953278676878],[-83.55702856422738,37.91963906309773],[-83.55702856422738,37.91970991389838],[-83.5568938325653,37.91972762658788],[-83.55675910090321,37.919621350386905]]]}},{"type":"Feature","properties":{"kind":"sunset","strength":0.84,"hard":false,"sector":"ring-r1c5"},"geometry":{"type":"Polygon","coordinates":[[[-83.55639981647099,37.91634442549128],[-83.55639981647099,37.91646841990163],[-83.55657945868711,37.91666326783846],[-83.55633245063996,37.916610127543244],[-83.55626508480891,37.91655698720964],[-83.55626508480891,37.91645070642724],[-83.55639981647099,37.91634442549128]]]}},{"type":"Feature","properties":{"kind":"sunset","strength":0.84,"hard":false,"sector":"ring-r1c5"},"geometry":{"type":"Polygon","coordinates":[[[-83.55680401145723,37.89605966951827],[-83.55666927979517,37.89595335912613],[-83.55669173507218,37.89588248544609],[-83.55716329588945,37.89591792229464],[-83.5570510195044,37.89593564071252],[-83.55702856422738,37.89597107753549],[-83.55682646673425,37.89597107753549],[-83.55680401145723,37.89605966951827]]]}},{"type":"Feature","properties":{"kind":"sunset","strength":0.84,"hard":false,"sector":"ring-r1c5"},"geometry":{"type":"Polygon","coordinates":[[[-83.55776958836883,37.93],[-83.55781449892285,37.92996484729444],[-83.55794923058495,37.929982557513924],[-83.55794923058495,37.93],[-83.55776958836883,37.93]]]}},{"type":"Feature","properties":{"kind":"sunset","strength":0.84,"hard":false,"sector":"ring-r1c5"},"geometry":{"type":"Polygon","coordinates":[[[-83.55889235221952,37.92135717577254],[-83.55875762055744,37.92125090192631],[-83.55875762055744,37.921162340270456],[-83.55880253111148,37.921126915578256],[-83.5588698969425,37.9208789422551],[-83.55898217332758,37.92077266771779],[-83.55893726277355,37.92061325562389],[-83.55878007583446,37.9203652805688],[-83.55871271000342,37.92034756803287],[-83.55866779944938,37.9202767178465],[-83.55866779944938,37.92020586759187],[-83.55857797834132,37.92009959208195],[-83.5585330677873,37.919940178529124],[-83.5582186939091,37.91979847730322],[-83.55819623863209,37.91974533927311],[-83.55806150697002,37.91972762658788],[-83.5578818647539,37.91963906309773],[-83.55790432003091,37.919408797524234],[-83.55797168586196,37.91953278676878],[-83.55817378335507,37.919621350386905],[-83.55830851501716,37.91963906309773],[-83.55839833612522,37.91972762658788],[-83.55864534417236,37.9198339026353],[-83.55880253111148,37.92018815501754],[-83.55891480749654,37.9202767178465],[-83.55911690498966,37.920630968095836],[-83.55916181554367,37.92077266771779],[-83.55907199443563,37.92093207946616],[-83.5590046286046,37.92096750425221],[-83.55889235221952,37.92125090192631],[-83.55889235221952,37.92135717577254]]]}},{"type":"Feature","properties":{"kind":"sunset","strength":0.84,"hard":false,"sector":"ring-r1c5"},"geometry":{"type":"Polygon","coordinates":[[[-83.56129506686,37.893118358698416],[-83.56129506686,37.89331326847286],[-83.56122770102895,37.89354361572281],[-83.56091332715076,37.893685367518366],[-83.56073368493466,37.89393343250383],[-83.56053158744153,37.89395115139938],[-83.56028457939436,37.89419921548922],[-83.56023966884034,37.89419921548922],[-83.56006002662423,37.89434096602239],[-83.55997020551618,37.89435868481985],[-83.55979056330008,37.89465990372406],[-83.55961092108396,37.894819372056716],[-83.55947618942189,37.89489024676035],[-83.55929654720576,37.89490796542558],[-83.55911690498966,37.89497884004391],[-83.55907199443563,37.89512058907585],[-83.55889235221952,37.89512058907585],[-83.5586902547264,37.89531549354909],[-83.55833097029418,37.89547496046154],[-83.55830851501716,37.895563553041406],[-83.55819623863209,37.89545724193277],[-83.55819623863209,37.89538636777505],[-83.55857797834132,37.89520918208221],[-83.55875762055744,37.89501427732748],[-83.55895971805056,37.89501427732748],[-83.55895971805056,37.89490796542558],[-83.5590270838816,37.894854809417055],[-83.55911690498966,37.894819372056716],[-83.55929654720576,37.894819372056716],[-83.55940882359084,37.894854809417055],[-83.55945373414487,37.894801653370145],[-83.55945373414487,37.894713059873325],[-83.55949864469889,37.894713059873325],[-83.559678286915,37.89455359131037],[-83.55981301857709,37.89428780960444],[-83.56014984773229,37.89411062126739],[-83.56041931105646,37.89384483796213],[-83.56062140854957,37.893827119040985],[-83.56068877438062,37.893685367518366],[-83.56082350604271,37.893561334712174],[-83.56102560353582,37.893508177731256],[-83.56111542464389,37.89341958267778],[-83.56116033519793,37.89318923503974],[-83.56129506686,37.893118358698416]]]}},{"type":"Feature","properties":{"kind":"sunset","strength":0.84,"hard":false,"sector":"ring-r1c5"},"geometry":{"type":"Polygon","coordinates":[[[-83.55945373414487,37.9241202418707],[-83.55936391303682,37.9241202418707],[-83.55927409192876,37.92429735795165],[-83.55922918137472,37.92429735795165],[-83.55913936026668,37.924403627395456],[-83.55898217332758,37.92449218514797],[-83.55891480749654,37.9246870118281],[-83.55882498638847,37.924740146287654],[-83.55873516528042,37.92488183799206],[-83.55866779944938,37.92509437503674],[-83.55862288889536,37.9251297978178],[-83.55860043361834,37.92539546813182],[-83.55855552306431,37.92548402468985],[-83.55855552306431,37.92567884874212],[-83.55864534417236,37.92589138348316],[-83.55862288889536,37.92592680588027],[-83.55851061251029,37.92582053863774],[-83.55842079140224,37.92557258114124],[-83.55844324667925,37.9253246228086],[-83.55848815723327,37.925271488771386],[-83.55848815723327,37.92504124083316],[-83.55855552306431,37.92497039516867],[-83.55860043361834,37.9247932807088],[-83.5586902547264,37.924651588833754],[-83.55878007583446,37.924598454310214],[-83.55884744166549,37.924403627395456],[-83.5590046286046,37.924315069536284],[-83.55904953915862,37.92422651157047],[-83.55916181554367,37.92417337673978],[-83.55922918137472,37.92401397201737],[-83.55931900248278,37.92401397201737],[-83.55945373414487,37.9241202418707]]]}},{"type":"Feature","properties":{"kind":"sunset","strength":0.84,"hard":false,"sector":"ring-r1c5"},"geometry":{"type":"Polygon","coordinates":[[[-83.55871271000342,37.91730094838656],[-83.55871271000342,37.917052962163666],[-83.55878007583446,37.91699982214998],[-83.55880253111148,37.91691125537519],[-83.55889235221952,37.91691125537519],[-83.55891480749654,37.91699982214998],[-83.55898217332758,37.917052962163666],[-83.55891480749654,37.917017535492135],[-83.55878007583446,37.917017535492135],[-83.55873516528042,37.91708838881813],[-83.55873516528042,37.91723009526533],[-83.55878007583446,37.91731866165621],[-83.55871271000342,37.91730094838656]]]}},{"type":"Feature","properties":{"kind":"sunset","strength":0.84,"hard":false,"sector":"ring-r1c5"},"geometry":{"type":"Polygon","coordinates":[[[-83.55907199443563,37.92612162875938],[-83.55893726277355,37.92622789556679],[-83.55882498638847,37.92622789556679],[-83.55882498638847,37.9260507841358],[-83.55884744166549,37.92612162875938],[-83.55907199443563,37.92612162875938]]]}},{"type":"Feature","properties":{"kind":"sunset","strength":0.84,"hard":false,"sector":"ring-r1c5"},"geometry":{"type":"Polygon","coordinates":[[[-83.55961092108396,37.92265016193439],[-83.55958846580694,37.92268558589286],[-83.55945373414487,37.92268558589286],[-83.55936391303682,37.922597025964706],[-83.55940882359084,37.922455329857826],[-83.55927409192876,37.92229592141125],[-83.55927409192876,37.922171936825016],[-83.55936391303682,37.92206566415617],[-83.55936391303682,37.92201252776415],[-83.55922918137472,37.92197710348148],[-83.55922918137472,37.921923967025464],[-83.55913936026668,37.92183540618015],[-83.55913936026668,37.921675996389816],[-83.55925163665174,37.921870830531084],[-83.55947618942189,37.92190625486494],[-83.5595210999759,37.922136512619126],[-83.55940882359084,37.92226049726508],[-83.55940882359084,37.92241990578845],[-83.55949864469889,37.9225084659299],[-83.55949864469889,37.92265016193439],[-83.55961092108396,37.92265016193439]]]}},{"type":"Feature","properties":{"kind":"sunset","strength":0.84,"hard":false,"sector":"ring-r1c5"},"geometry":{"type":"Polygon","coordinates":[[[-83.56035194522542,37.92847717362759],[-83.5603294899484,37.9287782528707],[-83.56008248190126,37.92899077865294],[-83.55983547385411,37.92948666975577],[-83.55963337636096,37.92962835231368],[-83.55940882359084,37.929982557513924],[-83.55925163665174,37.93],[-83.5593414577598,37.92980545512711],[-83.55940882359084,37.929770034598555],[-83.5595210999759,37.929504380090435],[-83.55956601052993,37.929504380090435],[-83.55958846580694,37.92945124907363],[-83.55972319746903,37.92938040765816],[-83.55992529496216,37.928955357731894],[-83.56012739245529,37.92886680535462],[-83.56012739245529,37.92872512132915],[-83.56021721356333,37.9286719897492],[-83.56021721356333,37.92856572647413],[-83.56035194522542,37.92847717362759]]]}},{"type":"Feature","properties":{"kind":"sunset","strength":0.84,"hard":false,"sector":"ring-r1c5"},"geometry":{"type":"Polygon","coordinates":[[[-83.5603294899484,37.89758343493335],[-83.55990283968514,37.897282227992235],[-83.55981301857709,37.89726450989849],[-83.55979056330008,37.896998737980525],[-83.55983547385411,37.89715820124646],[-83.5600151160702,37.8971759193658],[-83.56003757134722,37.89722907369821],[-83.56008248190126,37.89722907369821],[-83.56012739245529,37.897299946081716],[-83.56041931105646,37.897512562822804],[-83.56053158744153,37.897494844784504],[-83.56041931105646,37.89758343493335],[-83.5603294899484,37.89758343493335]]]}},{"type":"Feature","properties":{"kind":"sunset","strength":0.84,"hard":false,"sector":"ring-r1c5"},"geometry":{"type":"Polygon","coordinates":[[[-83.56012739245529,37.9236420263213],[-83.5599926607932,37.9236420263213],[-83.55994775023916,37.92367744980198],[-83.55994775023916,37.92378372014163],[-83.55981301857709,37.92367744980198],[-83.5598579291311,37.92344719687255],[-83.55997020551618,37.92334092604658],[-83.5599926607932,37.92346490866194],[-83.56010493717827,37.92348262044708],[-83.56006002662423,37.92351804400455],[-83.56006002662423,37.923588891068285],[-83.56012739245529,37.9236420263213]]]}},{"type":"Feature","properties":{"kind":"sunset","strength":0.84,"hard":false,"sector":"ring-r1c5"},"geometry":{"type":"Polygon","coordinates":[[[-83.55994775023916,37.91786777089933],[-83.56012739245529,37.917850057761925],[-83.56019475828633,37.91779691832411],[-83.56035194522542,37.91779691832411],[-83.56068877438062,37.91786777089933],[-83.56080105076569,37.917938623406286],[-83.56080105076569,37.91799176274173],[-83.56059895327256,37.91792091028594],[-83.5603070346714,37.91790319716133],[-83.56023966884034,37.917956336522366],[-83.56006002662423,37.917956336522366],[-83.56003757134722,37.91799176274173],[-83.55988038440813,37.917974049634175],[-83.5598579291311,37.91806261512924],[-83.5598579291311,37.91792091028594],[-83.55994775023916,37.91786777089933]]]}},{"type":"Feature","properties":{"kind":"sunset","strength":0.84,"hard":false,"sector":"ring-r1c5"},"geometry":{"type":"Polygon","coordinates":[[[-83.56068877438062,37.92730826605766],[-83.56057649799554,37.927804168508416],[-83.56050913216453,37.92791043288415],[-83.56053158744153,37.928087539835744],[-83.56041931105646,37.92830006761454],[-83.5603070346714,37.92819380380193],[-83.5603070346714,37.92812296117487],[-83.56035194522542,37.92810525050745],[-83.56035194522542,37.92803440779506],[-83.56039685577944,37.92799898641327],[-83.56037440050243,37.927804168508416],[-83.56044176633347,37.927751036262954],[-83.56050913216453,37.92744995281345],[-83.56068877438062,37.92730826605766]]]}},{"type":"Feature","properties":{"kind":"sunset","strength":0.84,"hard":false,"sector":"ring-r1c5"},"geometry":{"type":"Polygon","coordinates":[[[-83.56073368493466,37.92721971169665],[-83.56059895327256,37.927095735412045],[-83.5606438638266,37.926936337024685],[-83.56086841659673,37.926936337024685],[-83.56089087187375,37.92675922730012],[-83.56095823770478,37.926688383290845],[-83.56109296936687,37.92667067227786],[-83.56109296936687,37.92642271764815],[-83.56113787992089,37.92638729548993],[-83.56116033519793,37.926210184442894],[-83.56113787992089,37.92603307296924],[-83.56125015630596,37.92592680588027],[-83.56129506686,37.92592680588027],[-83.56118279047493,37.92585596106898],[-83.56116033519793,37.925749693724065],[-83.56122770102895,37.92553715857348],[-83.561317522137,37.92548402468985],[-83.56129506686,37.925731982484976],[-83.56136243269103,37.92578511618944],[-83.56151961963013,37.92580282741572],[-83.56156453018416,37.925979939443955],[-83.56136243269103,37.92603307296924],[-83.56127261158296,37.92612162875938],[-83.56122770102895,37.92675922730012],[-83.56111542464389,37.92677693829178],[-83.5610031482588,37.92686549318606],[-83.5609806929818,37.92702489172699],[-83.56075614021167,37.92702489172699],[-83.56073368493466,37.92721971169665]]]}},{"type":"Feature","properties":{"kind":"sunset","strength":0.84,"hard":false,"sector":"ring-r1c5"},"geometry":{"type":"Polygon","coordinates":[[[-83.56102560353582,37.89083256010527],[-83.56089087187375,37.890938877892594],[-83.56077859548869,37.890938877892594],[-83.56068877438062,37.8909034386472],[-83.56062140854957,37.8907971208087],[-83.56062140854957,37.8906730831364],[-83.56075614021167,37.89056676496524],[-83.56075614021167,37.89070852249267],[-83.56080105076569,37.89077940115403],[-83.56089087187375,37.89083256010527],[-83.56102560353582,37.89083256010527]]]}},{"type":"Feature","properties":{"kind":"sunset","strength":0.84,"hard":false,"sector":"ring-r1c5"},"geometry":{"type":"Polygon","coordinates":[[[-83.56093578242776,37.89768974297123],[-83.56080105076569,37.89779605085557],[-83.56071122965763,37.89779605085557],[-83.5606663191036,37.8977428969326],[-83.5606663191036,37.897672024975584],[-83.56077859548869,37.89756571691212],[-83.56082350604271,37.89768974297123],[-83.56093578242776,37.89768974297123]]]}},{"type":"Feature","properties":{"kind":"sunset","strength":0.84,"hard":false,"sector":"ring-r1c5"},"geometry":{"type":"Polygon","coordinates":[[[-83.56203609100145,37.89171853697513],[-83.56203609100145,37.89131098893919],[-83.56174417240027,37.891222391241556],[-83.5616318960152,37.891222391241556],[-83.56147470907611,37.8910629151171],[-83.56140734324507,37.8910629151171],[-83.56127261158296,37.89097431712092],[-83.56127261158296,37.8909034386472],[-83.561317522137,37.89097431712092],[-83.56154207490715,37.891027475931416],[-83.56156453018416,37.89108063470355],[-83.5616543512922,37.89109835428572],[-83.56167680656922,37.89113379343727],[-83.56183399350833,37.891151513006655],[-83.56194626989338,37.891222391241556],[-83.56212591210951,37.891257830333394],[-83.56212591210951,37.891789414664125],[-83.56203609100145,37.89171853697513]]]}},{"type":"Feature","properties":{"kind":"sunset","strength":0.84,"hard":false,"sector":"ring-r1c5"},"geometry":{"type":"Polygon","coordinates":[[[-83.5619687251704,37.91942651028625],[-83.5619687251704,37.91932023365017],[-83.56176662767729,37.919302520862544],[-83.56169926184624,37.91924938247411],[-83.56151961963013,37.91924938247411],[-83.56158698546116,37.91914310558209],[-83.56167680656922,37.91914310558209],[-83.56174417240027,37.91923166966944],[-83.56203609100145,37.91923166966944],[-83.56205854627846,37.91914310558209],[-83.56212591210951,37.91914310558209],[-83.56219327794055,37.9191962440473],[-83.56241783071067,37.91916081840809],[-83.56244028598769,37.9191962440473],[-83.56255256237277,37.9191962440473],[-83.5625974729268,37.91923166966944],[-83.5625974729268,37.919302520862544],[-83.56248519654173,37.919408797524234],[-83.56246274126471,37.9193379464335],[-83.56228309904859,37.91924938247411],[-83.56212591210951,37.91924938247411],[-83.56212591210951,37.91932023365017],[-83.56208100155547,37.91926709527453],[-83.56201363572443,37.91926709527453],[-83.56201363572443,37.91939108475795],[-83.5619687251704,37.91942651028625]]]}},{"type":"Feature","properties":{"kind":"sunset","strength":0.84,"hard":false,"sector":"ring-r1c5"},"geometry":{"type":"Polygon","coordinates":[[[-83.5616318960152,37.892763975968236],[-83.56149716435313,37.892657660816525],[-83.56149716435313,37.89253362627882],[-83.56156453018416,37.8923741529947],[-83.56174417240027,37.892391872265556],[-83.56167680656922,37.892409591532136],[-83.5616543512922,37.892462749306304],[-83.5616318960152,37.892763975968236]]]}},{"type":"Feature","properties":{"kind":"sunset","strength":0.84,"hard":false,"sector":"ring-r1c5"},"geometry":{"type":"Polygon","coordinates":[[[-83.56176662767729,37.892143802085556],[-83.5616318960152,37.89203748603824],[-83.5616318960152,37.89189573106967],[-83.56169926184624,37.891807134075705],[-83.56181153823131,37.891807134075705],[-83.56199118044741,37.89187801167941],[-83.56178908295429,37.891931169837406],[-83.56176662767729,37.892143802085556]]]}},{"type":"Feature","properties":{"kind":"sunset","strength":0.84,"hard":false,"sector":"ring-r1c5"},"geometry":{"type":"Polygon","coordinates":[[[-83.5632711312372,37.89650262783282],[-83.56313639957513,37.896608937431665],[-83.56300166791304,37.896591219175846],[-83.562911846805,37.89648490955141],[-83.562911846805,37.896414036383156],[-83.56279957041991,37.89632544482687],[-83.56279957041991,37.89623685316395],[-83.5626423834808,37.896201416468934],[-83.56255256237277,37.89613054302772],[-83.56250765181873,37.896006514341394],[-83.56235046487964,37.89607738790203],[-83.56221573321756,37.89607738790203],[-83.56217082266353,37.89598879594058],[-83.56208100155547,37.89593564071252],[-83.56208100155547,37.89586476701541],[-83.56217082266353,37.89597107753549],[-83.56248519654173,37.89597107753549],[-83.5626423834808,37.89591792229464],[-83.56268729403484,37.896041951130236],[-83.56275465986587,37.89609510628153],[-83.562911846805,37.89613054302772],[-83.562934302082,37.89623685316395],[-83.56302412319005,37.896290008174496],[-83.56309148902109,37.8964494729758],[-83.56315885485213,37.89650262783282],[-83.5632711312372,37.89650262783282]]]}},{"type":"Feature","properties":{"kind":"sunset","strength":0.84,"hard":false,"sector":"ring-r1c5"},"geometry":{"type":"Polygon","coordinates":[[[-83.56410197648671,37.91916081840809],[-83.56394478954763,37.91916081840809],[-83.56385496843957,37.9191962440473],[-83.56376514733151,37.91932023365017],[-83.56376514733151,37.91923166966944],[-83.56383251316254,37.9191962440473],[-83.56387742371658,37.919054541388064],[-83.56396724482464,37.919054541388064],[-83.56410197648671,37.91916081840809]]]}},{"type":"Feature","properties":{"kind":"sunset","strength":0.84,"hard":false,"sector":"ring-r1c5"},"geometry":{"type":"Polygon","coordinates":[[[-83.56414688704074,37.92093207946616],[-83.5642591634258,37.92102064139928],[-83.5642367081488,37.92114462792649],[-83.56403461065567,37.921162340270456],[-83.56381005788553,37.921056066142675],[-83.56381005788553,37.92098521663883],[-83.56387742371658,37.921056066142675],[-83.56410197648671,37.921056066142675],[-83.56414688704074,37.92103835377311],[-83.56414688704074,37.92093207946616]]]}},{"type":"Feature","properties":{"kind":"sunset","strength":0.84,"hard":false,"sector":"ring-r1c5"},"geometry":{"type":"Polygon","coordinates":[[[-83.56412443176372,37.89439412240197],[-83.5642367081488,37.89441184118663],[-83.5642591634258,37.89435868481985],[-83.5642367081488,37.89451815380502],[-83.56414688704074,37.89451815380502],[-83.56410197648671,37.89442955996702],[-83.56412443176372,37.89439412240197]]]}},{"type":"Feature","properties":{"kind":"sunset","strength":0.84,"hard":false,"sector":"ring-r1c5"},"geometry":{"type":"Polygon","coordinates":[[[-83.56486545590518,37.92982316538499],[-83.56482054535115,37.92975232432787],[-83.56475317952011,37.92975232432787],[-83.56473072424309,37.92980545512711],[-83.564573537304,37.92980545512711],[-83.56448371619594,37.929770034598555],[-83.5642367081488,37.9295929316998],[-83.56419179759477,37.92946895941684],[-83.5642367081488,37.92953980074699],[-83.56432652925686,37.92955751106885],[-83.56434898453386,37.9295929316998],[-83.56450617147296,37.9295929316998],[-83.56459599258102,37.929699193490244],[-83.56477563479712,37.929699193490244],[-83.56493282173622,37.929646062614225],[-83.56500000000001,37.92971690377372],[-83.56500000000001,37.92987629613303],[-83.56486545590518,37.92982316538499]]]}},{"type":"Feature","properties":{"kind":"sunset","strength":0.84,"hard":false,"sector":"ring-r1c5"},"geometry":{"type":"Polygon","coordinates":[[[-83.56495527701324,37.91910767991728],[-83.5648879111822,37.918983689956086],[-83.5648879111822,37.918877412680125],[-83.56500000000001,37.918824273984555],[-83.56500000000001,37.91923166966944],[-83.56493282173622,37.919178531229825],[-83.56495527701324,37.91910767991728]]]}},{"type":"Feature","properties":{"kind":"sunset","strength":1.0,"hard":false,"sector":"ring-r1c5"},"geometry":{"type":"Polygon","coordinates":[[[-83.55464830486392,37.89848704836124],[-83.55435638626274,37.898345305812015],[-83.55435638626274,37.89827443443505],[-83.55451357320185,37.89829215228569],[-83.55467076014092,37.89823899872096],[-83.55476058124898,37.89829215228569],[-83.55494022346511,37.89832758797418],[-83.55480549180301,37.89848704836124],[-83.55464830486392,37.89848704836124]]]}},{"type":"Feature","properties":{"kind":"sunset","strength":1.0,"hard":false,"sector":"ring-r1c5"},"geometry":{"type":"Polygon","coordinates":[[[-83.55554651594447,37.89683927436913],[-83.55547915011343,37.89676840154207],[-83.55547915011343,37.89667981041227],[-83.55552406066745,37.8966443739305],[-83.55565879232954,37.8966443739305],[-83.55581597926864,37.89675068332464],[-83.55570370288356,37.896856992565226],[-83.55554651594447,37.89683927436913]]]}},{"type":"Feature","properties":{"kind":"sunset","strength":1.0,"hard":false,"sector":"ring-r1c5"},"geometry":{"type":"Polygon","coordinates":[[[-83.55657945868711,37.91956821222881],[-83.55655700341009,37.919603637671806],[-83.55642227174799,37.919603637671806],[-83.55622017425489,37.919515074032354],[-83.55619771897787,37.91924938247411],[-83.55635490591698,37.9190191156806],[-83.55635490591698,37.918965977087424],[-83.55646718230203,37.91893055133729],[-83.55644472702502,37.91889512557011],[-83.55655700341009,37.918877412680125],[-83.55657945868711,37.91878884816617],[-83.55671419034918,37.9187002835456],[-83.5568938325653,37.91868257060868],[-83.5570510195044,37.91878884816617],[-83.55700610895038,37.91885969978587],[-83.55687137728829,37.91891283845583],[-83.55680401145723,37.918983689956086],[-83.55666927979517,37.918983689956086],[-83.55664682451815,37.91910767991728],[-83.55651209285605,37.91912539275181],[-83.55644472702502,37.9191962440473],[-83.55644472702502,37.9193379464335],[-83.55660191396412,37.91942651028625],[-83.55678155618023,37.91942651028625],[-83.5568938325653,37.91953278676878],[-83.5568938325653,37.919603637671806],[-83.55675910090321,37.919621350386905],[-83.55669173507218,37.91956821222881],[-83.55657945868711,37.91956821222881]],[[-83.55653454813307,37.918948264214485],[-83.55657945868711,37.91893055133729],[-83.55655700341009,37.91889512557011],[-83.55653454813307,37.91889512557011],[-83.55653454813307,37.918948264214485]]]}},{"type":"Feature","properties":{"kind":"sunset","strength":1.0,"hard":false,"sector":"ring-r1c5"},"geometry":{"type":"Polygon","coordinates":[[[-83.55682646673425,37.916822688493774],[-83.55669173507218,37.91671640809528],[-83.55669173507218,37.91668098126167],[-83.55657945868711,37.91666326783846],[-83.55639981647099,37.91646841990163],[-83.55639981647099,37.91634442549128],[-83.55653454813307,37.91622043087192],[-83.55664682451815,37.91622043087192],[-83.55662436924113,37.91629128496572],[-83.55669173507218,37.91639756597846],[-83.55682646673425,37.91645070642724],[-83.55680401145723,37.91657470065844],[-83.55687137728829,37.916627840979245],[-83.5568938325653,37.916822688493774],[-83.55682646673425,37.916822688493774]],[[-83.55653454813307,37.91641527946565],[-83.55651209285605,37.916432992948586],[-83.55653454813307,37.916432992948586],[-83.55653454813307,37.91641527946565]]]}},{"type":"Feature","properties":{"kind":"sunset","strength":1.0,"hard":false,"sector":"ring-r1c5"},"geometry":{"type":"Polygon","coordinates":[[[-83.55696119839635,37.89616597975686],[-83.55680401145723,37.89605966951827],[-83.55682646673425,37.89597107753549],[-83.55702856422738,37.89597107753549],[-83.5570510195044,37.89593564071252],[-83.55734293810558,37.89595335912613],[-83.55732048282856,37.89605966951827],[-83.5572306617205,37.89611282465676],[-83.55711838533543,37.89609510628153],[-83.55709593005842,37.89613054302772],[-83.55696119839635,37.89616597975686]]]}},{"type":"Feature","properties":{"kind":"sunset","strength":1.0,"hard":false,"sector":"ring-r1c5"},"geometry":{"type":"Polygon","coordinates":[[[-83.55949864469889,37.920577830667206],[-83.55940882359084,37.92052469320019],[-83.55938636831382,37.9203652805688],[-83.55922918137472,37.92013501726898],[-83.55909444971265,37.920046454269404],[-83.55911690498966,37.919940178529124],[-83.55922918137472,37.920011029039706],[-83.55927409192876,37.920152729856106],[-83.55931900248278,37.92017044243896],[-83.55961092108396,37.92066639302693],[-83.5595210999759,37.92089665466305],[-83.55949864469889,37.920577830667206]]]}},{"type":"Feature","properties":{"kind":"sunset","strength":1.0,"hard":false,"sector":"ring-r1c5"},"geometry":{"type":"Polygon","coordinates":[[[-83.55911690498966,37.919940178529124],[-83.5590046286046,37.9198693279503],[-83.5590046286046,37.91978076463078],[-83.55909444971265,37.9198339026353],[-83.55911690498966,37.919940178529124]]]}},{"type":"Feature","properties":{"kind":"sunset","strength":1.0,"hard":false,"sector":"ring-r1c5"},"geometry":{"type":"Polygon","coordinates":[[[-83.55913936026668,37.92009959208195],[-83.55916181554367,37.92018815501754],[-83.55929654720576,37.920329855492675],[-83.55929654720576,37.92041841815099],[-83.55936391303682,37.92054240569347],[-83.55947618942189,37.92061325562389],[-83.55947618942189,37.92077266771779],[-83.5593414577598,37.921056066142675],[-83.55922918137472,37.92110920322577],[-83.55925163665174,37.9211977649456],[-83.5592067260977,37.92123318960366],[-83.5591842708207,37.92135717577254],[-83.55911690498966,37.921410312638066],[-83.55916181554367,37.9214988739953],[-83.55904953915862,37.9214988739953],[-83.55889235221952,37.92135717577254],[-83.55889235221952,37.92125090192631],[-83.5590046286046,37.92096750425221],[-83.55907199443563,37.92093207946616],[-83.55916181554367,37.92077266771779],[-83.55911690498966,37.920630968095836],[-83.55891480749654,37.9202767178465],[-83.55880253111148,37.92018815501754],[-83.55864534417236,37.9198339026353],[-83.55839833612522,37.91972762658788],[-83.55830851501716,37.91963906309773],[-83.55817378335507,37.919621350386905],[-83.55797168586196,37.91953278676878],[-83.55792677530792,37.91949736129166],[-83.55790432003091,37.919302520862544],[-83.55797168586196,37.91928480807067],[-83.558039051693,37.91932023365017],[-83.55815132807805,37.91932023365017],[-83.55842079140224,37.919461935797486],[-83.5585330677873,37.919461935797486],[-83.55866779944938,37.91956821222881],[-83.55884744166549,37.919621350386905],[-83.55893726277355,37.91976305195408],[-83.55893726277355,37.91985161529493],[-83.55904953915862,37.919940178529124],[-83.55904953915862,37.92006416687785],[-83.55907199443563,37.92009959208195],[-83.55913936026668,37.92009959208195]],[[-83.55911690498966,37.92146344946519],[-83.55909444971265,37.92148116173239],[-83.55911690498966,37.92148116173239],[-83.55911690498966,37.92146344946519]]]}},{"type":"Feature","properties":{"kind":"sunset","strength":1.0,"hard":false,"sector":"ring-r1c5"},"geometry":{"type":"Polygon","coordinates":[[[-83.55916181554367,37.9214988739953],[-83.55931900248278,37.9214988739953],[-83.55947618942189,37.9216937086058],[-83.55963337636096,37.921675996389816],[-83.55974565274605,37.921746845228185],[-83.55972319746903,37.921870830531084],[-83.55976810802306,37.921888542700145],[-83.55976810802306,37.92199481562495],[-83.55992529496216,37.92215422472421],[-83.55990283968514,37.922225073101856],[-83.55970074219202,37.92233134554035],[-83.55963337636096,37.9225084659299],[-83.55981301857709,37.92229592141125],[-83.55988038440813,37.92229592141125],[-83.55994775023916,37.9222427851856],[-83.55994775023916,37.92231363347794],[-83.55981301857709,37.922437617825274],[-83.55976810802306,37.92254388995662],[-83.55961092108396,37.92265016193439],[-83.55949864469889,37.92265016193439],[-83.55949864469889,37.9225084659299],[-83.55940882359084,37.92241990578845],[-83.55940882359084,37.92226049726508],[-83.5595210999759,37.922136512619126],[-83.55949864469889,37.92195939133375],[-83.55945373414487,37.921888542700145],[-83.55925163665174,37.921870830531084],[-83.5592067260977,37.92183540618015],[-83.55916181554367,37.9217645574271],[-83.55916181554367,37.9214988739953]]]}},{"type":"Feature","properties":{"kind":"sunset","strength":1.0,"hard":false,"sector":"ring-r1c5"},"geometry":{"type":"Polygon","coordinates":[[[-83.55844324667925,37.8956698639965],[-83.55833097029418,37.895563553041406],[-83.55833097029418,37.89547496046154],[-83.5586902547264,37.89531549354909],[-83.55889235221952,37.89512058907585],[-83.55907199443563,37.89512058907585],[-83.55909444971265,37.894996558687836],[-83.5591842708207,37.89494340274328],[-83.55947618942189,37.89489024676035],[-83.55961092108396,37.894819372056716],[-83.55979056330008,37.89465990372406],[-83.55997020551618,37.89435868481985],[-83.56006002662423,37.89434096602239],[-83.56023966884034,37.89419921548922],[-83.56028457939436,37.89419921548922],[-83.56053158744153,37.89395115139938],[-83.56073368493466,37.89393343250383],[-83.56091332715076,37.893685367518366],[-83.56122770102895,37.89354361572281],[-83.56129506686,37.89331326847286],[-83.56129506686,37.893118358698416],[-83.56142979852207,37.8929943249369],[-83.56149716435313,37.8929943249369],[-83.56149716435313,37.89304748228884],[-83.56160944073818,37.89308292050215],[-83.56154207490715,37.89318923503974],[-83.56158698546116,37.89336642559451],[-83.56151961963013,37.89345502071196],[-83.56149716435313,37.89370308647362],[-83.56125015630596,37.893827119040985],[-83.56120524575195,37.893773962252006],[-83.56111542464389,37.8938802757916],[-83.56111542464389,37.89393343250383],[-83.56102560353582,37.89395115139938],[-83.56104805881283,37.89400430806043],[-83.56095823770478,37.89407518354879],[-83.56077859548869,37.89411062126739],[-83.56050913216453,37.89439412240197],[-83.56046422161049,37.89439412240197],[-83.56039685577944,37.89446499751502],[-83.56023966884034,37.89450043504596],[-83.56012739245529,37.894624466269896],[-83.5599926607932,37.89489024676035],[-83.55994775023916,37.89489024676035],[-83.55992529496216,37.89494340274328],[-83.55988038440813,37.89494340274328],[-83.55976810802306,37.895049714594],[-83.55961092108396,37.895031995962874],[-83.55956601052993,37.89508515184346],[-83.55940882359084,37.89512058907585],[-83.55931900248278,37.895226900670686],[-83.55927409192876,37.89517374489246],[-83.5591842708207,37.89519146348946],[-83.55907199443563,37.89529777498194],[-83.5590046286046,37.895439523399745],[-83.55878007583446,37.895581271544586],[-83.55871271000342,37.895581271544586],[-83.55855552306431,37.8956698639965],[-83.55844324667925,37.8956698639965]],[[-83.55909444971265,37.89517374489246],[-83.55907199443563,37.89519146348946],[-83.55909444971265,37.89519146348946],[-83.55909444971265,37.89517374489246]]]}},{"type":"Feature","properties":{"kind":"sunset","strength":1.0,"hard":false,"sector":"ring-r1c5"},"geometry":{"type":"Polygon","coordinates":[[[-83.55958846580694,37.924279646362756],[-83.5595210999759,37.924421338954495],[-83.55961092108396,37.92435049269274],[-83.55963337636096,37.924403627395456],[-83.5595210999759,37.924509896685684],[-83.55943127886786,37.92449218514797],[-83.55938636831382,37.92452760821912],[-83.55940882359084,37.92458074279384],[-83.5593414577598,37.92458074279384],[-83.5592067260977,37.92466930033306],[-83.55916181554367,37.92484641509155],[-83.55907199443563,37.92489954943591],[-83.5590270838816,37.925005818009446],[-83.55898217332758,37.925023529423434],[-83.55893726277355,37.92525377741712],[-83.5588698969425,37.9252892001214],[-83.55889235221952,37.92541317945196],[-83.55880253111148,37.92564342622556],[-83.55880253111148,37.92571427124163],[-83.55884744166549,37.925731982484976],[-83.55884744166549,37.92587367227821],[-83.55889235221952,37.92590909468385],[-83.5590270838816,37.92589138348316],[-83.55909444971265,37.925979939443955],[-83.55916181554367,37.92592680588027],[-83.5592067260977,37.92594451707244],[-83.55913936026668,37.92599765062332],[-83.55913936026668,37.92608620645613],[-83.55907199443563,37.92612162875938],[-83.55884744166549,37.92612162875938],[-83.55882498638847,37.926015361798406],[-83.5586902547264,37.925979939443955],[-83.55864534417236,37.92592680588027],[-83.55855552306431,37.92567884874212],[-83.55862288889536,37.9251297978178],[-83.55882498638847,37.924740146287654],[-83.55891480749654,37.9246870118281],[-83.55898217332758,37.92449218514797],[-83.55913936026668,37.924403627395456],[-83.55922918137472,37.92429735795165],[-83.55927409192876,37.92429735795165],[-83.5593414577598,37.924137953498004],[-83.55945373414487,37.9241202418707],[-83.5595210999759,37.92415566512102],[-83.55961092108396,37.92422651157047],[-83.55958846580694,37.924279646362756]],[[-83.55958846580694,37.924279646362756],[-83.55956601052993,37.92426193476959],[-83.55956601052993,37.924279646362756],[-83.55958846580694,37.924279646362756]]]}},{"type":"Feature","properties":{"kind":"sunset","strength":1.0,"hard":false,"sector":"ring-r1c5"},"geometry":{"type":"Polygon","coordinates":[[[-83.55878007583446,37.91731866165621],[-83.55873516528042,37.91708838881813],[-83.55878007583446,37.917017535492135],[-83.55891480749654,37.917017535492135],[-83.55909444971265,37.917141528767814],[-83.55909444971265,37.917212381974366],[-83.5590046286046,37.91719466867912],[-83.55895971805056,37.91723009526533],[-83.55895971805056,37.91728323511265],[-83.5590270838816,37.91730094838656],[-83.5590046286046,37.917336374921575],[-83.55878007583446,37.91731866165621]]]}},{"type":"Feature","properties":{"kind":"sunset","strength":1.0,"hard":false,"sector":"ring-r1c5"},"geometry":{"type":"Polygon","coordinates":[[[-83.55925163665174,37.92125090192631],[-83.55929654720576,37.92121547727676],[-83.55927409192876,37.92110920322577],[-83.55938636831382,37.921091490868996],[-83.55945373414487,37.92098521663883],[-83.55945373414487,37.921073778507974],[-83.55929654720576,37.92139260035382],[-83.55922918137472,37.921374888065316],[-83.55925163665174,37.92125090192631]]]}},{"type":"Feature","properties":{"kind":"sunset","strength":1.0,"hard":false,"sector":"ring-r1c5"},"geometry":{"type":"Polygon","coordinates":[[[-83.55931900248278,37.9246870118281],[-83.55929654720576,37.924757857765634],[-83.55927409192876,37.924757857765634],[-83.55927409192876,37.92470472331888],[-83.55931900248278,37.9246870118281]]]}},{"type":"Feature","properties":{"kind":"sunset","strength":1.0,"hard":false,"sector":"ring-r1c5"},"geometry":{"type":"Polygon","coordinates":[[[-83.55945373414487,37.92987629613303],[-83.5595210999759,37.929840875638604],[-83.55963337636096,37.92962835231368],[-83.55983547385411,37.92948666975577],[-83.55994775023916,37.92922101422377],[-83.56014984773229,37.92890222631833],[-83.5603294899484,37.9287782528707],[-83.56035194522542,37.92847717362759],[-83.56046422161049,37.92838862067439],[-83.56044176633347,37.928229225089865],[-83.56053158744153,37.928087539835744],[-83.56050913216453,37.92791043288415],[-83.56057649799554,37.927804168508416],[-83.5606663191036,37.92736139862307],[-83.56073368493466,37.927290555193984],[-83.56075614021167,37.92702489172699],[-83.5609806929818,37.92702489172699],[-83.5610031482588,37.92686549318606],[-83.56111542464389,37.92677693829178],[-83.56122770102895,37.92675922730012],[-83.56127261158296,37.92612162875938],[-83.56136243269103,37.92603307296924],[-83.56156453018416,37.925979939443955],[-83.56151961963013,37.92580282741572],[-83.56136243269103,37.92578511618944],[-83.56129506686,37.925731982484976],[-83.56129506686,37.92551944728321],[-83.56145225379909,37.92536004547874],[-83.56158698546116,37.925377756807414],[-83.56154207490715,37.92559029241872],[-83.56178908295429,37.92564342622556],[-83.56178908295429,37.92576740495888],[-83.56190135933937,37.92582053863774],[-83.56187890406235,37.925979939443955],[-83.56176662767729,37.92619247331472],[-83.5616318960152,37.92619247331472],[-83.56151961963013,37.9262633178018],[-83.56156453018416,37.926564406110366],[-83.56147470907611,37.9266352502391],[-83.56145225379909,37.926723805304015],[-83.56151961963013,37.92683007124114],[-83.56149716435313,37.92695404797368],[-83.56145225379909,37.92697175891841],[-83.56133997741402,37.926936337024685],[-83.56129506686,37.92700718079506],[-83.56111542464389,37.92700718079506],[-83.56109296936687,37.927060313578046],[-83.56113787992089,37.927095735412045],[-83.56118279047493,37.92707802449718],[-83.56120524575195,37.92713115722897],[-83.56111542464389,37.927166579028835],[-83.56111542464389,37.927255133453855],[-83.56107051408986,37.92730826605766],[-83.56095823770478,37.92720200081165],[-83.56091332715076,37.92720200081165],[-83.5610031482588,37.92732597691707],[-83.56089087187375,37.92753850689717],[-83.56095823770478,37.92764477165685],[-83.56086841659673,37.92771561474465],[-83.56086841659673,37.92783958998406],[-83.56082350604271,37.927875011442644],[-83.56077859548869,37.92806982915978],[-83.56059895327256,37.92815838249694],[-83.5606438638266,37.92817609315156],[-83.5606663191036,37.92814067183804],[-83.56075614021167,37.92812296117487],[-83.56073368493466,37.928211514448044],[-83.56068877438062,37.928229225089865],[-83.56068877438062,37.92837091007095],[-83.56073368493466,37.928424041868475],[-83.56057649799554,37.92837091007095],[-83.56059895327256,37.92844175245912],[-83.56071122965763,37.92847717362759],[-83.56068877438062,37.92856572647413],[-83.56057649799554,37.9286719897492],[-83.56057649799554,37.928742831847266],[-83.5606663191036,37.92881367387706],[-83.5606438638266,37.92890222631833],[-83.56035194522542,37.929114751742205],[-83.56019475828633,37.92941582837443],[-83.56012739245529,37.92945124907363],[-83.56014984773229,37.929522090420846],[-83.56010493717827,37.92962835231368],[-83.55990283968514,37.92978774486497],[-83.5598579291311,37.92978774486497],[-83.55983547385411,37.92987629613303],[-83.55976810802306,37.92991171661039],[-83.55972319746903,37.93],[-83.55938636831382,37.93],[-83.55945373414487,37.92987629613303]],[[-83.56048667688749,37.92837091007095],[-83.56053158744153,37.92838862067439],[-83.56053158744153,37.92837091007095],[-83.56048667688749,37.92837091007095]],[[-83.56059895327256,37.928317778235055],[-83.56062140854957,37.928353199463245],[-83.56062140854957,37.928317778235055],[-83.56059895327256,37.928317778235055]],[[-83.56086841659673,37.927166579028835],[-83.56093578242776,37.92718428992238],[-83.56093578242776,37.927166579028835],[-83.56086841659673,37.927166579028835]]]}},{"type":"Feature","properties":{"kind":"sunset","strength":1.0,"hard":false,"sector":"ring-r1c5"},"geometry":{"type":"Polygon","coordinates":[[[-83.55945373414487,37.921569723004296],[-83.55938636831382,37.92153429850833],[-83.55940882359084,37.9214988739953],[-83.5595210999759,37.921516586253944],[-83.55958846580694,37.92162285971625],[-83.55949864469889,37.92165828416957],[-83.55945373414487,37.921569723004296]]]}},{"type":"Feature","properties":{"kind":"sunset","strength":1.0,"hard":false,"sector":"ring-r1c5"},"geometry":{"type":"Polygon","coordinates":[[[-83.55992529496216,37.92208337627831],[-83.55983547385411,37.92197710348148],[-83.55981301857709,37.92185311835775],[-83.55976810802306,37.92185311835775],[-83.55983547385411,37.9217645574271],[-83.55988038440813,37.92178226962176],[-83.55992529496216,37.921888542700145],[-83.55997020551618,37.92208337627831],[-83.55992529496216,37.92208337627831]]]}},{"type":"Feature","properties":{"kind":"sunset","strength":1.0,"hard":false,"sector":"ring-r1c5"},"geometry":{"type":"Polygon","coordinates":[[[-83.56041931105646,37.897512562822804],[-83.56026212411736,37.89740625452903],[-83.5600151160702,37.8971759193658],[-83.55981301857709,37.897140483122854],[-83.55979056330008,37.89692786530699],[-83.5598579291311,37.896874710757075],[-83.5599926607932,37.896910147127954],[-83.5600151160702,37.89696330165229],[-83.56010493717827,37.896998737980525],[-83.56026212411736,37.89698101981854],[-83.56026212411736,37.89703417429169],[-83.56035194522542,37.89708732872648],[-83.56035194522542,37.89715820124646],[-83.56050913216453,37.897299946081716],[-83.56059895327256,37.89733538224788],[-83.56057649799554,37.89747712674194],[-83.56041931105646,37.897512562822804]]]}},{"type":"Feature","properties":{"kind":"sunset","strength":1.0,"hard":false,"sector":"ring-r1c5"},"geometry":{"type":"Polygon","coordinates":[[[-83.55997020551618,37.918257458843],[-83.56008248190126,37.918168893582546],[-83.56008248190126,37.91813346744851],[-83.55988038440813,37.91820431969953],[-83.55988038440813,37.917974049634175],[-83.56003757134722,37.91799176274173],[-83.56006002662423,37.917956336522366],[-83.56023966884034,37.917956336522366],[-83.5603070346714,37.91790319716133],[-83.56048667688749,37.91790319716133],[-83.56080105076569,37.91799176274173],[-83.56068877438062,37.91806261512924],[-83.56068877438062,37.91809804129741],[-83.56080105076569,37.918044902038766],[-83.56093578242776,37.918044902038766],[-83.56093578242776,37.91808032821546],[-83.56086841659673,37.91808032821546],[-83.56071122965763,37.91820431969953],[-83.56059895327256,37.918186606643175],[-83.56055404271854,37.91822203275162],[-83.56039685577944,37.91822203275162],[-83.56037440050243,37.918257458843],[-83.56021721356333,37.91823974579943],[-83.56014984773229,37.91827517188229],[-83.5600151160702,37.91827517188229],[-83.55997020551618,37.918257458843]],[[-83.5603070346714,37.91815118051767],[-83.56028457939436,37.91811575437509],[-83.56021721356333,37.918186606643175],[-83.56017230300931,37.91815118051767],[-83.56012739245529,37.91815118051767],[-83.56012739245529,37.918186606643175],[-83.56023966884034,37.91822203275162],[-83.5603070346714,37.91815118051767]],[[-83.56055404271854,37.91811575437509],[-83.56053158744153,37.91808032821546],[-83.56041931105646,37.91813346744851],[-83.56037440050243,37.91811575437509],[-83.5603294899484,37.91813346744851],[-83.56044176633347,37.918168893582546],[-83.56055404271854,37.91811575437509]]]}},{"type":"Feature","properties":{"kind":"sunset","strength":1.0,"hard":false,"sector":"ring-r1c5"},"geometry":{"type":"Polygon","coordinates":[[[-83.56010493717827,37.92390770201045],[-83.55994775023916,37.92378372014163],[-83.55994775023916,37.92367744980198],[-83.5599926607932,37.9236420263213],[-83.56012739245529,37.9236420263213],[-83.56026212411736,37.923730584991006],[-83.56023966884034,37.92381914355406],[-83.56010493717827,37.92390770201045]]]}},{"type":"Feature","properties":{"kind":"sunset","strength":1.0,"hard":false,"sector":"ring-r1c5"},"geometry":{"type":"Polygon","coordinates":[[[-83.5600151160702,37.92332321422733],[-83.56012739245529,37.92321694322218],[-83.56017230300931,37.92321694322218],[-83.56021721356333,37.923287790576005],[-83.56021721356333,37.92341177328096],[-83.56010493717827,37.92348262044708],[-83.5600151160702,37.92348262044708],[-83.5600151160702,37.92332321422733]]]}},{"type":"Feature","properties":{"kind":"sunset","strength":1.0,"hard":false,"sector":"ring-r1c5"},"geometry":{"type":"Polygon","coordinates":[[[-83.56089087187375,37.89083256010527],[-83.56075614021167,37.89070852249267],[-83.56075614021167,37.89056676496524],[-83.56089087187375,37.89044272690486],[-83.56093578242776,37.89044272690486],[-83.56095823770478,37.890549045255135],[-83.56102560353582,37.890619924070016],[-83.56111542464389,37.89063764376307],[-83.56116033519793,37.89074396183188],[-83.56102560353582,37.89083256010527],[-83.56089087187375,37.89083256010527]]]}},{"type":"Feature","properties":{"kind":"sunset","strength":1.0,"hard":false,"sector":"ring-r1c5"},"geometry":{"type":"Polygon","coordinates":[[[-83.56082350604271,37.897547998886616],[-83.56091332715076,37.897459408695106],[-83.56104805881283,37.89747712674194],[-83.56107051408986,37.89760115295033],[-83.56093578242776,37.89768974297123],[-83.56082350604271,37.89768974297123],[-83.56082350604271,37.897547998886616]]]}},{"type":"Feature","properties":{"kind":"sunset","strength":1.0,"hard":false,"sector":"ring-r1c5"},"geometry":{"type":"Polygon","coordinates":[[[-83.56212591210951,37.89175397582815],[-83.56212591210951,37.891257830333394],[-83.56194626989338,37.891222391241556],[-83.56183399350833,37.891151513006655],[-83.56172171712326,37.891151513006655],[-83.56156453018416,37.89108063470355],[-83.56154207490715,37.891027475931416],[-83.561317522137,37.89097431712092],[-83.56127261158296,37.8909034386472],[-83.56129506686,37.89074396183188],[-83.56140734324507,37.89077940115403],[-83.56145225379909,37.89083256010527],[-83.56176662767729,37.89085027974715],[-83.56178908295429,37.890938877892594],[-83.56208100155547,37.891027475931416],[-83.56212591210951,37.89108063470355],[-83.56223818849458,37.89108063470355],[-83.56223818849458,37.891151513006655],[-83.56214836738653,37.891186952132635],[-83.56241783071067,37.8912401107896],[-83.5623055543256,37.891842572886084],[-83.56217082266353,37.891842572886084],[-83.56212591210951,37.89175397582815]]]}},{"type":"Feature","properties":{"kind":"sunset","strength":1.0,"hard":false,"sector":"ring-r1c5"},"geometry":{"type":"Polygon","coordinates":[[[-83.56183399350833,37.91955049950093],[-83.56140734324507,37.919479648546705],[-83.56149716435313,37.919461935797486],[-83.56151961963013,37.91942651028625],[-83.56140734324507,37.91944422304401],[-83.56138488796805,37.9193379464335],[-83.56151961963013,37.91924938247411],[-83.56169926184624,37.91924938247411],[-83.56176662767729,37.919302520862544],[-83.5619687251704,37.91932023365017],[-83.5619687251704,37.91942651028625],[-83.56183399350833,37.91955049950093]],[[-83.56176662767729,37.919461935797486],[-83.56174417240027,37.91942651028625],[-83.5616543512922,37.919479648546705],[-83.56158698546116,37.919408797524234],[-83.56154207490715,37.919408797524234],[-83.56156453018416,37.919479648546705],[-83.5616318960152,37.919515074032354],[-83.56169926184624,37.919515074032354],[-83.56176662767729,37.919461935797486]]]}},{"type":"Feature","properties":{"kind":"sunset","strength":1.0,"hard":false,"sector":"ring-r1c5"},"geometry":{"type":"Polygon","coordinates":[[[-83.56178908295429,37.89288801011785],[-83.5616318960152,37.892763975968236],[-83.5616543512922,37.892462749306304],[-83.56167680656922,37.892409591532136],[-83.56174417240027,37.892409591532136],[-83.56185644878533,37.89230327586866],[-83.56190135933937,37.89230327586866],[-83.56194626989338,37.892356433719584],[-83.56190135933937,37.892728537601386],[-83.56178908295429,37.89288801011785]]]}},{"type":"Feature","properties":{"kind":"sunset","strength":1.0,"hard":false,"sector":"ring-r1c5"},"geometry":{"type":"Polygon","coordinates":[[[-83.56190135933937,37.892267837280045],[-83.56176662767729,37.892143802085556],[-83.56178908295429,37.891931169837406],[-83.56185644878533,37.89189573106967],[-83.56199118044741,37.89189573106967],[-83.56203609100145,37.891913450455675],[-83.56205854627846,37.89200204732169],[-83.56201363572443,37.892179240733874],[-83.56190135933937,37.892267837280045]]]}},{"type":"Feature","properties":{"kind":"sunset","strength":1.0,"hard":false,"sector":"ring-r1c5"},"geometry":{"type":"Polygon","coordinates":[[[-83.56315885485213,37.89650262783282],[-83.56304657846707,37.89639631808042],[-83.56302412319005,37.896290008174496],[-83.562934302082,37.89623685316395],[-83.562911846805,37.89613054302772],[-83.56275465986587,37.89609510628153],[-83.56268729403484,37.896041951130236],[-83.5626423834808,37.89591792229464],[-83.56248519654173,37.89597107753549],[-83.56217082266353,37.89597107753549],[-83.56208100155547,37.89586476701541],[-83.56208100155547,37.895758456341795],[-83.56214836738653,37.89572301941648],[-83.56237292015665,37.895793893250065],[-83.56255256237277,37.89577617479806],[-83.5626423834808,37.89590020387249],[-83.56277711514291,37.895793893250065],[-83.56288939152797,37.895811611697795],[-83.56297921263601,37.89591792229464],[-83.56306903374407,37.89595335912613],[-83.56313639957513,37.89605966951827],[-83.5632711312372,37.89611282465676],[-83.5632711312372,37.89621913481858],[-83.56340586289927,37.89623685316395],[-83.56336095234525,37.89632544482687],[-83.5634283181763,37.89632544482687],[-83.5634283181763,37.89639631808042],[-83.56333849706824,37.89646719126574],[-83.5632711312372,37.89650262783282],[-83.56315885485213,37.89650262783282]]]}},{"type":"Feature","properties":{"kind":"sunset","strength":1.0,"hard":false,"sector":"ring-r1c5"},"geometry":{"type":"Polygon","coordinates":[[[-83.56217082266353,37.91953278676878],[-83.56228309904859,37.919461935797486],[-83.56228309904859,37.91942651028625],[-83.56221573321756,37.919461935797486],[-83.56212591210951,37.91944422304401],[-83.56210345683249,37.919479648546705],[-83.56212591210951,37.91924938247411],[-83.56228309904859,37.91924938247411],[-83.56246274126471,37.9193379464335],[-83.56244028598769,37.91942651028625],[-83.56235046487964,37.91942651028625],[-83.56237292015665,37.919515074032354],[-83.56217082266353,37.91953278676878]]]}},{"type":"Feature","properties":{"kind":"sunset","strength":1.0,"hard":false,"sector":"ring-r1c5"},"geometry":{"type":"Polygon","coordinates":[[[-83.56376514733151,37.919479648546705],[-83.56385496843957,37.91949736129166],[-83.5639223342706,37.91944422304401],[-83.56403461065567,37.91944422304401],[-83.56421425287178,37.919355659212584],[-83.56428161870284,37.919355659212584],[-83.56428161870284,37.91944422304401],[-83.56414688704074,37.91949736129166],[-83.56381005788553,37.91955049950093],[-83.56376514733151,37.919479648546705]]]}},{"type":"Feature","properties":{"kind":"sunset","strength":1.0,"hard":false,"sector":"ring-r1c5"},"geometry":{"type":"Polygon","coordinates":[[[-83.56376514733151,37.91932023365017],[-83.56394478954763,37.91916081840809],[-83.56410197648671,37.91916081840809],[-83.56428161870284,37.91928480807067],[-83.56428161870284,37.9193379464335],[-83.56410197648671,37.919355659212584],[-83.56403461065567,37.919408797524234],[-83.5638998789936,37.919408797524234],[-83.56387742371658,37.91944422304401],[-83.56376514733151,37.91944422304401],[-83.56376514733151,37.91932023365017]]]}},{"type":"Feature","properties":{"kind":"sunset","strength":1.0,"hard":false,"sector":"ring-r1c5"},"geometry":{"type":"Polygon","coordinates":[[[-83.56381005788553,37.9208789422551],[-83.56385496843957,37.9208435174264],[-83.5639223342706,37.9208789422551],[-83.5638998789936,37.92080809258063],[-83.56383251316254,37.92082580500565],[-83.56387742371658,37.92075495527998],[-83.56403461065567,37.92077266771779],[-83.56403461065567,37.9208435174264],[-83.56398970010166,37.9208435174264],[-83.56398970010166,37.9208789422551],[-83.56410197648671,37.9208789422551],[-83.56414688704074,37.92093207946616],[-83.56414688704074,37.92103835377311],[-83.56383251316254,37.92103835377311],[-83.56381005788553,37.9208789422551]]]}},{"type":"Feature","properties":{"kind":"sunset","strength":1.0,"hard":false,"sector":"ring-r1c5"},"geometry":{"type":"Polygon","coordinates":[[[-83.56412443176372,37.89441184118663],[-83.56405706593267,37.89414605896891],[-83.56416934231775,37.894163777813276],[-83.5642367081488,37.894234653148104],[-83.56432652925686,37.89425237197115],[-83.5642367081488,37.89435868481985],[-83.5642367081488,37.89441184118663],[-83.56412443176372,37.89441184118663]]]}},{"type":"Feature","properties":{"kind":"sunset","strength":1.0,"hard":false,"sector":"ring-r1c5"},"geometry":{"type":"Polygon","coordinates":[[[-83.56493282173622,37.929646062614225],[-83.56477563479712,37.929699193490244],[-83.56455108202698,37.9296814832025],[-83.56450617147296,37.9295929316998],[-83.56434898453386,37.9295929316998],[-83.56421425287178,37.929522090420846],[-83.56419179759477,37.92934498692482],[-83.56428161870284,37.92932727655177],[-83.56441635036491,37.929398118018426],[-83.56461844785804,37.92941582837443],[-83.56464090313504,37.92948666975577],[-83.56477563479712,37.92946895941684],[-83.56482054535115,37.929522090420846],[-83.5649103664592,37.929522090420846],[-83.56500000000001,37.92957522138646],[-83.56500000000001,37.92971690377372],[-83.56493282173622,37.929646062614225]]]}},{"type":"Feature","properties":{"kind":"sunset","strength":1.0,"hard":true,"sector":"ring-r1c5"},"geometry":{"type":"Polygon","coordinates":[[[-83.5544686626478,37.89830987013207],[-83.55442375209378,37.89829215228569],[-83.55442375209378,37.89827443443505],[-83.5544686626478,37.89827443443505],[-83.5544686626478,37.89830987013207]]]}},{"type":"Feature","properties":{"kind":"sunset","strength":1.0,"hard":true,"sector":"ring-r1c5"},"geometry":{"type":"Polygon","coordinates":[[[-83.55469321541794,37.89829215228569],[-83.55464830486392,37.89829215228569],[-83.55460339430991,37.89825671658014],[-83.55471567069495,37.89825671658014],[-83.55469321541794,37.89829215228569]]]}},{"type":"Feature","properties":{"kind":"sunset","strength":1.0,"hard":true,"sector":"ring-r1c5"},"geometry":{"type":"Polygon","coordinates":[[[-83.55489531291107,37.89830987013207],[-83.55485040235705,37.898345305812015],[-83.554783036526,37.89832758797418],[-83.554783036526,37.89829215228569],[-83.55489531291107,37.89830987013207]]]}},{"type":"Feature","properties":{"kind":"sunset","strength":1.0,"hard":true,"sector":"ring-r1c5"},"geometry":{"type":"Polygon","coordinates":[[[-83.5557710687146,37.89678611975522],[-83.55570370288356,37.896856992565226],[-83.55565879232954,37.896856992565226],[-83.55568124760657,37.89680383796412],[-83.5557710687146,37.89678611975522]]]}},{"type":"Feature","properties":{"kind":"sunset","strength":1.0,"hard":true,"sector":"ring-r1c5"},"geometry":{"type":"Polygon","coordinates":[[[-83.55655700341009,37.91944422304401],[-83.55639981647099,37.919355659212584],[-83.55637736119398,37.9192139568605],[-83.55639981647099,37.9192139568605],[-83.55642227174799,37.91914310558209],[-83.55648963757905,37.91908996707848],[-83.55653454813307,37.91908996707848],[-83.55653454813307,37.91907225423541],[-83.55660191396412,37.91908996707848],[-83.55662436924113,37.91903682853647],[-83.55664682451815,37.91903682853647],[-83.55662436924113,37.91910767991728],[-83.55651209285605,37.91912539275181],[-83.55644472702502,37.919178531229825],[-83.55642227174799,37.91926709527453],[-83.55644472702502,37.91926709527453],[-83.55646718230203,37.919355659212584],[-83.55651209285605,37.919355659212584],[-83.55655700341009,37.919408797524234],[-83.55666927979517,37.91942651028625],[-83.55671419034918,37.919461935797486],[-83.55664682451815,37.919479648546705],[-83.55664682451815,37.919461935797486],[-83.55655700341009,37.91944422304401]]]}},{"type":"Feature","properties":{"kind":"sunset","strength":1.0,"hard":true,"sector":"ring-r1c5"},"geometry":{"type":"Polygon","coordinates":[[[-83.55662436924113,37.91634442549128],[-83.55657945868711,37.916308998478506],[-83.55657945868711,37.91625585792734],[-83.55662436924113,37.91627357144866],[-83.55662436924113,37.916308998478506],[-83.55666927979517,37.91634442549128],[-83.55666927979517,37.916379852487],[-83.55671419034918,37.91639756597846],[-83.55671419034918,37.916432992948586],[-83.55662436924113,37.916379852487],[-83.55662436924113,37.91634442549128]]]}},{"type":"Feature","properties":{"kind":"sunset","strength":1.0,"hard":true,"sector":"ring-r1c5"},"geometry":{"type":"Polygon","coordinates":[[[-83.55680401145723,37.916627840979245],[-83.55675910090321,37.91659241410297],[-83.55675910090321,37.91653927375657],[-83.55673664562619,37.91653927375657],[-83.55675910090321,37.91646841990163],[-83.55678155618023,37.91646841990163],[-83.55682646673425,37.916627840979245],[-83.55687137728829,37.91664555441099],[-83.5568938325653,37.916787261711335],[-83.55682646673425,37.91671640809528],[-83.55680401145723,37.916627840979245]]]}},{"type":"Feature","properties":{"kind":"sunset","strength":1.0,"hard":true,"sector":"ring-r1c5"},"geometry":{"type":"Polygon","coordinates":[[[-83.55682646673425,37.91889512557011],[-83.55687137728829,37.91889512557011],[-83.55691628784231,37.918841986887344],[-83.55700610895038,37.918824273984555],[-83.55698365367336,37.918877412680125],[-83.55684892201126,37.91891283845583],[-83.55682646673425,37.918965977087424],[-83.55675910090321,37.918965977087424],[-83.55682646673425,37.91889512557011]]]}},{"type":"Feature","properties":{"kind":"sunset","strength":1.0,"hard":true,"sector":"ring-r1c5"},"geometry":{"type":"Polygon","coordinates":[[[-83.55698365367336,37.89613054302772],[-83.5570510195044,37.89611282465676],[-83.5570510195044,37.89614826139442],[-83.55698365367336,37.89614826139442],[-83.55698365367336,37.89613054302772]]]}},{"type":"Feature","properties":{"kind":"sunset","strength":1.0,"hard":true,"sector":"ring-r1c5"},"geometry":{"type":"Polygon","coordinates":[[[-83.5572306617205,37.89609510628153],[-83.55732048282856,37.896006514341394],[-83.55732048282856,37.89605966951827],[-83.55727557227452,37.89609510628153],[-83.5572306617205,37.89609510628153]]]}},{"type":"Feature","properties":{"kind":"sunset","strength":1.0,"hard":true,"sector":"ring-r1c5"},"geometry":{"type":"Polygon","coordinates":[[[-83.55826360446314,37.91942651028625],[-83.55817378335507,37.9193733719874],[-83.55812887280105,37.9193733719874],[-83.55812887280105,37.9193379464335],[-83.55806150697002,37.9193379464335],[-83.55806150697002,37.919355659212584],[-83.55799414113898,37.9193379464335],[-83.55799414113898,37.919302520862544],[-83.55815132807805,37.91932023365017],[-83.55817378335507,37.919355659212584],[-83.55835342557118,37.919408797524234],[-83.55844324667925,37.919479648546705],[-83.55837588084822,37.919479648546705],[-83.55830851501716,37.91942651028625],[-83.55826360446314,37.91942651028625]]]}},{"type":"Feature","properties":{"kind":"sunset","strength":1.0,"hard":true,"sector":"ring-r1c5"},"geometry":{"type":"Polygon","coordinates":[[[-83.5590046286046,37.91995789116317],[-83.55893726277355,37.919922465890814],[-83.55891480749654,37.91985161529493],[-83.55889235221952,37.91985161529493],[-83.55889235221952,37.91978076463078],[-83.5588698969425,37.91978076463078],[-83.55884744166549,37.91969220120462],[-83.55878007583446,37.91963906309773],[-83.55860043361834,37.91958592495244],[-83.55857797834132,37.91955049950093],[-83.5585330677873,37.91955049950093],[-83.55848815723327,37.919461935797486],[-83.5585330677873,37.919461935797486],[-83.55862288889536,37.91955049950093],[-83.55875762055744,37.91958592495244],[-83.55878007583446,37.919621350386905],[-83.55882498638847,37.919621350386905],[-83.55889235221952,37.91967448850658],[-83.55891480749654,37.91976305195408],[-83.55893726277355,37.91976305195408],[-83.55893726277355,37.9198693279503],[-83.55904953915862,37.919940178529124],[-83.5590270838816,37.92002874165668],[-83.55904953915862,37.92002874165668],[-83.55907199443563,37.92009959208195],[-83.5590270838816,37.92009959208195],[-83.5590270838816,37.92006416687785],[-83.55898217332758,37.92002874165668],[-83.5590046286046,37.91995789116317]]]}},{"type":"Feature","properties":{"kind":"sunset","strength":1.0,"hard":true,"sector":"ring-r1c5"},"geometry":{"type":"Polygon","coordinates":[[[-83.55907199443563,37.89526233783484],[-83.55911690498966,37.89526233783484],[-83.55911690498966,37.89528005641052],[-83.55907199443563,37.89529777498194],[-83.55907199443563,37.89526233783484]]]}},{"type":"Feature","properties":{"kind":"sunset","strength":1.0,"hard":true,"sector":"ring-r1c5"},"geometry":{"type":"Polygon","coordinates":[[[-83.55907199443563,37.89529777498194],[-83.55904953915862,37.895368649224956],[-83.5590046286046,37.89538636777505],[-83.5590046286046,37.895439523399745],[-83.55895971805056,37.895439523399745],[-83.55884744166549,37.89554583453397],[-83.55880253111148,37.89554583453397],[-83.55878007583446,37.895581271544586],[-83.55871271000342,37.895581271544586],[-83.55864534417236,37.89563442702854],[-83.55855552306431,37.89563442702854],[-83.55855552306431,37.8956698639965],[-83.55851061251029,37.89565214551465],[-83.5585330677873,37.89561670853815],[-83.55864534417236,37.8955989900435],[-83.55864534417236,37.895563553041406],[-83.55882498638847,37.89551039750628],[-83.55884744166549,37.89545724193277],[-83.55889235221952,37.89545724193277],[-83.55895971805056,37.89540408632087],[-83.55898217332758,37.895333212111986],[-83.55907199443563,37.89529777498194]]]}},{"type":"Feature","properties":{"kind":"sunset","strength":1.0,"hard":true,"sector":"ring-r1c5"},"geometry":{"type":"Polygon","coordinates":[[[-83.55963337636096,37.92438591583215],[-83.55961092108396,37.92438591583215],[-83.55961092108396,37.924421338954495],[-83.55956601052993,37.924421338954495],[-83.55956601052993,37.92438591583215],[-83.55961092108396,37.92435049269274],[-83.55963337636096,37.92435049269274],[-83.55963337636096,37.92438591583215]]]}},{"type":"Feature","properties":{"kind":"sunset","strength":1.0,"hard":true,"sector":"ring-r1c5"},"geometry":{"type":"Polygon","coordinates":[[[-83.55956601052993,37.924421338954495],[-83.5595210999759,37.92449218514797],[-83.55945373414487,37.924474473606],[-83.55938636831382,37.92452760821912],[-83.55938636831382,37.92458074279384],[-83.5593414577598,37.92458074279384],[-83.55927409192876,37.924651588833754],[-83.5592067260977,37.92466930033306],[-83.55916181554367,37.92484641509155],[-83.55913936026668,37.92484641509155],[-83.55913936026668,37.92488183799206],[-83.55909444971265,37.92488183799206],[-83.55904953915862,37.92491726087549],[-83.55904953915862,37.92497039516867],[-83.55898217332758,37.925023529423434],[-83.55898217332758,37.9251120864294],[-83.55891480749654,37.925182931957394],[-83.55891480749654,37.92525377741712],[-83.55884744166549,37.925306911467125],[-83.55889235221952,37.92541317945196],[-83.55884744166549,37.925448602079435],[-83.55884744166549,37.9255548698595],[-83.55882498638847,37.9255548698595],[-83.55882498638847,37.925608003691934],[-83.55880253111148,37.925608003691934],[-83.55880253111148,37.925731982484976],[-83.55884744166549,37.925731982484976],[-83.55884744166549,37.92587367227821],[-83.55889235221952,37.92590909468385],[-83.55893726277355,37.92590909468385],[-83.55893726277355,37.92592680588027],[-83.5588698969425,37.92594451707244],[-83.5588698969425,37.92592680588027],[-83.55882498638847,37.92592680588027],[-83.55880253111148,37.92585596106898],[-83.55878007583446,37.92585596106898],[-83.55880253111148,37.92576740495888],[-83.55875762055744,37.925749693724065],[-83.55873516528042,37.92567884874212],[-83.55875762055744,37.92567884874212],[-83.55875762055744,37.92557258114124],[-83.55880253111148,37.92553715857348],[-83.55880253111148,37.92543089076783],[-83.55882498638847,37.92543089076783],[-83.55880253111148,37.9252892001214],[-83.5588698969425,37.92523606605859],[-83.5588698969425,37.925165220581796],[-83.55891480749654,37.9251297978178],[-83.55891480749654,37.92504124083316],[-83.55898217332758,37.9249881065912],[-83.5590046286046,37.92489954943591],[-83.55911690498966,37.924828703634894],[-83.55916181554367,37.924651588833754],[-83.55927409192876,37.9245630312732],[-83.5593414577598,37.9245453197483],[-83.55936391303682,37.924474473606],[-83.55940882359084,37.924474473606],[-83.55945373414487,37.924439050509264],[-83.55949864469889,37.92445676205975],[-83.5595210999759,37.924421338954495],[-83.55956601052993,37.924421338954495]]]}},{"type":"Feature","properties":{"kind":"sunset","strength":1.0,"hard":true,"sector":"ring-r1c5"},"geometry":{"type":"Polygon","coordinates":[[[-83.55893726277355,37.91717695537962],[-83.5590046286046,37.91715924207585],[-83.55904953915862,37.91719466867912],[-83.55895971805056,37.917212381974366],[-83.55898217332758,37.91730094838656],[-83.55893726277355,37.91730094838656],[-83.55891480749654,37.917212381974366],[-83.55893726277355,37.917212381974366],[-83.55893726277355,37.91717695537962]]]}},{"type":"Feature","properties":{"kind":"sunset","strength":1.0,"hard":true,"sector":"ring-r1c5"},"geometry":{"type":"Polygon","coordinates":[[[-83.55895971805056,37.92589138348316],[-83.55904953915862,37.92590909468385],[-83.55904953915862,37.92594451707244],[-83.55909444971265,37.925979939443955],[-83.55898217332758,37.92594451707244],[-83.55895971805056,37.92589138348316]]]}},{"type":"Feature","properties":{"kind":"sunset","strength":1.0,"hard":true,"sector":"ring-r1c5"},"geometry":{"type":"Polygon","coordinates":[[[-83.55954355525292,37.92064868056352],[-83.5595210999759,37.920595543147684],[-83.55940882359084,37.92052469320019],[-83.55940882359084,37.920436130669856],[-83.55938636831382,37.920436130669856],[-83.55936391303682,37.92031214294822],[-83.55929654720576,37.9202767178465],[-83.55929654720576,37.920223580161924],[-83.55922918137472,37.92017044243896],[-83.55922918137472,37.92011730467759],[-83.55916181554367,37.92009959208195],[-83.55916181554367,37.92006416687785],[-83.55925163665174,37.92009959208195],[-83.55927409192876,37.92017044243896],[-83.55931900248278,37.92018815501754],[-83.5593414577598,37.92025900528923],[-83.55938636831382,37.9202767178465],[-83.55938636831382,37.920329855492675],[-83.55943127886786,37.9203652805688],[-83.55943127886786,37.920436130669856],[-83.55945373414487,37.920436130669856],[-83.55947618942189,37.92052469320019],[-83.55958846580694,37.92061325562389],[-83.55958846580694,37.92068410548606],[-83.55956601052993,37.92068410548606],[-83.55958846580694,37.92079038015134],[-83.55956601052993,37.92079038015134],[-83.55956601052993,37.92082580500565],[-83.55949864469889,37.92089665466305],[-83.5595210999759,37.92064868056352],[-83.55954355525292,37.92064868056352]]]}},{"type":"Feature","properties":{"kind":"sunset","strength":1.0,"hard":true,"sector":"ring-r1c5"},"geometry":{"type":"Polygon","coordinates":[[[-83.55916181554367,37.92006416687785],[-83.55911690498966,37.92008187948204],[-83.55911690498966,37.92002874165668],[-83.55909444971265,37.92002874165668],[-83.55911690498966,37.919940178529124],[-83.55916181554367,37.91995789116317],[-83.55913936026668,37.919975603792956],[-83.55916181554367,37.92006416687785]]]}},{"type":"Feature","properties":{"kind":"sunset","strength":1.0,"hard":true,"sector":"ring-r1c5"},"geometry":{"type":"Polygon","coordinates":[[[-83.55911690498966,37.919940178529124],[-83.5590270838816,37.91988704060141],[-83.5590046286046,37.91978076463078],[-83.55904953915862,37.91979847730322],[-83.55904953915862,37.91985161529493],[-83.55909444971265,37.91985161529493],[-83.55911690498966,37.919940178529124]]]}},{"type":"Feature","properties":{"kind":"sunset","strength":1.0,"hard":true,"sector":"ring-r1c5"},"geometry":{"type":"Polygon","coordinates":[[[-83.55911690498966,37.92130403886861],[-83.55913936026668,37.92130403886861],[-83.55916181554367,37.9211977649456],[-83.5591842708207,37.9211977649456],[-83.5591842708207,37.921126915578256],[-83.55922918137472,37.921091490868996],[-83.55922918137472,37.92123318960366],[-83.5591842708207,37.921268614244674],[-83.5591842708207,37.92135717577254],[-83.55911690498966,37.921410312638066],[-83.55911690498966,37.92146344946519],[-83.55909444971265,37.92146344946519],[-83.55907199443563,37.921410312638066],[-83.55911690498966,37.921374888065316],[-83.55911690498966,37.92130403886861]]]}},{"type":"Feature","properties":{"kind":"sunset","strength":1.0,"hard":true,"sector":"ring-r1c5"},"geometry":{"type":"Polygon","coordinates":[[[-83.5593414577598,37.920914367066736],[-83.55936391303682,37.920914367066736],[-83.55936391303682,37.92086122984289],[-83.55938636831382,37.92086122984289],[-83.55938636831382,37.92079038015134],[-83.55940882359084,37.92079038015134],[-83.55940882359084,37.920630968095836],[-83.55936391303682,37.92061325562389],[-83.55929654720576,37.92047155569479],[-83.55925163665174,37.920436130669856],[-83.55925163665174,37.9203652805688],[-83.55922918137472,37.9203652805688],[-83.5591842708207,37.92025900528923],[-83.55916181554367,37.92025900528923],[-83.55909444971265,37.92011730467759],[-83.55916181554367,37.92013501726898],[-83.55916181554367,37.92020586759187],[-83.5592067260977,37.920223580161924],[-83.55922918137472,37.92029443039949],[-83.55929654720576,37.92034756803287],[-83.55929654720576,37.92041841815099],[-83.55936391303682,37.92048926820085],[-83.55936391303682,37.92054240569347],[-83.55947618942189,37.92061325562389],[-83.55945373414487,37.92086122984289],[-83.55943127886786,37.92086122984289],[-83.55943127886786,37.920914367066736],[-83.55938636831382,37.92093207946616],[-83.55938636831382,37.92096750425221],[-83.5593414577598,37.921002929021185],[-83.5593414577598,37.921056066142675],[-83.55927409192876,37.921091490868996],[-83.55927409192876,37.92102064139928],[-83.55931900248278,37.92098521663883],[-83.5593414577598,37.920914367066736]]]}},{"type":"Feature","properties":{"kind":"sunset","strength":1.0,"hard":true,"sector":"ring-r1c5"},"geometry":{"type":"Polygon","coordinates":[[[-83.5591842708207,37.925979939443955],[-83.55913936026668,37.925979939443955],[-83.55916181554367,37.92592680588027],[-83.5592067260977,37.92592680588027],[-83.5591842708207,37.925979939443955]]]}},{"type":"Feature","properties":{"kind":"sunset","strength":1.0,"hard":true,"sector":"ring-r1c5"},"geometry":{"type":"Polygon","coordinates":[[[-83.55927409192876,37.92121547727676],[-83.55929654720576,37.92121547727676],[-83.55929654720576,37.921126915578256],[-83.5593414577598,37.921091490868996],[-83.55938636831382,37.921091490868996],[-83.55940882359084,37.92102064139928],[-83.55945373414487,37.92098521663883],[-83.55943127886786,37.92110920322577],[-83.55938636831382,37.92114462792649],[-83.5593414577598,37.92114462792649],[-83.55936391303682,37.9211977649456],[-83.5593414577598,37.9211977649456],[-83.55931900248278,37.921268614244674],[-83.55929654720576,37.921268614244674],[-83.55929654720576,37.9213217511742],[-83.55927409192876,37.9213217511742],[-83.55929654720576,37.92139260035382],[-83.55925163665174,37.92139260035382],[-83.55925163665174,37.9213394634755],[-83.55922918137472,37.9213394634755],[-83.55925163665174,37.921268614244674],[-83.55927409192876,37.921268614244674],[-83.55927409192876,37.92121547727676]]]}},{"type":"Feature","properties":{"kind":"sunset","strength":1.0,"hard":true,"sector":"ring-r1c5"},"geometry":{"type":"Polygon","coordinates":[[[-83.55940882359084,37.921675996389816],[-83.55931900248278,37.9216051474832],[-83.55929654720576,37.92153429850833],[-83.55927409192876,37.92153429850833],[-83.55927409192876,37.9214988739953],[-83.55931900248278,37.9214988739953],[-83.5593414577598,37.92155201075844],[-83.55938636831382,37.921569723004296],[-83.55940882359084,37.921640571945034],[-83.55947618942189,37.9216937086058],[-83.55954355525292,37.9216937086058],[-83.55954355525292,37.92171142081752],[-83.55945373414487,37.92172913302499],[-83.55945373414487,37.92171142081752],[-83.55940882359084,37.92171142081752],[-83.55940882359084,37.921675996389816]]]}},{"type":"Feature","properties":{"kind":"sunset","strength":1.0,"hard":true,"sector":"ring-r1c5"},"geometry":{"type":"Polygon","coordinates":[[[-83.5593414577598,37.89510287046179],[-83.55947618942189,37.895067433220866],[-83.55947618942189,37.89510287046179],[-83.55940882359084,37.89512058907585],[-83.55929654720576,37.895226900670686],[-83.55927409192876,37.89515602629119],[-83.5593414577598,37.895138307685656],[-83.5593414577598,37.89510287046179]]]}},{"type":"Feature","properties":{"kind":"sunset","strength":1.0,"hard":true,"sector":"ring-r1c5"},"geometry":{"type":"Polygon","coordinates":[[[-83.55929654720576,37.924722434805396],[-83.55929654720576,37.924757857765634],[-83.55927409192876,37.924757857765634],[-83.55927409192876,37.92470472331888],[-83.55931900248278,37.9246870118281],[-83.55931900248278,37.924722434805396],[-83.55929654720576,37.924722434805396]]]}},{"type":"Feature","properties":{"kind":"sunset","strength":1.0,"hard":true,"sector":"ring-r1c5"},"geometry":{"type":"Polygon","coordinates":[[[-83.55943127886786,37.92155201075844],[-83.55938636831382,37.92153429850833],[-83.55940882359084,37.9214988739953],[-83.55949864469889,37.92155201075844],[-83.5595210999759,37.92162285971625],[-83.55954355525292,37.92162285971625],[-83.5595210999759,37.92165828416957],[-83.55947618942189,37.921640571945034],[-83.55943127886786,37.92155201075844]]]}},{"type":"Feature","properties":{"kind":"sunset","strength":1.0,"hard":true,"sector":"ring-r1c5"},"geometry":{"type":"Polygon","coordinates":[[[-83.5595210999759,37.92429735795165],[-83.55956601052993,37.92426193476959],[-83.55956601052993,37.92435049269274],[-83.55949864469889,37.924403627395456],[-83.55947618942189,37.92436820426458],[-83.55949864469889,37.92436820426458],[-83.5595210999759,37.92429735795165]]]}},{"type":"Feature","properties":{"kind":"sunset","strength":1.0,"hard":true,"sector":"ring-r1c5"},"geometry":{"type":"Polygon","coordinates":[[[-83.55961092108396,37.894996558687836],[-83.559655831638,37.895031995962874],[-83.55961092108396,37.895031995962874],[-83.55956601052993,37.89508515184346],[-83.5595210999759,37.89508515184346],[-83.55954355525292,37.89501427732748],[-83.55961092108396,37.894996558687836]]]}},{"type":"Feature","properties":{"kind":"sunset","strength":1.0,"hard":true,"sector":"ring-r1c5"},"geometry":{"type":"Polygon","coordinates":[[[-83.55958846580694,37.92241990578845],[-83.559678286915,37.92229592141125],[-83.55979056330008,37.922207361013854],[-83.5598579291311,37.922189648921574],[-83.5598579291311,37.922136512619126],[-83.55979056330008,37.92210108839619],[-83.55979056330008,37.92206566415617],[-83.55972319746903,37.92201252776415],[-83.55972319746903,37.92194167918174],[-83.55970074219202,37.92194167918174],[-83.55970074219202,37.921870830531084],[-83.559678286915,37.921870830531084],[-83.559678286915,37.92185311835775],[-83.55972319746903,37.92185311835775],[-83.55974565274605,37.92190625486494],[-83.55976810802306,37.92190625486494],[-83.55979056330008,37.92203023989909],[-83.55990283968514,37.922118800509786],[-83.55990283968514,37.922225073101856],[-83.55979056330008,37.92226049726508],[-83.559678286915,37.922349057598495],[-83.559655831638,37.922437617825274],[-83.55963337636096,37.922437617825274],[-83.55963337636096,37.9225084659299],[-83.55961092108396,37.9225084659299],[-83.55958846580694,37.92241990578845]]]}},{"type":"Feature","properties":{"kind":"sunset","strength":1.0,"hard":true,"sector":"ring-r1c5"},"geometry":{"type":"Polygon","coordinates":[[[-83.559678286915,37.921746845228185],[-83.55961092108396,37.92172913302499],[-83.55961092108396,37.9216937086058],[-83.559655831638,37.9216937086058],[-83.55974565274605,37.921746845228185],[-83.55972319746903,37.92183540618015],[-83.559678286915,37.921817693998285],[-83.559678286915,37.92178226962176],[-83.55970074219202,37.92178226962176],[-83.559678286915,37.921746845228185]]]}},{"type":"Feature","properties":{"kind":"sunset","strength":1.0,"hard":true,"sector":"ring-r1c5"},"geometry":{"type":"Polygon","coordinates":[[[-83.55970074219202,37.92991171661039],[-83.55979056330008,37.92985858588795],[-83.55983547385411,37.92975232432787],[-83.55988038440813,37.92975232432787],[-83.55992529496216,37.9296814832025],[-83.55997020551618,37.9296814832025],[-83.56003757134722,37.92962835231368],[-83.56003757134722,37.9295929316998],[-83.56008248190126,37.92955751106885],[-83.56008248190126,37.929504380090435],[-83.56012739245529,37.929504380090435],[-83.56012739245529,37.9295929316998],[-83.56008248190126,37.92961064200887],[-83.56008248190126,37.929646062614225],[-83.55992529496216,37.929770034598555],[-83.5598579291311,37.929770034598555],[-83.55983547385411,37.92987629613303],[-83.55974565274605,37.929929426842676],[-83.55974565274605,37.92996484729444],[-83.55970074219202,37.93],[-83.559655831638,37.93],[-83.55970074219202,37.92991171661039]]]}},{"type":"Feature","properties":{"kind":"sunset","strength":1.0,"hard":true,"sector":"ring-r1c5"},"geometry":{"type":"Polygon","coordinates":[[[-83.55974565274605,37.922349057598495],[-83.55983547385411,37.92229592141125],[-83.55988038440813,37.92229592141125],[-83.55994775023916,37.9222427851856],[-83.55994775023916,37.92229592141125],[-83.55990283968514,37.92233134554035],[-83.55981301857709,37.922349057598495],[-83.55976810802306,37.92238448170201],[-83.55976810802306,37.922437617825274],[-83.55972319746903,37.92247304188612],[-83.55972319746903,37.9225084659299],[-83.559678286915,37.9225084659299],[-83.559678286915,37.922455329857826],[-83.55972319746903,37.92241990578845],[-83.55974565274605,37.922349057598495]]]}},{"type":"Feature","properties":{"kind":"sunset","strength":1.0,"hard":true,"sector":"ring-r1c5"},"geometry":{"type":"Polygon","coordinates":[[[-83.55983547385411,37.89494340274328],[-83.5598579291311,37.89490796542558],[-83.55990283968514,37.89490796542558],[-83.55994775023916,37.894819372056716],[-83.5599926607932,37.894801653370145],[-83.5600151160702,37.894713059873325],[-83.56008248190126,37.89465990372406],[-83.56008248190126,37.894606747536415],[-83.56010493717827,37.894606747536415],[-83.56012739245529,37.894535872559835],[-83.56017230300931,37.89450043504596],[-83.56021721356333,37.89450043504596],[-83.56017230300931,37.894535872559835],[-83.56017230300931,37.894606747536415],[-83.56012739245529,37.894624466269896],[-83.56012739245529,37.894677622444746],[-83.56006002662423,37.894748497284844],[-83.56003757134722,37.89483709073902],[-83.5599926607932,37.894854809417055],[-83.5599926607932,37.89489024676035],[-83.55994775023916,37.89489024676035],[-83.55992529496216,37.89494340274328],[-83.55983547385411,37.89496112139573],[-83.55979056330008,37.894996558687836],[-83.55979056330008,37.895031995962874],[-83.55974565274605,37.895031995962874],[-83.55976810802306,37.89496112139573],[-83.55983547385411,37.89494340274328]]]}},{"type":"Feature","properties":{"kind":"sunset","strength":1.0,"hard":true,"sector":"ring-r1c5"},"geometry":{"type":"Polygon","coordinates":[[[-83.55990283968514,37.92201252776415],[-83.55983547385411,37.92197710348148],[-83.55981301857709,37.92185311835775],[-83.55976810802306,37.921817693998285],[-83.55988038440813,37.92178226962176],[-83.55983547385411,37.92183540618015],[-83.55988038440813,37.921870830531084],[-83.55988038440813,37.92195939133375],[-83.55994775023916,37.92199481562495],[-83.55997020551618,37.92208337627831],[-83.55992529496216,37.92208337627831],[-83.55990283968514,37.92201252776415]]]}},{"type":"Feature","properties":{"kind":"sunset","strength":1.0,"hard":true,"sector":"ring-r1c5"},"geometry":{"type":"Polygon","coordinates":[[[-83.5598579291311,37.896874710757075],[-83.55990283968514,37.89689242894464],[-83.55990283968514,37.89692786530699],[-83.55983547385411,37.896910147127954],[-83.5598579291311,37.896874710757075]]]}},{"type":"Feature","properties":{"kind":"sunset","strength":1.0,"hard":true,"sector":"ring-r1c5"},"geometry":{"type":"Polygon","coordinates":[[[-83.55992529496216,37.896945583481774],[-83.55992529496216,37.896910147127954],[-83.55997020551618,37.896910147127954],[-83.56003757134722,37.89698101981854],[-83.56010493717827,37.89698101981854],[-83.56010493717827,37.896998737980525],[-83.5600151160702,37.89701645613824],[-83.55992529496216,37.896945583481774]]]}},{"type":"Feature","properties":{"kind":"sunset","strength":1.0,"hard":true,"sector":"ring-r1c5"},"geometry":{"type":"Polygon","coordinates":[[[-83.56003757134722,37.91811575437509],[-83.56003757134722,37.91815118051767],[-83.5599926607932,37.918186606643175],[-83.55994775023916,37.918186606643175],[-83.55994775023916,37.91815118051767],[-83.56003757134722,37.91811575437509]]]}},{"type":"Feature","properties":{"kind":"sunset","strength":1.0,"hard":true,"sector":"ring-r1c5"},"geometry":{"type":"Polygon","coordinates":[[[-83.56010493717827,37.918168893582546],[-83.56008248190126,37.918186606643175],[-83.56006002662423,37.91823974579943],[-83.5599926607932,37.918257458843],[-83.5600151160702,37.91820431969953],[-83.56006002662423,37.91820431969953],[-83.56006002662423,37.918168893582546],[-83.56010493717827,37.918168893582546]]]}},{"type":"Feature","properties":{"kind":"sunset","strength":1.0,"hard":true,"sector":"ring-r1c5"},"geometry":{"type":"Polygon","coordinates":[[[-83.56017230300931,37.92936269729362],[-83.56019475828633,37.929274145406964],[-83.56026212411736,37.92920330382084],[-83.56026212411736,37.92916788300219],[-83.56028457939436,37.92916788300219],[-83.56028457939436,37.92913246216647],[-83.5603070346714,37.92913246216647],[-83.5603070346714,37.92909704131368],[-83.5603294899484,37.92909704131368],[-83.5603294899484,37.92906162044383],[-83.56048667688749,37.92893764726497],[-83.56053158744153,37.92893764726497],[-83.56057649799554,37.92890222631833],[-83.56059895327256,37.92881367387706],[-83.56053158744153,37.92876054236112],[-83.56053158744153,37.9286719897492],[-83.56059895327256,37.928601147582896],[-83.56059895327256,37.92856572647413],[-83.56062140854957,37.92856572647413],[-83.56062140854957,37.92853030534832],[-83.5606438638266,37.92853030534832],[-83.5606438638266,37.928494884205435],[-83.56055404271854,37.92845946304549],[-83.56055404271854,37.928424041868475],[-83.56053158744153,37.928424041868475],[-83.56053158744153,37.92838862067439],[-83.56055404271854,37.92838862067439],[-83.56062140854957,37.92845946304549],[-83.5606663191036,37.92845946304549],[-83.56071122965763,37.928494884205435],[-83.56071122965763,37.92853030534832],[-83.5606663191036,37.928548015913364],[-83.5606663191036,37.928583437030646],[-83.56062140854957,37.928601147582896],[-83.56062140854957,37.928636568674584],[-83.56057649799554,37.9286719897492],[-83.56057649799554,37.92876054236112],[-83.5606663191036,37.92881367387706],[-83.5606438638266,37.92890222631833],[-83.56050913216453,37.929008489107055],[-83.56046422161049,37.929008489107055],[-83.56041931105646,37.929043910002505],[-83.56041931105646,37.92907933088089],[-83.56035194522542,37.929114751742205],[-83.5603294899484,37.92920330382084],[-83.56021721356333,37.92929185579283],[-83.56019475828633,37.92941582837443],[-83.56010493717827,37.92946895941684],[-83.56014984773229,37.92936269729362],[-83.56017230300931,37.92936269729362]]]}},{"type":"Feature","properties":{"kind":"sunset","strength":1.0,"hard":true,"sector":"ring-r1c5"},"geometry":{"type":"Polygon","coordinates":[[[-83.56023966884034,37.92378372014163],[-83.56023966884034,37.92381914355406],[-83.56019475828633,37.92385456694942],[-83.56012739245529,37.92387227864071],[-83.56014984773229,37.923801431849974],[-83.56023966884034,37.92378372014163]]]}},{"type":"Feature","properties":{"kind":"sunset","strength":1.0,"hard":true,"sector":"ring-r1c5"},"geometry":{"type":"Polygon","coordinates":[[[-83.56021721356333,37.92334092604658],[-83.56017230300931,37.9233055024038],[-83.56017230300931,37.92325236690762],[-83.56021721356333,37.923287790576005],[-83.56021721356333,37.92334092604658]]]}},{"type":"Feature","properties":{"kind":"sunset","strength":1.0,"hard":true,"sector":"ring-r1c5"},"geometry":{"type":"Polygon","coordinates":[[[-83.56026212411736,37.918186606643175],[-83.5603294899484,37.918186606643175],[-83.5603294899484,37.91822203275162],[-83.5603070346714,37.91823974579943],[-83.56017230300931,37.91823974579943],[-83.56017230300931,37.91820431969953],[-83.56023966884034,37.91822203275162],[-83.56026212411736,37.918186606643175]]]}},{"type":"Feature","properties":{"kind":"sunset","strength":1.0,"hard":true,"sector":"ring-r1c5"},"geometry":{"type":"Polygon","coordinates":[[[-83.56046422161049,37.897299946081716],[-83.56041931105646,37.897299946081716],[-83.56037440050243,37.89726450989849],[-83.56035194522542,37.89719363748086],[-83.56028457939436,37.897140483122854],[-83.5603070346714,37.89710504686286],[-83.56026212411736,37.89710504686286],[-83.56021721356333,37.8970696105858],[-83.56021721356333,37.89703417429169],[-83.56019475828633,37.89703417429169],[-83.56021721356333,37.89698101981854],[-83.56026212411736,37.89698101981854],[-83.56026212411736,37.897051892440885],[-83.56035194522542,37.89708732872648],[-83.56035194522542,37.89715820124646],[-83.56041931105646,37.89719363748086],[-83.56041931105646,37.89722907369821],[-83.56059895327256,37.89733538224788],[-83.56059895327256,37.897388536465144],[-83.56055404271854,37.897388536465144],[-83.56055404271854,37.897353100324565],[-83.56048667688749,37.89733538224788],[-83.56046422161049,37.897299946081716]]]}},{"type":"Feature","properties":{"kind":"sunset","strength":1.0,"hard":true,"sector":"ring-r1c5"},"geometry":{"type":"Polygon","coordinates":[[[-83.56028457939436,37.91813346744851],[-83.56023966884034,37.918168893582546],[-83.56019475828633,37.918168893582546],[-83.56021721356333,37.91811575437509],[-83.56028457939436,37.91809804129741],[-83.56028457939436,37.91813346744851]]]}},{"type":"Feature","properties":{"kind":"sunset","strength":1.0,"hard":true,"sector":"ring-r1c5"},"geometry":{"type":"Polygon","coordinates":[[[-83.56035194522542,37.89444727874315],[-83.56035194522542,37.89441184118663],[-83.56057649799554,37.89427009078993],[-83.56057649799554,37.894234653148104],[-83.56068877438062,37.894163777813276],[-83.56068877438062,37.89412834012027],[-83.56073368493466,37.894092902410215],[-83.56077859548869,37.894092902410215],[-83.56077859548869,37.89407518354879],[-83.56084596131973,37.894092902410215],[-83.56084596131973,37.89411062126739],[-83.56077859548869,37.89411062126739],[-83.56071122965763,37.894163777813276],[-83.56071122965763,37.89419921548922],[-83.5606663191036,37.894216934320795],[-83.5606663191036,37.89425237197115],[-83.56059895327256,37.89428780960444],[-83.56059895327256,37.89432324722068],[-83.56053158744153,37.89437640361304],[-83.56048667688749,37.89437640361304],[-83.56037440050243,37.89446499751502],[-83.56026212411736,37.89450043504596],[-83.56026212411736,37.89446499751502],[-83.5603070346714,37.89446499751502],[-83.5603070346714,37.89442955996702],[-83.56035194522542,37.89444727874315]]]}},{"type":"Feature","properties":{"kind":"sunset","strength":1.0,"hard":true,"sector":"ring-r1c5"},"geometry":{"type":"Polygon","coordinates":[[[-83.56050913216453,37.91815118051767],[-83.56055404271854,37.91811575437509],[-83.56055404271854,37.91808032821546],[-83.56050913216453,37.91808032821546],[-83.56048667688749,37.91811575437509],[-83.56044176633347,37.91811575437509],[-83.56044176633347,37.91808032821546],[-83.56053158744153,37.918044902038766],[-83.56059895327256,37.91809804129741],[-83.56057649799554,37.91815118051767],[-83.56048667688749,37.918186606643175],[-83.56046422161049,37.91815118051767],[-83.56050913216453,37.91815118051767]]]}},{"type":"Feature","properties":{"kind":"sunset","strength":1.0,"hard":true,"sector":"ring-r1c5"},"geometry":{"type":"Polygon","coordinates":[[[-83.56068877438062,37.92837091007095],[-83.56071122965763,37.92838862067439],[-83.56062140854957,37.92838862067439],[-83.5606663191036,37.92828235698977],[-83.56068877438062,37.92828235698977],[-83.56068877438062,37.92837091007095]]]}},{"type":"Feature","properties":{"kind":"sunset","strength":1.0,"hard":true,"sector":"ring-r1c5"},"geometry":{"type":"Polygon","coordinates":[[[-83.56075614021167,37.92814067183804],[-83.56071122965763,37.92817609315156],[-83.56068877438062,37.92814067183804],[-83.56075614021167,37.92814067183804]]]}},{"type":"Feature","properties":{"kind":"sunset","strength":1.0,"hard":true,"sector":"ring-r1c5"},"geometry":{"type":"Polygon","coordinates":[[[-83.56089087187375,37.927414531150106],[-83.56091332715076,37.927414531150106],[-83.56091332715076,37.92736139862307],[-83.56093578242776,37.92736139862307],[-83.56093578242776,37.92730826605766],[-83.56091332715076,37.92730826605766],[-83.56086841659673,37.92721971169665],[-83.56091332715076,37.92721971169665],[-83.56095823770478,37.927255133453855],[-83.56095823770478,37.927290555193984],[-83.5610031482588,37.92732597691707],[-83.56095823770478,37.92743224198391],[-83.56093578242776,37.92743224198391],[-83.56093578242776,37.927485374459735],[-83.56089087187375,37.92752079608896],[-83.56089087187375,37.92759163929621],[-83.56086841659673,37.92759163929621],[-83.56084596131973,37.92753850689717],[-83.56086841659673,37.92753850689717],[-83.56086841659673,37.927485374459735],[-83.56089087187375,37.927485374459735],[-83.56089087187375,37.927414531150106]]]}},{"type":"Feature","properties":{"kind":"sunset","strength":1.0,"hard":true,"sector":"ring-r1c5"},"geometry":{"type":"Polygon","coordinates":[[[-83.56089087187375,37.92759163929621],[-83.56093578242776,37.92762706087424],[-83.56093578242776,37.92766248243521],[-83.56086841659673,37.927697903979094],[-83.56086841659673,37.92783958998406],[-83.56082350604271,37.927875011442644],[-83.56082350604271,37.92792814359851],[-83.56080105076569,37.92792814359851],[-83.56080105076569,37.9280166971063],[-83.56077859548869,37.9280166971063],[-83.56075614021167,37.928087539835744],[-83.56068877438062,37.928087539835744],[-83.56068877438062,37.92805211847956],[-83.56073368493466,37.92805211847956],[-83.56073368493466,37.92799898641327],[-83.56075614021167,37.92799898641327],[-83.56075614021167,37.92789272216552],[-83.56080105076569,37.92785730071549],[-83.56080105076569,37.92773332550594],[-83.56082350604271,37.92773332550594],[-83.56084596131973,37.92766248243521],[-83.56089087187375,37.92764477165685],[-83.56086841659673,37.92762706087424],[-83.56089087187375,37.92759163929621]]]}},{"type":"Feature","properties":{"kind":"sunset","strength":1.0,"hard":true,"sector":"ring-r1c5"},"geometry":{"type":"Polygon","coordinates":[[[-83.56082350604271,37.91808032821546],[-83.56082350604271,37.91806261512924],[-83.56089087187375,37.91806261512924],[-83.56086841659673,37.91809804129741],[-83.56077859548869,37.91811575437509],[-83.56077859548869,37.918168893582546],[-83.56073368493466,37.918168893582546],[-83.56075614021167,37.91809804129741],[-83.56082350604271,37.91808032821546]]]}},{"type":"Feature","properties":{"kind":"sunset","strength":1.0,"hard":true,"sector":"ring-r1c5"},"geometry":{"type":"Polygon","coordinates":[[[-83.5609806929818,37.92721971169665],[-83.56091332715076,37.92720200081165],[-83.56091332715076,37.92718428992238],[-83.56093578242776,37.927166579028835],[-83.56102560353582,37.92718428992238],[-83.56104805881283,37.92723742257738],[-83.56109296936687,37.927255133453855],[-83.56107051408986,37.92730826605766],[-83.5609806929818,37.92721971169665]]]}},{"type":"Feature","properties":{"kind":"sunset","strength":1.0,"hard":true,"sector":"ring-r1c5"},"geometry":{"type":"Polygon","coordinates":[[[-83.5609806929818,37.8905844846711],[-83.56095823770478,37.8905844846711],[-83.56095823770478,37.890549045255135],[-83.56102560353582,37.8905844846711],[-83.56102560353582,37.890619924070016],[-83.56111542464389,37.89063764376307],[-83.56113787992089,37.890690802816664],[-83.5610031482588,37.89065536345187],[-83.5609806929818,37.8905844846711]]]}},{"type":"Feature","properties":{"kind":"sunset","strength":1.0,"hard":true,"sector":"ring-r1c5"},"geometry":{"type":"Polygon","coordinates":[[[-83.56095823770478,37.890549045255135],[-83.56093578242776,37.890549045255135],[-83.56093578242776,37.890478166372006],[-83.56095823770478,37.890478166372006],[-83.56095823770478,37.890549045255135]]]}},{"type":"Feature","properties":{"kind":"sunset","strength":1.0,"hard":true,"sector":"ring-r1c5"},"geometry":{"type":"Polygon","coordinates":[[[-83.56107051408986,37.8938802757916],[-83.56113787992089,37.893809400115586],[-83.56118279047493,37.893809400115586],[-83.56111542464389,37.8938802757916],[-83.56111542464389,37.89393343250383],[-83.56109296936687,37.89393343250383],[-83.56107051408986,37.8938802757916]]]}},{"type":"Feature","properties":{"kind":"sunset","strength":1.0,"hard":true,"sector":"ring-r1c5"},"geometry":{"type":"Polygon","coordinates":[[[-83.56107051408986,37.89391571360402],[-83.56102560353582,37.893968870290664],[-83.5610031482588,37.893968870290664],[-83.56102560353582,37.89391571360402],[-83.56107051408986,37.89391571360402]]]}},{"type":"Feature","properties":{"kind":"sunset","strength":1.0,"hard":true,"sector":"ring-r1c5"},"geometry":{"type":"Polygon","coordinates":[[[-83.5610031482588,37.893968870290664],[-83.56102560353582,37.89402202693891],[-83.56095823770478,37.89403974581313],[-83.56095823770478,37.89400430806043],[-83.5610031482588,37.893968870290664]]]}},{"type":"Feature","properties":{"kind":"sunset","strength":1.0,"hard":true,"sector":"ring-r1c5"},"geometry":{"type":"Polygon","coordinates":[[[-83.56104805881283,37.897547998886616],[-83.5610031482588,37.89753028085685],[-83.5609806929818,37.89747712674194],[-83.56104805881283,37.89747712674194],[-83.56104805881283,37.897547998886616]]]}},{"type":"Feature","properties":{"kind":"sunset","strength":1.0,"hard":true,"sector":"ring-r1c5"},"geometry":{"type":"Polygon","coordinates":[[[-83.56116033519793,37.927113446322636],[-83.56116033519793,37.92707802449718],[-83.56120524575195,37.927095735412045],[-83.56120524575195,37.927113446322636],[-83.56116033519793,37.927113446322636]]]}},{"type":"Feature","properties":{"kind":"sunset","strength":1.0,"hard":true,"sector":"ring-r1c5"},"geometry":{"type":"Polygon","coordinates":[[[-83.56127261158296,37.926936337024685],[-83.56136243269103,37.92691862607142],[-83.56129506686,37.92700718079506],[-83.56116033519793,37.92702489172699],[-83.56116033519793,37.92700718079506],[-83.56127261158296,37.92697175891841],[-83.56127261158296,37.926936337024685]]]}},{"type":"Feature","properties":{"kind":"sunset","strength":1.0,"hard":true,"sector":"ring-r1c5"},"geometry":{"type":"Polygon","coordinates":[[[-83.56125015630596,37.893827119040985],[-83.56122770102895,37.893827119040985],[-83.56122770102895,37.893773962252006],[-83.56125015630596,37.893773962252006],[-83.56125015630596,37.893827119040985]]]}},{"type":"Feature","properties":{"kind":"sunset","strength":1.0,"hard":true,"sector":"ring-r1c5"},"geometry":{"type":"Polygon","coordinates":[[[-83.56133997741402,37.893756243313796],[-83.56142979852207,37.893685367518366],[-83.56142979852207,37.89359677267812],[-83.56147470907611,37.893561334712174],[-83.56147470907611,37.893525896729166],[-83.56145225379909,37.893525896729166],[-83.56147470907611,37.893508177731256],[-83.56147470907611,37.89341958267778],[-83.56151961963013,37.89338414462654],[-83.56149716435313,37.89318923503974],[-83.56151961963013,37.89318923503974],[-83.56154207490715,37.893100639602416],[-83.56149716435313,37.893100639602416],[-83.56147470907611,37.89302976317579],[-83.56149716435313,37.89302976317579],[-83.56154207490715,37.89308292050215],[-83.56158698546116,37.89308292050215],[-83.56158698546116,37.89313607779014],[-83.56154207490715,37.8931715159608],[-83.56154207490715,37.89327783037043],[-83.56158698546116,37.89331326847286],[-83.56156453018416,37.89333098751768],[-83.56158698546116,37.89336642559451],[-83.56156453018416,37.89336642559451],[-83.56154207490715,37.89345502071196],[-83.56151961963013,37.89345502071196],[-83.56149716435313,37.89370308647362],[-83.56145225379909,37.89373852437134],[-83.56140734324507,37.89373852437134],[-83.56138488796805,37.893773962252006],[-83.56129506686,37.89379168118592],[-83.56129506686,37.893756243313796],[-83.56133997741402,37.893756243313796]]]}},{"type":"Feature","properties":{"kind":"sunset","strength":1.0,"hard":true,"sector":"ring-r1c5"},"geometry":{"type":"Polygon","coordinates":[[[-83.56136243269103,37.89083256010527],[-83.56133997741402,37.890761681495086],[-83.56140734324507,37.89077940115403],[-83.56145225379909,37.89083256010527],[-83.56149716435313,37.890814840459115],[-83.56149716435313,37.89083256010527],[-83.5616318960152,37.89085027974715],[-83.5616318960152,37.89086799938477],[-83.56154207490715,37.890885719018115],[-83.56149716435313,37.89085027974715],[-83.56136243269103,37.89083256010527]]]}},{"type":"Feature","properties":{"kind":"sunset","strength":1.0,"hard":true,"sector":"ring-r1c5"},"geometry":{"type":"Polygon","coordinates":[[[-83.56142979852207,37.91939108475795],[-83.56147470907611,37.91942651028625],[-83.56142979852207,37.91942651028625],[-83.56142979852207,37.91944422304401],[-83.56138488796805,37.91942651028625],[-83.56142979852207,37.91939108475795]]]}},{"type":"Feature","properties":{"kind":"sunset","strength":1.0,"hard":true,"sector":"ring-r1c5"},"geometry":{"type":"Polygon","coordinates":[[[-83.56145225379909,37.92681236026228],[-83.56140734324507,37.92677693829178],[-83.56140734324507,37.92667067227786],[-83.56142979852207,37.92667067227786],[-83.56145225379909,37.926582117148946],[-83.56151961963013,37.92654669506752],[-83.56149716435313,37.92652898402041],[-83.56151961963013,37.92645813978929],[-83.56147470907611,37.92642271764815],[-83.56145225379909,37.926281028912896],[-83.56156453018416,37.926174762182285],[-83.5616543512922,37.92615705104559],[-83.5616543512922,37.92619247331472],[-83.56160944073818,37.92619247331472],[-83.56151961963013,37.9262633178018],[-83.56151961963013,37.926334162220606],[-83.56149716435313,37.926334162220606],[-83.56151961963013,37.92640500657117],[-83.56154207490715,37.92640500657117],[-83.56154207490715,37.92645813978929],[-83.56156453018416,37.92645813978929],[-83.56156453018416,37.926564406110366],[-83.56147470907611,37.9266352502391],[-83.56147470907611,37.92670609429956],[-83.56145225379909,37.92670609429956],[-83.56147470907611,37.92681236026228],[-83.56151961963013,37.92684778221573],[-83.56149716435313,37.92686549318606],[-83.56151961963013,37.92691862607142],[-83.56147470907611,37.92695404797368],[-83.56142979852207,37.92695404797368],[-83.56142979852207,37.92691862607142],[-83.56147470907611,37.92688320415211],[-83.56145225379909,37.92681236026228]]]}},{"type":"Feature","properties":{"kind":"sunset","strength":1.0,"hard":true,"sector":"ring-r1c5"},"geometry":{"type":"Polygon","coordinates":[[[-83.56149716435313,37.91949736129166],[-83.56142979852207,37.91949736129166],[-83.56142979852207,37.919479648546705],[-83.56147470907611,37.919461935797486],[-83.56149716435313,37.91949736129166]]]}},{"type":"Feature","properties":{"kind":"sunset","strength":1.0,"hard":true,"sector":"ring-r1c5"},"geometry":{"type":"Polygon","coordinates":[[[-83.56147470907611,37.92557258114124],[-83.56147470907611,37.92548402468985],[-83.56149716435313,37.92548402468985],[-83.56149716435313,37.92543089076783],[-83.56151961963013,37.92543089076783],[-83.56151961963013,37.925377756807414],[-83.56156453018416,37.925377756807414],[-83.56151961963013,37.92557258114124],[-83.56158698546116,37.925608003691934],[-83.56158698546116,37.92564342622556],[-83.56151961963013,37.92562571496088],[-83.56149716435313,37.92557258114124],[-83.56147470907611,37.92557258114124]]]}},{"type":"Feature","properties":{"kind":"sunset","strength":1.0,"hard":true,"sector":"ring-r1c5"},"geometry":{"type":"Polygon","coordinates":[[[-83.5616318960152,37.91944422304401],[-83.56172171712326,37.91939108475795],[-83.56178908295429,37.919408797524234],[-83.56178908295429,37.91942651028625],[-83.56172171712326,37.91942651028625],[-83.5616543512922,37.919479648546705],[-83.5616318960152,37.91944422304401]]]}},{"type":"Feature","properties":{"kind":"sunset","strength":1.0,"hard":true,"sector":"ring-r1c5"},"geometry":{"type":"Polygon","coordinates":[[[-83.56169926184624,37.919515074032354],[-83.56174417240027,37.919461935797486],[-83.56178908295429,37.919461935797486],[-83.56176662767729,37.91953278676878],[-83.5616318960152,37.91953278676878],[-83.5616318960152,37.919515074032354],[-83.56169926184624,37.919515074032354]]]}},{"type":"Feature","properties":{"kind":"sunset","strength":1.0,"hard":true,"sector":"ring-r1c5"},"geometry":{"type":"Polygon","coordinates":[[[-83.56205854627846,37.89109835428572],[-83.56201363572443,37.89104519552639],[-83.5619687251704,37.89104519552639],[-83.56192381461639,37.89100975633218],[-83.56187890406235,37.891027475931416],[-83.56187890406235,37.89100975633218],[-83.56183399350833,37.89100975633218],[-83.56183399350833,37.89097431712092],[-83.56174417240027,37.89095659750888],[-83.56172171712326,37.89086799938477],[-83.56167680656922,37.89086799938477],[-83.56167680656922,37.89083256010527],[-83.56176662767729,37.89085027974715],[-83.56178908295429,37.89086799938477],[-83.56176662767729,37.89092115827203],[-83.56185644878533,37.890938877892594],[-83.56190135933937,37.890992036728676],[-83.56201363572443,37.89100975633218],[-83.56201363572443,37.891027475931416],[-83.56210345683249,37.89104519552639],[-83.56212591210951,37.89108063470355],[-83.56223818849458,37.89108063470355],[-83.56223818849458,37.891151513006655],[-83.56219327794055,37.891151513006655],[-83.56219327794055,37.89109835428572],[-83.56212591210951,37.89109835428572],[-83.56212591210951,37.89111607386362],[-83.56205854627846,37.89109835428572]]]}},{"type":"Feature","properties":{"kind":"sunset","strength":1.0,"hard":true,"sector":"ring-r1c5"},"geometry":{"type":"Polygon","coordinates":[[[-83.56178908295429,37.9260684952981],[-83.56181153823131,37.92589138348316],[-83.56183399350833,37.92589138348316],[-83.56181153823131,37.92585596106898],[-83.56183399350833,37.925838249855495],[-83.56176662767729,37.92582053863774],[-83.56176662767729,37.92578511618944],[-83.56172171712326,37.925749693724065],[-83.56172171712326,37.92569655999401],[-83.56174417240027,37.92569655999401],[-83.56172171712326,37.92564342622556],[-83.56178908295429,37.92564342622556],[-83.56178908295429,37.92576740495888],[-83.56190135933937,37.92582053863774],[-83.56187890406235,37.92594451707244],[-83.56185644878533,37.92594451707244],[-83.56187890406235,37.925979939443955],[-83.56183399350833,37.926015361798406],[-83.56181153823131,37.92613933990463],[-83.56178908295429,37.92613933990463],[-83.56176662767729,37.92619247331472],[-83.56172171712326,37.92619247331472],[-83.56174417240027,37.92612162875938],[-83.56176662767729,37.92612162875938],[-83.56176662767729,37.9260684952981],[-83.56178908295429,37.9260684952981]]]}},{"type":"Feature","properties":{"kind":"sunset","strength":1.0,"hard":true,"sector":"ring-r1c5"},"geometry":{"type":"Polygon","coordinates":[[[-83.56187890406235,37.89242731079447],[-83.56190135933937,37.89242731079447],[-83.56190135933937,37.892338714440214],[-83.56192381461639,37.892338714440214],[-83.56194626989338,37.892356433719584],[-83.56194626989338,37.892445030052514],[-83.56192381461639,37.892445030052514],[-83.56194626989338,37.892498187801095],[-83.56192381461639,37.892498187801095],[-83.56192381461639,37.892586783963424],[-83.56190135933937,37.892586783963424],[-83.56192381461639,37.892657660816525],[-83.56190135933937,37.892657660816525],[-83.56190135933937,37.892710818411565],[-83.56187890406235,37.892710818411565],[-83.56187890406235,37.89278169514526],[-83.56181153823131,37.89285257181071],[-83.56181153823131,37.89278169514526],[-83.56183399350833,37.89278169514526],[-83.56183399350833,37.892710818411565],[-83.56185644878533,37.892710818411565],[-83.56187890406235,37.89242731079447]]]}},{"type":"Feature","properties":{"kind":"sunset","strength":1.0,"hard":true,"sector":"ring-r1c5"},"geometry":{"type":"Polygon","coordinates":[[[-83.5619687251704,37.92592680588027],[-83.56194626989338,37.92592680588027],[-83.56194626989338,37.92585596106898],[-83.5619687251704,37.92585596106898],[-83.5619687251704,37.92592680588027]]]}},{"type":"Feature","properties":{"kind":"sunset","strength":1.0,"hard":true,"sector":"ring-r1c5"},"geometry":{"type":"Polygon","coordinates":[[[-83.56201363572443,37.89203748603824],[-83.56201363572443,37.89200204732169],[-83.56205854627846,37.89200204732169],[-83.56203609100145,37.892090644081094],[-83.56201363572443,37.892090644081094],[-83.56201363572443,37.892179240733874],[-83.56194626989338,37.89223239867436],[-83.56194626989338,37.892143802085556],[-83.56199118044741,37.892108363420185],[-83.56199118044741,37.89203748603824],[-83.56201363572443,37.89203748603824]]]}},{"type":"Feature","properties":{"kind":"sunset","strength":1.0,"hard":true,"sector":"ring-r1c5"},"geometry":{"type":"Polygon","coordinates":[[[-83.56212591210951,37.89572301941648],[-83.56223818849458,37.89577617479806],[-83.56219327794055,37.89577617479806],[-83.56219327794055,37.895793893250065],[-83.56212591210951,37.89577617479806],[-83.56212591210951,37.89572301941648]]]}},{"type":"Feature","properties":{"kind":"sunset","strength":1.0,"hard":true,"sector":"ring-r1c5"},"geometry":{"type":"Polygon","coordinates":[[[-83.56221573321756,37.91939108475795],[-83.56228309904859,37.919408797524234],[-83.56228309904859,37.91942651028625],[-83.56221573321756,37.91942651028625],[-83.56221573321756,37.919461935797486],[-83.56217082266353,37.919461935797486],[-83.56214836738653,37.91942651028625],[-83.56221573321756,37.919408797524234],[-83.56221573321756,37.91939108475795]]]}},{"type":"Feature","properties":{"kind":"sunset","strength":1.0,"hard":true,"sector":"ring-r1c5"},"geometry":{"type":"Polygon","coordinates":[[[-83.5622606437716,37.919479648546705],[-83.5623055543256,37.91944422304401],[-83.56228309904859,37.919515074032354],[-83.56219327794055,37.91953278676878],[-83.56219327794055,37.91949736129166],[-83.5622606437716,37.919479648546705]]]}},{"type":"Feature","properties":{"kind":"sunset","strength":1.0,"hard":true,"sector":"ring-r1c5"},"geometry":{"type":"Polygon","coordinates":[[[-83.56228309904859,37.89171853697513],[-83.56228309904859,37.89155906192539],[-83.5623055543256,37.89155906192539],[-83.5623055543256,37.89148818401463],[-83.56232800960261,37.89148818401463],[-83.56232800960261,37.89143502553678],[-83.56235046487964,37.89143502553678],[-83.56235046487964,37.89129326940819],[-83.56237292015665,37.89129326940819],[-83.56237292015665,37.891257830333394],[-83.56228309904859,37.8912401107896],[-83.56228309904859,37.891204671689216],[-83.56232800960261,37.891204671689216],[-83.56232800960261,37.891222391241556],[-83.56241783071067,37.8912401107896],[-83.56241783071067,37.89132870846593],[-83.56239537543367,37.89132870846593],[-83.56239537543367,37.891452745033654],[-83.56235046487964,37.89148818401463],[-83.5623055543256,37.891842572886084],[-83.5622606437716,37.891842572886084],[-83.5622606437716,37.891789414664125],[-83.56228309904859,37.891789414664125],[-83.5622606437716,37.89171853697513],[-83.56228309904859,37.89171853697513]]]}},{"type":"Feature","properties":{"kind":"sunset","strength":1.0,"hard":true,"sector":"ring-r1c5"},"geometry":{"type":"Polygon","coordinates":[[[-83.56244028598769,37.895811611697795],[-83.56237292015665,37.89582933014127],[-83.56237292015665,37.895811611697795],[-83.56232800960261,37.895811611697795],[-83.56232800960261,37.89577617479806],[-83.56244028598769,37.895793893250065],[-83.56244028598769,37.895811611697795]]]}},{"type":"Feature","properties":{"kind":"sunset","strength":1.0,"hard":true,"sector":"ring-r1c5"},"geometry":{"type":"Polygon","coordinates":[[[-83.56257501764979,37.89582933014127],[-83.56253010709575,37.89582933014127],[-83.56253010709575,37.895793893250065],[-83.56257501764979,37.895793893250065],[-83.56257501764979,37.89582933014127]]]}},{"type":"Feature","properties":{"kind":"sunset","strength":1.0,"hard":true,"sector":"ring-r1c5"},"geometry":{"type":"Polygon","coordinates":[[[-83.56300166791304,37.89597107753549],[-83.56286693625097,37.89588248544609],[-83.56284448097394,37.895811611697795],[-83.56288939152797,37.895811611697795],[-83.56295675735902,37.89586476701541],[-83.56297921263601,37.89591792229464],[-83.56304657846707,37.89593564071252],[-83.56304657846707,37.89597107753549],[-83.56300166791304,37.89597107753549]]]}},{"type":"Feature","properties":{"kind":"sunset","strength":1.0,"hard":true,"sector":"ring-r1c5"},"geometry":{"type":"Polygon","coordinates":[[[-83.5632486759602,37.89623685316395],[-83.56322622068318,37.89623685316395],[-83.56322622068318,37.89614826139442],[-83.56313639957513,37.89611282465676],[-83.56311394429811,37.896041951130236],[-83.56318131012914,37.89605966951827],[-83.5632711312372,37.89613054302772],[-83.5632711312372,37.89621913481858],[-83.56331604179124,37.89625457150507],[-83.56340586289927,37.89623685316395],[-83.56338340762227,37.896290008174496],[-83.56336095234525,37.896290008174496],[-83.56338340762227,37.89636088146217],[-83.56331604179124,37.896343163146646],[-83.56329358651423,37.89627228984191],[-83.5632486759602,37.89627228984191],[-83.5632486759602,37.89623685316395]]]}},{"type":"Feature","properties":{"kind":"sunset","strength":1.0,"hard":true,"sector":"ring-r1c5"},"geometry":{"type":"Polygon","coordinates":[[[-83.5639223342706,37.9193733719874],[-83.5639223342706,37.919408797524234],[-83.56387742371658,37.91944422304401],[-83.56381005788553,37.91944422304401],[-83.56383251316254,37.91939108475795],[-83.5639223342706,37.9193733719874]]]}},{"type":"Feature","properties":{"kind":"sunset","strength":1.0,"hard":true,"sector":"ring-r1c5"},"geometry":{"type":"Polygon","coordinates":[[[-83.5638998789936,37.9208789422551],[-83.56394478954763,37.9208789422551],[-83.5639223342706,37.92082580500565],[-83.5638998789936,37.92082580500565],[-83.5638998789936,37.92079038015134],[-83.5639223342706,37.92079038015134],[-83.5639223342706,37.92080809258063],[-83.56396724482464,37.92080809258063],[-83.56398970010166,37.92086122984289],[-83.56396724482464,37.92086122984289],[-83.56396724482464,37.92089665466305],[-83.5638998789936,37.920914367066736],[-83.5638998789936,37.92089665466305],[-83.56385496843957,37.92089665466305],[-83.56385496843957,37.9208435174264],[-83.5638998789936,37.9208789422551]]]}},{"type":"Feature","properties":{"kind":"sunset","strength":1.0,"hard":true,"sector":"ring-r1c5"},"geometry":{"type":"Polygon","coordinates":[[[-83.56396724482464,37.919479648546705],[-83.56394478954763,37.919479648546705],[-83.56394478954763,37.91949736129166],[-83.56387742371658,37.919515074032354],[-83.56387742371658,37.919479648546705],[-83.5639223342706,37.91944422304401],[-83.56396724482464,37.91944422304401],[-83.56396724482464,37.919479648546705]]]}},{"type":"Feature","properties":{"kind":"sunset","strength":1.0,"hard":true,"sector":"ring-r1c5"},"geometry":{"type":"Polygon","coordinates":[[[-83.56416934231775,37.919302520862544],[-83.5642367081488,37.91932023365017],[-83.5642367081488,37.9193379464335],[-83.56416934231775,37.9193379464335],[-83.56416934231775,37.919355659212584],[-83.56410197648671,37.919355659212584],[-83.56407952120969,37.91939108475795],[-83.56403461065567,37.91939108475795],[-83.56405706593267,37.9193379464335],[-83.56416934231775,37.91932023365017],[-83.56416934231775,37.919302520862544]]]}},{"type":"Feature","properties":{"kind":"sunset","strength":1.0,"hard":true,"sector":"ring-r1c5"},"geometry":{"type":"Polygon","coordinates":[[[-83.56412443176372,37.91939108475795],[-83.56419179759477,37.91939108475795],[-83.56419179759477,37.9193733719874],[-83.5642367081488,37.9193733719874],[-83.5642367081488,37.919408797524234],[-83.56407952120969,37.919461935797486],[-83.56405706593267,37.91942651028625],[-83.56410197648671,37.91942651028625],[-83.56412443176372,37.91939108475795]]]}},{"type":"Feature","properties":{"kind":"sunset","strength":1.0,"hard":true,"sector":"ring-r1c5"},"geometry":{"type":"Polygon","coordinates":[[[-83.56412443176372,37.894163777813276],[-83.56416934231775,37.894163777813276],[-83.56428161870284,37.89425237197115],[-83.5642591634258,37.89427009078993],[-83.56416934231775,37.89425237197115],[-83.56412443176372,37.894163777813276]]]}},{"type":"Feature","properties":{"kind":"sunset","strength":1.0,"hard":true,"sector":"ring-r1c5"},"geometry":{"type":"Polygon","coordinates":[[[-83.56432652925686,37.92938040765816],[-83.56441635036491,37.92938040765816],[-83.56441635036491,37.929398118018426],[-83.56428161870284,37.929398118018426],[-83.56428161870284,37.92938040765816],[-83.5642367081488,37.92938040765816],[-83.5642367081488,37.92934498692482],[-83.56430407397984,37.92934498692482],[-83.56432652925686,37.92938040765816]]]}},{"type":"Feature","properties":{"kind":"sunset","strength":1.0,"hard":true,"sector":"ring-r1c5"},"geometry":{"type":"Polygon","coordinates":[[[-83.564573537304,37.92945124907363],[-83.56452862674998,37.929433538726165],[-83.56452862674998,37.92941582837443],[-83.56459599258102,37.92941582837443],[-83.564573537304,37.92945124907363]]]}},{"type":"Feature","properties":{"kind":"sunset","strength":1.0,"hard":true,"sector":"ring-r1c5"},"geometry":{"type":"Polygon","coordinates":[[[-83.56479809007413,37.92948666975577],[-83.56482054535115,37.929522090420846],[-83.5648879111822,37.929522090420846],[-83.5648879111822,37.92953980074699],[-83.56479809007413,37.92955751106885],[-83.56479809007413,37.92953980074699],[-83.56473072424309,37.929522090420846],[-83.56473072424309,37.92948666975577],[-83.56479809007413,37.92948666975577]]]}}]}
