{"type":"FeatureCollection","features":[{"type":"Feature","properties":{"osm_id":16334016,"highway":"residential","name":"Fish Creek Loop Road","alt_name":null,"official_name":null,"surface":null,"tracktype":null,"service":null,"access":null,"motor_vehicle":null,"foot":null,"tiger_reviewed":"no","rrgh_part":0,"rrgh_tile_part":0},"geometry":{"type":"LineString","coordinates":[[-83.67500000000001,37.50066104],[-83.674665,37.50072],[-83.674546,37.500745],[-83.67445,37.500782],[-83.674354,37.500807],[-83.674245,37.500771],[-83.674146,37.500752],[-83.674049,37.500714],[-83.673956,37.500664],[-83.673775,37.50054],[-83.673598,37.50041],[-83.673522,37.500348],[-83.673446,37.500276],[-83.673376,37.5002],[-83.673204,37.499987],[-83.673147,37.499927],[-83.673085,37.499879],[-83.673012,37.499846],[-83.672926,37.499823],[-83.672712,37.499782],[-83.672584,37.49975],[-83.672444,37.499707],[-83.672296,37.499657],[-83.672142,37.499601],[-83.671991,37.499533],[-83.671856,37.499458],[-83.671637,37.49933],[-83.671539,37.499288],[-83.671441,37.499261],[-83.671341,37.499248],[-83.671237,37.49925],[-83.67113,37.499266],[-83.670771,37.499357],[-83.67062,37.499388],[-83.66997,37.49947],[-83.669822,37.499504],[-83.669538,37.499595],[-83.669103,37.499569],[-83.66899,37.499538],[-83.668889,37.499517],[-83.668791,37.499507],[-83.66869,37.499511],[-83.6686078,37.4995178],[-83.668461,37.499535],[-83.668094,37.499587],[-83.667986,37.499597],[-83.667882,37.499597],[-83.667775,37.499586],[-83.667665,37.499562],[-83.667553,37.499523],[-83.66744,37.49947],[-83.667322,37.499405],[-83.667208,37.499334],[-83.667093,37.499256],[-83.66698,37.499173],[-83.666772,37.499003],[-83.666734,37.498963],[-83.666683,37.498909],[-83.666608,37.498815],[-83.666471,37.498631],[-83.666324,37.498458],[-83.666244,37.498379],[-83.666079,37.498234],[-83.666012,37.49816],[-83.66597,37.49808],[-83.665958,37.497996],[-83.665977,37.497911],[-83.666019,37.497827],[-83.666123,37.49767],[-83.666172,37.497584],[-83.666218,37.497485],[-83.666263,37.497375],[-83.66638,37.497035],[-83.666435,37.496924],[-83.666567,37.496736],[-83.66679,37.496443],[-83.666941,37.496262],[-83.667005,37.496176],[-83.667048,37.49609],[-83.667083,37.495996],[-83.667135,37.495795],[-83.66722,37.495505],[-83.667235,37.495421],[-83.667239,37.495344],[-83.667231,37.495204],[-83.667237,37.49514],[-83.667261,37.495083],[-83.667301,37.495039],[-83.66735,37.495005],[-83.667407,37.494979],[-83.667485,37.494958],[-83.667568,37.494948],[-83.667764,37.494937],[-83.667983,37.494917],[-83.6682,37.494875],[-83.668303,37.494848],[-83.668395,37.49481],[-83.668476,37.494761],[-83.668543,37.494699],[-83.668597,37.494626],[-83.668737,37.494382],[-83.668793,37.494306],[-83.669024,37.494022],[-83.669125,37.493876],[-83.669169,37.493794],[-83.669212,37.493704],[-83.669338,37.493388],[-83.66938,37.493299],[-83.669432,37.493205],[-83.669483,37.493122],[-83.669523,37.493041],[-83.669555,37.492961],[-83.669579,37.492876],[-83.669593,37.492782],[-83.66961,37.492577],[-83.669638,37.49248],[-83.669696,37.492399],[-83.669771,37.492341],[-83.670056,37.492182],[-83.670259,37.492014],[-83.670424,37.491838],[-83.670892,37.491631],[-83.671006,37.491609],[-83.671109,37.491578],[-83.671204,37.491546],[-83.671294,37.49151],[-83.671379,37.491468],[-83.671459,37.491417],[-83.67153,37.491357],[-83.671593,37.49128],[-83.671649,37.49119],[-83.671765,37.490984],[-83.671954,37.490677],[-83.672002,37.490577],[-83.672034,37.490473],[-83.672049,37.49036],[-83.672056,37.490243],[-83.672058,37.490126],[-83.672051,37.490014],[-83.672024,37.489907],[-83.671979,37.489805],[-83.671915,37.489704],[-83.671838,37.4896],[-83.671344,37.488967],[-83.671267,37.488886],[-83.671085,37.488668],[-83.670938,37.488474],[-83.670824,37.488313],[-83.670723,37.488149],[-83.670664,37.48804],[-83.670609,37.487929],[-83.670414,37.487423],[-83.670363,37.487303],[-83.670296,37.487198],[-83.670253,37.487074],[-83.670171,37.486955],[-83.670099,37.486873],[-83.67003,37.486815],[-83.669998,37.486787],[-83.669879,37.486713],[-83.669745,37.486652],[-83.669598,37.486604],[-83.669278,37.486521],[-83.66911,37.486471],[-83.668943,37.486413],[-83.668108,37.486068],[-83.668022,37.486018],[-83.667961,37.485957],[-83.667934,37.485879],[-83.667953,37.485795],[-83.668019,37.485718],[-83.668117,37.485647],[-83.668622,37.485335],[-83.668748,37.485243],[-83.668983,37.485051],[-83.66921,37.484832],[-83.669321,37.484718],[-83.669525,37.484478],[-83.669613,37.484353],[-83.669684,37.484225],[-83.669746,37.484092],[-83.669857,37.483803],[-83.669982,37.483495],[-83.670047,37.483345],[-83.670103,37.483205],[-83.67015,37.483077],[-83.670186,37.482942],[-83.670234,37.482264],[-83.670253,37.482133],[-83.670279,37.482013],[-83.670313,37.481915],[-83.670352,37.481835],[-83.670395,37.481766],[-83.6705,37.481645],[-83.670628,37.481526]]}},{"type":"Feature","properties":{"osm_id":16334496,"highway":"residential","name":"Amburgey Road","alt_name":null,"official_name":null,"surface":null,"tracktype":null,"service":null,"access":null,"motor_vehicle":null,"foot":null,"tiger_reviewed":"no","rrgh_part":0,"rrgh_tile_part":0},"geometry":{"type":"LineString","coordinates":[[-83.659266,37.458923],[-83.659255,37.458835],[-83.659237,37.458811],[-83.659165,37.458559],[-83.659144,37.458474],[-83.659112,37.458385],[-83.659112,37.458292],[-83.659123,37.458198],[-83.65914,37.458103],[-83.659166,37.458009],[-83.659181,37.457909],[-83.659259,37.457776],[-83.659326,37.457702],[-83.659398,37.457654],[-83.659482,37.457622],[-83.659578,37.457601],[-83.659682,37.457592],[-83.659799,37.457593],[-83.6599448,37.4575992],[-83.66031,37.457619],[-83.6606199,37.457641],[-83.660662,37.457644],[-83.660767,37.457644],[-83.660862,37.45763],[-83.660942,37.457604],[-83.661145,37.457522],[-83.661229,37.457486],[-83.66155,37.457334],[-83.661669,37.457268],[-83.661792,37.457205],[-83.661918,37.457147],[-83.662041,37.457084],[-83.662161,37.457015],[-83.662414,37.45688],[-83.662654,37.456746],[-83.662773,37.456686],[-83.662894,37.456631],[-83.663145,37.456538],[-83.663393,37.456458],[-83.663512,37.456424],[-83.66373,37.456373],[-83.663925,37.456338],[-83.664022,37.456325],[-83.664349,37.45629],[-83.664705,37.456221],[-83.664828,37.456194],[-83.664955,37.456171],[-83.665221,37.456133],[-83.665613,37.456083],[-83.665727,37.456071],[-83.665827,37.456068],[-83.66587,37.456072],[-83.665913,37.456076],[-83.665989,37.456096],[-83.666028,37.456113],[-83.666143,37.456169],[-83.666227,37.456217],[-83.666484,37.456374],[-83.666742,37.456525],[-83.666941,37.456624],[-83.667048,37.45667],[-83.667159,37.456709],[-83.667277,37.456735],[-83.667397,37.456746],[-83.667516,37.456742],[-83.667632,37.456725],[-83.667845,37.456663],[-83.667948,37.456637],[-83.66805,37.456617],[-83.668149,37.456612],[-83.668242,37.456623],[-83.668321,37.456652],[-83.668381,37.456696],[-83.66842,37.456753],[-83.668451,37.456806],[-83.66847,37.456869],[-83.668478,37.456942],[-83.668462,37.457176],[-83.668448,37.457256],[-83.668426,37.457343],[-83.6684,37.457414],[-83.668363,37.457473],[-83.668326,37.457545],[-83.668279,37.457607],[-83.668264,37.457663],[-83.668169,37.457725],[-83.668113,37.457767],[-83.66806,37.45783],[-83.667883,37.458106],[-83.667824,37.458264],[-83.667786,37.45842],[-83.667765,37.458554],[-83.667762,37.458614],[-83.667768,37.458672],[-83.667791,37.458726],[-83.667837,37.458768],[-83.667898,37.458789],[-83.667962,37.458784],[-83.668013,37.458757],[-83.668054,37.458718],[-83.668091,37.458659],[-83.668167,37.458516],[-83.668214,37.45844],[-83.668272,37.458361],[-83.668335,37.458285],[-83.66841,37.458207],[-83.668494,37.458132],[-83.668587,37.458061],[-83.668686,37.457994],[-83.668884,37.457871],[-83.669068,37.457768],[-83.669154,37.457727],[-83.66924,37.457699],[-83.669319,37.457683],[-83.669394,37.457678],[-83.669462,37.457688],[-83.669524,37.457711],[-83.669582,37.457741],[-83.669695,37.457815],[-83.669751,37.457861],[-83.669815,37.457905],[-83.670039,37.458045],[-83.670128,37.458091],[-83.670228,37.458133],[-83.670334,37.458167],[-83.670445,37.458191],[-83.67077,37.458235],[-83.670871,37.458255],[-83.670967,37.458288],[-83.671053,37.458334],[-83.67122,37.458434],[-83.671308,37.458481],[-83.671574,37.4586],[-83.671791,37.458642],[-83.671905,37.45867],[-83.672157,37.458723],[-83.672287,37.458746],[-83.672424,37.458764],[-83.672841,37.458787],[-83.67313,37.458813],[-83.673274,37.458832],[-83.673546,37.458881],[-83.673667,37.458914],[-83.673774,37.45896],[-83.673871,37.459012],[-83.673982,37.459056],[-83.674097,37.459088],[-83.674453,37.45917],[-83.674555,37.459197],[-83.674639,37.459231],[-83.674717,37.45928],[-83.67478,37.459342],[-83.674844,37.459418],[-83.674974,37.45959],[-83.67500000000001,37.459622967320264]]}},{"type":"Feature","properties":{"osm_id":16334496,"highway":"residential","name":"Amburgey Road","alt_name":null,"official_name":null,"surface":null,"tracktype":null,"service":null,"access":null,"motor_vehicle":null,"foot":null,"tiger_reviewed":"no","rrgh_part":0,"rrgh_tile_part":1},"geometry":{"type":"LineString","coordinates":[[-83.67500000000001,37.46866776],[-83.674879,37.468732],[-83.674809,37.468791],[-83.674705,37.468927],[-83.674642,37.469067],[-83.67461,37.469128],[-83.674534,37.469243],[-83.674489,37.469297],[-83.674439,37.469348],[-83.674387,37.469392],[-83.674125,37.469601],[-83.67402,37.469681],[-83.673968,37.469725],[-83.67387,37.469821],[-83.673825,37.469875],[-83.67379,37.469939],[-83.673766,37.470001],[-83.673753,37.470063],[-83.673756,37.470131],[-83.673771,37.470269],[-83.673772,37.47035],[-83.673767,37.470425],[-83.673753,37.470498],[-83.673698,37.470636],[-83.673617,37.470779],[-83.673515,37.47091],[-83.673459,37.47097],[-83.673401,37.471026],[-83.673338,37.471079],[-83.673272,37.471122],[-83.673139,37.47122],[-83.673075,37.471276],[-83.673019,37.471343],[-83.672972,37.471421],[-83.6729,37.471587],[-83.672859,37.471668],[-83.672808,37.471742],[-83.672753,37.47181],[-83.672584,37.47199],[-83.672539,37.472049],[-83.672495,37.472099],[-83.672467,37.472145],[-83.672394,37.472237],[-83.672305,37.472339],[-83.672051,37.472579],[-83.671988,37.472643],[-83.67193,37.472709],[-83.671869,37.472786],[-83.671741,37.47299],[-83.671685,37.473061],[-83.671634,37.473138],[-83.671571,37.473207],[-83.671336,37.473495],[-83.671279,37.473559],[-83.671221,37.473617],[-83.671153,37.473662],[-83.671079,37.47369],[-83.671003,37.4737],[-83.670925,37.473693],[-83.670852,37.473682],[-83.670784,37.473684],[-83.670724,37.473701],[-83.670677,37.473736],[-83.670638,37.47378],[-83.670603,37.473834],[-83.670364,37.474307],[-83.6702686,37.4744757],[-83.670208,37.474586],[-83.670173,37.474666],[-83.670091,37.474829],[-83.670048,37.47492],[-83.670007,37.475021]]}},{"type":"Feature","properties":{"osm_id":16334660,"highway":"residential","name":"Fish Creek Road","alt_name":null,"official_name":null,"surface":null,"tracktype":null,"service":null,"access":null,"motor_vehicle":null,"foot":null,"tiger_reviewed":"no","rrgh_part":0,"rrgh_tile_part":0},"geometry":{"type":"LineString","coordinates":[[-83.67500000000001,37.480168146974066],[-83.674837,37.480217],[-83.674673,37.480257],[-83.67452,37.480287],[-83.6737503,37.4804031],[-83.6732332,37.4805349],[-83.6729487,37.4806228],[-83.6728634,37.4806315],[-83.6727495,37.480632],[-83.67263,37.4805581]]}},{"type":"Feature","properties":{"osm_id":1151360351,"highway":"service","name":null,"alt_name":null,"official_name":null,"surface":null,"tracktype":null,"service":null,"access":null,"motor_vehicle":null,"foot":null,"tiger_reviewed":null,"rrgh_part":0,"rrgh_tile_part":0},"geometry":{"type":"LineString","coordinates":[[-83.67500000000001,37.467483654092185],[-83.6749189,37.4675247],[-83.6747926,37.4675663],[-83.6746878,37.4675688],[-83.6746385,37.4675468],[-83.67458,37.4675003],[-83.6745708,37.4674269],[-83.6745923,37.4673022],[-83.6746817,37.4671286],[-83.6747002,37.4669819],[-83.6746848,37.4668131],[-83.6746077,37.4666688],[-83.6744537,37.4664634],[-83.674389,37.4663289],[-83.6744136,37.466214],[-83.6745307,37.4661113],[-83.6747341,37.4660061],[-83.6748604,37.4659083],[-83.6748943,37.4658203],[-83.6748881,37.4657176],[-83.6748511,37.465561],[-83.6746971,37.4653189],[-83.6745738,37.4650206],[-83.6745101,37.4647917],[-83.6744444,37.4646318],[-83.6743921,37.4644068],[-83.6743859,37.4642087],[-83.6743982,37.4640228],[-83.674352,37.4638345],[-83.6742904,37.4636584],[-83.6742472,37.4634726]]}},{"type":"Feature","properties":{"osm_id":16333720,"highway":"residential","name":"Winklers Branch Road","alt_name":null,"official_name":null,"surface":"gravel","tracktype":null,"service":null,"access":null,"motor_vehicle":null,"foot":null,"tiger_reviewed":"no","rrgh_part":0,"rrgh_tile_part":0},"geometry":{"type":"LineString","coordinates":[[-83.67500000000001,37.49204081132074],[-83.674853,37.492161],[-83.674773,37.492237],[-83.674656,37.492376],[-83.674296,37.49252],[-83.674198,37.492563],[-83.674105,37.49261],[-83.673932,37.492721],[-83.673844,37.492774],[-83.673747,37.492813],[-83.673641,37.492833],[-83.673535,37.492858],[-83.673423,37.49289],[-83.67308,37.493024],[-83.672838,37.493105],[-83.672593,37.493173],[-83.672477,37.493209],[-83.672363,37.493239],[-83.672254,37.493266],[-83.672146,37.493286],[-83.672039,37.49329],[-83.671935,37.493281],[-83.671835,37.493266],[-83.671732,37.493268],[-83.671642,37.493281],[-83.671407,37.493329],[-83.671357,37.49338],[-83.671318,37.49343],[-83.671266,37.493482],[-83.671225,37.493535],[-83.671041,37.493813],[-83.670968,37.493954],[-83.670924,37.494005],[-83.67085,37.494066],[-83.670772,37.494172],[-83.670748,37.494216],[-83.670719,37.494256],[-83.670614,37.494476],[-83.670538,37.494912],[-83.670555,37.494986],[-83.670568,37.495026],[-83.670599,37.495098],[-83.670678,37.495246],[-83.670779,37.495477],[-83.670857,37.495644],[-83.670968,37.495867],[-83.671023,37.496019],[-83.671064,37.496108],[-83.671095,37.496151],[-83.671168,37.496237],[-83.671199,37.496281],[-83.671352,37.496518],[-83.671383,37.496557],[-83.671403,37.496597],[-83.671489,37.496662],[-83.671545,37.496686],[-83.671597,37.496755],[-83.671671,37.496822],[-83.671745,37.496899],[-83.671809,37.496941],[-83.671871,37.496989],[-83.671998,37.497097],[-83.672063,37.497156],[-83.67226,37.497353],[-83.672331,37.497418],[-83.672407,37.497478],[-83.67249,37.497531],[-83.672647,37.497619],[-83.672707,37.497668],[-83.672754,37.497725],[-83.67279,37.497786],[-83.672828,37.497841],[-83.672869,37.497881],[-83.672908,37.497908],[-83.673263,37.498073],[-83.673308,37.498103],[-83.673345,37.498136],[-83.673399,37.498237],[-83.673431,37.498328],[-83.673446,37.498357],[-83.673473,37.498541],[-83.673479,37.498614],[-83.673474,37.498637],[-83.673472,37.498705],[-83.673456,37.498792],[-83.673441,37.498917],[-83.673441,37.498977],[-83.673427,37.499264],[-83.673418,37.499336],[-83.673389,37.499483],[-83.673348,37.499626],[-83.673317,37.499754],[-83.67329,37.499807],[-83.67328,37.499841],[-83.673227,37.499948],[-83.673204,37.499987]]}},{"type":"Feature","properties":{"osm_id":16332417,"highway":"residential","name":"Jim Callahan Road","alt_name":null,"official_name":null,"surface":null,"tracktype":null,"service":null,"access":null,"motor_vehicle":null,"foot":null,"tiger_reviewed":"no","rrgh_part":0,"rrgh_tile_part":0},"geometry":{"type":"LineString","coordinates":[[-83.6476062861515,37.45],[-83.647478,37.450207],[-83.647421,37.450336],[-83.647377,37.450471],[-83.647343,37.450611],[-83.647315,37.450754],[-83.647294,37.450895],[-83.647266,37.451179],[-83.647229,37.451626],[-83.647213,37.451921],[-83.647217,37.452197],[-83.647302,37.452902],[-83.647321,37.453041],[-83.647367,37.453315],[-83.647421,37.453584],[-83.64758,37.454222],[-83.647623,37.454348],[-83.647677,37.454469],[-83.647994,37.455069],[-83.648122,37.455291],[-83.648189,37.455389],[-83.648268,37.455471],[-83.648358,37.455533],[-83.648458,37.455577],[-83.648566,37.455612],[-83.648792,37.455679]]}},{"type":"Feature","properties":{"osm_id":16332602,"highway":"residential","name":"Chestnut Gap Road","alt_name":null,"official_name":null,"surface":null,"tracktype":null,"service":null,"access":null,"motor_vehicle":null,"foot":null,"tiger_reviewed":"no","rrgh_part":0,"rrgh_tile_part":0},"geometry":{"type":"LineString","coordinates":[[-83.65895513636363,37.45],[-83.658951,37.450005],[-83.658874,37.450115],[-83.658784,37.450209],[-83.658685,37.450283],[-83.658572,37.45034],[-83.658452,37.450376],[-83.657954,37.450445],[-83.657823,37.450478],[-83.657754,37.450548],[-83.657673,37.450608],[-83.657578,37.450665],[-83.657485,37.450709],[-83.657261,37.450797],[-83.657014,37.450903],[-83.656889,37.450961],[-83.656763,37.451024],[-83.6564,37.451218],[-83.656179,37.451344],[-83.656077,37.451409],[-83.655985,37.451482],[-83.655909,37.451565],[-83.655846,37.451662],[-83.655805,37.451762],[-83.655775,37.451869],[-83.65575,37.451982],[-83.655682,37.452342],[-83.655664,37.45247],[-83.655614,37.452721],[-83.65552,37.45308],[-83.655469,37.453305],[-83.655452,37.453412],[-83.655445,37.45352],[-83.65545,37.453618],[-83.655479,37.453712],[-83.655535,37.453796],[-83.655613,37.453873],[-83.6557,37.453946],[-83.65579,37.454014],[-83.655879,37.454077],[-83.655975,37.454134],[-83.656082,37.454184],[-83.656199,37.45422],[-83.656301,37.454245],[-83.656419,37.454273],[-83.656515,37.454305],[-83.656597,37.454348],[-83.656671,37.454403],[-83.656744,37.454466],[-83.656891,37.454604],[-83.656962,37.454682],[-83.657101,37.454852],[-83.657177,37.45493],[-83.657272,37.455006],[-83.657529,37.455173],[-83.657591,37.455225],[-83.657637,37.455281],[-83.657668,37.455348],[-83.657724,37.455575],[-83.657766,37.455645],[-83.657839,37.455691],[-83.657929,37.455714],[-83.658115,37.455728],[-83.658204,37.455748],[-83.658285,37.455784],[-83.658359,37.455835],[-83.658424,37.455901],[-83.658488,37.455975],[-83.658677,37.456205],[-83.658741,37.456289],[-83.658804,37.456385],[-83.658855,37.456488],[-83.658893,37.456598],[-83.658917,37.456713],[-83.658931,37.45683],[-83.658936,37.456956],[-83.65893,37.457087],[-83.658916,37.457218],[-83.658872,37.457485],[-83.658853,37.45763],[-83.658846,37.457778],[-83.658846,37.457977],[-83.65885,37.458058],[-83.65887,37.45819],[-83.658904,37.458314],[-83.65895,37.458421],[-83.659092,37.458688],[-83.659132,37.458748],[-83.659188,37.458843],[-83.659235,37.458898],[-83.659266,37.458923],[-83.659376,37.459012],[-83.659907,37.459381],[-83.660016,37.459461],[-83.660158,37.459518],[-83.660596,37.459674],[-83.660741,37.459738],[-83.660879,37.459814],[-83.661011,37.459903],[-83.661136,37.459998],[-83.661259,37.46011],[-83.661377,37.460227],[-83.661674,37.460587],[-83.661797,37.460684],[-83.661853,37.460788],[-83.661941,37.460877],[-83.662126,37.461055],[-83.662214,37.461149],[-83.662291,37.461246],[-83.662375,37.461367],[-83.662572,37.461712],[-83.662635,37.461843],[-83.662689,37.461975],[-83.662738,37.462107],[-83.662836,37.463169],[-83.662805,37.463428],[-83.662762,37.46366],[-83.662743,37.463882],[-83.662718,37.463992],[-83.662592,37.464186],[-83.662517,37.464278],[-83.662446,37.464378],[-83.662306,37.464596],[-83.662231,37.464704],[-83.662164,37.464815],[-83.662117,37.464925],[-83.662051,37.465173],[-83.661996,37.4653],[-83.661921,37.465424],[-83.661829,37.46554],[-83.661296,37.466123],[-83.661233,37.466206],[-83.661177,37.466288],[-83.661074,37.466462]]}},{"type":"Feature","properties":{"osm_id":16332721,"highway":"track","name":"Bob Wilson Road","alt_name":null,"official_name":null,"surface":null,"tracktype":null,"service":null,"access":null,"motor_vehicle":null,"foot":null,"tiger_reviewed":"no","rrgh_part":0,"rrgh_tile_part":0},"geometry":{"type":"LineString","coordinates":[[-83.60000566128133,37.45],[-83.5998396,37.450162],[-83.5997353,37.4503245],[-83.5995747,37.4506669],[-83.5993066,37.4510851],[-83.598942,37.451609],[-83.598931,37.451711],[-83.598916,37.451804],[-83.598891,37.452039],[-83.599092,37.452378],[-83.59924,37.452732],[-83.599251,37.453089],[-83.599164,37.45331]]}},{"type":"Feature","properties":{"osm_id":16332218,"highway":"service","name":null,"alt_name":null,"official_name":null,"surface":null,"tracktype":null,"service":null,"access":"private","motor_vehicle":null,"foot":null,"tiger_reviewed":"no","rrgh_part":0,"rrgh_tile_part":0},"geometry":{"type":"LineString","coordinates":[[-83.668495,37.454856],[-83.668377,37.454992],[-83.668231,37.455191],[-83.668105,37.455332],[-83.668034,37.455398],[-83.667995,37.455429],[-83.667918,37.455481],[-83.66788,37.4555],[-83.667806,37.455528],[-83.66777,37.455536],[-83.667675,37.455547],[-83.667621,37.455543],[-83.667564,37.455533],[-83.667347,37.455486],[-83.667271,37.455475],[-83.667188,37.455473],[-83.667146,37.455476],[-83.667065,37.455492],[-83.667028,37.455504],[-83.666994,37.45552],[-83.666932,37.455556],[-83.666872,37.455603],[-83.666811,37.45566],[-83.666748,37.455712],[-83.66668,37.455756],[-83.666646,37.455774],[-83.66655,37.455814],[-83.666143,37.455961],[-83.666053,37.455996],[-83.665944,37.456044],[-83.66587,37.456072]]}},{"type":"Feature","properties":{"osm_id":16332568,"highway":"residential","name":"Marshall Lane","alt_name":null,"official_name":null,"surface":null,"tracktype":null,"service":null,"access":null,"motor_vehicle":null,"foot":null,"tiger_reviewed":"no","rrgh_part":0,"rrgh_tile_part":0},"geometry":{"type":"LineString","coordinates":[[-83.666028,37.456113],[-83.665973,37.456136],[-83.665916,37.456156],[-83.665847,37.456172],[-83.665806,37.456173],[-83.66571,37.456185],[-83.665549,37.456216],[-83.665416,37.45625],[-83.665197,37.456325]]}},{"type":"Feature","properties":{"osm_id":1151360350,"highway":"service","name":null,"alt_name":null,"official_name":null,"surface":null,"tracktype":null,"service":null,"access":null,"motor_vehicle":null,"foot":null,"tiger_reviewed":null,"rrgh_part":0,"rrgh_tile_part":0},"geometry":{"type":"LineString","coordinates":[[-83.6642537,37.4592657],[-83.6640526,37.4592966],[-83.6638438,37.4593303],[-83.6636739,37.4593528],[-83.6634792,37.4593444],[-83.663235,37.4593022],[-83.6629696,37.4592292],[-83.6626723,37.4591],[-83.6623573,37.4589202],[-83.6621237,37.4587909],[-83.6619468,37.458746],[-83.6617733,37.4587713],[-83.6615893,37.4587966],[-83.6613557,37.4588303],[-83.6612283,37.4588387],[-83.660977,37.4587937],[-83.6605842,37.4587347],[-83.6603577,37.4587095],[-83.6600285,37.4586392],[-83.6597808,37.4585521],[-83.6595755,37.4584285],[-83.659487,37.4582515],[-83.6594552,37.4580268],[-83.659487,37.4578554],[-83.6595967,37.4577318],[-83.6598055,37.4576953],[-83.6599294,37.4576812],[-83.6599448,37.4575992]]}},{"type":"Feature","properties":{"osm_id":1151360352,"highway":"service","name":"Littles Cemetery Road","alt_name":null,"official_name":null,"surface":null,"tracktype":null,"service":null,"access":null,"motor_vehicle":null,"foot":null,"tiger_reviewed":null,"rrgh_part":0,"rrgh_tile_part":0},"geometry":{"type":"LineString","coordinates":[[-83.6693865,37.4635865],[-83.669574,37.463682],[-83.6696908,37.4637467],[-83.6698749,37.4637804],[-83.6701651,37.463786],[-83.6704978,37.4637579],[-83.6708234,37.4637073],[-83.6710463,37.4636848],[-83.6712976,37.4637017],[-83.6715206,37.4637607],[-83.6717329,37.4638562],[-83.6719241,37.4638983],[-83.6721824,37.4639124],[-83.6724443,37.4638843],[-83.6727062,37.4638365],[-83.6729009,37.4638141],[-83.6730247,37.4638337],[-83.6732088,37.4639264],[-83.6734424,37.4640613],[-83.6736512,37.4641652],[-83.6738883,37.4643029],[-83.6741077,37.4644883],[-83.6743201,37.4646596],[-83.6745101,37.4647917]]}},{"type":"Feature","properties":{"osm_id":16334349,"highway":"residential","name":"Straight Fork Zeke Branch Road","alt_name":null,"official_name":null,"surface":null,"tracktype":null,"service":null,"access":null,"motor_vehicle":null,"foot":null,"tiger_reviewed":"no","rrgh_part":0,"rrgh_tile_part":0},"geometry":{"type":"LineString","coordinates":[[-83.622223,37.486087],[-83.622196,37.486097],[-83.621995,37.48631],[-83.621931,37.486383],[-83.621798,37.486544],[-83.621674,37.486711],[-83.621612,37.486787],[-83.621518,37.486978],[-83.621423,37.487152],[-83.621361,37.48733],[-83.621344,37.487423],[-83.621286,37.487819],[-83.621201,37.488475],[-83.62118,37.488595],[-83.621105,37.488924],[-83.621072,37.489137],[-83.621049,37.489247],[-83.621014,37.489357],[-83.620967,37.489465],[-83.620751,37.489877],[-83.620667,37.490077],[-83.620634,37.490177],[-83.620607,37.490277],[-83.620569,37.490478],[-83.620547,37.490676],[-83.620479,37.491183],[-83.620455,37.491476],[-83.620429,37.491661],[-83.620401,37.491747],[-83.620358,37.491835],[-83.620306,37.491924],[-83.620247,37.492014],[-83.620179,37.492104],[-83.620104,37.492191],[-83.620022,37.492276],[-83.619932,37.492355],[-83.619837,37.492429],[-83.61974,37.492499],[-83.61947,37.492687],[-83.619188,37.492878],[-83.619129,37.492909],[-83.619012,37.492997],[-83.618017,37.493561],[-83.617861,37.493675],[-83.617728,37.493797],[-83.617473,37.494045],[-83.617281,37.494247],[-83.61702,37.494534],[-83.616748,37.494816],[-83.616197,37.495309],[-83.616142,37.495366],[-83.615973,37.495521],[-83.61593,37.495599],[-83.615896,37.495684],[-83.61588,37.495772],[-83.615883,37.49586],[-83.615897,37.495949],[-83.615917,37.496039],[-83.616031,37.496395],[-83.616057,37.496486],[-83.616097,37.496669],[-83.616142,37.496934],[-83.616162,37.49701],[-83.616158,37.497112],[-83.616165,37.497294],[-83.616164,37.497384],[-83.616161,37.497471],[-83.616153,37.497557],[-83.616152,37.497641],[-83.616139,37.497909],[-83.616146,37.498453],[-83.616153,37.498536],[-83.616169,37.49862],[-83.61619,37.498709],[-83.61622,37.4988],[-83.616246,37.498894],[-83.616288,37.499092],[-83.61631,37.499292],[-83.616312,37.499393],[-83.616309,37.499492],[-83.6163,37.499588],[-83.61626,37.499778],[-83.616231,37.499872],[-83.616199,37.499969],[-83.61582,37.500901],[-83.615793,37.500993],[-83.615776,37.501082],[-83.615773,37.501169],[-83.615782,37.501255],[-83.615864,37.501523],[-83.615945,37.501665],[-83.615988,37.501721],[-83.616044,37.501767],[-83.616107,37.501802],[-83.61631,37.501846],[-83.616392,37.501857],[-83.616479,37.501863],[-83.61677,37.50182],[-83.617128,37.501724],[-83.617603,37.501507],[-83.617996,37.501343],[-83.618492,37.501188],[-83.61891,37.500968],[-83.619127,37.500871],[-83.619303,37.500786],[-83.619401,37.500712],[-83.619649,37.500634],[-83.619961,37.500517],[-83.620218,37.500427],[-83.620686,37.500397],[-83.621004,37.500352],[-83.621231,37.500192],[-83.621472,37.50007],[-83.621681,37.499979],[-83.621968,37.499927],[-83.622206,37.499888],[-83.622398,37.499834],[-83.622686,37.499745],[-83.622922,37.499799],[-83.623117,37.499936],[-83.623297,37.500008],[-83.62358,37.500151],[-83.623681,37.500198],[-83.623785,37.50024],[-83.623889,37.500276],[-83.624108,37.500343],[-83.624686,37.50051],[-83.625252,37.500667],[-83.625396,37.500705],[-83.625513,37.50073],[-83.625632,37.500747],[-83.625753,37.500754],[-83.625889,37.500746],[-83.626364,37.500705],[-83.626611,37.500691],[-83.626733,37.500681],[-83.626854,37.500667],[-83.627084,37.500633],[-83.6273,37.500595],[-83.627403,37.500572],[-83.627603,37.500511],[-83.627905,37.500403],[-83.628004,37.500373],[-83.628102,37.500351],[-83.628201,37.500337],[-83.628305,37.500327],[-83.628686,37.500316],[-83.629464,37.500304],[-83.629656,37.500294],[-83.629784,37.500281],[-83.629904,37.500261],[-83.630494,37.500134],[-83.63081,37.500061],[-83.631003,37.500011],[-83.631055,37.500001],[-83.631098,37.499992],[-83.631199,37.499982],[-83.631527,37.499964],[-83.63165,37.49999],[-83.631772,37.5],[-83.632152,37.500052],[-83.63266,37.500136],[-83.63313,37.50022],[-83.633236,37.500249],[-83.633341,37.500285],[-83.633548,37.500375],[-83.63366,37.500415],[-83.633886,37.500477],[-83.633988,37.500513],[-83.634086,37.500555],[-83.634177,37.500602],[-83.634256,37.500646],[-83.634317,37.500687],[-83.634455,37.500813],[-83.634503,37.500868],[-83.634622,37.500983],[-83.634947,37.501195],[-83.635145,37.501294],[-83.635886,37.50164],[-83.636305,37.501846],[-83.6366,37.502047],[-83.636708,37.50211],[-83.63683,37.50216],[-83.636964,37.502199],[-83.637239,37.502255],[-83.63737,37.502287],[-83.637496,37.502329],[-83.63762,37.50238],[-83.637743,37.502438],[-83.637872,37.502493],[-83.6381,37.502629],[-83.638413,37.502837],[-83.638525,37.502905],[-83.638644,37.502968],[-83.638775,37.503025],[-83.639046,37.503132],[-83.639179,37.503188],[-83.639422,37.5033],[-83.63953,37.503359],[-83.639727,37.503491],[-83.639836,37.503553],[-83.639959,37.503605],[-83.640093,37.503646],[-83.640234,37.503685],[-83.640377,37.503732],[-83.64067,37.503863],[-83.6413,37.504172],[-83.641604,37.504326],[-83.641889,37.504489],[-83.642297,37.504731],[-83.642434,37.504792],[-83.642577,37.504832],[-83.642723,37.504867],[-83.642863,37.50491],[-83.643141,37.505014],[-83.643336,37.50508],[-83.643445,37.505114],[-83.643606,37.505159],[-83.644101,37.505278],[-83.644403,37.505358],[-83.644535,37.505389],[-83.64466,37.505409],[-83.644785,37.505421],[-83.644915,37.505439],[-83.645044,37.505471],[-83.645164,37.505523],[-83.64527,37.505595],[-83.645445,37.505767],[-83.64554,37.505841],[-83.645647,37.505896],[-83.645755,37.50594],[-83.645861,37.505976],[-83.645964,37.506016],[-83.646064,37.506066],[-83.64616,37.506122],[-83.646248,37.506181],[-83.646343,37.506284],[-83.646521,37.50641],[-83.646615,37.506472],[-83.646797,37.506581],[-83.64696,37.506685],[-83.647035,37.506743],[-83.647107,37.50681],[-83.647178,37.506886],[-83.647263,37.506951],[-83.64736,37.507003],[-83.647878,37.507613],[-83.648033,37.507758],[-83.648105,37.507832],[-83.648301,37.508064],[-83.648342,37.508164],[-83.648405,37.508356],[-83.648449,37.508438],[-83.648507,37.508505],[-83.64876,37.508711],[-83.648823,37.508766],[-83.648885,37.508828],[-83.64894,37.508903],[-83.649012,37.508963],[-83.649078,37.509037],[-83.649223,37.509183],[-83.649299,37.509254],[-83.649381,37.509324],[-83.649467,37.509395],[-83.649554,37.509461],[-83.649906,37.509689],[-83.649986,37.50975],[-83.650054,37.509809],[-83.650152,37.509924],[-83.6501789,37.5099651],[-83.6502196,37.5100015],[-83.650248,37.5100144],[-83.6503111,37.5100309]]}},{"type":"Feature","properties":{"osm_id":1370681861,"highway":"service","name":null,"alt_name":null,"official_name":null,"surface":null,"tracktype":null,"service":null,"access":null,"motor_vehicle":null,"foot":null,"tiger_reviewed":null,"rrgh_part":0,"rrgh_tile_part":0},"geometry":{"type":"LineString","coordinates":[[-83.666296,37.4609292],[-83.6664408,37.4612699],[-83.6666661,37.4615594],[-83.6668324,37.4616957],[-83.6670524,37.461832],[-83.6674976,37.4621726],[-83.6681253,37.4628284],[-83.6686993,37.463382],[-83.6688495,37.4634799],[-83.6690479,37.4635481],[-83.6693865,37.4635865]]}},{"type":"Feature","properties":{"osm_id":16334053,"highway":"service","name":"Marshall Cemetery Road","alt_name":null,"official_name":null,"surface":null,"tracktype":null,"service":null,"access":"private","motor_vehicle":null,"foot":null,"tiger_reviewed":"no","rrgh_part":0,"rrgh_tile_part":0},"geometry":{"type":"LineString","coordinates":[[-83.660553,37.450784],[-83.660548,37.450783],[-83.6604,37.45083],[-83.660354,37.45084],[-83.660265,37.450852],[-83.660102,37.450858],[-83.659796,37.450849],[-83.659709,37.450831],[-83.659617,37.450806],[-83.659532,37.450789],[-83.659483,37.450791],[-83.659426,37.450798],[-83.659379,37.450813],[-83.659228,37.450872],[-83.659169,37.450884],[-83.659106,37.450886],[-83.658935,37.450869],[-83.658698,37.45087],[-83.658515,37.450867],[-83.658392,37.450855],[-83.658332,37.450846],[-83.658215,37.450822],[-83.65796,37.450749],[-83.657772,37.450703],[-83.657578,37.450665]]}},{"type":"Feature","properties":{"osm_id":1370681864,"highway":"service","name":null,"alt_name":null,"official_name":null,"surface":null,"tracktype":null,"service":null,"access":null,"motor_vehicle":null,"foot":null,"tiger_reviewed":null,"rrgh_part":0,"rrgh_tile_part":0},"geometry":{"type":"LineString","coordinates":[[-83.657101,37.454852],[-83.6578633,37.4546045],[-83.6582815,37.4545917],[-83.658378,37.4546471],[-83.6585066,37.4547791],[-83.6585817,37.4548344],[-83.6587103,37.454877],[-83.6588658,37.454877],[-83.6593965,37.4546641]]}},{"type":"Feature","properties":{"osm_id":16333762,"highway":"residential","name":"Kay Wood Road","alt_name":null,"official_name":null,"surface":null,"tracktype":null,"service":null,"access":null,"motor_vehicle":null,"foot":null,"tiger_reviewed":"no","rrgh_part":0,"rrgh_tile_part":0},"geometry":{"type":"LineString","coordinates":[[-83.650631,37.455977],[-83.650726,37.455897],[-83.65096,37.455821],[-83.651278,37.45533],[-83.651459,37.454803],[-83.651471,37.454619],[-83.650823,37.454056],[-83.650744,37.453914],[-83.650999,37.451643],[-83.651087,37.451422],[-83.651674,37.450711]]}},{"type":"Feature","properties":{"osm_id":16331826,"highway":"residential","name":null,"alt_name":null,"official_name":null,"surface":null,"tracktype":null,"service":null,"access":null,"motor_vehicle":null,"foot":null,"tiger_reviewed":"no","rrgh_part":0,"rrgh_tile_part":0},"geometry":{"type":"LineString","coordinates":[[-83.658846,37.457977],[-83.658789,37.457948],[-83.658761,37.457914],[-83.658726,37.457847],[-83.6587,37.457709],[-83.658694,37.457585],[-83.658677,37.457388],[-83.658668,37.457324],[-83.658657,37.457263],[-83.65864,37.457205],[-83.658614,37.457153],[-83.658573,37.457114],[-83.658517,37.457091],[-83.658452,37.457089],[-83.658392,37.45711],[-83.658343,37.457142],[-83.658299,37.457177],[-83.658252,37.457207],[-83.658197,37.457227],[-83.658137,37.457234],[-83.658077,37.457229],[-83.658021,37.457213],[-83.65797,37.457185],[-83.657928,37.457149],[-83.657894,37.457107],[-83.657868,37.457063],[-83.657851,37.457018],[-83.657842,37.456977],[-83.657836,37.456889],[-83.657831,37.456875]]}},{"type":"Feature","properties":{"osm_id":16331853,"highway":"residential","name":null,"alt_name":null,"official_name":null,"surface":null,"tracktype":null,"service":null,"access":null,"motor_vehicle":null,"foot":null,"tiger_reviewed":"no","rrgh_part":0,"rrgh_tile_part":0},"geometry":{"type":"LineString","coordinates":[[-83.653467,37.46376],[-83.653539,37.463697],[-83.653563,37.463671],[-83.653579,37.463647],[-83.6536,37.463598],[-83.653603,37.463572],[-83.653588,37.463396],[-83.653588,37.463303],[-83.653601,37.46318],[-83.653629,37.46309],[-83.653643,37.463058],[-83.653662,37.463026],[-83.653713,37.462962],[-83.653763,37.462916],[-83.653795,37.462891],[-83.653824,37.462881]]}},{"type":"Feature","properties":{"osm_id":16332419,"highway":"residential","name":"Jim Callahan Road","alt_name":null,"official_name":null,"surface":null,"tracktype":null,"service":null,"access":null,"motor_vehicle":null,"foot":null,"tiger_reviewed":"no","rrgh_part":0,"rrgh_tile_part":0},"geometry":{"type":"LineString","coordinates":[[-83.648792,37.455679],[-83.648897,37.455718],[-83.649118,37.455814],[-83.649231,37.45586],[-83.649348,37.4559],[-83.649465,37.455935],[-83.649803,37.456016],[-83.650001,37.456058],[-83.65009,37.456073],[-83.650173,37.45608],[-83.65025,37.456079],[-83.650323,37.45607],[-83.650389,37.456055],[-83.650447,37.456037],[-83.650554,37.455996],[-83.650606,37.45598],[-83.650631,37.455977]]}},{"type":"Feature","properties":{"osm_id":16333761,"highway":"residential","name":"Kay Wood Road","alt_name":null,"official_name":null,"surface":null,"tracktype":null,"service":null,"access":null,"motor_vehicle":null,"foot":null,"tiger_reviewed":"no","rrgh_part":0,"rrgh_tile_part":0},"geometry":{"type":"LineString","coordinates":[[-83.650775,37.459457],[-83.650765,37.459428],[-83.650748,37.459385],[-83.650708,37.459348],[-83.650652,37.459319],[-83.650584,37.459299],[-83.650349,37.459263],[-83.65027,37.459246],[-83.650194,37.459225],[-83.650124,37.459194],[-83.650057,37.45916],[-83.650001,37.459114],[-83.649956,37.459061],[-83.649924,37.459002],[-83.649907,37.45894],[-83.649904,37.458875],[-83.649914,37.45881],[-83.649932,37.458741],[-83.650124,37.458226],[-83.650303,37.45771],[-83.650342,37.457619],[-83.65037,37.457481],[-83.65041,37.457399],[-83.650632,37.45677],[-83.650703,37.456567],[-83.650761,37.456384],[-83.650783,37.456304],[-83.650799,37.456231],[-83.650806,37.456162],[-83.650804,37.4561],[-83.650785,37.456046],[-83.650748,37.456009],[-83.650707,37.455983],[-83.650657,37.455974],[-83.650631,37.455977]]}},{"type":"Feature","properties":{"osm_id":16333923,"highway":"residential","name":"Mattie Marshall Road","alt_name":null,"official_name":null,"surface":null,"tracktype":null,"service":null,"access":null,"motor_vehicle":null,"foot":null,"tiger_reviewed":"no","rrgh_part":0,"rrgh_tile_part":0},"geometry":{"type":"LineString","coordinates":[[-83.656301,37.454245],[-83.656302,37.454221],[-83.656323,37.454098],[-83.656347,37.454017],[-83.65644,37.453827],[-83.656459,37.453775],[-83.656473,37.453718],[-83.656496,37.453577],[-83.656517,37.453508],[-83.65657,37.453415],[-83.656623,37.453358],[-83.656655,37.453331],[-83.656772,37.453256],[-83.657028,37.453112],[-83.657379,37.452893],[-83.657609,37.452765],[-83.657727,37.452705],[-83.657899,37.452627],[-83.658005,37.452585],[-83.658051,37.452574],[-83.65814,37.452566],[-83.658175,37.452569],[-83.658201,37.452577],[-83.658232,37.452596]]}},{"type":"Feature","properties":{"osm_id":16334397,"highway":"residential","name":"Steve McIntosh Road A","alt_name":null,"official_name":null,"surface":null,"tracktype":null,"service":null,"access":null,"motor_vehicle":null,"foot":null,"tiger_reviewed":"no","rrgh_part":0,"rrgh_tile_part":0},"geometry":{"type":"LineString","coordinates":[[-83.655188,37.463872],[-83.655163,37.463809],[-83.655136,37.463755],[-83.655099,37.463709],[-83.654951,37.463588],[-83.654845,37.463518],[-83.654746,37.463443],[-83.654662,37.463366],[-83.654604,37.463295]]}},{"type":"Feature","properties":{"osm_id":464632336,"highway":"residential","name":"Kay Wood Road","alt_name":null,"official_name":null,"surface":null,"tracktype":null,"service":null,"access":null,"motor_vehicle":null,"foot":null,"tiger_reviewed":"no","rrgh_part":0,"rrgh_tile_part":0},"geometry":{"type":"LineString","coordinates":[[-83.647791,37.459195],[-83.647823,37.459169],[-83.647857,37.45915],[-83.647905,37.459139],[-83.647957,37.459143],[-83.648005,37.459162],[-83.648159,37.459259],[-83.64828,37.459325],[-83.648418,37.459386],[-83.648635,37.45947],[-83.648959,37.459583],[-83.649285,37.45969],[-83.649524,37.459759],[-83.649654,37.459788],[-83.649731,37.459801],[-83.649794,37.459804],[-83.649855,37.459802],[-83.65011,37.459781],[-83.650263,37.459776],[-83.650497,37.459778],[-83.650565,37.459771],[-83.650624,37.459753],[-83.650666,37.459723],[-83.6507124,37.4596725]]}},{"type":"Feature","properties":{"osm_id":1370681862,"highway":"service","name":"Jim Gibson Lane","alt_name":null,"official_name":null,"surface":null,"tracktype":null,"service":null,"access":null,"motor_vehicle":null,"foot":null,"tiger_reviewed":null,"rrgh_part":0,"rrgh_tile_part":0},"geometry":{"type":"LineString","coordinates":[[-83.6621932,37.456172],[-83.661834,37.456419],[-83.6616732,37.4565851],[-83.6614695,37.4569002],[-83.6612604,37.4571047],[-83.6612015,37.4571345],[-83.6610782,37.4573644],[-83.661145,37.457522]]}},{"type":"Feature","properties":{"osm_id":1371018685,"highway":"track","name":null,"alt_name":null,"official_name":null,"surface":null,"tracktype":null,"service":null,"access":null,"motor_vehicle":null,"foot":null,"tiger_reviewed":null,"rrgh_part":0,"rrgh_tile_part":0},"geometry":{"type":"LineString","coordinates":[[-83.6502737,37.4636811],[-83.6502783,37.4635212],[-83.6503517,37.4634893],[-83.6504366,37.4635189],[-83.6505474,37.4637401],[-83.6505826,37.4639527],[-83.6505548,37.4641884],[-83.650471,37.4644544],[-83.6502347,37.4647202],[-83.6501233,37.4649185],[-83.6501427,37.4651904],[-83.6502486,37.4654942],[-83.6503925,37.4657549],[-83.6504947,37.4659124],[-83.6504639,37.4659692],[-83.650377,37.465996],[-83.6502645,37.4659638],[-83.6499549,37.4658553],[-83.6496747,37.4658368],[-83.6493903,37.4657942],[-83.6492068,37.4657092],[-83.6491158,37.4656492],[-83.6490542,37.4656789],[-83.6490284,37.4657434],[-83.6490889,37.4657975],[-83.6493894,37.4659482],[-83.6497659,37.4660889],[-83.6499706,37.4662277],[-83.6500987,37.4664044],[-83.6501638,37.4665693],[-83.6501363,37.4666916],[-83.6500322,37.4667593],[-83.6498542,37.4667747],[-83.6496215,37.4666829],[-83.6491697,37.4666913],[-83.648793,37.4667288],[-83.6485289,37.4667556],[-83.6480902,37.4666899],[-83.6476212,37.4667014],[-83.6474309,37.4667579],[-83.6473187,37.4668606],[-83.6473112,37.4671142],[-83.647343,37.4673637],[-83.6474698,37.4675053],[-83.6478768,37.4676675],[-83.6480925,37.4678045],[-83.6483471,37.4679623],[-83.6484252,37.4681308],[-83.6484445,37.4683086],[-83.648398,37.468368],[-83.6483202,37.4683351],[-83.6483005,37.4682277],[-83.648165,37.4680607],[-83.6479138,37.4679332],[-83.6476575,37.4679032],[-83.6473554,37.4679543],[-83.6471258,37.4679341],[-83.6470043,37.46798],[-83.646725,37.4681094],[-83.646533,37.4681694],[-83.64636,37.4681811],[-83.6462576,37.468188]]}},{"type":"Feature","properties":{"osm_id":16331855,"highway":"residential","name":null,"alt_name":null,"official_name":null,"surface":null,"tracktype":null,"service":null,"access":null,"motor_vehicle":null,"foot":null,"tiger_reviewed":"no","rrgh_part":0,"rrgh_tile_part":0},"geometry":{"type":"LineString","coordinates":[[-83.661523,37.461835],[-83.662,37.461516],[-83.662201,37.461427],[-83.662375,37.461367]]}},{"type":"Feature","properties":{"osm_id":16331776,"highway":"residential","name":null,"alt_name":null,"official_name":null,"surface":null,"tracktype":null,"service":null,"access":null,"motor_vehicle":null,"foot":null,"tiger_reviewed":"no","rrgh_part":0,"rrgh_tile_part":0},"geometry":{"type":"LineString","coordinates":[[-83.654053,37.462861],[-83.654053,37.462844],[-83.653991,37.461637],[-83.653967,37.461608]]}},{"type":"Feature","properties":{"osm_id":16334469,"highway":"residential","name":"Tyree Lane","alt_name":null,"official_name":null,"surface":null,"tracktype":null,"service":null,"access":null,"motor_vehicle":null,"foot":null,"tiger_reviewed":"no","rrgh_part":0,"rrgh_tile_part":0},"geometry":{"type":"LineString","coordinates":[[-83.654017,37.463054],[-83.654018,37.46302],[-83.654053,37.462861]]}},{"type":"Feature","properties":{"osm_id":464632335,"highway":"residential","name":"Kay Wood Road","alt_name":null,"official_name":null,"surface":null,"tracktype":null,"service":null,"access":null,"motor_vehicle":null,"foot":null,"tiger_reviewed":"no","rrgh_part":0,"rrgh_tile_part":0},"geometry":{"type":"LineString","coordinates":[[-83.6507124,37.4596725],[-83.650775,37.459457]]}},{"type":"Feature","properties":{"osm_id":16332220,"highway":"service","name":null,"alt_name":null,"official_name":null,"surface":null,"tracktype":null,"service":"alley","access":null,"motor_vehicle":null,"foot":null,"tiger_reviewed":null,"rrgh_part":0,"rrgh_tile_part":0},"geometry":{"type":"LineString","coordinates":[[-83.6687818,37.4732791],[-83.6688563,37.4732906],[-83.6689301,37.4733067],[-83.6689713,37.4733191],[-83.6690072,37.4733362],[-83.669154,37.4734783],[-83.6692245,37.4735404],[-83.6692985,37.4735926],[-83.6693884,37.4736363],[-83.6694983,37.4736704],[-83.669724,37.4737276],[-83.6701555,37.4738548]]}},{"type":"Feature","properties":{"osm_id":16332242,"highway":"service","name":null,"alt_name":null,"official_name":null,"surface":null,"tracktype":null,"service":null,"access":null,"motor_vehicle":null,"foot":null,"tiger_reviewed":"no","rrgh_part":0,"rrgh_tile_part":0},"geometry":{"type":"LineString","coordinates":[[-83.665308,37.475482],[-83.6654765,37.4759599],[-83.6654962,37.4760214],[-83.6656664,37.4765522],[-83.6657503,37.4767285],[-83.6658131,37.476803]]}},{"type":"Feature","properties":{"osm_id":16332554,"highway":"residential","name":"Shepard Memorial Cemetery Road","alt_name":null,"official_name":null,"surface":null,"tracktype":null,"service":null,"access":null,"motor_vehicle":null,"foot":null,"tiger_reviewed":"no","rrgh_part":0,"rrgh_tile_part":0},"geometry":{"type":"LineString","coordinates":[[-83.662698,37.474556],[-83.662668,37.474619],[-83.662769,37.474555],[-83.662812,37.474531],[-83.662862,37.474509],[-83.662917,37.474492],[-83.662975,37.47448],[-83.66326,37.474443],[-83.663593,37.474378],[-83.663741,37.474365],[-83.663797,37.474365],[-83.66389,37.474354],[-83.663927,37.47434],[-83.663976,37.4743],[-83.664011,37.474216],[-83.664017,37.474188],[-83.664015,37.474164],[-83.664003,37.474145],[-83.663981,37.474134],[-83.663951,37.474129],[-83.663875,37.474126],[-83.663834,37.474118],[-83.663609,37.474091],[-83.663276,37.474042],[-83.663039,37.474017],[-83.662955,37.474016],[-83.662912,37.474019],[-83.662869,37.474024],[-83.662828,37.474034],[-83.662789,37.474049],[-83.662756,37.474068],[-83.662727,37.474093],[-83.662705,37.474122],[-83.66269,37.474155],[-83.662681,37.474193],[-83.662679,37.474234],[-83.662681,37.474275],[-83.662706,37.474427],[-83.662708,37.474459],[-83.662706,37.474527],[-83.662698,37.474556]]}},{"type":"Feature","properties":{"osm_id":16332572,"highway":"residential","name":"Reynolds Road","alt_name":null,"official_name":null,"surface":null,"tracktype":null,"service":null,"access":null,"motor_vehicle":null,"foot":null,"tiger_reviewed":"no","rrgh_part":0,"rrgh_tile_part":0},"geometry":{"type":"LineString","coordinates":[[-83.663963,37.471007],[-83.66386,37.471062],[-83.663618,37.471205],[-83.663497,37.471272],[-83.663234,37.471425],[-83.6631484,37.4714811],[-83.663111,37.471509],[-83.66306,37.471558],[-83.663015,37.471609],[-83.662983,37.471669],[-83.6629517,37.4717435],[-83.662933,37.471788],[-83.662806,37.472154],[-83.662686,37.472473],[-83.66264,37.472626],[-83.662631,37.472672]]}},{"type":"Feature","properties":{"osm_id":16333995,"highway":"residential","name":"Fairgrounds Road","alt_name":null,"official_name":null,"surface":null,"tracktype":null,"service":null,"access":null,"motor_vehicle":null,"foot":null,"tiger_reviewed":"no","rrgh_part":0,"rrgh_tile_part":0},"geometry":{"type":"LineString","coordinates":[[-83.665636,37.473401],[-83.665551,37.473387],[-83.665286,37.473336],[-83.66507,37.473288],[-83.664206,37.47305],[-83.664115,37.473033],[-83.663749,37.472922],[-83.66364,37.472901],[-83.663547,37.472877],[-83.663443,37.472839],[-83.663258,37.472786],[-83.663068,37.472741],[-83.662986,37.472718],[-83.662904,37.472699],[-83.662823,37.472685],[-83.662662,37.47267],[-83.662631,37.472672],[-83.662584,37.472675],[-83.662507,37.472688],[-83.662366,37.472746],[-83.662299,37.472782],[-83.662173,37.472865],[-83.662107,37.472903],[-83.662046,37.472948],[-83.661988,37.473],[-83.661852,37.473096],[-83.661786,37.473154],[-83.661557,37.473327],[-83.661479,37.473393],[-83.661311,37.473518],[-83.661232,37.473586],[-83.661073,37.473701],[-83.660912,37.473812],[-83.660752,37.473911],[-83.660486,37.474053],[-83.660233,37.474182],[-83.660152,37.474219],[-83.660078,37.47427],[-83.659919,37.474361],[-83.659833,37.474402],[-83.65974,37.474432],[-83.659644,37.474442],[-83.659541,37.474421],[-83.659448,37.474391],[-83.659178,37.474269],[-83.658997,37.474182],[-83.658831,37.474091],[-83.658803,37.474072],[-83.658682,37.473989],[-83.658464,37.473824],[-83.658235,37.473648],[-83.658,37.473462],[-83.65751,37.473064],[-83.65738,37.472949],[-83.657334,37.472896],[-83.657311,37.472841],[-83.65731,37.472788],[-83.657335,37.472739],[-83.657379,37.472693],[-83.658267,37.472022],[-83.65849,37.471846],[-83.658534,37.471807]]}},{"type":"Feature","properties":{"osm_id":1219950181,"highway":"service","name":null,"alt_name":null,"official_name":null,"surface":null,"tracktype":null,"service":null,"access":null,"motor_vehicle":null,"foot":null,"tiger_reviewed":null,"rrgh_part":0,"rrgh_tile_part":0},"geometry":{"type":"LineString","coordinates":[[-83.6700236,37.4743837],[-83.6699427,37.4743485],[-83.6694216,37.4741875],[-83.6691986,37.4741202],[-83.6691568,37.4741119],[-83.6690859,37.4740982]]}},{"type":"Feature","properties":{"osm_id":1357660274,"highway":"service","name":null,"alt_name":null,"official_name":null,"surface":null,"tracktype":null,"service":null,"access":null,"motor_vehicle":null,"foot":null,"tiger_reviewed":null,"rrgh_part":0,"rrgh_tile_part":0},"geometry":{"type":"LineString","coordinates":[[-83.670173,37.4751637],[-83.6699833,37.4752103],[-83.6698446,37.4752443],[-83.6697823,37.4750526]]}},{"type":"Feature","properties":{"osm_id":1357660285,"highway":"track","name":null,"alt_name":null,"official_name":null,"surface":null,"tracktype":null,"service":null,"access":null,"motor_vehicle":null,"foot":null,"tiger_reviewed":null,"rrgh_part":0,"rrgh_tile_part":0},"geometry":{"type":"LineString","coordinates":[[-83.6721414,37.4764451],[-83.6718307,37.4765714],[-83.6717456,37.4766339],[-83.6717089,37.4766771],[-83.6716907,37.4767089],[-83.6716732,37.4767746]]}},{"type":"Feature","properties":{"osm_id":1357660297,"highway":"service","name":null,"alt_name":null,"official_name":null,"surface":null,"tracktype":null,"service":null,"access":null,"motor_vehicle":null,"foot":null,"tiger_reviewed":null,"rrgh_part":0,"rrgh_tile_part":0},"geometry":{"type":"LineString","coordinates":[[-83.6692767,37.4751379],[-83.6693013,37.4752707],[-83.6693417,37.4753288],[-83.6693562,37.4753499],[-83.6693863,37.4753766],[-83.6694409,37.4754252],[-83.6695919,37.4755125],[-83.6697079,37.4755665],[-83.6698299,37.4755794],[-83.6699405,37.4755822],[-83.6700299,37.4755695],[-83.6701256,37.4755163]]}},{"type":"Feature","properties":{"osm_id":1357660310,"highway":"service","name":null,"alt_name":null,"official_name":null,"surface":null,"tracktype":null,"service":null,"access":null,"motor_vehicle":null,"foot":null,"tiger_reviewed":null,"rrgh_part":0,"rrgh_tile_part":0},"geometry":{"type":"LineString","coordinates":[[-83.6658416,37.4769514],[-83.6654217,37.4771008],[-83.6648504,37.4772258],[-83.6645471,37.4764986],[-83.6642534,37.4757943],[-83.6642216,37.4756039]]}},{"type":"Feature","properties":{"osm_id":1357660314,"highway":"residential","name":null,"alt_name":null,"official_name":null,"surface":null,"tracktype":null,"service":null,"access":null,"motor_vehicle":null,"foot":null,"tiger_reviewed":null,"rrgh_part":0,"rrgh_tile_part":0},"geometry":{"type":"LineString","coordinates":[[-83.6631484,37.4714811],[-83.6634246,37.4717862],[-83.6634682,37.4718344],[-83.6635693,37.4719461],[-83.6638981,37.4723094]]}},{"type":"Feature","properties":{"osm_id":16332096,"highway":"residential","name":null,"alt_name":null,"official_name":null,"surface":null,"tracktype":null,"service":null,"access":null,"motor_vehicle":null,"foot":null,"tiger_reviewed":"no","rrgh_part":0,"rrgh_tile_part":0},"geometry":{"type":"LineString","coordinates":[[-83.671869,37.472786],[-83.671829,37.472754],[-83.671453,37.472476],[-83.671331,37.472378],[-83.671279,37.472331],[-83.671241,37.472281],[-83.671214,37.472233],[-83.671198,37.472189],[-83.671062,37.471253]]}},{"type":"Feature","properties":{"osm_id":16332846,"highway":"residential","name":"Mulberry Street","alt_name":null,"official_name":null,"surface":null,"tracktype":null,"service":null,"access":null,"motor_vehicle":null,"foot":null,"tiger_reviewed":"no","rrgh_part":0,"rrgh_tile_part":0},"geometry":{"type":"LineString","coordinates":[[-83.67500000000001,37.47517048387095],[-83.67498,37.475245],[-83.674959,37.475339],[-83.674918,37.475558],[-83.674911,37.47564],[-83.67491,37.475724],[-83.674915,37.4757488]]}},{"type":"Feature","properties":{"osm_id":1219950182,"highway":"service","name":null,"alt_name":null,"official_name":null,"surface":null,"tracktype":null,"service":null,"access":null,"motor_vehicle":null,"foot":null,"tiger_reviewed":null,"rrgh_part":0,"rrgh_tile_part":0},"geometry":{"type":"LineString","coordinates":[[-83.6700236,37.4743837],[-83.6702686,37.4744757]]}},{"type":"Feature","properties":{"osm_id":1357660301,"highway":"service","name":null,"alt_name":null,"official_name":null,"surface":null,"tracktype":null,"service":null,"access":null,"motor_vehicle":null,"foot":null,"tiger_reviewed":null,"rrgh_part":0,"rrgh_tile_part":0},"geometry":{"type":"LineString","coordinates":[[-83.670007,37.475021],[-83.6699869,37.4751224],[-83.6699814,37.4751729],[-83.6699833,37.4752103]]}},{"type":"Feature","properties":{"osm_id":1357660316,"highway":"residential","name":null,"alt_name":null,"official_name":null,"surface":null,"tracktype":null,"service":null,"access":null,"motor_vehicle":null,"foot":null,"tiger_reviewed":null,"rrgh_part":0,"rrgh_tile_part":0},"geometry":{"type":"LineString","coordinates":[[-83.671214,37.472233],[-83.6710994,37.472289],[-83.6709298,37.4724125],[-83.6707761,37.4725614],[-83.6706723,37.4726818],[-83.6706085,37.4727578],[-83.6705546,37.4728053],[-83.6704907,37.4728433]]}},{"type":"Feature","properties":{"osm_id":16331891,"highway":"service","name":null,"alt_name":null,"official_name":null,"surface":null,"tracktype":null,"service":null,"access":null,"motor_vehicle":null,"foot":null,"tiger_reviewed":"no","rrgh_part":0,"rrgh_tile_part":0},"geometry":{"type":"LineString","coordinates":[[-83.6670394,37.4747061],[-83.6670951,37.4745934],[-83.6676584,37.4739618]]}},{"type":"Feature","properties":{"osm_id":16332164,"highway":"service","name":null,"alt_name":null,"official_name":null,"surface":null,"tracktype":null,"service":null,"access":"private","motor_vehicle":null,"foot":null,"tiger_reviewed":"no","rrgh_part":0,"rrgh_tile_part":0},"geometry":{"type":"LineString","coordinates":[[-83.667461,37.4718007],[-83.6680154,37.472028],[-83.6680674,37.4720591],[-83.6680877,37.4720917],[-83.6680941,37.4721598]]}},{"type":"Feature","properties":{"osm_id":16332210,"highway":"residential","name":null,"alt_name":null,"official_name":null,"surface":null,"tracktype":null,"service":null,"access":null,"motor_vehicle":null,"foot":null,"tiger_reviewed":"no","rrgh_part":0,"rrgh_tile_part":0},"geometry":{"type":"LineString","coordinates":[[-83.669359,37.471403],[-83.669288,37.471351],[-83.669237,37.471318],[-83.669103,37.471273],[-83.669031,37.471262],[-83.668951,37.471256],[-83.668868,37.471255],[-83.668785,37.471259],[-83.668708,37.471269],[-83.668635,37.471299],[-83.668581,37.471342],[-83.668541,37.471392],[-83.668522,37.47143]]}},{"type":"Feature","properties":{"osm_id":16332219,"highway":"service","name":null,"alt_name":null,"official_name":null,"surface":null,"tracktype":null,"service":null,"access":null,"motor_vehicle":null,"foot":null,"tiger_reviewed":null,"rrgh_part":0,"rrgh_tile_part":0},"geometry":{"type":"LineString","coordinates":[[-83.6676584,37.4739618],[-83.6674458,37.4738298],[-83.6671197,37.4735017]]}},{"type":"Feature","properties":{"osm_id":16332473,"highway":"residential","name":"Bowling Road","alt_name":null,"official_name":null,"surface":null,"tracktype":null,"service":null,"access":null,"motor_vehicle":null,"foot":null,"tiger_reviewed":"no","rrgh_part":0,"rrgh_tile_part":0},"geometry":{"type":"LineString","coordinates":[[-83.668522,37.47143],[-83.668491,37.4714],[-83.668457,37.471379],[-83.668413,37.471357],[-83.668298,37.471321],[-83.667967,37.47123],[-83.667737,37.471174],[-83.667562,37.471128],[-83.667472,37.471099],[-83.667395,37.47108],[-83.667277,37.471046],[-83.66724,37.47104],[-83.667159,37.471013],[-83.667057,37.470969],[-83.666943,37.470912],[-83.666921,37.470904],[-83.666895,37.470886],[-83.666751,37.470804],[-83.665872,37.470516],[-83.664928,37.470319],[-83.664779,37.470263]]}},{"type":"Feature","properties":{"osm_id":16332475,"highway":"residential","name":"Bowling Road","alt_name":null,"official_name":null,"surface":null,"tracktype":null,"service":null,"access":null,"motor_vehicle":null,"foot":null,"tiger_reviewed":"no","rrgh_part":0,"rrgh_tile_part":0},"geometry":{"type":"LineString","coordinates":[[-83.664779,37.470263],[-83.664791,37.470276],[-83.664837,37.470313],[-83.664963,37.470392],[-83.665015,37.470428],[-83.665125,37.470515],[-83.665304,37.470678],[-83.665481,37.470848],[-83.665588,37.470945],[-83.665686,37.47102],[-83.665849,37.471131],[-83.665965,37.471225],[-83.666061,37.47129],[-83.666118,37.471368],[-83.666163,37.471412],[-83.666258,37.471517],[-83.666303,37.47156],[-83.666473,37.471767],[-83.666544,37.471879],[-83.666583,37.47193],[-83.666648,37.472029],[-83.666804,37.472241],[-83.666962,37.472477],[-83.667082,37.472649],[-83.667377,37.473052],[-83.667448,37.4731721]]}},{"type":"Feature","properties":{"osm_id":16332853,"highway":"residential","name":"Baker Lane","alt_name":null,"official_name":null,"surface":null,"tracktype":null,"service":null,"access":null,"motor_vehicle":null,"foot":null,"tiger_reviewed":"no","rrgh_part":0,"rrgh_tile_part":0},"geometry":{"type":"LineString","coordinates":[[-83.668522,37.47143],[-83.668515,37.471444],[-83.668466,37.471558],[-83.668427,37.471618],[-83.668264,37.471821],[-83.668215,37.471902],[-83.668167,37.471988],[-83.6680941,37.4721598],[-83.6680844,37.4721864],[-83.668025,37.472359],[-83.66792,37.472634],[-83.667885,37.472722],[-83.667841,37.472804],[-83.667783,37.472881],[-83.667715,37.472953],[-83.667557,37.473088],[-83.667448,37.4731721],[-83.667212,37.473345],[-83.667116,37.47341],[-83.66673,37.473661],[-83.666462,37.473831],[-83.666271,37.473962],[-83.666149,37.474051],[-83.6660653,37.4741025]]}},{"type":"Feature","properties":{"osm_id":1219950180,"highway":"service","name":null,"alt_name":null,"official_name":null,"surface":null,"tracktype":null,"service":null,"access":null,"motor_vehicle":null,"foot":null,"tiger_reviewed":null,"rrgh_part":0,"rrgh_tile_part":0},"geometry":{"type":"LineString","coordinates":[[-83.6686857,37.474611],[-83.6687503,37.4745293],[-83.6688494,37.4744258],[-83.6689159,37.474357],[-83.6690001,37.474284],[-83.6690405,37.4742384],[-83.6690718,37.4741975],[-83.6690894,37.4741556],[-83.6690888,37.4741282],[-83.6690859,37.4740982],[-83.6690427,37.4740789],[-83.668996,37.4740746],[-83.6689472,37.4740833],[-83.6688857,37.474118],[-83.6687907,37.4741685],[-83.668687,37.4742125],[-83.6684815,37.4743083],[-83.6683145,37.4743807]]}},{"type":"Feature","properties":{"osm_id":1219970607,"highway":"service","name":null,"alt_name":null,"official_name":null,"surface":null,"tracktype":null,"service":null,"access":null,"motor_vehicle":null,"foot":null,"tiger_reviewed":null,"rrgh_part":0,"rrgh_tile_part":0},"geometry":{"type":"LineString","coordinates":[[-83.667448,37.4731721],[-83.6674701,37.4731919],[-83.6675865,37.4732116],[-83.667735,37.4732522],[-83.667891,37.4732771],[-83.6680447,37.4732837],[-83.6681806,37.4732871],[-83.6683044,37.4733134],[-83.6685564,37.4733721],[-83.6687818,37.4732791]]}},{"type":"Feature","properties":{"osm_id":1357660268,"highway":"residential","name":null,"alt_name":null,"official_name":null,"surface":null,"tracktype":null,"service":null,"access":null,"motor_vehicle":null,"foot":null,"tiger_reviewed":null,"rrgh_part":0,"rrgh_tile_part":0},"geometry":{"type":"LineString","coordinates":[[-83.6634431,37.472185],[-83.6638981,37.4723094],[-83.6646877,37.4725253]]}},{"type":"Feature","properties":{"osm_id":1357660272,"highway":"residential","name":null,"alt_name":null,"official_name":null,"surface":null,"tracktype":null,"service":null,"access":null,"motor_vehicle":null,"foot":null,"tiger_reviewed":null,"rrgh_part":0,"rrgh_tile_part":0},"geometry":{"type":"LineString","coordinates":[[-83.6634682,37.4718344],[-83.6633607,37.4720833],[-83.6633561,37.4721174],[-83.6633718,37.4721429],[-83.6633979,37.4721629],[-83.6634431,37.472185]]}},{"type":"Feature","properties":{"osm_id":1357660281,"highway":"service","name":null,"alt_name":null,"official_name":null,"surface":null,"tracktype":null,"service":null,"access":null,"motor_vehicle":null,"foot":null,"tiger_reviewed":null,"rrgh_part":0,"rrgh_tile_part":0},"geometry":{"type":"LineString","coordinates":[[-83.6645471,37.4764986],[-83.6645994,37.4764964],[-83.6646646,37.4764808],[-83.6649765,37.4764028]]}},{"type":"Feature","properties":{"osm_id":1357660288,"highway":"service","name":null,"alt_name":null,"official_name":null,"surface":null,"tracktype":null,"service":null,"access":null,"motor_vehicle":null,"foot":null,"tiger_reviewed":null,"rrgh_part":0,"rrgh_tile_part":0},"geometry":{"type":"LineString","coordinates":[[-83.6693417,37.4753288],[-83.6696446,37.4752487],[-83.6696938,37.4752201],[-83.6697075,37.4751789],[-83.6696788,37.4750691]]}},{"type":"Feature","properties":{"osm_id":1357660298,"highway":"service","name":null,"alt_name":null,"official_name":null,"surface":null,"tracktype":null,"service":null,"access":null,"motor_vehicle":null,"foot":null,"tiger_reviewed":"no","rrgh_part":0,"rrgh_tile_part":0},"geometry":{"type":"LineString","coordinates":[[-83.6676584,37.4739618],[-83.6678032,37.4740544],[-83.6683145,37.4743807],[-83.6686857,37.474611]]}},{"type":"Feature","properties":{"osm_id":1357660300,"highway":"residential","name":null,"alt_name":null,"official_name":null,"surface":null,"tracktype":null,"service":null,"access":null,"motor_vehicle":null,"foot":null,"tiger_reviewed":null,"rrgh_part":0,"rrgh_tile_part":0},"geometry":{"type":"LineString","coordinates":[[-83.6635693,37.4719461],[-83.6639966,37.4717028],[-83.663852,37.4715428],[-83.6634246,37.4717862]]}},{"type":"Feature","properties":{"osm_id":1357660304,"highway":"service","name":null,"alt_name":null,"official_name":null,"surface":null,"tracktype":null,"service":null,"access":null,"motor_vehicle":null,"foot":null,"tiger_reviewed":null,"rrgh_part":0,"rrgh_tile_part":0},"geometry":{"type":"LineString","coordinates":[[-83.6693863,37.4753766],[-83.6690538,37.475499],[-83.6689334,37.4755358],[-83.6688294,37.4755773],[-83.6687845,37.4756049],[-83.6687644,37.4756586],[-83.6687645,37.475714],[-83.6688172,37.4757939],[-83.6688787,37.4758137],[-83.6689236,37.475818],[-83.6689772,37.4758054],[-83.6690367,37.4757826],[-83.6691821,37.4756773]]}},{"type":"Feature","properties":{"osm_id":1357660306,"highway":"service","name":null,"alt_name":null,"official_name":null,"surface":null,"tracktype":null,"service":null,"access":null,"motor_vehicle":null,"foot":null,"tiger_reviewed":null,"rrgh_part":0,"rrgh_tile_part":0},"geometry":{"type":"LineString","coordinates":[[-83.6667163,37.4751067],[-83.6668506,37.4752339],[-83.6669176,37.4753391],[-83.6669314,37.4754226],[-83.66691,37.475471],[-83.6668628,37.4755084],[-83.6667622,37.4755278],[-83.6665915,37.4755302],[-83.6663788,37.4755447]]}},{"type":"Feature","properties":{"osm_id":1357660319,"highway":"service","name":null,"alt_name":null,"official_name":null,"surface":null,"tracktype":null,"service":null,"access":null,"motor_vehicle":null,"foot":null,"tiger_reviewed":null,"rrgh_part":0,"rrgh_tile_part":0},"geometry":{"type":"LineString","coordinates":[[-83.6649161,37.4755446],[-83.6649903,37.4756726],[-83.6650789,37.4758058],[-83.6651553,37.4759058],[-83.6652043,37.4759539],[-83.6652501,37.4759871],[-83.6653009,37.4760124],[-83.6653498,37.4760226],[-83.6653889,37.476027],[-83.6654361,37.4760266],[-83.6654962,37.4760214]]}},{"type":"Feature","properties":{"osm_id":1357660321,"highway":"residential","name":null,"alt_name":null,"official_name":null,"surface":null,"tracktype":null,"service":null,"access":null,"motor_vehicle":null,"foot":null,"tiger_reviewed":null,"rrgh_part":0,"rrgh_tile_part":0},"geometry":{"type":"LineString","coordinates":[[-83.6646877,37.4725253],[-83.6646788,37.4725667],[-83.6646883,37.4725978],[-83.6647107,37.4726243],[-83.664743,37.4726431],[-83.6647982,37.4726524],[-83.6648371,37.4726457],[-83.6648707,37.472629],[-83.6648951,37.4726044],[-83.6649082,37.4725707],[-83.6649056,37.4725394],[-83.6648897,37.4725105],[-83.6648623,37.4724876],[-83.6648324,37.472475],[-83.664773,37.4724712],[-83.6647353,37.4724823],[-83.6647125,37.4724963],[-83.6646877,37.4725253]]}},{"type":"Feature","properties":{"osm_id":1370688194,"highway":"service","name":null,"alt_name":null,"official_name":null,"surface":null,"tracktype":null,"service":null,"access":null,"motor_vehicle":null,"foot":null,"tiger_reviewed":null,"rrgh_part":0,"rrgh_tile_part":0},"geometry":{"type":"LineString","coordinates":[[-83.6669314,37.4754226],[-83.6670002,37.4754382],[-83.6673486,37.4757785],[-83.6674237,37.4759487],[-83.6674773,37.4762635]]}},{"type":"Feature","properties":{"osm_id":16331871,"highway":"residential","name":null,"alt_name":null,"official_name":null,"surface":null,"tracktype":null,"service":null,"access":null,"motor_vehicle":null,"foot":null,"tiger_reviewed":"no","rrgh_part":0,"rrgh_tile_part":0},"geometry":{"type":"LineString","coordinates":[[-83.661074,37.466462],[-83.660983,37.466616],[-83.660868,37.46682],[-83.660796,37.466923],[-83.660703,37.467035]]}},{"type":"Feature","properties":{"osm_id":16334329,"highway":"residential","name":"Chesnut Circle","alt_name":null,"official_name":null,"surface":null,"tracktype":null,"service":null,"access":null,"motor_vehicle":null,"foot":null,"tiger_reviewed":"no","rrgh_part":0,"rrgh_tile_part":0},"geometry":{"type":"LineString","coordinates":[[-83.661829,37.468222],[-83.661819,37.468131],[-83.661807,37.468087],[-83.661784,37.468028],[-83.661747,37.467965],[-83.661697,37.467898],[-83.661634,37.467832],[-83.661412,37.467631],[-83.660964,37.467253],[-83.660786,37.467086],[-83.660723,37.467045],[-83.660703,37.467035],[-83.660655,37.467008],[-83.66057,37.466973],[-83.660208,37.466831],[-83.65976,37.466663],[-83.659584,37.466594],[-83.659502,37.466557],[-83.659425,37.466517],[-83.659358,37.466477],[-83.659291,37.466429],[-83.659035,37.466225],[-83.658975,37.466172],[-83.658753,37.465993],[-83.65867,37.465935],[-83.658577,37.465876],[-83.658511,37.465816],[-83.6581,37.465541],[-83.65802,37.465495],[-83.657937,37.465455],[-83.657855,37.465426],[-83.657606,37.465365],[-83.657525,37.46534],[-83.65729,37.465261],[-83.657221,37.46523],[-83.657096,37.465185],[-83.657006,37.46516],[-83.656879,37.465139]]}},{"type":"Feature","properties":{"osm_id":16331859,"highway":"residential","name":null,"alt_name":null,"official_name":null,"surface":null,"tracktype":null,"service":null,"access":null,"motor_vehicle":null,"foot":null,"tiger_reviewed":"no","rrgh_part":0,"rrgh_tile_part":0},"geometry":{"type":"LineString","coordinates":[[-83.654191,37.463692],[-83.654148,37.463723],[-83.65409,37.463747],[-83.653995,37.463775],[-83.653914,37.463808],[-83.65378,37.463842],[-83.653619,37.463924],[-83.653491,37.464006],[-83.653416,37.464068],[-83.653362,37.46412],[-83.653275,37.464177],[-83.653241,37.464171],[-83.653176,37.464112],[-83.65317,37.464082],[-83.653178,37.464054],[-83.65322,37.463986],[-83.653275,37.463918],[-83.653371,37.463847],[-83.653467,37.46376]]}},{"type":"Feature","properties":{"osm_id":16334400,"highway":"residential","name":"Steve McIntosh Road B","alt_name":null,"official_name":null,"surface":null,"tracktype":null,"service":null,"access":null,"motor_vehicle":null,"foot":null,"tiger_reviewed":"no","rrgh_part":0,"rrgh_tile_part":0},"geometry":{"type":"LineString","coordinates":[[-83.655456,37.46405],[-83.655492,37.464034],[-83.655596,37.464002],[-83.655653,37.46399],[-83.655733,37.463979]]}},{"type":"Feature","properties":{"osm_id":1370688191,"highway":"service","name":null,"alt_name":null,"official_name":null,"surface":null,"tracktype":null,"service":null,"access":null,"motor_vehicle":null,"foot":null,"tiger_reviewed":null,"rrgh_part":0,"rrgh_tile_part":0},"geometry":{"type":"LineString","coordinates":[[-83.661168,37.476314],[-83.6611854,37.4764081],[-83.6620753,37.4776631],[-83.6622736,37.477995],[-83.6623165,37.4781013]]}},{"type":"Feature","properties":{"osm_id":16332440,"highway":"residential","name":"Shepherd Memorial Cemetery Road","alt_name":null,"official_name":null,"surface":null,"tracktype":null,"service":null,"access":null,"motor_vehicle":null,"foot":null,"tiger_reviewed":"no","rrgh_part":0,"rrgh_tile_part":0},"geometry":{"type":"LineString","coordinates":[[-83.6626,37.475842],[-83.662579,37.475823],[-83.662494,37.475733],[-83.662464,37.475696],[-83.662437,37.475653],[-83.662262,37.475296],[-83.662133,37.475064],[-83.662108,37.475007],[-83.662099,37.474978],[-83.662093,37.474922],[-83.662096,37.474895],[-83.662105,37.474869],[-83.662118,37.474845],[-83.662138,37.474823],[-83.662192,37.474788],[-83.662259,37.474762],[-83.662429,37.474718],[-83.662555,37.474679],[-83.662591,37.474663],[-83.662668,37.474619]]}},{"type":"Feature","properties":{"osm_id":16333715,"highway":"residential","name":"Twin Meadows No 2 Road","alt_name":null,"official_name":null,"surface":null,"tracktype":null,"service":null,"access":null,"motor_vehicle":null,"foot":null,"tiger_reviewed":"no","rrgh_part":0,"rrgh_tile_part":0},"geometry":{"type":"LineString","coordinates":[[-83.658803,37.474072],[-83.658924,37.473962],[-83.659015,37.473888],[-83.659144,37.473794],[-83.659361,37.473627],[-83.659527,37.473493],[-83.659726,37.473323]]}},{"type":"Feature","properties":{"osm_id":16333788,"highway":"residential","name":"Twin Meadows No 3 Road","alt_name":null,"official_name":null,"surface":null,"tracktype":null,"service":null,"access":null,"motor_vehicle":null,"foot":null,"tiger_reviewed":"no","rrgh_part":0,"rrgh_tile_part":0},"geometry":{"type":"LineString","coordinates":[[-83.658,37.473462],[-83.658053,37.473415],[-83.658206,37.47329],[-83.658368,37.473166],[-83.65843,37.473122],[-83.658809,37.47283],[-83.659116,37.472579]]}},{"type":"Feature","properties":{"osm_id":16334138,"highway":"residential","name":"Wayne Marshall Lane","alt_name":null,"official_name":null,"surface":null,"tracktype":null,"service":null,"access":null,"motor_vehicle":null,"foot":null,"tiger_reviewed":"no","rrgh_part":0,"rrgh_tile_part":0},"geometry":{"type":"LineString","coordinates":[[-83.662806,37.472154],[-83.662744,37.472123],[-83.662083,37.471817],[-83.661235,37.471432],[-83.660901,37.471276],[-83.660388,37.471051],[-83.66021,37.47097],[-83.66012,37.47092],[-83.660016,37.470851]]}},{"type":"Feature","properties":{"osm_id":16334458,"highway":"residential","name":"Twin Meadows Road","alt_name":null,"official_name":null,"surface":null,"tracktype":null,"service":null,"access":null,"motor_vehicle":null,"foot":null,"tiger_reviewed":"no","rrgh_part":0,"rrgh_tile_part":0},"geometry":{"type":"LineString","coordinates":[[-83.661073,37.473701],[-83.661041,37.473673],[-83.660971,37.473606],[-83.660761,37.473393],[-83.660614,37.473232],[-83.660487,37.473082],[-83.660191,37.472711],[-83.659738,37.472114],[-83.659314,37.471567],[-83.659175,37.471383],[-83.659123,37.47132]]}},{"type":"Feature","properties":{"osm_id":1357660317,"highway":"residential","name":null,"alt_name":null,"official_name":null,"surface":null,"tracktype":null,"service":null,"access":null,"motor_vehicle":null,"foot":null,"tiger_reviewed":null,"rrgh_part":0,"rrgh_tile_part":0},"geometry":{"type":"LineString","coordinates":[[-83.6629517,37.4717435],[-83.6619558,37.4712905]]}},{"type":"Feature","properties":{"osm_id":1370688192,"highway":"residential","name":"Danny Marshall Road","alt_name":null,"official_name":null,"surface":null,"tracktype":null,"service":null,"access":null,"motor_vehicle":null,"foot":null,"tiger_reviewed":null,"rrgh_part":0,"rrgh_tile_part":0},"geometry":{"type":"LineString","coordinates":[[-83.6596002,37.4753063],[-83.6599862,37.4762124],[-83.6600505,37.47654],[-83.660229,37.476745]]}},{"type":"Feature","properties":{"osm_id":1370688193,"highway":"residential","name":"Carlisle Circle","alt_name":null,"official_name":null,"surface":null,"tracktype":null,"service":null,"access":null,"motor_vehicle":null,"foot":null,"tiger_reviewed":null,"rrgh_part":0,"rrgh_tile_part":0},"geometry":{"type":"LineString","coordinates":[[-83.6583029,37.4756509],[-83.6581959,37.4756704],[-83.6580838,37.4756272],[-83.657824,37.4754378],[-83.6575881,37.4752365],[-83.6574515,37.4750013],[-83.6574562,37.4748403],[-83.657491,37.4748024],[-83.6576733,37.4746855],[-83.6580365,37.4745682],[-83.6583089,37.4745149],[-83.6583906,37.4745225],[-83.6585354,37.474673],[-83.6587159,37.4749103],[-83.6588509,37.4749501],[-83.659434,37.474983],[-83.6595466,37.4750638],[-83.6596002,37.4753063],[-83.6593643,37.4752978],[-83.6583029,37.4756509]]}},{"type":"Feature","properties":{"osm_id":16332374,"highway":"track","name":null,"alt_name":null,"official_name":null,"surface":null,"tracktype":null,"service":null,"access":null,"motor_vehicle":null,"foot":null,"tiger_reviewed":"no","rrgh_part":0,"rrgh_tile_part":0},"geometry":{"type":"LineString","coordinates":[[-83.628296,37.460768],[-83.627388,37.460445],[-83.626899,37.460292],[-83.625909,37.460295],[-83.625486,37.460285],[-83.625035,37.460536],[-83.623798,37.461074],[-83.62323,37.46133],[-83.622724,37.461649],[-83.622134,37.461902]]}},{"type":"Feature","properties":{"osm_id":16334388,"highway":"residential","name":"Right Fork Sugar Camp Branch Road","alt_name":null,"official_name":null,"surface":null,"tracktype":null,"service":null,"access":null,"motor_vehicle":null,"foot":null,"tiger_reviewed":"no","rrgh_part":0,"rrgh_tile_part":0},"geometry":{"type":"LineString","coordinates":[[-83.646149,37.468683],[-83.646183,37.468552],[-83.646214,37.468478],[-83.646239,37.46844],[-83.646264,37.468399],[-83.646294,37.46838],[-83.646334,37.468362]]}},{"type":"Feature","properties":{"osm_id":16332723,"highway":"residential","name":null,"alt_name":null,"official_name":null,"surface":null,"tracktype":null,"service":null,"access":null,"motor_vehicle":null,"foot":null,"tiger_reviewed":"no","rrgh_part":0,"rrgh_tile_part":0},"geometry":{"type":"LineString","coordinates":[[-83.637706,37.471565],[-83.637949,37.471252],[-83.638033,37.471157],[-83.638205,37.470928],[-83.638294,37.47083],[-83.638398,37.470558],[-83.638455,37.470443],[-83.638497,37.470324],[-83.638524,37.470218],[-83.638532,37.470124],[-83.638526,37.470043],[-83.638539,37.469974],[-83.638593,37.469924],[-83.63867,37.4699],[-83.638859,37.469875],[-83.638975,37.469864],[-83.639243,37.469831],[-83.639392,37.469855],[-83.639537,37.469899],[-83.639683,37.469952],[-83.640001,37.470056],[-83.640166,37.470084],[-83.640341,37.470144],[-83.640514,37.47019],[-83.640676,37.470239],[-83.640831,37.470296],[-83.640981,37.470357],[-83.641132,37.47041],[-83.641438,37.470527],[-83.641581,37.470599],[-83.641898,37.470669],[-83.642082,37.470714],[-83.642271,37.470756],[-83.642457,37.470796],[-83.64264,37.470829],[-83.642824,37.47085],[-83.643184,37.47088],[-83.643484,37.470914],[-83.643604,37.470919],[-83.643704,37.470909],[-83.643795,37.470889],[-83.643897,37.47086],[-83.64418,37.470771],[-83.644864,37.470567],[-83.645016,37.470524],[-83.645391,37.470427],[-83.645486,37.470409],[-83.645567,37.470404],[-83.645639,37.470411],[-83.645713,37.470439],[-83.645769,37.470474],[-83.645808,37.470505]]}},{"type":"Feature","properties":{"osm_id":16332777,"highway":"residential","name":null,"alt_name":null,"official_name":null,"surface":null,"tracktype":null,"service":null,"access":null,"motor_vehicle":null,"foot":null,"tiger_reviewed":"no","rrgh_part":0,"rrgh_tile_part":0},"geometry":{"type":"LineString","coordinates":[[-83.645808,37.470505],[-83.645749,37.470517],[-83.645662,37.47052],[-83.645234,37.470574],[-83.645064,37.470589],[-83.644708,37.470683],[-83.644606,37.470761],[-83.644565,37.47078],[-83.644541,37.470897],[-83.644494,37.471093],[-83.644255,37.471282],[-83.643478,37.471506],[-83.643182,37.471587],[-83.643022,37.472076],[-83.643034,37.472421],[-83.642203,37.473871],[-83.641707,37.474371]]}},{"type":"Feature","properties":{"osm_id":16334442,"highway":"residential","name":null,"alt_name":null,"official_name":null,"surface":null,"tracktype":null,"service":null,"access":null,"motor_vehicle":null,"foot":null,"tiger_reviewed":"no","rrgh_part":0,"rrgh_tile_part":0},"geometry":{"type":"LineString","coordinates":[[-83.645713,37.470439],[-83.64572,37.470397],[-83.645799,37.470136],[-83.645855,37.469937],[-83.646011,37.469428],[-83.646071,37.469161],[-83.646149,37.468683]]}},{"type":"Feature","properties":{"osm_id":16332748,"highway":"residential","name":null,"alt_name":null,"official_name":null,"surface":null,"tracktype":null,"service":null,"access":null,"motor_vehicle":null,"foot":null,"tiger_reviewed":"no","rrgh_part":0,"rrgh_tile_part":0},"geometry":{"type":"LineString","coordinates":[[-83.645808,37.470505],[-83.64589,37.470573],[-83.64606,37.470712],[-83.646138,37.470784],[-83.646362,37.471007],[-83.6465543,37.4712311]]}},{"type":"Feature","properties":{"osm_id":1370688190,"highway":"residential","name":null,"alt_name":null,"official_name":null,"surface":null,"tracktype":null,"service":null,"access":null,"motor_vehicle":null,"foot":null,"tiger_reviewed":null,"rrgh_part":0,"rrgh_tile_part":0},"geometry":{"type":"LineString","coordinates":[[-83.67500000000001,37.477483705044676],[-83.6745019,37.4774062]]}},{"type":"Feature","properties":{"osm_id":16332117,"highway":"service","name":null,"alt_name":null,"official_name":null,"surface":null,"tracktype":null,"service":null,"access":null,"motor_vehicle":null,"foot":null,"tiger_reviewed":"no","rrgh_part":0,"rrgh_tile_part":0},"geometry":{"type":"LineString","coordinates":[[-83.666033,37.4769209],[-83.6659606,37.4768941],[-83.6658982,37.4768649],[-83.6658131,37.476803],[-83.6658416,37.4769514],[-83.6658525,37.4770082],[-83.6659014,37.4770606],[-83.6659766,37.4770809],[-83.6660459,37.4770839],[-83.6660816,37.477065],[-83.6660973,37.4770337],[-83.6660976,37.4770025],[-83.6660871,37.4769662],[-83.666033,37.4769209]]}},{"type":"Feature","properties":{"osm_id":16333332,"highway":"residential","name":"Stillhouse Branch Road","alt_name":null,"official_name":null,"surface":null,"tracktype":null,"service":null,"access":null,"motor_vehicle":null,"foot":null,"tiger_reviewed":"no","rrgh_part":0,"rrgh_tile_part":0},"geometry":{"type":"LineString","coordinates":[[-83.664279,37.482273],[-83.664279,37.482282],[-83.664272,37.482325],[-83.664271,37.482365],[-83.664279,37.482409],[-83.664297,37.482454],[-83.664415,37.482676],[-83.664504,37.482869],[-83.664554,37.483008],[-83.66461,37.483185],[-83.664646,37.483278],[-83.664698,37.483377],[-83.66474,37.483429],[-83.664858,37.483627],[-83.664884,37.483683],[-83.664901,37.483729],[-83.664913,37.483784],[-83.6649,37.483912],[-83.664847,37.483965],[-83.664801,37.483977],[-83.664745,37.483984],[-83.664478,37.484],[-83.66438,37.484037],[-83.664341,37.484064],[-83.6643,37.484151],[-83.664373,37.48447],[-83.66476,37.485201],[-83.664778,37.485258],[-83.664788,37.485382],[-83.664801,37.485443],[-83.664816,37.485485],[-83.664844,37.485618],[-83.665025,37.485882],[-83.665221,37.486268],[-83.665283,37.486543],[-83.665256,37.486885],[-83.665249,37.487145],[-83.665155,37.487404],[-83.66501,37.487662],[-83.664868,37.487865],[-83.664828,37.488042]]}},{"type":"Feature","properties":{"osm_id":16334046,"highway":"residential","name":"Booneville Heights Road","alt_name":null,"official_name":null,"surface":null,"tracktype":null,"service":null,"access":null,"motor_vehicle":null,"foot":null,"tiger_reviewed":"no","rrgh_part":0,"rrgh_tile_part":0},"geometry":{"type":"LineString","coordinates":[[-83.671267,37.488886],[-83.671409,37.488808],[-83.671605,37.488709],[-83.67175,37.488649],[-83.671903,37.488595],[-83.671973,37.488563],[-83.672037,37.488526],[-83.672092,37.48848],[-83.672133,37.488424],[-83.672167,37.488363],[-83.672188,37.488297],[-83.672198,37.488231],[-83.672193,37.488163],[-83.672182,37.488096],[-83.67208,37.487717],[-83.672067,37.48766],[-83.672063,37.487605],[-83.672076,37.48755],[-83.672117,37.487505],[-83.672176,37.487475],[-83.672243,37.487456],[-83.673056,37.487248],[-83.673896,37.487051],[-83.674063,37.487009],[-83.674392,37.486912],[-83.674476,37.486882],[-83.674554,37.486849],[-83.674618,37.486813],[-83.67466,37.486777],[-83.674677,37.486738],[-83.674675,37.486682]]}},{"type":"Feature","properties":{"osm_id":16331750,"highway":"residential","name":"Bowman Lane","alt_name":null,"official_name":null,"surface":null,"tracktype":null,"service":null,"access":null,"motor_vehicle":null,"foot":null,"tiger_reviewed":"no","rrgh_part":0,"rrgh_tile_part":0},"geometry":{"type":"LineString","coordinates":[[-83.660562,37.479337],[-83.659378,37.479704],[-83.658304,37.480115]]}},{"type":"Feature","properties":{"osm_id":16333511,"highway":"residential","name":"Roberts Lane Road","alt_name":null,"official_name":null,"surface":null,"tracktype":null,"service":null,"access":null,"motor_vehicle":null,"foot":null,"tiger_reviewed":"no","rrgh_part":0,"rrgh_tile_part":0},"geometry":{"type":"LineString","coordinates":[[-83.660258,37.477078],[-83.660234,37.477121],[-83.660179,37.477187],[-83.660144,37.47722],[-83.660062,37.477279],[-83.660024,37.477311],[-83.659997,37.477342],[-83.659979,37.477375],[-83.659967,37.47741],[-83.659964,37.477444],[-83.659967,37.477554],[-83.65996,37.477591],[-83.659945,37.477624],[-83.659919,37.47765],[-83.659883,37.477665],[-83.659759,37.477672],[-83.659717,37.477681],[-83.659506,37.477887],[-83.65949,37.477942],[-83.659503,37.478043],[-83.659525,37.478118],[-83.659531,37.478154],[-83.659528,37.478189],[-83.659516,37.478219],[-83.659499,37.478247],[-83.65945,37.478304]]}},{"type":"Feature","properties":{"osm_id":16333667,"highway":"residential","name":"Bowman Cemetery Road","alt_name":null,"official_name":null,"surface":null,"tracktype":null,"service":null,"access":null,"motor_vehicle":null,"foot":null,"tiger_reviewed":"no","rrgh_part":0,"rrgh_tile_part":0},"geometry":{"type":"LineString","coordinates":[[-83.654809,37.481531],[-83.654879,37.481515],[-83.655161,37.481488],[-83.655226,37.48148],[-83.655357,37.481457],[-83.655486,37.481414],[-83.655607,37.481351],[-83.655669,37.481326],[-83.655724,37.481291],[-83.655771,37.481252],[-83.655806,37.481213],[-83.655829,37.481173],[-83.655844,37.481136],[-83.655851,37.481102],[-83.655887,37.480817],[-83.655894,37.480725]]}},{"type":"Feature","properties":{"osm_id":525243138,"highway":"service","name":null,"alt_name":null,"official_name":null,"surface":null,"tracktype":null,"service":null,"access":null,"motor_vehicle":null,"foot":null,"tiger_reviewed":null,"rrgh_part":0,"rrgh_tile_part":0},"geometry":{"type":"LineString","coordinates":[[-83.6564879,37.4823178],[-83.6563396,37.4822293],[-83.6561438,37.4822101],[-83.6559454,37.4822335],[-83.655763,37.482291],[-83.6555859,37.482391],[-83.6554986,37.4825425]]}},{"type":"Feature","properties":{"osm_id":525243139,"highway":"service","name":null,"alt_name":null,"official_name":null,"surface":null,"tracktype":null,"service":null,"access":null,"motor_vehicle":null,"foot":null,"tiger_reviewed":null,"rrgh_part":0,"rrgh_tile_part":0},"geometry":{"type":"LineString","coordinates":[[-83.656514,37.4826805],[-83.6565301,37.4825379],[-83.6565006,37.4823782],[-83.6564879,37.4823178],[-83.6564711,37.4822378],[-83.6565059,37.4820526],[-83.65648,37.4819569]]}},{"type":"Feature","properties":{"osm_id":525243140,"highway":"service","name":null,"alt_name":null,"official_name":null,"surface":null,"tracktype":null,"service":null,"access":null,"motor_vehicle":null,"foot":null,"tiger_reviewed":null,"rrgh_part":0,"rrgh_tile_part":0},"geometry":{"type":"LineString","coordinates":[[-83.6560071,37.483136],[-83.6563879,37.483021],[-83.6568761,37.482838],[-83.6572999,37.482672],[-83.657831,37.4825209],[-83.658008,37.4824336],[-83.658067,37.4823463],[-83.6579946,37.4821611],[-83.6578417,37.4819526],[-83.6576727,37.4818227],[-83.6574796,37.4817333],[-83.6572865,37.4817057],[-83.6570933,37.4817206],[-83.6568198,37.4818057],[-83.6565435,37.4819398],[-83.65648,37.4819569],[-83.6562672,37.4820143],[-83.6560017,37.4820441],[-83.6556664,37.4820845],[-83.6555108,37.4821292],[-83.655417,37.4822271],[-83.6554331,37.4823825],[-83.6554986,37.4825425],[-83.6555377,37.4826379],[-83.6555833,37.482738],[-83.6557952,37.4828976],[-83.6559159,37.4830466],[-83.6560071,37.483136]]}},{"type":"Feature","properties":{"osm_id":525243141,"highway":"service","name":null,"alt_name":null,"official_name":null,"surface":null,"tracktype":null,"service":null,"access":null,"motor_vehicle":null,"foot":null,"tiger_reviewed":null,"rrgh_part":0,"rrgh_tile_part":0},"geometry":{"type":"LineString","coordinates":[[-83.6560559,37.4833725],[-83.655991,37.4832488],[-83.6560071,37.483136],[-83.6560982,37.4829785],[-83.6562887,37.4828422],[-83.656514,37.4826805],[-83.6568332,37.4825826],[-83.6579946,37.4821611]]}},{"type":"Feature","properties":{"osm_id":16332621,"highway":"residential","name":"Day Road","alt_name":null,"official_name":null,"surface":null,"tracktype":null,"service":null,"access":null,"motor_vehicle":null,"foot":null,"tiger_reviewed":"no","rrgh_part":0,"rrgh_tile_part":0},"geometry":{"type":"LineString","coordinates":[[-83.669338,37.493388],[-83.669313,37.493374],[-83.669289,37.493368],[-83.669198,37.493334],[-83.669121,37.49331],[-83.669024,37.493289],[-83.668971,37.493281],[-83.668914,37.493281],[-83.668757,37.493274],[-83.668465,37.493282],[-83.668402,37.493294],[-83.668303,37.493325],[-83.668156,37.493395],[-83.66805,37.493439],[-83.66784,37.493535],[-83.667741,37.493557]]}},{"type":"Feature","properties":{"osm_id":1370678186,"highway":"residential","name":"Day Road","alt_name":null,"official_name":null,"surface":null,"tracktype":null,"service":null,"access":null,"motor_vehicle":null,"foot":null,"tiger_reviewed":null,"rrgh_part":0,"rrgh_tile_part":0},"geometry":{"type":"LineString","coordinates":[[-83.6666893,37.4938267],[-83.6669091,37.4938139],[-83.6673058,37.4939585],[-83.6675095,37.4940649],[-83.668793,37.494306]]}},{"type":"Feature","properties":{"osm_id":16331701,"highway":"residential","name":"Rice Road","alt_name":null,"official_name":null,"surface":null,"tracktype":null,"service":null,"access":null,"motor_vehicle":null,"foot":null,"tiger_reviewed":"no","rrgh_part":0,"rrgh_tile_part":0},"geometry":{"type":"LineString","coordinates":[[-83.673204,37.499987],[-83.673181,37.500014],[-83.673164,37.500038],[-83.673085,37.500175],[-83.673053,37.500245],[-83.673027,37.500324],[-83.673024,37.500408],[-83.673046,37.500493],[-83.673096,37.500571],[-83.673165,37.50065],[-83.673305,37.500824],[-83.673366,37.500905],[-83.673419,37.500983],[-83.673453,37.501064],[-83.673462,37.50116],[-83.673457,37.501255],[-83.673442,37.501356],[-83.67341,37.50146],[-83.67337,37.501562],[-83.673317,37.501664],[-83.673252,37.501769],[-83.673177,37.501875],[-83.673097,37.501977],[-83.673009,37.502076],[-83.672816,37.502243],[-83.672712,37.50232],[-83.672596,37.502385],[-83.672476,37.502442],[-83.672363,37.502513],[-83.672264,37.502584],[-83.672154,37.502657],[-83.671902,37.502796],[-83.671763,37.50286],[-83.671436,37.502892],[-83.67112,37.502993],[-83.67065,37.503189],[-83.669961,37.503508],[-83.669842,37.50358],[-83.669739,37.503667],[-83.669648,37.503761],[-83.669564,37.503854],[-83.66947,37.503945],[-83.669364,37.504025],[-83.669247,37.504097],[-83.669037,37.504264],[-83.668753,37.504544],[-83.668295,37.504877],[-83.668185,37.504968],[-83.668043,37.505046],[-83.667925,37.505138],[-83.667801,37.505222],[-83.66767,37.505302],[-83.667532,37.505375],[-83.667094,37.505552],[-83.666941,37.505606],[-83.666782,37.505645],[-83.666637,37.505696],[-83.666581,37.505722],[-83.666512,37.505754],[-83.66639,37.505825],[-83.666283,37.5059],[-83.666186,37.505976],[-83.666081,37.506039],[-83.665962,37.506073],[-83.665841,37.506099],[-83.665717,37.506143],[-83.665593,37.506198],[-83.665445,37.506253],[-83.665289,37.506299],[-83.665122,37.506356],[-83.664776,37.506452],[-83.664611,37.506502],[-83.664462,37.506528],[-83.664327,37.506544],[-83.664201,37.506542],[-83.664051,37.506522],[-83.663897,37.506483],[-83.663736,37.506435],[-83.663582,37.506381],[-83.663442,37.506319],[-83.663319,37.506244],[-83.66321,37.506157],[-83.663083,37.506076],[-83.662935,37.506004],[-83.662774,37.505938],[-83.662451,37.505829],[-83.662199,37.505731],[-83.66207,37.505689],[-83.661926,37.50565],[-83.661775,37.505605],[-83.661629,37.505548],[-83.661495,37.50548],[-83.661378,37.505403],[-83.661275,37.505325],[-83.661179,37.505259],[-83.661085,37.50521],[-83.660984,37.505177],[-83.660441,37.505069],[-83.660282,37.505041],[-83.659953,37.504991],[-83.659798,37.504963],[-83.659675,37.504924],[-83.65958,37.504873],[-83.659358,37.504842],[-83.659231,37.504803],[-83.659115,37.504775],[-83.659,37.504766],[-83.658878,37.504775],[-83.658746,37.504799],[-83.658454,37.504872],[-83.658307,37.504916],[-83.658167,37.504953],[-83.658028,37.504978],[-83.657891,37.504992],[-83.657751,37.504999],[-83.657477,37.504992],[-83.657342,37.504994],[-83.657221,37.505002],[-83.657102,37.505018],[-83.656986,37.505019],[-83.656877,37.505006],[-83.656703,37.504921],[-83.656624,37.504872],[-83.656543,37.504835],[-83.656462,37.504817],[-83.656319,37.504795]]}},{"type":"Feature","properties":{"osm_id":16332590,"highway":"residential","name":"Clayton Brandenburg Cemetery Road","alt_name":null,"official_name":null,"surface":null,"tracktype":null,"service":null,"access":null,"motor_vehicle":null,"foot":null,"tiger_reviewed":"no","rrgh_part":0,"rrgh_tile_part":0},"geometry":{"type":"LineString","coordinates":[[-83.67500000000001,37.50075249999997],[-83.674993,37.50077],[-83.67496,37.500839],[-83.674949,37.500852],[-83.674942,37.50087],[-83.674832,37.501057],[-83.674769,37.501157],[-83.674702,37.501254],[-83.674565,37.501434],[-83.674494,37.501557],[-83.674363,37.501693],[-83.674198,37.501905],[-83.674097,37.501997],[-83.674044,37.502099],[-83.67391,37.50223],[-83.673903,37.502249],[-83.673723,37.502393],[-83.673684,37.502434],[-83.673425,37.502661],[-83.673302,37.502779],[-83.673239,37.502949],[-83.673205,37.503095],[-83.673168,37.503509],[-83.673167,37.504272],[-83.673149,37.504422],[-83.673076,37.504572],[-83.673008,37.504685],[-83.672665,37.50538]]}},{"type":"Feature","properties":{"osm_id":16333998,"highway":"residential","name":"Fairgrounds Road","alt_name":null,"official_name":null,"surface":null,"tracktype":null,"service":null,"access":null,"motor_vehicle":null,"foot":null,"tiger_reviewed":"no","rrgh_part":0,"rrgh_tile_part":0},"geometry":{"type":"LineString","coordinates":[[-83.666734,37.498963],[-83.666679,37.498946],[-83.666613,37.49892],[-83.666572,37.498895],[-83.666531,37.498864],[-83.66649,37.498825],[-83.666441,37.498785],[-83.666382,37.498749],[-83.666317,37.498719],[-83.666247,37.498701],[-83.666172,37.498697],[-83.666093,37.49871],[-83.666021,37.498732],[-83.665955,37.498768],[-83.665902,37.498812],[-83.665861,37.498863],[-83.66584,37.498915],[-83.665825,37.498969],[-83.665772,37.499197],[-83.66574,37.499435],[-83.665721,37.499501],[-83.665694,37.499564],[-83.665662,37.499618],[-83.665557,37.499748],[-83.665531,37.499793],[-83.665464,37.499953],[-83.665435,37.500014],[-83.66538,37.500112],[-83.665323,37.500193],[-83.665242,37.500291]]}},{"type":"Feature","properties":{"osm_id":16332839,"highway":"residential","name":"Osborne Cemetery Road","alt_name":null,"official_name":null,"surface":null,"tracktype":null,"service":null,"access":null,"motor_vehicle":null,"foot":null,"tiger_reviewed":"no","rrgh_part":0,"rrgh_tile_part":0},"geometry":{"type":"LineString","coordinates":[[-83.653338,37.490526],[-83.653282,37.49059],[-83.653248,37.490614],[-83.653192,37.490662],[-83.653053,37.490804],[-83.652974,37.490875],[-83.652919,37.490913],[-83.652835,37.49096],[-83.652785,37.490996],[-83.652762,37.491017],[-83.652643,37.491171],[-83.652607,37.491208],[-83.652467,37.49133],[-83.652402,37.491404],[-83.652378,37.491443],[-83.652373,37.491465],[-83.652376,37.491486],[-83.652391,37.491514]]}},{"type":"Feature","properties":{"osm_id":16334459,"highway":"residential","name":"Barrett Cemetery Road","alt_name":null,"official_name":null,"surface":null,"tracktype":null,"service":null,"access":null,"motor_vehicle":null,"foot":null,"tiger_reviewed":"no","rrgh_part":0,"rrgh_tile_part":0},"geometry":{"type":"LineString","coordinates":[[-83.643914,37.484866],[-83.643905,37.48478],[-83.643902,37.484631],[-83.643854,37.484234],[-83.643827,37.484038],[-83.643799,37.483867],[-83.643715,37.483249],[-83.643696,37.483136]]}},{"type":"Feature","properties":{"osm_id":16334664,"highway":"residential","name":"Campbell Road","alt_name":null,"official_name":null,"surface":null,"tracktype":null,"service":null,"access":null,"motor_vehicle":null,"foot":null,"tiger_reviewed":"no","rrgh_part":0,"rrgh_tile_part":0},"geometry":{"type":"LineString","coordinates":[[-83.645527,37.484422],[-83.645519,37.484253],[-83.645507,37.484028],[-83.64549,37.483905],[-83.645325,37.482918],[-83.645299,37.482739],[-83.645272,37.482625],[-83.645252,37.482567],[-83.645212,37.482492],[-83.645169,37.482437],[-83.645124,37.48237],[-83.644967,37.48224],[-83.644861,37.482173],[-83.644829,37.482156]]}},{"type":"Feature","properties":{"osm_id":16333979,"highway":"residential","name":"Sealesville Road","alt_name":null,"official_name":null,"surface":null,"tracktype":null,"service":null,"access":null,"motor_vehicle":null,"foot":null,"tiger_reviewed":"no","rrgh_part":0,"rrgh_tile_part":0},"geometry":{"type":"LineString","coordinates":[[-83.644292,37.484762],[-83.644278,37.484642],[-83.644276,37.484493],[-83.644243,37.484226]]}},{"type":"Feature","properties":{"osm_id":16333211,"highway":"residential","name":"Charlie Mason","alt_name":null,"official_name":null,"surface":null,"tracktype":null,"service":null,"access":null,"motor_vehicle":null,"foot":null,"tiger_reviewed":"no","rrgh_part":0,"rrgh_tile_part":0},"geometry":{"type":"LineString","coordinates":[[-83.639743,37.486546],[-83.639145,37.485382],[-83.639061,37.485162]]}},{"type":"Feature","properties":{"osm_id":16334468,"highway":"track","name":"Barrett Cemetery Road","alt_name":null,"official_name":null,"surface":null,"tracktype":null,"service":null,"access":null,"motor_vehicle":null,"foot":null,"tiger_reviewed":"no","rrgh_part":0,"rrgh_tile_part":0},"geometry":{"type":"LineString","coordinates":[[-83.641998,37.485411],[-83.64195,37.485319],[-83.641864,37.485156],[-83.641837,37.485116],[-83.641806,37.48508],[-83.641774,37.485053],[-83.641698,37.485002],[-83.641545,37.484922],[-83.641447,37.484862],[-83.641402,37.484828],[-83.641363,37.48479],[-83.641331,37.48475],[-83.641306,37.484708],[-83.641291,37.484668],[-83.641283,37.484628],[-83.641288,37.484519],[-83.64131,37.484406],[-83.641316,37.484356],[-83.64131,37.484331],[-83.6413,37.484309],[-83.641282,37.484285],[-83.641257,37.484262],[-83.641189,37.484219],[-83.641096,37.484185],[-83.640831,37.484126],[-83.640752,37.484101],[-83.640722,37.484088],[-83.640692,37.484071],[-83.64063,37.484027],[-83.640538,37.483939],[-83.640502,37.483915],[-83.640462,37.483899],[-83.64042,37.48389],[-83.640287,37.483878],[-83.640243,37.48387],[-83.6402,37.483858],[-83.640115,37.483825],[-83.640076,37.483807],[-83.639979,37.483753],[-83.639928,37.483734],[-83.639867,37.483723],[-83.639745,37.483719],[-83.639639,37.483698],[-83.639584,37.483676],[-83.639562,37.483665],[-83.639545,37.483649],[-83.639531,37.48363],[-83.639525,37.483611],[-83.639527,37.483453]]}},{"type":"Feature","properties":{"osm_id":16332818,"highway":"residential","name":"Greenville Branch Road","alt_name":null,"official_name":null,"surface":null,"tracktype":null,"service":null,"access":null,"motor_vehicle":null,"foot":null,"tiger_reviewed":"no","rrgh_part":0,"rrgh_tile_part":0},"geometry":{"type":"LineString","coordinates":[[-83.635763,37.488215],[-83.635781,37.488275],[-83.635848,37.488485],[-83.635905,37.488644],[-83.635949,37.488796],[-83.635965,37.48893],[-83.635965,37.489085],[-83.635972,37.489173],[-83.635996,37.48933]]}},{"type":"Feature","properties":{"osm_id":1349766443,"highway":"service","name":null,"alt_name":null,"official_name":null,"surface":null,"tracktype":null,"service":null,"access":null,"motor_vehicle":null,"foot":null,"tiger_reviewed":null,"rrgh_part":0,"rrgh_tile_part":0},"geometry":{"type":"LineString","coordinates":[[-83.6313796,37.489035],[-83.6313771,37.4889576],[-83.6313665,37.4886796],[-83.6313063,37.4885139],[-83.6312249,37.488382],[-83.6311895,37.4882865],[-83.6312037,37.4882135],[-83.6312815,37.4880983],[-83.6313983,37.4880085],[-83.631455,37.487913],[-83.6315293,37.487795],[-83.6316001,37.4876939]]}},{"type":"Feature","properties":{"osm_id":16332150,"highway":"residential","name":null,"alt_name":null,"official_name":null,"surface":null,"tracktype":null,"service":null,"access":null,"motor_vehicle":null,"foot":null,"tiger_reviewed":"no","rrgh_part":0,"rrgh_tile_part":0},"geometry":{"type":"LineString","coordinates":[[-83.626838,37.487707],[-83.626838,37.487712],[-83.626764,37.4878],[-83.626694,37.487876],[-83.626572,37.487994],[-83.626453,37.488093],[-83.626377,37.488151],[-83.62614,37.488313],[-83.626016,37.488406],[-83.626004,37.488421],[-83.625958,37.488451],[-83.625926,37.488468],[-83.625884,37.488483],[-83.625834,37.488493],[-83.625793,37.488495],[-83.625747,37.488493],[-83.625703,37.488487],[-83.625656,37.488477],[-83.625302,37.488378],[-83.625145,37.48834],[-83.625056,37.48831],[-83.624928,37.488257]]}},{"type":"Feature","properties":{"osm_id":16332158,"highway":"residential","name":null,"alt_name":null,"official_name":null,"surface":null,"tracktype":null,"service":null,"access":null,"motor_vehicle":null,"foot":null,"tiger_reviewed":"no","rrgh_part":0,"rrgh_tile_part":0},"geometry":{"type":"LineString","coordinates":[[-83.628471,37.488285],[-83.628447,37.488348],[-83.628406,37.488441],[-83.628364,37.488548],[-83.628307,37.488673],[-83.628128,37.489024],[-83.6281,37.489065],[-83.628064,37.489097],[-83.628026,37.489115],[-83.627986,37.48912],[-83.627948,37.489116],[-83.627911,37.489104],[-83.627716,37.489025],[-83.627131,37.488811],[-83.627006,37.488769],[-83.626634,37.488656],[-83.626312,37.488545],[-83.626056,37.48848],[-83.626026,37.48847],[-83.626007,37.488454],[-83.626001,37.488437],[-83.626004,37.488421]]}},{"type":"Feature","properties":{"osm_id":16334211,"highway":"residential","name":"Recycling Road","alt_name":null,"official_name":null,"surface":null,"tracktype":null,"service":null,"access":null,"motor_vehicle":null,"foot":null,"tiger_reviewed":"no","rrgh_part":0,"rrgh_tile_part":0},"geometry":{"type":"LineString","coordinates":[[-83.624935,37.488216],[-83.624928,37.488257],[-83.624812,37.488211],[-83.624724,37.488167],[-83.624689,37.488141],[-83.624662,37.48811],[-83.624646,37.488074],[-83.624642,37.488033],[-83.62465,37.487995],[-83.624664,37.487958],[-83.624683,37.487923],[-83.624708,37.487893],[-83.624741,37.487872],[-83.624777,37.487861],[-83.624815,37.487861],[-83.624851,37.487868],[-83.624884,37.487879],[-83.624914,37.487895],[-83.624941,37.487914],[-83.624964,37.487939],[-83.624981,37.48797],[-83.624985,37.488006],[-83.624981,37.488041],[-83.624935,37.488216]]}},{"type":"Feature","properties":{"osm_id":16334072,"highway":"residential","name":"Etta Belle Combs Road","alt_name":null,"official_name":null,"surface":null,"tracktype":null,"service":null,"access":null,"motor_vehicle":null,"foot":null,"tiger_reviewed":"no","rrgh_part":0,"rrgh_tile_part":0},"geometry":{"type":"LineString","coordinates":[[-83.629464,37.500304],[-83.629443,37.500358],[-83.629436,37.500392],[-83.629399,37.500687],[-83.629295,37.501209],[-83.629279,37.501326],[-83.629272,37.50139],[-83.629274,37.501453],[-83.629269,37.501522],[-83.629281,37.501724],[-83.629277,37.501793],[-83.629271,37.501861],[-83.62922,37.50208],[-83.6292,37.502248],[-83.629211,37.502326],[-83.629235,37.502398],[-83.629292,37.502721],[-83.629367,37.503001],[-83.629379,37.50306],[-83.629387,37.503119],[-83.62939,37.50318],[-83.629386,37.503243],[-83.629376,37.503308],[-83.629373,37.503372],[-83.629386,37.50343],[-83.629416,37.503482],[-83.629461,37.503528],[-83.62956,37.5036],[-83.629691,37.503683],[-83.62972,37.503705]]}},{"type":"Feature","properties":{"osm_id":16334641,"highway":"residential","name":"Barrett Road","alt_name":null,"official_name":null,"surface":null,"tracktype":null,"service":null,"access":null,"motor_vehicle":null,"foot":null,"tiger_reviewed":"no","rrgh_part":0,"rrgh_tile_part":0},"geometry":{"type":"LineString","coordinates":[[-83.625252,37.500667],[-83.625254,37.500696],[-83.625287,37.500907],[-83.625291,37.500984],[-83.625283,37.501056],[-83.625282,37.501133],[-83.625287,37.501336],[-83.625294,37.501461],[-83.62529,37.501579],[-83.625267,37.501696],[-83.625219,37.501854],[-83.625164,37.502011],[-83.625102,37.502166],[-83.625087,37.502219],[-83.624966,37.502416],[-83.624893,37.502529],[-83.624861,37.502573],[-83.624838,37.502624],[-83.624823,37.502677],[-83.624816,37.502719],[-83.62468,37.502967],[-83.624671,37.503011],[-83.624146,37.503979],[-83.624126,37.504024],[-83.623186,37.504799],[-83.623087,37.504903]]}},{"type":"Feature","properties":{"osm_id":16333057,"highway":"residential","name":"Rose Cemetery Road","alt_name":null,"official_name":null,"surface":null,"tracktype":null,"service":null,"access":null,"motor_vehicle":null,"foot":null,"tiger_reviewed":"no","rrgh_part":0,"rrgh_tile_part":0},"geometry":{"type":"LineString","coordinates":[[-83.631055,37.500001],[-83.631063,37.500006],[-83.631174,37.500129],[-83.631264,37.500237],[-83.631279,37.500258],[-83.631304,37.500306],[-83.631321,37.500329],[-83.631395,37.500459],[-83.631431,37.50051],[-83.631493,37.500587],[-83.631561,37.500658],[-83.631667,37.500743]]}},{"type":"Feature","properties":{"osm_id":16332650,"highway":"residential","name":"Reynolds Lane","alt_name":null,"official_name":null,"surface":null,"tracktype":null,"service":null,"access":null,"motor_vehicle":null,"foot":null,"tiger_reviewed":"no","rrgh_part":0,"rrgh_tile_part":0},"geometry":{"type":"LineString","coordinates":[[-83.623439,37.468314],[-83.623412,37.46828],[-83.622763,37.467417],[-83.622738,37.467386],[-83.622699,37.467353],[-83.622603,37.46723],[-83.622596,37.467192],[-83.622514,37.467099],[-83.622493,37.46707],[-83.622483,37.467039],[-83.62225,37.466866],[-83.622189,37.466813],[-83.622142,37.466747],[-83.622089,37.466685],[-83.622055,37.466655],[-83.622017,37.466592],[-83.62197,37.466534],[-83.621936,37.466476],[-83.621912,37.466449],[-83.621865,37.466366]]}},{"type":"Feature","properties":{"osm_id":16334451,"highway":"residential","name":"Smoky Lane","alt_name":null,"official_name":null,"surface":null,"tracktype":null,"service":null,"access":null,"motor_vehicle":null,"foot":null,"tiger_reviewed":"no","rrgh_part":0,"rrgh_tile_part":0},"geometry":{"type":"LineString","coordinates":[[-83.611416,37.469508],[-83.611556,37.469546],[-83.611565,37.469502],[-83.61156,37.469469],[-83.611728,37.469324],[-83.612356,37.469205]]}},{"type":"Feature","properties":{"osm_id":16331798,"highway":"service","name":null,"alt_name":null,"official_name":null,"surface":null,"tracktype":null,"service":null,"access":"private","motor_vehicle":null,"foot":null,"tiger_reviewed":"no","rrgh_part":0,"rrgh_tile_part":0},"geometry":{"type":"LineString","coordinates":[[-83.610223,37.46847],[-83.610275,37.468413],[-83.610367,37.468313],[-83.6108236,37.4679078],[-83.6109074,37.4677982],[-83.6109601,37.4676905],[-83.6112608,37.467247],[-83.6119047,37.4669425],[-83.6124614,37.466634],[-83.6126816,37.4665594],[-83.6130575,37.4663184],[-83.6133751,37.4659811]]}},{"type":"Feature","properties":{"osm_id":16332821,"highway":"residential","name":"Tabletree Branch Road","alt_name":null,"official_name":null,"surface":null,"tracktype":null,"service":null,"access":null,"motor_vehicle":null,"foot":null,"tiger_reviewed":"no","rrgh_part":0,"rrgh_tile_part":0},"geometry":{"type":"LineString","coordinates":[[-83.61392,37.474265],[-83.613797,37.474291],[-83.613689,37.474322],[-83.613557,37.474371],[-83.613264,37.4745],[-83.613223,37.474523],[-83.613176,37.474541],[-83.613132,37.474553],[-83.613093,37.474576],[-83.61261,37.474788],[-83.612309,37.474927],[-83.612258,37.474948],[-83.61215,37.474979],[-83.61203,37.475001],[-83.611904,37.47502],[-83.611787,37.475045],[-83.611677,37.475075],[-83.61148,37.47516],[-83.611382,37.475193],[-83.611329,37.4752],[-83.611275,37.475198],[-83.611223,37.475189],[-83.610839,37.475088],[-83.610645,37.475017],[-83.610541,37.474987],[-83.610489,37.474976],[-83.610382,37.474961],[-83.610273,37.474955],[-83.610011,37.474954]]}},{"type":"Feature","properties":{"osm_id":16334645,"highway":"residential","name":"Stamper Road","alt_name":null,"official_name":null,"surface":null,"tracktype":null,"service":null,"access":null,"motor_vehicle":null,"foot":null,"tiger_reviewed":"no","rrgh_part":0,"rrgh_tile_part":0},"geometry":{"type":"LineString","coordinates":[[-83.604951,37.465005],[-83.604983,37.465231],[-83.604998,37.465282],[-83.605034,37.465328],[-83.605091,37.465362],[-83.605162,37.465383],[-83.605317,37.465411],[-83.605469,37.465434],[-83.605533,37.465452],[-83.605584,37.465476],[-83.605716,37.465561],[-83.605769,37.465588],[-83.606011,37.465697],[-83.606202,37.465789],[-83.606398,37.465875],[-83.606597,37.465967],[-83.606722,37.466034],[-83.606781,37.466072],[-83.606887,37.466154],[-83.606933,37.466198],[-83.606974,37.466244],[-83.607049,37.466341],[-83.607112,37.466437],[-83.607134,37.466478],[-83.607181,37.466583]]}},{"type":"Feature","properties":{"osm_id":16331905,"highway":"service","name":null,"alt_name":null,"official_name":null,"surface":null,"tracktype":null,"service":null,"access":"private","motor_vehicle":null,"foot":null,"tiger_reviewed":null,"rrgh_part":0,"rrgh_tile_part":0},"geometry":{"type":"LineString","coordinates":[[-83.6023589,37.4657497],[-83.6025178,37.4653958]]}},{"type":"Feature","properties":{"osm_id":16332849,"highway":"residential","name":"Shouse Road","alt_name":null,"official_name":null,"surface":null,"tracktype":null,"service":null,"access":null,"motor_vehicle":null,"foot":null,"tiger_reviewed":"no","rrgh_part":0,"rrgh_tile_part":0},"geometry":{"type":"LineString","coordinates":[[-83.595597,37.465194],[-83.595594,37.465174],[-83.595586,37.465137],[-83.595569,37.46501],[-83.595561,37.464552]]}},{"type":"Feature","properties":{"osm_id":16333517,"highway":"residential","name":"Halls Cemetery Road","alt_name":null,"official_name":null,"surface":null,"tracktype":null,"service":null,"access":null,"motor_vehicle":null,"foot":null,"tiger_reviewed":"no","rrgh_part":0,"rrgh_tile_part":0},"geometry":{"type":"LineString","coordinates":[[-83.597382,37.465109],[-83.597365,37.465211],[-83.59733,37.465247],[-83.597225,37.465336],[-83.597074,37.465415],[-83.596888,37.465548],[-83.596806,37.465592],[-83.596759,37.465636],[-83.596678,37.465726],[-83.596595,37.465797],[-83.596537,37.465841],[-83.596284,37.465937]]}},{"type":"Feature","properties":{"osm_id":16333292,"highway":"residential","name":"Terry Branch Road","alt_name":null,"official_name":null,"surface":null,"tracktype":null,"service":null,"access":null,"motor_vehicle":null,"foot":null,"tiger_reviewed":"no","rrgh_part":0,"rrgh_tile_part":0},"geometry":{"type":"LineString","coordinates":[[-83.6151512,37.4785746],[-83.615198,37.478573],[-83.615366,37.478588],[-83.615408,37.478596],[-83.61552,37.478609],[-83.615552,37.478608],[-83.615614,37.478619],[-83.615644,37.478619],[-83.615952,37.478655],[-83.615985,37.478655],[-83.616026,37.478663],[-83.616308,37.478689],[-83.616406,37.478689],[-83.616436,37.478684],[-83.616462,37.478673],[-83.61648,37.478656],[-83.616489,37.478634],[-83.616488,37.478609],[-83.616477,37.478584],[-83.616462,37.478556],[-83.616371,37.478417],[-83.616365,37.478403]]}},{"type":"Feature","properties":{"osm_id":1349766439,"highway":"residential","name":"Terry Branch Road","alt_name":null,"official_name":null,"surface":null,"tracktype":null,"service":null,"access":null,"motor_vehicle":null,"foot":null,"tiger_reviewed":null,"rrgh_part":0,"rrgh_tile_part":0},"geometry":{"type":"LineString","coordinates":[[-83.6149629,37.4785783],[-83.6151512,37.4785746]]}},{"type":"Feature","properties":{"osm_id":1349766440,"highway":"residential","name":"Terry Branch Road","alt_name":null,"official_name":null,"surface":null,"tracktype":null,"service":null,"access":null,"motor_vehicle":null,"foot":null,"tiger_reviewed":null,"rrgh_part":0,"rrgh_tile_part":0},"geometry":{"type":"LineString","coordinates":[[-83.614825,37.478582],[-83.6149629,37.4785783]]}},{"type":"Feature","properties":{"osm_id":1349766442,"highway":"track","name":null,"alt_name":null,"official_name":null,"surface":null,"tracktype":null,"service":null,"access":null,"motor_vehicle":null,"foot":null,"tiger_reviewed":null,"rrgh_part":0,"rrgh_tile_part":0},"geometry":{"type":"LineString","coordinates":[[-83.6154535,37.4821011],[-83.6154131,37.4820954],[-83.6153851,37.4820768],[-83.6153827,37.4820379],[-83.6154154,37.4819935],[-83.6155625,37.4818841],[-83.6155975,37.4818248],[-83.6156092,37.4817618],[-83.6155905,37.4816673],[-83.6154995,37.4813449],[-83.6154971,37.4812078],[-83.6155275,37.4811226],[-83.6155999,37.4810577],[-83.6156653,37.480991],[-83.6156769,37.4809039],[-83.6156769,37.4808057],[-83.615698,37.4806816],[-83.61574,37.4805945],[-83.6158264,37.4804926],[-83.6159081,37.4804092],[-83.6159571,37.4803165],[-83.6160529,37.4800942],[-83.616207,37.4797866],[-83.6162584,37.4796699],[-83.6163051,37.4794809],[-83.6164008,37.4791343],[-83.6164662,37.4788657],[-83.6165129,37.4787915],[-83.6165409,37.4787434],[-83.6165386,37.4786859],[-83.61648,37.478656]]}},{"type":"Feature","properties":{"osm_id":16333830,"highway":"residential","name":"Lerose Cemetery Road","alt_name":null,"official_name":null,"surface":null,"tracktype":null,"service":null,"access":null,"motor_vehicle":null,"foot":null,"tiger_reviewed":"no","rrgh_part":0,"rrgh_tile_part":0},"geometry":{"type":"LineString","coordinates":[[-83.617854,37.484549],[-83.617822,37.48461],[-83.617765,37.484705],[-83.617619,37.484965],[-83.617579,37.485024],[-83.617481,37.485196],[-83.617303,37.48553],[-83.617209,37.485686],[-83.617154,37.48574],[-83.617155,37.485773],[-83.617183,37.485789],[-83.617236,37.485789],[-83.617315,37.485796],[-83.617327,37.485793],[-83.617368,37.485797],[-83.617405,37.485805],[-83.617477,37.485848],[-83.617509,37.485877],[-83.617558,37.485914],[-83.617621,37.485952],[-83.61766,37.485983],[-83.617682,37.486009]]}},{"type":"Feature","properties":{"osm_id":16331881,"highway":"service","name":null,"alt_name":null,"official_name":null,"surface":null,"tracktype":null,"service":null,"access":"private","motor_vehicle":null,"foot":null,"tiger_reviewed":"no","rrgh_part":0,"rrgh_tile_part":0},"geometry":{"type":"LineString","coordinates":[[-83.6219117,37.4849054],[-83.6215919,37.4856616],[-83.6215894,37.4858637]]}},{"type":"Feature","properties":{"osm_id":16332260,"highway":"residential","name":null,"alt_name":null,"official_name":null,"surface":null,"tracktype":null,"service":null,"access":null,"motor_vehicle":null,"foot":null,"tiger_reviewed":"no","rrgh_part":0,"rrgh_tile_part":0},"geometry":{"type":"LineString","coordinates":[[-83.618902,37.486674],[-83.618994,37.486616],[-83.61902,37.486603],[-83.61905,37.486592],[-83.619083,37.486584],[-83.619179,37.486573],[-83.619262,37.486558],[-83.619336,37.48655],[-83.619396,37.486548],[-83.61942,37.486551],[-83.619431,37.486549],[-83.619512,37.486552],[-83.619555,37.486546],[-83.6197,37.48649],[-83.619757,37.486475],[-83.619813,37.486467],[-83.619869,37.486464],[-83.620025,37.486468],[-83.620103,37.486449],[-83.620131,37.486428],[-83.620154,37.4864],[-83.620169,37.486364],[-83.620232,37.486124],[-83.620311,37.485868],[-83.620357,37.485744],[-83.620439,37.485552],[-83.620461,37.485469]]}},{"type":"Feature","properties":{"osm_id":16333359,"highway":"residential","name":"Moores Branch Road","alt_name":null,"official_name":null,"surface":null,"tracktype":null,"service":null,"access":null,"motor_vehicle":null,"foot":null,"tiger_reviewed":"no","rrgh_part":0,"rrgh_tile_part":0},"geometry":{"type":"LineString","coordinates":[[-83.6055965,37.4891071],[-83.60553,37.489089],[-83.60541,37.489075],[-83.605348,37.489065],[-83.605275,37.489062],[-83.6052,37.489066],[-83.605122,37.489084],[-83.605048,37.489112],[-83.604883,37.489198],[-83.604492,37.489413],[-83.604291,37.489529],[-83.604193,37.48959],[-83.603724,37.489904],[-83.603545,37.490033],[-83.603462,37.4901],[-83.603168,37.49036],[-83.603077,37.490452],[-83.602752,37.490842],[-83.60246,37.491155],[-83.602396,37.491233],[-83.602263,37.491406],[-83.602178,37.49149],[-83.601902,37.491728],[-83.601737,37.491875],[-83.601651,37.491961],[-83.60156,37.492062],[-83.601468,37.492179],[-83.601289,37.492435],[-83.601195,37.492561],[-83.600895,37.492919],[-83.600796,37.49303],[-83.600705,37.493148],[-83.600535,37.493394],[-83.600443,37.493515],[-83.600347,37.493632],[-83.600247,37.493743],[-83.600142,37.493843],[-83.600033,37.493932],[-83.599802,37.494092],[-83.599707,37.494169],[-83.599404,37.494498],[-83.599197,37.494838],[-83.59914,37.494902],[-83.599059,37.494957],[-83.598712,37.495083],[-83.598577,37.495142],[-83.598303,37.495275],[-83.598168,37.495335],[-83.59803,37.495389],[-83.597894,37.495433],[-83.597761,37.495466],[-83.597639,37.495491],[-83.597517,37.495523],[-83.597399,37.495567],[-83.597289,37.495625],[-83.597191,37.495699],[-83.597102,37.495794],[-83.597008,37.495902],[-83.596839,37.496113],[-83.596509,37.496504],[-83.596446,37.496541],[-83.596391,37.496566],[-83.596281,37.496595],[-83.596175,37.496595],[-83.595922,37.496585],[-83.595777,37.496586],[-83.595623,37.496596],[-83.595464,37.496613],[-83.595299,37.496635],[-83.594959,37.49669],[-83.594783,37.496726],[-83.594242,37.496863],[-83.594064,37.4969],[-83.593511,37.497006],[-83.593317,37.497052],[-83.593133,37.497105],[-83.592793,37.497212],[-83.592642,37.497247],[-83.592496,37.497264],[-83.592358,37.497255],[-83.592101,37.497206],[-83.591982,37.497193],[-83.591873,37.497199],[-83.591772,37.497224],[-83.591676,37.497271],[-83.591084,37.497686],[-83.591003,37.497712],[-83.590929,37.497727],[-83.590845,37.497736],[-83.590217,37.497779],[-83.59006,37.497786],[-83.59,37.49778562264151]]}},{"type":"Feature","properties":{"osm_id":16332241,"highway":"service","name":null,"alt_name":null,"official_name":null,"surface":null,"tracktype":null,"service":null,"access":"private","motor_vehicle":null,"foot":null,"tiger_reviewed":null,"rrgh_part":0,"rrgh_tile_part":0},"geometry":{"type":"LineString","coordinates":[[-83.610288,37.484448],[-83.6103648,37.4842908],[-83.6104545,37.4840872],[-83.6106358,37.4835713]]}},{"type":"Feature","properties":{"osm_id":16334454,"highway":"residential","name":"Moores Branch Spur","alt_name":null,"official_name":null,"surface":null,"tracktype":null,"service":null,"access":null,"motor_vehicle":null,"foot":null,"tiger_reviewed":"no","rrgh_part":0,"rrgh_tile_part":0},"geometry":{"type":"LineString","coordinates":[[-83.596509,37.496504],[-83.596476,37.496563],[-83.596437,37.496646],[-83.596399,37.49674],[-83.596389,37.496784],[-83.596385,37.496826],[-83.596389,37.496868],[-83.596433,37.497064],[-83.596441,37.497122],[-83.596443,37.497181],[-83.596425,37.497369],[-83.596422,37.497437],[-83.596442,37.49765],[-83.596466,37.497713],[-83.596482,37.497786],[-83.59652,37.497842],[-83.596553,37.497901],[-83.596576,37.497968],[-83.596596,37.498038],[-83.59664,37.498268],[-83.596645,37.498349],[-83.596644,37.498428],[-83.596625,37.498516],[-83.596615,37.498597],[-83.596599,37.498767],[-83.596593,37.498953],[-83.596605,37.499342],[-83.59661,37.499437],[-83.596621,37.499527],[-83.596638,37.499614],[-83.596686,37.499771],[-83.596719,37.499844],[-83.596828,37.500057],[-83.596856,37.500127],[-83.596877,37.500195],[-83.596891,37.500261],[-83.596911,37.500387],[-83.596933,37.500439],[-83.596965,37.500481],[-83.597028,37.500549],[-83.597044,37.500579]]}},{"type":"Feature","properties":{"osm_id":16333410,"highway":"residential","name":"Sam Barrett Cemetery Road","alt_name":null,"official_name":null,"surface":null,"tracktype":null,"service":null,"access":null,"motor_vehicle":null,"foot":null,"tiger_reviewed":"no","rrgh_part":0,"rrgh_tile_part":0},"geometry":{"type":"LineString","coordinates":[[-83.666581,37.505722],[-83.666619,37.505725],[-83.666665,37.505734],[-83.666705,37.505736],[-83.666743,37.505729],[-83.667073,37.505641],[-83.667205,37.505598],[-83.667233,37.505582],[-83.667263,37.505572],[-83.667404,37.505564],[-83.667431,37.505565],[-83.667503,37.505577],[-83.667546,37.505606],[-83.667588,37.505644],[-83.667612,37.505661],[-83.667638,37.505674],[-83.667667,37.505682],[-83.667698,37.505685],[-83.667733,37.505684],[-83.667772,37.505678],[-83.668009,37.505611],[-83.668141,37.505588],[-83.668225,37.505566],[-83.668264,37.505552],[-83.668436,37.505461],[-83.668474,37.505445],[-83.668516,37.505432],[-83.66861,37.505416],[-83.668656,37.505413],[-83.668743,37.505413],[-83.668775,37.50542],[-83.668798,37.505434],[-83.668811,37.505446]]}},{"type":"Feature","properties":{"osm_id":16334144,"highway":"residential","name":"Caney Fork Road","alt_name":null,"official_name":null,"surface":null,"tracktype":null,"service":null,"access":null,"motor_vehicle":null,"foot":null,"tiger_reviewed":"no","rrgh_part":0,"rrgh_tile_part":0},"geometry":{"type":"LineString","coordinates":[[-83.6502196,37.5100015],[-83.650138,37.510049],[-83.650084,37.510102],[-83.6499939,37.5102153],[-83.649913,37.51031],[-83.6498469,37.5103782],[-83.649776,37.51046],[-83.649609,37.510633],[-83.64953,37.510705],[-83.649425,37.510779],[-83.649297,37.510862],[-83.649158,37.510942],[-83.648975,37.511042],[-83.64878,37.511156],[-83.648623,37.511232],[-83.648381,37.511334],[-83.648123,37.511449],[-83.647807,37.511585],[-83.64752,37.511694],[-83.646781,37.511889],[-83.646684,37.511935],[-83.646552,37.512026],[-83.64647,37.51206],[-83.646385,37.512073],[-83.646267,37.512071],[-83.646132,37.512045],[-83.646025,37.512032],[-83.645903,37.512053],[-83.64578,37.512095],[-83.645619,37.512171],[-83.645441,37.512247],[-83.645303,37.512292],[-83.645181,37.512313],[-83.645011,37.512313],[-83.644929,37.512341],[-83.644869,37.512402],[-83.644808,37.512456],[-83.644759,37.512511],[-83.644698,37.512563],[-83.644624,37.512606],[-83.64453,37.512648],[-83.644419,37.51269],[-83.644288,37.512726],[-83.644121,37.512793],[-83.644039,37.51283],[-83.643916,37.512869],[-83.64366,37.512932],[-83.643427,37.512937],[-83.643279,37.512957],[-83.643209,37.512983],[-83.643142,37.512999],[-83.642875,37.513038],[-83.642776,37.513048],[-83.642558,37.513053],[-83.642477,37.513066],[-83.642395,37.513097],[-83.642143,37.513151],[-83.642035,37.513164],[-83.641858,37.513179],[-83.641526,37.513196],[-83.641412,37.513209],[-83.640815,37.513344],[-83.640509,37.513444],[-83.640304,37.513523],[-83.640098,37.513581],[-83.639892,37.513644],[-83.639792,37.513678],[-83.639426,37.51381],[-83.639185,37.513893],[-83.639019,37.513973],[-83.63886,37.514083],[-83.638741,37.514149],[-83.638264,37.514387],[-83.637155,37.514915],[-83.636519,37.515356],[-83.63638,37.515433],[-83.636235,37.515499],[-83.635891,37.515602],[-83.635719,37.515662],[-83.63555,37.515731],[-83.635208,37.515887],[-83.635069,37.515941],[-83.634943,37.515977],[-83.634592,37.516038],[-83.634373,37.516069],[-83.634258,37.516082],[-83.633747,37.516193],[-83.633646,37.516244],[-83.633556,37.516307],[-83.633254,37.516651],[-83.633191,37.516706],[-83.633113,37.516759],[-83.633041,37.516774],[-83.632963,37.516775],[-83.632694,37.516737],[-83.632595,37.516729],[-83.632388,37.516735],[-83.632285,37.516733],[-83.631879,37.516704],[-83.631779,37.516702],[-83.631677,37.516706],[-83.631575,37.516717],[-83.630552,37.516873],[-83.630468,37.516873],[-83.630299,37.516866],[-83.629784,37.516822],[-83.62919,37.516793],[-83.629043,37.516788],[-83.628971,37.516789],[-83.628904,37.516783],[-83.628696,37.51678],[-83.628422,37.516771],[-83.628307,37.516775],[-83.628125,37.516795],[-83.627968,37.516816],[-83.627925,37.516826],[-83.627858,37.516835],[-83.627672,37.51687],[-83.627223,37.517106],[-83.627139,37.517176],[-83.627108,37.517198],[-83.627065,37.517223],[-83.627049,37.517228],[-83.626976,37.517264],[-83.626664,37.517363],[-83.626611,37.517377],[-83.626559,37.51738],[-83.625441,37.517346],[-83.625284,37.517334],[-83.624707,37.51727],[-83.624446,37.517276],[-83.624405,37.517274]]}},{"type":"Feature","properties":{"osm_id":16334187,"highway":"residential","name":"Jerushia Road","alt_name":null,"official_name":null,"surface":null,"tracktype":null,"service":null,"access":null,"motor_vehicle":null,"foot":null,"tiger_reviewed":"no","rrgh_part":0,"rrgh_tile_part":0},"geometry":{"type":"LineString","coordinates":[[-83.630803,37.521822],[-83.630865,37.521827],[-83.630942,37.521828],[-83.63113,37.521819],[-83.631239,37.521821],[-83.631355,37.521834],[-83.631594,37.521886],[-83.631718,37.521908],[-83.631846,37.521917],[-83.632098,37.521915],[-83.632214,37.521931],[-83.632328,37.52196],[-83.632461,37.521984],[-83.632574,37.521992],[-83.63287,37.521985],[-83.633212,37.521984],[-83.633389,37.521979],[-83.633721,37.521997],[-83.633864,37.522002],[-83.634004,37.522],[-83.634288,37.521987],[-83.634981,37.521981],[-83.635095,37.521983],[-83.635201,37.522006],[-83.635291,37.522049],[-83.635358,37.522107],[-83.635409,37.522175],[-83.635456,37.522251],[-83.635518,37.522326],[-83.635605,37.522382],[-83.635713,37.52244],[-83.635945,37.522581],[-83.636063,37.522661],[-83.636175,37.522743],[-83.636391,37.52289],[-83.636502,37.522957],[-83.636618,37.523017],[-83.636725,37.523088],[-83.636821,37.523171],[-83.636905,37.523263],[-83.636978,37.52335],[-83.637088,37.523508],[-83.637142,37.523572],[-83.637202,37.523622],[-83.637269,37.523663],[-83.637358,37.523693],[-83.637471,37.523707],[-83.637756,37.523706],[-83.637914,37.52371],[-83.638079,37.523718],[-83.638742,37.523762],[-83.638917,37.523769],[-83.639085,37.52378],[-83.639247,37.523797],[-83.6394,37.523831],[-83.639686,37.523927],[-83.639823,37.523968],[-83.639979,37.524002],[-83.640258,37.524041],[-83.640373,37.524078],[-83.640467,37.52413],[-83.640541,37.524191],[-83.64062,37.524249],[-83.640722,37.524289],[-83.640839,37.524312],[-83.640962,37.524312],[-83.641086,37.524308],[-83.641205,37.524322],[-83.641334,37.524348],[-83.641448,37.524354],[-83.641557,37.52433],[-83.641669,37.52428],[-83.641778,37.524245],[-83.641931,37.524146],[-83.642051,37.524099],[-83.642171,37.524062],[-83.642288,37.524043],[-83.642415,37.524045],[-83.642839,37.524069],[-83.642976,37.524085],[-83.643374,37.524159],[-83.6435,37.524178],[-83.643621,37.524186],[-83.643746,37.524183],[-83.643875,37.524163],[-83.644011,37.52413],[-83.644309,37.524066],[-83.644471,37.524037],[-83.644667,37.523997],[-83.644804,37.523965],[-83.645153,37.523875],[-83.645682,37.523744],[-83.645849,37.523707],[-83.646011,37.523678],[-83.646169,37.523662],[-83.646329,37.523659],[-83.646493,37.523663],[-83.646832,37.523684],[-83.646996,37.523701],[-83.647411,37.52379],[-83.647524,37.523846],[-83.648119,37.524046],[-83.648176,37.523981],[-83.648232,37.52392],[-83.64833,37.523851],[-83.648447,37.523789],[-83.648571,37.523729],[-83.648968,37.523504],[-83.64955,37.523117],[-83.649692,37.523043],[-83.649865,37.522979],[-83.650024,37.522924],[-83.650213,37.522863],[-83.650376,37.522793],[-83.650543,37.522711],[-83.652375,37.521601],[-83.652484,37.521495],[-83.6527,37.521252],[-83.652821,37.521127],[-83.65294,37.520998],[-83.653062,37.520877],[-83.653171,37.520755],[-83.653514,37.52026],[-83.653678,37.52009],[-83.653812,37.51996],[-83.653955,37.519833],[-83.654098,37.519715],[-83.654263,37.519597],[-83.654453,37.51948],[-83.654704,37.519368],[-83.654914,37.51933],[-83.655145,37.519225],[-83.655302,37.519191],[-83.655447,37.519202],[-83.655597,37.519223],[-83.655841,37.519237],[-83.656063,37.519204],[-83.65622,37.519172],[-83.656354,37.519155],[-83.65648,37.519112],[-83.656563,37.519078],[-83.656626,37.519037]]}},{"type":"Feature","properties":{"osm_id":16334577,"highway":"residential","name":"Cooper Cemetery Road","alt_name":null,"official_name":null,"surface":null,"tracktype":null,"service":null,"access":null,"motor_vehicle":null,"foot":null,"tiger_reviewed":"no","rrgh_part":0,"rrgh_tile_part":0},"geometry":{"type":"LineString","coordinates":[[-83.6503111,37.5100309],[-83.6503172,37.5100977],[-83.6502981,37.5101356],[-83.650015,37.510445],[-83.64999,37.510471],[-83.649881,37.510556],[-83.649864,37.510581],[-83.649863,37.510598],[-83.649867,37.510615],[-83.649886,37.51065],[-83.64994,37.510701],[-83.649967,37.510742],[-83.64999,37.510841],[-83.649992,37.51087],[-83.650002,37.510922],[-83.650024,37.510994],[-83.650045,37.511086],[-83.650058,37.511192],[-83.6501,37.511311],[-83.6501,37.511344],[-83.650082,37.511384],[-83.650049,37.511423],[-83.65001,37.51145],[-83.6498,37.511568],[-83.649781,37.511584],[-83.649769,37.511603],[-83.649753,37.511662],[-83.649741,37.511789],[-83.649731,37.511831],[-83.649715,37.511871],[-83.649666,37.512027],[-83.649612,37.512181],[-83.649596,37.512285]]}},{"type":"Feature","properties":{"osm_id":1227074992,"highway":"residential","name":"Straight Fork Zeke Bridge Road","alt_name":null,"official_name":null,"surface":null,"tracktype":null,"service":null,"access":null,"motor_vehicle":null,"foot":null,"tiger_reviewed":null,"rrgh_part":0,"rrgh_tile_part":0},"geometry":{"type":"LineString","coordinates":[[-83.6524632,37.5105152],[-83.6522649,37.5104017],[-83.6520889,37.5103193],[-83.6519343,37.5102678],[-83.651708,37.5101503],[-83.6515515,37.5100546],[-83.6513458,37.5099525],[-83.6511417,37.5099117],[-83.6508784,37.5099105],[-83.6506742,37.5099436],[-83.6504768,37.5100003],[-83.6503945,37.510026],[-83.6503111,37.5100309]]}},{"type":"Feature","properties":{"osm_id":16332091,"highway":"residential","name":null,"alt_name":null,"official_name":null,"surface":null,"tracktype":null,"service":null,"access":null,"motor_vehicle":null,"foot":null,"tiger_reviewed":"no","rrgh_part":0,"rrgh_tile_part":0},"geometry":{"type":"LineString","coordinates":[[-83.643336,37.50508],[-83.643251,37.505167],[-83.643194,37.50521],[-83.643177,37.505219],[-83.642888,37.505327],[-83.642677,37.505399],[-83.642577,37.505447],[-83.642535,37.505473],[-83.642492,37.505507],[-83.642427,37.505567],[-83.642411,37.505588],[-83.642388,37.50563]]}},{"type":"Feature","properties":{"osm_id":16332552,"highway":"residential","name":"Seales Road","alt_name":null,"official_name":null,"surface":"gravel","tracktype":null,"service":null,"access":null,"motor_vehicle":null,"foot":null,"tiger_reviewed":"no","rrgh_part":0,"rrgh_tile_part":0},"geometry":{"type":"LineString","coordinates":[[-83.649986,37.50975],[-83.649991,37.509725],[-83.650006,37.509674],[-83.650006,37.509622],[-83.64994,37.509517],[-83.649863,37.509447],[-83.649773,37.509375],[-83.649726,37.509331],[-83.649675,37.50929],[-83.649482,37.509111],[-83.649397,37.509015],[-83.649358,37.508963],[-83.649321,37.50891],[-83.649256,37.508795],[-83.649121,37.508484],[-83.649077,37.508357],[-83.649065,37.508292],[-83.649061,37.508228],[-83.649065,37.508166],[-83.649076,37.508107],[-83.649107,37.508008],[-83.649138,37.507932],[-83.649148,37.5079],[-83.649152,37.507873],[-83.649145,37.507846],[-83.649126,37.507821],[-83.649039,37.507725],[-83.649015,37.507693],[-83.648986,37.507645]]}},{"type":"Feature","properties":{"osm_id":16331906,"highway":"residential","name":null,"alt_name":null,"official_name":null,"surface":null,"tracktype":null,"service":null,"access":null,"motor_vehicle":null,"foot":null,"tiger_reviewed":"no","rrgh_part":0,"rrgh_tile_part":0},"geometry":{"type":"LineString","coordinates":[[-83.648176,37.523981],[-83.648181,37.524026],[-83.64794408108108,37.525000000000006]]}},{"type":"Feature","properties":{"osm_id":16334449,"highway":"residential","name":"Caney Fork Cemetery Road","alt_name":null,"official_name":null,"surface":null,"tracktype":null,"service":null,"access":null,"motor_vehicle":null,"foot":null,"tiger_reviewed":"no","rrgh_part":0,"rrgh_tile_part":0},"geometry":{"type":"LineString","coordinates":[[-83.626559,37.51738],[-83.626519,37.517521],[-83.626507,37.517607],[-83.626501,37.517689],[-83.626482,37.517731],[-83.626462,37.517762],[-83.626439,37.517783],[-83.626412,37.517798],[-83.626389,37.517817],[-83.626338,37.517883],[-83.626304,37.517936],[-83.626207,37.518052],[-83.626099,37.518136],[-83.626032,37.518182],[-83.625973,37.518218],[-83.62576,37.518331],[-83.62563,37.518456],[-83.625581,37.518514],[-83.625568,37.518561],[-83.625589,37.518619],[-83.625646,37.51868],[-83.625718,37.518707],[-83.62575,37.518727],[-83.625809,37.51878],[-83.625834,37.518812],[-83.625856,37.518849],[-83.625874,37.518887],[-83.625887,37.518931],[-83.625886,37.519072],[-83.625867,37.519328],[-83.625793,37.519692],[-83.625759,37.519764],[-83.625663,37.51991],[-83.625572,37.519997],[-83.625444,37.520094],[-83.625145,37.52023],[-83.624974,37.520291],[-83.62484,37.52033],[-83.62475,37.520387],[-83.624711,37.520451],[-83.624724,37.520522],[-83.62478,37.52064],[-83.624866,37.520724],[-83.624974,37.520784],[-83.625061,37.520851],[-83.625132,37.520928],[-83.625155,37.521078],[-83.625156,37.521138],[-83.625013,37.521614],[-83.625015,37.52171],[-83.625023,37.521813],[-83.625046,37.521922],[-83.625077,37.522001],[-83.625121,37.522078],[-83.625166,37.522118],[-83.625174,37.522133],[-83.625236,37.522204],[-83.625263,37.522242],[-83.625275,37.522265],[-83.62529,37.522281],[-83.625344,37.522329],[-83.62544,37.522397]]}},{"type":"Feature","properties":{"osm_id":16332054,"highway":"service","name":null,"alt_name":null,"official_name":null,"surface":null,"tracktype":null,"service":null,"access":"private","motor_vehicle":null,"foot":null,"tiger_reviewed":"no","rrgh_part":0,"rrgh_tile_part":0},"geometry":{"type":"LineString","coordinates":[[-83.603834,37.504116],[-83.603667,37.504257],[-83.603534,37.504727],[-83.603469,37.504786],[-83.603351,37.504791],[-83.602402,37.505279],[-83.600883,37.506351],[-83.600378,37.50664],[-83.600084,37.50677],[-83.599669,37.506875],[-83.599556,37.506868]]}},{"type":"Feature","properties":{"osm_id":16269216,"highway":"residential","name":"Judd Fork Road","alt_name":null,"official_name":null,"surface":null,"tracktype":null,"service":null,"access":null,"motor_vehicle":null,"foot":null,"tiger_reviewed":"no","rrgh_part":0,"rrgh_tile_part":0},"geometry":{"type":"LineString","coordinates":[[-83.610944,37.52031],[-83.610786,37.520413],[-83.610384,37.52069],[-83.610206,37.520826],[-83.610069,37.520941],[-83.609927,37.521086],[-83.609735,37.521216],[-83.609293,37.521368],[-83.609179,37.521433],[-83.609126,37.521475],[-83.608988,37.521535],[-83.608822,37.521581],[-83.608584,37.52168],[-83.608448,37.521761],[-83.608252,37.521902],[-83.608042,37.522066],[-83.607983,37.522144],[-83.607937,37.522228],[-83.607902,37.522344],[-83.607836,37.522496],[-83.607739,37.522666],[-83.607639,37.522934],[-83.607603,37.523117],[-83.607588,37.523362],[-83.607562,37.523454],[-83.60753,37.523508],[-83.607451,37.523556],[-83.607366,37.523585],[-83.607272,37.523632],[-83.607207,37.523772],[-83.607215,37.524005],[-83.607269,37.524227],[-83.607317,37.524507],[-83.607313,37.524577],[-83.607273,37.524722],[-83.607118,37.524998],[-83.6071163826087,37.525000000000006]]}},{"type":"Feature","properties":{"osm_id":16268276,"highway":"residential","name":null,"alt_name":null,"official_name":null,"surface":null,"tracktype":null,"service":null,"access":null,"motor_vehicle":null,"foot":null,"tiger_reviewed":"no","rrgh_part":0,"rrgh_tile_part":0},"geometry":{"type":"LineString","coordinates":[[-83.594017,37.514669],[-83.593378,37.514824],[-83.592855,37.514733],[-83.590298,37.514608],[-83.59,37.51470412903226]]}}],"rrgh_tile":{"id":"r1c4","bounds":[37.45,-83.67500000000001,37.525000000000006,-83.59]}}
