{"type":"FeatureCollection","features":[{"type":"Feature","properties":{"osm_id":16105171,"highway":"residential","name":null,"alt_name":null,"official_name":null,"surface":null,"tracktype":null,"service":null,"access":null,"motor_vehicle":null,"foot":null,"tiger_reviewed":"no","rrgh_part":0,"rrgh_tile_part":0},"geometry":{"type":"LineString","coordinates":[[-83.3779994493392,37.45],[-83.37803,37.450095],[-83.378163,37.450445]]}},{"type":"Feature","properties":{"osm_id":16109862,"highway":"residential","name":"South Copeland Road","alt_name":null,"official_name":null,"surface":null,"tracktype":null,"service":null,"access":null,"motor_vehicle":null,"foot":null,"tiger_reviewed":"no","rrgh_part":0,"rrgh_tile_part":0},"geometry":{"type":"LineString","coordinates":[[-83.377731,37.45457],[-83.377807,37.454538],[-83.37806,37.454413],[-83.378213,37.454315],[-83.378286,37.454257],[-83.378355,37.454193],[-83.378419,37.454122],[-83.378478,37.454044],[-83.37859,37.453871],[-83.378696,37.453686],[-83.378824,37.453405],[-83.378857,37.453311],[-83.37888,37.453221],[-83.378911,37.452966],[-83.378912,37.452805],[-83.378897,37.452643],[-83.378884,37.452566],[-83.378701,37.451877],[-83.378679,37.451818],[-83.378658,37.451781],[-83.378642,37.451765],[-83.378615,37.451749],[-83.3785589,37.4517341],[-83.378525,37.451726],[-83.378491,37.451712],[-83.378461,37.45169],[-83.378436,37.45166],[-83.378417,37.451621],[-83.378396,37.451522],[-83.378355,37.451242],[-83.378318,37.451076],[-83.378188,37.450537],[-83.378163,37.450445]]}},{"type":"Feature","properties":{"osm_id":16105132,"highway":"track","name":null,"alt_name":null,"official_name":null,"surface":null,"tracktype":null,"service":null,"access":null,"motor_vehicle":null,"foot":null,"tiger_reviewed":"no","rrgh_part":0,"rrgh_tile_part":0},"geometry":{"type":"LineString","coordinates":[[-83.34729491539082,37.45],[-83.347833,37.450911],[-83.348259,37.451225],[-83.34889,37.451438],[-83.349163,37.451535],[-83.349528,37.451691],[-83.349669,37.451739],[-83.350131,37.451919],[-83.351133,37.453361],[-83.35195,37.453981],[-83.352816,37.454885],[-83.352946,37.455232],[-83.353154,37.455514],[-83.353325,37.455861],[-83.353698,37.45633],[-83.353953,37.456802],[-83.354169,37.457338],[-83.354701,37.458104],[-83.35508,37.458432],[-83.355453,37.459212],[-83.355611,37.459643],[-83.355885,37.460076],[-83.35679,37.461253],[-83.35708,37.462069],[-83.356998,37.46284],[-83.356755,37.463203],[-83.355799,37.464131],[-83.354522,37.465081],[-83.35422,37.465534],[-83.354147,37.466011],[-83.353362,37.467075],[-83.353021,37.467869],[-83.352992,37.468754],[-83.35318,37.469258],[-83.354632,37.470335],[-83.355667,37.470931],[-83.356524,37.471092],[-83.357395,37.471126],[-83.357881,37.471218],[-83.35811,37.471272],[-83.358633,37.471338],[-83.359,37.471478],[-83.359008,37.471489],[-83.359127,37.471506],[-83.359245,37.471554],[-83.359364,37.471555],[-83.359774,37.471823],[-83.3605,37.472791]]}},{"type":"Feature","properties":{"osm_id":16111369,"highway":"residential","name":"Curt Road","alt_name":null,"official_name":null,"surface":null,"tracktype":null,"service":null,"access":null,"motor_vehicle":null,"foot":null,"tiger_reviewed":"no","rrgh_part":0,"rrgh_tile_part":0},"geometry":{"type":"LineString","coordinates":[[-83.410651,37.48323],[-83.410709,37.483192],[-83.410742,37.483162],[-83.410795,37.483091],[-83.41083,37.483062],[-83.410868,37.483038],[-83.410935,37.483036],[-83.411125,37.483067],[-83.411296,37.483077],[-83.411389,37.483078],[-83.411959,37.483067],[-83.412048,37.483061],[-83.412133,37.48305],[-83.412217,37.483036],[-83.412375,37.483001],[-83.412418,37.482989],[-83.412532,37.482942],[-83.412659,37.48291],[-83.412734,37.482895],[-83.412962,37.482869],[-83.413106,37.482843],[-83.413243,37.482794],[-83.41331,37.482764],[-83.413497,37.482656],[-83.413565,37.482623],[-83.413638,37.482594],[-83.413707,37.482581],[-83.413782,37.482571],[-83.413931,37.48253],[-83.414001,37.482507],[-83.414072,37.482478],[-83.414342,37.482348],[-83.414779,37.482224],[-83.415331,37.482059],[-83.415557,37.481956],[-83.415702,37.481884],[-83.41577,37.481842],[-83.415995,37.481661],[-83.416056,37.481625],[-83.416217,37.481521],[-83.416286,37.481497],[-83.416514,37.481444]]}},{"type":"Feature","properties":{"osm_id":16116628,"highway":"residential","name":"Cane Creek Road","alt_name":null,"official_name":null,"surface":null,"tracktype":null,"service":null,"access":null,"motor_vehicle":null,"foot":null,"tiger_reviewed":"no","rrgh_part":0,"rrgh_tile_part":0},"geometry":{"type":"LineString","coordinates":[[-83.412375,37.483001],[-83.412497,37.483064],[-83.412597,37.483125],[-83.412648,37.483152],[-83.412826,37.483231],[-83.412981,37.483337],[-83.413233,37.483488],[-83.413296,37.483533],[-83.413354,37.483583],[-83.413511,37.483748],[-83.41359,37.483848],[-83.413639,37.483932],[-83.413689,37.48399],[-83.413814,37.484176],[-83.413861,37.484237],[-83.413918,37.484295],[-83.413982,37.48435],[-83.414053,37.484403],[-83.414128,37.484454],[-83.414207,37.484504],[-83.414514,37.484684],[-83.41466,37.484778],[-83.414728,37.484826],[-83.41492,37.484975],[-83.415028,37.485082],[-83.415116,37.485178],[-83.415158,37.485217],[-83.415202,37.485245],[-83.415251,37.485264],[-83.415365,37.48529],[-83.415591,37.485321],[-83.415931,37.485381],[-83.416176,37.485439],[-83.416343,37.485492],[-83.416605,37.485585],[-83.417045,37.485748],[-83.417283,37.485848],[-83.417557,37.485987],[-83.417623,37.486014],[-83.417688,37.486036],[-83.417751,37.486053],[-83.417812,37.486065],[-83.417965,37.486086],[-83.418078,37.486096],[-83.418219,37.486104],[-83.41847,37.486107],[-83.418928,37.4861],[-83.41912,37.486091],[-83.419421,37.486067],[-83.419521,37.48607],[-83.419722,37.486083],[-83.419823,37.486079],[-83.419924,37.48607],[-83.42,37.48606112690355]]}},{"type":"Feature","properties":{"osm_id":16110352,"highway":"residential","name":"Bowling Cove Road","alt_name":null,"official_name":null,"surface":null,"tracktype":null,"service":null,"access":null,"motor_vehicle":null,"foot":null,"tiger_reviewed":"no","rrgh_part":0,"rrgh_tile_part":0},"geometry":{"type":"LineString","coordinates":[[-83.42,37.50618744705882],[-83.419937,37.50612],[-83.419573,37.505757],[-83.419467,37.505668],[-83.419213,37.505476],[-83.419186,37.505448],[-83.419136,37.505383],[-83.419124,37.505357],[-83.419063,37.505266],[-83.41898,37.505117],[-83.418928,37.505004],[-83.418886,37.504884],[-83.418858,37.504832],[-83.418841,37.504806],[-83.418789,37.504747],[-83.418605,37.504584],[-83.418511,37.504483],[-83.418471,37.50443],[-83.418438,37.504377],[-83.418412,37.504326],[-83.418397,37.504275],[-83.418392,37.504224],[-83.418398,37.504122],[-83.418434,37.50394],[-83.418442,37.503882],[-83.418454,37.503701],[-83.418468,37.503644],[-83.418496,37.503578],[-83.418533,37.503516],[-83.418628,37.503393],[-83.418752,37.503198],[-83.418842,37.503079],[-83.418879,37.50302],[-83.418982,37.502898],[-83.419019,37.502831],[-83.419049,37.50276],[-83.419099,37.502617],[-83.419164,37.502479],[-83.419234,37.502274],[-83.419268,37.502077],[-83.419301,37.501963],[-83.41934,37.50187],[-83.419355,37.501824],[-83.419367,37.501775],[-83.419375,37.501722],[-83.419409,37.501421],[-83.419431,37.501284],[-83.419437,37.501209],[-83.419435,37.501094],[-83.419422,37.500942],[-83.4194,37.500835],[-83.419367,37.500731],[-83.419166,37.500335],[-83.419149,37.5003],[-83.419137,37.500263],[-83.419119,37.500189],[-83.4191,37.500073],[-83.419094,37.500008],[-83.419073,37.499907],[-83.419061,37.49982],[-83.419063,37.49978],[-83.419046,37.499682],[-83.419045,37.499639],[-83.41905,37.499587],[-83.41906,37.499561],[-83.419071,37.499537],[-83.419089,37.499515],[-83.41911,37.499498],[-83.419136,37.499482],[-83.419194,37.49946],[-83.419236,37.499452],[-83.419312,37.499443],[-83.419516,37.499429],[-83.419768,37.499378],[-83.419836,37.499357],[-83.419952,37.49933],[-83.42,37.49931023529411]]}},{"type":"Feature","properties":{"osm_id":16110352,"highway":"residential","name":"Bowling Cove Road","alt_name":null,"official_name":null,"surface":null,"tracktype":null,"service":null,"access":null,"motor_vehicle":null,"foot":null,"tiger_reviewed":"no","rrgh_part":0,"rrgh_tile_part":1},"geometry":{"type":"LineString","coordinates":[[-83.42,37.49794976717558],[-83.419831,37.497913],[-83.419716,37.497871],[-83.419675,37.497851],[-83.419635,37.497827],[-83.419599,37.497799],[-83.419567,37.497769],[-83.419541,37.497742],[-83.419449,37.49762],[-83.419411,37.497575],[-83.419364,37.497532],[-83.419315,37.497493],[-83.419174,37.497396],[-83.419136,37.49736],[-83.419101,37.497322],[-83.41907,37.497282],[-83.419043,37.497236],[-83.41902,37.497186],[-83.418957,37.497013],[-83.418855,37.496698],[-83.418829,37.496638],[-83.418779,37.496504],[-83.418755,37.496413],[-83.418731,37.496371],[-83.418688,37.49634],[-83.418393,37.496211],[-83.418312,37.496187],[-83.418275,37.496183],[-83.418208,37.49619],[-83.418137,37.496205],[-83.418025,37.496251],[-83.41798,37.496267],[-83.417932,37.49628],[-83.417885,37.496287],[-83.417838,37.496285],[-83.41779,37.496276],[-83.417743,37.496259],[-83.417697,37.496236],[-83.417654,37.496207],[-83.417613,37.496174],[-83.417553,37.496093],[-83.417528,37.496052],[-83.417496,37.496014],[-83.417457,37.495979],[-83.417413,37.495947],[-83.417365,37.495917],[-83.417313,37.49589],[-83.417205,37.495842],[-83.417105,37.495808],[-83.417056,37.4958],[-83.416952,37.495808],[-83.4169,37.49582],[-83.416799,37.495851],[-83.416745,37.495862],[-83.416527,37.495925],[-83.416401,37.495957]]}},{"type":"Feature","properties":{"osm_id":16111440,"highway":"unclassified","name":"Stray Branch Road","alt_name":null,"official_name":null,"surface":null,"tracktype":null,"service":null,"access":null,"motor_vehicle":null,"foot":null,"tiger_reviewed":"no","rrgh_part":0,"rrgh_tile_part":0},"geometry":{"type":"LineString","coordinates":[[-83.379896,37.498644],[-83.379863,37.498628],[-83.379807,37.498607],[-83.379772,37.498598],[-83.379703,37.498588],[-83.37964,37.498572],[-83.379485,37.498493],[-83.379396,37.49843],[-83.379378,37.498415],[-83.379367,37.4984],[-83.379359,37.498384],[-83.37936,37.498355],[-83.379375,37.498333],[-83.379388,37.498325],[-83.379405,37.498321],[-83.379455,37.498324],[-83.379503,37.498331],[-83.379589,37.498349],[-83.379714,37.498381],[-83.379735,37.498379],[-83.379749,37.498369],[-83.379758,37.498345],[-83.379754,37.498324],[-83.379722,37.498296],[-83.379644,37.498258],[-83.379434,37.49812],[-83.379312,37.498049],[-83.379279,37.498025],[-83.379218,37.497969],[-83.379214,37.497933],[-83.37925,37.497929],[-83.379323,37.497944],[-83.379387,37.497949],[-83.379534,37.497954],[-83.379592,37.497948],[-83.379611,37.497933],[-83.379617,37.497918],[-83.379617,37.497878],[-83.379608,37.497864],[-83.379565,37.497832],[-83.379536,37.497815],[-83.379471,37.49776],[-83.379336,37.497638],[-83.379247,37.497515],[-83.379216,37.497431],[-83.379191,37.497384],[-83.379149,37.497322],[-83.379099,37.497265],[-83.378962,37.497159],[-83.378911,37.497134],[-83.378877,37.497125],[-83.378731,37.497102],[-83.378607,37.497095],[-83.378584,37.497099],[-83.378552,37.497121],[-83.378539,37.497134],[-83.378501,37.497187],[-83.378443,37.497285],[-83.378428,37.497321],[-83.378374,37.497423],[-83.37804,37.497719],[-83.377965,37.497765],[-83.377934,37.497811],[-83.377939,37.497898],[-83.377927,37.498342],[-83.377942,37.498535],[-83.377971,37.498717],[-83.378009,37.498914],[-83.378188,37.499277],[-83.378243,37.499504],[-83.378256,37.499746],[-83.378296,37.500034],[-83.378484,37.500737],[-83.378531,37.500867],[-83.378571,37.500996],[-83.378641,37.501105],[-83.378658,37.501149],[-83.378649,37.50121],[-83.378632,37.501274],[-83.378597,37.501337],[-83.37857,37.501378],[-83.37855,37.501436],[-83.378544,37.501505],[-83.378545,37.501617],[-83.378552,37.501706],[-83.37855,37.501737],[-83.378561,37.501792],[-83.37855,37.501832],[-83.378455,37.501985],[-83.378159,37.502408],[-83.378121,37.502444],[-83.378083,37.502486],[-83.378047,37.502534],[-83.377995,37.50258],[-83.377744,37.502885],[-83.377705,37.502935],[-83.377675,37.50298],[-83.377649,37.503028],[-83.377629,37.503075],[-83.377615,37.503123],[-83.377598,37.503214],[-83.377598,37.503296],[-83.377602,37.503333],[-83.377615,37.503389],[-83.377725,37.503684],[-83.377734,37.503751],[-83.377738,37.50382],[-83.377723,37.503938],[-83.377683,37.504195],[-83.377648,37.504381],[-83.377689,37.504875],[-83.377729,37.505179],[-83.37772,37.505335],[-83.377678,37.50539],[-83.377666,37.505439],[-83.377694,37.50552],[-83.377721,37.505625],[-83.377747,37.505763],[-83.377752,37.505924],[-83.377747,37.506078],[-83.377706,37.506259],[-83.377636,37.506398],[-83.37759,37.506551],[-83.377528,37.506921],[-83.377511,37.50713],[-83.377484,37.507355],[-83.377439,37.5075],[-83.377414,37.507661],[-83.377293,37.507949],[-83.377237,37.508109],[-83.377173,37.508221],[-83.377099,37.508316],[-83.377063,37.50839],[-83.377065,37.508445],[-83.377083,37.508491],[-83.377112,37.508529],[-83.377145,37.508561],[-83.377239,37.508637],[-83.377392,37.508839],[-83.377465,37.508991],[-83.377537,37.509161],[-83.377567,37.509276],[-83.377585,37.50941],[-83.377579,37.509595],[-83.377564,37.509728],[-83.377591,37.510123],[-83.37762,37.51027],[-83.377651,37.510474],[-83.377677,37.510731],[-83.377672,37.510882],[-83.377709,37.511122],[-83.377727,37.511264],[-83.377709,37.511467],[-83.377636,37.51166],[-83.377542,37.511827],[-83.377381,37.512001],[-83.377182,37.512147],[-83.377146,37.512181],[-83.377033,37.512309],[-83.376899,37.512433],[-83.376848,37.512498],[-83.376824,37.512535],[-83.376807,37.512579],[-83.376802,37.512617],[-83.376815,37.512657],[-83.376874,37.512699],[-83.376957,37.512725],[-83.377026,37.512761],[-83.377205,37.512885],[-83.377303,37.512974],[-83.377435,37.513075],[-83.377491,37.513131],[-83.377594,37.513248],[-83.37764,37.513312],[-83.377675,37.513381],[-83.377771,37.513615],[-83.377945,37.514109],[-83.37804,37.514943],[-83.378051,37.515079],[-83.378047,37.515202],[-83.378036,37.515249],[-83.378009,37.515324],[-83.37798,37.51539],[-83.377906,37.515499],[-83.377856,37.515554],[-83.377733,37.515676],[-83.377663,37.515735],[-83.377121,37.516151],[-83.377047,37.516219],[-83.376651,37.516503],[-83.37648,37.516645],[-83.376215,37.516853],[-83.376071,37.516951],[-83.375996,37.516998],[-83.375827,37.517127],[-83.375662,37.517235],[-83.375502,37.517353],[-83.375429,37.517397],[-83.375356,37.517461],[-83.375288,37.517529],[-83.375229,37.517604],[-83.375087,37.517861],[-83.375002,37.517997],[-83.374913,37.518121],[-83.37488,37.518163],[-83.374839,37.518206],[-83.374664,37.518442],[-83.374603,37.518518],[-83.374536,37.518592],[-83.374397,37.518736],[-83.374244,37.518875],[-83.374152,37.518937],[-83.373926,37.519123],[-83.37385,37.519177],[-83.373695,37.519268],[-83.373188,37.51945],[-83.373111,37.519502],[-83.373031,37.519582],[-83.372928,37.519659],[-83.372889,37.519707],[-83.372877,37.519759],[-83.37288,37.519823],[-83.372916,37.519945],[-83.372932,37.520014],[-83.372943,37.520085],[-83.372948,37.52022],[-83.373012,37.520376],[-83.373029,37.520455],[-83.373064,37.520519],[-83.373103,37.52055],[-83.373159,37.52066],[-83.373229,37.520754],[-83.373254,37.520774],[-83.373293,37.520798],[-83.373526,37.520906],[-83.373717,37.521011],[-83.373951,37.521157],[-83.374053,37.521231],[-83.374143,37.521309],[-83.374179,37.521349],[-83.374204,37.521393],[-83.374216,37.521438],[-83.374216,37.521485],[-83.374189,37.521584],[-83.374188,37.521633],[-83.374205,37.521686],[-83.374237,37.521724],[-83.37427,37.521746],[-83.374314,37.52176],[-83.374387,37.521765],[-83.374461,37.521756],[-83.37454,37.521727],[-83.374626,37.521706],[-83.374721,37.521696],[-83.374834,37.521702],[-83.37503,37.521729],[-83.375105,37.521746],[-83.375179,37.52177],[-83.375463,37.521886],[-83.375731,37.521961],[-83.37579,37.521987],[-83.37584,37.522021],[-83.375883,37.522062],[-83.375918,37.522109],[-83.375946,37.522162],[-83.375967,37.522219],[-83.375993,37.522344],[-83.376,37.522409],[-83.375996,37.522539],[-83.376018,37.522669],[-83.376045,37.52273],[-83.376083,37.522784],[-83.376127,37.522829],[-83.376211,37.522896],[-83.376238,37.522925],[-83.376239,37.52296],[-83.376221,37.522999],[-83.376187,37.523015],[-83.376143,37.52302],[-83.376096,37.523012],[-83.376003,37.52296],[-83.375956,37.522922],[-83.37587,37.522829],[-83.375833,37.522777],[-83.375638,37.522445],[-83.375627,37.522427],[-83.375588,37.522389],[-83.375482,37.522326],[-83.375286,37.522255],[-83.375216,37.522251],[-83.375006,37.522295],[-83.374943,37.522313],[-83.374859,37.522342],[-83.374798,37.522357],[-83.374716,37.522398],[-83.374702,37.522443],[-83.374693,37.522605],[-83.374677,37.522698],[-83.3746,37.52291],[-83.374387,37.523388],[-83.374217,37.523835],[-83.374109,37.524059],[-83.374094,37.524128],[-83.37411,37.524189],[-83.374117,37.524252],[-83.374072,37.524395],[-83.374056,37.524526],[-83.374086,37.524716],[-83.374112,37.524783],[-83.37417060273972,37.525000000000006]]}},{"type":"Feature","properties":{"osm_id":16117315,"highway":"residential","name":"Hensley Road","alt_name":null,"official_name":null,"surface":null,"tracktype":null,"service":null,"access":null,"motor_vehicle":null,"foot":null,"tiger_reviewed":"no","rrgh_part":0,"rrgh_tile_part":0},"geometry":{"type":"LineString","coordinates":[[-83.38725,37.466835],[-83.387283,37.466688],[-83.387307,37.466609],[-83.38734,37.466533],[-83.387383,37.466461],[-83.387429,37.466399],[-83.387513,37.46633],[-83.387574,37.466269],[-83.387617,37.466205],[-83.387642,37.466135],[-83.387693,37.465897],[-83.387725,37.465811],[-83.38785,37.465541],[-83.387927,37.465359],[-83.388023,37.465093],[-83.388129,37.464858],[-83.388152,37.464793],[-83.388163,37.464736],[-83.388165,37.464687],[-83.388137,37.464305],[-83.388139,37.464163],[-83.388154,37.464086],[-83.388179,37.464004],[-83.388255,37.463836],[-83.388426,37.463514],[-83.388523,37.463347],[-83.388605,37.463176],[-83.388691,37.463022],[-83.388913,37.462739],[-83.38905,37.462488],[-83.389117,37.462403],[-83.389215,37.462235],[-83.389257,37.46215],[-83.389327,37.461973],[-83.389369,37.461887],[-83.3894,37.461801],[-83.389475,37.461649],[-83.389519,37.461576],[-83.389591,37.461395],[-83.389632,37.461344],[-83.389687,37.461299],[-83.389823,37.461206],[-83.389889,37.461147],[-83.389941,37.46108],[-83.390135,37.460755],[-83.39026,37.460589],[-83.390346,37.46051],[-83.390421,37.46043],[-83.390485,37.460349],[-83.390536,37.460267],[-83.390598,37.460188],[-83.390675,37.460118],[-83.390763,37.460057],[-83.390854,37.460004],[-83.390972,37.459954],[-83.391197,37.459848],[-83.391408,37.459721],[-83.391504,37.459654],[-83.391591,37.459589],[-83.391664,37.459524],[-83.391725,37.459454],[-83.391768,37.459381],[-83.391829,37.459311],[-83.39191,37.459254],[-83.392008,37.459216],[-83.392114,37.459192],[-83.392337,37.459159],[-83.392443,37.459133],[-83.392853,37.459013],[-83.393056,37.458978],[-83.393384,37.458947],[-83.393457,37.458943],[-83.393531,37.458946],[-83.393607,37.458956],[-83.394059,37.459072],[-83.39422,37.459107],[-83.394305,37.459117],[-83.394631,37.459109],[-83.394707,37.459112],[-83.394948,37.459154],[-83.395205,37.459226],[-83.395287,37.459241],[-83.395601,37.459273],[-83.395869,37.459292],[-83.395979,37.45931],[-83.396224,37.459366],[-83.39634,37.459373],[-83.396434,37.459368],[-83.396636,37.459323],[-83.396833,37.459287],[-83.397013,37.459261],[-83.397134,37.459224],[-83.397431,37.459112],[-83.397592,37.459063],[-83.397744,37.459023],[-83.398161,37.458939]]}},{"type":"Feature","properties":{"osm_id":16113539,"highway":"residential","name":"Howards Creek Road","alt_name":null,"official_name":null,"surface":null,"tracktype":null,"service":null,"access":null,"motor_vehicle":null,"foot":null,"tiger_reviewed":"no","rrgh_part":0,"rrgh_tile_part":0},"geometry":{"type":"LineString","coordinates":[[-83.399485,37.471105],[-83.399415,37.471008],[-83.399329,37.470915],[-83.399021,37.470657],[-83.398575,37.4703],[-83.398337,37.470118],[-83.398199,37.469993],[-83.398124,37.469935],[-83.398039,37.469887],[-83.397705,37.469722],[-83.397538,37.469669],[-83.397324,37.469626],[-83.397086,37.469586],[-83.396857,37.469561],[-83.39674,37.469561],[-83.39662,37.46957],[-83.3964,37.46959],[-83.396153,37.469623],[-83.395998,37.469626],[-83.395904,37.469621],[-83.395809,37.469626],[-83.395729,37.469638],[-83.395594,37.469683],[-83.395513,37.469694],[-83.395398,37.469682],[-83.395322,37.469668],[-83.395116,37.46961],[-83.395019,37.469576],[-83.394929,37.469536],[-83.394764,37.469439],[-83.394526,37.469316],[-83.394384,37.46923],[-83.394303,37.469194],[-83.394207,37.469168],[-83.394102,37.46915],[-83.393992,37.46914],[-83.39388,37.469144],[-83.39377,37.469132],[-83.393664,37.469075],[-83.393561,37.469031],[-83.393459,37.469002],[-83.39336,37.468964],[-83.393265,37.46892],[-83.39312,37.468882],[-83.392886,37.46885],[-83.392712,37.468786],[-83.392638,37.468752],[-83.392572,37.468711],[-83.39238,37.468553],[-83.392306,37.468503],[-83.392223,37.468468],[-83.392138,37.468443],[-83.392053,37.468426],[-83.39197,37.468419],[-83.391886,37.468422],[-83.391658,37.468446],[-83.391507,37.468435],[-83.39129,37.468396],[-83.39112,37.468348],[-83.391034,37.468313],[-83.390951,37.468271],[-83.390626,37.468062],[-83.390253,37.467878],[-83.390073,37.467766],[-83.389977,37.46768],[-83.389804,37.467476],[-83.389686,37.467353],[-83.389531,37.467163],[-83.389464,37.467108],[-83.389384,37.467062],[-83.389292,37.467024],[-83.389099,37.466958],[-83.388923,37.46689],[-83.388844,37.466865],[-83.388767,37.466856],[-83.388694,37.466866],[-83.38863,37.466895],[-83.388575,37.466938],[-83.388468,37.467036],[-83.388412,37.467077],[-83.388351,37.467112],[-83.388284,37.467139],[-83.388211,37.467152],[-83.388138,37.467148],[-83.388059,37.467135],[-83.387727,37.467016],[-83.387649,37.466994],[-83.387576,37.46698],[-83.387505,37.466978],[-83.387438,37.466986],[-83.387369,37.467005],[-83.3873,37.467035],[-83.387235,37.467073],[-83.387125,37.46718],[-83.386956,37.467414],[-83.386909,37.467456],[-83.386851,37.467482],[-83.386786,37.467494],[-83.386645,37.467495],[-83.386567,37.467485],[-83.386309,37.46743],[-83.386213,37.467416],[-83.386012,37.467404],[-83.385912,37.467448],[-83.38581,37.467483],[-83.385706,37.467503],[-83.385602,37.467518],[-83.385494,37.467526],[-83.385274,37.467528],[-83.38515,37.467541],[-83.385028,37.467566],[-83.384905,37.467602],[-83.384635,37.467712],[-83.384235,37.46785],[-83.383986,37.467903],[-83.383771,37.467963],[-83.383671,37.467993],[-83.383395,37.468099],[-83.383304,37.468125],[-83.383116,37.468165],[-83.383024,37.468176],[-83.382851,37.468181],[-83.382683,37.468156],[-83.382528,37.468115],[-83.38245,37.468088],[-83.382139,37.467944],[-83.38182,37.467782],[-83.381731,37.467746],[-83.381638,37.46772],[-83.381538,37.467707],[-83.381435,37.467712],[-83.381332,37.467742],[-83.381128,37.467819],[-83.381028,37.467868],[-83.380936,37.467933],[-83.380517,37.468116],[-83.380325,37.46818],[-83.3802,37.468211],[-83.380016,37.468268],[-83.379859,37.468308]]}},{"type":"Feature","properties":{"osm_id":16106326,"highway":"service","name":null,"alt_name":null,"official_name":null,"surface":null,"tracktype":null,"service":null,"access":"private","motor_vehicle":null,"foot":null,"tiger_reviewed":"no","rrgh_part":0,"rrgh_tile_part":0},"geometry":{"type":"LineString","coordinates":[[-83.375781,37.45496],[-83.375853,37.454934],[-83.375876,37.454909],[-83.375883,37.454893],[-83.375888,37.454853],[-83.375884,37.454833],[-83.375873,37.454812],[-83.375852,37.454795],[-83.375821,37.454781],[-83.375781,37.454772],[-83.375678,37.454762],[-83.375184,37.454733],[-83.374862,37.454721],[-83.374587,37.45474],[-83.374435,37.454732]]}},{"type":"Feature","properties":{"osm_id":16108728,"highway":"residential","name":"Copeland Road","alt_name":null,"official_name":null,"surface":null,"tracktype":null,"service":null,"access":null,"motor_vehicle":null,"foot":null,"tiger_reviewed":"no","rrgh_part":0,"rrgh_tile_part":0},"geometry":{"type":"LineString","coordinates":[[-83.369537,37.454884],[-83.369561,37.454876],[-83.369622,37.45486],[-83.36969,37.454851],[-83.370238,37.454851],[-83.370479,37.454857],[-83.370849,37.454882],[-83.370973,37.454885],[-83.371201,37.454884],[-83.371735,37.454894],[-83.371898,37.454892],[-83.372261,37.454907],[-83.372601,37.454914],[-83.372938,37.454911],[-83.37329,37.454917],[-83.373881,37.454938],[-83.374096,37.454933],[-83.374418,37.454936],[-83.375575,37.454953],[-83.375781,37.45496],[-83.375921,37.454969],[-83.376247,37.454951],[-83.376533,37.454942],[-83.376944,37.454884],[-83.377038,37.454866],[-83.377126,37.454844],[-83.377207,37.454813],[-83.377537,37.454655],[-83.377731,37.45457]]}},{"type":"Feature","properties":{"osm_id":16114527,"highway":"residential","name":"North Copeland Road","alt_name":null,"official_name":null,"surface":null,"tracktype":null,"service":null,"access":null,"motor_vehicle":null,"foot":null,"tiger_reviewed":"no","rrgh_part":0,"rrgh_tile_part":0},"geometry":{"type":"LineString","coordinates":[[-83.3691487,37.4548501],[-83.3683547,37.4549485],[-83.3679866,37.4550723],[-83.3675405,37.4552729],[-83.3671755,37.4555577],[-83.3666794,37.456266],[-83.3665983,37.456682],[-83.3666763,37.4572021],[-83.3671848,37.4583412],[-83.3674874,37.4589381],[-83.3678556,37.4594531],[-83.3680646,37.4596438],[-83.3686792,37.4599781],[-83.3692922,37.460284],[-83.3708904,37.4609446],[-83.371741,37.461309],[-83.37195,37.461407],[-83.372318,37.461598],[-83.372843,37.461934],[-83.37293,37.462001],[-83.373012,37.462073],[-83.373283,37.462344],[-83.373523,37.462535],[-83.373601,37.462591],[-83.373692,37.462674],[-83.373772,37.462763],[-83.374058,37.46311],[-83.374502,37.463685],[-83.374695,37.463919],[-83.374915,37.464208],[-83.375103,37.464421]]}},{"type":"Feature","properties":{"osm_id":16106328,"highway":"service","name":null,"alt_name":null,"official_name":null,"surface":null,"tracktype":null,"service":null,"access":"private","motor_vehicle":null,"foot":null,"tiger_reviewed":"no","rrgh_part":0,"rrgh_tile_part":0},"geometry":{"type":"LineString","coordinates":[[-83.374862,37.454721],[-83.374883,37.454395]]}},{"type":"Feature","properties":{"osm_id":16113724,"highway":"residential","name":"County Road","alt_name":null,"official_name":null,"surface":null,"tracktype":null,"service":null,"access":null,"motor_vehicle":null,"foot":null,"tiger_reviewed":"no","rrgh_part":0,"rrgh_tile_part":0},"geometry":{"type":"LineString","coordinates":[[-83.369537,37.454884],[-83.369505,37.454895],[-83.369404,37.454941],[-83.369322,37.45499],[-83.369292,37.455015],[-83.36926,37.455063],[-83.369247,37.455122],[-83.369255,37.455624],[-83.369231,37.455727],[-83.369193,37.455795],[-83.369158,37.455827],[-83.369115,37.455856],[-83.368965,37.455937],[-83.368916,37.45597],[-83.368873,37.456007],[-83.368844,37.45605],[-83.368832,37.456094],[-83.368835,37.456137],[-83.368872,37.456218],[-83.368913,37.456251],[-83.368964,37.456279],[-83.36902,37.456303],[-83.369303,37.456347]]}},{"type":"Feature","properties":{"osm_id":16113730,"highway":"residential","name":"County Road","alt_name":null,"official_name":null,"surface":null,"tracktype":null,"service":null,"access":null,"motor_vehicle":null,"foot":null,"tiger_reviewed":"no","rrgh_part":0,"rrgh_tile_part":0},"geometry":{"type":"LineString","coordinates":[[-83.366264,37.455224],[-83.366176,37.455351],[-83.366078,37.455467],[-83.366078,37.4555],[-83.366087,37.455506],[-83.366105,37.455503],[-83.366192,37.455446],[-83.366277,37.455381],[-83.366701,37.454954],[-83.366742,37.454906],[-83.366884,37.454777],[-83.367003,37.45469],[-83.367077,37.45465],[-83.367223,37.454586],[-83.367411,37.454531],[-83.367612,37.454464],[-83.36775,37.454434],[-83.367841,37.45442],[-83.368023,37.45441],[-83.368281,37.454422],[-83.368478,37.454461],[-83.368583,37.454471],[-83.368689,37.454464],[-83.368827,37.454441],[-83.368887,37.454442],[-83.368932,37.45446],[-83.368986,37.454502],[-83.369,37.454546],[-83.369008,37.454634],[-83.3690011,37.4547589],[-83.3691487,37.4548501],[-83.369428,37.454857],[-83.369473,37.454863],[-83.369537,37.454884]]}},{"type":"Feature","properties":{"osm_id":16105157,"highway":"residential","name":null,"alt_name":null,"official_name":null,"surface":null,"tracktype":null,"service":null,"access":null,"motor_vehicle":null,"foot":null,"tiger_reviewed":"no","rrgh_part":0,"rrgh_tile_part":0},"geometry":{"type":"LineString","coordinates":[[-83.374532,37.461707],[-83.374363,37.461799],[-83.373867,37.461445]]}},{"type":"Feature","properties":{"osm_id":16115126,"highway":"residential","name":"Oj Fugate Drive","alt_name":null,"official_name":null,"surface":null,"tracktype":null,"service":null,"access":null,"motor_vehicle":null,"foot":null,"tiger_reviewed":null,"rrgh_part":0,"rrgh_tile_part":0},"geometry":{"type":"LineString","coordinates":[[-83.370851,37.45882],[-83.370774,37.458869],[-83.370605,37.458986],[-83.3704,37.459115],[-83.370028,37.45931],[-83.369708,37.459509],[-83.36964,37.459564],[-83.369625,37.459591]]}},{"type":"Feature","properties":{"osm_id":16113525,"highway":"residential","name":"Howards Creek Road","alt_name":null,"official_name":null,"surface":null,"tracktype":null,"service":null,"access":null,"motor_vehicle":null,"foot":null,"tiger_reviewed":"no","rrgh_part":0,"rrgh_tile_part":0},"geometry":{"type":"LineString","coordinates":[[-83.38725,37.466835],[-83.387236,37.466893],[-83.387221,37.466943],[-83.387184,37.467033],[-83.38716,37.467108],[-83.387125,37.46718]]}},{"type":"Feature","properties":{"osm_id":16105347,"highway":"residential","name":null,"alt_name":null,"official_name":null,"surface":null,"tracktype":null,"service":null,"access":null,"motor_vehicle":null,"foot":null,"tiger_reviewed":"no","rrgh_part":0,"rrgh_tile_part":0},"geometry":{"type":"LineString","coordinates":[[-83.375103,37.464421],[-83.375115,37.464434],[-83.375178,37.464529],[-83.375195,37.464566],[-83.375199,37.464596],[-83.375175,37.464641],[-83.3751347,37.4646587],[-83.375013,37.464708],[-83.374967,37.464732],[-83.374932,37.464767],[-83.374919,37.464803],[-83.374918,37.464835],[-83.374925,37.464865],[-83.374941,37.464896],[-83.374969,37.464924],[-83.375007,37.46495],[-83.375059,37.464971],[-83.375176,37.465006],[-83.375232,37.465031],[-83.375283,37.465064],[-83.375327,37.465103],[-83.375404,37.465189],[-83.375469,37.465282],[-83.375612,37.465459],[-83.375645,37.465512],[-83.375697,37.465641],[-83.375757,37.465697],[-83.375841,37.465737],[-83.37595,37.465893],[-83.376011,37.465963],[-83.376069,37.46605],[-83.37609,37.466099],[-83.376115,37.466261],[-83.376136,37.466319],[-83.376168,37.466375],[-83.376297,37.466535],[-83.376327,37.466588],[-83.376348,37.466645],[-83.376378,37.466767],[-83.376392,37.466887],[-83.376334,37.467324],[-83.376334,37.467361],[-83.376344,37.467401],[-83.376371,37.467438],[-83.376409,37.467467],[-83.376453,37.467482],[-83.376497,37.467482],[-83.376535,37.46747],[-83.376613,37.467426],[-83.376652,37.467396],[-83.376836,37.467198],[-83.376869,37.467171],[-83.376908,37.467157],[-83.376947,37.467157],[-83.376982,37.46717],[-83.377015,37.467193],[-83.377043,37.467223],[-83.377118,37.46732],[-83.377251,37.467463],[-83.377471,37.467741],[-83.377513,37.467787],[-83.377692,37.468028],[-83.377817,37.468157],[-83.377972,37.468352],[-83.378174,37.46866]]}},{"type":"Feature","properties":{"osm_id":16105893,"highway":"service","name":null,"alt_name":null,"official_name":null,"surface":null,"tracktype":null,"service":null,"access":"private","motor_vehicle":null,"foot":null,"tiger_reviewed":"no","rrgh_part":0,"rrgh_tile_part":0},"geometry":{"type":"LineString","coordinates":[[-83.381044,37.471396],[-83.381143,37.471394],[-83.381179,37.471399],[-83.381218,37.471413],[-83.381341,37.471474],[-83.381531,37.471548],[-83.381841,37.471649],[-83.382013,37.471717],[-83.382172,37.47177],[-83.382448,37.471888],[-83.382526,37.471906]]}},{"type":"Feature","properties":{"osm_id":287405040,"highway":"residential","name":"Howards Creek Road","alt_name":null,"official_name":null,"surface":null,"tracktype":null,"service":null,"access":null,"motor_vehicle":null,"foot":null,"tiger_reviewed":"no","rrgh_part":0,"rrgh_tile_part":0},"geometry":{"type":"LineString","coordinates":[[-83.378174,37.46866],[-83.378243,37.46899],[-83.378972,37.4723],[-83.3792017,37.4732619],[-83.379196,37.474374],[-83.378907,37.47531],[-83.378517,37.476195],[-83.377942,37.477001],[-83.376625,37.478592],[-83.37577,37.479473],[-83.374803,37.480287],[-83.373901,37.480833],[-83.373332,37.481092]]}},{"type":"Feature","properties":{"osm_id":16110828,"highway":"residential","name":"Young Drive","alt_name":null,"official_name":null,"surface":null,"tracktype":null,"service":null,"access":null,"motor_vehicle":null,"foot":null,"tiger_reviewed":"no","rrgh_part":0,"rrgh_tile_part":0},"geometry":{"type":"LineString","coordinates":[[-83.402503,37.488967],[-83.402538,37.488995],[-83.402704,37.489198],[-83.402939,37.48942],[-83.403007,37.489497],[-83.403033,37.489535],[-83.403048,37.489573],[-83.403052,37.489608],[-83.403046,37.489642],[-83.403027,37.489672],[-83.402997,37.489698],[-83.402954,37.489717],[-83.402899,37.489729],[-83.402835,37.489733],[-83.402769,37.489728],[-83.402637,37.48971],[-83.402574,37.489707],[-83.402512,37.489711],[-83.40245,37.489721],[-83.402397,37.489733],[-83.402185,37.489786],[-83.401881,37.489845],[-83.401559,37.489896],[-83.401477,37.489913]]}},{"type":"Feature","properties":{"osm_id":16111054,"highway":"residential","name":null,"alt_name":null,"official_name":null,"surface":null,"tracktype":null,"service":null,"access":null,"motor_vehicle":null,"foot":null,"tiger_reviewed":"no","rrgh_part":0,"rrgh_tile_part":0},"geometry":{"type":"LineString","coordinates":[[-83.410651,37.48323],[-83.410504,37.483298],[-83.410322,37.483396],[-83.410231,37.48345],[-83.410045,37.48357],[-83.409861,37.483695],[-83.409775,37.48376],[-83.40955,37.483955],[-83.409415,37.484089],[-83.409352,37.484164],[-83.409279,37.484231],[-83.409192,37.484296],[-83.409095,37.484358],[-83.408936,37.484453],[-83.408656,37.484616],[-83.408277,37.484831],[-83.407444,37.485297],[-83.407134,37.485466],[-83.407019,37.48554],[-83.406622,37.485778],[-83.406127,37.48606],[-83.406008,37.486125],[-83.405895,37.486208],[-83.40577,37.48627],[-83.405503,37.486377],[-83.405373,37.486433],[-83.405247,37.486492],[-83.405132,37.486559],[-83.405025,37.486629],[-83.404927,37.486706],[-83.404844,37.486797],[-83.404773,37.486898],[-83.404713,37.487006],[-83.404506,37.487338],[-83.404363,37.48756],[-83.404214,37.487778],[-83.404138,37.487883],[-83.403975,37.488084],[-83.403889,37.488181],[-83.403799,37.488276],[-83.403609,37.488453],[-83.403506,37.488533],[-83.403399,37.488606],[-83.403288,37.48867],[-83.403173,37.488728],[-83.402943,37.488827],[-83.402831,37.48887],[-83.402721,37.488907],[-83.402631,37.488932],[-83.402503,37.488967],[-83.402395,37.489],[-83.402288,37.489043],[-83.401877,37.489223],[-83.401705,37.489306],[-83.401625,37.489335],[-83.401548,37.489353],[-83.40147,37.489361],[-83.401307,37.489362],[-83.401216,37.489369],[-83.401119,37.489384],[-83.401022,37.489404],[-83.400858,37.489444],[-83.400743,37.489474],[-83.400359,37.489586],[-83.400256,37.489612],[-83.400037,37.489657],[-83.399925,37.489671],[-83.399703,37.48969],[-83.39962,37.489703],[-83.399379,37.489763],[-83.399269,37.489801],[-83.399159,37.48985],[-83.399049,37.489908],[-83.398944,37.489978],[-83.398521,37.4903],[-83.398417,37.490384],[-83.398225,37.49056],[-83.39813,37.490653],[-83.397957,37.490828],[-83.397872,37.490919],[-83.397793,37.491013],[-83.397719,37.491111],[-83.397649,37.491207],[-83.397519,37.491396],[-83.397395,37.491587],[-83.397111,37.49208],[-83.396988,37.492253],[-83.396921,37.492332],[-83.396849,37.492405],[-83.396772,37.492473],[-83.396691,37.492538],[-83.396605,37.4926],[-83.396515,37.492655],[-83.396423,37.492705],[-83.396238,37.492794],[-83.396144,37.492827],[-83.395954,37.492882],[-83.395655,37.492948],[-83.395074,37.493043],[-83.394839,37.493091],[-83.394767,37.493108],[-83.394699,37.493128],[-83.394633,37.49315],[-83.394574,37.493174],[-83.394476,37.493223],[-83.394407,37.493267],[-83.394328,37.493329]]}},{"type":"Feature","properties":{"osm_id":16115135,"highway":"residential","name":"Howard Crk Fork Curt Road","alt_name":null,"official_name":null,"surface":null,"tracktype":null,"service":null,"access":null,"motor_vehicle":null,"foot":null,"tiger_reviewed":"no","rrgh_part":0,"rrgh_tile_part":0},"geometry":{"type":"LineString","coordinates":[[-83.402631,37.488932],[-83.402663,37.488958],[-83.40278,37.489074],[-83.402831,37.489117],[-83.402894,37.489159],[-83.403126,37.489296],[-83.403199,37.489351],[-83.403264,37.489411],[-83.403384,37.489532],[-83.40345,37.489583],[-83.403518,37.489629],[-83.403898,37.489856],[-83.404064,37.489962],[-83.404145,37.490019],[-83.40431,37.490144],[-83.404373,37.490194],[-83.404507,37.490321],[-83.404639,37.490438],[-83.40471,37.490485],[-83.404785,37.490522],[-83.404861,37.490556],[-83.405025,37.490622],[-83.405123,37.490671],[-83.405203,37.490724],[-83.405275,37.490793],[-83.405312,37.49084],[-83.405349,37.490895],[-83.405383,37.490959],[-83.405417,37.491029],[-83.405545,37.491322],[-83.405571,37.49139],[-83.405585,37.491454],[-83.405588,37.491515],[-83.405582,37.491568],[-83.405583,37.491616],[-83.405598,37.49166],[-83.40563,37.491699],[-83.405767,37.491833],[-83.405891,37.491976],[-83.405933,37.492015],[-83.406002,37.492068]]}},{"type":"Feature","properties":{"osm_id":16116486,"highway":"residential","name":"Ollie J Lane","alt_name":null,"official_name":null,"surface":null,"tracktype":null,"service":null,"access":null,"motor_vehicle":null,"foot":null,"tiger_reviewed":"no","rrgh_part":0,"rrgh_tile_part":0},"geometry":{"type":"LineString","coordinates":[[-83.408936,37.484453],[-83.408905,37.484393],[-83.408762,37.484164],[-83.40863,37.483907],[-83.408583,37.483829],[-83.40853,37.483752],[-83.408379,37.483579],[-83.408334,37.483507],[-83.408305,37.483449]]}},{"type":"Feature","properties":{"osm_id":16116089,"highway":"residential","name":"Miller Drive","alt_name":null,"official_name":null,"surface":null,"tracktype":null,"service":null,"access":null,"motor_vehicle":null,"foot":null,"tiger_reviewed":"no","rrgh_part":0,"rrgh_tile_part":0},"geometry":{"type":"LineString","coordinates":[[-83.400858,37.489444],[-83.400875,37.489543],[-83.40088,37.489594],[-83.40088,37.489638],[-83.400849,37.489865],[-83.400838,37.489916],[-83.400834,37.489966],[-83.400831,37.490176],[-83.400823,37.490231],[-83.400802,37.490286],[-83.400793,37.490333],[-83.400792,37.490374],[-83.400797,37.490438],[-83.400812,37.490503],[-83.400856,37.490656],[-83.400929,37.490819],[-83.401025,37.490974],[-83.401045,37.491047],[-83.401052,37.491132]]}},{"type":"Feature","properties":{"osm_id":16117067,"highway":"service","name":"Joe Lane","alt_name":null,"official_name":null,"surface":null,"tracktype":null,"service":null,"access":null,"motor_vehicle":null,"foot":null,"tiger_reviewed":"no","rrgh_part":0,"rrgh_tile_part":0},"geometry":{"type":"LineString","coordinates":[[-83.40431,37.490144],[-83.404331,37.49018],[-83.40434,37.490202],[-83.404358,37.490306],[-83.404379,37.490379],[-83.404415,37.490447],[-83.404441,37.490481],[-83.4045352,37.4905936],[-83.4046076,37.4906723],[-83.4049033,37.4909256]]}},{"type":"Feature","properties":{"osm_id":16117068,"highway":"residential","name":"Howard Creek Curt Road","alt_name":null,"official_name":null,"surface":null,"tracktype":null,"service":null,"access":null,"motor_vehicle":null,"foot":null,"tiger_reviewed":"no","rrgh_part":0,"rrgh_tile_part":0},"geometry":{"type":"LineString","coordinates":[[-83.406002,37.492068],[-83.406019,37.49208],[-83.406136,37.492177],[-83.40623,37.492245]]}},{"type":"Feature","properties":{"osm_id":16112837,"highway":"residential","name":"Pearle Drive","alt_name":null,"official_name":null,"surface":null,"tracktype":null,"service":null,"access":null,"motor_vehicle":null,"foot":null,"tiger_reviewed":"no","rrgh_part":0,"rrgh_tile_part":0},"geometry":{"type":"LineString","coordinates":[[-83.39368,37.492754],[-83.3937,37.492674],[-83.393707,37.492604],[-83.393701,37.492571],[-83.393681,37.492537],[-83.393611,37.492463],[-83.393398,37.492291],[-83.393358,37.492254],[-83.393337,37.492223],[-83.393286,37.492091],[-83.393222,37.491847],[-83.393183,37.491747]]}},{"type":"Feature","properties":{"osm_id":16105912,"highway":"residential","name":null,"alt_name":null,"official_name":null,"surface":null,"tracktype":null,"service":null,"access":null,"motor_vehicle":null,"foot":null,"tiger_reviewed":"no","rrgh_part":0,"rrgh_tile_part":0},"geometry":{"type":"LineString","coordinates":[[-83.365029,37.482948],[-83.365104,37.482884],[-83.365156,37.48282],[-83.36518,37.482774],[-83.365199,37.482716],[-83.365208,37.482648],[-83.365201,37.482576],[-83.365175,37.482507],[-83.365132,37.482446],[-83.364965,37.482294],[-83.364928,37.48224],[-83.364904,37.482182],[-83.364864,37.482044],[-83.364738,37.481794],[-83.364509,37.481457],[-83.364467,37.481377],[-83.364437,37.481296],[-83.364415,37.481214],[-83.364402,37.48113],[-83.364395,37.480954],[-83.364402,37.48079],[-83.36442,37.480659],[-83.364434,37.480605],[-83.364454,37.48056],[-83.364485,37.480524],[-83.36452,37.480496]]}},{"type":"Feature","properties":{"osm_id":16115162,"highway":"residential","name":"Dry Bread Road","alt_name":null,"official_name":null,"surface":null,"tracktype":null,"service":null,"access":null,"motor_vehicle":null,"foot":null,"tiger_reviewed":"no","rrgh_part":0,"rrgh_tile_part":0},"geometry":{"type":"LineString","coordinates":[[-83.36452,37.480496],[-83.364561,37.480474],[-83.364669,37.480446],[-83.364729,37.480438],[-83.364791,37.480437],[-83.364922,37.480451],[-83.365054,37.480485],[-83.365168,37.480533],[-83.365205,37.480559],[-83.365252,37.48062],[-83.365284,37.480647],[-83.365325,37.480663],[-83.365423,37.480678],[-83.365574,37.480687]]}},{"type":"Feature","properties":{"osm_id":16105361,"highway":"service","name":null,"alt_name":null,"official_name":null,"surface":null,"tracktype":null,"service":null,"access":null,"motor_vehicle":null,"foot":null,"tiger_reviewed":null,"rrgh_part":0,"rrgh_tile_part":0},"geometry":{"type":"LineString","coordinates":[[-83.3723877,37.4833633],[-83.372372,37.483335],[-83.372359,37.483322],[-83.372339,37.483308],[-83.37231,37.483295],[-83.372187,37.483255],[-83.372108,37.483243],[-83.370818,37.483199],[-83.370719,37.483187],[-83.370547,37.483138],[-83.370391,37.483077],[-83.370322,37.483046],[-83.370264,37.483016]]}},{"type":"Feature","properties":{"osm_id":16114777,"highway":"residential","name":"Cow Harbor Road","alt_name":null,"official_name":null,"surface":null,"tracktype":null,"service":null,"access":null,"motor_vehicle":null,"foot":null,"tiger_reviewed":"no","rrgh_part":0,"rrgh_tile_part":0},"geometry":{"type":"LineString","coordinates":[[-83.365781,37.483651],[-83.365813,37.483758],[-83.365881,37.48394],[-83.365962,37.484293],[-83.366059,37.484409],[-83.366133,37.484467],[-83.366189,37.484496],[-83.366216,37.484521]]}},{"type":"Feature","properties":{"osm_id":16114451,"highway":"residential","name":"Sandlin Fugate Drive","alt_name":null,"official_name":null,"surface":null,"tracktype":null,"service":null,"access":null,"motor_vehicle":null,"foot":null,"tiger_reviewed":"no","rrgh_part":0,"rrgh_tile_part":0},"geometry":{"type":"LineString","coordinates":[[-83.419605,37.510072],[-83.419742,37.510147],[-83.419802,37.510171],[-83.42,37.51014053846154]]}},{"type":"Feature","properties":{"osm_id":16115221,"highway":"residential","name":"Salyers Lane","alt_name":null,"official_name":null,"surface":null,"tracktype":null,"service":null,"access":null,"motor_vehicle":null,"foot":null,"tiger_reviewed":"no","rrgh_part":0,"rrgh_tile_part":0},"geometry":{"type":"LineString","coordinates":[[-83.419698,37.509894],[-83.419659,37.509873],[-83.419614,37.509863],[-83.419533,37.509861],[-83.419432,37.50987],[-83.419278,37.509895],[-83.419185,37.509923],[-83.419114,37.509963],[-83.419046,37.51001]]}},{"type":"Feature","properties":{"osm_id":16109563,"highway":"residential","name":"Reynolds Drive","alt_name":null,"official_name":null,"surface":null,"tracktype":null,"service":null,"access":null,"motor_vehicle":null,"foot":null,"tiger_reviewed":"no","rrgh_part":0,"rrgh_tile_part":0},"geometry":{"type":"LineString","coordinates":[[-83.405714,37.513597],[-83.405662,37.513627],[-83.40554,37.513702],[-83.405487,37.513749],[-83.40548,37.513768],[-83.405482,37.51379],[-83.405514,37.513831],[-83.405572,37.51387],[-83.405794,37.513983],[-83.406038,37.514138],[-83.406337,37.51431],[-83.40662,37.514495],[-83.406729,37.514596],[-83.406834,37.514751],[-83.406997,37.514958],[-83.407113,37.515066],[-83.407289,37.515209],[-83.407409,37.515322],[-83.407663,37.515583],[-83.407688,37.515614],[-83.4077,37.515647],[-83.407703,37.515677]]}},{"type":"Feature","properties":{"osm_id":16107951,"highway":"residential","name":"Sandy Lynn Drive","alt_name":null,"official_name":null,"surface":null,"tracktype":null,"service":null,"access":null,"motor_vehicle":null,"foot":null,"tiger_reviewed":"no","rrgh_part":0,"rrgh_tile_part":0},"geometry":{"type":"LineString","coordinates":[[-83.413923,37.513989],[-83.413877,37.513928],[-83.413842,37.513894],[-83.413784,37.513817],[-83.41376,37.513778],[-83.413738,37.513708],[-83.413734,37.513669],[-83.413738,37.513627],[-83.413802,37.513468],[-83.413807,37.513429],[-83.413801,37.513393],[-83.413776,37.513325]]}},{"type":"Feature","properties":{"osm_id":16105370,"highway":"residential","name":"Robinson Fork","alt_name":null,"official_name":null,"surface":null,"tracktype":null,"service":null,"access":null,"motor_vehicle":null,"foot":null,"tiger_reviewed":"no","rrgh_part":0,"rrgh_tile_part":0},"geometry":{"type":"LineString","coordinates":[[-83.387581,37.523224],[-83.387604,37.523262],[-83.387706,37.523384],[-83.387761,37.523419],[-83.387797,37.523428],[-83.387836,37.523431],[-83.387875,37.523427],[-83.388305,37.523337],[-83.388353,37.523323],[-83.388448,37.523284],[-83.38849,37.523253],[-83.38856,37.523174],[-83.388588,37.523125],[-83.388623,37.523081],[-83.388731,37.522978],[-83.388799,37.522959],[-83.388934,37.522939],[-83.389065,37.522911],[-83.389126,37.52289],[-83.389356,37.522783],[-83.389451,37.522727],[-83.389634,37.522588],[-83.389838,37.522455],[-83.39,37.522338],[-83.390059,37.5223],[-83.390123,37.522271],[-83.39019,37.522254],[-83.390254,37.522246],[-83.390466,37.522241],[-83.39061,37.522228],[-83.390742,37.522174],[-83.390797,37.52213],[-83.390915,37.522068],[-83.390981,37.522066],[-83.391047,37.522054],[-83.391158,37.522008],[-83.391299,37.521979],[-83.391374,37.521954],[-83.391417,37.52193],[-83.391723,37.521694],[-83.391776,37.521641],[-83.3923657,37.5210867],[-83.3928493,37.5206641],[-83.3928967,37.5206408],[-83.392956,37.520628],[-83.393105,37.520589],[-83.393376,37.52053],[-83.393434,37.520508],[-83.393485,37.520477],[-83.393557,37.520399],[-83.393582,37.52035],[-83.393614,37.520259],[-83.39366,37.520195],[-83.393748,37.520146],[-83.393885,37.520107],[-83.394032,37.520081],[-83.39422,37.520076],[-83.394428,37.520085],[-83.394573,37.520104],[-83.394686,37.520129],[-83.394781,37.520133],[-83.394984,37.520129],[-83.395145,37.520143],[-83.395877,37.520241],[-83.395929,37.520243],[-83.39626,37.520283],[-83.396321,37.520294],[-83.396428,37.520334],[-83.396613,37.520392],[-83.396733,37.520415],[-83.396791,37.520419],[-83.396971,37.520412],[-83.397142,37.520389],[-83.397199,37.520376],[-83.397315,37.520339],[-83.397431,37.520292],[-83.397736,37.520189],[-83.397857,37.520163],[-83.397981,37.520149],[-83.398657,37.52011],[-83.398893,37.520121],[-83.399041,37.520135],[-83.399195,37.520139],[-83.399529,37.520159],[-83.399651,37.52018],[-83.399904,37.520245],[-83.400032,37.520268],[-83.400174,37.520276],[-83.400472,37.520252],[-83.400547,37.520258],[-83.40062,37.520271],[-83.400766,37.520316],[-83.401235,37.520521],[-83.401732,37.52073],[-83.401806,37.520749],[-83.401884,37.52076],[-83.402003,37.520755],[-83.402086,37.52076],[-83.402204,37.520792],[-83.40243,37.520869],[-83.402579,37.5209],[-83.402661,37.520907],[-83.402744,37.520905],[-83.402825,37.520898],[-83.402929,37.520881],[-83.403168,37.520834],[-83.403522,37.52074],[-83.403614,37.520724],[-83.403709,37.520715],[-83.403931,37.52072],[-83.404029,37.520709],[-83.404212,37.520672],[-83.404297,37.520642],[-83.404384,37.520627],[-83.40447,37.520626],[-83.404775,37.520753],[-83.404852,37.520767],[-83.404925,37.520771],[-83.404956,37.520768],[-83.405024,37.520741],[-83.405089,37.520725],[-83.405515,37.520682],[-83.405586,37.520669],[-83.405675,37.520664],[-83.405775,37.520668],[-83.405879,37.520681],[-83.406279,37.520762],[-83.406549,37.520801],[-83.406703,37.520809],[-83.406865,37.520809],[-83.40713,37.52079],[-83.407222,37.520788],[-83.407639,37.520826],[-83.407919,37.520891],[-83.408146,37.520972],[-83.408254,37.520995],[-83.408365,37.521001],[-83.408463,37.521023],[-83.408636,37.521091],[-83.408778,37.52116],[-83.40883,37.521195],[-83.408866,37.52123],[-83.408911,37.521298],[-83.408936,37.521354],[-83.408949,37.521403],[-83.408956,37.521453],[-83.408954,37.521513],[-83.408944,37.521578],[-83.408891,37.521783],[-83.408871,37.521932],[-83.408877,37.522003],[-83.408933,37.522145],[-83.408994,37.522274],[-83.409251,37.522684],[-83.409507,37.522973],[-83.409637,37.52316],[-83.409674,37.523201],[-83.409729,37.523242],[-83.409788,37.523267],[-83.409878,37.523287],[-83.410112,37.523302]]}},{"type":"Feature","properties":{"osm_id":16107577,"highway":"residential","name":"Floyd Spicer Drive","alt_name":null,"official_name":null,"surface":null,"tracktype":null,"service":null,"access":null,"motor_vehicle":null,"foot":null,"tiger_reviewed":"no","rrgh_part":0,"rrgh_tile_part":0},"geometry":{"type":"LineString","coordinates":[[-83.403982,37.511903],[-83.403931,37.511928],[-83.403843,37.511975],[-83.403817,37.511978],[-83.40379,37.511971],[-83.403766,37.511957],[-83.403705,37.511881],[-83.403453,37.51161],[-83.403193,37.511307],[-83.403149,37.511269],[-83.403055,37.511202],[-83.402856,37.511093],[-83.40272,37.511002],[-83.402626,37.510946],[-83.402574,37.510924],[-83.402469,37.510892],[-83.402367,37.510872],[-83.402195,37.510855],[-83.402041,37.510813]]}},{"type":"Feature","properties":{"osm_id":16112118,"highway":"residential","name":"Garden Lane","alt_name":null,"official_name":null,"surface":null,"tracktype":null,"service":null,"access":null,"motor_vehicle":null,"foot":null,"tiger_reviewed":"no","rrgh_part":0,"rrgh_tile_part":0},"geometry":{"type":"LineString","coordinates":[[-83.400046,37.509093],[-83.399922,37.509054],[-83.39973,37.508956],[-83.399689,37.508944],[-83.399656,37.508944],[-83.399627,37.50895],[-83.399578,37.508975],[-83.399356,37.509127],[-83.399261,37.509178],[-83.399186,37.509228],[-83.399143,37.509281],[-83.399129,37.509309],[-83.399116,37.509362],[-83.39912,37.50941],[-83.399166,37.509508],[-83.399209,37.50956],[-83.399266,37.50961],[-83.399325,37.509648],[-83.39956,37.50975],[-83.399687,37.509812],[-83.399875,37.509932],[-83.400074,37.510084],[-83.400149,37.510157]]}},{"type":"Feature","properties":{"osm_id":16110120,"highway":"residential","name":"Benny Lane","alt_name":null,"official_name":null,"surface":null,"tracktype":null,"service":null,"access":null,"motor_vehicle":null,"foot":null,"tiger_reviewed":"no","rrgh_part":0,"rrgh_tile_part":0},"geometry":{"type":"LineString","coordinates":[[-83.409729,37.523242],[-83.409668,37.523316],[-83.409649,37.523383],[-83.409638,37.523464],[-83.40971,37.52406],[-83.409697,37.524121],[-83.409672,37.52418],[-83.409606,37.524249],[-83.409562,37.524275],[-83.409445,37.524306],[-83.409313,37.52432],[-83.409038,37.524362],[-83.408883,37.524408],[-83.408841,37.524427]]}},{"type":"Feature","properties":{"osm_id":16112723,"highway":"residential","name":"Robinson Cemetery Road","alt_name":null,"official_name":null,"surface":null,"tracktype":null,"service":null,"access":null,"motor_vehicle":null,"foot":null,"tiger_reviewed":"no","rrgh_part":0,"rrgh_tile_part":0},"geometry":{"type":"LineString","coordinates":[[-83.38906,37.521029],[-83.389139,37.520983],[-83.389245,37.520933],[-83.389288,37.520918],[-83.389382,37.520896],[-83.389481,37.520885],[-83.389754,37.520885],[-83.389929,37.520894],[-83.390146,37.520918]]}},{"type":"Feature","properties":{"osm_id":16105123,"highway":"residential","name":"Fire Trail Road","alt_name":null,"official_name":null,"surface":null,"tracktype":null,"service":null,"access":null,"motor_vehicle":null,"foot":null,"tiger_reviewed":"no","rrgh_part":0,"rrgh_tile_part":0},"geometry":{"type":"LineString","coordinates":[[-83.375638,37.522445],[-83.375689,37.522812],[-83.375701,37.522862],[-83.375743,37.522964],[-83.375818,37.523064],[-83.375913,37.52316],[-83.376019,37.523256],[-83.3762,37.523396],[-83.376265,37.523438],[-83.376335,37.523472],[-83.37648,37.523519],[-83.376554,37.523528],[-83.376627,37.523528],[-83.376701,37.523519],[-83.376855,37.523481],[-83.376935,37.523451],[-83.377016,37.523415],[-83.377095,37.523371],[-83.377254,37.523278],[-83.377324,37.523231],[-83.377382,37.523179],[-83.37743,37.523125],[-83.377589,37.523005],[-83.377716,37.52298],[-83.377933,37.522981],[-83.378095,37.522965],[-83.378264,37.52293],[-83.378432,37.522879],[-83.378511,37.522843],[-83.378582,37.522799],[-83.378841,37.5226],[-83.378944,37.522531],[-83.379032,37.522485],[-83.379078,37.522467],[-83.379197,37.52244],[-83.379308,37.522437],[-83.379494,37.52245],[-83.379911,37.522503],[-83.379989,37.522504],[-83.380066,37.522497],[-83.380206,37.522463],[-83.380455,37.522373],[-83.380592,37.522337],[-83.380735,37.522319],[-83.380882,37.522312],[-83.380953,37.522303],[-83.381019,37.522284],[-83.381085,37.522259],[-83.38113,37.522218],[-83.381208,37.522125],[-83.381363,37.521907],[-83.381437,37.521784],[-83.381459,37.521721],[-83.381461,37.521653],[-83.381459,37.521589],[-83.381444,37.521521],[-83.381384,37.521385],[-83.381343,37.521322],[-83.3813,37.521266],[-83.381111,37.521051],[-83.381028,37.520933],[-83.380914,37.520745],[-83.380869,37.520683],[-83.380815,37.520625],[-83.380756,37.520569],[-83.380689,37.520519],[-83.380615,37.520474],[-83.380537,37.520434],[-83.380285,37.520332],[-83.380209,37.520291],[-83.380008,37.520148],[-83.379935,37.520108],[-83.379853,37.520076],[-83.379767,37.52005],[-83.379511,37.519998],[-83.37943,37.519975],[-83.37935,37.519947],[-83.379271,37.519911],[-83.379195,37.519867],[-83.379124,37.519818],[-83.378869,37.51959],[-83.37873,37.519483],[-83.378653,37.519436],[-83.378419,37.519338],[-83.378369,37.519312],[-83.378335,37.519288],[-83.378313,37.519264],[-83.3783,37.519236],[-83.378298,37.519165],[-83.378312,37.519123],[-83.378337,37.519082],[-83.378558,37.518817],[-83.378639,37.518731],[-83.378677,37.518707],[-83.378712,37.518694],[-83.378753,37.518689],[-83.378798,37.518692],[-83.378847,37.518706],[-83.378894,37.51873],[-83.378943,37.518764],[-83.379043,37.518862],[-83.379198,37.519045],[-83.37926,37.5191],[-83.379464,37.519249],[-83.37962,37.519339],[-83.3797,37.519381],[-83.37986,37.519452],[-83.380015,37.519514],[-83.380173,37.519562],[-83.380332,37.519589],[-83.380409,37.519595],[-83.380557,37.519591],[-83.380699,37.519569],[-83.38077,37.51955],[-83.380841,37.519523],[-83.380983,37.519448],[-83.381123,37.519349],[-83.381331,37.51919],[-83.381469,37.519109],[-83.381529,37.519085],[-83.381584,37.519072],[-83.381635,37.51907],[-83.381682,37.51908],[-83.381723,37.5191],[-83.381757,37.51913],[-83.381785,37.519168],[-83.381806,37.519211],[-83.382004,37.519695],[-83.382034,37.519753],[-83.38213,37.520005],[-83.382393,37.5204],[-83.382447,37.52046],[-83.38251,37.520515],[-83.382777,37.520715],[-83.38295,37.520853],[-83.38301,37.520888],[-83.383075,37.520914],[-83.383144,37.520928],[-83.383216,37.520933],[-83.383292,37.520927],[-83.383368,37.520907],[-83.383432,37.520869],[-83.383587,37.520753],[-83.383634,37.520738],[-83.383683,37.520737],[-83.383729,37.520751],[-83.383768,37.520778],[-83.383801,37.520815],[-83.3839,37.520969],[-83.384003,37.521151],[-83.384088,37.521343],[-83.38411,37.521452],[-83.384148,37.521523],[-83.384193,37.521581],[-83.384254,37.521634],[-83.384298,37.521682],[-83.384332,37.521729],[-83.384351,37.521774],[-83.38434,37.521835],[-83.384261,37.521995],[-83.384236,37.522074],[-83.3842,37.522224],[-83.384197,37.522311],[-83.384199,37.522385],[-83.384229,37.522473],[-83.384261,37.522529],[-83.384347,37.522632],[-83.384448,37.522736],[-83.384576,37.522854],[-83.384636,37.522887],[-83.38476,37.522933],[-83.385017,37.523015],[-83.385169,37.523079],[-83.385311,37.523161],[-83.385491,37.523305],[-83.38556,37.523341],[-83.385635,37.523367],[-83.385713,37.523386],[-83.386031,37.523432],[-83.386363,37.523465],[-83.386544,37.52347],[-83.386632,37.523463],[-83.386723,37.52345],[-83.386902,37.52341],[-83.387581,37.523224],[-83.387687,37.523192],[-83.387759,37.523157],[-83.387816,37.523119],[-83.387856,37.523077],[-83.387895,37.523007],[-83.387942,37.522778],[-83.38798,37.52267],[-83.388009,37.522615],[-83.388081,37.522509],[-83.388213,37.522375],[-83.388279,37.522298],[-83.388301,37.522262],[-83.388305,37.522251],[-83.388268,37.522032],[-83.388272,37.521894],[-83.388297,37.521785],[-83.388344,37.521666],[-83.388405,37.521569],[-83.388473,37.521473],[-83.388558,37.521395],[-83.38895,37.521141],[-83.389006,37.521096],[-83.38906,37.521029],[-83.389089,37.520971],[-83.389098,37.520935],[-83.389096,37.520897],[-83.389084,37.520866],[-83.38894,37.520678],[-83.38887,37.520558],[-83.388824,37.520451],[-83.388643,37.520081],[-83.388491,37.519798],[-83.388467,37.519738]]}},{"type":"Feature","properties":{"osm_id":16105768,"highway":"service","name":null,"alt_name":null,"official_name":null,"surface":null,"tracktype":null,"service":null,"access":"private","motor_vehicle":null,"foot":null,"tiger_reviewed":"no","rrgh_part":0,"rrgh_tile_part":0},"geometry":{"type":"LineString","coordinates":[[-83.377239,37.508637],[-83.377269,37.508636],[-83.377338,37.508632],[-83.377398,37.508653],[-83.377562,37.508678],[-83.378011,37.508953],[-83.378645,37.509055],[-83.379486,37.508992],[-83.379815,37.509005],[-83.381918,37.509045],[-83.382691,37.509004],[-83.383255,37.508884]]}},{"type":"Feature","properties":{"osm_id":16111456,"highway":"residential","name":"Stray Branch Road","alt_name":null,"official_name":null,"surface":null,"tracktype":null,"service":null,"access":null,"motor_vehicle":null,"foot":null,"tiger_reviewed":"no","rrgh_part":0,"rrgh_tile_part":0},"geometry":{"type":"LineString","coordinates":[[-83.373229,37.520754],[-83.373164,37.5208],[-83.37311,37.520836],[-83.373019,37.520913],[-83.372802,37.521125],[-83.372689,37.521248],[-83.372565,37.521422],[-83.3724824,37.5216282],[-83.372435,37.5217076],[-83.3723766,37.521793],[-83.372229,37.521933],[-83.372105,37.522073],[-83.37176,37.522503],[-83.371711,37.522558],[-83.371451,37.522816],[-83.371367,37.522921],[-83.3712338,37.5231755],[-83.3711834,37.5232319],[-83.3710325,37.5233823],[-83.3708587,37.5235059],[-83.3706957,37.5236491],[-83.3705799,37.5237583],[-83.3704711,37.5238291],[-83.3701922,37.524],[-83.370063,37.52401],[-83.369731,37.524136],[-83.369526,37.524236],[-83.369283,37.524322],[-83.369012,37.524446],[-83.368919,37.524479],[-83.368848,37.524516],[-83.368794,37.524556],[-83.36874,37.524608],[-83.368541,37.524816],[-83.368494,37.524878],[-83.368444,37.524929],[-83.368365,37.524987],[-83.36834983333333,37.525000000000006]]}},{"type":"Feature","properties":{"osm_id":16115190,"highway":"residential","name":"Bethleham Road","alt_name":null,"official_name":null,"surface":null,"tracktype":null,"service":null,"access":null,"motor_vehicle":null,"foot":null,"tiger_reviewed":"no","rrgh_part":0,"rrgh_tile_part":0},"geometry":{"type":"LineString","coordinates":[[-83.372877,37.519759],[-83.372837,37.519746],[-83.372797,37.51974],[-83.372747,37.519744],[-83.372605,37.519779],[-83.372297,37.519886],[-83.37211,37.519981],[-83.371963,37.520045],[-83.37188,37.520064],[-83.371814,37.520068],[-83.371782,37.520065],[-83.371759,37.520052],[-83.371697,37.519969],[-83.371469,37.519764],[-83.37138,37.519699],[-83.371255,37.519622],[-83.371199,37.519612],[-83.370991,37.519612],[-83.370933,37.519602],[-83.370814,37.519561],[-83.37069,37.519501],[-83.370649,37.519486],[-83.370458,37.519457],[-83.370412,37.519453],[-83.370282,37.519457],[-83.37009,37.519472],[-83.369991,37.519493],[-83.369835,37.519538],[-83.369778,37.519549],[-83.369662,37.51956],[-83.369362,37.519554],[-83.368871,37.519498],[-83.368624,37.519489],[-83.368523,37.519478],[-83.368467,37.519478],[-83.368403,37.519485],[-83.368236,37.519516],[-83.368153,37.519522],[-83.367984,37.519516],[-83.367659,37.519556],[-83.367517,37.51955],[-83.367349,37.519557]]}},{"type":"Feature","properties":{"osm_id":1092992396,"highway":"track","name":null,"alt_name":null,"official_name":null,"surface":null,"tracktype":null,"service":null,"access":null,"motor_vehicle":null,"foot":null,"tiger_reviewed":null,"rrgh_part":0,"rrgh_tile_part":0},"geometry":{"type":"LineString","coordinates":[[-83.3422054,37.4567912],[-83.3424251,37.456745],[-83.342623,37.4567048],[-83.3428666,37.4566438],[-83.3431037,37.4565023],[-83.3434439,37.4563426],[-83.3437071,37.4561972],[-83.3437987,37.4560505],[-83.3438674,37.4559026],[-83.343869,37.4557494],[-83.343802,37.4555508],[-83.3437742,37.455482],[-83.343784,37.455443],[-83.343833,37.4554028],[-83.3439606,37.4554314],[-83.3443187,37.4555521],[-83.3445395,37.4555703],[-83.3446719,37.4555456],[-83.3448044,37.4554365],[-83.3449057,37.4551445],[-83.3449957,37.4548952]]}},{"type":"Feature","properties":{"osm_id":16107621,"highway":"residential","name":"Left Fork Duck Hollow Road","alt_name":null,"official_name":null,"surface":null,"tracktype":null,"service":null,"access":null,"motor_vehicle":null,"foot":null,"tiger_reviewed":"no","rrgh_part":0,"rrgh_tile_part":0},"geometry":{"type":"LineString","coordinates":[[-83.33500000000001,37.459432978260864],[-83.335019,37.459421],[-83.3350855,37.4593849],[-83.335314,37.459263],[-83.33555,37.459151],[-83.335611,37.459129],[-83.335671,37.459114],[-83.335729,37.459109],[-83.335783,37.459119],[-83.335831,37.459141],[-83.335872,37.459171],[-83.335993,37.459276],[-83.336084,37.459341],[-83.336132,37.459368],[-83.336227,37.459405]]}},{"type":"Feature","properties":{"osm_id":16108188,"highway":"residential","name":"Left Fork Duck Hollow","alt_name":null,"official_name":null,"surface":null,"tracktype":null,"service":null,"access":null,"motor_vehicle":null,"foot":null,"tiger_reviewed":"no","rrgh_part":0,"rrgh_tile_part":0},"geometry":{"type":"LineString","coordinates":[[-83.33500000000001,37.46127556626507],[-83.335089,37.461371],[-83.335169,37.461451],[-83.335382,37.461636],[-83.335561,37.461771],[-83.335707,37.46185],[-83.336159,37.46206],[-83.336526,37.462222],[-83.336654,37.462267],[-83.337014,37.462377],[-83.337201,37.46245],[-83.337259,37.462468],[-83.337316,37.462481],[-83.337397,37.462491],[-83.337574,37.462482],[-83.338851,37.462319],[-83.338934,37.462315],[-83.339093,37.462299],[-83.339171,37.462294],[-83.339319,37.462289],[-83.339888,37.462338],[-83.339936,37.462348],[-83.340016,37.462384],[-83.340091,37.462413],[-83.34013,37.462433],[-83.340169,37.462459],[-83.340313,37.46258],[-83.34036,37.46261],[-83.340482,37.462708],[-83.340718,37.462995],[-83.34075,37.46305],[-83.340775,37.463119],[-83.340821,37.463205],[-83.340842,37.463254],[-83.340868,37.463298],[-83.340899,37.463337],[-83.340937,37.463375],[-83.340973,37.463417],[-83.341006,37.463462],[-83.341081,37.463549],[-83.341115,37.463594],[-83.341148,37.463642],[-83.341281,37.46386],[-83.341314,37.463918],[-83.341364,37.464023],[-83.341509,37.464216],[-83.341519,37.464251],[-83.341535,37.464401],[-83.341548,37.46447],[-83.341568,37.464531],[-83.341595,37.464587],[-83.341629,37.464632],[-83.341672,37.464667],[-83.341773,37.464734],[-83.342096,37.464921],[-83.342128,37.464955],[-83.342154,37.465021],[-83.342198,37.46509],[-83.342227,37.465163],[-83.342313,37.465274],[-83.342363,37.465329],[-83.34242,37.46538]]}},{"type":"Feature","properties":{"osm_id":1092992395,"highway":"track","name":null,"alt_name":null,"official_name":null,"surface":null,"tracktype":null,"service":null,"access":null,"motor_vehicle":null,"foot":null,"tiger_reviewed":null,"rrgh_part":0,"rrgh_tile_part":0},"geometry":{"type":"LineString","coordinates":[[-83.343784,37.455443],[-83.3436564,37.4551289],[-83.3434291,37.4547706],[-83.343228,37.4546343],[-83.3430334,37.4545526],[-83.342798,37.4545045],[-83.3424693,37.4544656],[-83.3423385,37.4544046],[-83.3422289,37.4541787],[-83.3420539,37.4539022],[-83.3417939,37.4536361],[-83.3416026,37.4533258],[-83.34139,37.4531207],[-83.3412347,37.4530338],[-83.3407637,37.4528663],[-83.3401473,37.4527222],[-83.3395275,37.4526352],[-83.3393575,37.4526041],[-83.3392332,37.4525236],[-83.33888,37.4524899],[-83.3386903,37.4524665],[-83.3384744,37.4523549],[-83.3377778,37.4521394],[-83.3373658,37.4520407],[-83.3370387,37.4519083],[-83.3368294,37.4518382],[-83.3364075,37.4518538],[-83.3358712,37.4520485],[-83.3353708,37.4522796],[-83.3352465,37.4524691],[-83.3352612,37.4526651],[-83.335204,37.4530221],[-83.3352596,37.4533051],[-83.3354657,37.453936],[-83.335446,37.4541411],[-83.335397,37.4542864],[-83.335446,37.4546136],[-83.3355409,37.4551068],[-83.3355409,37.4553768],[-83.3356619,37.4556832],[-83.3358156,37.4559921],[-83.3358875,37.4561946],[-83.3359072,37.4562881],[-83.3358123,37.45634],[-83.3355212,37.4563712],[-83.33500000000001,37.45615363110257]]}},{"type":"Feature","properties":{"osm_id":1092992397,"highway":"track","name":null,"alt_name":null,"official_name":null,"surface":null,"tracktype":null,"service":null,"access":null,"motor_vehicle":null,"foot":null,"tiger_reviewed":null,"rrgh_part":0,"rrgh_tile_part":0},"geometry":{"type":"LineString","coordinates":[[-83.3350855,37.4593849],[-83.3351741,37.4591737],[-83.3351069,37.4590202],[-83.33500000000001,37.45891923568734]]}},{"type":"Feature","properties":{"osm_id":1092992397,"highway":"track","name":null,"alt_name":null,"official_name":null,"surface":null,"tracktype":null,"service":null,"access":null,"motor_vehicle":null,"foot":null,"tiger_reviewed":null,"rrgh_part":0,"rrgh_tile_part":1},"geometry":{"type":"LineString","coordinates":[[-83.33500000000001,37.45670775581396],[-83.33535,37.4568345],[-83.3358936,37.4569665],[-83.3365844,37.4571239],[-83.3369233,37.4571645],[-83.337176,37.4570833],[-83.3373071,37.4569132],[-83.3372783,37.4567],[-83.3369681,37.4564207],[-83.3367027,37.4561034],[-83.336434,37.4554078],[-83.3363253,37.4551413],[-83.3362198,37.454697],[-83.3361366,37.4544406],[-83.3361238,37.4542832],[-83.3362102,37.4541157],[-83.3362901,37.4539989],[-83.3363541,37.4537856],[-83.3363989,37.4535648],[-83.3365492,37.4533921],[-83.3367251,37.4532576],[-83.3369073,37.4531738],[-83.3371088,37.4531205],[-83.3372751,37.4531332],[-83.3374126,37.4531967],[-83.3377132,37.4535013],[-83.3380842,37.453712],[-83.3383816,37.453844],[-83.3387014,37.4538021],[-83.3388741,37.4538072],[-83.3389764,37.4538059],[-83.3391427,37.4537641],[-83.3394785,37.4535838],[-83.3398478,37.453429],[-83.340214,37.4533566],[-83.3404075,37.4533731],[-83.3405146,37.4534302],[-83.3406473,37.453594],[-83.3408696,37.453877],[-83.3410678,37.4540573],[-83.3412213,37.4541449],[-83.341394,37.4541893],[-83.3415475,37.4543619],[-83.3416387,37.4545079],[-83.3418037,37.4546759],[-83.3420392,37.4547875],[-83.3425559,37.454881],[-83.3428437,37.4550134],[-83.343053,37.4553093],[-83.3431675,37.4557637],[-83.3431708,37.4559817],[-83.3430367,37.4561816],[-83.3427195,37.4564335],[-83.3424219,37.4565892],[-83.3422354,37.4567113],[-83.3421995,37.4567762],[-83.3422054,37.4567912],[-83.3422125,37.4568093],[-83.3422861,37.4568437],[-83.342466,37.4568729],[-83.3425862,37.456904]]}},{"type":"Feature","properties":{"osm_id":16106195,"highway":"track","name":"County Road","alt_name":null,"official_name":null,"surface":null,"tracktype":null,"service":null,"access":null,"motor_vehicle":null,"foot":null,"tiger_reviewed":"no","rrgh_part":0,"rrgh_tile_part":0},"geometry":{"type":"LineString","coordinates":[[-83.35811,37.471272],[-83.35812,37.471358],[-83.358157,37.471649],[-83.358292,37.471958],[-83.358935,37.472301],[-83.359103,37.472422],[-83.359397,37.473206],[-83.359673,37.474677],[-83.359838,37.474916],[-83.359977,37.47615],[-83.359959,37.476839],[-83.359688,37.477291],[-83.359481,37.477413],[-83.358372,37.477624],[-83.358103,37.477989],[-83.358125,37.47852]]}},{"type":"Feature","properties":{"osm_id":16117235,"highway":"residential","name":"Duck Hollow Road","alt_name":null,"official_name":null,"surface":null,"tracktype":null,"service":null,"access":null,"motor_vehicle":null,"foot":null,"tiger_reviewed":"no","rrgh_part":0,"rrgh_tile_part":0},"geometry":{"type":"LineString","coordinates":[[-83.34242,37.46538],[-83.342442,37.465402],[-83.342586,37.465497],[-83.342613,37.465511]]}},{"type":"Feature","properties":{"osm_id":16112514,"highway":"residential","name":"Haddix Drive","alt_name":null,"official_name":null,"surface":null,"tracktype":null,"service":null,"access":null,"motor_vehicle":null,"foot":null,"tiger_reviewed":"no","rrgh_part":0,"rrgh_tile_part":0},"geometry":{"type":"LineString","coordinates":[[-83.3479442,37.487152],[-83.347974,37.487115],[-83.3481088,37.4870273],[-83.34826,37.4869576],[-83.348504,37.4868641],[-83.34874,37.486774],[-83.3489447,37.4867103],[-83.3495653,37.4865589],[-83.3499185,37.486465]]}},{"type":"Feature","properties":{"osm_id":16112769,"highway":"residential","name":"Sigman Drive","alt_name":null,"official_name":null,"surface":null,"tracktype":null,"service":null,"access":null,"motor_vehicle":null,"foot":null,"tiger_reviewed":"no","rrgh_part":0,"rrgh_tile_part":0},"geometry":{"type":"LineString","coordinates":[[-83.343131,37.4845357],[-83.34331,37.484508],[-83.3444202,37.4846259],[-83.3447608,37.4846514],[-83.3450371,37.4846897],[-83.3452785,37.4847387],[-83.3456057,37.4848217],[-83.3459383,37.4849238],[-83.3461234,37.4850175],[-83.346333,37.485106],[-83.3465,37.485136],[-83.346813,37.485157],[-83.347293,37.485154],[-83.347555,37.485145],[-83.347686,37.485127],[-83.348085,37.48511],[-83.348325,37.485115],[-83.348545,37.485131],[-83.34865,37.485144],[-83.348951,37.4852],[-83.349259,37.485269],[-83.350092,37.485513],[-83.350299,37.485563],[-83.350618,37.48562],[-83.351043,37.485682],[-83.351844,37.485782],[-83.351929,37.485783]]}},{"type":"Feature","properties":{"osm_id":1093186277,"highway":"service","name":null,"alt_name":null,"official_name":null,"surface":"unpaved","tracktype":null,"service":null,"access":null,"motor_vehicle":null,"foot":null,"tiger_reviewed":null,"rrgh_part":0,"rrgh_tile_part":0},"geometry":{"type":"LineString","coordinates":[[-83.3592275,37.4914935],[-83.3589807,37.4914831],[-83.3587645,37.4914121],[-83.3585264,37.4912908],[-83.3581551,37.4911262],[-83.3580001,37.4910759],[-83.3578581,37.4909875],[-83.3577205,37.4908836],[-83.3574519,37.4907051],[-83.357334,37.4906652],[-83.3571833,37.4906722],[-83.357026,37.4906756],[-83.3569016,37.4906739],[-83.3568426,37.490641],[-83.3567334,37.4905613],[-83.3566591,37.4905023],[-83.3564691,37.4903672],[-83.3563272,37.4902909],[-83.3561088,37.4902719],[-83.3559166,37.4903048],[-83.355565,37.4902286],[-83.3553466,37.4901731],[-83.3549884,37.4901332],[-83.3548137,37.4901073],[-83.3546281,37.4900241],[-83.354318,37.4898335],[-83.3540668,37.4896636],[-83.3538965,37.4896394],[-83.3536038,37.4896272],[-83.3533745,37.4895423],[-83.3530644,37.4894678],[-83.3528984,37.4894193],[-83.3526385,37.4893413],[-83.3525097,37.4893049],[-83.3522498,37.4893205],[-83.3520925,37.4893067],[-83.3519419,37.4892425],[-83.3517082,37.4891472],[-83.3514286,37.488941],[-83.3512015,37.4888093],[-83.3509001,37.4886915],[-83.3507385,37.4886603],[-83.350673,37.4886048],[-83.3506905,37.4885251],[-83.3507472,37.4884939],[-83.3508695,37.4884662],[-83.3512277,37.4884801],[-83.3518174,37.4886326],[-83.3520969,37.4887088],[-83.3525031,37.4886568],[-83.3532064,37.4887227],[-83.3535776,37.4887851],[-83.3537043,37.4887435],[-83.3537174,37.4886984],[-83.3537261,37.4886187],[-83.3536475,37.4884974],[-83.3531976,37.4882895],[-83.3529705,37.488234],[-83.3523442,37.4881001],[-83.3519244,37.4880061],[-83.3515749,37.4879342],[-83.3513467,37.4878753],[-83.3511502,37.4878034],[-83.3510541,37.4877557],[-83.350982,37.4877081],[-83.3509521,37.4876153]]}},{"type":"Feature","properties":{"osm_id":16106129,"highway":"residential","name":null,"alt_name":null,"official_name":null,"surface":null,"tracktype":null,"service":null,"access":null,"motor_vehicle":null,"foot":null,"tiger_reviewed":null,"rrgh_part":0,"rrgh_tile_part":0},"geometry":{"type":"LineString","coordinates":[[-83.340959,37.482839],[-83.341066,37.482691],[-83.341084,37.482655],[-83.341092,37.482613],[-83.341087,37.48257],[-83.341067,37.482529],[-83.34104,37.482491],[-83.340965,37.48241],[-83.340869,37.482329],[-83.340763,37.482258],[-83.340557,37.482167],[-83.340472,37.482144],[-83.3401796,37.4821186],[-83.3399624,37.4821313],[-83.3397424,37.4822058],[-83.3395895,37.4822958]]}},{"type":"Feature","properties":{"osm_id":16109221,"highway":"residential","name":"Lonzos Road","alt_name":null,"official_name":null,"surface":null,"tracktype":null,"service":null,"access":null,"motor_vehicle":null,"foot":null,"tiger_reviewed":"no","rrgh_part":0,"rrgh_tile_part":0},"geometry":{"type":"LineString","coordinates":[[-83.33941,37.48253],[-83.339332,37.482504],[-83.339281,37.482493],[-83.338999,37.482456],[-83.338742,37.48243],[-83.338367,37.482408],[-83.338171,37.482408],[-83.337984,37.482418],[-83.337891,37.482431],[-83.337425,37.482465],[-83.337228,37.482463],[-83.33708,37.482447],[-83.336967,37.482444],[-83.336821,37.482459],[-83.336748,37.482461],[-83.336548,37.482453],[-83.336435,37.48243],[-83.336396,37.482429],[-83.336304,37.4824064],[-83.3361716,37.482341]]}},{"type":"Feature","properties":{"osm_id":16107975,"highway":"residential","name":"Thorpe Road","alt_name":null,"official_name":null,"surface":null,"tracktype":null,"service":null,"access":null,"motor_vehicle":null,"foot":null,"tiger_reviewed":"no","rrgh_part":0,"rrgh_tile_part":0},"geometry":{"type":"LineString","coordinates":[[-83.340708,37.48269],[-83.340655,37.482725],[-83.340463,37.482885],[-83.340304,37.482992],[-83.340101,37.483104],[-83.339802,37.483243],[-83.339205,37.483505],[-83.338508,37.483798],[-83.338251,37.483937],[-83.338168,37.48399]]}},{"type":"Feature","properties":{"osm_id":16109843,"highway":"residential","name":"Haddix Depot Street","alt_name":null,"official_name":null,"surface":null,"tracktype":null,"service":null,"access":null,"motor_vehicle":null,"foot":null,"tiger_reviewed":"no","rrgh_part":0,"rrgh_tile_part":0},"geometry":{"type":"LineString","coordinates":[[-83.347769,37.487139],[-83.347736,37.4872],[-83.347667,37.487292],[-83.347362,37.487613],[-83.347254,37.487757],[-83.347127,37.487912],[-83.347013,37.488079],[-83.346859,37.488353],[-83.346717,37.488663],[-83.346678,37.488772],[-83.346501,37.489204],[-83.346185,37.489949],[-83.345809,37.490918]]}},{"type":"Feature","properties":{"osm_id":16113149,"highway":"residential","name":"Falcon Road","alt_name":null,"official_name":null,"surface":null,"tracktype":null,"service":null,"access":null,"motor_vehicle":null,"foot":null,"tiger_reviewed":"no","rrgh_part":0,"rrgh_tile_part":0},"geometry":{"type":"LineString","coordinates":[[-83.348283,37.487183],[-83.348204,37.487299],[-83.348132,37.48738],[-83.348033,37.487469],[-83.347855,37.487606],[-83.347663,37.487738],[-83.3476,37.487788],[-83.347541,37.487844],[-83.347391,37.488033],[-83.347303,37.488163],[-83.347231,37.488306],[-83.346964,37.488896],[-83.346822,37.489233],[-83.346654,37.489671],[-83.346426,37.490193],[-83.346298,37.490536],[-83.346136,37.490857],[-83.346027,37.491131],[-83.345959,37.491279]]}},{"type":"Feature","properties":{"osm_id":16113373,"highway":"residential","name":"Fish Pond Loop","alt_name":null,"official_name":null,"surface":"paved","tracktype":null,"service":null,"access":null,"motor_vehicle":null,"foot":null,"tiger_reviewed":"no","rrgh_part":0,"rrgh_tile_part":0},"geometry":{"type":"LineString","coordinates":[[-83.341375,37.483167],[-83.341289,37.483226],[-83.341245,37.483268],[-83.341221,37.483305],[-83.341206,37.483351],[-83.3412,37.483406],[-83.341237,37.484192],[-83.341257,37.484767],[-83.341285,37.485257],[-83.341309,37.485861],[-83.341322,37.486025],[-83.341338,37.48611],[-83.341365,37.486187],[-83.341406,37.486272],[-83.341462,37.486349],[-83.341531,37.48642],[-83.341614,37.486482],[-83.341708,37.486535],[-83.341808,37.486583],[-83.341914,37.486624],[-83.342024,37.486657],[-83.342159,37.486681]]}},{"type":"Feature","properties":{"osm_id":1128265151,"highway":"residential","name":"Campbells Branch Road","alt_name":null,"official_name":null,"surface":null,"tracktype":null,"service":null,"access":null,"motor_vehicle":null,"foot":null,"tiger_reviewed":"no","rrgh_part":0,"rrgh_tile_part":0},"geometry":{"type":"LineString","coordinates":[[-83.342159,37.486681],[-83.341956,37.486774],[-83.341654,37.486928],[-83.341539,37.486964],[-83.341408,37.48699],[-83.341341,37.487012],[-83.341275,37.487041],[-83.341009,37.487193],[-83.340732,37.487361],[-83.340391,37.487577],[-83.340177,37.487722],[-83.340021,37.48782],[-83.339852,37.487905],[-83.339604,37.488013],[-83.339144,37.488233],[-83.338999,37.488291],[-83.338912,37.488314],[-83.338644,37.48836],[-83.33856,37.488381],[-83.338208,37.488491],[-83.338082,37.488522],[-83.337919,37.488538],[-83.337748,37.488546],[-83.337289,37.488546],[-83.337111,37.48853],[-83.337025,37.488514],[-83.336941,37.488491],[-83.336862,37.488463],[-83.336715,37.488393],[-83.336582,37.488299],[-83.33646,37.488191],[-83.336407,37.488133],[-83.336346,37.488085],[-83.336162,37.487963],[-83.336101,37.487928],[-83.336036,37.487901],[-83.335666,37.487776],[-83.3352156,37.487635],[-83.33500000000001,37.48754183950617]]}},{"type":"Feature","properties":{"osm_id":16109357,"highway":"residential","name":"Campbells Branch Road","alt_name":null,"official_name":null,"surface":"paved","tracktype":null,"service":null,"access":null,"motor_vehicle":null,"foot":null,"tiger_reviewed":"no","rrgh_part":0,"rrgh_tile_part":0},"geometry":{"type":"LineString","coordinates":[[-83.3436552,37.4868442],[-83.3435494,37.4868328],[-83.3434679,37.4868383],[-83.3433914,37.4868359],[-83.3433301,37.4868209],[-83.3431283,37.4867679],[-83.3430086,37.4867398],[-83.3428724,37.486721],[-83.3427248,37.4867098],[-83.3425766,37.486711],[-83.3423608,37.4867194],[-83.342248,37.48669],[-83.342159,37.486681]]}},{"type":"Feature","properties":{"osm_id":16111127,"highway":"residential","name":"Haddix Church Drive","alt_name":null,"official_name":null,"surface":null,"tracktype":null,"service":null,"access":null,"motor_vehicle":null,"foot":null,"tiger_reviewed":"no","rrgh_part":0,"rrgh_tile_part":0},"geometry":{"type":"LineString","coordinates":[[-83.348504,37.4868641],[-83.348473,37.48682],[-83.3483018,37.4865775],[-83.348261,37.4865642],[-83.3482264,37.4865624],[-83.3481712,37.4865865],[-83.3479053,37.4867239],[-83.3476898,37.4868243]]}},{"type":"Feature","properties":{"osm_id":1010732324,"highway":"residential","name":"Campbells Branch Road","alt_name":null,"official_name":null,"surface":"paved","tracktype":null,"service":null,"access":null,"motor_vehicle":null,"foot":null,"tiger_reviewed":null,"rrgh_part":0,"rrgh_tile_part":0},"geometry":{"type":"LineString","coordinates":[[-83.3435258,37.4866276],[-83.3434882,37.4867105],[-83.3434768,37.486731],[-83.3434615,37.4867555],[-83.3434347,37.4867773],[-83.3434113,37.486794],[-83.3433301,37.4868209]]}},{"type":"Feature","properties":{"osm_id":1092492465,"highway":"residential","name":"Sigman Drive","alt_name":null,"official_name":null,"surface":null,"tracktype":null,"service":null,"access":null,"motor_vehicle":null,"foot":null,"tiger_reviewed":"no","rrgh_part":0,"rrgh_tile_part":0},"geometry":{"type":"LineString","coordinates":[[-83.3426886,37.4846974],[-83.343131,37.4845357]]}},{"type":"Feature","properties":{"osm_id":1092492466,"highway":"residential","name":"Sigman Drive","alt_name":null,"official_name":null,"surface":null,"tracktype":null,"service":null,"access":null,"motor_vehicle":null,"foot":null,"tiger_reviewed":"no","rrgh_part":0,"rrgh_tile_part":0},"geometry":{"type":"LineString","coordinates":[[-83.3424607,37.484773],[-83.3426886,37.4846974]]}},{"type":"Feature","properties":{"osm_id":16109673,"highway":"residential","name":"Fish Pond Road","alt_name":null,"official_name":null,"surface":null,"tracktype":null,"service":null,"access":null,"motor_vehicle":null,"foot":null,"tiger_reviewed":"no","rrgh_part":0,"rrgh_tile_part":0},"geometry":{"type":"LineString","coordinates":[[-83.341257,37.484767],[-83.34088,37.484765],[-83.340508,37.484761],[-83.340302,37.484751],[-83.340178,37.484736],[-83.340123,37.484723],[-83.340076,37.484701],[-83.34004,37.484671],[-83.340018,37.484636],[-83.340008,37.484599],[-83.34,37.484208],[-83.339991,37.484129],[-83.339978,37.484096],[-83.339954,37.484072],[-83.339923,37.484056],[-83.339889,37.484048],[-83.339854,37.484045],[-83.3396132,37.4840511]]}},{"type":"Feature","properties":{"osm_id":16112796,"highway":"residential","name":"Tara Road","alt_name":null,"official_name":null,"surface":null,"tracktype":null,"service":null,"access":null,"motor_vehicle":null,"foot":null,"tiger_reviewed":"no","rrgh_part":0,"rrgh_tile_part":0},"geometry":{"type":"LineString","coordinates":[[-83.341285,37.485257],[-83.341206,37.485247],[-83.340965,37.485262],[-83.340635,37.485302],[-83.340459,37.485317],[-83.340019,37.485381],[-83.339715,37.485446],[-83.339636,37.485467],[-83.339501,37.485513],[-83.339091,37.485676],[-83.33851,37.485984],[-83.338358,37.486071],[-83.338278,37.48614],[-83.338207,37.486218],[-83.338132,37.486331]]}},{"type":"Feature","properties":{"osm_id":16113199,"highway":"residential","name":"Tara's Drive","alt_name":null,"official_name":null,"surface":null,"tracktype":null,"service":null,"access":null,"motor_vehicle":null,"foot":null,"tiger_reviewed":"no","rrgh_part":0,"rrgh_tile_part":0},"geometry":{"type":"LineString","coordinates":[[-83.338132,37.486331],[-83.338113,37.486366],[-83.338085,37.486433],[-83.338071,37.486487]]}},{"type":"Feature","properties":{"osm_id":16104926,"highway":"residential","name":null,"alt_name":null,"official_name":null,"surface":null,"tracktype":null,"service":null,"access":null,"motor_vehicle":null,"foot":null,"tiger_reviewed":"no","rrgh_part":0,"rrgh_tile_part":0},"geometry":{"type":"LineString","coordinates":[[-83.352037,37.497785],[-83.352197,37.497851],[-83.352267,37.497879],[-83.352345,37.497901],[-83.35309,37.498042],[-83.353493,37.498138],[-83.353902,37.498244],[-83.354185,37.498308],[-83.354465,37.498392],[-83.355322,37.498668],[-83.355696,37.498783],[-83.355862,37.498828],[-83.3562614,37.4989888],[-83.3563254,37.4990018],[-83.3563594,37.4989998],[-83.356528,37.4990902]]}},{"type":"Feature","properties":{"osm_id":16104928,"highway":"residential","name":null,"alt_name":null,"official_name":null,"surface":null,"tracktype":null,"service":null,"access":null,"motor_vehicle":null,"foot":null,"tiger_reviewed":"no","rrgh_part":0,"rrgh_tile_part":0},"geometry":{"type":"LineString","coordinates":[[-83.356757,37.498712],[-83.356675,37.498758],[-83.35662,37.498797],[-83.3564624,37.4989488],[-83.3564064,37.4989858],[-83.3563804,37.4989958],[-83.3563594,37.4989998]]}},{"type":"Feature","properties":{"osm_id":16105185,"highway":"residential","name":null,"alt_name":null,"official_name":null,"surface":null,"tracktype":null,"service":null,"access":null,"motor_vehicle":null,"foot":null,"tiger_reviewed":"no","rrgh_part":0,"rrgh_tile_part":0},"geometry":{"type":"LineString","coordinates":[[-83.355645,37.502648],[-83.355648,37.502543],[-83.355658,37.502498],[-83.355695,37.502438],[-83.355758,37.502379],[-83.355904,37.502262],[-83.356007,37.502167],[-83.356287,37.50187],[-83.35639,37.501754],[-83.356488,37.501628],[-83.356566,37.501498],[-83.356596,37.501432],[-83.356621,37.501367],[-83.356672,37.501191],[-83.356727,37.501081]]}},{"type":"Feature","properties":{"osm_id":16107797,"highway":"residential","name":"Sol Lane","alt_name":null,"official_name":null,"surface":null,"tracktype":null,"service":null,"access":null,"motor_vehicle":null,"foot":null,"tiger_reviewed":"no","rrgh_part":0,"rrgh_tile_part":0},"geometry":{"type":"LineString","coordinates":[[-83.35143,37.497817],[-83.351332,37.497751],[-83.351279,37.497726],[-83.351243,37.497717],[-83.351154,37.497705],[-83.351101,37.497704],[-83.35069,37.497718],[-83.350377,37.49774],[-83.35004,37.49775],[-83.349856,37.497765],[-83.349697,37.497784],[-83.349634,37.4978],[-83.349405,37.497926]]}},{"type":"Feature","properties":{"osm_id":16104885,"highway":"residential","name":null,"alt_name":null,"official_name":null,"surface":null,"tracktype":null,"service":null,"access":null,"motor_vehicle":null,"foot":null,"tiger_reviewed":"no","rrgh_part":0,"rrgh_tile_part":0},"geometry":{"type":"LineString","coordinates":[[-83.345809,37.490918],[-83.345747,37.49107],[-83.345682,37.491206]]}},{"type":"Feature","properties":{"osm_id":16110007,"highway":"residential","name":"Rock House Loop","alt_name":null,"official_name":null,"surface":null,"tracktype":null,"service":null,"access":null,"motor_vehicle":null,"foot":null,"tiger_reviewed":"no","rrgh_part":0,"rrgh_tile_part":0},"geometry":{"type":"LineString","coordinates":[[-83.342796,37.494436],[-83.342729,37.494415],[-83.342478,37.494357],[-83.342382,37.494342],[-83.342332,37.49434],[-83.34192,37.494345],[-83.341847,37.494363],[-83.341785,37.494395],[-83.341718,37.49441],[-83.341655,37.494411],[-83.341453,37.4944],[-83.341411,37.494408],[-83.34134,37.494434],[-83.341311,37.494458],[-83.341261,37.494516],[-83.341219,37.49458],[-83.341206,37.494612],[-83.341199,37.494652],[-83.341198,37.494681],[-83.341204,37.49475],[-83.3412,37.494769]]}},{"type":"Feature","properties":{"osm_id":16113451,"highway":"residential","name":"Kragon School Road","alt_name":null,"official_name":null,"surface":null,"tracktype":null,"service":null,"access":null,"motor_vehicle":null,"foot":null,"tiger_reviewed":"no","rrgh_part":0,"rrgh_tile_part":0},"geometry":{"type":"LineString","coordinates":[[-83.33500000000001,37.504307439807384],[-83.3351719,37.50445],[-83.335302,37.504571],[-83.335564,37.504781],[-83.335715,37.504892],[-83.336012,37.50509],[-83.336204,37.505243],[-83.336269,37.505301],[-83.336344,37.505348],[-83.336509,37.505433],[-83.336669,37.505525],[-83.336752,37.505565],[-83.33683,37.505612],[-83.33691,37.505654],[-83.337141,37.505766],[-83.337211,37.505806],[-83.337279,37.505851],[-83.337344,37.505902],[-83.337404,37.505959],[-83.337517,37.506079],[-83.337625,37.506182],[-83.3376434,37.5062029],[-83.337669,37.506232],[-83.337722,37.506279],[-83.337771,37.50632],[-83.337833,37.506366],[-83.33828,37.506648],[-83.338356,37.506692],[-83.338439,37.506725],[-83.338527,37.506743],[-83.338616,37.50675],[-83.338785,37.506757],[-83.338862,37.506771],[-83.339006,37.506814],[-83.339146,37.50686],[-83.339209,37.506894],[-83.339328,37.506971],[-83.339452,37.507057],[-83.339524,37.5071],[-83.3396,37.50714],[-83.339763,37.507204],[-83.33993,37.507243],[-83.340014,37.507266],[-83.340242,37.507348],[-83.340372,37.507401],[-83.340437,37.507436],[-83.340501,37.507476],[-83.340625,37.507562],[-83.341004,37.507845],[-83.341196,37.508001],[-83.341473,37.50825],[-83.341678,37.508411],[-83.341732,37.508466]]}},{"type":"Feature","properties":{"osm_id":16106355,"highway":"residential","name":null,"alt_name":null,"official_name":null,"surface":null,"tracktype":null,"service":null,"access":null,"motor_vehicle":null,"foot":null,"tiger_reviewed":"no","rrgh_part":0,"rrgh_tile_part":0},"geometry":{"type":"LineString","coordinates":[[-83.351376,37.504071],[-83.3513063,37.5039706],[-83.3506372,37.5037781],[-83.3499774,37.503544],[-83.3496181,37.5033763],[-83.3492994,37.5032821]]}},{"type":"Feature","properties":{"osm_id":1157789479,"highway":"unclassified","name":null,"alt_name":null,"official_name":null,"surface":null,"tracktype":null,"service":null,"access":null,"motor_vehicle":null,"foot":null,"tiger_reviewed":null,"rrgh_part":0,"rrgh_tile_part":0},"geometry":{"type":"LineString","coordinates":[[-83.3418302,37.5111502],[-83.3419151,37.5111535],[-83.3421427,37.5111506],[-83.3423776,37.5110961],[-83.3425583,37.5109958],[-83.3430534,37.5107063],[-83.3432955,37.5105372],[-83.3435882,37.5103193],[-83.3439242,37.5101072],[-83.3443579,37.509941],[-83.344759,37.5098407],[-83.344889,37.5097919],[-83.3451059,37.5100528],[-83.3452432,37.510391],[-83.3455503,37.5110331],[-83.3456804,37.5111621],[-83.3458647,37.5112595]]}},{"type":"Feature","properties":{"osm_id":16105590,"highway":"residential","name":null,"alt_name":null,"official_name":null,"surface":null,"tracktype":null,"service":null,"access":null,"motor_vehicle":null,"foot":null,"tiger_reviewed":"no","rrgh_part":0,"rrgh_tile_part":0},"geometry":{"type":"LineString","coordinates":[[-83.344866,37.515054],[-83.344866,37.515026],[-83.344865,37.514978],[-83.344849,37.514946],[-83.344817,37.514914],[-83.344771,37.51488],[-83.34471,37.514845],[-83.344558,37.514773],[-83.3444562,37.5147313],[-83.344387,37.514703],[-83.344124,37.514614],[-83.343881,37.514524],[-83.343805,37.514504],[-83.34373,37.514491],[-83.343245,37.514421],[-83.343123,37.514416],[-83.342998,37.514435]]}},{"type":"Feature","properties":{"osm_id":16111134,"highway":"residential","name":"Gross Loop","alt_name":null,"official_name":null,"surface":null,"tracktype":null,"service":null,"access":null,"motor_vehicle":null,"foot":null,"tiger_reviewed":"no","rrgh_part":0,"rrgh_tile_part":0},"geometry":{"type":"LineString","coordinates":[[-83.342998,37.514435],[-83.342919,37.51445]]}},{"type":"Feature","properties":{"osm_id":16112753,"highway":"residential","name":"Wesley Drive","alt_name":null,"official_name":null,"surface":null,"tracktype":null,"service":null,"access":null,"motor_vehicle":null,"foot":null,"tiger_reviewed":"no","rrgh_part":0,"rrgh_tile_part":0},"geometry":{"type":"LineString","coordinates":[[-83.345118,37.515131],[-83.345047,37.515201],[-83.345001,37.515235],[-83.344888,37.515301],[-83.344843,37.515337]]}},{"type":"Feature","properties":{"osm_id":16115667,"highway":"residential","name":"Sycamore Lane","alt_name":null,"official_name":null,"surface":null,"tracktype":null,"service":null,"access":null,"motor_vehicle":null,"foot":null,"tiger_reviewed":"no","rrgh_part":0,"rrgh_tile_part":0},"geometry":{"type":"LineString","coordinates":[[-83.344708,37.515005],[-83.34463,37.515089],[-83.34443,37.515284],[-83.344335,37.515364],[-83.344298,37.515413]]}},{"type":"Feature","properties":{"osm_id":1157789475,"highway":"residential","name":null,"alt_name":null,"official_name":null,"surface":null,"tracktype":null,"service":null,"access":null,"motor_vehicle":null,"foot":null,"tiger_reviewed":null,"rrgh_part":0,"rrgh_tile_part":0},"geometry":{"type":"LineString","coordinates":[[-83.3467678,37.5156914],[-83.3468292,37.515592],[-83.3468863,37.5155315],[-83.3470062,37.5154819],[-83.3472132,37.5153911],[-83.347333,37.5153587]]}},{"type":"Feature","properties":{"osm_id":1157789476,"highway":"residential","name":null,"alt_name":null,"official_name":null,"surface":null,"tracktype":null,"service":null,"access":null,"motor_vehicle":null,"foot":null,"tiger_reviewed":null,"rrgh_part":0,"rrgh_tile_part":0},"geometry":{"type":"LineString","coordinates":[[-83.3444562,37.5147313],[-83.3444843,37.5146394],[-83.3445442,37.5144774]]}},{"type":"Feature","properties":{"osm_id":1157789477,"highway":"residential","name":null,"alt_name":null,"official_name":null,"surface":null,"tracktype":null,"service":null,"access":null,"motor_vehicle":null,"foot":null,"tiger_reviewed":null,"rrgh_part":0,"rrgh_tile_part":0},"geometry":{"type":"LineString","coordinates":[[-83.3444843,37.5146394],[-83.3446477,37.5146394],[-83.3447784,37.5146156]]}},{"type":"Feature","properties":{"osm_id":1157789478,"highway":"residential","name":null,"alt_name":null,"official_name":null,"surface":null,"tracktype":null,"service":null,"access":null,"motor_vehicle":null,"foot":null,"tiger_reviewed":null,"rrgh_part":0,"rrgh_tile_part":0},"geometry":{"type":"LineString","coordinates":[[-83.343881,37.514524],[-83.3439274,37.5144656],[-83.3439779,37.5143653]]}},{"type":"Feature","properties":{"osm_id":16109657,"highway":"residential","name":"Fishtrap Bridge","alt_name":null,"official_name":null,"surface":null,"tracktype":null,"service":null,"access":null,"motor_vehicle":null,"foot":null,"tiger_reviewed":"no","rrgh_part":0,"rrgh_tile_part":0},"geometry":{"type":"LineString","coordinates":[[-83.3387,37.512188],[-83.338563,37.512218],[-83.338533,37.512223],[-83.338454,37.512257],[-83.338383,37.51231],[-83.338328,37.512381],[-83.338233,37.512556],[-83.338178,37.512635],[-83.338143,37.512671],[-83.337923,37.512838],[-83.337794,37.512892],[-83.337524,37.51298],[-83.337241,37.513099],[-83.337045,37.513219],[-83.336978,37.513252]]}},{"type":"Feature","properties":{"osm_id":1157789480,"highway":"unclassified","name":null,"alt_name":null,"official_name":null,"surface":null,"tracktype":null,"service":null,"access":null,"motor_vehicle":null,"foot":null,"tiger_reviewed":null,"rrgh_part":0,"rrgh_tile_part":0},"geometry":{"type":"LineString","coordinates":[[-83.3393601,37.5103609],[-83.3398337,37.5104856]]}},{"type":"Feature","properties":{"osm_id":1157789481,"highway":"unclassified","name":null,"alt_name":null,"official_name":null,"surface":null,"tracktype":null,"service":null,"access":null,"motor_vehicle":null,"foot":null,"tiger_reviewed":null,"rrgh_part":0,"rrgh_tile_part":0},"geometry":{"type":"LineString","coordinates":[[-83.3398337,37.5104856],[-83.3402736,37.5106329]]}},{"type":"Feature","properties":{"osm_id":1157789482,"highway":"unclassified","name":null,"alt_name":null,"official_name":null,"surface":null,"tracktype":null,"service":null,"access":null,"motor_vehicle":null,"foot":null,"tiger_reviewed":null,"rrgh_part":0,"rrgh_tile_part":0},"geometry":{"type":"LineString","coordinates":[[-83.3408166,37.510884],[-83.3409215,37.5115285]]}},{"type":"Feature","properties":{"osm_id":1157789483,"highway":"unclassified","name":null,"alt_name":null,"official_name":null,"surface":null,"tracktype":null,"service":null,"access":null,"motor_vehicle":null,"foot":null,"tiger_reviewed":null,"rrgh_part":0,"rrgh_tile_part":0},"geometry":{"type":"LineString","coordinates":[[-83.3408166,37.510884],[-83.3405755,37.5113838]]}},{"type":"Feature","properties":{"osm_id":1185162900,"highway":"unclassified","name":null,"alt_name":null,"official_name":null,"surface":null,"tracktype":null,"service":null,"access":null,"motor_vehicle":null,"foot":null,"tiger_reviewed":null,"rrgh_part":0,"rrgh_tile_part":0},"geometry":{"type":"LineString","coordinates":[[-83.3402736,37.5106329],[-83.3405528,37.5107264],[-83.3408166,37.510884],[-83.3410081,37.5109844],[-83.3412719,37.5110704],[-83.3415429,37.5111391],[-83.3416302,37.5111425]]}},{"type":"Feature","properties":{"osm_id":1185162901,"highway":"unclassified","name":null,"alt_name":null,"official_name":null,"surface":null,"tracktype":null,"service":null,"access":null,"motor_vehicle":null,"foot":null,"tiger_reviewed":null,"rrgh_part":0,"rrgh_tile_part":0},"geometry":{"type":"LineString","coordinates":[[-83.3416302,37.5111425],[-83.3418302,37.5111502]]}},{"type":"Feature","properties":{"osm_id":16106450,"highway":"residential","name":null,"alt_name":null,"official_name":null,"surface":null,"tracktype":null,"service":null,"access":null,"motor_vehicle":null,"foot":null,"tiger_reviewed":"no","rrgh_part":0,"rrgh_tile_part":0},"geometry":{"type":"LineString","coordinates":[[-83.351169,37.520544],[-83.351138,37.520607],[-83.351119,37.520642],[-83.35112,37.520655],[-83.351192,37.520833],[-83.351219,37.520954],[-83.351235,37.521123],[-83.351241,37.521309],[-83.351229,37.521407],[-83.351206,37.521508],[-83.351189,37.521559],[-83.351117,37.5217],[-83.351013,37.521854],[-83.350959,37.521922],[-83.350886,37.521992],[-83.350681,37.522126]]}},{"type":"Feature","properties":{"osm_id":1157789469,"highway":"residential","name":null,"alt_name":null,"official_name":null,"surface":null,"tracktype":null,"service":null,"access":null,"motor_vehicle":null,"foot":null,"tiger_reviewed":null,"rrgh_part":0,"rrgh_tile_part":0},"geometry":{"type":"LineString","coordinates":[[-83.3524239,37.5202393],[-83.3523577,37.5202243],[-83.3523246,37.5201605],[-83.3522466,37.5199824],[-83.3521828,37.5198774],[-83.3520787,37.5198098],[-83.3519818,37.5198098],[-83.3519542,37.5198173],[-83.3518707,37.5198398],[-83.3516532,37.5198942],[-83.3515361,37.5199216]]}},{"type":"Feature","properties":{"osm_id":1157789470,"highway":"residential","name":null,"alt_name":null,"official_name":null,"surface":null,"tracktype":null,"service":null,"access":null,"motor_vehicle":null,"foot":null,"tiger_reviewed":null,"rrgh_part":0,"rrgh_tile_part":0},"geometry":{"type":"LineString","coordinates":[[-83.3519542,37.5198173],[-83.3519558,37.5197255],[-83.3519463,37.5196486]]}},{"type":"Feature","properties":{"osm_id":1157789471,"highway":"residential","name":null,"alt_name":null,"official_name":null,"surface":null,"tracktype":null,"service":null,"access":null,"motor_vehicle":null,"foot":null,"tiger_reviewed":null,"rrgh_part":0,"rrgh_tile_part":0},"geometry":{"type":"LineString","coordinates":[[-83.3503896,37.518267],[-83.350678,37.5180755],[-83.3508032,37.5180315],[-83.350912,37.5180348],[-83.3509695,37.5181243],[-83.3510331,37.5182448]]}},{"type":"Feature","properties":{"osm_id":1157789473,"highway":"residential","name":null,"alt_name":null,"official_name":null,"surface":null,"tracktype":null,"service":null,"access":null,"motor_vehicle":null,"foot":null,"tiger_reviewed":null,"rrgh_part":0,"rrgh_tile_part":0},"geometry":{"type":"LineString","coordinates":[[-83.349458,37.5173298],[-83.3496661,37.5171407]]}},{"type":"Feature","properties":{"osm_id":1157789474,"highway":"residential","name":null,"alt_name":null,"official_name":null,"surface":null,"tracktype":null,"service":null,"access":null,"motor_vehicle":null,"foot":null,"tiger_reviewed":null,"rrgh_part":0,"rrgh_tile_part":0},"geometry":{"type":"LineString","coordinates":[[-83.3498826,37.5177227],[-83.3502122,37.5175121]]}},{"type":"Feature","properties":{"osm_id":16105418,"highway":"residential","name":null,"alt_name":null,"official_name":null,"surface":null,"tracktype":null,"service":null,"access":null,"motor_vehicle":null,"foot":null,"tiger_reviewed":"no","rrgh_part":0,"rrgh_tile_part":0},"geometry":{"type":"LineString","coordinates":[[-83.35171,37.520765],[-83.351671,37.520754],[-83.351533,37.520727],[-83.351417,37.520697],[-83.3513,37.520638],[-83.351169,37.520544],[-83.35105,37.520455],[-83.350996,37.520427],[-83.350938,37.520409],[-83.350886,37.520404],[-83.350847,37.520407],[-83.350727,37.520445],[-83.350684,37.520466],[-83.35053,37.520561],[-83.350425,37.520646],[-83.350309,37.520727],[-83.350212,37.520769],[-83.350107,37.520824],[-83.349967,37.520939],[-83.349932,37.520985],[-83.349887,37.521084],[-83.349855,37.521193],[-83.349838,37.521291],[-83.34973,37.521463],[-83.349534,37.52163],[-83.349445,37.521683],[-83.349336,37.521718],[-83.349012,37.521775],[-83.34888,37.521788],[-83.348744,37.521779],[-83.348638,37.521752],[-83.348539,37.521704],[-83.348329,37.521564],[-83.348205,37.521495],[-83.348138,37.521472],[-83.347991,37.521439],[-83.347835,37.521394],[-83.347764,37.521362],[-83.347636,37.521285],[-83.347527,37.521189],[-83.34748,37.521136],[-83.347398,37.52102],[-83.347363,37.520959],[-83.347267,37.520749],[-83.347233,37.520636]]}},{"type":"Feature","properties":{"osm_id":16105421,"highway":"residential","name":null,"alt_name":null,"official_name":null,"surface":null,"tracktype":null,"service":null,"access":null,"motor_vehicle":null,"foot":null,"tiger_reviewed":"no","rrgh_part":0,"rrgh_tile_part":0},"geometry":{"type":"LineString","coordinates":[[-83.349021,37.523481],[-83.349107,37.523606],[-83.349916,37.524771]]}},{"type":"Feature","properties":{"osm_id":16112395,"highway":"residential","name":"Beverly Heights","alt_name":null,"official_name":null,"surface":null,"tracktype":null,"service":null,"access":null,"motor_vehicle":null,"foot":null,"tiger_reviewed":"no","rrgh_part":0,"rrgh_tile_part":0},"geometry":{"type":"LineString","coordinates":[[-83.348446,37.516895],[-83.348428,37.516915],[-83.348277,37.517063],[-83.348069,37.517246],[-83.348035,37.517258],[-83.347987,37.517264],[-83.347944,37.517249],[-83.347926,37.517231],[-83.347896,37.517178],[-83.347823,37.516921],[-83.347787,37.516868],[-83.347761,37.516844],[-83.347654,37.516785],[-83.347577,37.516759],[-83.34745,37.51673],[-83.347353,37.516726],[-83.347304,37.516741],[-83.347282,37.516757],[-83.347252,37.516797],[-83.347234,37.516846],[-83.347059,37.51764],[-83.347045,37.517735],[-83.347052,37.5178],[-83.347088,37.517909]]}},{"type":"Feature","properties":{"osm_id":16112754,"highway":"residential","name":"Wesley Drive","alt_name":null,"official_name":null,"surface":null,"tracktype":null,"service":null,"access":null,"motor_vehicle":null,"foot":null,"tiger_reviewed":"no","rrgh_part":0,"rrgh_tile_part":0},"geometry":{"type":"LineString","coordinates":[[-83.348654,37.516714],[-83.348492,37.51685],[-83.348446,37.516895]]}},{"type":"Feature","properties":{"osm_id":16109083,"highway":"residential","name":"Hutch Lane","alt_name":null,"official_name":null,"surface":null,"tracktype":null,"service":null,"access":null,"motor_vehicle":null,"foot":null,"tiger_reviewed":null,"rrgh_part":0,"rrgh_tile_part":0},"geometry":{"type":"LineString","coordinates":[[-83.345936,37.524793],[-83.345891,37.524736],[-83.345548,37.524393],[-83.345445,37.524297],[-83.345368,37.5242],[-83.345338,37.524171],[-83.3453,37.524155],[-83.345262,37.524152],[-83.345228,37.524164],[-83.345202,37.524189],[-83.345163,37.524299],[-83.345142,37.524337],[-83.345113,37.524373],[-83.345071,37.524403],[-83.345018,37.524429],[-83.344957,37.524451],[-83.344758,37.524489],[-83.344617,37.524507],[-83.344122,37.524534],[-83.344025,37.524549],[-83.343899,37.52458],[-83.343827,37.524589],[-83.343764,37.524583],[-83.343702,37.524564],[-83.343599,37.524512],[-83.343496,37.524441],[-83.343467,37.524415],[-83.343446,37.524387],[-83.343422,37.524332],[-83.34342,37.524289],[-83.343426,37.524275],[-83.343442,37.524261]]}},{"type":"Feature","properties":{"osm_id":16112826,"highway":"residential","name":"Paso Lane","alt_name":null,"official_name":null,"surface":null,"tracktype":null,"service":null,"access":null,"motor_vehicle":null,"foot":null,"tiger_reviewed":"no","rrgh_part":0,"rrgh_tile_part":0},"geometry":{"type":"LineString","coordinates":[[-83.347629,37.524037],[-83.347766,37.524072],[-83.348083,37.524183],[-83.348157,37.524217],[-83.348225,37.524258],[-83.348314,37.524341],[-83.3485,37.524566]]}}],"rrgh_tile":{"id":"r1c7","bounds":[37.45,-83.42,37.525000000000006,-83.33500000000001]}}
