{"type":"FeatureCollection","features":[{"type":"Feature","properties":{"osm_id":16269910,"highway":"residential","name":"Long Branch Road","alt_name":null,"official_name":null,"surface":null,"tracktype":null,"service":null,"access":null,"motor_vehicle":null,"foot":null,"tiger_reviewed":"no","rrgh_part":0,"rrgh_tile_part":0},"geometry":{"type":"LineString","coordinates":[[-83.7296128,37.5353757],[-83.7293725,37.5353149],[-83.7291068,37.5352955],[-83.7289726,37.5353302],[-83.7288324,37.535373],[-83.7285425,37.5354528],[-83.728302,37.535535],[-83.728036,37.535762],[-83.727837,37.535963],[-83.727602,37.536231],[-83.727466,37.536358],[-83.727393,37.536416],[-83.727144,37.536576],[-83.72693,37.53678],[-83.726726,37.536996],[-83.726557,37.537208],[-83.726428,37.537345],[-83.726211,37.537528],[-83.726128,37.537575],[-83.726048,37.537608],[-83.725937,37.537641],[-83.725725,37.537678],[-83.725518,37.537683],[-83.725419,37.537666],[-83.725323,37.537637],[-83.724986,37.537479],[-83.7249,37.537452],[-83.724813,37.537435],[-83.724627,37.537431],[-83.723825,37.537536],[-83.722995,37.537666],[-83.721949,37.537878],[-83.721813,37.537918],[-83.721758,37.537956],[-83.721707,37.537999],[-83.721634,37.538116],[-83.721621,37.538182],[-83.721627,37.53825],[-83.721683,37.538377],[-83.722043,37.538924],[-83.7221,37.539064],[-83.722159,37.539272],[-83.722159,37.53934],[-83.722128,37.539471],[-83.722047,37.539656],[-83.721886,37.539958],[-83.721854,37.540103],[-83.721883,37.540263],[-83.722008,37.5405537],[-83.722043,37.540635],[-83.722117,37.540866],[-83.722143,37.541019],[-83.722145,37.541099],[-83.722113,37.541257],[-83.722078,37.541333],[-83.721718,37.541904],[-83.721661,37.541979],[-83.721524,37.542121],[-83.721369,37.542216],[-83.721054,37.542322],[-83.720791,37.542399],[-83.720704,37.542435],[-83.720532,37.542551],[-83.720302,37.542734],[-83.72015,37.542837],[-83.719997,37.542919],[-83.71975,37.543006],[-83.719248,37.54314],[-83.718799,37.543318],[-83.718633,37.543409],[-83.718555,37.543463],[-83.718278,37.543689],[-83.718206,37.543737],[-83.718056,37.543822],[-83.717831,37.54393],[-83.717441,37.544103],[-83.716972,37.544288],[-83.71667,37.544377],[-83.716486,37.544405],[-83.716237,37.544416],[-83.716158,37.544412],[-83.716,37.544387],[-83.71572,37.54431],[-83.715607,37.544219],[-83.715393,37.543917],[-83.715333,37.543859],[-83.715268,37.54381],[-83.715131,37.543736],[-83.715048,37.543712],[-83.714972,37.543708]]}},{"type":"Feature","properties":{"osm_id":16269108,"highway":"residential","name":"Tincher Hill Road","alt_name":null,"official_name":null,"surface":null,"tracktype":null,"service":null,"access":null,"motor_vehicle":null,"foot":null,"tiger_reviewed":"no","rrgh_part":0,"rrgh_tile_part":0},"geometry":{"type":"LineString","coordinates":[[-83.74924665086206,37.525000000000006],[-83.749229,37.525035],[-83.749172,37.525184],[-83.749076,37.525703],[-83.74908,37.526076],[-83.749153,37.526541],[-83.749189,37.526713],[-83.749258,37.526874],[-83.7494,37.527109],[-83.749624,37.527405],[-83.749946,37.527789]]}},{"type":"Feature","properties":{"osm_id":16269057,"highway":"residential","name":"Cr-1212","alt_name":null,"official_name":null,"surface":null,"tracktype":null,"service":null,"access":null,"motor_vehicle":null,"foot":null,"tiger_reviewed":"no","rrgh_part":0,"rrgh_tile_part":0},"geometry":{"type":"LineString","coordinates":[[-83.749946,37.527789],[-83.7503501,37.5282408],[-83.750412,37.52831],[-83.750564,37.528433],[-83.750895,37.528664],[-83.751077,37.528868],[-83.751155,37.529016],[-83.75122,37.529169],[-83.751338,37.529377],[-83.751366,37.529448],[-83.751415,37.52967],[-83.751414,37.529823],[-83.751388,37.529972],[-83.751324,37.530189],[-83.751246,37.530392],[-83.751164,37.530514],[-83.750774,37.530939],[-83.750635,37.531151],[-83.750601,37.531228],[-83.750583,37.53131],[-83.750589,37.531397],[-83.750617,37.531478],[-83.750794,37.531813],[-83.750912,37.532071],[-83.751042,37.532405],[-83.751087,37.532656],[-83.751102,37.532947],[-83.751128,37.533451],[-83.751167,37.533809],[-83.751192,37.533905],[-83.751253,37.53409],[-83.751302,37.534174],[-83.751681,37.534689],[-83.751753,37.534823],[-83.751771,37.534893],[-83.751761,37.53504],[-83.751733,37.535111],[-83.751659,37.535248],[-83.7516,37.535319],[-83.751462,37.535562],[-83.751403,37.535719],[-83.751326,37.536015]]}},{"type":"Feature","properties":{"osm_id":1370681840,"highway":"service","name":null,"alt_name":null,"official_name":null,"surface":null,"tracktype":null,"service":null,"access":null,"motor_vehicle":null,"foot":null,"tiger_reviewed":null,"rrgh_part":0,"rrgh_tile_part":0},"geometry":{"type":"LineString","coordinates":[[-83.7521209,37.5266921],[-83.7514455,37.52679],[-83.7512418,37.5268836],[-83.7511238,37.5270325],[-83.7503501,37.5282408]]}},{"type":"Feature","properties":{"osm_id":16268930,"highway":"service","name":null,"alt_name":null,"official_name":null,"surface":null,"tracktype":null,"service":null,"access":null,"motor_vehicle":null,"foot":null,"tiger_reviewed":"no","rrgh_part":0,"rrgh_tile_part":0},"geometry":{"type":"LineString","coordinates":[[-83.7356456069733,37.525000000000006],[-83.7349243,37.5252689],[-83.734782,37.525322],[-83.7331693,37.5258469]]}},{"type":"Feature","properties":{"osm_id":16269843,"highway":"residential","name":"Caudill Road","alt_name":null,"official_name":null,"surface":null,"tracktype":null,"service":null,"access":null,"motor_vehicle":null,"foot":null,"tiger_reviewed":"no","rrgh_part":0,"rrgh_tile_part":0},"geometry":{"type":"LineString","coordinates":[[-83.72559889655172,37.525000000000006],[-83.725472,37.525115],[-83.72516,37.525424],[-83.725043,37.525575],[-83.724688,37.526092],[-83.724261,37.526744],[-83.72409,37.52704],[-83.724057,37.527177],[-83.724064,37.527244],[-83.724096,37.527318],[-83.724144,37.527392],[-83.724389,37.527726],[-83.724436,37.52782],[-83.72452,37.52811],[-83.724529,37.528923],[-83.724505,37.52909],[-83.724417,37.52938],[-83.724413,37.529441],[-83.724423,37.529501],[-83.724468,37.529604],[-83.72471,37.529935],[-83.72485,37.530167]]}},{"type":"Feature","properties":{"osm_id":1232564583,"highway":"service","name":null,"alt_name":null,"official_name":null,"surface":null,"tracktype":null,"service":null,"access":null,"motor_vehicle":null,"foot":null,"tiger_reviewed":null,"rrgh_part":0,"rrgh_tile_part":0},"geometry":{"type":"LineString","coordinates":[[-83.7406361,37.5265105],[-83.7401588,37.5267018],[-83.739837,37.5269314],[-83.7393275,37.5274289],[-83.7391612,37.5274927],[-83.738995,37.5275224],[-83.7389038,37.5275905],[-83.7385981,37.5279986],[-83.7385015,37.5281007],[-83.7383514,37.5282027],[-83.73811,37.5283175],[-83.7379009,37.5283856],[-83.7373216,37.5284961],[-83.7370642,37.5285769],[-83.7368497,37.528679],[-83.7365815,37.5288618],[-83.7365011,37.5288873],[-83.7364045,37.5288873],[-83.7357127,37.528781],[-83.7355196,37.5287342],[-83.7354016,37.5286577],[-83.7353212,37.5285216],[-83.7353212,37.5283983],[-83.7353748,37.528275],[-83.7355625,37.5279689],[-83.7356805,37.5277393],[-83.7356966,37.527599],[-83.7356591,37.5274927],[-83.7355786,37.5273481],[-83.7354821,37.5272461],[-83.7350369,37.5270547],[-83.7346454,37.5269187],[-83.734565,37.5268761],[-83.7342861,37.526587],[-83.7342914,37.5264637],[-83.7344202,37.5262128],[-83.7345006,37.5261321],[-83.7347956,37.5259662],[-83.7348814,37.5258727],[-83.7349457,37.5255921],[-83.7349243,37.5252689]]}},{"type":"Feature","properties":{"osm_id":16270163,"highway":"service","name":"Barch Cemetery Road","alt_name":null,"official_name":null,"surface":null,"tracktype":null,"service":null,"access":"private","motor_vehicle":null,"foot":null,"tiger_reviewed":"no","rrgh_part":0,"rrgh_tile_part":0},"geometry":{"type":"LineString","coordinates":[[-83.7326541,37.5272617],[-83.73239,37.527178],[-83.732241,37.527225],[-83.732158,37.527242],[-83.731942,37.527238],[-83.7318,37.527288],[-83.731735,37.527298],[-83.731667,37.527298],[-83.73149,37.527275],[-83.730966,37.527246],[-83.730821,37.52726],[-83.730663,37.527301],[-83.73053,37.527306],[-83.730498,37.527332],[-83.730493,37.527374],[-83.730561,37.527581],[-83.730575,37.527699],[-83.730567,37.527789],[-83.730527,37.527858]]}},{"type":"Feature","properties":{"osm_id":1232564584,"highway":"service","name":null,"alt_name":null,"official_name":null,"surface":null,"tracktype":null,"service":null,"access":null,"motor_vehicle":null,"foot":null,"tiger_reviewed":null,"rrgh_part":0,"rrgh_tile_part":0},"geometry":{"type":"LineString","coordinates":[[-83.7349457,37.5255921],[-83.7349994,37.5256218],[-83.7350476,37.5256941],[-83.7351013,37.5258854]]}},{"type":"Feature","properties":{"osm_id":16269021,"highway":"residential","name":"Smith Branch Road","alt_name":null,"official_name":null,"surface":null,"tracktype":null,"service":null,"access":null,"motor_vehicle":null,"foot":null,"tiger_reviewed":"no","rrgh_part":0,"rrgh_tile_part":0},"geometry":{"type":"LineString","coordinates":[[-83.754374,37.534973],[-83.754582,37.53512],[-83.754827,37.535317],[-83.754971,37.535416],[-83.755068,37.535463],[-83.755179,37.535469],[-83.755344,37.535458],[-83.755516,37.535423],[-83.755624,37.535384],[-83.755962,37.535225],[-83.756247,37.535128],[-83.756362,37.53507],[-83.756454,37.534997],[-83.756774,37.534639],[-83.757031,37.534381],[-83.757073,37.534301],[-83.757084,37.534206],[-83.757053,37.534036],[-83.75701,37.533959],[-83.756878,37.533838],[-83.756812,37.533741],[-83.75677,37.533644],[-83.756736,37.533459],[-83.756747,37.53341],[-83.756844,37.533333],[-83.757039,37.533275],[-83.757208,37.533197],[-83.75727,37.533139],[-83.757322,37.533058],[-83.757603,37.532581],[-83.757668,37.532435],[-83.757699,37.532392]]}},{"type":"Feature","properties":{"osm_id":968775983,"highway":"track","name":null,"alt_name":null,"official_name":null,"surface":null,"tracktype":null,"service":null,"access":null,"motor_vehicle":null,"foot":null,"tiger_reviewed":null,"rrgh_part":0,"rrgh_tile_part":0},"geometry":{"type":"LineString","coordinates":[[-83.750808,37.541854],[-83.7512208,37.5419316],[-83.7516965,37.5420465],[-83.7521633,37.5422873],[-83.7524465,37.5424328],[-83.7527093,37.5424382],[-83.7532259,37.5424202],[-83.7536677,37.5422801],[-83.7542998,37.5420501],[-83.754882,37.5418687],[-83.755186,37.5418005],[-83.7555255,37.5416082],[-83.7556978,37.541576],[-83.7558336,37.5415507],[-83.7562935,37.5416495],[-83.7565495,37.5417681],[-83.756792,37.5421256],[-83.7568939,37.542316],[-83.7568939,37.5428226],[-83.7569007,37.5430956],[-83.7567263,37.5433112],[-83.7563683,37.543437],[-83.7558268,37.5437046],[-83.7556999,37.543913],[-83.7556501,37.5440909],[-83.7557181,37.5442489],[-83.7558404,37.5443423],[-83.7560806,37.5443962],[-83.7564725,37.5443729],[-83.7570457,37.5443154],[-83.7576665,37.5440639],[-83.7580426,37.5439292],[-83.7581995,37.543906],[-83.7582737,37.543895],[-83.758566,37.5439867],[-83.7586996,37.5441088],[-83.7588175,37.5442921],[-83.7589194,37.5444861],[-83.7590757,37.54461],[-83.7592593,37.544698],[-83.759547,37.544804],[-83.75988,37.5450429],[-83.7599834,37.5451493],[-83.76,37.54516638467154]]}},{"type":"Feature","properties":{"osm_id":1266603204,"highway":"track","name":null,"alt_name":null,"official_name":null,"surface":null,"tracktype":null,"service":null,"access":null,"motor_vehicle":null,"foot":null,"tiger_reviewed":null,"rrgh_part":0,"rrgh_tile_part":0},"geometry":{"type":"LineString","coordinates":[[-83.7581995,37.543906],[-83.758572,37.5434033],[-83.7587337,37.5432478],[-83.7588409,37.5430491],[-83.7591995,37.5425862],[-83.7593846,37.5424182],[-83.7597976,37.5421459],[-83.7599478,37.5419864],[-83.76,37.54187789763224]]}},{"type":"Feature","properties":{"osm_id":1266603202,"highway":"track","name":null,"alt_name":null,"official_name":null,"surface":null,"tracktype":null,"service":null,"access":null,"motor_vehicle":null,"foot":null,"tiger_reviewed":null,"rrgh_part":0,"rrgh_tile_part":0},"geometry":{"type":"LineString","coordinates":[[-83.7556978,37.541576],[-83.7559588,37.5411286],[-83.7559911,37.5410732],[-83.7560908,37.5407148],[-83.7566246,37.5405004],[-83.756888,37.5402182],[-83.7572439,37.5396453],[-83.7576389,37.5393377],[-83.7580517,37.5392023],[-83.7581727,37.5390386],[-83.7582262,37.5387823],[-83.7585239,37.5386101],[-83.7588538,37.5384612],[-83.7590013,37.538291],[-83.7589745,37.5378274],[-83.7589799,37.5375509],[-83.7591649,37.537151],[-83.7593232,37.5369617],[-83.759409,37.5368852],[-83.7596102,37.5367427],[-83.7598087,37.5367895],[-83.759873,37.5368852],[-83.76,37.537224092015244]]}},{"type":"Feature","properties":{"osm_id":1266603203,"highway":"track","name":null,"alt_name":null,"official_name":null,"surface":null,"tracktype":null,"service":null,"access":null,"motor_vehicle":null,"foot":null,"tiger_reviewed":null,"rrgh_part":0,"rrgh_tile_part":0},"geometry":{"type":"LineString","coordinates":[[-83.7560908,37.5407148],[-83.7558303,37.5400574],[-83.7555755,37.539832],[-83.7553341,37.5398022],[-83.7551624,37.5397852],[-83.7553582,37.5402297],[-83.7556908,37.5408528],[-83.7558034,37.5410336],[-83.7559588,37.5411286]]}},{"type":"Feature","properties":{"osm_id":1266603205,"highway":"track","name":null,"alt_name":null,"official_name":null,"surface":null,"tracktype":null,"service":null,"access":null,"motor_vehicle":null,"foot":null,"tiger_reviewed":null,"rrgh_part":0,"rrgh_tile_part":0},"geometry":{"type":"LineString","coordinates":[[-83.7599834,37.5451493],[-83.76,37.545142838511026]]}},{"type":"Feature","properties":{"osm_id":16268440,"highway":"service","name":null,"alt_name":null,"official_name":null,"surface":null,"tracktype":null,"service":null,"access":"private","motor_vehicle":null,"foot":null,"tiger_reviewed":"no","rrgh_part":0,"rrgh_tile_part":0},"geometry":{"type":"LineString","coordinates":[[-83.751102,37.532947],[-83.752043,37.532962]]}},{"type":"Feature","properties":{"osm_id":16268687,"highway":"residential","name":null,"alt_name":null,"official_name":null,"surface":null,"tracktype":null,"service":null,"access":null,"motor_vehicle":null,"foot":null,"tiger_reviewed":"no","rrgh_part":0,"rrgh_tile_part":0},"geometry":{"type":"LineString","coordinates":[[-83.742247,37.534341],[-83.742576,37.534234],[-83.742885,37.534136],[-83.743185,37.534021],[-83.743468,37.53382]]}},{"type":"Feature","properties":{"osm_id":16268947,"highway":"residential","name":"Monroe Land Road","alt_name":null,"official_name":null,"surface":null,"tracktype":null,"service":null,"access":null,"motor_vehicle":null,"foot":null,"tiger_reviewed":"no","rrgh_part":0,"rrgh_tile_part":0},"geometry":{"type":"LineString","coordinates":[[-83.740371,37.534161],[-83.740498,37.534305],[-83.740553,37.534348],[-83.740609,37.534373],[-83.740695,37.53439],[-83.740729,37.534396],[-83.740954,37.534392],[-83.741096,37.534378],[-83.741595,37.534249],[-83.741745,37.534197],[-83.741892,37.534166],[-83.742024,37.534164],[-83.742075,37.53418],[-83.742152,37.534234],[-83.742247,37.534341],[-83.742476,37.534596],[-83.742531,37.534684],[-83.742557,37.534763],[-83.742571,37.534898],[-83.742573,37.535225],[-83.742532,37.535849],[-83.742542,37.535978],[-83.742578,37.536104],[-83.742645,37.536221],[-83.74274,37.536319],[-83.743006,37.536504]]}},{"type":"Feature","properties":{"osm_id":16269955,"highway":"residential","name":"Short Hollow Road","alt_name":null,"official_name":null,"surface":null,"tracktype":null,"service":null,"access":null,"motor_vehicle":null,"foot":null,"tiger_reviewed":"no","rrgh_part":0,"rrgh_tile_part":0},"geometry":{"type":"LineString","coordinates":[[-83.745486,37.536607],[-83.745488,37.536705],[-83.745542,37.537199],[-83.74554,37.537447],[-83.74551,37.537895],[-83.745506,37.538223],[-83.745534,37.538363],[-83.745561,37.538438],[-83.745637,37.538587],[-83.745741,37.538728],[-83.74587,37.538851],[-83.746188,37.539093],[-83.746265,37.539161],[-83.7464,37.539308],[-83.746449,37.539386],[-83.746481,37.539468],[-83.746506,37.539635],[-83.746494,37.539793],[-83.746437,37.539934],[-83.746333,37.54006],[-83.746265,37.540115],[-83.746186,37.54016],[-83.746009,37.540226],[-83.745455,37.540397],[-83.745095,37.540536],[-83.74493,37.540626],[-83.744863,37.540681],[-83.744809,37.540742],[-83.744771,37.540807],[-83.74475,37.54094],[-83.744763,37.541006],[-83.744794,37.541067],[-83.744882,37.541178],[-83.7451,37.541399],[-83.745355,37.541711],[-83.745407,37.541788],[-83.745633,37.54205],[-83.745698,37.542201],[-83.745713,37.542275],[-83.745732,37.542516],[-83.745714,37.542954],[-83.745683,37.543135],[-83.745622,37.543322],[-83.745572,37.543409],[-83.745509,37.543491],[-83.745366,37.543634],[-83.745187,37.543783],[-83.74485,37.544005],[-83.744636,37.54409],[-83.744424,37.544151],[-83.744314,37.54417],[-83.74409,37.544192],[-83.743755,37.544214],[-83.742984,37.544221],[-83.742766,37.54427],[-83.742663,37.544308],[-83.742569,37.544357],[-83.742496,37.544416],[-83.742452,37.54448],[-83.742428,37.544553],[-83.742426,37.544628],[-83.742456,37.544782],[-83.74254,37.544917],[-83.7425847,37.5449736],[-83.742876,37.545342],[-83.743006,37.5456],[-83.743027,37.545693],[-83.743031,37.545879],[-83.743015,37.545967],[-83.742948,37.546125],[-83.742832,37.546339],[-83.742775,37.546486],[-83.742762,37.546564],[-83.742764,37.546727],[-83.742821,37.546887],[-83.74287,37.54696],[-83.742933,37.547024],[-83.743093,37.547126],[-83.743289,37.547191],[-83.743585,37.547262],[-83.743757,37.547318],[-83.743899,37.547394],[-83.74396,37.547446],[-83.744051,37.547574],[-83.744082,37.547645],[-83.744094,37.547718],[-83.744098,37.547791],[-83.744079,37.547861],[-83.74404,37.547926],[-83.743987,37.547981],[-83.743862,37.548063]]}},{"type":"Feature","properties":{"osm_id":16269098,"highway":"residential","name":"Cr-1266","alt_name":null,"official_name":null,"surface":null,"tracktype":null,"service":null,"access":null,"motor_vehicle":null,"foot":null,"tiger_reviewed":"no","rrgh_part":0,"rrgh_tile_part":0},"geometry":{"type":"LineString","coordinates":[[-83.749325,37.538236],[-83.749092,37.53768],[-83.749033,37.537541]]}},{"type":"Feature","properties":{"osm_id":16269217,"highway":"residential","name":"Southside Elementary School","alt_name":null,"official_name":null,"surface":null,"tracktype":null,"service":null,"access":null,"motor_vehicle":null,"foot":null,"tiger_reviewed":"no","rrgh_part":0,"rrgh_tile_part":0},"geometry":{"type":"LineString","coordinates":[[-83.749477,37.538141],[-83.749325,37.538236],[-83.749412,37.538375],[-83.749491,37.538422],[-83.749553,37.53843],[-83.749616,37.538419],[-83.749667,37.538391],[-83.749698,37.538355],[-83.749711,37.538314],[-83.749693,37.538247],[-83.749617,37.53817],[-83.749548,37.538133],[-83.749477,37.538141]]}},{"type":"Feature","properties":{"osm_id":16270423,"highway":"residential","name":"Bull Mt Road","alt_name":null,"official_name":null,"surface":null,"tracktype":null,"service":null,"access":null,"motor_vehicle":null,"foot":null,"tiger_reviewed":"no","rrgh_part":0,"rrgh_tile_part":0},"geometry":{"type":"LineString","coordinates":[[-83.748785,37.536899],[-83.749033,37.537541]]}},{"type":"Feature","properties":{"osm_id":16270425,"highway":"residential","name":"Bull Mt Road","alt_name":null,"official_name":null,"surface":null,"tracktype":null,"service":null,"access":null,"motor_vehicle":null,"foot":null,"tiger_reviewed":"no","rrgh_part":0,"rrgh_tile_part":0},"geometry":{"type":"LineString","coordinates":[[-83.749033,37.537541],[-83.749008,37.537563],[-83.748945,37.537665],[-83.748867,37.537832],[-83.748625,37.53862],[-83.748618,37.538685],[-83.748626,37.53875],[-83.74867,37.538881],[-83.749253,37.540028],[-83.749343,37.540248],[-83.749423,37.540379],[-83.749477,37.540434],[-83.749667,37.540568],[-83.749715,37.540616],[-83.749873,37.54093],[-83.750109,37.541249],[-83.750417,37.541626],[-83.750469,37.541681],[-83.750532,37.541728],[-83.750598,37.541764],[-83.750808,37.541854]]}},{"type":"Feature","properties":{"osm_id":16268949,"highway":"residential","name":"Monroe Land Road","alt_name":null,"official_name":null,"surface":null,"tracktype":null,"service":null,"access":null,"motor_vehicle":null,"foot":null,"tiger_reviewed":"no","rrgh_part":0,"rrgh_tile_part":0},"geometry":{"type":"LineString","coordinates":[[-83.740356,37.534096],[-83.740371,37.534161],[-83.740204,37.534027],[-83.740196,37.533984],[-83.740245,37.533947],[-83.740278,37.533944],[-83.740336,37.533971],[-83.740354,37.534018],[-83.740356,37.534096]]}},{"type":"Feature","properties":{"osm_id":1370681838,"highway":"service","name":null,"alt_name":null,"official_name":null,"surface":null,"tracktype":null,"service":null,"access":null,"motor_vehicle":null,"foot":null,"tiger_reviewed":null,"rrgh_part":0,"rrgh_tile_part":0},"geometry":{"type":"LineString","coordinates":[[-83.7411198,37.5304997],[-83.7401759,37.5304955],[-83.7401438,37.5312102],[-83.7403904,37.5320951],[-83.740487,37.5327077],[-83.7404762,37.5334863],[-83.740336,37.533971]]}},{"type":"Feature","properties":{"osm_id":1370681839,"highway":"service","name":null,"alt_name":null,"official_name":null,"surface":null,"tracktype":null,"service":null,"access":null,"motor_vehicle":null,"foot":null,"tiger_reviewed":null,"rrgh_part":0,"rrgh_tile_part":0},"geometry":{"type":"LineString","coordinates":[[-83.7384491,37.5292702],[-83.7388138,37.5302742],[-83.7389103,37.5309124],[-83.7389318,37.5311932],[-83.738921,37.5314399],[-83.7392428,37.5323291],[-83.7394359,37.5325588],[-83.7395217,37.5327248],[-83.7396075,37.5330651],[-83.7396128,37.5333757],[-83.7396396,37.5335203],[-83.7396718,37.5335841],[-83.7397576,37.533682],[-83.740196,37.533984]]}},{"type":"Feature","properties":{"osm_id":16270426,"highway":"residential","name":"Rockie Hill Road","alt_name":null,"official_name":null,"surface":null,"tracktype":null,"service":null,"access":null,"motor_vehicle":null,"foot":null,"tiger_reviewed":"no","rrgh_part":0,"rrgh_tile_part":0},"geometry":{"type":"LineString","coordinates":[[-83.7306938,37.5324238],[-83.730882,37.532443],[-83.73093,37.532466],[-83.731173,37.532617],[-83.731265,37.53269],[-83.73134,37.532771],[-83.731403,37.532864],[-83.731565,37.533159],[-83.731652,37.53325],[-83.73177,37.533338],[-83.731903,37.533424],[-83.732175,37.533577],[-83.733175,37.53406],[-83.73382,37.53443],[-83.734184,37.534606],[-83.734492,37.53482],[-83.734564,37.534909],[-83.734606,37.534948]]}},{"type":"Feature","properties":{"osm_id":1370681837,"highway":"service","name":null,"alt_name":null,"official_name":null,"surface":null,"tracktype":null,"service":null,"access":null,"motor_vehicle":null,"foot":null,"tiger_reviewed":null,"rrgh_part":0,"rrgh_tile_part":0},"geometry":{"type":"LineString","coordinates":[[-83.7314049,37.5305576],[-83.7316117,37.5306326],[-83.7317886,37.5307559],[-83.7318637,37.530858],[-83.7318905,37.5309431],[-83.7318905,37.5310026],[-83.731794,37.5313259],[-83.7317565,37.531411],[-83.731719,37.5314918],[-83.7316707,37.5317768],[-83.7315796,37.5318321],[-83.7314777,37.5318661],[-83.7313491,37.5318874],[-83.7308958,37.5319103]]}},{"type":"Feature","properties":{"osm_id":16269118,"highway":"residential","name":"Silo Road","alt_name":null,"official_name":null,"surface":null,"tracktype":null,"service":null,"access":"yes","motor_vehicle":null,"foot":null,"tiger_reviewed":"no","rrgh_part":0,"rrgh_tile_part":0},"geometry":{"type":"LineString","coordinates":[[-83.7317144,37.5296993],[-83.732593,37.529937],[-83.732878,37.530091],[-83.733241,37.530249],[-83.733832,37.530449],[-83.733925,37.530469],[-83.733978,37.530468],[-83.734215,37.53041],[-83.734284,37.530424],[-83.734336,37.530446],[-83.734363,37.530476],[-83.734378,37.530531],[-83.7342024,37.5309481],[-83.7342144,37.531],[-83.7342496,37.5310359],[-83.7343081,37.5310593],[-83.73437,37.531053],[-83.734646,37.530979],[-83.73469,37.530974],[-83.73483,37.530986],[-83.734927,37.531011],[-83.735264,37.531151],[-83.7355193,37.5312468],[-83.7357385,37.5313766],[-83.7358898,37.5314961],[-83.7367009,37.53211]]}},{"type":"Feature","properties":{"osm_id":16270024,"highway":"residential","name":"Mays Subdivision Road","alt_name":null,"official_name":null,"surface":null,"tracktype":null,"service":null,"access":null,"motor_vehicle":null,"foot":null,"tiger_reviewed":"no","rrgh_part":0,"rrgh_tile_part":0},"geometry":{"type":"LineString","coordinates":[[-83.7289154,37.537577],[-83.7292066,37.5376117],[-83.72954,37.537662],[-83.729752,37.53776],[-83.730028,37.537935],[-83.730507,37.538293],[-83.730696,37.538388],[-83.73084,37.538429],[-83.731004,37.538454],[-83.731806,37.538532],[-83.732075,37.538546],[-83.73252,37.538516],[-83.73301,37.538444],[-83.733267,37.538369],[-83.734089,37.538014],[-83.734477,37.53786],[-83.734782,37.537715],[-83.735071,37.537549],[-83.735441,37.537289],[-83.735595,37.537146],[-83.735871,37.53684],[-83.736036,37.536702],[-83.736201,37.536603],[-83.736478,37.536495],[-83.736568,37.536431],[-83.736594,37.536389],[-83.736603,37.536344],[-83.736593,37.536298],[-83.736563,37.536256],[-83.736519,37.53622],[-83.736403,37.536164],[-83.736335,37.536144],[-83.736194,37.53612],[-83.736115,37.53612],[-83.736037,37.536132],[-83.735962,37.536155],[-83.735436,37.536398],[-83.7353,37.536446],[-83.73509,37.536489],[-83.734947,37.536493],[-83.734816,37.536479],[-83.734646,37.536419],[-83.734548,37.536344],[-83.734461,37.536242],[-83.734196,37.535811],[-83.734122,37.535727],[-83.734032,37.535672],[-83.733977,37.535653],[-83.733864,37.535637],[-83.733807,37.535647],[-83.733756,37.535667],[-83.733678,37.535735],[-83.733656,37.535779],[-83.733643,37.535826],[-83.733647,37.535929],[-83.733716,37.536264],[-83.733712,37.536301],[-83.733666,37.53638],[-83.733624,37.536415],[-83.733509,37.536474],[-83.733335,37.536525],[-83.733131,37.536578],[-83.732897,37.536615],[-83.732731,37.53662],[-83.732418,37.536584],[-83.732211,37.536525],[-83.731864,37.536389],[-83.731593,37.536238],[-83.731392,37.536093],[-83.730983,37.535765],[-83.730645,37.535528],[-83.730307,37.535331],[-83.7299907,37.5352484],[-83.7297025,37.5351901]]}},{"type":"Feature","properties":{"osm_id":16269423,"highway":"residential","name":"Short Hollow Sub Road","alt_name":null,"official_name":null,"surface":null,"tracktype":null,"service":null,"access":null,"motor_vehicle":null,"foot":null,"tiger_reviewed":"no","rrgh_part":0,"rrgh_tile_part":0},"geometry":{"type":"LineString","coordinates":[[-83.742973,37.549419],[-83.742931,37.549461],[-83.742763,37.549567],[-83.742534,37.549752],[-83.742391,37.549843],[-83.742229,37.549908],[-83.742141,37.549925],[-83.742047,37.549928],[-83.741698,37.549886],[-83.741426,37.549823],[-83.741246,37.549763],[-83.741162,37.549726],[-83.74085,37.549565],[-83.740699,37.549502],[-83.740271,37.549376],[-83.740149,37.54936],[-83.740093,37.549368],[-83.740046,37.549388],[-83.73998,37.549453],[-83.739816,37.549727],[-83.739694,37.549859],[-83.739529,37.549969],[-83.739207,37.550129],[-83.738934,37.550235],[-83.738798,37.550268],[-83.738659,37.550286],[-83.738523,37.550292],[-83.738387,37.550287],[-83.737951,37.550233]]}},{"type":"Feature","properties":{"osm_id":16270123,"highway":"residential","name":"Cr-1203","alt_name":null,"official_name":null,"surface":null,"tracktype":null,"service":null,"access":null,"motor_vehicle":null,"foot":null,"tiger_reviewed":"no","rrgh_part":0,"rrgh_tile_part":0},"geometry":{"type":"LineString","coordinates":[[-83.743862,37.548063],[-83.743545,37.54827],[-83.743394,37.548381],[-83.743326,37.548447],[-83.743274,37.548522],[-83.743197,37.54867],[-83.743061,37.549281],[-83.743032,37.549348],[-83.742973,37.549419]]}},{"type":"Feature","properties":{"osm_id":968775982,"highway":"service","name":null,"alt_name":null,"official_name":null,"surface":null,"tracktype":null,"service":null,"access":null,"motor_vehicle":null,"foot":null,"tiger_reviewed":null,"rrgh_part":0,"rrgh_tile_part":0},"geometry":{"type":"LineString","coordinates":[[-83.7425847,37.5449736],[-83.7423549,37.5450007],[-83.7421057,37.5449573],[-83.7418655,37.544938],[-83.7415585,37.5450079],[-83.7413397,37.5450007],[-83.7410691,37.5449453],[-83.740756,37.5448248],[-83.740373,37.5447621],[-83.7399931,37.5446247],[-83.7398654,37.5444632],[-83.7398107,37.5443066],[-83.7397377,37.5442295]]}},{"type":"Feature","properties":{"osm_id":16269958,"highway":"residential","name":"Short Hollow Road","alt_name":null,"official_name":null,"surface":null,"tracktype":null,"service":null,"access":null,"motor_vehicle":null,"foot":null,"tiger_reviewed":"no","rrgh_part":0,"rrgh_tile_part":0},"geometry":{"type":"LineString","coordinates":[[-83.742973,37.549419],[-83.742994,37.549496],[-83.743001,37.549578],[-83.743111,37.549794]]}},{"type":"Feature","properties":{"osm_id":968775956,"highway":"service","name":null,"alt_name":null,"official_name":null,"surface":null,"tracktype":null,"service":null,"access":null,"motor_vehicle":null,"foot":null,"tiger_reviewed":null,"rrgh_part":0,"rrgh_tile_part":0},"geometry":{"type":"LineString","coordinates":[[-83.7288776,37.5440806],[-83.7291687,37.5441351],[-83.7293156,37.5442269],[-83.7294314,37.5442695],[-83.7296969,37.5442717],[-83.7301347,37.5442986],[-83.7306204,37.5443479],[-83.7308633,37.5443658],[-83.7310074,37.5443277],[-83.7312559,37.5442135],[-83.731849,37.5439425],[-83.7321032,37.5438888]]}},{"type":"Feature","properties":{"osm_id":16269281,"highway":"service","name":"Baker Bar Road","alt_name":null,"official_name":null,"surface":null,"tracktype":null,"service":null,"access":null,"motor_vehicle":null,"foot":null,"tiger_reviewed":"no","rrgh_part":0,"rrgh_tile_part":0},"geometry":{"type":"LineString","coordinates":[[-83.728323,37.544744],[-83.728693,37.544939],[-83.729309,37.545191],[-83.729375,37.545225],[-83.729399,37.545247],[-83.729426,37.545308],[-83.729429,37.545343],[-83.729322,37.545867],[-83.729303,37.546032],[-83.729297,37.546252],[-83.729322,37.546573],[-83.729374,37.546816],[-83.729415,37.54691],[-83.72947,37.546997],[-83.729618,37.547178],[-83.729764,37.547308],[-83.730184,37.547643],[-83.730308,37.547761],[-83.730406,37.547899],[-83.730436,37.54797],[-83.730442,37.548017]]}},{"type":"Feature","properties":{"osm_id":968775957,"highway":"service","name":null,"alt_name":null,"official_name":null,"surface":null,"tracktype":null,"service":null,"access":null,"motor_vehicle":null,"foot":null,"tiger_reviewed":null,"rrgh_part":0,"rrgh_tile_part":0},"geometry":{"type":"LineString","coordinates":[[-83.730442,37.548017],[-83.7303298,37.5482444],[-83.7301835,37.5485402],[-83.7301226,37.5488611],[-83.7300933,37.5489926],[-83.7301201,37.5492381],[-83.7301153,37.5493792],[-83.7300153,37.5494585]]}},{"type":"Feature","properties":{"osm_id":968775958,"highway":"service","name":null,"alt_name":null,"official_name":null,"surface":null,"tracktype":null,"service":null,"access":null,"motor_vehicle":null,"foot":null,"tiger_reviewed":null,"rrgh_part":0,"rrgh_tile_part":0},"geometry":{"type":"LineString","coordinates":[[-83.7301226,37.5488611],[-83.730199,37.5490297],[-83.7303724,37.5491905],[-83.730621,37.5492968],[-83.7310103,37.5493876]]}},{"type":"Feature","properties":{"osm_id":1229654021,"highway":"residential","name":"Old Beattyville Road","alt_name":null,"official_name":null,"surface":null,"tracktype":null,"service":null,"access":null,"motor_vehicle":null,"foot":null,"tiger_reviewed":"no","rrgh_part":0,"rrgh_tile_part":0},"geometry":{"type":"LineString","coordinates":[[-83.7288419,37.5423296],[-83.7288101,37.5426415],[-83.7287979,37.5428636],[-83.72891,37.54315],[-83.728958,37.543307],[-83.72898,37.543415],[-83.728987,37.543576],[-83.728982,37.543682],[-83.728959,37.543841],[-83.728911,37.543997],[-83.7288776,37.5440806],[-83.728851,37.544147],[-83.728764,37.544291],[-83.728664,37.544428],[-83.728533,37.544565],[-83.728323,37.544744],[-83.728258,37.544794]]}},{"type":"Feature","properties":{"osm_id":968775979,"highway":"service","name":null,"alt_name":null,"official_name":null,"surface":null,"tracktype":null,"service":null,"access":null,"motor_vehicle":null,"foot":null,"tiger_reviewed":null,"rrgh_part":0,"rrgh_tile_part":0},"geometry":{"type":"LineString","coordinates":[[-83.7310103,37.5493876],[-83.731429,37.5496558],[-83.7316923,37.5499794],[-83.7319645,37.5505675],[-83.7320774,37.5507799],[-83.7321181,37.5508563],[-83.7322629,37.5509816],[-83.7325043,37.551079],[-83.7326667,37.551086],[-83.7329037,37.5509885],[-83.7331671,37.5508772]]}},{"type":"Feature","properties":{"osm_id":16269987,"highway":"residential","name":"Pine Grove School Road","alt_name":null,"official_name":null,"surface":null,"tracktype":null,"service":null,"access":null,"motor_vehicle":null,"foot":null,"tiger_reviewed":"no","rrgh_part":0,"rrgh_tile_part":0},"geometry":{"type":"LineString","coordinates":[[-83.70935517832167,37.525000000000006],[-83.709256,37.525155],[-83.709079,37.52532],[-83.708865,37.525482],[-83.708245,37.525895],[-83.708141,37.525974],[-83.708064,37.526055],[-83.708025,37.526148],[-83.708005,37.526247],[-83.707991,37.526355],[-83.7079894,37.5263996],[-83.707982,37.526609],[-83.708001,37.527027],[-83.708049,37.527528],[-83.708059,37.527721],[-83.708067,37.527918],[-83.7080691,37.5280195],[-83.70807,37.528066],[-83.708113,37.528136]]}},{"type":"Feature","properties":{"osm_id":16268242,"highway":"residential","name":"Pawpaw Creek Road","alt_name":null,"official_name":null,"surface":null,"tracktype":null,"service":null,"access":null,"motor_vehicle":null,"foot":null,"tiger_reviewed":"no","rrgh_part":0,"rrgh_tile_part":0},"geometry":{"type":"LineString","coordinates":[[-83.6798,37.542197],[-83.679695,37.542193],[-83.679577,37.54222],[-83.679072,37.542458],[-83.678408,37.542835],[-83.678017,37.542993],[-83.677758,37.543032],[-83.67754,37.543045],[-83.677218,37.543043],[-83.677169,37.54305],[-83.677029,37.543069],[-83.676943,37.54309],[-83.676695,37.543227],[-83.676523,37.543341],[-83.67626,37.543482],[-83.676116,37.543619],[-83.675916,37.543864],[-83.675693,37.544208],[-83.675532,37.544324],[-83.675477,37.544386],[-83.675396,37.544644],[-83.675309,37.544837],[-83.675115,37.545106],[-83.67500000000001,37.545210879999985]]}},{"type":"Feature","properties":{"osm_id":1311397886,"highway":"track","name":"Caudill Cemetery","alt_name":null,"official_name":null,"surface":null,"tracktype":null,"service":null,"access":null,"motor_vehicle":null,"foot":null,"tiger_reviewed":null,"rrgh_part":0,"rrgh_tile_part":0},"geometry":{"type":"LineString","coordinates":[[-83.724057,37.527177],[-83.7233544,37.5273835],[-83.7229404,37.5273981],[-83.722297,37.5270031],[-83.7218706,37.5268288],[-83.7211643,37.5268864],[-83.7207702,37.5267196],[-83.7202454,37.5262654],[-83.7198865,37.5257832],[-83.7193608,37.5254618],[-83.7186738,37.5252319],[-83.7183687,37.5250539],[-83.71836353450728,37.525000000000006]]}},{"type":"Feature","properties":{"osm_id":1265297623,"highway":"service","name":null,"alt_name":null,"official_name":null,"surface":null,"tracktype":null,"service":null,"access":null,"motor_vehicle":null,"foot":null,"tiger_reviewed":null,"rrgh_part":0,"rrgh_tile_part":0},"geometry":{"type":"LineString","coordinates":[[-83.704203,37.529694],[-83.7054456,37.5283925],[-83.7055797,37.5283839],[-83.70588,37.5284902]]}},{"type":"Feature","properties":{"osm_id":1265297621,"highway":"service","name":null,"alt_name":null,"official_name":null,"surface":null,"tracktype":null,"service":null,"access":null,"motor_vehicle":null,"foot":null,"tiger_reviewed":null,"rrgh_part":0,"rrgh_tile_part":0},"geometry":{"type":"LineString","coordinates":[[-83.71045083175404,37.525000000000006],[-83.7106095,37.5251709],[-83.710867,37.5253495]]}},{"type":"Feature","properties":{"osm_id":16268636,"highway":"service","name":null,"alt_name":null,"official_name":null,"surface":null,"tracktype":null,"service":null,"access":null,"motor_vehicle":null,"foot":null,"tiger_reviewed":"no","rrgh_part":0,"rrgh_tile_part":0},"geometry":{"type":"LineString","coordinates":[[-83.708059,37.527721],[-83.708167,37.527444],[-83.708228,37.527137],[-83.708491,37.526738],[-83.708856,37.526418]]}},{"type":"Feature","properties":{"osm_id":16268863,"highway":"service","name":null,"alt_name":null,"official_name":null,"surface":null,"tracktype":null,"service":null,"access":null,"motor_vehicle":null,"foot":null,"tiger_reviewed":"no","rrgh_part":0,"rrgh_tile_part":0},"geometry":{"type":"LineString","coordinates":[[-83.70876,37.528449],[-83.708882,37.528344],[-83.708915,37.528182],[-83.708902,37.528009],[-83.708631,37.527889],[-83.708403,37.52788],[-83.708067,37.527918]]}},{"type":"Feature","properties":{"osm_id":1265297622,"highway":"service","name":null,"alt_name":null,"official_name":null,"surface":null,"tracktype":null,"service":null,"access":null,"motor_vehicle":null,"foot":null,"tiger_reviewed":null,"rrgh_part":0,"rrgh_tile_part":0},"geometry":{"type":"LineString","coordinates":[[-83.7079894,37.5263996],[-83.7078015,37.5263146],[-83.7076299,37.5261743],[-83.7073993,37.5260765],[-83.7072974,37.5260723],[-83.7071151,37.5261063],[-83.7069327,37.5262041],[-83.706804,37.5263104],[-83.7061873,37.5269821],[-83.7061658,37.5270416],[-83.7062087,37.5270884],[-83.7080691,37.5280195]]}},{"type":"Feature","properties":{"osm_id":16268950,"highway":"residential","name":"Buffalo Zion Road","alt_name":null,"official_name":null,"surface":null,"tracktype":null,"service":null,"access":null,"motor_vehicle":null,"foot":null,"tiger_reviewed":"no","rrgh_part":0,"rrgh_tile_part":0},"geometry":{"type":"LineString","coordinates":[[-83.681846,37.528212],[-83.681991,37.528089],[-83.682102,37.527996],[-83.682324,37.527851],[-83.682491,37.527769],[-83.682644,37.527709],[-83.682707,37.527693],[-83.682774,37.527689],[-83.682839,37.527701],[-83.68297,37.527764],[-83.683448,37.528099],[-83.683632,37.528246],[-83.683824,37.528378],[-83.684159,37.528684],[-83.68433,37.528817],[-83.684425,37.528874],[-83.684657,37.528982],[-83.684961,37.529084],[-83.685191,37.529142],[-83.685418,37.529186],[-83.685778,37.529215],[-83.685906,37.529212],[-83.686038,37.529196],[-83.686306,37.529138],[-83.686867,37.528995],[-83.687141,37.528915],[-83.687271,37.528866],[-83.687393,37.528807],[-83.687856,37.528528],[-83.6882642,37.5282554],[-83.689686,37.527268],[-83.689898,37.527112],[-83.690515,37.526606],[-83.6909671,37.5263017],[-83.6912,37.526145],[-83.692609,37.525096],[-83.692693,37.52502],[-83.69271033333334,37.525000000000006]]}},{"type":"Feature","properties":{"osm_id":16269789,"highway":"residential","name":"White Pine Road","alt_name":null,"official_name":null,"surface":null,"tracktype":null,"service":null,"access":null,"motor_vehicle":null,"foot":null,"tiger_reviewed":"no","rrgh_part":0,"rrgh_tile_part":0},"geometry":{"type":"LineString","coordinates":[[-83.699499,37.53128],[-83.69951,37.531095],[-83.699553,37.530789],[-83.699713,37.530072],[-83.699777,37.529881],[-83.699855,37.529697],[-83.700188,37.529065]]}},{"type":"Feature","properties":{"osm_id":16269991,"highway":"service","name":"Pine Grove Road","alt_name":null,"official_name":null,"surface":null,"tracktype":null,"service":null,"access":null,"motor_vehicle":null,"foot":null,"tiger_reviewed":"no","rrgh_part":0,"rrgh_tile_part":0},"geometry":{"type":"LineString","coordinates":[[-83.6882642,37.5282554],[-83.6887003,37.5286725]]}},{"type":"Feature","properties":{"osm_id":16269680,"highway":"residential","name":"Evans Lane","alt_name":null,"official_name":null,"surface":null,"tracktype":null,"service":null,"access":null,"motor_vehicle":null,"foot":null,"tiger_reviewed":"no","rrgh_part":0,"rrgh_tile_part":0},"geometry":{"type":"LineString","coordinates":[[-83.725243,37.531014],[-83.725351,37.53121],[-83.725472,37.531598],[-83.725519,37.531713],[-83.725583,37.531817],[-83.725676,37.531938],[-83.726024,37.532319],[-83.726082,37.532404],[-83.726109,37.532478],[-83.726117,37.532567],[-83.726097,37.532716],[-83.725868,37.53347],[-83.725758,37.533737],[-83.725627,37.533937]]}},{"type":"Feature","properties":{"osm_id":16269682,"highway":"residential","name":"Evans Lane","alt_name":null,"official_name":null,"surface":null,"tracktype":null,"service":null,"access":null,"motor_vehicle":null,"foot":null,"tiger_reviewed":"no","rrgh_part":0,"rrgh_tile_part":0},"geometry":{"type":"LineString","coordinates":[[-83.72502,37.530353],[-83.724971,37.530413],[-83.724966,37.530459],[-83.724977,37.530512],[-83.725028,37.530621],[-83.725243,37.531014]]}},{"type":"Feature","properties":{"osm_id":1255414203,"highway":"residential","name":null,"alt_name":null,"official_name":null,"surface":null,"tracktype":null,"service":null,"access":null,"motor_vehicle":null,"foot":null,"tiger_reviewed":null,"rrgh_part":0,"rrgh_tile_part":0},"geometry":{"type":"LineString","coordinates":[[-83.724413,37.529441],[-83.7242976,37.529443],[-83.7241569,37.5294718],[-83.7239501,37.5295454],[-83.7238526,37.5296191],[-83.7237946,37.5296883],[-83.7236484,37.5299073],[-83.7235704,37.5300032]]}},{"type":"Feature","properties":{"osm_id":16268326,"highway":"service","name":null,"alt_name":null,"official_name":null,"surface":null,"tracktype":null,"service":null,"access":null,"motor_vehicle":null,"foot":null,"tiger_reviewed":"no","rrgh_part":0,"rrgh_tile_part":0},"geometry":{"type":"LineString","coordinates":[[-83.7203222,37.5350259],[-83.7203621,37.535171],[-83.7204643,37.5353203],[-83.7208917,37.5356882]]}},{"type":"Feature","properties":{"osm_id":16268629,"highway":"service","name":null,"alt_name":null,"official_name":null,"surface":null,"tracktype":null,"service":null,"access":null,"motor_vehicle":null,"foot":null,"tiger_reviewed":"no","rrgh_part":0,"rrgh_tile_part":0},"geometry":{"type":"LineString","coordinates":[[-83.719524,37.530667],[-83.719437,37.530885],[-83.71923,37.531374],[-83.719003,37.531838],[-83.718744,37.532075],[-83.718333,37.532312],[-83.718134,37.532434],[-83.717853,37.532509],[-83.717553,37.532478],[-83.717272,37.532416],[-83.717122,37.532321],[-83.717085,37.53208],[-83.717059,37.531775]]}},{"type":"Feature","properties":{"osm_id":16268285,"highway":"service","name":null,"alt_name":null,"official_name":null,"surface":null,"tracktype":null,"service":null,"access":null,"motor_vehicle":null,"foot":null,"tiger_reviewed":"no","rrgh_part":0,"rrgh_tile_part":0},"geometry":{"type":"LineString","coordinates":[[-83.72089,37.530336],[-83.7212014,37.5306567],[-83.721479,37.53164],[-83.721518,37.53189],[-83.7218128,37.5326705],[-83.7216882,37.5329281],[-83.7214402,37.5332052],[-83.7215307,37.5336094],[-83.7214196,37.5341375],[-83.7209596,37.5346107],[-83.720602,37.534876],[-83.7203222,37.5350259],[-83.7197667,37.5350509],[-83.7192948,37.5350628],[-83.718873,37.5351132],[-83.7185859,37.5351879],[-83.718491,37.535204],[-83.717793,37.535263],[-83.717523,37.535292],[-83.717326,37.535282],[-83.716712,37.535389],[-83.716368,37.535389],[-83.714574,37.535312]]}},{"type":"Feature","properties":{"osm_id":16268287,"highway":"service","name":null,"alt_name":null,"official_name":null,"surface":null,"tracktype":null,"service":null,"access":null,"motor_vehicle":null,"foot":null,"tiger_reviewed":"no","rrgh_part":0,"rrgh_tile_part":0},"geometry":{"type":"LineString","coordinates":[[-83.718491,37.535204],[-83.718371,37.535265],[-83.717774,37.535386],[-83.717399,37.535499],[-83.717206,37.53562],[-83.717085,37.535773],[-83.7169212,37.5359388],[-83.7171283,37.5363326],[-83.7172113,37.5364754],[-83.7171624,37.5365847],[-83.7169825,37.536638],[-83.7165505,37.5364755],[-83.7161442,37.5362198],[-83.7152791,37.536043],[-83.7143194,37.5360254],[-83.713602,37.5359944],[-83.7128679,37.536133],[-83.7122142,37.5362011],[-83.7119963,37.536179],[-83.7114794,37.5359101],[-83.7109923,37.5356743],[-83.7106364,37.5355301],[-83.7101557,37.5355744],[-83.7098998,37.5354958],[-83.7095237,37.5355088]]}},{"type":"Feature","properties":{"osm_id":1370681835,"highway":"service","name":null,"alt_name":null,"official_name":null,"surface":null,"tracktype":null,"service":null,"access":null,"motor_vehicle":null,"foot":null,"tiger_reviewed":null,"rrgh_part":0,"rrgh_tile_part":0},"geometry":{"type":"LineString","coordinates":[[-83.721854,37.540103],[-83.7221573,37.5401795],[-83.7224147,37.5402518],[-83.7224952,37.5402858],[-83.7225381,37.5403071],[-83.7225488,37.5403411],[-83.7225488,37.5403751],[-83.7225273,37.5404176],[-83.7224737,37.5404686],[-83.7223986,37.5405112],[-83.7222217,37.5405282],[-83.722008,37.5405537]]}},{"type":"Feature","properties":{"osm_id":16268658,"highway":"residential","name":null,"alt_name":null,"official_name":null,"surface":null,"tracktype":null,"service":null,"access":null,"motor_vehicle":null,"foot":null,"tiger_reviewed":"no","rrgh_part":0,"rrgh_tile_part":0},"geometry":{"type":"LineString","coordinates":[[-83.727854,37.541443],[-83.727485,37.541351],[-83.7273,37.541214],[-83.7271795,37.5410436],[-83.727061,37.540876],[-83.726612,37.539877],[-83.726454,37.539402],[-83.72637,37.539185],[-83.726277,37.539104],[-83.726165,37.539096],[-83.725908,37.539137]]}},{"type":"Feature","properties":{"osm_id":1229654018,"highway":"residential","name":"Old Beattyville Road","alt_name":null,"official_name":null,"surface":null,"tracktype":null,"service":null,"access":null,"motor_vehicle":null,"foot":null,"tiger_reviewed":"no","rrgh_part":0,"rrgh_tile_part":0},"geometry":{"type":"LineString","coordinates":[[-83.7284054,37.53886],[-83.728335,37.539077],[-83.728234,37.539345],[-83.7280275,37.5399397],[-83.727852,37.540445],[-83.727809,37.540597],[-83.727779,37.540747],[-83.727775,37.540801],[-83.727775,37.541055],[-83.7277805,37.5411005],[-83.727799,37.541252],[-83.727823,37.54135],[-83.727854,37.541443],[-83.727932,37.541637],[-83.727984,37.541734]]}},{"type":"Feature","properties":{"osm_id":1370688203,"highway":"service","name":null,"alt_name":null,"official_name":null,"surface":null,"tracktype":null,"service":null,"access":null,"motor_vehicle":null,"foot":null,"tiger_reviewed":null,"rrgh_part":0,"rrgh_tile_part":0},"geometry":{"type":"LineString","coordinates":[[-83.7280275,37.5399397],[-83.7278003,37.5397314],[-83.7277788,37.5396932],[-83.7275376,37.5394509]]}},{"type":"Feature","properties":{"osm_id":1370688203,"highway":"service","name":null,"alt_name":null,"official_name":null,"surface":null,"tracktype":null,"service":null,"access":null,"motor_vehicle":null,"foot":null,"tiger_reviewed":null,"rrgh_part":1,"rrgh_tile_part":0},"geometry":{"type":"LineString","coordinates":[[-83.7275376,37.5394509],[-83.727559,37.538979],[-83.7274625,37.538945],[-83.7273821,37.5389578],[-83.7273071,37.5390726],[-83.7273071,37.5393999],[-83.7273446,37.5394891],[-83.7275376,37.5394509]]}},{"type":"Feature","properties":{"osm_id":1370688206,"highway":"service","name":null,"alt_name":null,"official_name":null,"surface":null,"tracktype":null,"service":null,"access":null,"motor_vehicle":null,"foot":null,"tiger_reviewed":null,"rrgh_part":0,"rrgh_tile_part":0},"geometry":{"type":"LineString","coordinates":[[-83.7284054,37.53886],[-83.7281434,37.5387835]]}},{"type":"Feature","properties":{"osm_id":1370688207,"highway":"residential","name":null,"alt_name":null,"official_name":null,"surface":null,"tracktype":null,"service":null,"access":null,"motor_vehicle":null,"foot":null,"tiger_reviewed":null,"rrgh_part":0,"rrgh_tile_part":0},"geometry":{"type":"LineString","coordinates":[[-83.7283467,37.5411072],[-83.7280287,37.541078],[-83.7277805,37.5411005]]}},{"type":"Feature","properties":{"osm_id":1370688208,"highway":"service","name":null,"alt_name":null,"official_name":null,"surface":null,"tracktype":null,"service":null,"access":null,"motor_vehicle":null,"foot":null,"tiger_reviewed":null,"rrgh_part":0,"rrgh_tile_part":0},"geometry":{"type":"LineString","coordinates":[[-83.7271795,37.5410436],[-83.726946,37.5410649],[-83.7266296,37.5410011],[-83.7265598,37.5410181],[-83.7265169,37.5410479],[-83.7264365,37.5415537]]}},{"type":"Feature","properties":{"osm_id":1370681834,"highway":"residential","name":null,"alt_name":null,"official_name":null,"surface":null,"tracktype":null,"service":null,"access":null,"motor_vehicle":null,"foot":null,"tiger_reviewed":null,"rrgh_part":0,"rrgh_tile_part":0},"geometry":{"type":"LineString","coordinates":[[-83.721886,37.539958],[-83.7213016,37.5399835],[-83.7207923,37.5400601],[-83.720492,37.5401579],[-83.7198433,37.5405193],[-83.719468,37.5406936],[-83.7193768,37.5407234],[-83.7190283,37.5409062],[-83.7188997,37.540902]]}},{"type":"Feature","properties":{"osm_id":1370681836,"highway":"service","name":null,"alt_name":null,"official_name":null,"surface":null,"tracktype":null,"service":null,"access":null,"motor_vehicle":null,"foot":null,"tiger_reviewed":null,"rrgh_part":0,"rrgh_tile_part":0},"geometry":{"type":"LineString","coordinates":[[-83.7203958,37.5375044],[-83.7207015,37.5376745],[-83.7210716,37.5377638],[-83.7213987,37.5378148],[-83.721758,37.537956]]}},{"type":"Feature","properties":{"osm_id":16270289,"highway":"residential","name":"Stanley Thomas Road","alt_name":null,"official_name":null,"surface":null,"tracktype":null,"service":null,"access":null,"motor_vehicle":null,"foot":null,"tiger_reviewed":"no","rrgh_part":0,"rrgh_tile_part":0},"geometry":{"type":"LineString","coordinates":[[-83.711666,37.530831],[-83.711758,37.530867],[-83.711798,37.530915],[-83.711809,37.531091],[-83.711791,37.53133],[-83.711798,37.531382]]}},{"type":"Feature","properties":{"osm_id":856113570,"highway":"service","name":null,"alt_name":null,"official_name":null,"surface":null,"tracktype":null,"service":null,"access":null,"motor_vehicle":null,"foot":null,"tiger_reviewed":"no","rrgh_part":0,"rrgh_tile_part":0},"geometry":{"type":"LineString","coordinates":[[-83.711798,37.531382],[-83.711835,37.531596],[-83.711845,37.531823],[-83.711966,37.532024],[-83.712128,37.532113],[-83.712331,37.532178]]}},{"type":"Feature","properties":{"osm_id":1265297626,"highway":"service","name":null,"alt_name":null,"official_name":null,"surface":null,"tracktype":null,"service":null,"access":null,"motor_vehicle":null,"foot":null,"tiger_reviewed":null,"rrgh_part":0,"rrgh_tile_part":0},"geometry":{"type":"LineString","coordinates":[[-83.711234,37.530664],[-83.7110849,37.5308416],[-83.7107901,37.5312626],[-83.7106721,37.5317218],[-83.7106239,37.53213],[-83.7106346,37.5323808],[-83.7106775,37.5325467],[-83.7107793,37.532823],[-83.710908,37.5330271],[-83.7110367,37.533176],[-83.711503,37.5335586],[-83.7116371,37.5336692]]}},{"type":"Feature","properties":{"osm_id":1265297624,"highway":"service","name":null,"alt_name":null,"official_name":null,"surface":null,"tracktype":null,"service":null,"access":null,"motor_vehicle":null,"foot":null,"tiger_reviewed":null,"rrgh_part":0,"rrgh_tile_part":0},"geometry":{"type":"LineString","coordinates":[[-83.7075965,37.5321717],[-83.7075375,37.531742],[-83.707693,37.5314612],[-83.7077145,37.5313804],[-83.707693,37.5313081],[-83.7075912,37.531206],[-83.7074571,37.5311251],[-83.707248,37.5310358],[-83.7068996,37.5309294],[-83.7067012,37.5308018],[-83.706611,37.530576]]}},{"type":"Feature","properties":{"osm_id":1265297625,"highway":"service","name":null,"alt_name":null,"official_name":null,"surface":null,"tracktype":null,"service":null,"access":null,"motor_vehicle":null,"foot":null,"tiger_reviewed":null,"rrgh_part":0,"rrgh_tile_part":0},"geometry":{"type":"LineString","coordinates":[[-83.7054778,37.5302188],[-83.7046948,37.5308544]]}},{"type":"Feature","properties":{"osm_id":16268908,"highway":"residential","name":"Cr-1150","alt_name":null,"official_name":null,"surface":null,"tracktype":null,"service":null,"access":null,"motor_vehicle":null,"foot":null,"tiger_reviewed":"no","rrgh_part":0,"rrgh_tile_part":0},"geometry":{"type":"LineString","coordinates":[[-83.708655,37.540911],[-83.708594,37.541021],[-83.708189,37.541483],[-83.707919,37.541821],[-83.707849,37.541926],[-83.707836,37.541976],[-83.70784,37.542029],[-83.707881,37.542144],[-83.707933,37.542209],[-83.708024,37.542309],[-83.708435,37.542699],[-83.708542,37.542821],[-83.708563,37.542912],[-83.70854,37.54297],[-83.70843,37.543033],[-83.708356,37.543043],[-83.708026,37.543049],[-83.707797,37.543069],[-83.707649,37.54312],[-83.707515,37.54321],[-83.707402,37.543326],[-83.707143,37.543775],[-83.707086,37.543897],[-83.707049,37.544008],[-83.70703,37.544108],[-83.707034,37.544195],[-83.707053,37.544245],[-83.707098,37.544318],[-83.707131,37.544347]]}},{"type":"Feature","properties":{"osm_id":16269921,"highway":"residential","name":"Long Branch Road","alt_name":null,"official_name":null,"surface":null,"tracktype":null,"service":null,"access":null,"motor_vehicle":null,"foot":null,"tiger_reviewed":"no","rrgh_part":0,"rrgh_tile_part":0},"geometry":{"type":"LineString","coordinates":[[-83.714972,37.543708],[-83.714928,37.543573],[-83.714902,37.543378],[-83.714888,37.543137],[-83.714884,37.54299],[-83.714914,37.542724],[-83.714961,37.542522],[-83.714976,37.542387],[-83.714954,37.542248],[-83.714898,37.54211],[-83.714816,37.54198],[-83.714519,37.541632],[-83.71394,37.541052],[-83.713789,37.540916],[-83.713439,37.540669],[-83.712987,37.540325],[-83.712842,37.540234],[-83.712684,37.54015],[-83.712518,37.540078],[-83.712351,37.540024],[-83.712026,37.539897],[-83.711536,37.539639],[-83.711387,37.539593],[-83.711306,37.539583],[-83.711143,37.539591],[-83.710029,37.539785],[-83.709766,37.539845],[-83.709479,37.539937],[-83.709395,37.539969],[-83.709264,37.540051],[-83.708994,37.540264],[-83.708917,37.540358],[-83.70883,37.540489],[-83.708655,37.540911]]}},{"type":"Feature","properties":{"osm_id":1266962162,"highway":"service","name":null,"alt_name":null,"official_name":null,"surface":null,"tracktype":null,"service":null,"access":null,"motor_vehicle":null,"foot":null,"tiger_reviewed":null,"rrgh_part":0,"rrgh_tile_part":0},"geometry":{"type":"LineString","coordinates":[[-83.702243,37.530804],[-83.7025431,37.5312505],[-83.703256,37.5320798],[-83.7034919,37.532488],[-83.7035562,37.5326623],[-83.7035723,37.5328282],[-83.7035348,37.5330791],[-83.7035348,37.5332109],[-83.7033901,37.5336362]]}},{"type":"Feature","properties":{"osm_id":1311397885,"highway":"track","name":null,"alt_name":null,"official_name":null,"surface":null,"tracktype":null,"service":null,"access":null,"motor_vehicle":null,"foot":null,"tiger_reviewed":null,"rrgh_part":0,"rrgh_tile_part":0},"geometry":{"type":"LineString","coordinates":[[-83.7122142,37.5362011],[-83.7120657,37.536514],[-83.7116871,37.536933],[-83.7116389,37.5371995],[-83.7117638,37.5374583],[-83.712425,37.5382943],[-83.7128639,37.5387659]]}},{"type":"Feature","properties":{"osm_id":16268592,"highway":"service","name":null,"alt_name":null,"official_name":null,"surface":null,"tracktype":null,"service":null,"access":"private","motor_vehicle":null,"foot":null,"tiger_reviewed":"no","rrgh_part":0,"rrgh_tile_part":0},"geometry":{"type":"LineString","coordinates":[[-83.708655,37.540911],[-83.707967,37.540567]]}},{"type":"Feature","properties":{"osm_id":751718470,"highway":"service","name":null,"alt_name":null,"official_name":null,"surface":"paved","tracktype":null,"service":null,"access":null,"motor_vehicle":null,"foot":null,"tiger_reviewed":null,"rrgh_part":0,"rrgh_tile_part":0},"geometry":{"type":"LineString","coordinates":[[-83.7245963,37.5483874],[-83.7244817,37.5483205],[-83.7239906,37.5480889],[-83.7239376,37.5481236],[-83.723755,37.5482432],[-83.7235885,37.5483523],[-83.7234373,37.5484514],[-83.7232558,37.5485702]]}},{"type":"Feature","properties":{"osm_id":751718471,"highway":"service","name":null,"alt_name":null,"official_name":null,"surface":"paved","tracktype":null,"service":null,"access":null,"motor_vehicle":null,"foot":null,"tiger_reviewed":null,"rrgh_part":0,"rrgh_tile_part":0},"geometry":{"type":"LineString","coordinates":[[-83.7239376,37.5481236],[-83.7237866,37.5479799]]}},{"type":"Feature","properties":{"osm_id":1370688209,"highway":"service","name":null,"alt_name":null,"official_name":null,"surface":null,"tracktype":null,"service":null,"access":null,"motor_vehicle":null,"foot":null,"tiger_reviewed":null,"rrgh_part":0,"rrgh_tile_part":0},"geometry":{"type":"LineString","coordinates":[[-83.7271978,37.5455566],[-83.7270262,37.5454884],[-83.7267518,37.5453284],[-83.7265221,37.5450931],[-83.7263291,37.5449401],[-83.7257606,37.5446298]]}},{"type":"Feature","properties":{"osm_id":1370688210,"highway":"service","name":null,"alt_name":null,"official_name":null,"surface":null,"tracktype":null,"service":null,"access":null,"motor_vehicle":null,"foot":null,"tiger_reviewed":null,"rrgh_part":0,"rrgh_tile_part":0},"geometry":{"type":"LineString","coordinates":[[-83.7270262,37.5454884],[-83.7267532,37.5455904],[-83.7265816,37.5456244],[-83.7262115,37.5456541]]}},{"type":"Feature","properties":{"osm_id":1370688211,"highway":"service","name":null,"alt_name":null,"official_name":null,"surface":null,"tracktype":null,"service":null,"access":null,"motor_vehicle":null,"foot":null,"tiger_reviewed":null,"rrgh_part":0,"rrgh_tile_part":0},"geometry":{"type":"LineString","coordinates":[[-83.7256806,37.545277],[-83.7259809,37.5455096],[-83.726115,37.5455819],[-83.7262115,37.5456541]]}},{"type":"Feature","properties":{"osm_id":1370688212,"highway":"service","name":null,"alt_name":null,"official_name":null,"surface":null,"tracktype":null,"service":null,"access":null,"motor_vehicle":null,"foot":null,"tiger_reviewed":null,"rrgh_part":0,"rrgh_tile_part":0},"geometry":{"type":"LineString","coordinates":[[-83.7262115,37.5456541],[-83.7261901,37.5459814]]}},{"type":"Feature","properties":{"osm_id":16269937,"highway":"residential","name":"Long Branch Road","alt_name":null,"official_name":null,"surface":null,"tracktype":null,"service":null,"access":null,"motor_vehicle":null,"foot":null,"tiger_reviewed":"no","rrgh_part":0,"rrgh_tile_part":0},"geometry":{"type":"LineString","coordinates":[[-83.707131,37.544347],[-83.707193,37.544395],[-83.707236,37.544409],[-83.707337,37.544417],[-83.707402,37.544411],[-83.707454,37.544398],[-83.70756,37.544349],[-83.707652,37.544293],[-83.707751,37.544249],[-83.707793,37.544235],[-83.707871,37.544237],[-83.707895,37.544242],[-83.707926,37.544269],[-83.707959,37.544322],[-83.708084,37.544634],[-83.708169,37.544744],[-83.708278,37.544842],[-83.7084,37.544928],[-83.708651,37.545078],[-83.709055,37.545279],[-83.70977,37.545598],[-83.709919,37.545654],[-83.710221,37.545749],[-83.710616,37.545944],[-83.710717,37.546022],[-83.710882,37.546185],[-83.710997,37.546373],[-83.711139,37.546575],[-83.711302,37.546781],[-83.711484,37.546978],[-83.711778,37.547241],[-83.711865,37.547337],[-83.712017,37.547528],[-83.712152,37.547771],[-83.712186,37.547834],[-83.712265,37.548067],[-83.712332,37.548435],[-83.712367,37.548758],[-83.712401,37.548935],[-83.712429,37.549024],[-83.712486,37.549105],[-83.712576,37.549158],[-83.712683,37.549196],[-83.712799,37.549227],[-83.71292,37.549239],[-83.71304,37.54924],[-83.713158,37.549216],[-83.713399,37.549132],[-83.713604,37.549086],[-83.713692,37.549092],[-83.713777,37.549119],[-83.713801,37.549169],[-83.713722,37.549443],[-83.713738,37.549562],[-83.713765,37.549684],[-83.713814,37.549808],[-83.713888,37.549934],[-83.71397,37.550054],[-83.714074,37.55016],[-83.714525,37.55056],[-83.71482,37.550896],[-83.715292,37.551347],[-83.715505,37.551533],[-83.715599,37.551591],[-83.715692,37.551633],[-83.7158,37.551668],[-83.715907,37.551724],[-83.716001,37.551787],[-83.716062,37.551874],[-83.716105,37.551976],[-83.716219,37.552101],[-83.716339,37.552189],[-83.716491,37.55228],[-83.7167019,37.552395],[-83.7167549,37.5524341],[-83.7168232,37.5526229],[-83.7168553,37.5527749],[-83.7169117,37.5528614]]}},{"type":"Feature","properties":{"osm_id":16270078,"highway":"residential","name":"Baker Bar Subdivision Road","alt_name":null,"official_name":null,"surface":null,"tracktype":null,"service":null,"access":null,"motor_vehicle":null,"foot":null,"tiger_reviewed":"no","rrgh_part":0,"rrgh_tile_part":0},"geometry":{"type":"LineString","coordinates":[[-83.723111,37.54846],[-83.7232558,37.5485702],[-83.723463,37.548753],[-83.723689,37.548973],[-83.723727,37.549044],[-83.723726,37.549101],[-83.723714,37.549131],[-83.723632,37.549202],[-83.723522,37.549263],[-83.723467,37.549322],[-83.723454,37.549398],[-83.723465,37.549437],[-83.723911,37.550135],[-83.724455,37.55134],[-83.724497,37.551414],[-83.724528,37.551444],[-83.724611,37.551494],[-83.724845,37.551561],[-83.725366,37.551656],[-83.725657,37.551683],[-83.725797,37.551683],[-83.72613,37.551638],[-83.726259,37.55163],[-83.726366,37.551647],[-83.726481,37.551701]]}},{"type":"Feature","properties":{"osm_id":16270248,"highway":"residential","name":"Golf Course Road","alt_name":null,"official_name":null,"surface":null,"tracktype":null,"service":null,"access":null,"motor_vehicle":null,"foot":null,"tiger_reviewed":"no","rrgh_part":0,"rrgh_tile_part":0},"geometry":{"type":"LineString","coordinates":[[-83.717152,37.554716],[-83.716879,37.555033],[-83.716784,37.55516],[-83.716677,37.555367],[-83.716574,37.555658],[-83.716645,37.555749],[-83.716688,37.555788],[-83.716783,37.555848],[-83.718025,37.556378],[-83.7183686,37.5565441],[-83.718437,37.556577]]}},{"type":"Feature","properties":{"osm_id":16270285,"highway":"residential","name":"Bowles Subdivision Road","alt_name":null,"official_name":null,"surface":null,"tracktype":null,"service":null,"access":null,"motor_vehicle":null,"foot":null,"tiger_reviewed":"no","rrgh_part":0,"rrgh_tile_part":0},"geometry":{"type":"LineString","coordinates":[[-83.717437,37.552491],[-83.717342,37.552448],[-83.717279,37.552385],[-83.717207,37.552278],[-83.717103,37.55202],[-83.717003,37.55173],[-83.716922,37.551613],[-83.716774,37.551449],[-83.716153,37.55082],[-83.715807,37.5505],[-83.715464,37.550164]]}},{"type":"Feature","properties":{"osm_id":751718468,"highway":"service","name":null,"alt_name":null,"official_name":null,"surface":"paved","tracktype":null,"service":null,"access":null,"motor_vehicle":null,"foot":null,"tiger_reviewed":null,"rrgh_part":0,"rrgh_tile_part":0},"geometry":{"type":"LineString","coordinates":[[-83.7238384,37.5488766],[-83.7242076,37.5492312],[-83.7243348,37.5492532],[-83.7244393,37.5492312],[-83.7249141,37.548931],[-83.724994,37.5488586],[-83.7250364,37.5487629],[-83.7250071,37.5486684],[-83.724684,37.5483308]]}},{"type":"Feature","properties":{"osm_id":751718469,"highway":"service","name":null,"alt_name":null,"official_name":null,"surface":"paved","tracktype":null,"service":null,"access":null,"motor_vehicle":null,"foot":null,"tiger_reviewed":null,"rrgh_part":0,"rrgh_tile_part":0},"geometry":{"type":"LineString","coordinates":[[-83.724684,37.5483308],[-83.7245963,37.5483874],[-83.7243378,37.5485543],[-83.7241708,37.548662],[-83.7239999,37.5487723],[-83.7238384,37.5488766],[-83.7238172,37.5488902],[-83.723689,37.548973]]}},{"type":"Feature","properties":{"osm_id":968775962,"highway":"service","name":null,"alt_name":null,"official_name":null,"surface":null,"tracktype":null,"service":null,"access":null,"motor_vehicle":null,"foot":null,"tiger_reviewed":null,"rrgh_part":0,"rrgh_tile_part":0},"geometry":{"type":"LineString","coordinates":[[-83.72124,37.5497943],[-83.7213924,37.5499064],[-83.7214614,37.5500217],[-83.7214378,37.5501831],[-83.7213705,37.550369],[-83.7213378,37.5505534],[-83.7214142,37.5507407],[-83.7214705,37.5508329],[-83.7215176,37.5509158],[-83.7217613,37.5513444],[-83.722143,37.5518545],[-83.7221738,37.5519037],[-83.7226943,37.5527347],[-83.7228606,37.5530002],[-83.7230191,37.5532501],[-83.7233407,37.5537665]]}},{"type":"Feature","properties":{"osm_id":968775963,"highway":"service","name":null,"alt_name":null,"official_name":null,"surface":null,"tracktype":null,"service":null,"access":null,"motor_vehicle":null,"foot":null,"tiger_reviewed":null,"rrgh_part":0,"rrgh_tile_part":0},"geometry":{"type":"LineString","coordinates":[[-83.7214142,37.5507407],[-83.7217758,37.5505779],[-83.7221757,37.5503704],[-83.7223411,37.5502277],[-83.7223629,37.5500548],[-83.7222993,37.5499237],[-83.7221957,37.5498718],[-83.7216413,37.549873],[-83.7214978,37.5498733],[-83.7213924,37.5499064]]}},{"type":"Feature","properties":{"osm_id":968775966,"highway":"service","name":null,"alt_name":null,"official_name":null,"surface":null,"tracktype":null,"service":null,"access":null,"motor_vehicle":null,"foot":null,"tiger_reviewed":null,"rrgh_part":0,"rrgh_tile_part":0},"geometry":{"type":"LineString","coordinates":[[-83.7215176,37.5509158],[-83.7216532,37.5508557],[-83.7218542,37.5507499],[-83.7218981,37.5507245]]}},{"type":"Feature","properties":{"osm_id":968775966,"highway":"service","name":null,"alt_name":null,"official_name":null,"surface":null,"tracktype":null,"service":null,"access":null,"motor_vehicle":null,"foot":null,"tiger_reviewed":null,"rrgh_part":1,"rrgh_tile_part":0},"geometry":{"type":"LineString","coordinates":[[-83.7218981,37.5507245],[-83.7221784,37.5511435],[-83.7222409,37.5511623],[-83.7227053,37.5509628],[-83.722712,37.550928],[-83.7224402,37.5505143],[-83.7223861,37.5504929],[-83.7218981,37.5507245]]}},{"type":"Feature","properties":{"osm_id":968775968,"highway":"service","name":null,"alt_name":null,"official_name":null,"surface":null,"tracktype":null,"service":null,"access":null,"motor_vehicle":null,"foot":null,"tiger_reviewed":null,"rrgh_part":0,"rrgh_tile_part":0},"geometry":{"type":"LineString","coordinates":[[-83.7226943,37.5527347],[-83.7229587,37.552635],[-83.7233959,37.5524653],[-83.7235014,37.5523918],[-83.7235086,37.5522708],[-83.723136,37.5516613],[-83.7230143,37.551582],[-83.7228998,37.551595],[-83.722419,37.5518057],[-83.7223509,37.5518356],[-83.7221738,37.5519037]]}},{"type":"Feature","properties":{"osm_id":968775970,"highway":"service","name":null,"alt_name":null,"official_name":null,"surface":null,"tracktype":null,"service":null,"access":null,"motor_vehicle":null,"foot":null,"tiger_reviewed":null,"rrgh_part":0,"rrgh_tile_part":0},"geometry":{"type":"LineString","coordinates":[[-83.7183686,37.5565441],[-83.7184568,37.5563962],[-83.7186094,37.5561768],[-83.7187393,37.5559932],[-83.7188014,37.5558476],[-83.718824,37.5556931],[-83.718728,37.5554916],[-83.7186432,37.5553662]]}},{"type":"Feature","properties":{"osm_id":1370688213,"highway":"service","name":null,"alt_name":null,"official_name":null,"surface":null,"tracktype":null,"service":null,"access":null,"motor_vehicle":null,"foot":null,"tiger_reviewed":null,"rrgh_part":0,"rrgh_tile_part":0},"geometry":{"type":"LineString","coordinates":[[-83.7240611,37.5477848],[-83.7236428,37.5473755],[-83.7232352,37.5472735],[-83.72301,37.5472055],[-83.7226882,37.547146],[-83.7225327,37.547146],[-83.7221519,37.5471885],[-83.7217283,37.54718],[-83.7213529,37.547112]]}},{"type":"Feature","properties":{"osm_id":968775967,"highway":"service","name":null,"alt_name":null,"official_name":null,"surface":null,"tracktype":null,"service":null,"access":null,"motor_vehicle":null,"foot":null,"tiger_reviewed":null,"rrgh_part":0,"rrgh_tile_part":0},"geometry":{"type":"LineString","coordinates":[[-83.7228606,37.5530002],[-83.7235159,37.5527246],[-83.7235929,37.5527015],[-83.7236617,37.5527112],[-83.7237358,37.5527751],[-83.7237867,37.5528558],[-83.7237665,37.5529317],[-83.7236813,37.5530042],[-83.7230191,37.5532501]]}},{"type":"Feature","properties":{"osm_id":968775969,"highway":"service","name":null,"alt_name":null,"official_name":null,"surface":null,"tracktype":null,"service":null,"access":null,"motor_vehicle":null,"foot":null,"tiger_reviewed":null,"rrgh_part":0,"rrgh_tile_part":0},"geometry":{"type":"LineString","coordinates":[[-83.722419,37.5518057],[-83.7229587,37.552635]]}},{"type":"Feature","properties":{"osm_id":16268520,"highway":"service","name":null,"alt_name":null,"official_name":null,"surface":null,"tracktype":null,"service":null,"access":null,"motor_vehicle":null,"foot":null,"tiger_reviewed":"no","rrgh_part":0,"rrgh_tile_part":0},"geometry":{"type":"LineString","coordinates":[[-83.720763,37.550128],[-83.7209288,37.5504137],[-83.7215685,37.5516028]]}},{"type":"Feature","properties":{"osm_id":16269650,"highway":"residential","name":"South Side Elementary School R","alt_name":null,"official_name":null,"surface":null,"tracktype":null,"service":null,"access":null,"motor_vehicle":null,"foot":null,"tiger_reviewed":"no","rrgh_part":0,"rrgh_tile_part":0},"geometry":{"type":"LineString","coordinates":[[-83.717745,37.551396],[-83.717639,37.5513],[-83.71753,37.55122],[-83.717338,37.55099],[-83.717138,37.550719],[-83.717016,37.550573],[-83.716969,37.55049]]}},{"type":"Feature","properties":{"osm_id":16269652,"highway":"residential","name":"South Side Elementary School R","alt_name":null,"official_name":null,"surface":null,"tracktype":null,"service":null,"access":null,"motor_vehicle":null,"foot":null,"tiger_reviewed":"no","rrgh_part":0,"rrgh_tile_part":0},"geometry":{"type":"LineString","coordinates":[[-83.716969,37.55049],[-83.716938,37.550399],[-83.716904,37.550346],[-83.716856,37.550309],[-83.716791,37.550291],[-83.716715,37.550295],[-83.716652,37.55032],[-83.716601,37.550381],[-83.716599,37.550415],[-83.716609,37.55045],[-83.716654,37.550517],[-83.716833,37.550674],[-83.71753,37.55122]]}},{"type":"Feature","properties":{"osm_id":16269941,"highway":"residential","name":"Long Branch Road","alt_name":null,"official_name":null,"surface":null,"tracktype":null,"service":null,"access":null,"motor_vehicle":null,"foot":null,"tiger_reviewed":"no","rrgh_part":0,"rrgh_tile_part":0},"geometry":{"type":"LineString","coordinates":[[-83.717437,37.552491],[-83.71717,37.552533],[-83.7167549,37.5524341]]}},{"type":"Feature","properties":{"osm_id":16270079,"highway":"residential","name":"Ironwood Drive","alt_name":null,"official_name":null,"surface":null,"tracktype":null,"service":null,"access":null,"motor_vehicle":null,"foot":null,"tiger_reviewed":"no","rrgh_part":0,"rrgh_tile_part":0},"geometry":{"type":"LineString","coordinates":[[-83.717152,37.554716],[-83.71721,37.554773],[-83.717318,37.554852],[-83.717566,37.554998]]}},{"type":"Feature","properties":{"osm_id":16270237,"highway":"residential","name":"South Side Elementary School Road","alt_name":null,"official_name":null,"surface":null,"tracktype":null,"service":null,"access":null,"motor_vehicle":null,"foot":null,"tiger_reviewed":"no","rrgh_part":0,"rrgh_tile_part":0},"geometry":{"type":"LineString","coordinates":[[-83.718065,37.552042],[-83.717863,37.551893],[-83.71777,37.551759],[-83.717748,37.551683],[-83.717768,37.551469],[-83.717745,37.551396],[-83.717695,37.55129],[-83.7177,37.55123],[-83.717722,37.551192]]}},{"type":"Feature","properties":{"osm_id":16270238,"highway":"residential","name":"South Side Elementary School Road","alt_name":null,"official_name":null,"surface":null,"tracktype":null,"service":null,"access":null,"motor_vehicle":null,"foot":null,"tiger_reviewed":"no","rrgh_part":0,"rrgh_tile_part":0},"geometry":{"type":"LineString","coordinates":[[-83.71774,37.551107],[-83.717722,37.551192],[-83.717901,37.551049],[-83.717938,37.551007],[-83.717952,37.55096],[-83.717919,37.550903],[-83.717872,37.550886],[-83.717776,37.55088],[-83.717704,37.550886],[-83.717647,37.550914],[-83.717634,37.550934],[-83.717637,37.550974],[-83.717721,37.551065],[-83.71774,37.551107]]}},{"type":"Feature","properties":{"osm_id":16270247,"highway":"residential","name":"Golf Course Road","alt_name":null,"official_name":null,"surface":null,"tracktype":null,"service":null,"access":null,"motor_vehicle":null,"foot":null,"tiger_reviewed":"no","rrgh_part":0,"rrgh_tile_part":0},"geometry":{"type":"LineString","coordinates":[[-83.716224,37.553349],[-83.716966,37.554443],[-83.717152,37.554716]]}},{"type":"Feature","properties":{"osm_id":968775961,"highway":"service","name":null,"alt_name":null,"official_name":null,"surface":null,"tracktype":null,"service":null,"access":null,"motor_vehicle":null,"foot":null,"tiger_reviewed":null,"rrgh_part":0,"rrgh_tile_part":0},"geometry":{"type":"LineString","coordinates":[[-83.7214468,37.5496468],[-83.7215995,37.5496687],[-83.7220939,37.5493545],[-83.7220215,37.549237]]}},{"type":"Feature","properties":{"osm_id":968775964,"highway":"service","name":null,"alt_name":null,"official_name":null,"surface":null,"tracktype":null,"service":null,"access":null,"motor_vehicle":null,"foot":null,"tiger_reviewed":null,"rrgh_part":0,"rrgh_tile_part":0},"geometry":{"type":"LineString","coordinates":[[-83.7216413,37.549873],[-83.7216392,37.5499569],[-83.7216377,37.550013],[-83.7215832,37.5503113],[-83.7215087,37.5503819],[-83.7213705,37.550369]]}},{"type":"Feature","properties":{"osm_id":1370688214,"highway":"service","name":null,"alt_name":null,"official_name":null,"surface":null,"tracktype":null,"service":null,"access":null,"motor_vehicle":null,"foot":null,"tiger_reviewed":null,"rrgh_part":0,"rrgh_tile_part":0},"geometry":{"type":"LineString","coordinates":[[-83.7179129,37.5496099],[-83.7181702,37.5498691],[-83.7185026,37.5502261],[-83.7185669,37.5504726],[-83.7183793,37.5506766],[-83.7180469,37.5509359],[-83.717952,37.55096]]}},{"type":"Feature","properties":{"osm_id":1370688215,"highway":"service","name":null,"alt_name":null,"official_name":null,"surface":null,"tracktype":null,"service":null,"access":null,"motor_vehicle":null,"foot":null,"tiger_reviewed":null,"rrgh_part":0,"rrgh_tile_part":0},"geometry":{"type":"LineString","coordinates":[[-83.717768,37.551469],[-83.7179826,37.5512929],[-83.7181434,37.5511526],[-83.7185079,37.5508721],[-83.718524,37.5508169],[-83.7183793,37.5506766]]}},{"type":"Feature","properties":{"osm_id":1370688216,"highway":"service","name":null,"alt_name":null,"official_name":null,"surface":null,"tracktype":null,"service":null,"access":null,"motor_vehicle":null,"foot":null,"tiger_reviewed":null,"rrgh_part":0,"rrgh_tile_part":0},"geometry":{"type":"LineString","coordinates":[[-83.7178325,37.5522082],[-83.7176663,37.5521004],[-83.7175055,37.5519941],[-83.7174251,37.5519644],[-83.7173875,37.5519729],[-83.7173393,37.5520111],[-83.7172857,37.5521131],[-83.717207,37.552278]]}},{"type":"Feature","properties":{"osm_id":16270155,"highway":"residential","name":"Sawyer Road","alt_name":null,"official_name":null,"surface":null,"tracktype":null,"service":null,"access":null,"motor_vehicle":null,"foot":null,"tiger_reviewed":"no","rrgh_part":0,"rrgh_tile_part":0},"geometry":{"type":"LineString","coordinates":[[-83.714972,37.543708],[-83.715012,37.543826],[-83.715083,37.543978],[-83.715126,37.544242],[-83.715106,37.544317],[-83.714983,37.544618],[-83.714869,37.544938],[-83.71471,37.545281],[-83.714606,37.545464],[-83.714489,37.545631],[-83.714121,37.546019],[-83.713993,37.546104],[-83.713542,37.546315],[-83.713034,37.546507],[-83.71284,37.546614],[-83.712328,37.547028],[-83.71223,37.54714],[-83.712137,37.547293],[-83.712125,37.547353],[-83.71215,37.547621],[-83.712152,37.547771]]}},{"type":"Feature","properties":{"osm_id":16270158,"highway":"residential","name":"Peters Cemetery Road","alt_name":null,"official_name":null,"surface":null,"tracktype":null,"service":null,"access":null,"motor_vehicle":null,"foot":null,"tiger_reviewed":"no","rrgh_part":0,"rrgh_tile_part":0},"geometry":{"type":"LineString","coordinates":[[-83.714888,37.543137],[-83.714936,37.543101],[-83.715114,37.543061],[-83.715329,37.543059],[-83.715387,37.54305]]}},{"type":"Feature","properties":{"osm_id":16269671,"highway":"residential","name":"Joe Davidson Road","alt_name":null,"official_name":null,"surface":null,"tracktype":null,"service":null,"access":null,"motor_vehicle":null,"foot":null,"tiger_reviewed":"no","rrgh_part":0,"rrgh_tile_part":0},"geometry":{"type":"LineString","coordinates":[[-83.707871,37.544237],[-83.708075,37.543888],[-83.70816,37.543781],[-83.708188,37.543757],[-83.708211,37.543749],[-83.708352,37.543765],[-83.708581,37.543815],[-83.708909,37.543927],[-83.709127,37.543959],[-83.709487,37.543984],[-83.709702,37.544015],[-83.709941,37.54399],[-83.710325,37.543926],[-83.710515,37.543931],[-83.711118,37.544071],[-83.711833,37.544138],[-83.712305,37.54417],[-83.712763,37.544131],[-83.713313,37.544129],[-83.713901,37.544056],[-83.714124,37.544006],[-83.714269,37.543962],[-83.714972,37.543708]]}},{"type":"Feature","properties":{"osm_id":16270321,"highway":"residential","name":"Barbras Drive","alt_name":null,"official_name":null,"surface":null,"tracktype":null,"service":null,"access":null,"motor_vehicle":null,"foot":null,"tiger_reviewed":"no","rrgh_part":0,"rrgh_tile_part":0},"geometry":{"type":"LineString","coordinates":[[-83.713399,37.549132],[-83.713399,37.549103],[-83.713427,37.549064],[-83.713911,37.548885],[-83.714126,37.548782],[-83.714347,37.548661],[-83.714848,37.548337],[-83.714851,37.548319]]}},{"type":"Feature","properties":{"osm_id":16270323,"highway":"residential","name":"Short Ridge Road","alt_name":null,"official_name":null,"surface":null,"tracktype":null,"service":null,"access":null,"motor_vehicle":null,"foot":null,"tiger_reviewed":"no","rrgh_part":0,"rrgh_tile_part":0},"geometry":{"type":"LineString","coordinates":[[-83.707131,37.544347],[-83.70709,37.544394],[-83.70701,37.544455],[-83.706908,37.544562],[-83.706621,37.54495],[-83.706521,37.545125],[-83.706352,37.545278],[-83.706295,37.545315],[-83.706162,37.545377],[-83.706011,37.545424],[-83.705682,37.545506],[-83.705606,37.545558],[-83.705577,37.545631],[-83.705575,37.545679],[-83.705593,37.545724],[-83.705928,37.546121],[-83.706182,37.546497],[-83.706446,37.546933],[-83.706589,37.547228],[-83.706621,37.547412],[-83.706617,37.54754],[-83.706592,37.547625],[-83.706534,37.547687],[-83.706482,37.547712],[-83.706421,37.547727],[-83.705889,37.547749],[-83.705647,37.547784],[-83.705071,37.547939],[-83.704845,37.547956],[-83.704408,37.547926],[-83.70423,37.547922],[-83.704066,37.547929],[-83.703828,37.547956],[-83.703367,37.54806],[-83.703203,37.548105],[-83.702973,37.548143],[-83.702792,37.54816],[-83.702547,37.548157]]}},{"type":"Feature","properties":{"osm_id":109694598,"highway":"residential","name":"West Ridge Road","alt_name":null,"official_name":null,"surface":null,"tracktype":null,"service":null,"access":null,"motor_vehicle":null,"foot":null,"tiger_reviewed":"no","rrgh_part":0,"rrgh_tile_part":0},"geometry":{"type":"LineString","coordinates":[[-83.713769,37.552493],[-83.713433,37.552417],[-83.713223,37.552389],[-83.712952,37.552383],[-83.712776,37.552425],[-83.71259,37.552529],[-83.712404,37.552669],[-83.712139,37.55293],[-83.712048,37.553001],[-83.71182,37.553128],[-83.711515,37.553256],[-83.711325,37.553357],[-83.710991,37.553653],[-83.710918,37.553693],[-83.710719,37.553708],[-83.710612,37.553693],[-83.710547,37.553696],[-83.710471,37.553715],[-83.710397,37.553747],[-83.71029,37.553829],[-83.710251,37.553884],[-83.710169,37.55409],[-83.710154,37.554191],[-83.710164,37.554458],[-83.710156,37.554503],[-83.710139,37.554545],[-83.710066,37.554622],[-83.709989,37.554671],[-83.709725,37.554756],[-83.708682,37.555034],[-83.708455,37.555111],[-83.708269,37.555188],[-83.708135,37.555273],[-83.708036,37.555367],[-83.70799,37.555452],[-83.707989,37.555543],[-83.708065,37.555739],[-83.708169,37.555879],[-83.708586,37.556354],[-83.708898,37.556582],[-83.708944,37.556631],[-83.708998,37.556833],[-83.708983,37.556964],[-83.708937,37.557099],[-83.708734,37.557454],[-83.708636,37.557542],[-83.708407,37.557671],[-83.708037,37.557812],[-83.707989,37.557839],[-83.707948,37.557881],[-83.707761,37.558366],[-83.707446,37.558895],[-83.707257,37.55917],[-83.707177,37.559336],[-83.707121,37.559491],[-83.707108,37.559587],[-83.707127,37.559668],[-83.707149,37.559706],[-83.707217,37.559765],[-83.707397,37.559858]]}},{"type":"Feature","properties":{"osm_id":16269484,"highway":"residential","name":"Cemetery Access Rd K","alt_name":null,"official_name":null,"surface":null,"tracktype":null,"service":null,"access":null,"motor_vehicle":null,"foot":null,"tiger_reviewed":"no","rrgh_part":0,"rrgh_tile_part":0},"geometry":{"type":"LineString","coordinates":[[-83.715205,37.553915],[-83.714853,37.55419],[-83.714522,37.554418],[-83.71424,37.554595],[-83.714194,37.554642]]}},{"type":"Feature","properties":{"osm_id":1524804281,"highway":"service","name":null,"alt_name":null,"official_name":null,"surface":null,"tracktype":null,"service":null,"access":null,"motor_vehicle":null,"foot":null,"tiger_reviewed":null,"rrgh_part":0,"rrgh_tile_part":0},"geometry":{"type":"LineString","coordinates":[[-83.7132802,37.5519812],[-83.713067,37.5517779]]}},{"type":"Feature","properties":{"osm_id":109694576,"highway":"residential","name":"Pine Grove Road","alt_name":null,"official_name":null,"surface":null,"tracktype":null,"service":null,"access":null,"motor_vehicle":null,"foot":null,"tiger_reviewed":"no","rrgh_part":0,"rrgh_tile_part":0},"geometry":{"type":"LineString","coordinates":[[-83.6946667,37.5307949],[-83.694502,37.530872],[-83.694089,37.531054],[-83.693894,37.531125],[-83.692974,37.531507],[-83.692866,37.53153],[-83.692765,37.53154],[-83.69267,37.531534],[-83.692555,37.531488],[-83.692024,37.531237],[-83.691908,37.531207],[-83.691021,37.531105],[-83.690883,37.531103],[-83.690809,37.531114],[-83.690672,37.531161],[-83.69044,37.531285],[-83.690146,37.531476],[-83.689884,37.531744],[-83.689816,37.531777],[-83.689732,37.531788],[-83.689634,37.531743],[-83.689569,37.531686],[-83.689506,37.531601],[-83.68948,37.531279],[-83.689498,37.53121],[-83.689569,37.531063],[-83.689584,37.530962],[-83.689578,37.530803],[-83.68959,37.530683],[-83.689654,37.530409],[-83.689689,37.530324],[-83.689768,37.530217],[-83.689817,37.530175],[-83.689953,37.530087],[-83.690007,37.530038],[-83.690025,37.529982],[-83.690029,37.529911],[-83.689976,37.529847],[-83.689647,37.529597]]}},{"type":"Feature","properties":{"osm_id":16268481,"highway":"service","name":null,"alt_name":null,"official_name":null,"surface":null,"tracktype":null,"service":null,"access":null,"motor_vehicle":null,"foot":null,"tiger_reviewed":"no","rrgh_part":0,"rrgh_tile_part":0},"geometry":{"type":"LineString","coordinates":[[-83.69044,37.531285],[-83.69027,37.531766],[-83.690271,37.532064],[-83.690529,37.532271],[-83.690474,37.53266],[-83.690245,37.532866],[-83.6895,37.533004],[-83.688869,37.533348],[-83.688441,37.533921],[-83.687356,37.535732],[-83.686726,37.536282],[-83.686641,37.536969],[-83.686272,37.537771],[-83.685329,37.539191],[-83.685273,37.539696],[-83.684988,37.540154],[-83.684101,37.541232],[-83.684075,37.541942],[-83.684306,37.542079],[-83.684593,37.541965],[-83.684853,37.5416],[-83.685631,37.541967]]}},{"type":"Feature","properties":{"osm_id":16268514,"highway":"service","name":null,"alt_name":null,"official_name":null,"surface":null,"tracktype":null,"service":null,"access":"private","motor_vehicle":null,"foot":null,"tiger_reviewed":"no","rrgh_part":0,"rrgh_tile_part":0},"geometry":{"type":"LineString","coordinates":[[-83.695717,37.540365],[-83.695194,37.539976],[-83.694841,37.5392],[-83.694637,37.538947],[-83.694259,37.538948],[-83.694085,37.539177],[-83.693995,37.53959],[-83.694473,37.540552],[-83.694464,37.541375],[-83.694202,37.541743],[-83.693709,37.541628],[-83.693157,37.541217],[-83.692579,37.541195],[-83.691499,37.542707],[-83.68964,37.544058],[-83.688858,37.544425],[-83.6886907,37.5444649],[-83.6885863,37.5444836],[-83.6885367,37.544551],[-83.6885358,37.5446124]]}},{"type":"Feature","properties":{"osm_id":1266962661,"highway":"track","name":"Brandonburg Cemetery","alt_name":null,"official_name":null,"surface":null,"tracktype":null,"service":null,"access":null,"motor_vehicle":null,"foot":null,"tiger_reviewed":null,"rrgh_part":0,"rrgh_tile_part":0},"geometry":{"type":"LineString","coordinates":[[-83.677169,37.54305],[-83.6768606,37.5429986],[-83.6766326,37.5429205],[-83.6764685,37.5428045],[-83.6762428,37.5425773],[-83.6758372,37.5423908],[-83.6752689,37.5422067],[-83.67500000000001,37.54212907521779]]}},{"type":"Feature","properties":{"osm_id":16270094,"highway":"residential","name":"Davidson Road","alt_name":null,"official_name":null,"surface":null,"tracktype":null,"service":null,"access":null,"motor_vehicle":null,"foot":null,"tiger_reviewed":"no","rrgh_part":0,"rrgh_tile_part":0},"geometry":{"type":"LineString","coordinates":[[-83.68776,37.553356],[-83.687873,37.553326],[-83.688005,37.553305],[-83.688246,37.553312],[-83.688471,37.553357],[-83.688631,37.553406],[-83.688898,37.553539],[-83.688998,37.553622],[-83.689235,37.553766],[-83.689561,37.553876],[-83.689792,37.553991],[-83.690058,37.554147],[-83.690201,37.554254],[-83.690272,37.554337],[-83.690342,37.554478],[-83.690561,37.554718],[-83.690736,37.554994],[-83.690931,37.555381],[-83.691008,37.555488],[-83.691256,37.555763],[-83.691348,37.555958],[-83.691367,37.556265],[-83.691444,37.55642],[-83.691585,37.556566],[-83.6919,37.556842],[-83.692028,37.55699],[-83.692083,37.557072],[-83.692089,37.557148],[-83.692079,37.557178],[-83.692026,37.557306],[-83.691742,37.557607],[-83.691449,37.558083],[-83.691304,37.558542],[-83.691276,37.558781],[-83.691349,37.559341],[-83.691414,37.559551],[-83.691522,37.559687],[-83.691621,37.559788],[-83.692033,37.560043],[-83.692284,37.560169],[-83.692485,37.560289],[-83.692687,37.560426],[-83.692836,37.560592],[-83.692927,37.560715],[-83.69302,37.560807],[-83.693128,37.56085],[-83.693222,37.560875],[-83.693317,37.560883],[-83.69339,37.560872],[-83.693538,37.560828],[-83.693736,37.560802],[-83.693846,37.560798],[-83.694121,37.560891],[-83.694259,37.560928],[-83.694346,37.560935],[-83.694464,37.56092],[-83.694561,37.560857],[-83.69468,37.560801],[-83.694917,37.560648],[-83.695029,37.560592],[-83.695089,37.560523],[-83.69517,37.560484],[-83.695458,37.560396],[-83.695988,37.560283],[-83.696133,37.560303],[-83.696255,37.560369],[-83.696433,37.56057],[-83.696525,37.560694],[-83.696831,37.560978],[-83.69726,37.56128]]}},{"type":"Feature","properties":{"osm_id":16268544,"highway":"service","name":null,"alt_name":null,"official_name":null,"surface":null,"tracktype":null,"service":null,"access":null,"motor_vehicle":null,"foot":null,"tiger_reviewed":null,"rrgh_part":0,"rrgh_tile_part":0},"geometry":{"type":"LineString","coordinates":[[-83.6797327,37.5433024],[-83.6800343,37.5432248],[-83.6802435,37.5433056],[-83.6803198,37.5434262],[-83.680402,37.543797],[-83.6806098,37.5439853],[-83.6808755,37.54418],[-83.6810069,37.5443012],[-83.6811035,37.5444097],[-83.6812544,37.5444636]]}},{"type":"Feature","properties":{"osm_id":16268583,"highway":"track","name":null,"alt_name":null,"official_name":null,"surface":null,"tracktype":null,"service":null,"access":null,"motor_vehicle":null,"foot":null,"tiger_reviewed":"no","rrgh_part":0,"rrgh_tile_part":0},"geometry":{"type":"LineString","coordinates":[[-83.676551,37.554938],[-83.676694,37.554663],[-83.676694,37.554184],[-83.676838,37.553704],[-83.678419,37.551461],[-83.679453,37.549334],[-83.679511,37.548716],[-83.679425,37.548441],[-83.6792057,37.547709],[-83.6790955,37.5472143],[-83.6792645,37.5467805],[-83.679455,37.5461717],[-83.6794552,37.5458216],[-83.6792028,37.5452387],[-83.6789024,37.5445816],[-83.678425,37.5439351],[-83.678382,37.5438713],[-83.6783981,37.5438011],[-83.6786503,37.5437437],[-83.6787951,37.5436969],[-83.6791867,37.5435608],[-83.6797327,37.5433024]]}},{"type":"Feature","properties":{"osm_id":1370681826,"highway":"residential","name":null,"alt_name":null,"official_name":null,"surface":null,"tracktype":null,"service":null,"access":null,"motor_vehicle":null,"foot":null,"tiger_reviewed":null,"rrgh_part":0,"rrgh_tile_part":0},"geometry":{"type":"LineString","coordinates":[[-83.6828453,37.5598119],[-83.6821482,37.5588443],[-83.6816494,37.5582319],[-83.6813009,37.5579555],[-83.6812097,37.5578704],[-83.6811561,37.5577896],[-83.6811239,37.5576323],[-83.6811185,37.5575047],[-83.6811561,37.5573814],[-83.681081,37.5567903],[-83.6811775,37.5564841],[-83.6812419,37.5563565],[-83.6813438,37.5562162],[-83.6816173,37.5559142],[-83.6818371,37.5556378],[-83.6820087,37.5554762],[-83.6821374,37.5554039],[-83.6822179,37.5553784],[-83.6822876,37.5553742],[-83.682427,37.5553997],[-83.6826898,37.555557],[-83.6828775,37.5556421],[-83.683092,37.5556421],[-83.683151,37.5555953],[-83.6831617,37.5554592],[-83.6831188,37.5553657],[-83.6829847,37.5552168],[-83.6825235,37.5547745],[-83.6823037,37.5544641],[-83.6822125,37.5541792],[-83.6822554,37.5538007]]}},{"type":"Feature","properties":{"osm_id":16269525,"highway":"unclassified","name":"White Ash Road","alt_name":null,"official_name":null,"surface":"gravel","tracktype":null,"service":null,"access":null,"motor_vehicle":null,"foot":null,"tiger_reviewed":"no","rrgh_part":0,"rrgh_tile_part":0},"geometry":{"type":"LineString","coordinates":[[-83.76,37.575715424849705],[-83.75994,37.575723],[-83.7598,37.575764],[-83.759647,37.575832],[-83.759381,37.575901],[-83.75929,37.575906],[-83.759185,37.575893],[-83.758947,37.575894],[-83.758757,37.575878],[-83.758631,37.57585],[-83.7584,37.575782],[-83.758057,37.57565],[-83.757768,37.575583],[-83.757562,37.575567],[-83.757257,37.575513],[-83.757183,37.575512],[-83.757125,37.575526],[-83.756947,37.575534],[-83.756845,37.575531],[-83.75665,37.575494],[-83.75631,37.57548],[-83.756196,37.575462],[-83.756141,37.575446],[-83.756094,37.575412],[-83.756014,37.575273],[-83.755818,37.574913],[-83.755735,37.574814],[-83.755434,37.574563],[-83.755099,37.574266],[-83.754905,37.574142],[-83.754712,37.574042],[-83.754579,37.573923],[-83.754529,37.573855],[-83.754352,37.573547],[-83.754266,37.573314],[-83.754167,37.573006],[-83.754111,37.572681],[-83.75406,37.572607],[-83.754007,37.572574],[-83.753923,37.572531],[-83.75377,37.572497],[-83.75372,37.572502],[-83.753636,37.572543],[-83.753607,37.572573],[-83.753582,37.572647],[-83.753592,37.572847],[-83.753588,37.572917],[-83.75357,37.572985],[-83.75349,37.57313],[-83.753467,37.573245],[-83.753464,37.573302],[-83.753497,37.573564],[-83.753603,37.573745],[-83.753729,37.573875],[-83.753985,37.57407],[-83.754259,37.574333],[-83.754389,37.574498],[-83.754446,37.574642],[-83.7545,37.574817],[-83.754519,37.574932],[-83.754515,37.575165],[-83.754532,37.575494],[-83.754591,37.575736],[-83.75466,37.575909],[-83.75489,37.576342],[-83.754901,37.576449],[-83.754945,37.576582],[-83.755008,37.576672],[-83.755027,37.576766],[-83.755006,37.576835],[-83.75499,37.576854],[-83.754941,37.57688],[-83.754917,37.576887],[-83.754853,37.576882],[-83.754715,37.576813],[-83.754673,37.576779],[-83.754609,37.5767],[-83.75447,37.576456],[-83.754341,37.576303],[-83.75417,37.576169],[-83.753971,37.576067],[-83.753703,37.575963],[-83.753595,37.575886],[-83.753489,37.575745],[-83.753227,37.575348],[-83.752908,37.574973],[-83.752723,37.574812],[-83.752509,37.574658],[-83.7522,37.574475],[-83.752006,37.574398],[-83.751691,37.574296],[-83.751653,37.574263],[-83.751634,37.574227],[-83.751629,37.574136],[-83.751746,37.573836],[-83.751765,37.573723],[-83.751754,37.573621],[-83.751613,37.573235],[-83.751593,37.573141],[-83.751379,37.572721],[-83.751256,37.572333],[-83.751137,37.572041],[-83.750977,37.571747],[-83.750955,37.571686],[-83.750945,37.571562],[-83.750956,37.571503],[-83.751058,37.571222],[-83.751174,37.571015],[-83.751316,37.570815],[-83.751343,37.570762],[-83.751392,37.570584],[-83.751442,37.57024],[-83.751429,37.569993],[-83.751409,37.569889],[-83.75132,37.569676],[-83.751166,37.569404],[-83.751005,37.569156],[-83.750926,37.568964],[-83.750804,37.568603],[-83.750545,37.568094],[-83.750467,37.567867],[-83.750432,37.567814],[-83.750391,37.56778],[-83.75029,37.567739],[-83.750221,37.567726],[-83.750021,37.567713],[-83.749968,37.567693],[-83.749928,37.567658],[-83.749898,37.567603],[-83.749708,37.56698],[-83.749695,37.566899],[-83.749579,37.566491],[-83.749365,37.566172],[-83.748938,37.565465],[-83.74887,37.565355],[-83.748734,37.564985],[-83.748663,37.564694],[-83.748623,37.564445],[-83.748581,37.564265],[-83.748549,37.563991],[-83.748531,37.563948],[-83.74847,37.563887],[-83.748428,37.563869],[-83.748379,37.563861],[-83.748265,37.563864],[-83.748017,37.563904],[-83.747958,37.563899],[-83.747904,37.563882],[-83.747859,37.563856],[-83.747839,37.563816],[-83.747832,37.563748],[-83.747843,37.56365],[-83.747873,37.563551],[-83.748033,37.563215],[-83.748109,37.563019],[-83.748148,37.562878],[-83.74817,37.562737],[-83.748144,37.56252],[-83.748091,37.562358],[-83.747907,37.562104],[-83.747866,37.561987],[-83.747839,37.561831],[-83.747837,37.561722],[-83.747801,37.561573],[-83.747747,37.561427],[-83.74736,37.560636],[-83.747104,37.559955],[-83.747032,37.559809],[-83.746808,37.559557],[-83.746584,37.559334],[-83.746452,37.559191],[-83.746308,37.559081],[-83.745973,37.558937],[-83.745335,37.558621],[-83.745162,37.558552],[-83.744982,37.558495],[-83.74473,37.558444],[-83.744575,37.558438],[-83.744344,37.558468],[-83.743977,37.55854],[-83.743781,37.558553],[-83.743578,37.558525],[-83.743442,37.558483],[-83.743308,37.558426],[-83.743107,37.558294],[-83.743062,37.558237],[-83.742966,37.55806],[-83.742806,37.557837],[-83.742715,37.557792],[-83.742512,37.557732],[-83.742036,37.55761],[-83.741725,37.557542],[-83.741286,37.55746],[-83.740952,37.557415],[-83.74062,37.557396],[-83.740518,37.557401],[-83.74032,37.557422],[-83.740053,37.557481],[-83.739901,37.557541],[-83.739833,37.557579],[-83.7397,37.557672],[-83.7395551,37.5578013],[-83.739514,37.557838],[-83.739444,37.557888],[-83.739279,37.557963],[-83.738733,37.558117],[-83.738522,37.558161],[-83.737798,37.558382],[-83.737601,37.558462],[-83.737379,37.558528],[-83.737184,37.5586],[-83.7365,37.5588754],[-83.736168,37.559009],[-83.73602,37.5590583],[-83.735919,37.559092],[-83.735543,37.559187],[-83.73505,37.559273],[-83.734859,37.55932],[-83.7348218,37.5593337],[-83.734591,37.559419],[-83.73406,37.559644],[-83.733446,37.55988],[-83.733284,37.559963],[-83.733144,37.560073],[-83.732928,37.560333],[-83.732869,37.560397],[-83.7328,37.560451],[-83.732725,37.560496],[-83.732645,37.560531],[-83.732246,37.560644],[-83.732093,37.560719],[-83.731875,37.560854],[-83.731757,37.560957],[-83.731456,37.56129],[-83.731326,37.56135],[-83.731191,37.561382],[-83.730963,37.561415],[-83.730669,37.561508],[-83.730613,37.561539],[-83.730533,37.561612],[-83.7305,37.561703],[-83.7305,37.56176],[-83.730589,37.56208],[-83.730665,37.562441],[-83.730796,37.562843],[-83.730897,37.563077],[-83.73092,37.563157],[-83.730871,37.563269],[-83.730836,37.563288],[-83.730792,37.563298],[-83.73069,37.563295],[-83.730638,37.563281],[-83.730584,37.563259],[-83.730279,37.56306],[-83.73007,37.562944],[-83.729919,37.562891],[-83.729483,37.56278],[-83.7293002,37.5627512],[-83.729268,37.562746],[-83.729117,37.562738],[-83.729025,37.562742],[-83.728966,37.562756],[-83.728865,37.56285],[-83.728775,37.562985],[-83.728611,37.563351],[-83.728212,37.564113],[-83.728031,37.564438],[-83.727998,37.564707],[-83.727989,37.565156],[-83.72797,37.565296],[-83.727893,37.565655],[-83.727845,37.565966],[-83.727803,37.566631],[-83.727804,37.566975],[-83.727822,37.567321],[-83.727919,37.568568],[-83.727915,37.569057],[-83.727839,37.56953],[-83.727722,37.570008],[-83.727539,37.570563],[-83.727169,37.571322],[-83.727043,37.571566],[-83.726973,37.571728],[-83.726722,37.572095],[-83.726308,37.572621],[-83.725917,37.573057],[-83.725569,37.573499],[-83.725429,37.573656],[-83.725312,37.573759],[-83.724825,37.574089],[-83.724729,37.574168],[-83.72469,37.574225],[-83.724685,37.5742671],[-83.724681,37.574316],[-83.724692,37.574419],[-83.724795,37.574632],[-83.724901,37.574791],[-83.724955,37.574903],[-83.724979,37.574988],[-83.724981,37.575104],[-83.724932,37.575351],[-83.72474,37.576102],[-83.724451,37.577322],[-83.724293,37.577879],[-83.724225,37.5781],[-83.724129,37.578324],[-83.724005,37.578551],[-83.723838,37.578774],[-83.723662,37.578966],[-83.723543,37.579075],[-83.723476,37.579121],[-83.723396,37.579149],[-83.722986,37.579203],[-83.722837,37.579241],[-83.722542,37.579358],[-83.722362,37.579443]]}},{"type":"Feature","properties":{"osm_id":821567527,"highway":"unclassified","name":"Bell Point Road","alt_name":null,"official_name":null,"surface":null,"tracktype":null,"service":null,"access":null,"motor_vehicle":null,"foot":null,"tiger_reviewed":"no","rrgh_part":0,"rrgh_tile_part":0},"geometry":{"type":"LineString","coordinates":[[-83.748938,37.565465],[-83.748808,37.56531],[-83.748615,37.565138],[-83.748469,37.565034],[-83.748398,37.564995],[-83.74826,37.564943],[-83.748205,37.564935],[-83.748121,37.564992],[-83.748081,37.565101],[-83.748028,37.565364],[-83.748001,37.565672],[-83.74797,37.565803],[-83.747922,37.565876],[-83.747851,37.566109],[-83.747838,37.566249],[-83.747834,37.56638],[-83.747867,37.56655],[-83.747927,37.566727],[-83.748002,37.567007],[-83.74806,37.567279],[-83.748098,37.567551],[-83.748111,37.567779],[-83.748097,37.568085],[-83.748062,37.568182],[-83.74792,37.568464],[-83.747784,37.568626],[-83.747399,37.568933],[-83.7473584,37.56897],[-83.747197,37.569117],[-83.747104,37.569237],[-83.747003,37.569413],[-83.746683,37.570107],[-83.746535,37.570392],[-83.746464,37.570575],[-83.746462,37.570657],[-83.746489,37.570816],[-83.746569,37.571002],[-83.746657,37.571172],[-83.746791,37.571329],[-83.746888,37.571499],[-83.746929,37.571661],[-83.746926,37.571771],[-83.746886,37.571887],[-83.74681,37.571962],[-83.746481,37.572239],[-83.746123,37.572584],[-83.745785,37.572837],[-83.745709,37.572906],[-83.745576,37.573053],[-83.745451,37.573214],[-83.745342,37.573395],[-83.745304,37.573494],[-83.745281,37.573598],[-83.745272,37.573698],[-83.745275,37.574044],[-83.745266,37.574158],[-83.745239,37.57427],[-83.745197,37.574375],[-83.745136,37.574477],[-83.744992,37.574669],[-83.744912,37.574758],[-83.744826,37.574841],[-83.744544,37.575036],[-83.74351,37.575558],[-83.743495,37.575591]]}},{"type":"Feature","properties":{"osm_id":891926367,"highway":"service","name":null,"alt_name":null,"official_name":null,"surface":"gravel","tracktype":null,"service":null,"access":null,"motor_vehicle":null,"foot":null,"tiger_reviewed":null,"rrgh_part":0,"rrgh_tile_part":0},"geometry":{"type":"LineString","coordinates":[[-83.7490046,37.561761],[-83.748949,37.561805],[-83.7487686,37.5619481],[-83.748091,37.562358]]}},{"type":"Feature","properties":{"osm_id":968812021,"highway":"track","name":null,"alt_name":null,"official_name":null,"surface":null,"tracktype":null,"service":null,"access":null,"motor_vehicle":null,"foot":null,"tiger_reviewed":null,"rrgh_part":0,"rrgh_tile_part":0},"geometry":{"type":"LineString","coordinates":[[-83.741291,37.5756853],[-83.7412985,37.5756504],[-83.7411982,37.5754119],[-83.741268,37.5751964],[-83.7414177,37.5749395],[-83.7415442,37.5745167],[-83.7416029,37.5740009],[-83.741815,37.5736481],[-83.7420018,37.5734135],[-83.7420732,37.5732505],[-83.74209,37.5729926],[-83.7420984,37.5727164],[-83.7420018,37.5723636],[-83.7419283,37.5718778],[-83.741773,37.5711989],[-83.7416785,37.5708678],[-83.7414245,37.5704485],[-83.7417814,37.5695915],[-83.7419682,37.5691423],[-83.7419346,37.5687296],[-83.7414539,37.5677861],[-83.7414056,37.5676347],[-83.7415232,37.5669092],[-83.7415358,37.5667012],[-83.7416827,37.5665415],[-83.742048,37.5663917],[-83.7423377,37.566237],[-83.7425057,37.5661221],[-83.7426442,37.565984],[-83.7427681,37.5657344],[-83.7427639,37.5655031],[-83.7426295,37.5652901],[-83.742407,37.5650189],[-83.7423398,37.5647443],[-83.7421824,37.56429],[-83.7421782,37.5640637],[-83.7421488,37.563874],[-83.7420585,37.5636028],[-83.7420375,37.5633914],[-83.7420879,37.56323],[-83.7421677,37.5631335],[-83.7423503,37.5630203],[-83.7426337,37.5629438],[-83.742766,37.5628706],[-83.7430851,37.5627807],[-83.7435133,37.5627125],[-83.7443174,37.5623913],[-83.7445483,37.5622648],[-83.7446428,37.5618871],[-83.7446742,37.5616591],[-83.7446575,37.561263],[-83.7446407,37.5609285],[-83.7445924,37.5606689],[-83.7446281,37.5603727]]}},{"type":"Feature","properties":{"osm_id":968812018,"highway":"track","name":null,"alt_name":null,"official_name":null,"surface":null,"tracktype":null,"service":null,"access":null,"motor_vehicle":null,"foot":null,"tiger_reviewed":null,"rrgh_part":0,"rrgh_tile_part":0},"geometry":{"type":"LineString","coordinates":[[-83.7365,37.5588754],[-83.7363885,37.558796],[-83.7362629,37.5587029],[-83.7362399,37.5585626],[-83.7362494,37.5583602],[-83.7363453,37.5581717],[-83.7364466,37.5579586],[-83.7364763,37.5577519]]}},{"type":"Feature","properties":{"osm_id":968812019,"highway":"track","name":null,"alt_name":null,"official_name":null,"surface":null,"tracktype":null,"service":null,"access":null,"motor_vehicle":null,"foot":null,"tiger_reviewed":null,"rrgh_part":0,"rrgh_tile_part":0},"geometry":{"type":"LineString","coordinates":[[-83.73602,37.5590583],[-83.7360116,37.558886],[-83.7360292,37.5586011]]}},{"type":"Feature","properties":{"osm_id":968812020,"highway":"track","name":null,"alt_name":null,"official_name":null,"surface":null,"tracktype":null,"service":null,"access":null,"motor_vehicle":null,"foot":null,"tiger_reviewed":null,"rrgh_part":0,"rrgh_tile_part":0},"geometry":{"type":"LineString","coordinates":[[-83.7348218,37.5593337],[-83.7348019,37.5592777],[-83.7347973,37.5590591],[-83.7347973,37.5587314],[-83.7347996,37.5583678],[-83.7348357,37.558083],[-83.7349532,37.5578932]]}},{"type":"Feature","properties":{"osm_id":968812022,"highway":"track","name":null,"alt_name":null,"official_name":null,"surface":null,"tracktype":null,"service":null,"access":null,"motor_vehicle":null,"foot":null,"tiger_reviewed":null,"rrgh_part":0,"rrgh_tile_part":0},"geometry":{"type":"LineString","coordinates":[[-83.7378589,37.5751125],[-83.7378662,37.5750643],[-83.7376456,37.5749292],[-83.737367,37.5747407],[-83.7371621,37.5745373],[-83.7369618,37.5742372],[-83.7367427,37.5738205],[-83.7365205,37.573503],[-83.7363891,37.5733021],[-83.7363656,37.5731111],[-83.7364032,37.5729511],[-83.7365189,37.5726634],[-83.7366269,37.572362],[-83.7367724,37.5718473],[-83.7369242,37.5715547],[-83.7369539,37.5712607],[-83.7369023,37.5708862],[-83.7369868,37.5705761],[-83.7369727,37.5700676],[-83.7370165,37.5698543],[-83.7369086,37.5695604],[-83.7366817,37.5692838],[-83.7362498,37.5688621],[-83.7360245,37.5686302],[-83.7356521,37.5683772]]}},{"type":"Feature","properties":{"osm_id":16269350,"highway":"residential","name":"Dirkson Hill Road","alt_name":null,"official_name":null,"surface":null,"tracktype":null,"service":null,"access":null,"motor_vehicle":null,"foot":null,"tiger_reviewed":"no","rrgh_part":0,"rrgh_tile_part":0},"geometry":{"type":"LineString","coordinates":[[-83.743818,37.57645],[-83.743548,37.576433],[-83.743347,37.576451],[-83.742923,37.576553],[-83.742695,37.576589],[-83.742548,37.576594],[-83.742416,37.576586],[-83.74229,37.576569],[-83.742166,37.576539],[-83.742036,37.576481],[-83.741928,37.576392],[-83.74152,37.575848],[-83.741412,37.57575],[-83.741352,37.575711],[-83.741291,37.5756853],[-83.741226,37.575658],[-83.741078,37.575629],[-83.740908,37.575613],[-83.740838,37.575598],[-83.740464,37.575469],[-83.740317,37.575434],[-83.740179,37.575414],[-83.739872,37.575423],[-83.73878,37.575563],[-83.738566,37.575608],[-83.738494,37.575609],[-83.738353,37.575578],[-83.738293,37.575542],[-83.738031,37.575222],[-83.737887,37.57512],[-83.7378589,37.5751125],[-83.737827,37.575104],[-83.737686,37.575091],[-83.737607,37.575098],[-83.737451,37.575144],[-83.737382,37.575179],[-83.73716,37.57534],[-83.737099,37.575364],[-83.737042,37.575369],[-83.73698,37.575357],[-83.736861,37.575315],[-83.736795,37.575304],[-83.73673,37.575305],[-83.736621,37.57534],[-83.736559,37.575377],[-83.736503,37.575427]]}},{"type":"Feature","properties":{"osm_id":968812027,"highway":"service","name":null,"alt_name":null,"official_name":null,"surface":null,"tracktype":null,"service":null,"access":null,"motor_vehicle":null,"foot":null,"tiger_reviewed":null,"rrgh_part":0,"rrgh_tile_part":0},"geometry":{"type":"LineString","coordinates":[[-83.745431,37.582705],[-83.7455379,37.5826937],[-83.7455941,37.5825239],[-83.7456643,37.582204],[-83.7458258,37.5819257],[-83.7461453,37.5817393],[-83.7464297,37.5816391],[-83.7467527,37.5816308],[-83.746995,37.5815863],[-83.7472548,37.581589],[-83.7476551,37.5815584],[-83.7479079,37.5814666],[-83.7482133,37.5813804],[-83.7488208,37.5814249]]}},{"type":"Feature","properties":{"osm_id":1232679486,"highway":"service","name":null,"alt_name":null,"official_name":null,"surface":null,"tracktype":null,"service":null,"access":null,"motor_vehicle":null,"foot":null,"tiger_reviewed":null,"rrgh_part":0,"rrgh_tile_part":0},"geometry":{"type":"LineString","coordinates":[[-83.7473584,37.56897],[-83.7474281,37.5691657],[-83.7475461,37.5692464],[-83.7477606,37.5693229],[-83.7487151,37.5696161],[-83.7493265,37.5697266]]}},{"type":"Feature","properties":{"osm_id":968812025,"highway":"service","name":null,"alt_name":null,"official_name":null,"surface":null,"tracktype":null,"service":null,"access":null,"motor_vehicle":null,"foot":null,"tiger_reviewed":null,"rrgh_part":0,"rrgh_tile_part":0},"geometry":{"type":"LineString","coordinates":[[-83.744228,37.580149],[-83.744599,37.5800533],[-83.7450753,37.5798459],[-83.7454338,37.57968],[-83.7458002,37.5794477],[-83.7460671,37.5792403],[-83.7462922,37.5790723],[-83.7465016,37.5790122],[-83.7466481,37.579064],[-83.7469569,37.5792113],[-83.7472788,37.579317],[-83.7473847,37.5793288],[-83.7474463,37.5793357],[-83.747742,37.5792569],[-83.7481503,37.5790474]]}},{"type":"Feature","properties":{"osm_id":16269227,"highway":"residential","name":"Christy Lane","alt_name":null,"official_name":null,"surface":null,"tracktype":null,"service":null,"access":null,"motor_vehicle":null,"foot":null,"tiger_reviewed":"no","rrgh_part":0,"rrgh_tile_part":0},"geometry":{"type":"LineString","coordinates":[[-83.740317,37.575434],[-83.740331,37.575416],[-83.740329,37.575388],[-83.740131,37.57517],[-83.740044,37.575042],[-83.739919,37.574822],[-83.739846,37.57464],[-83.739726,37.574254],[-83.739592,37.573965],[-83.739489,37.573798],[-83.739322,37.573614]]}},{"type":"Feature","properties":{"osm_id":968812023,"highway":"service","name":null,"alt_name":null,"official_name":null,"surface":null,"tracktype":null,"service":null,"access":null,"motor_vehicle":null,"foot":null,"tiger_reviewed":null,"rrgh_part":0,"rrgh_tile_part":0},"geometry":{"type":"LineString","coordinates":[[-83.736559,37.575377],[-83.7364103,37.5752495],[-83.7362273,37.5749594],[-83.7359743,37.5746067],[-83.7357935,37.5742718],[-83.7356692,37.5741124]]}},{"type":"Feature","properties":{"osm_id":969808982,"highway":"track","name":null,"alt_name":null,"official_name":null,"surface":null,"tracktype":null,"service":null,"access":null,"motor_vehicle":null,"foot":null,"tiger_reviewed":null,"rrgh_part":0,"rrgh_tile_part":0},"geometry":{"type":"LineString","coordinates":[[-83.75853323769634,37.6],[-83.7585224,37.599982],[-83.7582421,37.5997483],[-83.7580218,37.5994584]]}},{"type":"Feature","properties":{"osm_id":969808983,"highway":"track","name":null,"alt_name":null,"official_name":null,"surface":null,"tracktype":null,"service":null,"access":null,"motor_vehicle":null,"foot":null,"tiger_reviewed":null,"rrgh_part":0,"rrgh_tile_part":0},"geometry":{"type":"LineString","coordinates":[[-83.7576434493489,37.6],[-83.75769,37.5997794],[-83.7577796,37.5996406],[-83.7579205,37.5995143],[-83.7580218,37.5994584],[-83.7581444,37.5993828],[-83.7582564,37.5992889],[-83.7583051,37.5992263],[-83.7583262,37.599147],[-83.7583025,37.5990603],[-83.758238,37.5990207],[-83.758126,37.5990342],[-83.7576979,37.599149],[-83.7576158,37.5992291],[-83.7575298,37.5994388],[-83.7573998,37.599599],[-83.7572606,37.5997265],[-83.7569922,37.5998514]]}},{"type":"Feature","properties":{"osm_id":16269881,"highway":"residential","name":"Cr-1380","alt_name":null,"official_name":null,"surface":null,"tracktype":null,"service":null,"access":null,"motor_vehicle":null,"foot":null,"tiger_reviewed":"no","rrgh_part":0,"rrgh_tile_part":0},"geometry":{"type":"LineString","coordinates":[[-83.740685,37.583735],[-83.740396,37.583489],[-83.740291,37.583426],[-83.740148,37.583364],[-83.740054,37.58334],[-83.739881,37.583326],[-83.739779,37.5833],[-83.739511,37.58319],[-83.73935,37.58319],[-83.73903,37.583215],[-83.738929,37.583201],[-83.738626,37.583138],[-83.73855,37.583135],[-83.738467,37.583158],[-83.738368,37.58317],[-83.738228,37.583151],[-83.738177,37.583125],[-83.737856,37.582891],[-83.737696,37.582827],[-83.737602,37.582812],[-83.737471,37.582808],[-83.737086,37.582914],[-83.736972,37.582926]]}},{"type":"Feature","properties":{"osm_id":16269218,"highway":"service","name":"Slone Hollow Road","alt_name":null,"official_name":null,"surface":null,"tracktype":null,"service":null,"access":null,"motor_vehicle":null,"foot":null,"tiger_reviewed":"no","rrgh_part":0,"rrgh_tile_part":0},"geometry":{"type":"LineString","coordinates":[[-83.732296,37.594395],[-83.732274,37.594446],[-83.732212,37.594471],[-83.731892,37.594487],[-83.731802,37.594504],[-83.731718,37.59454],[-83.731678,37.5945785],[-83.731613,37.594641],[-83.731356,37.594937]]}},{"type":"Feature","properties":{"osm_id":968812031,"highway":"service","name":null,"alt_name":null,"official_name":null,"surface":null,"tracktype":null,"service":null,"access":null,"motor_vehicle":null,"foot":null,"tiger_reviewed":null,"rrgh_part":0,"rrgh_tile_part":0},"geometry":{"type":"LineString","coordinates":[[-83.7308018,37.5928509],[-83.7306358,37.5928518],[-83.730268,37.5928408],[-83.7299818,37.592817],[-83.7295337,37.5927842],[-83.7291132,37.5927135],[-83.7288647,37.5926499],[-83.7286149,37.592623],[-83.7283689,37.5926708],[-83.7281266,37.5928886],[-83.7281014,37.5929007],[-83.7278546,37.5930191],[-83.7275229,37.5931089],[-83.7273822,37.5931805],[-83.7271576,37.5934516],[-83.7269088,37.5937432],[-83.7268553,37.5938059],[-83.7266601,37.5939889],[-83.7265068,37.5940654],[-83.7263452,37.5940122],[-83.7260702,37.5939623],[-83.7256545,37.5938858]]}},{"type":"Feature","properties":{"osm_id":16269240,"highway":"service","name":"Sloan Valley Road","alt_name":null,"official_name":null,"surface":null,"tracktype":null,"service":null,"access":null,"motor_vehicle":null,"foot":null,"tiger_reviewed":"no","rrgh_part":0,"rrgh_tile_part":0},"geometry":{"type":"LineString","coordinates":[[-83.731356,37.594937],[-83.731315,37.594984],[-83.73115,37.595157],[-83.731078,37.5952],[-83.73092,37.595267],[-83.730464,37.595414],[-83.730321,37.595433],[-83.730117,37.595426],[-83.729991,37.595401],[-83.729896,37.595358],[-83.729826,37.595307],[-83.729773,37.595245],[-83.729716,37.595133],[-83.729672,37.595004],[-83.72962,37.594918],[-83.729561,37.594863],[-83.72949,37.594826],[-83.729445,37.594817],[-83.729382,37.594822],[-83.729256,37.594869],[-83.728998,37.594997],[-83.728833,37.59506],[-83.72877,37.59507]]}},{"type":"Feature","properties":{"osm_id":16269482,"highway":"residential","name":"Fairway Road","alt_name":null,"official_name":null,"surface":null,"tracktype":null,"service":null,"access":null,"motor_vehicle":null,"foot":null,"tiger_reviewed":"no","rrgh_part":0,"rrgh_tile_part":0},"geometry":{"type":"LineString","coordinates":[[-83.716722,37.560403],[-83.716773,37.560221],[-83.716968,37.559747],[-83.717262,37.559195],[-83.717372,37.559029],[-83.717453,37.558958],[-83.717657,37.558859],[-83.717739,37.558811],[-83.717777,37.558732],[-83.717761,37.558653],[-83.717737,37.5586],[-83.7177191,37.5585452],[-83.717644,37.558315],[-83.717518,37.557697]]}},{"type":"Feature","properties":{"osm_id":16270279,"highway":"residential","name":"Cr-1102J","alt_name":null,"official_name":null,"surface":null,"tracktype":null,"service":null,"access":null,"motor_vehicle":null,"foot":null,"tiger_reviewed":"no","rrgh_part":0,"rrgh_tile_part":0},"geometry":{"type":"LineString","coordinates":[[-83.718437,37.556577],[-83.718911,37.556812],[-83.7189927,37.5568489],[-83.7192605,37.5569698],[-83.719447,37.557054],[-83.719692,37.557131],[-83.719805,37.557154],[-83.71995,37.55716],[-83.72023,37.557128],[-83.720336,37.557134],[-83.720391,37.55715],[-83.720433,37.557178],[-83.720512,37.557287]]}},{"type":"Feature","properties":{"osm_id":968775972,"highway":"service","name":null,"alt_name":null,"official_name":null,"surface":null,"tracktype":null,"service":null,"access":null,"motor_vehicle":null,"foot":null,"tiger_reviewed":null,"rrgh_part":0,"rrgh_tile_part":0},"geometry":{"type":"LineString","coordinates":[[-83.7171331,37.557827],[-83.716771,37.5572763]]}},{"type":"Feature","properties":{"osm_id":968775972,"highway":"service","name":null,"alt_name":null,"official_name":null,"surface":null,"tracktype":null,"service":null,"access":null,"motor_vehicle":null,"foot":null,"tiger_reviewed":null,"rrgh_part":1,"rrgh_tile_part":0},"geometry":{"type":"LineString","coordinates":[[-83.716771,37.5572763],[-83.7168503,37.5572386],[-83.7170452,37.5571524],[-83.717138,37.5570769],[-83.7171245,37.5570159],[-83.7170701,37.5569692],[-83.7169817,37.556971],[-83.7168888,37.5570177],[-83.716805,37.5570859],[-83.7167778,37.5571991],[-83.716771,37.5572763]]}},{"type":"Feature","properties":{"osm_id":968775975,"highway":"service","name":null,"alt_name":null,"official_name":null,"surface":null,"tracktype":null,"service":null,"access":null,"motor_vehicle":null,"foot":null,"tiger_reviewed":null,"rrgh_part":0,"rrgh_tile_part":0},"geometry":{"type":"LineString","coordinates":[[-83.7177191,37.5585452],[-83.7177548,37.5585488],[-83.7180479,37.5587661],[-83.7182476,37.5589637],[-83.7183818,37.5591717],[-83.7184998,37.5594364],[-83.7185377,37.5597635],[-83.718545,37.5600582],[-83.7186034,37.5602119],[-83.7187112,37.5603194],[-83.7188847,37.560413],[-83.7192244,37.5605228],[-83.7194883,37.5605736]]}},{"type":"Feature","properties":{"osm_id":968775975,"highway":"service","name":null,"alt_name":null,"official_name":null,"surface":null,"tracktype":null,"service":null,"access":null,"motor_vehicle":null,"foot":null,"tiger_reviewed":null,"rrgh_part":1,"rrgh_tile_part":0},"geometry":{"type":"LineString","coordinates":[[-83.7194883,37.5605736],[-83.7197624,37.5606753],[-83.7199709,37.5607724],[-83.7200773,37.5608001],[-83.7202144,37.5607874],[-83.7203208,37.5607227],[-83.7203762,37.5606406],[-83.7204068,37.5605355],[-83.7203995,37.5604003],[-83.7203893,37.5603367],[-83.7203485,37.5603066],[-83.7202391,37.5602812],[-83.7201619,37.5602824],[-83.7200321,37.5603159],[-83.7198543,37.5604338],[-83.7196997,37.560517],[-83.7194883,37.5605736]]}},{"type":"Feature","properties":{"osm_id":16269462,"highway":"residential","name":"Cr-1157F","alt_name":null,"official_name":null,"surface":null,"tracktype":null,"service":null,"access":null,"motor_vehicle":null,"foot":null,"tiger_reviewed":"no","rrgh_part":0,"rrgh_tile_part":0},"geometry":{"type":"LineString","coordinates":[[-83.715956,37.566948],[-83.715901,37.567025],[-83.71583,37.567088],[-83.715449,37.567264],[-83.715391,37.567314],[-83.715368,37.567362],[-83.715385,37.567444]]}},{"type":"Feature","properties":{"osm_id":16269543,"highway":"residential","name":"Country Club Road","alt_name":null,"official_name":null,"surface":null,"tracktype":null,"service":null,"access":null,"motor_vehicle":null,"foot":null,"tiger_reviewed":"no","rrgh_part":0,"rrgh_tile_part":0},"geometry":{"type":"LineString","coordinates":[[-83.718437,37.556577],[-83.718404,37.556903],[-83.718404,37.557231],[-83.718382,37.557312],[-83.718332,37.557396],[-83.718255,37.557475],[-83.718209,37.557506],[-83.718027,37.557573],[-83.7179368,37.5576005],[-83.717899,37.557612],[-83.717518,37.557697],[-83.717261,37.557776],[-83.7171331,37.557827],[-83.716607,37.558037],[-83.716477,37.558066],[-83.716343,37.558058],[-83.716231,37.558012],[-83.715724,37.557701],[-83.715348,37.557492],[-83.71516,37.557361]]}},{"type":"Feature","properties":{"osm_id":16269676,"highway":"residential","name":"Pearl Street","alt_name":null,"official_name":null,"surface":null,"tracktype":null,"service":null,"access":null,"motor_vehicle":null,"foot":null,"tiger_reviewed":"no","rrgh_part":0,"rrgh_tile_part":0},"geometry":{"type":"LineString","coordinates":[[-83.721871,37.564983],[-83.722194,37.564808],[-83.722304,37.56473],[-83.722401,37.56464],[-83.722998,37.563666],[-83.72314,37.563492],[-83.723182,37.563427]]}},{"type":"Feature","properties":{"osm_id":16269840,"highway":"residential","name":"Possum Hollow Road","alt_name":null,"official_name":null,"surface":null,"tracktype":null,"service":null,"access":null,"motor_vehicle":null,"foot":null,"tiger_reviewed":"no","rrgh_part":0,"rrgh_tile_part":0},"geometry":{"type":"LineString","coordinates":[[-83.716574,37.555658],[-83.716535,37.555729],[-83.716468,37.555819],[-83.716347,37.555943],[-83.716123,37.556144],[-83.715982,37.556314],[-83.71558,37.556973],[-83.715539,37.557024],[-83.715404,37.557162],[-83.715207,37.557314],[-83.71516,37.557361],[-83.715102,37.557432],[-83.715053,37.557521],[-83.714977,37.557782],[-83.714916,37.55791],[-83.7148735,37.5579654],[-83.714636,37.558275],[-83.714487,37.558422],[-83.714393,37.558576],[-83.713855,37.559143],[-83.713389,37.559529],[-83.712797,37.560065],[-83.712714,37.560117],[-83.712416,37.560344],[-83.712057,37.560677],[-83.711852,37.560845],[-83.711686,37.560943],[-83.711511,37.561022],[-83.71128,37.561083],[-83.71112,37.561147],[-83.710767,37.561324],[-83.710527,37.561468],[-83.710251,37.561684],[-83.710122,37.56182],[-83.710038,37.561929],[-83.709975,37.562064],[-83.709921,37.562265]]}},{"type":"Feature","properties":{"osm_id":16270263,"highway":"residential","name":"Spicer Drive","alt_name":null,"official_name":null,"surface":null,"tracktype":null,"service":null,"access":null,"motor_vehicle":null,"foot":null,"tiger_reviewed":"no","rrgh_part":0,"rrgh_tile_part":0},"geometry":{"type":"LineString","coordinates":[[-83.715385,37.567444],[-83.715493,37.567584],[-83.715703,37.567954],[-83.715758,37.568072]]}},{"type":"Feature","properties":{"osm_id":16270264,"highway":"residential","name":"Spicer Drive","alt_name":null,"official_name":null,"surface":null,"tracktype":null,"service":null,"access":null,"motor_vehicle":null,"foot":null,"tiger_reviewed":"no","rrgh_part":0,"rrgh_tile_part":0},"geometry":{"type":"LineString","coordinates":[[-83.716051,37.568434],[-83.715758,37.568072],[-83.715775,37.568218],[-83.715756,37.568595],[-83.715769,37.568673],[-83.715795,37.568748],[-83.715838,37.568814],[-83.715917,37.568887],[-83.71595,37.568903],[-83.716026,37.568917],[-83.716105,37.568907],[-83.716161,37.568872],[-83.716192,37.568803],[-83.716189,37.568721],[-83.716155,37.568607],[-83.716051,37.568434]]}},{"type":"Feature","properties":{"osm_id":16270329,"highway":"residential","name":"Proctor Bottom Road","alt_name":null,"official_name":null,"surface":"asphalt","tracktype":null,"service":null,"access":null,"motor_vehicle":null,"foot":null,"tiger_reviewed":"no","rrgh_part":0,"rrgh_tile_part":0},"geometry":{"type":"LineString","coordinates":[[-83.721871,37.564983],[-83.721812,37.565047],[-83.721734,37.565181],[-83.721658,37.565372],[-83.721584,37.565747],[-83.721575,37.565967],[-83.72156,37.566036],[-83.72144,37.566334],[-83.721384,37.566769],[-83.721238,37.567123],[-83.721159,37.567232],[-83.721035,37.567465],[-83.720999,37.567549],[-83.720942,37.567792],[-83.720855,37.567921],[-83.720415,37.568406],[-83.720075,37.568827],[-83.719809,37.569085],[-83.71971,37.569202],[-83.719431,37.569738],[-83.719257,37.570016],[-83.718876,37.57048],[-83.718375,37.571053],[-83.718161,37.571233],[-83.717948,37.571517],[-83.717798,37.571597],[-83.717477,37.571721],[-83.717407,37.571771],[-83.717387,37.5718],[-83.717373,37.571854],[-83.717386,37.572022],[-83.717353,37.572068],[-83.717324,37.572085],[-83.717243,37.572103],[-83.716454,37.57221],[-83.71626,37.572226],[-83.716077,37.572211],[-83.715953,37.572185],[-83.715715,37.572114],[-83.715198,37.571918],[-83.714897,37.571825],[-83.714541,37.571649],[-83.714294,37.571573],[-83.714101,37.571526],[-83.713996,37.571487],[-83.713938,37.571452]]}},{"type":"Feature","properties":{"osm_id":16270344,"highway":"residential","name":"Proctor Hill Road","alt_name":null,"official_name":null,"surface":null,"tracktype":null,"service":null,"access":null,"motor_vehicle":null,"foot":null,"tiger_reviewed":"no","rrgh_part":0,"rrgh_tile_part":0},"geometry":{"type":"LineString","coordinates":[[-83.713401,37.566982],[-83.714264,37.566699],[-83.71521,37.566292],[-83.715342,37.566254],[-83.715408,37.566247],[-83.715474,37.566252],[-83.715536,37.566274],[-83.71559,37.56631],[-83.715632,37.566354],[-83.71569,37.566459],[-83.715795,37.566797],[-83.715834,37.566853],[-83.715884,37.566902],[-83.715956,37.566948],[-83.716074,37.567001],[-83.716205,37.567034],[-83.716863,37.567137],[-83.717638,37.567275],[-83.717777,37.567285],[-83.717846,37.56728],[-83.717952,37.567256],[-83.718042,37.567236],[-83.718195,37.567157],[-83.718453,37.566932],[-83.71868,37.566797],[-83.718931,37.566677],[-83.719278,37.566512],[-83.719453,37.56641],[-83.7201114,37.5658828],[-83.720306,37.565727],[-83.720579,37.565474],[-83.720669,37.565404],[-83.720752,37.565364],[-83.720974,37.5653],[-83.721337,37.565135],[-83.721607,37.565028],[-83.721707,37.564999],[-83.721871,37.564983]]}},{"type":"Feature","properties":{"osm_id":16270327,"highway":"residential","name":"Blaines Branch Road","alt_name":null,"official_name":null,"surface":null,"tracktype":null,"service":null,"access":null,"motor_vehicle":null,"foot":null,"tiger_reviewed":"no","rrgh_part":0,"rrgh_tile_part":0},"geometry":{"type":"LineString","coordinates":[[-83.67500000000001,37.567113019933565],[-83.675517,37.567472],[-83.675702,37.567542],[-83.675998,37.567593],[-83.676527,37.567751],[-83.676888,37.567785],[-83.677034,37.567835],[-83.677093,37.567877],[-83.677137,37.567934],[-83.677215,37.568132],[-83.677266,37.568183],[-83.677342,37.568223],[-83.678019,37.568457],[-83.678142,37.568494],[-83.6785,37.568574],[-83.678731,37.568645],[-83.678957,37.568742],[-83.67917,37.568856],[-83.679356,37.568977],[-83.679418,37.569041],[-83.679589,37.569322],[-83.679847,37.56993],[-83.679861,37.570369],[-83.68008,37.570958],[-83.680374,37.571223],[-83.680387,37.571235],[-83.680503,37.571328],[-83.680824,37.571409],[-83.681058,37.571628],[-83.681195,37.571832],[-83.681366,37.572008],[-83.681628,37.572325],[-83.681704,37.572395],[-83.682092,37.57268],[-83.682125,37.572717],[-83.682203,37.572805],[-83.682241,37.572873],[-83.682256,37.572943],[-83.682249,37.573012],[-83.682235,37.573156],[-83.682249,37.573228],[-83.682284,37.5733],[-83.68244,37.573534],[-83.682589,37.573869],[-83.682633,37.573941],[-83.68269,37.574002],[-83.682766,37.574051],[-83.682855,37.574084],[-83.682954,37.574103],[-83.68339,37.574138],[-83.68359,37.574199],[-83.683761,37.574295],[-83.683833,37.574357],[-83.684092,37.57466],[-83.684271,37.574778],[-83.684465,37.574868],[-83.684664,37.574932],[-83.685045,37.575016],[-83.685315,37.57513],[-83.685598,37.575276],[-83.685819,37.57536],[-83.68605,37.575417],[-83.686292,37.575459],[-83.687029,37.575557],[-83.687263,37.575598],[-83.687484,37.575665],[-83.687793,37.57579],[-83.687999,37.575854],[-83.688108,37.575872],[-83.68819,37.575874],[-83.688215,37.575875],[-83.688535,37.575848],[-83.688764,37.57585],[-83.688877,37.575865],[-83.688988,37.575892],[-83.689409,37.576021],[-83.689629,37.576064],[-83.689844,37.576062],[-83.68995,37.576052],[-83.690053,37.576025],[-83.690159,37.576016],[-83.69037,37.576022],[-83.690573,37.576081],[-83.690977,37.576223],[-83.691085,37.576246],[-83.691308,37.576269],[-83.691422,37.576271],[-83.691488,37.576266],[-83.691644,37.576253],[-83.692001,37.576192],[-83.692112,37.576173],[-83.692363,37.576183],[-83.692522,37.576212],[-83.692717,37.576268],[-83.692857,37.576328],[-83.693027,37.576449],[-83.693319,37.576686],[-83.693537,37.576821],[-83.69371,37.576945],[-83.693897,37.577126],[-83.694016,37.577265],[-83.694242,37.57746],[-83.694416,37.577533],[-83.694744,37.577592],[-83.694964,37.577618],[-83.695141,37.577628],[-83.695283,37.57765]]}},{"type":"Feature","properties":{"osm_id":16268706,"highway":"service","name":null,"alt_name":null,"official_name":null,"surface":null,"tracktype":null,"service":null,"access":"private","motor_vehicle":null,"foot":null,"tiger_reviewed":"no","rrgh_part":0,"rrgh_tile_part":0},"geometry":{"type":"LineString","coordinates":[[-83.717952,37.567256],[-83.7180281,37.5672961],[-83.7181229,37.5674473],[-83.7182414,37.5676606],[-83.7184271,37.5681059]]}},{"type":"Feature","properties":{"osm_id":16270005,"highway":"residential","name":"C & L Couch Road","alt_name":null,"official_name":null,"surface":null,"tracktype":null,"service":null,"access":null,"motor_vehicle":null,"foot":null,"tiger_reviewed":"no","rrgh_part":0,"rrgh_tile_part":0},"geometry":{"type":"LineString","coordinates":[[-83.718931,37.566677],[-83.71882,37.566532],[-83.718683,37.56633],[-83.718606,37.56612],[-83.718642,37.565936],[-83.718855,37.565682],[-83.719068,37.565363],[-83.719283,37.565102],[-83.719458,37.564882],[-83.719604,37.564688],[-83.719731,37.564594],[-83.719967,37.56444],[-83.720194,37.564311]]}},{"type":"Feature","properties":{"osm_id":968775978,"highway":"service","name":null,"alt_name":null,"official_name":null,"surface":null,"tracktype":null,"service":null,"access":null,"motor_vehicle":null,"foot":null,"tiger_reviewed":null,"rrgh_part":0,"rrgh_tile_part":0},"geometry":{"type":"LineString","coordinates":[[-83.7201114,37.5658828],[-83.7200379,37.5658174],[-83.7199089,37.5657814],[-83.7196617,37.5657641],[-83.7194854,37.565731],[-83.7193473,37.5656719],[-83.7192019,37.5655869],[-83.7191183,37.5654832],[-83.719068,37.565363]]}},{"type":"Feature","properties":{"osm_id":16268253,"highway":"service","name":null,"alt_name":null,"official_name":null,"surface":null,"tracktype":null,"service":null,"access":"private","motor_vehicle":null,"foot":null,"tiger_reviewed":"no","rrgh_part":0,"rrgh_tile_part":0},"geometry":{"type":"LineString","coordinates":[[-83.710744,37.557248],[-83.7115652,37.5577724],[-83.7117877,37.5577928],[-83.7120543,37.5576445]]}},{"type":"Feature","properties":{"osm_id":800861943,"highway":"service","name":null,"alt_name":null,"official_name":null,"surface":null,"tracktype":null,"service":null,"access":null,"motor_vehicle":null,"foot":null,"tiger_reviewed":null,"rrgh_part":0,"rrgh_tile_part":0},"geometry":{"type":"LineString","coordinates":[[-83.7117406,37.5565386],[-83.7114556,37.5563947],[-83.710932,37.5567302],[-83.7111456,37.5569599]]}},{"type":"Feature","properties":{"osm_id":1370688217,"highway":"service","name":null,"alt_name":null,"official_name":null,"surface":null,"tracktype":null,"service":null,"access":null,"motor_vehicle":null,"foot":null,"tiger_reviewed":null,"rrgh_part":0,"rrgh_tile_part":0},"geometry":{"type":"LineString","coordinates":[[-83.710388,37.5575034],[-83.7104416,37.5575685],[-83.7105327,37.5579977]]}},{"type":"Feature","properties":{"osm_id":16268797,"highway":"residential","name":null,"alt_name":null,"official_name":null,"surface":null,"tracktype":null,"service":null,"access":null,"motor_vehicle":null,"foot":null,"tiger_reviewed":"no","rrgh_part":0,"rrgh_tile_part":0},"geometry":{"type":"LineString","coordinates":[[-83.707127,37.559668],[-83.706763,37.559564],[-83.706178,37.559404],[-83.70553,37.559217]]}},{"type":"Feature","properties":{"osm_id":16269068,"highway":"residential","name":"River Street","alt_name":null,"official_name":null,"surface":null,"tracktype":null,"service":null,"access":null,"motor_vehicle":null,"foot":null,"tiger_reviewed":"no","rrgh_part":0,"rrgh_tile_part":0},"geometry":{"type":"LineString","coordinates":[[-83.7073714,37.5683726],[-83.707505,37.568507],[-83.707543,37.568564],[-83.707553,37.568639],[-83.707528,37.568789],[-83.707554,37.568841],[-83.707581,37.568859],[-83.709176,37.569281]]}},{"type":"Feature","properties":{"osm_id":16269508,"highway":"residential","name":"Cr-1101A","alt_name":null,"official_name":null,"surface":null,"tracktype":null,"service":null,"access":null,"motor_vehicle":null,"foot":null,"tiger_reviewed":"no","rrgh_part":0,"rrgh_tile_part":0},"geometry":{"type":"LineString","coordinates":[[-83.706113,37.566811],[-83.705904,37.566951],[-83.705347,37.567409],[-83.704957,37.567715],[-83.704748,37.567863],[-83.704612,37.567967],[-83.704492,37.568038],[-83.704123,37.568166],[-83.703832,37.568307],[-83.703777,37.56841],[-83.703787,37.568535],[-83.70381,37.568639]]}},{"type":"Feature","properties":{"osm_id":16269640,"highway":"residential","name":"Noe Mt Road","alt_name":null,"official_name":null,"surface":null,"tracktype":null,"service":null,"access":null,"motor_vehicle":null,"foot":null,"tiger_reviewed":"no","rrgh_part":0,"rrgh_tile_part":0},"geometry":{"type":"LineString","coordinates":[[-83.701856,37.56362],[-83.701732,37.5637],[-83.701481,37.563809],[-83.701198,37.563991],[-83.700988,37.564195],[-83.700953,37.56426],[-83.700947,37.564295],[-83.700958,37.56433],[-83.700984,37.564363],[-83.701057,37.564433],[-83.70127,37.564606],[-83.701366,37.564663],[-83.701427,37.564674],[-83.70149,37.564667],[-83.701616,37.564624],[-83.701746,37.564564],[-83.701815,37.564551],[-83.701879,37.564551],[-83.701931,37.564567],[-83.701985,37.564606],[-83.702012,37.564643],[-83.70204,37.564726],[-83.702024,37.564793],[-83.702029,37.5649],[-83.70208,37.565017],[-83.70213,37.56508],[-83.702153,37.565093],[-83.702211,37.565105],[-83.702275,37.565107],[-83.702422,37.565089],[-83.702511,37.565097],[-83.702652,37.565157],[-83.702724,37.565231]]}},{"type":"Feature","properties":{"osm_id":1349766445,"highway":"service","name":null,"alt_name":null,"official_name":null,"surface":null,"tracktype":null,"service":null,"access":null,"motor_vehicle":null,"foot":null,"tiger_reviewed":null,"rrgh_part":0,"rrgh_tile_part":0},"geometry":{"type":"LineString","coordinates":[[-83.7066488,37.5685812],[-83.706646,37.5683594]]}},{"type":"Feature","properties":{"osm_id":1349766445,"highway":"service","name":null,"alt_name":null,"official_name":null,"surface":null,"tracktype":null,"service":null,"access":null,"motor_vehicle":null,"foot":null,"tiger_reviewed":null,"rrgh_part":1,"rrgh_tile_part":0},"geometry":{"type":"LineString","coordinates":[[-83.706646,37.5683594],[-83.7068173,37.5683111],[-83.7068576,37.5682633],[-83.7068589,37.5681804],[-83.7068026,37.5680719],[-83.7067261,37.5679773],[-83.7066537,37.567955],[-83.7064365,37.5680113],[-83.7063976,37.5680496],[-83.7063882,37.5680996],[-83.7064834,37.568394],[-83.706646,37.5683594]]}},{"type":"Feature","properties":{"osm_id":16270443,"highway":"residential","name":"Hall Road","alt_name":null,"official_name":null,"surface":null,"tracktype":null,"service":null,"access":null,"motor_vehicle":null,"foot":null,"tiger_reviewed":"no","rrgh_part":0,"rrgh_tile_part":0},"geometry":{"type":"LineString","coordinates":[[-83.710969,37.562788],[-83.711039,37.562748],[-83.71118,37.562715],[-83.711674,37.562566],[-83.711827,37.562537],[-83.711976,37.562522],[-83.712285,37.562512],[-83.71249,37.562527],[-83.712614,37.562573],[-83.712748,37.562678]]}},{"type":"Feature","properties":{"osm_id":968775977,"highway":"service","name":null,"alt_name":null,"official_name":null,"surface":null,"tracktype":null,"service":null,"access":null,"motor_vehicle":null,"foot":null,"tiger_reviewed":null,"rrgh_part":0,"rrgh_tile_part":0},"geometry":{"type":"LineString","coordinates":[[-83.7121176,37.5651344],[-83.7123242,37.5650758],[-83.7126196,37.5650091],[-83.7127389,37.5649843],[-83.7128739,37.5649316],[-83.7133316,37.5647998],[-83.7136113,37.564727],[-83.7138128,37.5646293],[-83.7139243,37.5645316]]}},{"type":"Feature","properties":{"osm_id":16268730,"highway":"residential","name":"Proctor Bottom Road","alt_name":null,"official_name":null,"surface":"asphalt","tracktype":null,"service":null,"access":null,"motor_vehicle":null,"foot":null,"tiger_reviewed":"no","rrgh_part":0,"rrgh_tile_part":0},"geometry":{"type":"LineString","coordinates":[[-83.717407,37.571771],[-83.71714,37.571659],[-83.716845,37.5714],[-83.716712,37.571159],[-83.71663,37.570928],[-83.716558,37.570779],[-83.716486,37.570695],[-83.716384,37.570709],[-83.716251,37.570898]]}},{"type":"Feature","properties":{"osm_id":16269027,"highway":"residential","name":"Sewer Plant Road","alt_name":null,"official_name":null,"surface":null,"tracktype":null,"service":null,"access":null,"motor_vehicle":null,"foot":null,"tiger_reviewed":"no","rrgh_part":0,"rrgh_tile_part":0},"geometry":{"type":"LineString","coordinates":[[-83.722499,37.578698],[-83.7221525,37.5789605],[-83.722412,37.579031],[-83.722495,37.579036],[-83.722576,37.57902],[-83.722691,37.578947],[-83.722861,37.578801],[-83.722878,37.578763],[-83.722859,37.578711],[-83.722824,37.578666],[-83.722777,37.578632],[-83.722718,37.57862],[-83.722616,37.578637],[-83.722499,37.578698]]}},{"type":"Feature","properties":{"osm_id":16269203,"highway":"residential","name":"Valley Road","alt_name":null,"official_name":null,"surface":null,"tracktype":null,"service":null,"access":null,"motor_vehicle":null,"foot":null,"tiger_reviewed":"no","rrgh_part":0,"rrgh_tile_part":0},"geometry":{"type":"LineString","coordinates":[[-83.718325,37.580423],[-83.718263,37.580696],[-83.718197,37.580812],[-83.718117,37.580915],[-83.717854,37.581198],[-83.717763,37.581343],[-83.717737,37.581476],[-83.71774,37.581527],[-83.717764,37.581572],[-83.717842,37.581653],[-83.717886,37.581732],[-83.717911,37.581837],[-83.717906,37.581901]]}},{"type":"Feature","properties":{"osm_id":16269302,"highway":"residential","name":"Happy Top Road","alt_name":null,"official_name":null,"surface":"asphalt","tracktype":null,"service":null,"access":null,"motor_vehicle":null,"foot":null,"tiger_reviewed":"no","rrgh_part":0,"rrgh_tile_part":0},"geometry":{"type":"LineString","coordinates":[[-83.720501,37.579438],[-83.720477,37.579398],[-83.720511,37.579355],[-83.720677,37.579273],[-83.720839,37.579254],[-83.721216,37.579164],[-83.721457,37.579121],[-83.721518,37.5791],[-83.721777,37.578855],[-83.722158,37.578533],[-83.722312,37.578374],[-83.722444,37.578193],[-83.722564,37.577996],[-83.722662,37.577701],[-83.722674,37.577624],[-83.722675,37.577463],[-83.72265,37.577218],[-83.722646,37.577058],[-83.722745,37.5764],[-83.722749,37.576322],[-83.722732,37.576172],[-83.722686,37.576029],[-83.722588,37.575833],[-83.722458,37.575662],[-83.722345,37.575566],[-83.722192,37.575505],[-83.722103,37.575487],[-83.721908,37.575474],[-83.721693,37.57548],[-83.720898,37.575537],[-83.720654,37.575536],[-83.720102,37.575486],[-83.71981,37.575496],[-83.719237,37.575539],[-83.718297,37.575656],[-83.7180803,37.575688],[-83.7178975,37.5757231],[-83.717495,37.575818],[-83.716933,37.576015],[-83.716757,37.576054],[-83.716666,37.576065],[-83.716574,37.576067],[-83.716484,37.576057],[-83.716395,37.576034],[-83.716309,37.576001],[-83.716229,37.575958],[-83.715956,37.57576]]}},{"type":"Feature","properties":{"osm_id":16269304,"highway":"residential","name":"Happy Top Road","alt_name":null,"official_name":null,"surface":null,"tracktype":null,"service":null,"access":null,"motor_vehicle":null,"foot":null,"tiger_reviewed":"no","rrgh_part":0,"rrgh_tile_part":0},"geometry":{"type":"LineString","coordinates":[[-83.722194,37.579822],[-83.722305,37.57983],[-83.722596,37.579912],[-83.722688,37.57992],[-83.72347,37.57974],[-83.723792,37.579657],[-83.723854,37.579655],[-83.723878,37.579664],[-83.723893,37.579684],[-83.723901,37.579723],[-83.723836,37.579824],[-83.723671,37.580015],[-83.723498,37.580185]]}},{"type":"Feature","properties":{"osm_id":16269604,"highway":"residential","name":"Wade Ridge Road","alt_name":null,"official_name":null,"surface":null,"tracktype":null,"service":null,"access":null,"motor_vehicle":null,"foot":null,"tiger_reviewed":"no","rrgh_part":0,"rrgh_tile_part":0},"geometry":{"type":"LineString","coordinates":[[-83.727256,37.579055],[-83.727281,37.579138],[-83.727448,37.579528],[-83.727503,37.579707],[-83.727553,37.579969],[-83.727577,37.580214],[-83.727563,37.580377],[-83.727383,37.581254],[-83.727341,37.58142],[-83.727222,37.581641],[-83.727021,37.581903],[-83.72695,37.582041],[-83.726914,37.582198],[-83.726883,37.582454],[-83.726834,37.582699],[-83.726775,37.582864],[-83.726648,37.583136],[-83.72655,37.583326],[-83.726432,37.583514],[-83.726301,37.5837],[-83.726084,37.583975],[-83.725957,37.58417],[-83.725858,37.584371],[-83.725739,37.584672],[-83.725546,37.585249],[-83.725479,37.58556],[-83.725391,37.586229],[-83.725247,37.586835],[-83.725188,37.586998],[-83.725106,37.587123],[-83.725053,37.58717],[-83.724643,37.587457]]}},{"type":"Feature","properties":{"osm_id":16269665,"highway":"residential","name":"Boone Avenue","alt_name":null,"official_name":null,"surface":null,"tracktype":null,"service":null,"access":null,"motor_vehicle":null,"foot":null,"tiger_reviewed":"no","rrgh_part":0,"rrgh_tile_part":0},"geometry":{"type":"LineString","coordinates":[[-83.715203,37.579101],[-83.715227,37.579115],[-83.715568,37.579204],[-83.715719,37.579264],[-83.715921,37.579363],[-83.716514,37.579694],[-83.716837,37.579864],[-83.716892,37.579901],[-83.717445,37.580194],[-83.717606,37.580257],[-83.717778,37.580312],[-83.718325,37.580423],[-83.718651,37.580479],[-83.719097,37.580527],[-83.719367,37.580527],[-83.71958,37.580496],[-83.719739,37.580429],[-83.720002,37.580204],[-83.7202,37.580007],[-83.720256,37.579933],[-83.720286,37.579864],[-83.720292,37.579825],[-83.720284,37.579755],[-83.720213,37.579492]]}},{"type":"Feature","properties":{"osm_id":16269669,"highway":"residential","name":"Lexington Avenue","alt_name":null,"official_name":null,"surface":null,"tracktype":null,"service":null,"access":null,"motor_vehicle":null,"foot":null,"tiger_reviewed":"no","rrgh_part":0,"rrgh_tile_part":0},"geometry":{"type":"LineString","coordinates":[[-83.714558,37.581143],[-83.714709,37.581245],[-83.715701,37.581839],[-83.71643,37.582287]]}},{"type":"Feature","properties":{"osm_id":16269725,"highway":"residential","name":"Railroad Street","alt_name":null,"official_name":null,"surface":null,"tracktype":null,"service":null,"access":null,"motor_vehicle":null,"foot":null,"tiger_reviewed":"no","rrgh_part":0,"rrgh_tile_part":0},"geometry":{"type":"LineString","coordinates":[[-83.711519,37.5739],[-83.711825,37.573904],[-83.712018,37.573897],[-83.71276,37.573921],[-83.713478,37.573902],[-83.713649,37.573919],[-83.714095,37.574003],[-83.714421,37.574043],[-83.714592,37.574083],[-83.714956,37.574189],[-83.7150212,37.5742431],[-83.715044,37.574262],[-83.715104,37.574287],[-83.715703,37.574411],[-83.716009,37.574439],[-83.716067,37.574453],[-83.716181,37.574488],[-83.716227,37.574513],[-83.71637,37.574604],[-83.716383,37.57462]]}},{"type":"Feature","properties":{"osm_id":16270070,"highway":"unclassified","name":"Cr-1200","alt_name":null,"official_name":null,"surface":null,"tracktype":null,"service":null,"access":null,"motor_vehicle":null,"foot":null,"tiger_reviewed":"no","rrgh_part":0,"rrgh_tile_part":0},"geometry":{"type":"LineString","coordinates":[[-83.722362,37.579443],[-83.722188,37.579526],[-83.722144,37.579546]]}},{"type":"Feature","properties":{"osm_id":296097002,"highway":"residential","name":"Carlisle Avenue","alt_name":null,"official_name":null,"surface":null,"tracktype":null,"service":null,"access":null,"motor_vehicle":null,"foot":null,"tiger_reviewed":"no","rrgh_part":0,"rrgh_tile_part":0},"geometry":{"type":"LineString","coordinates":[[-83.712518,37.577697],[-83.712733,37.577878],[-83.712821,37.577939],[-83.713045,37.578072],[-83.713128,37.578133],[-83.713262,37.578264],[-83.713379,37.5784],[-83.714177,37.579237],[-83.714963,37.580166],[-83.715213,37.580372],[-83.715582,37.580615],[-83.716004,37.580917],[-83.716246,37.581066],[-83.716358,37.58117],[-83.7164,37.58123],[-83.716428,37.581296],[-83.716455,37.581445],[-83.716478,37.581703],[-83.716481,37.581957],[-83.71643,37.582287],[-83.716418,37.582659],[-83.716381,37.583013],[-83.716361,37.583362],[-83.716353,37.583612],[-83.716371,37.58379],[-83.716432,37.583956],[-83.71646,37.584004]]}},{"type":"Feature","properties":{"osm_id":16268810,"highway":"service","name":null,"alt_name":null,"official_name":null,"surface":null,"tracktype":null,"service":null,"access":"private","motor_vehicle":null,"foot":null,"tiger_reviewed":"no","rrgh_part":0,"rrgh_tile_part":0},"geometry":{"type":"LineString","coordinates":[[-83.720731,37.579944],[-83.720736,37.58014],[-83.720738,37.58019]]}},{"type":"Feature","properties":{"osm_id":16269028,"highway":"residential","name":"Sewer Plant Road","alt_name":null,"official_name":null,"surface":null,"tracktype":null,"service":null,"access":null,"motor_vehicle":null,"foot":null,"tiger_reviewed":"no","rrgh_part":0,"rrgh_tile_part":0},"geometry":{"type":"LineString","coordinates":[[-83.721702,37.579284],[-83.7221525,37.5789605]]}},{"type":"Feature","properties":{"osm_id":16269791,"highway":"residential","name":"Cs-1033","alt_name":null,"official_name":null,"surface":null,"tracktype":null,"service":null,"access":null,"motor_vehicle":null,"foot":null,"tiger_reviewed":"no","rrgh_part":0,"rrgh_tile_part":0},"geometry":{"type":"LineString","coordinates":[[-83.721409,37.579265],[-83.721442,37.579235],[-83.721518,37.5791]]}},{"type":"Feature","properties":{"osm_id":16269835,"highway":"residential","name":"Short Street","alt_name":null,"official_name":null,"surface":null,"tracktype":null,"service":null,"access":null,"motor_vehicle":null,"foot":null,"tiger_reviewed":"no","rrgh_part":0,"rrgh_tile_part":0},"geometry":{"type":"LineString","coordinates":[[-83.716111,37.578623],[-83.716056,37.578764],[-83.715929,37.579009],[-83.715719,37.579264]]}},{"type":"Feature","properties":{"osm_id":16269868,"highway":"residential","name":"Best Place Boulevard","alt_name":null,"official_name":null,"surface":null,"tracktype":null,"service":null,"access":null,"motor_vehicle":null,"foot":null,"tiger_reviewed":"no","rrgh_part":0,"rrgh_tile_part":0},"geometry":{"type":"LineString","coordinates":[[-83.720677,37.579273],[-83.72035,37.57934],[-83.720291,37.579366],[-83.72028,37.579382]]}},{"type":"Feature","properties":{"osm_id":16270007,"highway":"residential","name":"Mirey Creek Road","alt_name":null,"official_name":null,"surface":null,"tracktype":null,"service":null,"access":null,"motor_vehicle":null,"foot":null,"tiger_reviewed":"no","rrgh_part":0,"rrgh_tile_part":0},"geometry":{"type":"LineString","coordinates":[[-83.720286,37.579864],[-83.720461,37.579896],[-83.720731,37.579944],[-83.720778,37.579953],[-83.721121,37.579964],[-83.72153,37.579935],[-83.722194,37.579822]]}},{"type":"Feature","properties":{"osm_id":16268231,"highway":"residential","name":"Walnut Street","alt_name":null,"official_name":null,"surface":"asphalt","tracktype":null,"service":null,"access":null,"motor_vehicle":null,"foot":null,"tiger_reviewed":"no","rrgh_part":0,"rrgh_tile_part":0},"geometry":{"type":"LineString","coordinates":[[-83.710034,37.574083],[-83.710105,37.574008],[-83.710155,37.573919],[-83.7104563,37.5734786],[-83.710482,37.573441]]}},{"type":"Feature","properties":{"osm_id":16269228,"highway":"residential","name":"Proctor Bottom Road","alt_name":"1st Street","official_name":null,"surface":"asphalt","tracktype":null,"service":null,"access":null,"motor_vehicle":null,"foot":null,"tiger_reviewed":"no","rrgh_part":0,"rrgh_tile_part":0},"geometry":{"type":"LineString","coordinates":[[-83.714011,37.570809],[-83.714029,37.570818],[-83.714035,37.570844],[-83.714027,37.570941],[-83.713901,37.571253],[-83.713876,37.571366],[-83.713938,37.571452]]}},{"type":"Feature","properties":{"osm_id":16269262,"highway":"unclassified","name":"Center Street","alt_name":null,"official_name":null,"surface":"asphalt","tracktype":null,"service":null,"access":null,"motor_vehicle":null,"foot":null,"tiger_reviewed":"no","rrgh_part":0,"rrgh_tile_part":0},"geometry":{"type":"LineString","coordinates":[[-83.71079,37.572232],[-83.710654,37.572329],[-83.710491,37.572492],[-83.71009,37.573051],[-83.7099746,37.5731736],[-83.70993,37.573221],[-83.7098927,37.5732784],[-83.7097708,37.573466],[-83.709511,37.57389]]}},{"type":"Feature","properties":{"osm_id":16269586,"highway":"residential","name":"Elm Street","alt_name":null,"official_name":null,"surface":null,"tracktype":null,"service":null,"access":null,"motor_vehicle":null,"foot":null,"tiger_reviewed":"no","rrgh_part":0,"rrgh_tile_part":0},"geometry":{"type":"LineString","coordinates":[[-83.7105755,37.5743144],[-83.7105873,37.5742703],[-83.7107222,37.5741314],[-83.71082,37.573931],[-83.7109748,37.5736813],[-83.711001,37.573639]]}},{"type":"Feature","properties":{"osm_id":16269679,"highway":"residential","name":"Back Road","alt_name":null,"official_name":null,"surface":null,"tracktype":null,"service":null,"access":null,"motor_vehicle":null,"foot":null,"tiger_reviewed":"no","rrgh_part":0,"rrgh_tile_part":0},"geometry":{"type":"LineString","coordinates":[[-83.713938,37.571452],[-83.713766,37.571443]]}},{"type":"Feature","properties":{"osm_id":16270212,"highway":"residential","name":"Vine Street","alt_name":null,"official_name":null,"surface":"asphalt","tracktype":null,"service":null,"access":null,"motor_vehicle":null,"foot":null,"tiger_reviewed":"no","rrgh_part":0,"rrgh_tile_part":0},"geometry":{"type":"LineString","coordinates":[[-83.709511,37.57389],[-83.709676,37.573975],[-83.709845,37.574044],[-83.710034,37.574083],[-83.710306,37.574168]]}},{"type":"Feature","properties":{"osm_id":436940956,"highway":"residential","name":"Elm Street","alt_name":null,"official_name":null,"surface":null,"tracktype":null,"service":null,"access":null,"motor_vehicle":null,"foot":null,"tiger_reviewed":"no","rrgh_part":0,"rrgh_tile_part":0},"geometry":{"type":"LineString","coordinates":[[-83.7105417,37.5744404],[-83.7105489,37.5744135]]}},{"type":"Feature","properties":{"osm_id":436940957,"highway":"residential","name":"Elm Street","alt_name":null,"official_name":null,"surface":null,"tracktype":null,"service":null,"access":null,"motor_vehicle":null,"foot":null,"tiger_reviewed":"no","rrgh_part":0,"rrgh_tile_part":0},"geometry":{"type":"LineString","coordinates":[[-83.7105489,37.5744135],[-83.7105755,37.5743144]]}},{"type":"Feature","properties":{"osm_id":16268994,"highway":"residential","name":"East Madison Street","alt_name":null,"official_name":null,"surface":null,"tracktype":null,"service":null,"access":null,"motor_vehicle":null,"foot":null,"tiger_reviewed":"no","rrgh_part":0,"rrgh_tile_part":0},"geometry":{"type":"LineString","coordinates":[[-83.704472,37.573988],[-83.704925,37.574278],[-83.704999,37.574349],[-83.705019,37.574389]]}},{"type":"Feature","properties":{"osm_id":16269109,"highway":"residential","name":"C Beach Court","alt_name":null,"official_name":null,"surface":null,"tracktype":null,"service":null,"access":null,"motor_vehicle":null,"foot":null,"tiger_reviewed":"no","rrgh_part":0,"rrgh_tile_part":0},"geometry":{"type":"LineString","coordinates":[[-83.703275,37.570979],[-83.703121,37.571152],[-83.703481,37.571105],[-83.703591,37.571111],[-83.70376,37.571147],[-83.703863,37.571148],[-83.703922,37.571139],[-83.703965,37.571112],[-83.703991,37.57107],[-83.704004,37.570994],[-83.703999,37.570941],[-83.70395,37.570888],[-83.703871,37.570866],[-83.703671,37.570877],[-83.7034,37.570914],[-83.703332,37.570939],[-83.703275,37.570979]]}},{"type":"Feature","properties":{"osm_id":16269126,"highway":"residential","name":"Circle Street","alt_name":null,"official_name":null,"surface":null,"tracktype":null,"service":null,"access":null,"motor_vehicle":null,"foot":null,"tiger_reviewed":"no","rrgh_part":0,"rrgh_tile_part":0},"geometry":{"type":"LineString","coordinates":[[-83.70449,37.572203],[-83.7044,37.572526],[-83.704387,37.572573],[-83.70429,37.572858],[-83.704293,37.572963],[-83.704332,37.573001],[-83.704715,37.573133],[-83.704914,37.573215],[-83.705105,37.573311],[-83.705328,37.57343],[-83.705656,37.57365]]}},{"type":"Feature","properties":{"osm_id":16269288,"highway":"residential","name":"East 1st Street","alt_name":null,"official_name":null,"surface":null,"tracktype":null,"service":null,"access":null,"motor_vehicle":null,"foot":null,"tiger_reviewed":"no","rrgh_part":0,"rrgh_tile_part":0},"geometry":{"type":"LineString","coordinates":[[-83.702729,37.574055],[-83.702946,37.574183],[-83.703131,37.574311],[-83.703208,37.574384],[-83.703234,37.574437]]}},{"type":"Feature","properties":{"osm_id":16270069,"highway":"residential","name":"Darch Avenue","alt_name":null,"official_name":null,"surface":"asphalt","tracktype":null,"service":null,"access":null,"motor_vehicle":null,"foot":null,"tiger_reviewed":"no","rrgh_part":0,"rrgh_tile_part":0},"geometry":{"type":"LineString","coordinates":[[-83.707842,37.571162],[-83.70696,37.571113],[-83.706528,37.571123],[-83.706004,37.571132],[-83.705848,37.571125],[-83.705701,37.571142],[-83.705624,37.571182],[-83.70559,37.571225],[-83.705564,37.57129],[-83.705549,37.5714]]}},{"type":"Feature","properties":{"osm_id":16270124,"highway":"residential","name":"Lumber Street","alt_name":null,"official_name":null,"surface":null,"tracktype":null,"service":null,"access":null,"motor_vehicle":null,"foot":null,"tiger_reviewed":"no","rrgh_part":0,"rrgh_tile_part":0},"geometry":{"type":"LineString","coordinates":[[-83.7070307,37.5731373],[-83.7070747,37.5730379],[-83.7071,37.5729943],[-83.707201,37.5728627],[-83.7072627,37.5727628],[-83.7072828,37.5727022],[-83.7072935,37.5725885],[-83.707346,37.572399],[-83.707419,37.572234],[-83.707576,37.571985],[-83.7077991,37.5716768],[-83.7078465,37.5716283]]}},{"type":"Feature","properties":{"osm_id":16270139,"highway":"residential","name":"East Main","alt_name":null,"official_name":null,"surface":null,"tracktype":null,"service":null,"access":null,"motor_vehicle":null,"foot":null,"tiger_reviewed":"no","rrgh_part":0,"rrgh_tile_part":0},"geometry":{"type":"LineString","coordinates":[[-83.704483,37.571407],[-83.704796,37.571399],[-83.705549,37.5714],[-83.705828,37.571416],[-83.706235,37.571472],[-83.706506,37.571489]]}},{"type":"Feature","properties":{"osm_id":16270211,"highway":"residential","name":"Cs-1063","alt_name":null,"official_name":null,"surface":null,"tracktype":null,"service":null,"access":null,"motor_vehicle":null,"foot":null,"tiger_reviewed":"no","rrgh_part":0,"rrgh_tile_part":0},"geometry":{"type":"LineString","coordinates":[[-83.703121,37.571152],[-83.703018,37.571157],[-83.702992,37.571159]]}},{"type":"Feature","properties":{"osm_id":16270250,"highway":"residential","name":"Water Street","alt_name":null,"official_name":null,"surface":null,"tracktype":null,"service":null,"access":null,"motor_vehicle":null,"foot":null,"tiger_reviewed":"no","rrgh_part":0,"rrgh_tile_part":0},"geometry":{"type":"LineString","coordinates":[[-83.702992,37.571159],[-83.7029426,37.5710619],[-83.702903,37.570984],[-83.702737,37.570703],[-83.702672,37.57058]]}},{"type":"Feature","properties":{"osm_id":16270255,"highway":"residential","name":"Mason Street West","alt_name":null,"official_name":null,"surface":null,"tracktype":null,"service":null,"access":null,"motor_vehicle":null,"foot":null,"tiger_reviewed":"no","rrgh_part":0,"rrgh_tile_part":0},"geometry":{"type":"LineString","coordinates":[[-83.70453,37.571732],[-83.704507,37.571809],[-83.704469,37.572057],[-83.704434,37.572193]]}},{"type":"Feature","properties":{"osm_id":16270256,"highway":"residential","name":"Mason Street West","alt_name":null,"official_name":null,"surface":null,"tracktype":null,"service":null,"access":null,"motor_vehicle":null,"foot":null,"tiger_reviewed":"no","rrgh_part":0,"rrgh_tile_part":0},"geometry":{"type":"LineString","coordinates":[[-83.704529,37.570822],[-83.704521,37.570904],[-83.70448,37.571071],[-83.704483,37.571407]]}},{"type":"Feature","properties":{"osm_id":16270379,"highway":"residential","name":"Sycamore Street","alt_name":null,"official_name":null,"surface":null,"tracktype":null,"service":null,"access":null,"motor_vehicle":null,"foot":null,"tiger_reviewed":"no","rrgh_part":0,"rrgh_tile_part":0},"geometry":{"type":"LineString","coordinates":[[-83.702821,37.573526],[-83.702882,37.573474],[-83.703063,37.573317],[-83.703094,37.573276],[-83.703097,37.573247]]}},{"type":"Feature","properties":{"osm_id":16270381,"highway":"residential","name":"Bradford Street","alt_name":null,"official_name":null,"surface":null,"tracktype":null,"service":null,"access":null,"motor_vehicle":null,"foot":null,"tiger_reviewed":"no","rrgh_part":0,"rrgh_tile_part":0},"geometry":{"type":"LineString","coordinates":[[-83.70677,37.571494],[-83.706765,37.571603],[-83.706718,37.571773],[-83.706682,37.571987],[-83.70669,37.572022],[-83.706728,37.572051],[-83.70685,37.57209],[-83.706899,37.572086],[-83.706948,37.572066],[-83.706973,37.572035]]}},{"type":"Feature","properties":{"osm_id":380020556,"highway":"residential","name":"Lumber Street","alt_name":null,"official_name":null,"surface":"asphalt","tracktype":null,"service":null,"access":null,"motor_vehicle":null,"foot":null,"tiger_reviewed":"no","rrgh_part":0,"rrgh_tile_part":0},"geometry":{"type":"LineString","coordinates":[[-83.707809,37.571604],[-83.707814,37.5715372],[-83.707842,37.571162],[-83.707918,37.570558]]}},{"type":"Feature","properties":{"osm_id":1370681829,"highway":"service","name":null,"alt_name":null,"official_name":null,"surface":null,"tracktype":null,"service":null,"access":null,"motor_vehicle":null,"foot":null,"tiger_reviewed":null,"rrgh_part":0,"rrgh_tile_part":0},"geometry":{"type":"LineString","coordinates":[[-83.707918,37.570558],[-83.708011,37.570468],[-83.7080266,37.5704218],[-83.7079918,37.5703198],[-83.7079156,37.5702249],[-83.7078254,37.5701645],[-83.7076131,37.5701209],[-83.707532,37.570508]]}},{"type":"Feature","properties":{"osm_id":1370681830,"highway":"service","name":null,"alt_name":null,"official_name":null,"surface":null,"tracktype":null,"service":null,"access":null,"motor_vehicle":null,"foot":null,"tiger_reviewed":null,"rrgh_part":0,"rrgh_tile_part":0},"geometry":{"type":"LineString","coordinates":[[-83.7080266,37.5704218],[-83.7081121,37.5703593],[-83.7081609,37.5702789]]}},{"type":"Feature","properties":{"osm_id":1370681833,"highway":"service","name":null,"alt_name":null,"official_name":null,"surface":null,"tracktype":null,"service":null,"access":null,"motor_vehicle":null,"foot":null,"tiger_reviewed":null,"rrgh_part":0,"rrgh_tile_part":0},"geometry":{"type":"LineString","coordinates":[[-83.7056507,37.5706825],[-83.7056453,37.5702788],[-83.7056829,37.5701854],[-83.7062136,37.5701684],[-83.7065759,37.5702258]]}},{"type":"Feature","properties":{"osm_id":16268308,"highway":"service","name":null,"alt_name":null,"official_name":null,"surface":null,"tracktype":null,"service":null,"access":"private","motor_vehicle":null,"foot":null,"tiger_reviewed":"no","rrgh_part":0,"rrgh_tile_part":0},"geometry":{"type":"LineString","coordinates":[[-83.704373,37.575052],[-83.704915,37.575352]]}},{"type":"Feature","properties":{"osm_id":16268944,"highway":"residential","name":"Silver Creek Road","alt_name":null,"official_name":null,"surface":null,"tracktype":null,"service":null,"access":null,"motor_vehicle":null,"foot":null,"tiger_reviewed":"no","rrgh_part":0,"rrgh_tile_part":0},"geometry":{"type":"LineString","coordinates":[[-83.7112811,37.5800895],[-83.711234,37.580145],[-83.710935,37.580422],[-83.710862,37.580532],[-83.710719,37.58084],[-83.710663,37.581029],[-83.710633,37.581226],[-83.710653,37.581365],[-83.710728,37.581586],[-83.710847,37.581793],[-83.711001,37.581941],[-83.711122,37.58202],[-83.71117,37.582038],[-83.711435,37.58209],[-83.71157,37.582154],[-83.711957,37.58242],[-83.712147,37.582568],[-83.712314,37.582723],[-83.712404,37.582839],[-83.712471,37.582974],[-83.712517,37.583188],[-83.712491,37.583416],[-83.71244,37.583648],[-83.712205,37.584443],[-83.712187,37.58472],[-83.712152,37.584901],[-83.712029,37.585227],[-83.71202,37.585301],[-83.712079,37.585545],[-83.712099,37.585673],[-83.712132,37.586239],[-83.712123,37.586445],[-83.71208,37.586734],[-83.7121,37.586822],[-83.712142,37.586882],[-83.712176,37.586908]]}},{"type":"Feature","properties":{"osm_id":16268966,"highway":"residential","name":"River Drive","alt_name":null,"official_name":null,"surface":"asphalt","tracktype":null,"service":null,"access":null,"motor_vehicle":null,"foot":null,"tiger_reviewed":"no","rrgh_part":0,"rrgh_tile_part":0},"geometry":{"type":"LineString","coordinates":[[-83.711001,37.573639],[-83.7110357,37.57359],[-83.711158,37.573417],[-83.7113429,37.5731532],[-83.711348,37.573146],[-83.711414,37.572873],[-83.71139,37.572803],[-83.71135,37.572735],[-83.711237,37.572612],[-83.7110934,37.57249],[-83.71079,37.572232],[-83.710433,37.571932],[-83.71015,37.571678],[-83.709947,37.571481],[-83.709254,37.570746],[-83.709144,37.570663],[-83.709083,37.570629],[-83.70895,37.570582],[-83.70874,37.570548],[-83.708599,37.570542],[-83.708217,37.57055],[-83.708079,37.570561],[-83.707918,37.570558],[-83.707532,37.570508],[-83.707386,37.570472],[-83.707263,37.570419],[-83.707075,37.570328],[-83.706929,37.570282],[-83.7065759,37.5702258]]}},{"type":"Feature","properties":{"osm_id":16269024,"highway":"residential","name":"Hill Street","alt_name":null,"official_name":null,"surface":null,"tracktype":null,"service":null,"access":null,"motor_vehicle":null,"foot":null,"tiger_reviewed":"no","rrgh_part":0,"rrgh_tile_part":0},"geometry":{"type":"LineString","coordinates":[[-83.702279,37.576244],[-83.702598,37.576456],[-83.702817,37.576576]]}},{"type":"Feature","properties":{"osm_id":16269070,"highway":"residential","name":"Jessamine Avenue","alt_name":null,"official_name":null,"surface":null,"tracktype":null,"service":null,"access":null,"motor_vehicle":null,"foot":null,"tiger_reviewed":"no","rrgh_part":0,"rrgh_tile_part":0},"geometry":{"type":"LineString","coordinates":[[-83.703071,37.573695],[-83.702729,37.574055],[-83.702676,37.574096],[-83.702592,37.574115],[-83.702531,37.574151],[-83.702502,37.574184],[-83.702484,37.574241],[-83.702401,37.574365],[-83.702385,37.574413]]}},{"type":"Feature","properties":{"osm_id":16269097,"highway":"residential","name":"Woodford Avenue","alt_name":null,"official_name":null,"surface":null,"tracktype":null,"service":null,"access":null,"motor_vehicle":null,"foot":null,"tiger_reviewed":"no","rrgh_part":0,"rrgh_tile_part":0},"geometry":{"type":"LineString","coordinates":[[-83.709311,37.575182],[-83.70917,37.575158],[-83.709029,37.575119],[-83.708863,37.575062],[-83.708822,37.575036],[-83.708568,37.57494]]}},{"type":"Feature","properties":{"osm_id":16269122,"highway":"residential","name":"Madison Street","alt_name":null,"official_name":null,"surface":null,"tracktype":null,"service":null,"access":null,"motor_vehicle":null,"foot":null,"tiger_reviewed":"no","rrgh_part":0,"rrgh_tile_part":0},"geometry":{"type":"LineString","coordinates":[[-83.7097439,37.5745878],[-83.7096838,37.5746508],[-83.7096476,37.5747052],[-83.709567,37.574926],[-83.709491,37.575025],[-83.709311,37.575182],[-83.709073,37.575405],[-83.7088851,37.5755969],[-83.708374,37.576119],[-83.708328,37.576196],[-83.708319,37.57623],[-83.708339,37.576284],[-83.708521,37.576432],[-83.708586,37.576527],[-83.708617,37.576634],[-83.70862,37.576687],[-83.708601,37.57679],[-83.708467,37.577084],[-83.708412,37.57725],[-83.708429,37.577501],[-83.708482,37.577846]]}},{"type":"Feature","properties":{"osm_id":16269211,"highway":"residential","name":"Lee Avenue","alt_name":null,"official_name":null,"surface":null,"tracktype":null,"service":null,"access":null,"motor_vehicle":null,"foot":null,"tiger_reviewed":"no","rrgh_part":0,"rrgh_tile_part":0},"geometry":{"type":"LineString","coordinates":[[-83.7103878,37.5759862],[-83.7102925,37.5760145],[-83.7098266,37.5761521],[-83.7096377,37.5762266],[-83.709447,37.576329],[-83.709217,37.576664],[-83.70893,37.577033],[-83.70878,37.577251],[-83.708693,37.577408],[-83.708482,37.577846],[-83.708431,37.577968],[-83.70842,37.578029],[-83.708432,37.578084],[-83.708466,37.578134],[-83.708571,37.578215],[-83.7088794,37.5783944],[-83.709365,37.578677],[-83.7094895,37.5787561],[-83.709571,37.578823],[-83.709616,37.578881],[-83.709641,37.578943],[-83.709642,37.579006],[-83.709622,37.579067],[-83.709581,37.579123],[-83.7091865,37.5795465],[-83.709078,37.579663],[-83.708614,37.580212],[-83.708565,37.580255],[-83.708445,37.580321],[-83.708375,37.58034],[-83.70815,37.580366],[-83.708028,37.580401],[-83.707762,37.580545],[-83.707675,37.580626],[-83.707629,37.580728],[-83.7076,37.580882],[-83.707612,37.580963],[-83.707665,37.58112],[-83.707677,37.581204],[-83.707664,37.581385],[-83.70765,37.581591],[-83.70762,37.581763],[-83.70756,37.581883],[-83.7074989,37.58195],[-83.707308,37.582112],[-83.707274,37.582149],[-83.707224,37.582232],[-83.707209,37.582277],[-83.7072,37.58237],[-83.707225,37.582545],[-83.707273,37.582666],[-83.707386,37.58288],[-83.707465,37.583056],[-83.707572,37.583218],[-83.707631,37.583278],[-83.707668,37.583302],[-83.70778,37.583349],[-83.707862,37.583366],[-83.7084947,37.5832881],[-83.7086759,37.5832492],[-83.7091078,37.5831349],[-83.7093696,37.5830647],[-83.7097354,37.5829854],[-83.7098349,37.5829747],[-83.7099371,37.5829767],[-83.7100432,37.5829859]]}},{"type":"Feature","properties":{"osm_id":16269238,"highway":"residential","name":"East Center Street","alt_name":null,"official_name":null,"surface":null,"tracktype":null,"service":null,"access":null,"motor_vehicle":null,"foot":null,"tiger_reviewed":"no","rrgh_part":0,"rrgh_tile_part":0},"geometry":{"type":"LineString","coordinates":[[-83.705766,37.572639],[-83.705431,37.572462],[-83.70517,37.572356],[-83.70486,37.57227],[-83.70449,37.572203],[-83.704434,37.572193],[-83.704204,37.57216],[-83.704077,37.572152],[-83.703879,37.572161],[-83.703481,37.572233],[-83.703108,37.57232],[-83.702849,37.572396],[-83.702722,37.572451],[-83.7026,37.572521],[-83.702211,37.572817],[-83.702127,37.572889],[-83.702004,37.573021],[-83.701659,37.57335],[-83.701546,37.573439],[-83.701354,37.573535],[-83.701251,37.573605],[-83.701002,37.573815],[-83.700899,37.573932],[-83.700736,37.574096],[-83.700659,37.574139]]}},{"type":"Feature","properties":{"osm_id":16269239,"highway":"residential","name":"East Center Street","alt_name":null,"official_name":null,"surface":null,"tracktype":null,"service":null,"access":null,"motor_vehicle":null,"foot":null,"tiger_reviewed":"no","rrgh_part":0,"rrgh_tile_part":0},"geometry":{"type":"LineString","coordinates":[[-83.703325,37.575002],[-83.703291,37.574965],[-83.703259,37.574821],[-83.703243,37.574721],[-83.703234,37.574437],[-83.703247,37.5743],[-83.703312,37.574025],[-83.703304,37.57392],[-83.703284,37.573872],[-83.703251,37.573829],[-83.703071,37.573695],[-83.702821,37.573526],[-83.702171,37.573142],[-83.702004,37.573021]]}},{"type":"Feature","properties":{"osm_id":16269417,"highway":"residential","name":"East Main Street","alt_name":null,"official_name":null,"surface":null,"tracktype":null,"service":null,"access":null,"motor_vehicle":null,"foot":null,"tiger_reviewed":"no","rrgh_part":0,"rrgh_tile_part":0},"geometry":{"type":"LineString","coordinates":[[-83.704483,37.571407],[-83.703703,37.571472],[-83.703231,37.571536],[-83.702931,37.571597],[-83.702784,37.571637],[-83.702643,37.571689],[-83.702137,37.571918],[-83.701903,37.572034],[-83.701664,37.572172],[-83.700872,37.572704],[-83.700271,37.573162],[-83.699918,37.573464],[-83.699693,37.57365]]}},{"type":"Feature","properties":{"osm_id":16269661,"highway":"residential","name":"Begley Street","alt_name":null,"official_name":null,"surface":null,"tracktype":null,"service":null,"access":null,"motor_vehicle":null,"foot":null,"tiger_reviewed":"no","rrgh_part":0,"rrgh_tile_part":0},"geometry":{"type":"LineString","coordinates":[[-83.709947,37.571481],[-83.70966,37.571614],[-83.709322,37.571751],[-83.709084,37.571833],[-83.708611,37.571972],[-83.7084004,37.5720813],[-83.708322,37.572122]]}},{"type":"Feature","properties":{"osm_id":16269672,"highway":"residential","name":"Fox Shoal Road","alt_name":null,"official_name":null,"surface":null,"tracktype":null,"service":null,"access":null,"motor_vehicle":null,"foot":null,"tiger_reviewed":"no","rrgh_part":0,"rrgh_tile_part":0},"geometry":{"type":"LineString","coordinates":[[-83.703108,37.57232],[-83.703002,37.57205],[-83.702947,37.57199],[-83.702866,37.571956],[-83.702774,37.571955],[-83.702628,37.572],[-83.702491,37.57206],[-83.702188,37.572218],[-83.70185,37.572417],[-83.70167,37.572538],[-83.701568,37.572617],[-83.7014429,37.5727405]]}},{"type":"Feature","properties":{"osm_id":16269853,"highway":"residential","name":"Locust Street","alt_name":null,"official_name":null,"surface":"asphalt","tracktype":null,"service":null,"access":null,"motor_vehicle":null,"foot":null,"tiger_reviewed":"no","rrgh_part":0,"rrgh_tile_part":0},"geometry":{"type":"LineString","coordinates":[[-83.710433,37.571932],[-83.710351,37.571987],[-83.710125,37.572173],[-83.709926,37.572377],[-83.7098894,37.5724238],[-83.709599,37.572795],[-83.7094834,37.5729774],[-83.709452,37.573027],[-83.7094253,37.573069],[-83.709109,37.573566],[-83.7089629,37.5737681]]}},{"type":"Feature","properties":{"osm_id":16270138,"highway":"residential","name":"Mc Guire Avenue","alt_name":null,"official_name":null,"surface":null,"tracktype":null,"service":null,"access":null,"motor_vehicle":null,"foot":null,"tiger_reviewed":"no","rrgh_part":0,"rrgh_tile_part":0},"geometry":{"type":"LineString","coordinates":[[-83.705374,37.574413],[-83.70528,37.574419],[-83.705089,37.574383],[-83.705019,37.574389],[-83.704947,37.574433],[-83.704762,37.574655],[-83.704373,37.575052],[-83.704064,37.575367],[-83.703952,37.575551],[-83.703774,37.575946],[-83.703728,37.576089],[-83.703622,37.576514],[-83.703523,37.57677],[-83.703478,37.576849],[-83.703369,37.576996],[-83.70308,37.577312],[-83.70193,37.578537],[-83.701634,37.578808],[-83.701491,37.578943],[-83.701322,37.579125],[-83.701153,37.579308],[-83.700738,37.579722],[-83.699896,37.580638],[-83.699787,37.580724],[-83.699613,37.580788]]}},{"type":"Feature","properties":{"osm_id":16270249,"highway":"residential","name":"Water Street","alt_name":null,"official_name":null,"surface":null,"tracktype":null,"service":null,"access":null,"motor_vehicle":null,"foot":null,"tiger_reviewed":"no","rrgh_part":0,"rrgh_tile_part":0},"geometry":{"type":"LineString","coordinates":[[-83.703231,37.571536],[-83.703167,37.571436],[-83.702992,37.571159],[-83.702638,37.571046],[-83.702546,37.571033],[-83.702483,37.571034],[-83.702296,37.57108],[-83.701989,37.571231]]}},{"type":"Feature","properties":{"osm_id":16270252,"highway":"residential","name":"Grand Avenue","alt_name":null,"official_name":null,"surface":null,"tracktype":null,"service":null,"access":null,"motor_vehicle":null,"foot":null,"tiger_reviewed":"no","rrgh_part":0,"rrgh_tile_part":0},"geometry":{"type":"LineString","coordinates":[[-83.700537,37.578213],[-83.700534,37.578174],[-83.700547,37.578139],[-83.70063,37.578028],[-83.701215,37.577402],[-83.701511,37.577098],[-83.701916,37.576627],[-83.702279,37.576244],[-83.702677,37.575837],[-83.702792,37.575735],[-83.703707,37.574825],[-83.703773,37.574752],[-83.703882,37.574594],[-83.704136,37.574349],[-83.704472,37.573988],[-83.70457,37.573868],[-83.70474,37.573701],[-83.705105,37.573311],[-83.705766,37.572639],[-83.7059627,37.5724609],[-83.7060276,37.572419],[-83.7060938,37.572392],[-83.7061738,37.5723776],[-83.7062727,37.5723779],[-83.7064283,37.5723893]]}},{"type":"Feature","properties":{"osm_id":16270253,"highway":"residential","name":"Grand Avenue","alt_name":null,"official_name":null,"surface":null,"tracktype":null,"service":null,"access":null,"motor_vehicle":null,"foot":null,"tiger_reviewed":"no","rrgh_part":0,"rrgh_tile_part":0},"geometry":{"type":"LineString","coordinates":[[-83.703882,37.574594],[-83.703681,37.574753],[-83.703325,37.575002],[-83.703175,37.57509],[-83.702897,37.575279],[-83.702565,37.575464],[-83.702181,37.575628],[-83.701775,37.575759],[-83.701571,37.57581],[-83.700846,37.576061],[-83.700541,37.576186],[-83.700265,37.576335],[-83.699964,37.57657],[-83.699886,37.576646],[-83.6998098,37.576762],[-83.6997319,37.5768594],[-83.69964,37.57697],[-83.699525,37.577222],[-83.6994809,37.577331],[-83.699354,37.57768],[-83.699309,37.577864],[-83.699287,37.578043],[-83.699295,37.578304],[-83.69931,37.578389],[-83.699491,37.57914],[-83.699669,37.579814],[-83.699718,37.580073],[-83.699731,37.580245],[-83.699721,37.580422],[-83.699683,37.5806],[-83.699613,37.580788],[-83.699486,37.581047],[-83.6993499,37.5812962],[-83.699078,37.581797],[-83.698699,37.582472],[-83.698025,37.58363],[-83.69776,37.584129],[-83.697636,37.584397],[-83.69754,37.584647],[-83.697471,37.584906],[-83.697436,37.585083],[-83.697397,37.585356],[-83.697383,37.585542],[-83.697373,37.585916],[-83.69739,37.586197],[-83.697481,37.586663],[-83.697566,37.586924],[-83.697664,37.587163],[-83.69777,37.587384],[-83.69802,37.587853],[-83.698095,37.587942],[-83.698149,37.587976],[-83.698213,37.588003]]}},{"type":"Feature","properties":{"osm_id":16270268,"highway":"residential","name":"East 3rd Street","alt_name":null,"official_name":null,"surface":null,"tracktype":null,"service":null,"access":null,"motor_vehicle":null,"foot":null,"tiger_reviewed":"no","rrgh_part":0,"rrgh_tile_part":0},"geometry":{"type":"LineString","coordinates":[[-83.699982,37.57669],[-83.700091,37.57668],[-83.7002,37.576629],[-83.700326,37.576536],[-83.700517,37.576372],[-83.700669,37.576287],[-83.70084,37.576239],[-83.701023,37.576216],[-83.701132,37.57622],[-83.701239,37.576244],[-83.701404,37.576319],[-83.701916,37.576627],[-83.702029,37.576699],[-83.702305,37.576844],[-83.702864,37.577194],[-83.70308,37.577312]]}},{"type":"Feature","properties":{"osm_id":291113603,"highway":"residential","name":"Locust Street","alt_name":null,"official_name":null,"surface":null,"tracktype":null,"service":null,"access":null,"motor_vehicle":null,"foot":null,"tiger_reviewed":"no","rrgh_part":0,"rrgh_tile_part":0},"geometry":{"type":"LineString","coordinates":[[-83.7085045,37.5738423],[-83.7084007,37.5739144],[-83.7082626,37.5740104],[-83.7081005,37.5741175],[-83.707621,37.574462],[-83.707565,37.574572],[-83.707462,37.574731],[-83.707407,37.574784],[-83.707308,37.574997],[-83.707033,37.575939],[-83.706982,37.576069],[-83.706957,37.576166],[-83.706948,37.57624],[-83.706954,37.576337],[-83.706995,37.576482],[-83.707082,37.57658],[-83.707171,37.576715],[-83.707282,37.576916],[-83.707359,37.577162],[-83.707395,37.577382],[-83.707347,37.577607],[-83.707197,37.57789],[-83.70699,37.578132],[-83.706817,37.578368],[-83.706672,37.578518],[-83.706296,37.578811],[-83.706118,37.578934],[-83.705455,37.579553],[-83.705395,37.579667],[-83.705284,37.579965],[-83.705222,37.580181],[-83.705209,37.580312],[-83.70523,37.580587],[-83.705283,37.580885],[-83.705344,37.581345],[-83.705502,37.581746],[-83.705529,37.581905],[-83.705536,37.582126],[-83.705533,37.582293],[-83.705483,37.582627],[-83.705442,37.582807],[-83.7049607,37.5828482],[-83.7046435,37.5829862],[-83.7043327,37.5831971],[-83.7040623,37.5834067],[-83.703857,37.5835762],[-83.703669,37.5838081],[-83.7036222,37.583974],[-83.7035854,37.5842216],[-83.7035571,37.5844905],[-83.7034991,37.5846806],[-83.7035099,37.5849349],[-83.7036408,37.5851636],[-83.7038629,37.5855702],[-83.7040282,37.5859521],[-83.7041546,37.5863499],[-83.704302,37.5866315],[-83.7044178,37.586889],[-83.7044968,37.5871259],[-83.7044898,37.5873162],[-83.7043587,37.5875962],[-83.7042072,37.5878056],[-83.7038675,37.5880605],[-83.7034913,37.5884087],[-83.7031063,37.5887113],[-83.7027049,37.5890577],[-83.7022781,37.5893812],[-83.7020474,37.5895906]]}},{"type":"Feature","properties":{"osm_id":1361840495,"highway":"residential","name":null,"alt_name":null,"official_name":null,"surface":null,"tracktype":null,"service":null,"access":null,"motor_vehicle":null,"foot":null,"tiger_reviewed":null,"rrgh_part":0,"rrgh_tile_part":0},"geometry":{"type":"LineString","coordinates":[[-83.7088851,37.5755969],[-83.7089694,37.5756516],[-83.7090775,37.5757057],[-83.7091728,37.5757752],[-83.7092439,37.5758219],[-83.7093468,37.5758465],[-83.7094289,37.575843],[-83.7095071,37.5758376],[-83.7095812,37.5758014],[-83.7096519,37.5757683],[-83.7097452,37.5756815],[-83.709804,37.5756179],[-83.7098662,37.5755487],[-83.7099267,37.5754404],[-83.7099299,37.5753704],[-83.7099043,37.5752924],[-83.7098152,37.5752346],[-83.7096985,37.5751992],[-83.709585,37.5751767],[-83.709469,37.5751763],[-83.709311,37.575182]]}},{"type":"Feature","properties":{"osm_id":1374625281,"highway":"service","name":null,"alt_name":null,"official_name":null,"surface":"paved","tracktype":null,"service":null,"access":null,"motor_vehicle":null,"foot":null,"tiger_reviewed":null,"rrgh_part":0,"rrgh_tile_part":0},"geometry":{"type":"LineString","coordinates":[[-83.7091865,37.5795465],[-83.7090933,37.5794933],[-83.7090799,37.5794614],[-83.7090853,37.579421],[-83.7094715,37.5789853],[-83.7094662,37.5789342],[-83.7094232,37.5788981],[-83.7093744,37.5788697],[-83.7088573,37.5785686]]}},{"type":"Feature","properties":{"osm_id":1374625284,"highway":"service","name":null,"alt_name":null,"official_name":null,"surface":"paved","tracktype":null,"service":null,"access":null,"motor_vehicle":null,"foot":null,"tiger_reviewed":null,"rrgh_part":0,"rrgh_tile_part":0},"geometry":{"type":"LineString","coordinates":[[-83.7088076,37.5825798],[-83.7089072,37.5823588]]}},{"type":"Feature","properties":{"osm_id":1374625284,"highway":"service","name":null,"alt_name":null,"official_name":null,"surface":"paved","tracktype":null,"service":null,"access":null,"motor_vehicle":null,"foot":null,"tiger_reviewed":null,"rrgh_part":1,"rrgh_tile_part":0},"geometry":{"type":"LineString","coordinates":[[-83.7089072,37.5823588],[-83.708927,37.5823174],[-83.7090021,37.5821386],[-83.7090907,37.5818468],[-83.709103,37.581743],[-83.7090995,37.5816911],[-83.709057,37.581642],[-83.7089986,37.5816112],[-83.7089137,37.5816098],[-83.7088411,37.5816308],[-83.7087969,37.5816855],[-83.7087686,37.5817598],[-83.7087562,37.581844],[-83.7087597,37.581945],[-83.7087935,37.5821024],[-83.7088606,37.582318],[-83.7089072,37.5823588]]}},{"type":"Feature","properties":{"osm_id":16269191,"highway":"residential","name":"Arlington Avenue","alt_name":null,"official_name":null,"surface":null,"tracktype":null,"service":null,"access":null,"motor_vehicle":null,"foot":null,"tiger_reviewed":"no","rrgh_part":0,"rrgh_tile_part":0},"geometry":{"type":"LineString","coordinates":[[-83.712664,37.575999],[-83.712769,37.576045],[-83.71308,37.576215],[-83.713159,37.576298],[-83.713262,37.576364],[-83.713424,37.576503],[-83.713543,37.576643],[-83.713632,37.576726],[-83.713895,37.576909],[-83.714144,37.577016],[-83.714265,37.577085],[-83.714382,37.577175],[-83.71452,37.577235],[-83.714665,37.577277],[-83.714813,37.577307],[-83.715015,37.57733],[-83.715083,37.577328],[-83.715166,37.577302],[-83.715205,37.577252],[-83.715211,37.577202]]}},{"type":"Feature","properties":{"osm_id":16269207,"highway":"residential","name":"Brewer Lane","alt_name":null,"official_name":null,"surface":null,"tracktype":null,"service":null,"access":null,"motor_vehicle":null,"foot":null,"tiger_reviewed":"no","rrgh_part":0,"rrgh_tile_part":0},"geometry":{"type":"LineString","coordinates":[[-83.709447,37.576329],[-83.709684,37.576475],[-83.709728,37.576518],[-83.709738,37.576543],[-83.709728,37.576598],[-83.709692,37.576655],[-83.709419,37.576996]]}},{"type":"Feature","properties":{"osm_id":16269496,"highway":"residential","name":"Lower Creek Road","alt_name":null,"official_name":null,"surface":null,"tracktype":null,"service":null,"access":null,"motor_vehicle":null,"foot":null,"tiger_reviewed":"no","rrgh_part":0,"rrgh_tile_part":0},"geometry":{"type":"LineString","coordinates":[[-83.7131323,37.5776517],[-83.7130433,37.5777403],[-83.7129789,37.5778044],[-83.712821,37.577939],[-83.712557,37.578103],[-83.712446,37.578158],[-83.7123484,37.578187]]}},{"type":"Feature","properties":{"osm_id":16269846,"highway":"residential","name":"Hurst Alley","alt_name":null,"official_name":null,"surface":null,"tracktype":null,"service":null,"access":null,"motor_vehicle":null,"foot":null,"tiger_reviewed":"no","rrgh_part":0,"rrgh_tile_part":0},"geometry":{"type":"LineString","coordinates":[[-83.7110376,37.5776614],[-83.710936,37.5776425],[-83.7106073,37.5775853],[-83.710575,37.577566],[-83.71054,37.577517],[-83.710548,37.577347],[-83.710538,37.577294],[-83.710501,37.577205],[-83.710436,37.577139],[-83.710364,37.577097],[-83.710299,37.577091],[-83.710262,37.57711]]}},{"type":"Feature","properties":{"osm_id":16270380,"highway":"residential","name":"Wade Road","alt_name":null,"official_name":null,"surface":null,"tracktype":null,"service":null,"access":null,"motor_vehicle":null,"foot":null,"tiger_reviewed":"no","rrgh_part":0,"rrgh_tile_part":0},"geometry":{"type":"LineString","coordinates":[[-83.7109309,37.5779581],[-83.710971,37.578045],[-83.710991,37.578108],[-83.710983,37.578459],[-83.711015,37.578646],[-83.711222,37.579199],[-83.71136,37.579503],[-83.711394,37.579529],[-83.711436,37.579537],[-83.711481,37.579524],[-83.71152,37.579489],[-83.711713,37.579192],[-83.711779,37.579129],[-83.711853,37.579085]]}},{"type":"Feature","properties":{"osm_id":1374625280,"highway":"service","name":null,"alt_name":null,"official_name":null,"surface":"paved","tracktype":null,"service":null,"access":null,"motor_vehicle":null,"foot":null,"tiger_reviewed":null,"rrgh_part":0,"rrgh_tile_part":0},"geometry":{"type":"LineString","coordinates":[[-83.7094895,37.5787561],[-83.7093744,37.5788697]]}},{"type":"Feature","properties":{"osm_id":1484426784,"highway":"residential","name":"Silver Creek Road","alt_name":null,"official_name":null,"surface":null,"tracktype":null,"service":null,"access":null,"motor_vehicle":null,"foot":null,"tiger_reviewed":"no","rrgh_part":0,"rrgh_tile_part":0},"geometry":{"type":"LineString","coordinates":[[-83.712271,37.57821],[-83.712118,37.578256],[-83.712053,37.578285],[-83.711996,37.578324],[-83.711949,37.578373],[-83.711887,37.578489],[-83.711856,37.578616],[-83.711847,37.578752],[-83.711853,37.579085],[-83.711857,37.579548],[-83.711833,37.579678],[-83.711801,37.579738],[-83.711756,37.579794],[-83.711632,37.579882],[-83.71157,37.579909],[-83.711484,37.579929],[-83.711358,37.579999],[-83.7113472,37.5800117]]}},{"type":"Feature","properties":{"osm_id":1484426785,"highway":"residential","name":"Silver Creek Road","alt_name":null,"official_name":null,"surface":null,"tracktype":null,"service":null,"access":null,"motor_vehicle":null,"foot":null,"tiger_reviewed":"no","rrgh_part":0,"rrgh_tile_part":0},"geometry":{"type":"LineString","coordinates":[[-83.7113472,37.5800117],[-83.7112811,37.5800895]]}},{"type":"Feature","properties":{"osm_id":1484426786,"highway":"residential","name":"Lower Creek Road","alt_name":null,"official_name":null,"surface":null,"tracktype":null,"service":null,"access":null,"motor_vehicle":null,"foot":null,"tiger_reviewed":"no","rrgh_part":0,"rrgh_tile_part":0},"geometry":{"type":"LineString","coordinates":[[-83.7123484,37.578187],[-83.712271,37.57821]]}},{"type":"Feature","properties":{"osm_id":16269861,"highway":"residential","name":"Historical Center Road","alt_name":"Cs-1065","official_name":null,"surface":null,"tracktype":null,"service":null,"access":null,"motor_vehicle":null,"foot":null,"tiger_reviewed":null,"rrgh_part":0,"rrgh_tile_part":0},"geometry":{"type":"LineString","coordinates":[[-83.705923,37.576904],[-83.705852,37.576896],[-83.705773,37.576867],[-83.705729,37.576823],[-83.705703,37.576763],[-83.705691,37.576614],[-83.705726,37.576305],[-83.705809,37.575995],[-83.705859,37.575889],[-83.705906,37.575843],[-83.705955,37.575824],[-83.705995,37.575822],[-83.706105,37.575838]]}},{"type":"Feature","properties":{"osm_id":16269959,"highway":"residential","name":"Lee County Senior Citizens Center","alt_name":null,"official_name":null,"surface":null,"tracktype":null,"service":null,"access":null,"motor_vehicle":null,"foot":null,"tiger_reviewed":"no","rrgh_part":0,"rrgh_tile_part":0},"geometry":{"type":"LineString","coordinates":[[-83.705795,37.577332],[-83.7062728,37.5774516]]}},{"type":"Feature","properties":{"osm_id":16269960,"highway":"residential","name":"Lee County Senior Citizens Center","alt_name":null,"official_name":null,"surface":null,"tracktype":null,"service":null,"access":null,"motor_vehicle":null,"foot":null,"tiger_reviewed":"no","rrgh_part":0,"rrgh_tile_part":0},"geometry":{"type":"LineString","coordinates":[[-83.706348,37.577425],[-83.7063073,37.577432],[-83.7062728,37.5774516],[-83.7062815,37.5775197],[-83.706328,37.577578],[-83.706438,37.577639],[-83.706519,37.577653],[-83.706594,37.577652],[-83.706626,37.577645],[-83.706667,37.577612],[-83.706681,37.577565],[-83.706679,37.577512],[-83.706663,37.577467],[-83.706628,37.577438],[-83.706577,37.577428],[-83.706348,37.577425]]}},{"type":"Feature","properties":{"osm_id":1374625279,"highway":"service","name":null,"alt_name":null,"official_name":null,"surface":"paved","tracktype":null,"service":null,"access":null,"motor_vehicle":null,"foot":null,"tiger_reviewed":null,"rrgh_part":0,"rrgh_tile_part":0},"geometry":{"type":"LineString","coordinates":[[-83.7088794,37.5783944],[-83.7084523,37.5788598],[-83.7084523,37.5789257],[-83.7086722,37.5790618]]}},{"type":"Feature","properties":{"osm_id":1374625282,"highway":"service","name":null,"alt_name":null,"official_name":null,"surface":"paved","tracktype":null,"service":null,"access":null,"motor_vehicle":null,"foot":null,"tiger_reviewed":null,"rrgh_part":0,"rrgh_tile_part":0},"geometry":{"type":"LineString","coordinates":[[-83.7076,37.580882],[-83.7078488,37.5809175],[-83.7078812,37.580953],[-83.7078005,37.5813766],[-83.707664,37.581385]]}},{"type":"Feature","properties":{"osm_id":16270258,"highway":"residential","name":"Cr-1170","alt_name":null,"official_name":null,"surface":null,"tracktype":null,"service":null,"access":null,"motor_vehicle":null,"foot":null,"tiger_reviewed":"no","rrgh_part":0,"rrgh_tile_part":0},"geometry":{"type":"LineString","coordinates":[[-83.692079,37.557178],[-83.691987,37.557175],[-83.691859,37.55719],[-83.691782,37.557209],[-83.691039,37.557482]]}},{"type":"Feature","properties":{"osm_id":1373924613,"highway":"track","name":null,"alt_name":null,"official_name":null,"surface":null,"tracktype":null,"service":null,"access":null,"motor_vehicle":null,"foot":null,"tiger_reviewed":null,"rrgh_part":0,"rrgh_tile_part":0},"geometry":{"type":"LineString","coordinates":[[-83.692083,37.557072],[-83.6924943,37.5568579],[-83.6926501,37.5568337],[-83.6928194,37.5569286],[-83.6929066,37.5571696],[-83.6928356,37.5574776],[-83.6928906,37.5578108],[-83.6930165,37.5581591],[-83.6932507,37.5584464],[-83.6934608,37.558687],[-83.6935187,37.5587677],[-83.6934332,37.5587592],[-83.6932569,37.5586515],[-83.6930315,37.5584683],[-83.6929509,37.5584813]]}},{"type":"Feature","properties":{"osm_id":1370681828,"highway":"track","name":null,"alt_name":null,"official_name":null,"surface":null,"tracktype":null,"service":null,"access":null,"motor_vehicle":null,"foot":null,"tiger_reviewed":null,"rrgh_part":0,"rrgh_tile_part":0},"geometry":{"type":"LineString","coordinates":[[-83.6968301,37.5673103],[-83.6964227,37.5673146],[-83.6958973,37.5673911],[-83.695313,37.5675442],[-83.6948788,37.5676845],[-83.6947287,37.5677483],[-83.6946215,37.567812],[-83.6945572,37.5678716],[-83.6945196,37.5679566],[-83.6945786,37.5684669],[-83.6946376,37.5687773],[-83.6946805,37.5688665],[-83.6949217,37.5691472],[-83.6953237,37.5695384],[-83.6954095,37.5696787],[-83.6954631,37.5699551],[-83.6955007,37.5706524],[-83.6955543,37.5710521],[-83.6956776,37.571405],[-83.6958437,37.5716814],[-83.6959241,37.5717834],[-83.6960367,37.5718855],[-83.6965639,37.5721831]]}},{"type":"Feature","properties":{"osm_id":16269018,"highway":"residential","name":"High Fork Road","alt_name":null,"official_name":null,"surface":null,"tracktype":null,"service":null,"access":null,"motor_vehicle":null,"foot":null,"tiger_reviewed":"no","rrgh_part":0,"rrgh_tile_part":0},"geometry":{"type":"LineString","coordinates":[[-83.702012,37.564643],[-83.701882,37.564797],[-83.701751,37.564994],[-83.701671,37.565077],[-83.70163,37.565142],[-83.701621,37.565187],[-83.701628,37.565215]]}},{"type":"Feature","properties":{"osm_id":16268545,"highway":"residential","name":null,"alt_name":null,"official_name":null,"surface":null,"tracktype":null,"service":null,"access":null,"motor_vehicle":null,"foot":null,"tiger_reviewed":"no","rrgh_part":0,"rrgh_tile_part":0},"geometry":{"type":"LineString","coordinates":[[-83.683988,37.560424],[-83.68422,37.560102],[-83.684331,37.559976],[-83.6844,37.559881],[-83.684516,37.559858],[-83.684808,37.559902]]}},{"type":"Feature","properties":{"osm_id":1370681827,"highway":"service","name":null,"alt_name":null,"official_name":null,"surface":null,"tracktype":null,"service":null,"access":null,"motor_vehicle":null,"foot":null,"tiger_reviewed":null,"rrgh_part":0,"rrgh_tile_part":0},"geometry":{"type":"LineString","coordinates":[[-83.682383,37.559865],[-83.681687,37.5599627],[-83.6812365,37.5600605],[-83.6810006,37.5599882]]}},{"type":"Feature","properties":{"osm_id":16268499,"highway":"residential","name":null,"alt_name":null,"official_name":null,"surface":null,"tracktype":null,"service":null,"access":null,"motor_vehicle":null,"foot":null,"tiger_reviewed":"no","rrgh_part":0,"rrgh_tile_part":0},"geometry":{"type":"LineString","coordinates":[[-83.685344,37.567545],[-83.684468,37.567899],[-83.6841766,37.567915],[-83.683958,37.567927],[-83.683137,37.56773],[-83.681128,37.568003],[-83.680366,37.568495],[-83.679751,37.568973]]}},{"type":"Feature","properties":{"osm_id":16268922,"highway":"residential","name":"Cr-1104","alt_name":null,"official_name":null,"surface":null,"tracktype":null,"service":null,"access":null,"motor_vehicle":null,"foot":null,"tiger_reviewed":"no","rrgh_part":0,"rrgh_tile_part":0},"geometry":{"type":"LineString","coordinates":[[-83.682383,37.559865],[-83.682578,37.559812],[-83.682681,37.559799],[-83.68279,37.559802],[-83.6828453,37.5598119],[-83.682907,37.559823],[-83.683103,37.559892],[-83.683414,37.560063],[-83.683733,37.56015],[-83.683864,37.560252],[-83.683959,37.560398],[-83.683988,37.560424],[-83.684157,37.560579],[-83.684221,37.560669],[-83.684275,37.560944],[-83.684275,37.561344],[-83.684301,37.561686],[-83.684298,37.561761],[-83.684258,37.561988],[-83.684224,37.562511],[-83.684172,37.562713],[-83.683915,37.563279],[-83.683863,37.563374],[-83.6837,37.563608],[-83.683399,37.564108],[-83.683188,37.564316],[-83.683079,37.56446],[-83.683001,37.564594]]}},{"type":"Feature","properties":{"osm_id":16270153,"highway":"residential","name":"F Brandenburg Road","alt_name":null,"official_name":null,"surface":null,"tracktype":null,"service":null,"access":null,"motor_vehicle":null,"foot":null,"tiger_reviewed":"no","rrgh_part":0,"rrgh_tile_part":0},"geometry":{"type":"LineString","coordinates":[[-83.683001,37.564594],[-83.682959,37.564667],[-83.682761,37.565076],[-83.682408,37.565696],[-83.682386,37.565749],[-83.68234,37.56604],[-83.682351,37.566092],[-83.682352,37.566186],[-83.682319,37.566301],[-83.682285,37.566363],[-83.682224,37.566436],[-83.682152,37.566501],[-83.682074,37.566546],[-83.681988,37.566612],[-83.681928,37.566688],[-83.68182,37.566859],[-83.68168,37.567041],[-83.681604,37.567128],[-83.681422,37.567302],[-83.681229,37.567459],[-83.681128,37.567528],[-83.681011,37.567591],[-83.680933,37.567663],[-83.680457,37.568031],[-83.680401,37.568063],[-83.680203,37.568189],[-83.680157,37.568243],[-83.680134,37.568305],[-83.680127,37.568376],[-83.680087,37.568447],[-83.67999,37.568595],[-83.679838,37.568793],[-83.679771,37.568915],[-83.679751,37.568973]]}},{"type":"Feature","properties":{"osm_id":1370681825,"highway":"residential","name":null,"alt_name":null,"official_name":null,"surface":null,"tracktype":null,"service":null,"access":null,"motor_vehicle":null,"foot":null,"tiger_reviewed":null,"rrgh_part":0,"rrgh_tile_part":0},"geometry":{"type":"LineString","coordinates":[[-83.6838228,37.5696202],[-83.6841712,37.5694163],[-83.6845358,37.5690934],[-83.6846376,37.5689361],[-83.6847234,37.5686982],[-83.684718,37.5685707],[-83.6844875,37.5680396],[-83.6841766,37.567915]]}},{"type":"Feature","properties":{"osm_id":16268608,"highway":"track","name":null,"alt_name":null,"official_name":null,"surface":null,"tracktype":null,"service":null,"access":null,"motor_vehicle":null,"foot":null,"tiger_reviewed":"no","rrgh_part":0,"rrgh_tile_part":0},"geometry":{"type":"LineString","coordinates":[[-83.697894,37.572984],[-83.697476,37.57286],[-83.697081,37.572684],[-83.696814,37.572455],[-83.696596,37.572253],[-83.6965639,37.5721831],[-83.696476,37.571992]]}},{"type":"Feature","properties":{"osm_id":16268955,"highway":"residential","name":"North Fox Shoal Road","alt_name":null,"official_name":null,"surface":null,"tracktype":null,"service":null,"access":null,"motor_vehicle":null,"foot":null,"tiger_reviewed":"no","rrgh_part":0,"rrgh_tile_part":0},"geometry":{"type":"LineString","coordinates":[[-83.701546,37.573439],[-83.701375,37.573374],[-83.701235,37.57336],[-83.701111,37.573388],[-83.701001,37.573427],[-83.700827,37.573509],[-83.700621,37.573633],[-83.700387,37.573825],[-83.700099,37.574044],[-83.699904,37.574227],[-83.699753,37.57439]]}},{"type":"Feature","properties":{"osm_id":16270259,"highway":"residential","name":"C Beach Circle","alt_name":null,"official_name":null,"surface":null,"tracktype":null,"service":null,"access":null,"motor_vehicle":null,"foot":null,"tiger_reviewed":"no","rrgh_part":0,"rrgh_tile_part":0},"geometry":{"type":"LineString","coordinates":[[-83.702137,37.571918],[-83.702082,37.571864],[-83.702041,37.571842],[-83.701988,37.571835],[-83.701935,37.571846],[-83.70189,37.571874],[-83.701858,37.571934],[-83.701862,37.571974],[-83.701903,37.572034]]}},{"type":"Feature","properties":{"osm_id":16268238,"highway":"residential","name":"Robinson Hollow Road","alt_name":null,"official_name":null,"surface":null,"tracktype":null,"service":null,"access":null,"motor_vehicle":null,"foot":null,"tiger_reviewed":"no","rrgh_part":0,"rrgh_tile_part":0},"geometry":{"type":"LineString","coordinates":[[-83.692112,37.576173],[-83.692022,37.576038],[-83.691919,37.575773],[-83.691891,37.575731],[-83.691854,37.575707],[-83.691768,37.575683],[-83.691679,37.575644],[-83.691608,37.575597],[-83.691548,37.575543],[-83.691374,37.57527],[-83.691334,37.575147],[-83.691156,37.574164],[-83.691038,37.57377],[-83.69096,37.573643]]}},{"type":"Feature","properties":{"osm_id":1026912010,"highway":"service","name":null,"alt_name":null,"official_name":null,"surface":null,"tracktype":null,"service":null,"access":null,"motor_vehicle":null,"foot":null,"tiger_reviewed":null,"rrgh_part":0,"rrgh_tile_part":0},"geometry":{"type":"LineString","coordinates":[[-83.6993499,37.5812962],[-83.6992389,37.5812767],[-83.6990538,37.5812958],[-83.6989179,37.5813042]]}},{"type":"Feature","properties":{"osm_id":1026912010,"highway":"service","name":null,"alt_name":null,"official_name":null,"surface":null,"tracktype":null,"service":null,"access":null,"motor_vehicle":null,"foot":null,"tiger_reviewed":null,"rrgh_part":1,"rrgh_tile_part":0},"geometry":{"type":"LineString","coordinates":[[-83.6989179,37.5813042],[-83.6988808,37.5813065],[-83.6988406,37.5812937],[-83.6985764,37.5811024],[-83.6984678,37.5810546],[-83.6983806,37.5810461],[-83.6982827,37.5810567],[-83.6981432,37.5811173],[-83.6979501,37.581248],[-83.6977945,37.5814159],[-83.6977369,37.5815318],[-83.6976886,37.5816498],[-83.6976403,37.5817667],[-83.6975759,37.5818453],[-83.6974914,37.5819516],[-83.6974914,37.5820047],[-83.6974995,37.5820579],[-83.697537,37.5820844],[-83.6976001,37.5821046],[-83.6976685,37.5821057],[-83.6977717,37.5820844],[-83.6980118,37.5820058],[-83.6980949,37.5819527],[-83.6981808,37.5818963],[-83.6983632,37.5818102],[-83.6984624,37.5817422],[-83.6986408,37.5815977],[-83.6988285,37.5814053],[-83.6988996,37.5813405],[-83.6989179,37.5813042]]}},{"type":"Feature","properties":{"osm_id":16268307,"highway":"service","name":null,"alt_name":null,"official_name":null,"surface":null,"tracktype":null,"service":null,"access":"private","motor_vehicle":null,"foot":null,"tiger_reviewed":"no","rrgh_part":0,"rrgh_tile_part":0},"geometry":{"type":"LineString","coordinates":[[-83.701322,37.579125],[-83.7016154,37.5792883]]}},{"type":"Feature","properties":{"osm_id":16268666,"highway":"service","name":null,"alt_name":null,"official_name":null,"surface":null,"tracktype":null,"service":null,"access":"private","motor_vehicle":null,"foot":null,"tiger_reviewed":"no","rrgh_part":0,"rrgh_tile_part":0},"geometry":{"type":"LineString","coordinates":[[-83.6997319,37.5768594],[-83.6995728,37.576793],[-83.6995725,37.5766531],[-83.6998654,37.5760295]]}},{"type":"Feature","properties":{"osm_id":16269096,"highway":"residential","name":"Mitchell Street","alt_name":null,"official_name":null,"surface":null,"tracktype":null,"service":null,"access":null,"motor_vehicle":null,"foot":null,"tiger_reviewed":"no","rrgh_part":0,"rrgh_tile_part":0},"geometry":{"type":"LineString","coordinates":[[-83.699896,37.580638],[-83.700134,37.580714],[-83.700555,37.580817],[-83.700934,37.58089],[-83.701116,37.580909],[-83.701482,37.58093],[-83.701932,37.580948],[-83.702102,37.580941]]}},{"type":"Feature","properties":{"osm_id":16269220,"highway":"residential","name":"East 4th Street","alt_name":null,"official_name":null,"surface":null,"tracktype":null,"service":null,"access":null,"motor_vehicle":null,"foot":null,"tiger_reviewed":"no","rrgh_part":0,"rrgh_tile_part":0},"geometry":{"type":"LineString","coordinates":[[-83.699886,37.576646],[-83.699982,37.57669],[-83.700122,37.576765],[-83.700605,37.57707],[-83.701215,37.577402]]}},{"type":"Feature","properties":{"osm_id":16269544,"highway":"residential","name":"East 5th Street","alt_name":null,"official_name":null,"surface":null,"tracktype":null,"service":null,"access":null,"motor_vehicle":null,"foot":null,"tiger_reviewed":"no","rrgh_part":0,"rrgh_tile_part":0},"geometry":{"type":"LineString","coordinates":[[-83.700537,37.578213],[-83.700554,37.578242],[-83.700615,37.578287],[-83.700869,37.578384],[-83.701127,37.578533],[-83.701408,37.578663],[-83.701634,37.578808]]}},{"type":"Feature","properties":{"osm_id":480104926,"highway":"residential","name":"Pump Sta Road","alt_name":null,"official_name":null,"surface":null,"tracktype":null,"service":null,"access":null,"motor_vehicle":null,"foot":null,"tiger_reviewed":"no","rrgh_part":0,"rrgh_tile_part":0},"geometry":{"type":"LineString","coordinates":[[-83.6994809,37.577331],[-83.6991079,37.5772722],[-83.6987684,37.5773513],[-83.6985746,37.5773927],[-83.6983483,37.5774692],[-83.698154,37.577541]]}},{"type":"Feature","properties":{"osm_id":16268445,"highway":"service","name":null,"alt_name":null,"official_name":null,"surface":null,"tracktype":null,"service":null,"access":null,"motor_vehicle":null,"foot":null,"tiger_reviewed":"no","rrgh_part":0,"rrgh_tile_part":0},"geometry":{"type":"LineString","coordinates":[[-83.6948218,37.5787354],[-83.6947551,37.5787409],[-83.6946966,37.5787332],[-83.6946136,37.5786694],[-83.6942868,37.5784625],[-83.6939429,37.5782924]]}},{"type":"Feature","properties":{"osm_id":16268372,"highway":"service","name":null,"alt_name":null,"official_name":null,"surface":null,"tracktype":null,"service":null,"access":"private","motor_vehicle":null,"foot":null,"tiger_reviewed":"no","rrgh_part":0,"rrgh_tile_part":0},"geometry":{"type":"LineString","coordinates":[[-83.682125,37.572717],[-83.681933,37.57281],[-83.681885,37.572834],[-83.679983,37.574539]]}},{"type":"Feature","properties":{"osm_id":16268923,"highway":"residential","name":"Cr-1104","alt_name":null,"official_name":null,"surface":null,"tracktype":null,"service":null,"access":null,"motor_vehicle":null,"foot":null,"tiger_reviewed":"no","rrgh_part":0,"rrgh_tile_part":0},"geometry":{"type":"LineString","coordinates":[[-83.679751,37.568973],[-83.679726,37.569046],[-83.679682,37.56917],[-83.679589,37.569322]]}},{"type":"Feature","properties":{"osm_id":16268968,"highway":"residential","name":"Cr-1108","alt_name":null,"official_name":null,"surface":null,"tracktype":null,"service":null,"access":null,"motor_vehicle":null,"foot":null,"tiger_reviewed":"no","rrgh_part":0,"rrgh_tile_part":0},"geometry":{"type":"LineString","coordinates":[[-83.67500000000001,37.57242398820059],[-83.675647,37.572382],[-83.676231,37.572328],[-83.676395,37.572297],[-83.676536,37.572248],[-83.677069,37.57196],[-83.677566,37.571722],[-83.677714,37.571669],[-83.677796,37.571653],[-83.678519,37.571635],[-83.678958,37.571556],[-83.679303,37.571537],[-83.679574,37.57155],[-83.679799,37.571579],[-83.680089,37.571678],[-83.680165,37.571696],[-83.680548,37.57177],[-83.680772,37.571802],[-83.681021,37.571861],[-83.681092,37.571859],[-83.681195,37.571832]]}},{"type":"Feature","properties":{"osm_id":16269558,"highway":"residential","name":"Cr-1300","alt_name":null,"official_name":null,"surface":null,"tracktype":null,"service":null,"access":null,"motor_vehicle":null,"foot":null,"tiger_reviewed":"no","rrgh_part":0,"rrgh_tile_part":0},"geometry":{"type":"LineString","coordinates":[[-83.724643,37.587457],[-83.724456,37.587588],[-83.724291,37.587735]]}},{"type":"Feature","properties":{"osm_id":16269633,"highway":"residential","name":"Cr-1306","alt_name":null,"official_name":null,"surface":null,"tracktype":null,"service":null,"access":null,"motor_vehicle":null,"foot":null,"tiger_reviewed":"no","rrgh_part":0,"rrgh_tile_part":0},"geometry":{"type":"LineString","coordinates":[[-83.71646,37.584004],[-83.716479,37.584039],[-83.71667,37.584271],[-83.717153,37.584681],[-83.717349,37.584902],[-83.717449,37.58512],[-83.717473,37.585218],[-83.717549,37.585389],[-83.71764,37.585505],[-83.717708,37.585561],[-83.71779,37.585593],[-83.717872,37.585598],[-83.717936,37.585576],[-83.717984,37.585533],[-83.718008,37.585482],[-83.718016,37.585429],[-83.717983,37.58517],[-83.717998,37.585001],[-83.71802,37.5849],[-83.718056,37.584778],[-83.718108,37.584658],[-83.718143,37.584621],[-83.718198,37.584582]]}},{"type":"Feature","properties":{"osm_id":16270345,"highway":"residential","name":"Durbin Road","alt_name":null,"official_name":null,"surface":null,"tracktype":null,"service":null,"access":null,"motor_vehicle":null,"foot":null,"tiger_reviewed":"no","rrgh_part":0,"rrgh_tile_part":0},"geometry":{"type":"LineString","coordinates":[[-83.719959,37.587526],[-83.71982,37.587547],[-83.719731,37.58754],[-83.71951,37.58745],[-83.7193,37.587391],[-83.71867,37.587292],[-83.718471,37.587273],[-83.717979,37.587279],[-83.717828,37.587298],[-83.717391,37.587382],[-83.717214,37.58739],[-83.717121,37.587376]]}},{"type":"Feature","properties":{"osm_id":968812046,"highway":"service","name":null,"alt_name":null,"official_name":null,"surface":null,"tracktype":null,"service":null,"access":null,"motor_vehicle":null,"foot":null,"tiger_reviewed":null,"rrgh_part":0,"rrgh_tile_part":0},"geometry":{"type":"LineString","coordinates":[[-83.718701,37.5825995],[-83.7188412,37.5825252],[-83.7188596,37.5822949]]}},{"type":"Feature","properties":{"osm_id":16269090,"highway":"residential","name":"Church Street","alt_name":null,"official_name":null,"surface":null,"tracktype":null,"service":null,"access":null,"motor_vehicle":null,"foot":null,"tiger_reviewed":"no","rrgh_part":0,"rrgh_tile_part":0},"geometry":{"type":"LineString","coordinates":[[-83.715701,37.581839],[-83.715412,37.582158],[-83.715292,37.582273],[-83.714976,37.58254]]}},{"type":"Feature","properties":{"osm_id":16269272,"highway":"residential","name":"Johnson Road","alt_name":null,"official_name":null,"surface":null,"tracktype":null,"service":null,"access":null,"motor_vehicle":null,"foot":null,"tiger_reviewed":"no","rrgh_part":0,"rrgh_tile_part":0},"geometry":{"type":"LineString","coordinates":[[-83.721592,37.588172],[-83.721644,37.588246],[-83.721934,37.588417],[-83.721985,37.588455],[-83.722069,37.58854],[-83.722129,37.588638],[-83.722187,37.588802],[-83.722348,37.589192],[-83.722453,37.589478],[-83.722483,37.589606],[-83.722512,37.58995],[-83.722555,37.590149],[-83.722576,37.590195],[-83.7226177,37.5902659],[-83.722763,37.590513],[-83.722875,37.590727]]}},{"type":"Feature","properties":{"osm_id":16269674,"highway":"residential","name":"Pryse Boulevard","alt_name":null,"official_name":null,"surface":null,"tracktype":null,"service":null,"access":null,"motor_vehicle":null,"foot":null,"tiger_reviewed":"no","rrgh_part":0,"rrgh_tile_part":0},"geometry":{"type":"LineString","coordinates":[[-83.713833,37.581921],[-83.713884,37.581938],[-83.714499,37.582271],[-83.714976,37.58254],[-83.71589,37.583126],[-83.716192,37.583295],[-83.716361,37.583362]]}},{"type":"Feature","properties":{"osm_id":968812033,"highway":"service","name":null,"alt_name":null,"official_name":null,"surface":null,"tracktype":null,"service":null,"access":null,"motor_vehicle":null,"foot":null,"tiger_reviewed":null,"rrgh_part":0,"rrgh_tile_part":0},"geometry":{"type":"LineString","coordinates":[[-83.7278351,37.593592],[-83.7278098,37.5936361],[-83.7278452,37.5940163],[-83.7278654,37.5942432],[-83.7278148,37.5945634],[-83.7277913,37.594865],[-83.7278351,37.5949984],[-83.727926,37.5951185],[-83.7280658,37.5951705],[-83.7282274,37.5951679],[-83.72877,37.59507]]}},{"type":"Feature","properties":{"osm_id":968812053,"highway":"service","name":null,"alt_name":null,"official_name":null,"surface":null,"tracktype":null,"service":null,"access":null,"motor_vehicle":null,"foot":null,"tiger_reviewed":null,"rrgh_part":0,"rrgh_tile_part":0},"geometry":{"type":"LineString","coordinates":[[-83.7271768,37.5896292],[-83.7274156,37.589444],[-83.7277608,37.5891998],[-83.7278954,37.5891318],[-83.7280164,37.5889988],[-83.7280963,37.5889556],[-83.7282387,37.5889695],[-83.7287888,37.589107]]}},{"type":"Feature","properties":{"osm_id":16269817,"highway":"residential","name":"Lee County Voc-Tech School","alt_name":null,"official_name":null,"surface":"asphalt","tracktype":null,"service":null,"access":null,"motor_vehicle":null,"foot":null,"tiger_reviewed":"no","rrgh_part":0,"rrgh_tile_part":0},"geometry":{"type":"LineString","coordinates":[[-83.7101273,37.5844905],[-83.709982,37.584483],[-83.709844,37.584483]]}},{"type":"Feature","properties":{"osm_id":1374625283,"highway":"service","name":null,"alt_name":null,"official_name":null,"surface":"paved","tracktype":null,"service":null,"access":null,"motor_vehicle":null,"foot":null,"tiger_reviewed":null,"rrgh_part":0,"rrgh_tile_part":0},"geometry":{"type":"LineString","coordinates":[[-83.7074989,37.58195],[-83.7079407,37.5820315],[-83.7086495,37.5821193],[-83.7087935,37.5821024]]}},{"type":"Feature","properties":{"osm_id":1374625285,"highway":"service","name":null,"alt_name":null,"official_name":null,"surface":"paved","tracktype":null,"service":null,"access":null,"motor_vehicle":null,"foot":null,"tiger_reviewed":null,"rrgh_part":0,"rrgh_tile_part":0},"geometry":{"type":"LineString","coordinates":[[-83.7086759,37.5832492],[-83.7086544,37.5831928],[-83.7086012,37.5831485],[-83.7085359,37.5830856],[-83.7085102,37.5830079],[-83.7085125,37.5829283],[-83.7085545,37.5828654],[-83.7087122,37.5826804],[-83.7088076,37.5825798]]}},{"type":"Feature","properties":{"osm_id":1374625289,"highway":"service","name":null,"alt_name":null,"official_name":null,"surface":"paved","tracktype":null,"service":null,"access":null,"motor_vehicle":null,"foot":null,"tiger_reviewed":null,"rrgh_part":0,"rrgh_tile_part":0},"geometry":{"type":"LineString","coordinates":[[-83.7091078,37.5831349],[-83.7089686,37.5826743],[-83.708981,37.5825976]]}},{"type":"Feature","properties":{"osm_id":1416356917,"highway":"track","name":null,"alt_name":null,"official_name":null,"surface":null,"tracktype":null,"service":null,"access":null,"motor_vehicle":null,"foot":null,"tiger_reviewed":null,"rrgh_part":0,"rrgh_tile_part":0},"geometry":{"type":"LineString","coordinates":[[-83.7089423,37.5847426],[-83.7089333,37.5848355],[-83.7089844,37.5851141],[-83.7090264,37.5852975],[-83.7090174,37.5853927],[-83.7089543,37.5854213],[-83.7088732,37.5854308],[-83.7088101,37.5854285],[-83.708756,37.5854047],[-83.7087259,37.5853475],[-83.7086899,37.5851236],[-83.7086568,37.5849355],[-83.7086298,37.5847855],[-83.7089423,37.5847426]]}},{"type":"Feature","properties":{"osm_id":16269816,"highway":"residential","name":"Lee County Voc-Tech School","alt_name":null,"official_name":null,"surface":"asphalt","tracktype":null,"service":null,"access":null,"motor_vehicle":null,"foot":null,"tiger_reviewed":"no","rrgh_part":0,"rrgh_tile_part":0},"geometry":{"type":"LineString","coordinates":[[-83.709558,37.584521],[-83.709844,37.584483],[-83.709711,37.584476],[-83.709644,37.584455],[-83.709588,37.584415],[-83.709473,37.584267],[-83.70941,37.584212],[-83.709277,37.584152],[-83.709124,37.584124],[-83.708967,37.584123],[-83.708815,37.584134],[-83.708213,37.584198],[-83.708138,37.584229],[-83.708113,37.584255],[-83.708087,37.584317],[-83.708086,37.584385],[-83.70812,37.584588],[-83.708131,37.584616],[-83.708172,37.584661],[-83.708231,37.584682],[-83.708302,37.584683],[-83.709071,37.584602],[-83.709558,37.584521]]}},{"type":"Feature","properties":{"osm_id":16269996,"highway":"residential","name":"Marcum Drive","alt_name":null,"official_name":null,"surface":null,"tracktype":null,"service":null,"access":null,"motor_vehicle":null,"foot":null,"tiger_reviewed":"no","rrgh_part":0,"rrgh_tile_part":0},"geometry":{"type":"LineString","coordinates":[[-83.708949,37.594694],[-83.709176,37.594641],[-83.709282,37.594595],[-83.709612,37.594377],[-83.709931,37.59418],[-83.710017,37.594132],[-83.710114,37.594097],[-83.7102052,37.594078],[-83.7102324,37.5940816],[-83.710322,37.594113],[-83.710413,37.594158],[-83.710501,37.594223],[-83.710616,37.594342],[-83.710683,37.594448],[-83.710702,37.594507],[-83.710707,37.594628],[-83.710665,37.594861],[-83.710568,37.595284],[-83.710511,37.595452],[-83.71044,37.595578],[-83.710398,37.595632],[-83.710314,37.595706],[-83.709934,37.595983]]}},{"type":"Feature","properties":{"osm_id":16270257,"highway":"service","name":"Cs-1069","alt_name":null,"official_name":null,"surface":null,"tracktype":null,"service":null,"access":null,"motor_vehicle":null,"foot":null,"tiger_reviewed":"no","rrgh_part":0,"rrgh_tile_part":0},"geometry":{"type":"LineString","coordinates":[[-83.708691,37.594012],[-83.7086285,37.5941703],[-83.7086021,37.5943342],[-83.7085807,37.5945434],[-83.7085803,37.5946792],[-83.708563,37.594929],[-83.7085518,37.5951767],[-83.7085126,37.5954285],[-83.7084898,37.5956224],[-83.7084975,37.595829],[-83.7085345,37.5961895],[-83.7085262,37.596401],[-83.7084396,37.5969761],[-83.7084005,37.5971746],[-83.708346,37.5973999],[-83.7082835,37.5976154],[-83.7082421,37.5977271],[-83.7081981,37.5978243],[-83.7081193,37.5979177],[-83.7080354,37.597997],[-83.7078565,37.598106],[-83.7077868,37.5981402],[-83.7076358,37.5982444],[-83.7074922,37.5983388],[-83.707436,37.5984082],[-83.7073811,37.5985325],[-83.707356,37.5986192],[-83.7073385,37.5986959]]}},{"type":"Feature","properties":{"osm_id":969789300,"highway":"service","name":null,"alt_name":null,"official_name":null,"surface":null,"tracktype":null,"service":null,"access":null,"motor_vehicle":null,"foot":null,"tiger_reviewed":null,"rrgh_part":0,"rrgh_tile_part":0},"geometry":{"type":"LineString","coordinates":[[-83.7077868,37.5981402],[-83.7073064,37.5975561],[-83.7070076,37.5972789],[-83.7067857,37.5971673],[-83.7064784,37.5970118],[-83.7061541,37.5967243],[-83.7060047,37.5961495],[-83.7057871,37.5957133],[-83.7056211,37.5955037],[-83.7054632,37.5953926],[-83.705268,37.5953486],[-83.7050531,37.5953481],[-83.704541,37.5953245],[-83.7042252,37.5952501],[-83.7039689,37.5950959],[-83.7038112,37.5949187],[-83.7037443,37.5947533],[-83.7038112,37.5945501],[-83.7039547,37.5944228],[-83.704255,37.5942086],[-83.7047031,37.5938535],[-83.7049549,37.5934985],[-83.7050659,37.5929947],[-83.7049848,37.5927715],[-83.7047458,37.5926159],[-83.7045367,37.5925449],[-83.7042849,37.5922913],[-83.7037941,37.5918044]]}},{"type":"Feature","properties":{"osm_id":969789361,"highway":"service","name":null,"alt_name":null,"official_name":null,"surface":"asphalt","tracktype":null,"service":null,"access":null,"motor_vehicle":null,"foot":null,"tiger_reviewed":null,"rrgh_part":0,"rrgh_tile_part":0},"geometry":{"type":"LineString","coordinates":[[-83.7100162,37.5861546],[-83.7085329,37.5861344],[-83.7084868,37.5864001],[-83.7084613,37.5866211],[-83.7085841,37.5867671],[-83.7088707,37.5868543],[-83.7094233,37.5869577],[-83.7096715,37.5869942],[-83.710012,37.586991]]}},{"type":"Feature","properties":{"osm_id":969789362,"highway":"service","name":null,"alt_name":null,"official_name":null,"surface":null,"tracktype":null,"service":null,"access":null,"motor_vehicle":null,"foot":null,"tiger_reviewed":null,"rrgh_part":0,"rrgh_tile_part":0},"geometry":{"type":"LineString","coordinates":[[-83.7096425,37.5878139],[-83.709459,37.5877753]]}},{"type":"Feature","properties":{"osm_id":969789362,"highway":"service","name":null,"alt_name":null,"official_name":null,"surface":null,"tracktype":null,"service":null,"access":null,"motor_vehicle":null,"foot":null,"tiger_reviewed":null,"rrgh_part":1,"rrgh_tile_part":0},"geometry":{"type":"LineString","coordinates":[[-83.709459,37.5877753],[-83.7095187,37.5876559],[-83.7095972,37.5874991],[-83.7091599,37.5874056],[-83.7091082,37.5875539],[-83.7090602,37.5876912],[-83.709459,37.5877753]]}},{"type":"Feature","properties":{"osm_id":969789363,"highway":"service","name":null,"alt_name":null,"official_name":null,"surface":null,"tracktype":null,"service":null,"access":null,"motor_vehicle":null,"foot":null,"tiger_reviewed":null,"rrgh_part":0,"rrgh_tile_part":0},"geometry":{"type":"LineString","coordinates":[[-83.7095187,37.5876559],[-83.7091082,37.5875539]]}},{"type":"Feature","properties":{"osm_id":1361840482,"highway":"track","name":null,"alt_name":null,"official_name":null,"surface":null,"tracktype":null,"service":null,"access":null,"motor_vehicle":null,"foot":null,"tiger_reviewed":null,"rrgh_part":0,"rrgh_tile_part":0},"geometry":{"type":"LineString","coordinates":[[-83.7092762,37.5884219],[-83.7090415,37.5883365],[-83.7088325,37.5882608],[-83.7086736,37.5882263],[-83.708501,37.5881989],[-83.7083746,37.5881697],[-83.7082334,37.5881229],[-83.7080283,37.5879934],[-83.7078608,37.5879016],[-83.7077563,37.587828],[-83.7077055,37.58774],[-83.7076611,37.5876204],[-83.7075983,37.5874807],[-83.7075483,37.5873477],[-83.7075305,37.5873051],[-83.7075603,37.5871839],[-83.7076116,37.586979],[-83.7076256,37.5868179],[-83.707617,37.5867236],[-83.7075632,37.5866526],[-83.7074592,37.5866011]]}},{"type":"Feature","properties":{"osm_id":1374625288,"highway":"service","name":null,"alt_name":null,"official_name":null,"surface":"paved","tracktype":null,"service":null,"access":null,"motor_vehicle":null,"foot":null,"tiger_reviewed":null,"rrgh_part":0,"rrgh_tile_part":0},"geometry":{"type":"LineString","coordinates":[[-83.7088076,37.5825798],[-83.708981,37.5825976],[-83.7090951,37.5825971],[-83.7092111,37.582581],[-83.7093928,37.5825573],[-83.7094259,37.5825414],[-83.7094501,37.5824989],[-83.7094617,37.582433],[-83.7094488,37.5823778],[-83.7093161,37.5823072],[-83.7091485,37.5822061],[-83.7090021,37.5821386]]}},{"type":"Feature","properties":{"osm_id":1416356916,"highway":"unclassified","name":null,"alt_name":null,"official_name":null,"surface":null,"tracktype":null,"service":null,"access":null,"motor_vehicle":null,"foot":null,"tiger_reviewed":null,"rrgh_part":0,"rrgh_tile_part":0},"geometry":{"type":"LineString","coordinates":[[-83.7101146,37.5845972],[-83.7099941,37.5845783],[-83.7094922,37.5846521],[-83.7091647,37.5847045],[-83.7089423,37.5847426]]}},{"type":"Feature","properties":{"osm_id":1361840484,"highway":"residential","name":null,"alt_name":null,"official_name":null,"surface":null,"tracktype":null,"service":null,"access":null,"motor_vehicle":null,"foot":null,"tiger_reviewed":null,"rrgh_part":0,"rrgh_tile_part":0},"geometry":{"type":"LineString","coordinates":[[-83.7102052,37.594078],[-83.7103898,37.5939164],[-83.7105035,37.5938009],[-83.7105803,37.5936946],[-83.7106054,37.5936354],[-83.7106167,37.5935779]]}},{"type":"Feature","properties":{"osm_id":16269646,"highway":"residential","name":"Manor Drive","alt_name":null,"official_name":null,"surface":null,"tracktype":null,"service":null,"access":null,"motor_vehicle":null,"foot":null,"tiger_reviewed":"no","rrgh_part":0,"rrgh_tile_part":0},"geometry":{"type":"LineString","coordinates":[[-83.706271,37.58896],[-83.7062964,37.5890933],[-83.7063751,37.5890902],[-83.706454,37.58902],[-83.706664,37.58867],[-83.706714,37.588562],[-83.706728,37.58849],[-83.706716,37.588456],[-83.70669,37.58843],[-83.706656,37.588414],[-83.70662,37.58841],[-83.706587,37.588417],[-83.706535,37.588454],[-83.706491,37.588515],[-83.706315,37.588837],[-83.706271,37.58896]]}},{"type":"Feature","properties":{"osm_id":16269648,"highway":"residential","name":"Manor Drive","alt_name":null,"official_name":null,"surface":null,"tracktype":null,"service":null,"access":null,"motor_vehicle":null,"foot":null,"tiger_reviewed":"no","rrgh_part":0,"rrgh_tile_part":0},"geometry":{"type":"LineString","coordinates":[[-83.70824,37.590528],[-83.70811,37.590478],[-83.707897,37.590359],[-83.707686,37.590218],[-83.707348,37.589969],[-83.707087,37.589799],[-83.706384,37.589346],[-83.706298,37.589257],[-83.7062964,37.5890933]]}},{"type":"Feature","properties":{"osm_id":16269849,"highway":"residential","name":"Smith Road","alt_name":null,"official_name":null,"surface":null,"tracktype":null,"service":null,"access":null,"motor_vehicle":null,"foot":null,"tiger_reviewed":"no","rrgh_part":0,"rrgh_tile_part":0},"geometry":{"type":"LineString","coordinates":[[-83.707087,37.589799],[-83.707262,37.589644],[-83.707419,37.589478],[-83.707504,37.589363],[-83.707685,37.589071]]}},{"type":"Feature","properties":{"osm_id":16269316,"highway":"residential","name":"Kelly Lane","alt_name":null,"official_name":null,"surface":null,"tracktype":null,"service":null,"access":null,"motor_vehicle":null,"foot":null,"tiger_reviewed":"no","rrgh_part":0,"rrgh_tile_part":0},"geometry":{"type":"LineString","coordinates":[[-83.71044,37.595578],[-83.71089,37.595832]]}},{"type":"Feature","properties":{"osm_id":1361840489,"highway":"residential","name":null,"alt_name":null,"official_name":null,"surface":null,"tracktype":null,"service":null,"access":null,"motor_vehicle":null,"foot":null,"tiger_reviewed":null,"rrgh_part":0,"rrgh_tile_part":0},"geometry":{"type":"LineString","coordinates":[[-83.709934,37.595983],[-83.7098444,37.5960493],[-83.7098111,37.5961078],[-83.7097955,37.5961672],[-83.7098293,37.5962088],[-83.7098827,37.596235],[-83.7100203,37.5963158],[-83.7102,37.5964676],[-83.7102771,37.5965618],[-83.7104002,37.5966974],[-83.7104589,37.596785],[-83.7105173,37.596855],[-83.7105689,37.5969855],[-83.710575,37.5970382],[-83.7105856,37.5971291],[-83.7105699,37.5972324],[-83.7105507,37.5973171],[-83.7105111,37.597407],[-83.7104646,37.5974868],[-83.7104031,37.5975559],[-83.7103493,37.5976246],[-83.7103004,37.5976906],[-83.7102866,37.5977692],[-83.7103223,37.5978278],[-83.7104196,37.5978675],[-83.7104797,37.5978775]]}},{"type":"Feature","properties":{"osm_id":1361840492,"highway":"residential","name":null,"alt_name":null,"official_name":null,"surface":null,"tracktype":null,"service":null,"access":null,"motor_vehicle":null,"foot":null,"tiger_reviewed":null,"rrgh_part":0,"rrgh_tile_part":0},"geometry":{"type":"LineString","coordinates":[[-83.710575,37.5970382],[-83.7098523,37.5971183]]}},{"type":"Feature","properties":{"osm_id":1361840491,"highway":"service","name":"Cs-1069","alt_name":null,"official_name":null,"surface":"dirt","tracktype":null,"service":null,"access":null,"motor_vehicle":null,"foot":null,"tiger_reviewed":"no","rrgh_part":0,"rrgh_tile_part":0},"geometry":{"type":"LineString","coordinates":[[-83.7073385,37.5986959],[-83.707312,37.5988122],[-83.707277,37.598951],[-83.707236,37.599162],[-83.707201,37.599239],[-83.707157,37.599291],[-83.707081,37.599328],[-83.706979,37.599342],[-83.706676,37.59933],[-83.706518,37.599339],[-83.7064393,37.5993475]]}},{"type":"Feature","properties":{"osm_id":969789301,"highway":"service","name":null,"alt_name":null,"official_name":null,"surface":null,"tracktype":null,"service":null,"access":null,"motor_vehicle":null,"foot":null,"tiger_reviewed":null,"rrgh_part":0,"rrgh_tile_part":0},"geometry":{"type":"LineString","coordinates":[[-83.7064393,37.5993475],[-83.7062836,37.5993962],[-83.706006,37.5994942],[-83.7058424,37.5997157],[-83.7058101,37.5999854],[-83.70581533396226,37.6]]}},{"type":"Feature","properties":{"osm_id":969789301,"highway":"service","name":null,"alt_name":null,"official_name":null,"surface":null,"tracktype":null,"service":null,"access":null,"motor_vehicle":null,"foot":null,"tiger_reviewed":null,"rrgh_part":0,"rrgh_tile_part":1},"geometry":{"type":"LineString","coordinates":[[-83.70328529483871,37.6],[-83.7032471,37.5999428],[-83.7031543,37.5998136],[-83.7030344,37.5996499],[-83.7029474,37.5995379],[-83.7029104,37.5994849],[-83.702903,37.5994356]]}},{"type":"Feature","properties":{"osm_id":16269166,"highway":"residential","name":"Big Hill Drive","alt_name":null,"official_name":null,"surface":null,"tracktype":null,"service":null,"access":null,"motor_vehicle":null,"foot":null,"tiger_reviewed":"no","rrgh_part":0,"rrgh_tile_part":0},"geometry":{"type":"LineString","coordinates":[[-83.701655,37.58238],[-83.701512,37.58232],[-83.701193,37.58215],[-83.701035,37.582088],[-83.700932,37.582063],[-83.700734,37.582036],[-83.700612,37.582033],[-83.700516,37.582042],[-83.700324,37.58209],[-83.700261,37.582096],[-83.700211,37.582085],[-83.70018,37.582063]]}},{"type":"Feature","properties":{"osm_id":16269204,"highway":"residential","name":"Rogers Road","alt_name":null,"official_name":null,"surface":null,"tracktype":null,"service":null,"access":null,"motor_vehicle":null,"foot":null,"tiger_reviewed":"no","rrgh_part":0,"rrgh_tile_part":0},"geometry":{"type":"LineString","coordinates":[[-83.69776,37.584129],[-83.698212,37.584273],[-83.698375,37.584341],[-83.698525,37.58443],[-83.698721,37.5846],[-83.699048,37.584938],[-83.6992,37.585068],[-83.699308,37.585137],[-83.699449,37.585208],[-83.69974,37.585311],[-83.700197,37.585449],[-83.70071,37.585601],[-83.700977,37.58566],[-83.701053,37.585698],[-83.701185,37.585801]]}},{"type":"Feature","properties":{"osm_id":16269205,"highway":"residential","name":"Rogers Road","alt_name":null,"official_name":null,"surface":null,"tracktype":null,"service":null,"access":null,"motor_vehicle":null,"foot":null,"tiger_reviewed":"no","rrgh_part":0,"rrgh_tile_part":0},"geometry":{"type":"LineString","coordinates":[[-83.701053,37.585698],[-83.701134,37.585637]]}},{"type":"Feature","properties":{"osm_id":16270067,"highway":"residential","name":"Noble Drive","alt_name":null,"official_name":null,"surface":null,"tracktype":null,"service":null,"access":null,"motor_vehicle":null,"foot":null,"tiger_reviewed":"no","rrgh_part":0,"rrgh_tile_part":0},"geometry":{"type":"LineString","coordinates":[[-83.700197,37.585449],[-83.700413,37.585072],[-83.700516,37.584854],[-83.700609,37.584696],[-83.700756,37.584548],[-83.700883,37.584448],[-83.701079,37.584344],[-83.701184,37.584305],[-83.701294,37.584284],[-83.701451,37.584288],[-83.701824,37.584363]]}},{"type":"Feature","properties":{"osm_id":16270199,"highway":"residential","name":"Sunset Drive","alt_name":null,"official_name":null,"surface":null,"tracktype":null,"service":null,"access":null,"motor_vehicle":null,"foot":null,"tiger_reviewed":"no","rrgh_part":0,"rrgh_tile_part":0},"geometry":{"type":"LineString","coordinates":[[-83.698721,37.5846],[-83.698864,37.584516],[-83.698928,37.5845],[-83.699,37.584502],[-83.699122,37.584534],[-83.699355,37.584613],[-83.699674,37.584736]]}},{"type":"Feature","properties":{"osm_id":16268919,"highway":"residential","name":"Jackson Lane","alt_name":null,"official_name":null,"surface":null,"tracktype":null,"service":null,"access":null,"motor_vehicle":null,"foot":null,"tiger_reviewed":"no","rrgh_part":0,"rrgh_tile_part":0},"geometry":{"type":"LineString","coordinates":[[-83.697901,37.588554],[-83.698094,37.588636],[-83.698245,37.58868],[-83.698355,37.588686],[-83.69846,37.588661],[-83.698549,37.588614],[-83.698621,37.58854],[-83.698928,37.588056],[-83.699017,37.588003],[-83.699537,37.587849]]}},{"type":"Feature","properties":{"osm_id":16269050,"highway":"residential","name":"Rock of Ages Road","alt_name":null,"official_name":null,"surface":null,"tracktype":null,"service":null,"access":null,"motor_vehicle":null,"foot":null,"tiger_reviewed":"no","rrgh_part":0,"rrgh_tile_part":0},"geometry":{"type":"LineString","coordinates":[[-83.681252,37.58465],[-83.681181,37.584669],[-83.6810471,37.5848084],[-83.681025,37.584862],[-83.681049,37.584924],[-83.681257,37.585134],[-83.681313,37.585241],[-83.681414,37.585517],[-83.681455,37.5857],[-83.681493,37.58597],[-83.681508,37.586004],[-83.681529,37.586028],[-83.681593,37.586038],[-83.681649,37.586018],[-83.681767,37.585937],[-83.681875,37.585895],[-83.681977,37.585889],[-83.682066,37.58591],[-83.682207,37.586011],[-83.682543,37.586334],[-83.682591,37.586397],[-83.682606,37.586469],[-83.682582,37.586547],[-83.68242,37.586781],[-83.682369,37.58691],[-83.682358,37.587046],[-83.682396,37.587575],[-83.682444,37.587774],[-83.682629,37.588267],[-83.682914,37.589135],[-83.683023,37.589427],[-83.683171,37.589777],[-83.683281,37.590081],[-83.683497,37.590877],[-83.683755,37.591478],[-83.684,37.592114],[-83.684044,37.592276],[-83.684097,37.592685],[-83.684152,37.59284],[-83.684245,37.592973],[-83.684371,37.593082],[-83.684709,37.59333],[-83.685112,37.593657],[-83.685233,37.593785],[-83.685283,37.593855],[-83.685317,37.593932],[-83.68534,37.594012],[-83.685397,37.594335],[-83.685461,37.594553],[-83.685548,37.594682],[-83.685638,37.594781],[-83.685726,37.594836],[-83.685799,37.59487],[-83.685948,37.594912],[-83.686091,37.594931],[-83.686627,37.594904],[-83.686814,37.594876],[-83.686903,37.594856],[-83.686986,37.594824],[-83.687061,37.594783],[-83.687328,37.594584],[-83.687482,37.594508],[-83.687645,37.594448],[-83.688184,37.594301],[-83.688521,37.594198],[-83.688735,37.594152],[-83.68886,37.59414],[-83.689107,37.594136],[-83.689278,37.594148],[-83.689449,37.594189],[-83.68953,37.594223],[-83.689607,37.594264],[-83.689748,37.594364],[-83.690066,37.594647],[-83.6902,37.59472],[-83.690276,37.594738],[-83.69035,37.59474],[-83.690487,37.594728],[-83.690645,37.594692],[-83.69082,37.594673],[-83.691009,37.594661],[-83.691196,37.594664],[-83.691283,37.594678],[-83.691433,37.594732],[-83.691558,37.594811],[-83.691655,37.594911],[-83.69173,37.595043],[-83.691775,37.595215],[-83.691765,37.595281],[-83.691697,37.595477],[-83.691662,37.595619],[-83.69166,37.595691],[-83.691673,37.595762],[-83.691701,37.59583],[-83.69181,37.595962],[-83.692081,37.596219],[-83.692133,37.59632],[-83.692129,37.596376],[-83.692105,37.596431],[-83.692066,37.596483],[-83.691751,37.596842],[-83.691583,37.597012],[-83.691425,37.597133],[-83.691339,37.597171]]}},{"type":"Feature","properties":{"osm_id":16270220,"highway":"residential","name":"Napier Road","alt_name":null,"official_name":null,"surface":null,"tracktype":null,"service":null,"access":null,"motor_vehicle":null,"foot":null,"tiger_reviewed":"no","rrgh_part":0,"rrgh_tile_part":0},"geometry":{"type":"LineString","coordinates":[[-83.688672,37.592557],[-83.689341,37.592214],[-83.689567,37.592149],[-83.690344,37.591979],[-83.69049,37.591936],[-83.690555,37.591903],[-83.690671,37.591814],[-83.691005,37.591502],[-83.691063,37.591457],[-83.691196,37.59138],[-83.691621,37.591226],[-83.692073,37.591035],[-83.692772,37.590765]]}},{"type":"Feature","properties":{"osm_id":16270254,"highway":"residential","name":"Water Plant Road","alt_name":null,"official_name":null,"surface":null,"tracktype":null,"service":null,"access":null,"motor_vehicle":null,"foot":null,"tiger_reviewed":"no","rrgh_part":0,"rrgh_tile_part":0},"geometry":{"type":"LineString","coordinates":[[-83.697291,37.589632],[-83.69745,37.589691],[-83.697535,37.589737],[-83.697599,37.589811],[-83.697619,37.589856],[-83.697758,37.590503],[-83.69777,37.590653],[-83.697763,37.590755],[-83.697738,37.590856],[-83.697699,37.590952],[-83.697612,37.59109],[-83.697541,37.591174],[-83.69736,37.591311],[-83.696914,37.591557],[-83.696461,37.591914]]}},{"type":"Feature","properties":{"osm_id":16270144,"highway":"residential","name":"C Hogan Road","alt_name":null,"official_name":null,"surface":null,"tracktype":null,"service":null,"access":null,"motor_vehicle":null,"foot":null,"tiger_reviewed":"no","rrgh_part":0,"rrgh_tile_part":0},"geometry":{"type":"LineString","coordinates":[[-83.686147,37.588999],[-83.686425,37.589508],[-83.686487,37.589641],[-83.686529,37.589777],[-83.686537,37.590056],[-83.68652,37.590312],[-83.686524,37.590447],[-83.686582,37.590773],[-83.68672,37.591017],[-83.686936,37.591358],[-83.687035,37.591474],[-83.68718,37.591571],[-83.687561,37.591715],[-83.687818,37.591856],[-83.687955,37.591956],[-83.688519,37.592413],[-83.688623,37.592502],[-83.688672,37.592557],[-83.688762,37.592688],[-83.688823,37.592835],[-83.688859,37.59299],[-83.688895,37.593244],[-83.688921,37.593514],[-83.688923,37.593679],[-83.68891,37.593833],[-83.68886,37.59414]]}},{"type":"Feature","properties":{"osm_id":16269049,"highway":"residential","name":"Rock of Ages Road","alt_name":null,"official_name":null,"surface":null,"tracktype":null,"service":null,"access":null,"motor_vehicle":null,"foot":null,"tiger_reviewed":"no","rrgh_part":0,"rrgh_tile_part":0},"geometry":{"type":"LineString","coordinates":[[-83.691339,37.597171],[-83.69152,37.597326],[-83.692353,37.597788]]}},{"type":"Feature","properties":{"osm_id":16269104,"highway":"residential","name":"Bowman Cemetery Road","alt_name":null,"official_name":null,"surface":null,"tracktype":null,"service":null,"access":null,"motor_vehicle":null,"foot":null,"tiger_reviewed":"no","rrgh_part":0,"rrgh_tile_part":0},"geometry":{"type":"LineString","coordinates":[[-83.690892,37.597903],[-83.690832,37.597896],[-83.690792,37.597882],[-83.690746,37.597846],[-83.690658,37.597745],[-83.690487,37.597628],[-83.689984,37.597421]]}},{"type":"Feature","properties":{"osm_id":16269280,"highway":"residential","name":"Poor Farm Road","alt_name":null,"official_name":null,"surface":null,"tracktype":null,"service":null,"access":null,"motor_vehicle":null,"foot":null,"tiger_reviewed":"no","rrgh_part":0,"rrgh_tile_part":0},"geometry":{"type":"LineString","coordinates":[[-83.694771,37.595662],[-83.695092,37.596221],[-83.695217,37.596491],[-83.695272,37.596674],[-83.695301,37.596816],[-83.695316,37.596963],[-83.695313,37.59711],[-83.695293,37.597253],[-83.695253,37.597391],[-83.695195,37.597525],[-83.695121,37.597652],[-83.695033,37.597776],[-83.694878,37.597952],[-83.694765,37.598059],[-83.694641,37.598157],[-83.694502,37.598248],[-83.694345,37.598333],[-83.694174,37.598404],[-83.694003,37.598459],[-83.693759,37.598517],[-83.693618,37.598538],[-83.693503,37.598542],[-83.693425,37.598522],[-83.69339,37.598486],[-83.693378,37.598408],[-83.693471,37.597582],[-83.693478,37.597461],[-83.693463,37.597348],[-83.693413,37.597246],[-83.693378,37.597202],[-83.693292,37.597126],[-83.693146,37.597047],[-83.69299,37.596983]]}},{"type":"Feature","properties":{"osm_id":16269717,"highway":"residential","name":"Rock of Ages Spur Road","alt_name":null,"official_name":null,"surface":null,"tracktype":null,"service":null,"access":null,"motor_vehicle":null,"foot":null,"tiger_reviewed":"no","rrgh_part":0,"rrgh_tile_part":0},"geometry":{"type":"LineString","coordinates":[[-83.691339,37.597171],[-83.691155,37.597248],[-83.691113,37.597275],[-83.690985,37.59738],[-83.690924,37.597464],[-83.690875,37.597594],[-83.690863,37.597674],[-83.690892,37.597903],[-83.690943,37.598076],[-83.691011,37.598227]]}},{"type":"Feature","properties":{"osm_id":16269857,"highway":"residential","name":"Hobbs Road","alt_name":null,"official_name":null,"surface":null,"tracktype":null,"service":null,"access":null,"motor_vehicle":null,"foot":null,"tiger_reviewed":"no","rrgh_part":0,"rrgh_tile_part":0},"geometry":{"type":"LineString","coordinates":[[-83.690856,37.598894],[-83.690406,37.59916],[-83.690155,37.599353],[-83.690024,37.599475],[-83.689869,37.599644],[-83.68962,37.599978],[-83.68960619607843,37.6]]}},{"type":"Feature","properties":{"osm_id":16269858,"highway":"residential","name":"Hobbs Road","alt_name":null,"official_name":null,"surface":null,"tracktype":null,"service":null,"access":null,"motor_vehicle":null,"foot":null,"tiger_reviewed":"no","rrgh_part":0,"rrgh_tile_part":0},"geometry":{"type":"LineString","coordinates":[[-83.68944971578948,37.6],[-83.689135,37.599934],[-83.688229,37.59972],[-83.688061,37.599607],[-83.687903,37.599445],[-83.687725,37.599306],[-83.687636,37.599258],[-83.687387,37.599233],[-83.687198,37.599264],[-83.687088,37.599272],[-83.687039,37.599216],[-83.687401,37.59894],[-83.687588,37.598802],[-83.687672,37.598713],[-83.687645,37.598543],[-83.687518,37.598332],[-83.687421,37.598153],[-83.687454,37.598057]]}},{"type":"Feature","properties":{"osm_id":16269609,"highway":"residential","name":"Little Puncheon Road","alt_name":null,"official_name":null,"surface":null,"tracktype":null,"service":null,"access":null,"motor_vehicle":null,"foot":null,"tiger_reviewed":"no","rrgh_part":0,"rrgh_tile_part":0},"geometry":{"type":"LineString","coordinates":[[-83.679435,37.595008],[-83.679465,37.595008],[-83.679491,37.59502],[-83.679577,37.595091],[-83.679624,37.595151],[-83.67965,37.595207],[-83.679667,37.595317],[-83.679657,37.595418],[-83.679632,37.595519],[-83.679557,37.596145],[-83.679557,37.596319],[-83.679521,37.596511],[-83.679528,37.596796],[-83.67951,37.5969],[-83.679454,37.596998],[-83.679208,37.59722],[-83.67904,37.597364],[-83.678977,37.597449],[-83.678938,37.597591],[-83.678944,37.597671],[-83.67901,37.597797],[-83.679092,37.597861],[-83.67916,37.597904],[-83.67935,37.597976],[-83.67941,37.598012],[-83.679479,37.598062],[-83.679536,37.598132],[-83.679586,37.598253],[-83.679684,37.598577],[-83.679699,37.598682],[-83.679695,37.59882],[-83.679553,37.599257],[-83.679557,37.59934],[-83.679581,37.599406],[-83.679664,37.599492],[-83.679936,37.59968],[-83.680034,37.599733],[-83.680238,37.599758],[-83.680428,37.599764],[-83.680517,37.599754],[-83.680566,37.599723],[-83.680613,37.599706],[-83.680671,37.599703],[-83.681094,37.599762],[-83.681404,37.599786],[-83.681563,37.599818],[-83.681673,37.599853],[-83.681745,37.599903],[-83.681794,37.599958],[-83.68181740983606,37.6]]}},{"type":"Feature","properties":{"osm_id":16269344,"highway":"residential","name":"Trail","alt_name":null,"official_name":null,"surface":null,"tracktype":null,"service":null,"access":null,"motor_vehicle":null,"foot":null,"tiger_reviewed":"no","rrgh_part":0,"rrgh_tile_part":0},"geometry":{"type":"LineString","coordinates":[[-83.67500000000001,37.59094228055075],[-83.675526,37.590199],[-83.675554,37.589803],[-83.67525,37.5894],[-83.67500000000001,37.58927076271186]]}},{"type":"Feature","properties":{"osm_id":16268443,"highway":"service","name":null,"alt_name":null,"official_name":null,"surface":null,"tracktype":null,"service":null,"access":"private","motor_vehicle":null,"foot":null,"tiger_reviewed":"no","rrgh_part":0,"rrgh_tile_part":0},"geometry":{"type":"LineString","coordinates":[[-83.675357,37.579404],[-83.675209,37.579482],[-83.675032,37.579411],[-83.67500000000001,37.579378189873424]]}}],"rrgh_tile":{"id":"r2c3","bounds":[37.525000000000006,-83.76,37.6,-83.67500000000001]}}
