{"type":"FeatureCollection","features":[{"type":"Feature","properties":{"osm_id":16268242,"highway":"residential","name":"Pawpaw Creek Road","alt_name":null,"official_name":null,"surface":null,"tracktype":null,"service":null,"access":null,"motor_vehicle":null,"foot":null,"tiger_reviewed":"no","rrgh_part":0,"rrgh_tile_part":0},"geometry":{"type":"LineString","coordinates":[[-83.67500000000001,37.545210879999985],[-83.67499,37.54522],[-83.6749,37.545284],[-83.674745,37.545418],[-83.674374,37.545637],[-83.674269,37.545686],[-83.673587,37.54591],[-83.673479,37.545961],[-83.673374,37.54602],[-83.672904,37.54635],[-83.6726,37.546537],[-83.672369,37.546633],[-83.67198,37.546766],[-83.671699,37.546839],[-83.671272,37.546928],[-83.670985,37.546958],[-83.670577,37.546974],[-83.67045,37.546997],[-83.669994,37.547113],[-83.669444,37.547231],[-83.668619,37.547426],[-83.668287,37.547525],[-83.667921,37.547666],[-83.667831,37.547665],[-83.667267,37.547585],[-83.667114,37.547551],[-83.666438,37.547408],[-83.666229,37.547376],[-83.665931,37.547305],[-83.665768,37.547257],[-83.665694,37.547242],[-83.665638,37.547241],[-83.665463,37.547266],[-83.665387,37.54731],[-83.665193,37.547487],[-83.665044,37.54764],[-83.664868,37.547792],[-83.664754,37.547875],[-83.66441,37.548054],[-83.664182,37.548159],[-83.664037,37.54821],[-83.663789,37.548315],[-83.66363,37.548369],[-83.66326,37.548539],[-83.662972,37.548684],[-83.662531,37.548954],[-83.662445,37.548997],[-83.662251,37.549076],[-83.662184,37.549081],[-83.662044,37.549108],[-83.6619,37.549122],[-83.661606,37.549133],[-83.661145,37.549201],[-83.661059,37.549205],[-83.660974,37.5492],[-83.660888,37.549177],[-83.660741,37.549109],[-83.660674,37.549056],[-83.660497,37.548944],[-83.660359,37.548877],[-83.660138,37.548844],[-83.659778,37.548854],[-83.659196,37.54891],[-83.659051,37.548971],[-83.658995,37.548981]]}},{"type":"Feature","properties":{"osm_id":1266962661,"highway":"track","name":"Brandonburg Cemetery","alt_name":null,"official_name":null,"surface":null,"tracktype":null,"service":null,"access":null,"motor_vehicle":null,"foot":null,"tiger_reviewed":null,"rrgh_part":0,"rrgh_tile_part":0},"geometry":{"type":"LineString","coordinates":[[-83.67500000000001,37.54212907521779],[-83.674936,37.5421106],[-83.6746831,37.5419147],[-83.6744917,37.5417052],[-83.6741404,37.5414994],[-83.673745,37.5413049],[-83.6733717,37.541233],[-83.6729669,37.5412237],[-83.6724629,37.5413042],[-83.6719768,37.5414088],[-83.6715976,37.5414391],[-83.6713476,37.5415161],[-83.6710247,37.5416565],[-83.6707875,37.5416915],[-83.6703911,37.5416409],[-83.6699952,37.5416336],[-83.6697059,37.5417089],[-83.6695402,37.5418634],[-83.6693548,37.5421449],[-83.6692254,37.5425248],[-83.6691355,37.5427788],[-83.6689884,37.5429169],[-83.6686722,37.5430823],[-83.6684148,37.5431921],[-83.6676788,37.5433535],[-83.6669984,37.5435194],[-83.6667785,37.5434746],[-83.6665632,37.5433797],[-83.666423,37.5431557],[-83.6663695,37.542925],[-83.666341,37.5426486],[-83.6664111,37.5424523],[-83.6665378,37.5423181],[-83.6666427,37.542183],[-83.666646,37.5421318],[-83.6665936,37.5421032],[-83.6665096,37.542153],[-83.6663059,37.5422023],[-83.6660783,37.5421908],[-83.6658646,37.5422566],[-83.6657389,37.5423654],[-83.6656218,37.5424999]]}},{"type":"Feature","properties":{"osm_id":16268992,"highway":"residential","name":"Gunnel Branch Road","alt_name":null,"official_name":null,"surface":null,"tracktype":null,"service":null,"access":null,"motor_vehicle":null,"foot":null,"tiger_reviewed":"no","rrgh_part":0,"rrgh_tile_part":0},"geometry":{"type":"LineString","coordinates":[[-83.603896,37.535145],[-83.603951,37.535158],[-83.604045,37.53516],[-83.604132,37.535133],[-83.604266,37.535069],[-83.604363,37.535048],[-83.604415,37.535052],[-83.604576,37.535097],[-83.604812,37.535243],[-83.604864,37.535267],[-83.604929,37.535284],[-83.605234,37.535324],[-83.605902,37.53538],[-83.606199,37.535394],[-83.6065,37.535367],[-83.606863,37.535304],[-83.606955,37.535302],[-83.607145,37.535328],[-83.607241,37.53536],[-83.607348,37.535379],[-83.607576,37.535406],[-83.60769,37.53541],[-83.607802,37.535403],[-83.608118,37.535351],[-83.608221,37.535342],[-83.60883,37.535315],[-83.609027,37.535296],[-83.609216,37.535254],[-83.609475,37.535154],[-83.609657,37.53511],[-83.610029,37.535049],[-83.610367,37.534974],[-83.610806,37.534933],[-83.61099,37.534929],[-83.61118,37.53494],[-83.611529,37.534997],[-83.611681,37.535014],[-83.611752,37.535013],[-83.611938,37.53499],[-83.61243,37.534896],[-83.612922,37.534933],[-83.613069,37.534926],[-83.613182,37.534945],[-83.613331,37.535055],[-83.613507,37.535257],[-83.613527,37.535291],[-83.613557,37.535358],[-83.61357,37.535424],[-83.61357,37.535733],[-83.613621,37.535839],[-83.613849,37.536076],[-83.614035,37.536219],[-83.614231,37.536419],[-83.614316,37.53654],[-83.614351,37.536606],[-83.614389,37.536735],[-83.614412,37.536776],[-83.614485,37.536846],[-83.614855,37.537033],[-83.614945,37.537106],[-83.614981,37.537149],[-83.615031,37.537244],[-83.61505,37.537404],[-83.615086,37.537496],[-83.61512,37.537532],[-83.6152,37.537584],[-83.615241,37.5376],[-83.615316,37.537612],[-83.615696,37.537554],[-83.615828,37.537543],[-83.615951,37.537558],[-83.616068,37.537585],[-83.616115,37.537607],[-83.616179,37.537662],[-83.616199,37.537735],[-83.616163,37.537815],[-83.616081,37.537946],[-83.616057,37.538009],[-83.616043,37.53808],[-83.616055,37.538197],[-83.616108,37.538337],[-83.616169,37.538423],[-83.616264,37.538485],[-83.616422,37.538567],[-83.6165,37.538642],[-83.616532,37.538686],[-83.616548,37.538735],[-83.616558,37.5388],[-83.616542,37.538873],[-83.616485,37.538942],[-83.616319,37.539082],[-83.616282,37.539136],[-83.616266,37.539187],[-83.616273,37.539272],[-83.616447,37.539616],[-83.61652,37.539826],[-83.616559,37.539889],[-83.61664,37.539975],[-83.61677,37.540061],[-83.61682,37.540077],[-83.616872,37.54008],[-83.616924,37.540075],[-83.617176,37.540001],[-83.617357,37.539871],[-83.617423,37.539805],[-83.617808,37.539309],[-83.617916,37.539187],[-83.618066,37.539075],[-83.618102,37.53906],[-83.618263,37.539048],[-83.618287,37.539062],[-83.618394,37.539145],[-83.618518,37.53931],[-83.618543,37.539427],[-83.618551,37.539577],[-83.618571,37.539681],[-83.61861,37.539773],[-83.618847,37.540203],[-83.618884,37.540248],[-83.619235,37.540677],[-83.61931,37.540783],[-83.619481,37.540977],[-83.619617,37.541248],[-83.619922,37.542099],[-83.620197,37.542495],[-83.62026,37.542607],[-83.620313,37.542729],[-83.620404,37.543104],[-83.620445,37.543421],[-83.620443,37.543613],[-83.620425,37.543723],[-83.620395,37.543815],[-83.620312,37.543964],[-83.620291,37.544051],[-83.620288,37.544168],[-83.620318,37.54442],[-83.620378,37.544657],[-83.620493,37.544964],[-83.620564,37.545109],[-83.620738,37.545396],[-83.620881,37.545592],[-83.621167,37.545863],[-83.621262,37.545975],[-83.621444,37.546243],[-83.621572,37.546508],[-83.621646,37.546589],[-83.621722,37.546647],[-83.621814,37.546695],[-83.622016,37.546773],[-83.622117,37.546832],[-83.62241,37.54711],[-83.622855,37.547455],[-83.622975,37.547566],[-83.623049,37.547672],[-83.623096,37.547789],[-83.623144,37.547866],[-83.62322,37.54793],[-83.623472,37.548079],[-83.624021,37.548504],[-83.624143,37.548538],[-83.624195,37.548564],[-83.624278,37.548648],[-83.624395,37.548821],[-83.624565,37.549098],[-83.624596,37.549195],[-83.624649,37.549291],[-83.624694,37.54936],[-83.624755,37.549416],[-83.624944,37.549534],[-83.625076,37.549637],[-83.62517,37.549688],[-83.625582,37.549765],[-83.62572,37.549807],[-83.625783,37.549837],[-83.625892,37.54992],[-83.626035,37.550055],[-83.626097,37.550089],[-83.62637,37.550192],[-83.626592,37.55034],[-83.626707,37.550395],[-83.62683,37.550414],[-83.627126,37.550318],[-83.627198,37.550309],[-83.627273,37.550313],[-83.627343,37.550331],[-83.627505,37.550425],[-83.62779,37.550718],[-83.627904,37.550856],[-83.628073,37.551024],[-83.628202,37.551233],[-83.628297,37.551319],[-83.628547,37.551427],[-83.628631,37.551513],[-83.628663,37.551563],[-83.628726,37.551795],[-83.628814,37.552028],[-83.628869,37.55213],[-83.629079,37.552452],[-83.62913,37.552504]]}},{"type":"Feature","properties":{"osm_id":16269434,"highway":"residential","name":"Long Shoal Road","alt_name":null,"official_name":null,"surface":null,"tracktype":null,"service":null,"access":null,"motor_vehicle":null,"foot":null,"tiger_reviewed":"no","rrgh_part":0,"rrgh_tile_part":0},"geometry":{"type":"LineString","coordinates":[[-83.629896,37.553095],[-83.630164,37.553466],[-83.630316,37.553726],[-83.630397,37.553894],[-83.630487,37.554038],[-83.630543,37.554102],[-83.63068,37.554222],[-83.631015,37.554451],[-83.63136,37.554733],[-83.632152,37.555506],[-83.632391,37.555728],[-83.632571,37.555868],[-83.632965,37.556141],[-83.633262,37.556379],[-83.633673,37.556666],[-83.633778,37.55673],[-83.633998,37.556842],[-83.63443,37.557035],[-83.634526,37.557088],[-83.63461,37.557151],[-83.63467,37.557213],[-83.634734,37.557308],[-83.634768,37.557395],[-83.6347749,37.5575049],[-83.634779,37.557569],[-83.634774,37.557661],[-83.634737,37.557849],[-83.634721,37.558149],[-83.634772,37.558454],[-83.634805,37.558549],[-83.634856,37.558638],[-83.634925,37.55872],[-83.635585,37.559257],[-83.635902,37.559534],[-83.636123,37.559699],[-83.636376,37.559871],[-83.636561,37.559977],[-83.636766,37.560073],[-83.636976,37.560153],[-83.637503,37.560383],[-83.638194,37.560654],[-83.638417,37.560712],[-83.639492,37.560921],[-83.639628,37.560957],[-83.639889,37.561049],[-83.64026,37.56122],[-83.640515,37.56132],[-83.641042,37.561442],[-83.64168,37.561631],[-83.642071,37.561712],[-83.643263,37.561888],[-83.643864,37.562006],[-83.644349,37.562068],[-83.644735,37.562134],[-83.644866,37.562165],[-83.644992,37.562206],[-83.645646,37.562448],[-83.645941,37.562522],[-83.646028,37.56256],[-83.646117,37.562614],[-83.646156,37.562684],[-83.646214,37.562841],[-83.646239,37.563069],[-83.646252,37.563136],[-83.646282,37.563198],[-83.646325,37.563253],[-83.646389,37.563285],[-83.646465,37.563308],[-83.646539,37.563299],[-83.646651,37.563216],[-83.64679,37.563032],[-83.646905,37.562927],[-83.646974,37.562891],[-83.647224,37.562821],[-83.647524,37.562815],[-83.647865,37.56285],[-83.648094,37.562892],[-83.648319,37.562979],[-83.648833,37.56328],[-83.649169,37.56343],[-83.649371,37.563543],[-83.649455,37.563612],[-83.6496,37.563759],[-83.649713,37.563921],[-83.649853,37.564066],[-83.650031,37.564178],[-83.650343,37.56432],[-83.650523,37.564442],[-83.650592,37.564511],[-83.650629,37.564582],[-83.650624,37.564638],[-83.650594,37.564674],[-83.650546,37.564691],[-83.650483,37.564688],[-83.650274,37.56465],[-83.649961,37.564617],[-83.649889,37.564643],[-83.649848,37.564698],[-83.64982,37.564763],[-83.649768,37.564999],[-83.649767,37.565093],[-83.649809,37.565483],[-83.649873,37.565723],[-83.649928,37.565807],[-83.650042,37.565914],[-83.650435,37.566345],[-83.650608,37.566476],[-83.650884,37.566656],[-83.65112,37.56686],[-83.651372,37.567148],[-83.651542,37.567399],[-83.651661,37.567519],[-83.652048,37.56772],[-83.652166,37.567771],[-83.652473,37.567946],[-83.652547,37.568004],[-83.652663,37.56814]]}},{"type":"Feature","properties":{"osm_id":1370678192,"highway":"residential","name":"Coal Branch Road","alt_name":null,"official_name":null,"surface":null,"tracktype":null,"service":null,"access":null,"motor_vehicle":null,"foot":null,"tiger_reviewed":"no","rrgh_part":0,"rrgh_tile_part":0},"geometry":{"type":"LineString","coordinates":[[-83.6086095,37.5645906],[-83.608787,37.564536],[-83.609306,37.564332],[-83.609743,37.564136],[-83.609872,37.564048],[-83.609944,37.563979],[-83.610009,37.563848],[-83.610067,37.563668],[-83.610218,37.563301],[-83.61031,37.563114],[-83.61042,37.562942],[-83.610564,37.562812],[-83.610751,37.56269],[-83.611535,37.562237],[-83.611871,37.562066],[-83.611952,37.562011],[-83.612039,37.561969],[-83.612176,37.561861],[-83.612226,37.561803],[-83.612297,37.561678],[-83.612454,37.561348],[-83.612555,37.561196],[-83.612991,37.560812],[-83.613139,37.560699],[-83.613239,37.560578],[-83.613331,37.560395],[-83.613462,37.560213],[-83.613632,37.560009],[-83.613783,37.559773],[-83.613931,37.559601],[-83.61423,37.559366],[-83.614507,37.559212],[-83.614689,37.559132],[-83.614989,37.559045],[-83.615424,37.558973],[-83.61565,37.558948],[-83.615878,37.558938],[-83.616104,37.558951],[-83.616321,37.55899],[-83.616741,37.559111],[-83.617165,37.559259],[-83.617384,37.559353],[-83.617694,37.559511],[-83.617887,37.559625],[-83.618187,37.559837],[-83.618603,37.560185],[-83.618667,37.560253],[-83.618816,37.560464],[-83.618925,37.560592],[-83.618993,37.560646],[-83.619216,37.560779],[-83.619341,37.560876],[-83.619445,37.560988],[-83.619674,37.561189],[-83.619797,37.561273],[-83.620078,37.561438],[-83.620488,37.561627],[-83.620873,37.561819],[-83.62103,37.561888],[-83.62128,37.561959],[-83.62145,37.561986],[-83.62171,37.561997],[-83.621985,37.561968],[-83.623244,37.561727],[-83.623561,37.561654],[-83.62408,37.561569],[-83.624182,37.561545],[-83.624374,37.561478],[-83.624923,37.561162],[-83.625194,37.561047],[-83.625273,37.561001],[-83.625329,37.560943],[-83.62536,37.560881],[-83.625361,37.560822],[-83.625348,37.560765],[-83.625287,37.560598],[-83.625276,37.560539],[-83.6253,37.560345],[-83.625388,37.560139],[-83.625465,37.559998],[-83.625633,37.559727],[-83.625955,37.55916],[-83.626026,37.558959],[-83.626051,37.558806],[-83.626058,37.558471],[-83.626043,37.5583],[-83.625995,37.558057],[-83.625996,37.557994],[-83.626032,37.557925],[-83.626094,37.557882],[-83.62614,37.557865],[-83.62644,37.557803],[-83.626629,37.557723],[-83.626793,37.557621],[-83.626859,37.557569],[-83.626964,37.557456],[-83.626999,37.557395],[-83.627026,37.557334],[-83.627084,37.557075],[-83.627229,37.556718],[-83.627309,37.556477],[-83.627348,37.556171],[-83.627364,37.555324],[-83.627371,37.555264],[-83.627468,37.555071],[-83.627572,37.554952],[-83.627701,37.554832],[-83.62799,37.554532],[-83.628253,37.554229],[-83.628346,37.554081],[-83.628463,37.553856],[-83.628709,37.553473],[-83.6289,37.553256],[-83.629116,37.553059],[-83.629276,37.552953],[-83.62936,37.552918],[-83.629521,37.552904],[-83.629643,37.552928],[-83.629738,37.552964],[-83.629831,37.553028],[-83.629896,37.553095]]}},{"type":"Feature","properties":{"osm_id":16269137,"highway":"residential","name":"Fox Hollow Road","alt_name":null,"official_name":null,"surface":null,"tracktype":null,"service":null,"access":null,"motor_vehicle":null,"foot":null,"tiger_reviewed":"no","rrgh_part":0,"rrgh_tile_part":0},"geometry":{"type":"LineString","coordinates":[[-83.665957,37.526607],[-83.665924,37.526677],[-83.665882,37.526767],[-83.665441,37.527241],[-83.665313,37.527385],[-83.665227,37.527552],[-83.665131,37.527895],[-83.665046,37.528052],[-83.664984,37.528125],[-83.664611,37.528454],[-83.664425,37.528669],[-83.664215,37.528856],[-83.664092,37.528947],[-83.663852,37.529037],[-83.663693,37.529075],[-83.663625,37.529109],[-83.66346,37.529241],[-83.663336,37.529361],[-83.663285,37.529396],[-83.663202,37.529429],[-83.66309,37.529444],[-83.662976,37.529433],[-83.662882,37.529475],[-83.662862,37.529509],[-83.66285,37.529601],[-83.662894,37.529774],[-83.662931,37.52989],[-83.66295,37.530018],[-83.662943,37.530272],[-83.66298,37.530546],[-83.662988,37.530898],[-83.662933,37.531109],[-83.662775,37.531405],[-83.662645,37.531584],[-83.662454,37.531804],[-83.662134,37.532141],[-83.661799,37.532451],[-83.661724,37.532511],[-83.661367,37.532728],[-83.661219,37.53279],[-83.661051,37.532875],[-83.660907,37.532968],[-83.660821,37.533056],[-83.660724,37.533184],[-83.660643,37.53327],[-83.660408,37.533479],[-83.660295,37.533562],[-83.660171,37.53364],[-83.660034,37.53371],[-83.659609,37.53388],[-83.659468,37.533946],[-83.659331,37.53403],[-83.659212,37.534125],[-83.659115,37.534233],[-83.65904,37.534351],[-83.658642,37.53527],[-83.658529,37.535474],[-83.658336,37.535722],[-83.658145,37.535928],[-83.657625,37.536404],[-83.657504,37.536532],[-83.657406,37.536665],[-83.657264,37.536978],[-83.657237,37.537014],[-83.657204,37.537039],[-83.657164,37.537051],[-83.657058,37.537011],[-83.656874,37.536914],[-83.65682,37.536899],[-83.656692,37.536885],[-83.655965,37.536927],[-83.655805,37.536942],[-83.655651,37.536968],[-83.655036,37.537136],[-83.654835,37.537252],[-83.654769,37.537279],[-83.654545,37.537332],[-83.654343,37.537395],[-83.654091,37.53754],[-83.653483,37.537805],[-83.653396,37.53786],[-83.653361,37.537902],[-83.653158,37.538251],[-83.652941,37.538536],[-83.652668,37.53883],[-83.652558,37.538923],[-83.652318,37.539099],[-83.651931,37.539353],[-83.651605,37.539652],[-83.651485,37.539794],[-83.6513275,37.5401643]]}},{"type":"Feature","properties":{"osm_id":16269135,"highway":"residential","name":"Fox Hollow Road","alt_name":null,"official_name":null,"surface":null,"tracktype":null,"service":null,"access":null,"motor_vehicle":null,"foot":null,"tiger_reviewed":"no","rrgh_part":0,"rrgh_tile_part":0},"geometry":{"type":"LineString","coordinates":[[-83.665957,37.526607],[-83.666103,37.526295],[-83.666314,37.525942],[-83.666534,37.525635],[-83.666711,37.525451],[-83.666909,37.525305],[-83.667191,37.525189],[-83.667473,37.525134],[-83.667727,37.525123],[-83.667913,37.525103]]}},{"type":"Feature","properties":{"osm_id":16331906,"highway":"residential","name":null,"alt_name":null,"official_name":null,"surface":null,"tracktype":null,"service":null,"access":null,"motor_vehicle":null,"foot":null,"tiger_reviewed":"no","rrgh_part":0,"rrgh_tile_part":0},"geometry":{"type":"LineString","coordinates":[[-83.64794408108108,37.525000000000006],[-83.647533,37.52669],[-83.647093,37.527418],[-83.647027,37.527518],[-83.64555,37.528698],[-83.644548,37.529252],[-83.64382,37.529866],[-83.643068,37.530371],[-83.64302,37.530401],[-83.641464,37.531108],[-83.641008,37.531505],[-83.639803,37.532283],[-83.639519,37.532363],[-83.638905,37.532574],[-83.637058,37.532746]]}},{"type":"Feature","properties":{"osm_id":1370678190,"highway":"residential","name":"Pawpaw Creek Road","alt_name":null,"official_name":null,"surface":"gravel","tracktype":null,"service":null,"access":null,"motor_vehicle":null,"foot":null,"tiger_reviewed":"no","rrgh_part":0,"rrgh_tile_part":0},"geometry":{"type":"LineString","coordinates":[[-83.658995,37.548981],[-83.658957,37.548974],[-83.658899,37.548946],[-83.658672,37.548805],[-83.658582,37.548759],[-83.658522,37.54875],[-83.658184,37.548792],[-83.657995,37.54879],[-83.657878,37.548756],[-83.657413,37.548663],[-83.656606,37.548544],[-83.656513,37.54852],[-83.655987,37.548452],[-83.655751,37.548408],[-83.655299,37.54829],[-83.655126,37.548225],[-83.654773,37.54803],[-83.654645,37.547951],[-83.654476,37.547823],[-83.654405,37.547764],[-83.654146,37.547622],[-83.653779,37.547485],[-83.653573,37.547337],[-83.653457,37.547267],[-83.653211,37.547158],[-83.652548,37.546946],[-83.652456,37.546927],[-83.652363,37.546933],[-83.652164,37.546912],[-83.652027,37.546879],[-83.651876,37.546832],[-83.651739,37.546778],[-83.651284,37.546546],[-83.651175,37.546509],[-83.650834,37.546435],[-83.65066,37.546365],[-83.650523,37.546293],[-83.650415,37.546211],[-83.650147,37.545936],[-83.650066,37.545799],[-83.649998,37.54572],[-83.649797,37.545549],[-83.649607,37.545352],[-83.649378,37.545189],[-83.649047,37.544934],[-83.648937,37.544864],[-83.648552,37.544678],[-83.648213,37.544497],[-83.648114,37.544431],[-83.648027,37.544353],[-83.647813,37.544139],[-83.647698,37.544062],[-83.647306,37.543867],[-83.647207,37.543805],[-83.646938,37.543608],[-83.646844,37.543551],[-83.646644,37.543455],[-83.646586,37.543399],[-83.646497,37.543288],[-83.646396,37.541408],[-83.645912,37.540756],[-83.645809,37.539874],[-83.645861,37.539123],[-83.646202,37.538873]]}},{"type":"Feature","properties":{"osm_id":16269713,"highway":"residential","name":"Bear Den Hollow Road","alt_name":null,"official_name":null,"surface":null,"tracktype":null,"service":null,"access":null,"motor_vehicle":null,"foot":null,"tiger_reviewed":"no","rrgh_part":0,"rrgh_tile_part":0},"geometry":{"type":"LineString","coordinates":[[-83.66198,37.544379],[-83.662028,37.544358],[-83.662156,37.54434],[-83.662464,37.544345],[-83.662717,37.544385],[-83.663149,37.544525],[-83.663228,37.544556],[-83.663383,37.544649],[-83.663613,37.544841],[-83.66381,37.545048],[-83.663903,37.545162],[-83.664007,37.545332],[-83.664127,37.545454],[-83.664495,37.545753],[-83.664603,37.545885],[-83.664723,37.545991],[-83.664995,37.546218],[-83.665264,37.546413],[-83.665378,37.546476],[-83.665537,37.546583],[-83.665604,37.546664],[-83.665654,37.546759],[-83.66567,37.546851],[-83.66563,37.547036],[-83.665625,37.547095],[-83.665638,37.547241]]}},{"type":"Feature","properties":{"osm_id":16270270,"highway":"residential","name":"Cr-1172","alt_name":null,"official_name":null,"surface":null,"tracktype":null,"service":null,"access":null,"motor_vehicle":null,"foot":null,"tiger_reviewed":"no","rrgh_part":0,"rrgh_tile_part":0},"geometry":{"type":"LineString","coordinates":[[-83.667114,37.547551],[-83.66696,37.547693],[-83.666737,37.547858],[-83.666617,37.54797],[-83.666115,37.548504],[-83.666052,37.548596],[-83.666019,37.548682],[-83.666019,37.548762],[-83.665989,37.548855],[-83.665959,37.548866],[-83.66592,37.548864],[-83.665871,37.548814],[-83.665815,37.54861]]}},{"type":"Feature","properties":{"osm_id":1370678191,"highway":"residential","name":"Dunigan Branch Road","alt_name":null,"official_name":null,"surface":"gravel","tracktype":null,"service":null,"access":null,"motor_vehicle":null,"foot":null,"tiger_reviewed":"no","rrgh_part":0,"rrgh_tile_part":0},"geometry":{"type":"LineString","coordinates":[[-83.658995,37.548981],[-83.659004,37.549028],[-83.659041,37.549083],[-83.65916,37.549184],[-83.65928,37.549268],[-83.6594,37.549386],[-83.659477,37.54953],[-83.659514,37.549713],[-83.659506,37.549855],[-83.659447,37.550067],[-83.659153,37.550581],[-83.659103,37.550733],[-83.659011,37.550949],[-83.658906,37.551155],[-83.658728,37.551465],[-83.658654,37.551554],[-83.658461,37.551859],[-83.658238,37.552182],[-83.657921,37.552583],[-83.657574,37.552899],[-83.657456,37.55304],[-83.657319,37.55327],[-83.657187,37.553592],[-83.657113,37.553739],[-83.657072,37.553809],[-83.657019,37.553862],[-83.656883,37.553938],[-83.656589,37.554019],[-83.656423,37.554075],[-83.656269,37.554145],[-83.656067,37.554279],[-83.656004,37.554339],[-83.655817,37.554566],[-83.655654,37.554885],[-83.655559,37.555179],[-83.655471,37.555365],[-83.655391,37.555576],[-83.65533,37.555819],[-83.655269,37.555916],[-83.655197,37.556001],[-83.655042,37.556148],[-83.654993,37.556228],[-83.654977,37.556314],[-83.655005,37.556407],[-83.655259,37.556738],[-83.655345,37.55691],[-83.655367,37.557],[-83.65538,37.557184],[-83.655348,37.557335],[-83.655257,37.557626],[-83.655254,37.557746],[-83.655317,37.55811],[-83.655336,37.558342],[-83.655307,37.558558],[-83.655253,37.558788],[-83.655235,37.558912],[-83.655235,37.559039],[-83.655253,37.559166],[-83.655378,37.559542],[-83.655524,37.56006],[-83.65557,37.560339],[-83.655863,37.561125],[-83.655903,37.561283],[-83.655908,37.56144],[-83.655926,37.561579],[-83.6559,37.561761],[-83.655896,37.562035]]}},{"type":"Feature","properties":{"osm_id":16268400,"highway":"service","name":null,"alt_name":null,"official_name":null,"surface":null,"tracktype":null,"service":null,"access":"private","motor_vehicle":null,"foot":null,"tiger_reviewed":"no","rrgh_part":0,"rrgh_tile_part":0},"geometry":{"type":"LineString","coordinates":[[-83.639453,37.539265],[-83.639269,37.53954],[-83.639445,37.540218],[-83.639461,37.54064],[-83.639301,37.541241],[-83.638517,37.541893],[-83.638357,37.54234],[-83.637493,37.543056],[-83.636569,37.543483],[-83.636085,37.543696],[-83.635813,37.544028],[-83.635393,37.545043]]}},{"type":"Feature","properties":{"osm_id":16332365,"highway":"service","name":null,"alt_name":null,"official_name":null,"surface":null,"tracktype":null,"service":null,"access":"private","motor_vehicle":null,"foot":null,"tiger_reviewed":"no","rrgh_part":0,"rrgh_tile_part":0},"geometry":{"type":"LineString","coordinates":[[-83.639519,37.532363],[-83.639654,37.532539],[-83.63984,37.532604],[-83.63995,37.532701],[-83.640016,37.532804],[-83.639961,37.533422],[-83.639802,37.534211],[-83.639682,37.535387],[-83.639638,37.535654],[-83.639534,37.535921],[-83.639463,37.536038],[-83.639353,37.536237],[-83.639324,37.536514],[-83.639334,37.536665],[-83.639473,37.537171],[-83.639865,37.537478],[-83.640061,37.537623],[-83.64004,37.537768],[-83.640097,37.537935],[-83.640229,37.538201],[-83.640107,37.538428],[-83.63976,37.538749],[-83.639494,37.539183],[-83.639453,37.539265]]}},{"type":"Feature","properties":{"osm_id":16268590,"highway":"service","name":null,"alt_name":null,"official_name":null,"surface":null,"tracktype":null,"service":null,"access":"private","motor_vehicle":null,"foot":null,"tiger_reviewed":"no","rrgh_part":0,"rrgh_tile_part":0},"geometry":{"type":"LineString","coordinates":[[-83.627019,37.535592],[-83.626531,37.535639],[-83.624912,37.53603],[-83.624124,37.535917],[-83.623492,37.535987],[-83.623319,37.536055],[-83.622466,37.536374],[-83.621367,37.536605],[-83.62018,37.536709],[-83.619758,37.536814],[-83.619232,37.537846],[-83.618634,37.538571],[-83.618658,37.53924],[-83.618884,37.540248]]}},{"type":"Feature","properties":{"osm_id":16268750,"highway":"residential","name":null,"alt_name":null,"official_name":null,"surface":null,"tracktype":null,"service":null,"access":null,"motor_vehicle":null,"foot":null,"tiger_reviewed":"no","rrgh_part":0,"rrgh_tile_part":0},"geometry":{"type":"LineString","coordinates":[[-83.620197,37.542495],[-83.620542,37.542442],[-83.620629,37.542428],[-83.620985,37.542181],[-83.622618,37.541671],[-83.624251,37.541183]]}},{"type":"Feature","properties":{"osm_id":16269212,"highway":"residential","name":"Cr-1134","alt_name":null,"official_name":null,"surface":null,"tracktype":null,"service":null,"access":null,"motor_vehicle":null,"foot":null,"tiger_reviewed":"no","rrgh_part":0,"rrgh_tile_part":0},"geometry":{"type":"LineString","coordinates":[[-83.640035,37.547142],[-83.639395,37.54727],[-83.63925,37.547313],[-83.639115,37.547389],[-83.638636,37.547721],[-83.638399,37.54792],[-83.638362,37.547942],[-83.638179,37.54801],[-83.637921,37.548075],[-83.637546,37.548148],[-83.637346,37.548214],[-83.637253,37.548236],[-83.637015,37.548264],[-83.636662,37.548257],[-83.636434,37.548237],[-83.63631,37.548217],[-83.63627,37.548198],[-83.636213,37.548187],[-83.6361,37.548185],[-83.636031,37.548169],[-83.635986,37.548146],[-83.635878,37.548035],[-83.635698,37.54795],[-83.63561,37.547933],[-83.635376,37.547908],[-83.63528,37.547866],[-83.634793,37.547627],[-83.63458,37.54757],[-83.634419,37.547562],[-83.63416,37.547586],[-83.633901,37.547582]]}},{"type":"Feature","properties":{"osm_id":16270339,"highway":"residential","name":"Hent Place Road","alt_name":null,"official_name":null,"surface":null,"tracktype":null,"service":null,"access":null,"motor_vehicle":null,"foot":null,"tiger_reviewed":"no","rrgh_part":0,"rrgh_tile_part":0},"geometry":{"type":"LineString","coordinates":[[-83.638636,37.547721],[-83.63921,37.548145],[-83.639665,37.548876],[-83.63983,37.549684],[-83.639702,37.550338],[-83.639907,37.550762],[-83.640163,37.551339],[-83.640077,37.551801],[-83.639656,37.552186],[-83.639375,37.552456]]}},{"type":"Feature","properties":{"osm_id":16269201,"highway":"residential","name":"Pickering Road","alt_name":null,"official_name":null,"surface":null,"tracktype":null,"service":null,"access":null,"motor_vehicle":null,"foot":null,"tiger_reviewed":"no","rrgh_part":0,"rrgh_tile_part":0},"geometry":{"type":"LineString","coordinates":[[-83.635393,37.545043],[-83.635369,37.545086],[-83.635218,37.545218],[-83.634933,37.54539],[-83.634732,37.545581],[-83.634684,37.545663],[-83.634635,37.545782],[-83.634613,37.545889],[-83.634541,37.546055],[-83.63451,37.546256],[-83.634494,37.54646],[-83.634425,37.546673],[-83.634384,37.546765],[-83.634196,37.546958],[-83.634116,37.547074],[-83.63405,37.547217],[-83.63396,37.547486],[-83.633901,37.547582],[-83.63372,37.547796],[-83.633591,37.547917],[-83.633362,37.548099],[-83.633275,37.548189],[-83.633188,37.548343],[-83.63309,37.548652],[-83.63272,37.54917],[-83.632552,37.549436],[-83.632418,37.549626],[-83.632264,37.54978],[-83.632167,37.549919],[-83.632134,37.550039],[-83.63212,37.550152],[-83.631997,37.550495],[-83.631802,37.550907],[-83.631587,37.551212],[-83.631451,37.551376],[-83.631253,37.551562],[-83.631022,37.551729],[-83.630836,37.551837],[-83.630556,37.551952],[-83.630433,37.551973],[-83.630252,37.551975],[-83.630144,37.551963],[-83.629879,37.551896],[-83.629282,37.551765],[-83.629203,37.551767],[-83.629124,37.551802],[-83.629066,37.551872],[-83.629052,37.551958],[-83.62911,37.552302],[-83.62913,37.552504],[-83.629233,37.55261],[-83.629335,37.552683],[-83.629549,37.552754],[-83.62975,37.552839],[-83.629774,37.55286],[-83.62982,37.552935],[-83.629896,37.553095]]}},{"type":"Feature","properties":{"osm_id":16269124,"highway":"residential","name":"Mill Branch School Road","alt_name":null,"official_name":null,"surface":null,"tracktype":null,"service":null,"access":null,"motor_vehicle":null,"foot":null,"tiger_reviewed":"no","rrgh_part":0,"rrgh_tile_part":0},"geometry":{"type":"LineString","coordinates":[[-83.593971,37.552562],[-83.593675,37.552507],[-83.593611,37.552486],[-83.593507,37.552423],[-83.59338,37.552278],[-83.59309,37.552014],[-83.592933,37.551906],[-83.592853,37.551821],[-83.592784,37.551703],[-83.59268,37.551481],[-83.59232,37.550902],[-83.592258,37.550762],[-83.592099,37.550465],[-83.592069,37.550376],[-83.591871,37.549944],[-83.59147,37.549348],[-83.591404,37.549283],[-83.590796,37.548581],[-83.590348,37.54822],[-83.59,37.54796600947867]]}},{"type":"Feature","properties":{"osm_id":16269124,"highway":"residential","name":"Mill Branch School Road","alt_name":null,"official_name":null,"surface":null,"tracktype":null,"service":null,"access":null,"motor_vehicle":null,"foot":null,"tiger_reviewed":"no","rrgh_part":0,"rrgh_tile_part":1},"geometry":{"type":"LineString","coordinates":[[-83.59,37.53984028275862],[-83.590063,37.539809],[-83.590176,37.539714],[-83.590197,37.539613],[-83.590171,37.53946],[-83.590173,37.539338],[-83.590264,37.539071],[-83.590378,37.538814],[-83.590458,37.538605],[-83.590581,37.538163],[-83.590617,37.537881],[-83.590616,37.537747],[-83.590636,37.537617],[-83.590555,37.53703],[-83.590545,37.536825],[-83.590593,37.536299],[-83.590593,37.536072],[-83.59058,37.535892],[-83.59051,37.535431],[-83.590442,37.535137],[-83.590393,37.534982],[-83.59,37.53404827158273]]}},{"type":"Feature","properties":{"osm_id":16269216,"highway":"residential","name":"Judd Fork Road","alt_name":null,"official_name":null,"surface":null,"tracktype":null,"service":null,"access":null,"motor_vehicle":null,"foot":null,"tiger_reviewed":"no","rrgh_part":0,"rrgh_tile_part":0},"geometry":{"type":"LineString","coordinates":[[-83.6071163826087,37.525000000000006],[-83.607025,37.525113],[-83.606955,37.525228],[-83.606874,37.525576],[-83.606704,37.525852],[-83.606673,37.525922],[-83.606492,37.526526],[-83.606371,37.526806],[-83.606326,37.526841],[-83.606259,37.526894],[-83.606214,37.526916],[-83.606093,37.526934],[-83.605791,37.527127],[-83.605629,37.527204],[-83.605448,37.527312],[-83.605283,37.527471],[-83.605161,37.527644],[-83.604862,37.527984],[-83.604781,37.528069],[-83.604464,37.52832],[-83.604302,37.528465],[-83.604138,37.528643],[-83.603923,37.5289],[-83.603735,37.529096]]}},{"type":"Feature","properties":{"osm_id":16269499,"highway":"residential","name":"Gibson Fork Road","alt_name":null,"official_name":null,"surface":null,"tracktype":null,"service":null,"access":null,"motor_vehicle":null,"foot":null,"tiger_reviewed":"no","rrgh_part":0,"rrgh_tile_part":0},"geometry":{"type":"LineString","coordinates":[[-83.606326,37.526841],[-83.606359,37.526846],[-83.606466,37.526894],[-83.606614,37.526937],[-83.606719,37.526984],[-83.607046,37.527211],[-83.607281,37.527335],[-83.607425,37.527376],[-83.607932,37.527439],[-83.608361,37.52752],[-83.608691,37.527572],[-83.608829,37.527612],[-83.609015,37.527682],[-83.609145,37.527708],[-83.609285,37.527709],[-83.609502,37.527689],[-83.609574,37.527695],[-83.609714,37.527727],[-83.609858,37.527746],[-83.610152,37.527773],[-83.610372,37.527811],[-83.610518,37.527816],[-83.610654,37.527796],[-83.610786,37.527764],[-83.610983,37.52769],[-83.61118,37.527638],[-83.611704,37.527582],[-83.611876,37.527539],[-83.611973,37.527505],[-83.612161,37.527458],[-83.612539,37.527391],[-83.612796,37.52733],[-83.613182,37.527224],[-83.613607,37.527144],[-83.613843,37.527133],[-83.614318,37.527169],[-83.614553,37.527207],[-83.614776,37.527277],[-83.615136,37.527432],[-83.615279,37.527466],[-83.615352,37.527474],[-83.615569,37.527466],[-83.615795,37.527431],[-83.61602,37.527379],[-83.616396,37.527275],[-83.616546,37.527242],[-83.616759,37.52721],[-83.616871,37.527217],[-83.617015,37.527253],[-83.61707,37.527259],[-83.617318,37.52726],[-83.617435,37.527271],[-83.617544,37.527297],[-83.617644,37.527341],[-83.617882,37.527542],[-83.618011,37.527632],[-83.618121,37.527671],[-83.618181,37.527676],[-83.618304,37.527664],[-83.618538,37.527611],[-83.618878,37.527572],[-83.618984,37.527552],[-83.619515,37.527335],[-83.619569,37.527293],[-83.619603,37.527245],[-83.619648,37.527205],[-83.619722,37.527178],[-83.619813,37.527159],[-83.620019,37.527137],[-83.620282,37.527149],[-83.620371,37.527137],[-83.620428,37.527118],[-83.621433,37.527435],[-83.622939,37.528175]]}},{"type":"Feature","properties":{"osm_id":16268333,"highway":"residential","name":null,"alt_name":null,"official_name":null,"surface":null,"tracktype":null,"service":null,"access":null,"motor_vehicle":null,"foot":null,"tiger_reviewed":"no","rrgh_part":0,"rrgh_tile_part":0},"geometry":{"type":"LineString","coordinates":[[-83.598962,37.549705],[-83.598885,37.549812],[-83.598947,37.550008],[-83.599136,37.550129],[-83.599524,37.550221],[-83.600244,37.550128],[-83.601147,37.550518],[-83.602026,37.551089],[-83.602457,37.551548],[-83.602837,37.552165],[-83.603999,37.553194],[-83.60434,37.553584],[-83.605097,37.554064],[-83.605768,37.554613],[-83.606548,37.554796],[-83.607335,37.55523],[-83.60898,37.555481],[-83.60967,37.555436],[-83.61045,37.555183],[-83.611265,37.554749],[-83.611955,37.554497],[-83.612311,37.554264],[-83.612401,37.554196],[-83.612796,37.553471],[-83.613464,37.552484],[-83.615486,37.550807]]}},{"type":"Feature","properties":{"osm_id":16269426,"highway":"residential","name":"Coal Branch Road","alt_name":null,"official_name":null,"surface":null,"tracktype":null,"service":null,"access":null,"motor_vehicle":null,"foot":null,"tiger_reviewed":"no","rrgh_part":0,"rrgh_tile_part":0},"geometry":{"type":"LineString","coordinates":[[-83.5954882,37.5527558],[-83.595693,37.55314],[-83.595794,37.55325],[-83.595969,37.553375],[-83.596071,37.553492],[-83.59611,37.553563],[-83.596227,37.553881],[-83.596307,37.554035],[-83.596404,37.554179],[-83.596695,37.554538],[-83.596757,37.554593],[-83.596833,37.554642],[-83.596981,37.554714],[-83.597151,37.554759],[-83.597425,37.55479],[-83.597846,37.554809],[-83.598047,37.55484],[-83.59819,37.554876],[-83.598351,37.554933],[-83.598527,37.55501],[-83.598708,37.555115],[-83.59879,37.555181],[-83.599217,37.555666],[-83.599856,37.556356],[-83.60001,37.556514],[-83.600341,37.556827],[-83.600412,37.556915],[-83.60065,37.557277],[-83.600838,37.557535],[-83.60101,37.557808],[-83.6012,37.558084],[-83.601481,37.558443],[-83.601698,37.558687],[-83.602085,37.559109],[-83.602258,37.559271],[-83.602539,37.559489],[-83.602835,37.559659],[-83.602923,37.55972],[-83.602997,37.559791],[-83.603053,37.559873],[-83.603083,37.559963],[-83.603087,37.560055],[-83.60302,37.560391],[-83.603031,37.560553],[-83.603063,37.560721],[-83.60306,37.560875],[-83.602981,37.561026],[-83.602867,37.561149],[-83.602743,37.561258],[-83.602649,37.561376],[-83.602579,37.561591],[-83.602559,37.561838],[-83.602561,37.562013],[-83.602618,37.562357],[-83.602617,37.562443],[-83.602602,37.562527],[-83.602516,37.562766],[-83.60251,37.562847],[-83.602514,37.56292],[-83.602561,37.56313],[-83.602585,37.563377],[-83.602623,37.563699],[-83.602669,37.563867],[-83.602729,37.564007],[-83.602812,37.564136],[-83.602949,37.564286],[-83.603048,37.564362],[-83.603152,37.564415],[-83.603305,37.564476],[-83.603449,37.564521],[-83.6041539,37.564667],[-83.60433,37.564704],[-83.604591,37.56477],[-83.605574,37.565078],[-83.605884,37.565164],[-83.606332,37.565265],[-83.606559,37.565279],[-83.60677,37.565279],[-83.607056,37.565245],[-83.607427,37.565151],[-83.607997,37.564922],[-83.6084317,37.5646629],[-83.6086095,37.5645906]]}},{"type":"Feature","properties":{"osm_id":16269779,"highway":"residential","name":"Mill Br School Road","alt_name":null,"official_name":null,"surface":null,"tracktype":null,"service":null,"access":null,"motor_vehicle":null,"foot":null,"tiger_reviewed":"no","rrgh_part":0,"rrgh_tile_part":0},"geometry":{"type":"LineString","coordinates":[[-83.5900952,37.554144],[-83.5901259,37.554224],[-83.5901242,37.5543379],[-83.5900285,37.5546267],[-83.59,37.55470740465394]]}},{"type":"Feature","properties":{"osm_id":16269779,"highway":"residential","name":"Mill Br School Road","alt_name":null,"official_name":null,"surface":null,"tracktype":null,"service":null,"access":null,"motor_vehicle":null,"foot":null,"tiger_reviewed":"no","rrgh_part":0,"rrgh_tile_part":1},"geometry":{"type":"LineString","coordinates":[[-83.59,37.55494549400102],[-83.5901892,37.5550185],[-83.5903756,37.5551894],[-83.590598,37.5554226],[-83.5907348,37.5556449],[-83.5908306,37.5558212],[-83.5908408,37.5559486],[-83.590781,37.5561194],[-83.590704,37.5563187],[-83.5906732,37.5564137],[-83.5906858,37.5565051],[-83.590692,37.5565506],[-83.590757,37.5566699],[-83.5909989,37.5568859],[-83.5911931,37.5570726],[-83.5912581,37.5571715],[-83.5913111,37.5572624],[-83.5913299,37.5574318],[-83.5913351,37.5575322],[-83.591318,37.5576217],[-83.591265,37.5577789],[-83.591229,37.5578589],[-83.5911811,37.5579213],[-83.5911572,37.5579823],[-83.5911811,37.5580352],[-83.5912769,37.5580772],[-83.5913676,37.5580636],[-83.5914924,37.5578603],[-83.5916121,37.5577938],[-83.591672,37.5577789],[-83.5919354,37.5577735],[-83.5922158,37.557741],[-83.5924023,37.557726],[-83.592498,37.5577301],[-83.5926229,37.5577586],[-83.5927135,37.557806],[-83.5930008,37.5580907],[-83.593117,37.558125]]}},{"type":"Feature","properties":{"osm_id":1370679727,"highway":"residential","name":"Coal Branch Road","alt_name":null,"official_name":null,"surface":null,"tracktype":null,"service":null,"access":null,"motor_vehicle":null,"foot":null,"tiger_reviewed":"no","rrgh_part":0,"rrgh_tile_part":0},"geometry":{"type":"LineString","coordinates":[[-83.593971,37.552562],[-83.594106,37.552587],[-83.594242,37.552575],[-83.594808,37.552424],[-83.594985,37.552397],[-83.595044,37.552402],[-83.595164,37.552439],[-83.595272,37.5525],[-83.595362,37.552572],[-83.595443,37.552683]]}},{"type":"Feature","properties":{"osm_id":1370679728,"highway":"residential","name":"Coal Branch Road","alt_name":null,"official_name":null,"surface":null,"tracktype":null,"service":null,"access":null,"motor_vehicle":null,"foot":null,"tiger_reviewed":"no","rrgh_part":0,"rrgh_tile_part":0},"geometry":{"type":"LineString","coordinates":[[-83.595443,37.552683],[-83.5954882,37.5527558]]}},{"type":"Feature","properties":{"osm_id":16270327,"highway":"residential","name":"Blaines Branch Road","alt_name":null,"official_name":null,"surface":null,"tracktype":null,"service":null,"access":null,"motor_vehicle":null,"foot":null,"tiger_reviewed":"no","rrgh_part":0,"rrgh_tile_part":0},"geometry":{"type":"LineString","coordinates":[[-83.668904,37.561092],[-83.669386,37.56186],[-83.670326,37.563348],[-83.670415,37.563429],[-83.670493,37.563536],[-83.6707,37.563942],[-83.670827,37.564213],[-83.670983,37.564605],[-83.671072,37.564891],[-83.67112,37.564973],[-83.671183,37.56504],[-83.671246,37.565094],[-83.67131,37.565132],[-83.671436,37.565185],[-83.671593,37.565238],[-83.67188,37.565302],[-83.671966,37.565333],[-83.672144,37.565419],[-83.672358,37.565571],[-83.672545,37.565671],[-83.672733,37.565755],[-83.67302,37.565848],[-83.67312,37.565893],[-83.673303,37.565999],[-83.673495,37.566076],[-83.67359,37.566096],[-83.673686,37.566103],[-83.674128,37.566055],[-83.674209,37.566064],[-83.674285,37.566087],[-83.674407,37.566167],[-83.67445,37.566216],[-83.674538,37.566397],[-83.674674,37.566615],[-83.674749,37.566866],[-83.674786,37.566931],[-83.674915,37.567054],[-83.67500000000001,37.567113019933565]]}},{"type":"Feature","properties":{"osm_id":16268968,"highway":"residential","name":"Cr-1108","alt_name":null,"official_name":null,"surface":null,"tracktype":null,"service":null,"access":null,"motor_vehicle":null,"foot":null,"tiger_reviewed":"no","rrgh_part":0,"rrgh_tile_part":0},"geometry":{"type":"LineString","coordinates":[[-83.664425,37.57228],[-83.664551,37.5722],[-83.664681,37.572131],[-83.664747,37.572097],[-83.665121,37.571896],[-83.665553,37.571732],[-83.665789,37.571672],[-83.665921,37.571656],[-83.666115,37.571647],[-83.666384,37.571666],[-83.666591,37.57172],[-83.666998,37.571872],[-83.66726,37.571989],[-83.667462,37.572098],[-83.667596,37.572182],[-83.668139,37.572547],[-83.668655,37.572893],[-83.668775,37.57293],[-83.668914,37.572954],[-83.669056,37.572966],[-83.66919,37.572958],[-83.669447,37.572919],[-83.669474,37.572918],[-83.66974,37.572907],[-83.669918,37.572875],[-83.670228,37.572779],[-83.670334,37.572737],[-83.670374,37.572734],[-83.670463,37.572739],[-83.670653,37.572765],[-83.670764,37.572764],[-83.670892,37.572733],[-83.67111,37.572645],[-83.671269,37.572593],[-83.671435,37.572561],[-83.671688,37.572545],[-83.671846,37.57252],[-83.672059,37.572443],[-83.67219,37.57238],[-83.672358,37.572281],[-83.672469,37.572235],[-83.672568,37.572239],[-83.672623,37.572253],[-83.672866,37.572346],[-83.673086,37.572397],[-83.673334,37.572426],[-83.673523,37.572434],[-83.673969,37.572444],[-83.674403,37.572426],[-83.674969,37.572426],[-83.67500000000001,37.57242398820059]]}},{"type":"Feature","properties":{"osm_id":16270120,"highway":"residential","name":"Maloney Ridge Road","alt_name":null,"official_name":null,"surface":null,"tracktype":null,"service":null,"access":null,"motor_vehicle":null,"foot":null,"tiger_reviewed":"no","rrgh_part":0,"rrgh_tile_part":0},"geometry":{"type":"LineString","coordinates":[[-83.67261872268908,37.6],[-83.672676,37.59952],[-83.672701,37.599098],[-83.672715,37.599038],[-83.672661,37.5987],[-83.672681,37.598497]]}},{"type":"Feature","properties":{"osm_id":16268677,"highway":"residential","name":null,"alt_name":null,"official_name":null,"surface":null,"tracktype":null,"service":null,"access":null,"motor_vehicle":null,"foot":null,"tiger_reviewed":"no","rrgh_part":0,"rrgh_tile_part":0},"geometry":{"type":"LineString","coordinates":[[-83.670326,37.563348],[-83.670148,37.56332],[-83.669983,37.563349],[-83.669754,37.563487],[-83.669568,37.563578],[-83.669288,37.563562],[-83.668865,37.563519]]}},{"type":"Feature","properties":{"osm_id":16269045,"highway":"residential","name":"Crossover Road","alt_name":null,"official_name":null,"surface":null,"tracktype":null,"service":null,"access":null,"motor_vehicle":null,"foot":null,"tiger_reviewed":"no","rrgh_part":0,"rrgh_tile_part":0},"geometry":{"type":"LineString","coordinates":[[-83.67131,37.565132],[-83.670948,37.565487],[-83.670769,37.565697],[-83.670669,37.565851],[-83.670531,37.566121],[-83.670476,37.566195],[-83.670396,37.566257],[-83.670189,37.566347],[-83.670099,37.566395],[-83.670024,37.566452],[-83.66996,37.566524],[-83.669873,37.566739],[-83.669867,37.566803],[-83.66989,37.566874],[-83.669941,37.566961],[-83.67006,37.567095],[-83.670091,37.567144],[-83.670108,37.567197],[-83.670112,37.567252],[-83.670104,37.567307],[-83.670081,37.567366],[-83.670049,37.567425],[-83.669956,37.567542],[-83.669469,37.56797],[-83.669311,37.568142],[-83.669222,37.568264],[-83.669112,37.568443],[-83.669063,37.568559],[-83.669034,37.568668],[-83.669028,37.568864],[-83.669076,37.569084],[-83.669339,37.569518],[-83.669437,37.569661],[-83.669504,37.569734],[-83.669541,37.569761],[-83.669586,37.569779],[-83.669636,37.569782],[-83.669689,37.56977],[-83.6698,37.569716],[-83.670025,37.569559],[-83.670145,37.569499],[-83.670205,37.569477],[-83.67032,37.569454],[-83.670379,37.569457],[-83.670436,37.56947],[-83.670553,37.569516],[-83.670756,37.56964],[-83.67083,37.569713],[-83.670905,37.569848],[-83.671013,37.570128],[-83.67101,37.570297],[-83.670957,37.570524],[-83.670868,37.570785],[-83.670762,37.571042],[-83.670665,37.571192],[-83.670269,37.571628],[-83.670212,37.57174],[-83.670195,37.571825],[-83.670189,37.572073],[-83.670236,37.572606],[-83.670228,37.572779]]}},{"type":"Feature","properties":{"osm_id":16269157,"highway":"residential","name":"Mays Road","alt_name":null,"official_name":null,"surface":null,"tracktype":null,"service":null,"access":null,"motor_vehicle":null,"foot":null,"tiger_reviewed":"no","rrgh_part":0,"rrgh_tile_part":0},"geometry":{"type":"LineString","coordinates":[[-83.663632,37.564435],[-83.663708,37.564777],[-83.663721,37.564939],[-83.663693,37.56507],[-83.663604,37.565301],[-83.663559,37.565628],[-83.663553,37.565847],[-83.663579,37.566461],[-83.663567,37.566531],[-83.663432,37.56679],[-83.663413,37.566877],[-83.663423,37.566967],[-83.663472,37.567036],[-83.663514,37.567065],[-83.66372,37.567164],[-83.663821,37.567229],[-83.663868,37.567269],[-83.663953,37.567371],[-83.664011,37.567493],[-83.664142,37.567936],[-83.664297,37.568278],[-83.664421,37.568606],[-83.664496,37.568696],[-83.664617,37.568789],[-83.664718,37.568901],[-83.664756,37.568983],[-83.6648,37.569151],[-83.664869,37.569286],[-83.665091,37.569584],[-83.665168,37.569675],[-83.665358,37.569901],[-83.665508,37.570206],[-83.665682,37.570467],[-83.665694,37.570525],[-83.665688,37.570585],[-83.66566,37.570642],[-83.665523,37.570823],[-83.665449,37.570948],[-83.66521,37.571421],[-83.664989,37.571823],[-83.66478,37.572031],[-83.664747,37.572097]]}},{"type":"Feature","properties":{"osm_id":16269047,"highway":"residential","name":"Crossover Road","alt_name":null,"official_name":null,"surface":null,"tracktype":null,"service":null,"access":null,"motor_vehicle":null,"foot":null,"tiger_reviewed":"no","rrgh_part":0,"rrgh_tile_part":0},"geometry":{"type":"LineString","coordinates":[[-83.670104,37.567307],[-83.669864,37.567246]]}},{"type":"Feature","properties":{"osm_id":16269344,"highway":"residential","name":"Trail","alt_name":null,"official_name":null,"surface":null,"tracktype":null,"service":null,"access":null,"motor_vehicle":null,"foot":null,"tiger_reviewed":"no","rrgh_part":0,"rrgh_tile_part":0},"geometry":{"type":"LineString","coordinates":[[-83.672681,37.598497],[-83.672606,37.597609],[-83.673448,37.596114],[-83.67415,37.59417],[-83.67429,37.592637],[-83.674945,37.59102],[-83.67500000000001,37.59094228055075]]}},{"type":"Feature","properties":{"osm_id":16269344,"highway":"residential","name":"Trail","alt_name":null,"official_name":null,"surface":null,"tracktype":null,"service":null,"access":null,"motor_vehicle":null,"foot":null,"tiger_reviewed":"no","rrgh_part":0,"rrgh_tile_part":1},"geometry":{"type":"LineString","coordinates":[[-83.67500000000001,37.58927076271186],[-83.674188,37.588851],[-83.673723,37.588472],[-83.67336,37.58785],[-83.673188,37.587648],[-83.672945,37.587406],[-83.672865,37.586986],[-83.672775,37.586461],[-83.672553,37.586114],[-83.672169,37.5855],[-83.671917,37.585023],[-83.671583,37.584789],[-83.670977,37.584385],[-83.670906,37.584143],[-83.670796,37.583747],[-83.670624,37.583489],[-83.670453,37.58315],[-83.670413,37.58281],[-83.670585,37.582512],[-83.670799,37.582189],[-83.670981,37.581963],[-83.671083,37.581697],[-83.671165,37.581269],[-83.671216,37.580849],[-83.671122,37.580306]]}},{"type":"Feature","properties":{"osm_id":16269833,"highway":"residential","name":"Primrose Lane","alt_name":null,"official_name":null,"surface":null,"tracktype":null,"service":null,"access":null,"motor_vehicle":null,"foot":null,"tiger_reviewed":"no","rrgh_part":0,"rrgh_tile_part":0},"geometry":{"type":"LineString","coordinates":[[-83.643274,37.587737],[-83.643068,37.58771],[-83.639717,37.586877],[-83.638209,37.586485],[-83.636746,37.586134],[-83.636629,37.586063],[-83.636398,37.585827],[-83.636156,37.585625],[-83.635923,37.585484],[-83.635591,37.585358],[-83.635205,37.585282],[-83.634646,37.585229],[-83.633525,37.585192],[-83.633063,37.585149],[-83.632632,37.585125],[-83.632189,37.585126],[-83.631172,37.585245],[-83.630186,37.585399],[-83.629784,37.585503],[-83.629415,37.585565],[-83.629144,37.585621],[-83.628893,37.585719],[-83.628718,37.585827],[-83.628619,37.585877],[-83.628511,37.585892],[-83.628414,37.585882],[-83.628278,37.585742],[-83.628196,37.585595],[-83.628071,37.585318],[-83.627963,37.585006],[-83.627874,37.584953],[-83.627757,37.584982],[-83.62761,37.585104],[-83.62733,37.585408],[-83.627131,37.585549],[-83.627024,37.58565],[-83.626969,37.585773],[-83.626909,37.587232],[-83.626869,37.587736],[-83.626897,37.588098],[-83.626923,37.58827],[-83.626984,37.588677],[-83.627019,37.588812],[-83.62699,37.588946],[-83.626897,37.589016],[-83.626714,37.589075],[-83.626479,37.589112],[-83.626016,37.589233],[-83.625612,37.589298],[-83.625416,37.589367],[-83.625022,37.589535],[-83.624853,37.589552],[-83.624671,37.589549],[-83.624503,37.589526],[-83.624295,37.589553],[-83.624125,37.589601],[-83.623916,37.58968],[-83.623533,37.58989],[-83.623446,37.589997],[-83.623375,37.590202],[-83.623331,37.590397],[-83.623185,37.590529],[-83.622961,37.590659],[-83.622618,37.590839],[-83.622041,37.591086],[-83.621863,37.591141],[-83.621819,37.591154],[-83.621663,37.591151],[-83.621302,37.591103],[-83.62112,37.5911],[-83.620859,37.591179],[-83.620331,37.591509],[-83.620108,37.591577],[-83.619802,37.591598],[-83.619506,37.591562],[-83.619082,37.59142],[-83.618835,37.591426],[-83.618627,37.591453],[-83.618507,37.591564],[-83.618425,37.591728],[-83.61842,37.591903],[-83.618492,37.592111],[-83.618565,37.592267],[-83.618599,37.592422],[-83.618575,37.592574],[-83.618416,37.592762],[-83.618256,37.592976],[-83.618183,37.593139],[-83.618125,37.593342],[-83.617933,37.593489],[-83.61776,37.593567],[-83.617588,37.593564],[-83.617382,37.593574],[-83.616866,37.593688],[-83.616606,37.593765],[-83.616417,37.593788],[-83.616282,37.593732],[-83.616157,37.593613],[-83.615837,37.593403],[-83.615651,37.593345],[-83.615393,37.593382],[-83.61479,37.593507],[-83.614549,37.59353],[-83.614311,37.593512],[-83.613919,37.593423],[-83.613578,37.593403],[-83.613286,37.593398],[-83.61296,37.59342],[-83.612636,37.593386],[-83.612037,37.593362],[-83.611712,37.59337],[-83.611488,37.593393],[-83.611384,37.593446],[-83.611347,37.593554],[-83.611352,37.593609],[-83.611405,37.593923],[-83.611542,37.594498],[-83.611621,37.594744],[-83.611848,37.595185],[-83.611963,37.595364],[-83.611949,37.595494],[-83.611917,37.595785],[-83.611908,37.596072],[-83.611953,37.596344],[-83.612015,37.59655],[-83.612031,37.596668],[-83.61202,37.596761],[-83.611958,37.596873],[-83.611873,37.596951],[-83.611677,37.597067],[-83.611467,37.597154],[-83.611287,37.597201],[-83.611035,37.597268],[-83.610468,37.597353],[-83.60997,37.597385],[-83.609472,37.597458],[-83.608902,37.597523]]}},{"type":"Feature","properties":{"osm_id":16268971,"highway":"residential","name":"Fox Cemetery Road","alt_name":null,"official_name":null,"surface":null,"tracktype":null,"service":null,"access":null,"motor_vehicle":null,"foot":null,"tiger_reviewed":"no","rrgh_part":0,"rrgh_tile_part":0},"geometry":{"type":"LineString","coordinates":[[-83.650274,37.56465],[-83.650153,37.564584],[-83.650053,37.564549],[-83.649774,37.564485],[-83.649266,37.564445],[-83.649143,37.564452]]}},{"type":"Feature","properties":{"osm_id":16269634,"highway":"residential","name":"Junior Fox Road","alt_name":"Cr-1116","official_name":null,"surface":null,"tracktype":null,"service":null,"access":null,"motor_vehicle":null,"foot":null,"tiger_reviewed":"no","rrgh_part":0,"rrgh_tile_part":0},"geometry":{"type":"LineString","coordinates":[[-83.65112,37.56686],[-83.651088,37.566884],[-83.651073,37.566909],[-83.651073,37.567044],[-83.651042,37.567296],[-83.650993,37.567916],[-83.650973,37.568019],[-83.650944,37.568063],[-83.650892,37.568089],[-83.650855,37.568095],[-83.650159,37.568146],[-83.649837,37.568149],[-83.649752,37.568164],[-83.649622,37.568251],[-83.649379,37.568534],[-83.649279,37.568637],[-83.649222,37.568688],[-83.649094,37.568779],[-83.64894,37.568858],[-83.648464,37.569075],[-83.648156,37.569178],[-83.647993,37.569184],[-83.647911,37.569171],[-83.64732,37.569033],[-83.646999,37.568939],[-83.646839,37.568876],[-83.646677,37.568793],[-83.64653,37.568695],[-83.646285,37.56845],[-83.646157,37.568331],[-83.646031,37.56823],[-83.645733,37.568061],[-83.645599,37.567962],[-83.6453703,37.5677466],[-83.6452373,37.5676559],[-83.6450124,37.56755],[-83.644909,37.567528],[-83.644832,37.567529],[-83.644005,37.567576],[-83.64371,37.567578],[-83.643647,37.567592],[-83.643627,37.567612]]}},{"type":"Feature","properties":{"osm_id":16270043,"highway":"residential","name":"Dunigan Branch Road","alt_name":null,"official_name":null,"surface":null,"tracktype":null,"service":null,"access":null,"motor_vehicle":null,"foot":null,"tiger_reviewed":"no","rrgh_part":0,"rrgh_tile_part":0},"geometry":{"type":"LineString","coordinates":[[-83.655896,37.562035],[-83.655845,37.562195],[-83.655703,37.562461],[-83.655483,37.563029],[-83.655211,37.563487],[-83.655134,37.563594],[-83.654993,37.563823],[-83.654784,37.564286],[-83.654722,37.5644],[-83.654568,37.564618],[-83.654233,37.56499],[-83.654177,37.565085],[-83.654111,37.565297],[-83.654069,37.565535],[-83.654044,37.565757],[-83.653984,37.565932],[-83.653765,37.566333],[-83.653723,37.566467],[-83.65357,37.566839],[-83.653514,37.566952],[-83.653373,37.567175],[-83.653219,37.567362],[-83.653176,37.567399],[-83.652747,37.567706],[-83.652691,37.567759],[-83.652652,37.56782],[-83.652645,37.56787],[-83.652634,37.567941],[-83.652663,37.56814],[-83.652702,37.568292],[-83.652753,37.568437],[-83.65279,37.568512],[-83.652845,37.568586],[-83.653063,37.56881],[-83.65312,37.568897],[-83.653137,37.569234],[-83.653142,37.569318],[-83.653155,37.569568],[-83.653159,37.569631],[-83.653133,37.57004],[-83.653148,37.570221],[-83.653203,37.570495],[-83.653291,37.570789],[-83.653305,37.571002],[-83.653324,37.57111],[-83.653406,37.571306],[-83.653586,37.571692],[-83.6537,37.57188],[-83.653794,37.572003],[-83.653852,37.572065],[-83.65415,37.57229],[-83.654334,37.572441],[-83.654405,37.572522],[-83.654545,37.572804],[-83.654808,37.573275],[-83.654916,37.573445],[-83.654943,37.573509],[-83.654992,37.573625],[-83.655031,37.57382],[-83.655036,37.57392],[-83.655027,37.574021],[-83.65498,37.574209],[-83.654889,37.574393],[-83.654752,37.574545],[-83.654671,37.574604],[-83.654583,37.574647],[-83.65439,37.574694],[-83.654084,37.574705],[-83.653995,37.574713],[-83.653906,37.574736],[-83.653855,37.57478],[-83.653814,37.574831],[-83.653815,37.574886],[-83.653849,37.574948],[-83.653912,37.574993],[-83.654333,37.575188],[-83.654468,37.57529],[-83.654547,37.575379],[-83.654622,37.575496],[-83.654717,37.575725],[-83.654784,37.576029],[-83.654822,37.576353],[-83.654813,37.57675],[-83.65476,37.576945],[-83.654688,37.577139],[-83.654605,37.577557],[-83.654491,37.577907],[-83.6544698,37.5779805],[-83.654225,37.578584],[-83.654147,37.578822],[-83.654144,37.578878]]}},{"type":"Feature","properties":{"osm_id":16270352,"highway":"residential","name":"Spencer Cemetery","alt_name":null,"official_name":null,"surface":null,"tracktype":null,"service":null,"access":null,"motor_vehicle":null,"foot":null,"tiger_reviewed":"no","rrgh_part":0,"rrgh_tile_part":0},"geometry":{"type":"LineString","coordinates":[[-83.651337,37.572272],[-83.650293,37.571857],[-83.649983,37.57165],[-83.649873,37.571421],[-83.64988,37.571078],[-83.65025,37.569885],[-83.649917,37.569403],[-83.6499024,37.5690627],[-83.6500709,37.5688756],[-83.6504541,37.5686399],[-83.6507339,37.5683854],[-83.65087,37.5681899],[-83.650855,37.568095]]}},{"type":"Feature","properties":{"osm_id":1370678196,"highway":"residential","name":"Long Shoal Road","alt_name":null,"official_name":null,"surface":null,"tracktype":null,"service":null,"access":null,"motor_vehicle":null,"foot":null,"tiger_reviewed":"no","rrgh_part":0,"rrgh_tile_part":0},"geometry":{"type":"LineString","coordinates":[[-83.652166,37.567771],[-83.652645,37.56787]]}},{"type":"Feature","properties":{"osm_id":1370681824,"highway":"residential","name":null,"alt_name":null,"official_name":null,"surface":null,"tracktype":null,"service":null,"access":null,"motor_vehicle":null,"foot":null,"tiger_reviewed":null,"rrgh_part":0,"rrgh_tile_part":0},"geometry":{"type":"LineString","coordinates":[[-83.670228,37.572779],[-83.6703252,37.5730266],[-83.6702233,37.5734005],[-83.6702555,37.5735067],[-83.670352,37.5736002],[-83.6707167,37.5738084],[-83.6708239,37.5739018],[-83.6708883,37.5740038],[-83.6709741,37.5742162],[-83.6710492,37.5745816],[-83.6711135,37.5747218],[-83.6712476,37.5748281],[-83.6714085,37.5748876],[-83.671639,37.5749258],[-83.671875,37.5749003]]}},{"type":"Feature","properties":{"osm_id":16268982,"highway":"residential","name":"Mooretown Hill Road","alt_name":null,"official_name":null,"surface":null,"tracktype":null,"service":null,"access":null,"motor_vehicle":null,"foot":null,"tiger_reviewed":"no","rrgh_part":0,"rrgh_tile_part":0},"geometry":{"type":"LineString","coordinates":[[-83.663663,37.574609],[-83.663761,37.574616],[-83.663821,37.574611],[-83.66402,37.574538],[-83.664119,37.574517],[-83.664196,37.574512],[-83.664287,37.574518],[-83.664432,37.574561],[-83.664528,37.574616],[-83.664618,37.574696],[-83.664678,37.574793],[-83.664742,37.575006],[-83.664795,37.575271],[-83.664823,37.575479],[-83.66483,37.575645],[-83.664812,37.575765],[-83.664716,37.576071],[-83.664679,37.576261],[-83.664627,37.576843],[-83.664629,37.576914],[-83.664647,37.57698],[-83.66471,37.577102],[-83.664781,37.577216],[-83.664862,37.577315],[-83.664915,37.577355],[-83.66498,37.577385],[-83.665056,37.5774],[-83.665141,37.577401],[-83.665231,37.577388],[-83.665413,37.577335],[-83.665494,37.577292],[-83.665563,37.577242],[-83.665759,37.577028],[-83.665856,37.576942],[-83.665952,37.576894],[-83.666136,37.576869]]}},{"type":"Feature","properties":{"osm_id":16269154,"highway":"residential","name":"Mays Road","alt_name":null,"official_name":null,"surface":null,"tracktype":null,"service":null,"access":null,"motor_vehicle":null,"foot":null,"tiger_reviewed":"no","rrgh_part":0,"rrgh_tile_part":0},"geometry":{"type":"LineString","coordinates":[[-83.664425,37.57228],[-83.664176,37.57249],[-83.663871,37.572778],[-83.663615,37.573043],[-83.663122,37.573587],[-83.662893,37.573862],[-83.66276,37.57407],[-83.662693,37.574205],[-83.662654,37.574328],[-83.662649,37.574384],[-83.662672,37.574625],[-83.662719,37.574928],[-83.662725,37.575173],[-83.662734,37.575216],[-83.662767,37.575292],[-83.662816,37.575354],[-83.662882,37.575407],[-83.663016,37.575481]]}},{"type":"Feature","properties":{"osm_id":16269249,"highway":"residential","name":"Rose Lane","alt_name":null,"official_name":null,"surface":null,"tracktype":null,"service":null,"access":null,"motor_vehicle":null,"foot":null,"tiger_reviewed":"no","rrgh_part":0,"rrgh_tile_part":0},"geometry":{"type":"LineString","coordinates":[[-83.661433,37.57953],[-83.661439,37.579502],[-83.6614579,37.5793394],[-83.6614626,37.5792935],[-83.661848,37.579241],[-83.6626,37.579176],[-83.663247,37.579092],[-83.664365,37.578977],[-83.66446,37.57896],[-83.664494,37.578941],[-83.664527,37.578896],[-83.664513,37.578822],[-83.664318,37.578576],[-83.664175,37.578445]]}},{"type":"Feature","properties":{"osm_id":16269559,"highway":"residential","name":"Cr-1111","alt_name":null,"official_name":null,"surface":null,"tracktype":null,"service":null,"access":null,"motor_vehicle":null,"foot":null,"tiger_reviewed":"no","rrgh_part":0,"rrgh_tile_part":0},"geometry":{"type":"LineString","coordinates":[[-83.664425,37.57228],[-83.66435,37.572249],[-83.664299,37.572249],[-83.664239,37.572264],[-83.66378,37.572488],[-83.663346,37.572619],[-83.662806,37.572832],[-83.662481,37.572939],[-83.662397,37.572984],[-83.662033,37.573234],[-83.661904,37.573391]]}},{"type":"Feature","properties":{"osm_id":16269822,"highway":"residential","name":"Mooretown Road","alt_name":null,"official_name":null,"surface":null,"tracktype":null,"service":null,"access":null,"motor_vehicle":null,"foot":null,"tiger_reviewed":"no","rrgh_part":0,"rrgh_tile_part":0},"geometry":{"type":"LineString","coordinates":[[-83.660219,37.579712],[-83.660575,37.579675],[-83.661287,37.57953],[-83.661388,37.579519],[-83.661433,37.57953],[-83.661453,37.579539],[-83.661482,37.579576],[-83.661527,37.579764],[-83.661539,37.580049],[-83.661518,37.580609],[-83.661521,37.58079],[-83.661544,37.580969],[-83.661614,37.581141],[-83.661735,37.58135],[-83.661824,37.581461],[-83.66195,37.581649],[-83.662583,37.582521],[-83.662638,37.582578],[-83.662772,37.582667],[-83.66306,37.582774],[-83.663138,37.582812],[-83.663199,37.582882],[-83.663327,37.58317],[-83.663466,37.583425],[-83.663721,37.583835],[-83.663878,37.584055],[-83.663967,37.584209],[-83.664196,37.584495],[-83.665045,37.585621],[-83.665704,37.586473],[-83.665783,37.586541],[-83.665829,37.586556],[-83.66587,37.586557],[-83.665969,37.586539],[-83.666067,37.586508],[-83.667484,37.58594],[-83.668646,37.5854931],[-83.668857,37.585412],[-83.66899,37.585352],[-83.669043,37.585323],[-83.669119,37.58526],[-83.669139,37.585224],[-83.669146,37.585156],[-83.669116,37.585058],[-83.66906,37.584974],[-83.668978,37.584911],[-83.668906,37.584903]]}},{"type":"Feature","properties":{"osm_id":1330963482,"highway":"service","name":null,"alt_name":null,"official_name":null,"surface":"asphalt","tracktype":null,"service":null,"access":null,"motor_vehicle":null,"foot":null,"tiger_reviewed":null,"rrgh_part":0,"rrgh_tile_part":0},"geometry":{"type":"LineString","coordinates":[[-83.66195,37.581649],[-83.6626483,37.5815244],[-83.6639002,37.5813011],[-83.6641474,37.5812593],[-83.6656523,37.5810043]]}},{"type":"Feature","properties":{"osm_id":1370681823,"highway":"residential","name":null,"alt_name":null,"official_name":null,"surface":null,"tracktype":null,"service":null,"access":null,"motor_vehicle":null,"foot":null,"tiger_reviewed":null,"rrgh_part":0,"rrgh_tile_part":0},"geometry":{"type":"LineString","coordinates":[[-83.666274,37.573945],[-83.665615,37.5753859],[-83.6654112,37.5756494],[-83.6651377,37.5765802],[-83.665056,37.5774]]}},{"type":"Feature","properties":{"osm_id":16268443,"highway":"service","name":null,"alt_name":null,"official_name":null,"surface":null,"tracktype":null,"service":null,"access":"private","motor_vehicle":null,"foot":null,"tiger_reviewed":"no","rrgh_part":0,"rrgh_tile_part":0},"geometry":{"type":"LineString","coordinates":[[-83.67500000000001,37.579378189873424],[-83.674874,37.579249],[-83.674757,37.579092]]}},{"type":"Feature","properties":{"osm_id":895928997,"highway":"service","name":null,"alt_name":null,"official_name":null,"surface":null,"tracktype":null,"service":null,"access":null,"motor_vehicle":null,"foot":null,"tiger_reviewed":null,"rrgh_part":0,"rrgh_tile_part":0},"geometry":{"type":"LineString","coordinates":[[-83.6729187,37.5774285],[-83.6729911,37.5776539],[-83.6731839,37.5780435],[-83.6734253,37.5782667],[-83.6735567,37.5783624]]}},{"type":"Feature","properties":{"osm_id":1330963483,"highway":"unclassified","name":null,"alt_name":null,"official_name":null,"surface":"gravel","tracktype":null,"service":null,"access":null,"motor_vehicle":null,"foot":null,"tiger_reviewed":null,"rrgh_part":0,"rrgh_tile_part":0},"geometry":{"type":"LineString","coordinates":[[-83.6656523,37.5810043],[-83.6657519,37.5809998],[-83.665892,37.5810234],[-83.6665562,37.5811714]]}},{"type":"Feature","properties":{"osm_id":1330963488,"highway":"service","name":null,"alt_name":null,"official_name":null,"surface":"asphalt","tracktype":null,"service":null,"access":null,"motor_vehicle":null,"foot":null,"tiger_reviewed":null,"rrgh_part":0,"rrgh_tile_part":0},"geometry":{"type":"LineString","coordinates":[[-83.6639002,37.5813011],[-83.6638497,37.5810552]]}},{"type":"Feature","properties":{"osm_id":1330963488,"highway":"service","name":null,"alt_name":null,"official_name":null,"surface":"asphalt","tracktype":null,"service":null,"access":null,"motor_vehicle":null,"foot":null,"tiger_reviewed":null,"rrgh_part":1,"rrgh_tile_part":0},"geometry":{"type":"LineString","coordinates":[[-83.6638497,37.5810552],[-83.6635019,37.5808583],[-83.6633686,37.5807723],[-83.6633167,37.5806077],[-83.6633077,37.5803875],[-83.6634228,37.5803123],[-83.6637594,37.5802533],[-83.6639423,37.5803141],[-83.6640101,37.580409],[-83.664044,37.5805253],[-83.6640801,37.5807079],[-83.6640564,37.5807598],[-83.6639875,37.5808726],[-83.6638497,37.5810552]]}},{"type":"Feature","properties":{"osm_id":1330963489,"highway":"service","name":null,"alt_name":null,"official_name":null,"surface":"asphalt","tracktype":null,"service":null,"access":null,"motor_vehicle":null,"foot":null,"tiger_reviewed":null,"rrgh_part":0,"rrgh_tile_part":0},"geometry":{"type":"LineString","coordinates":[[-83.6635019,37.5808583],[-83.6640564,37.5807598]]}},{"type":"Feature","properties":{"osm_id":1330963490,"highway":"service","name":null,"alt_name":null,"official_name":null,"surface":"asphalt","tracktype":null,"service":null,"access":null,"motor_vehicle":null,"foot":null,"tiger_reviewed":null,"rrgh_part":0,"rrgh_tile_part":0},"geometry":{"type":"LineString","coordinates":[[-83.664044,37.5805253],[-83.6641544,37.580496],[-83.6643029,37.5804257],[-83.6644873,37.580266],[-83.6646238,37.580147],[-83.6647467,37.5800307],[-83.6648628,37.5799617],[-83.6650079,37.579913],[-83.6651223,37.5799035]]}},{"type":"Feature","properties":{"osm_id":1330963491,"highway":"service","name":null,"alt_name":null,"official_name":null,"surface":"asphalt","tracktype":null,"service":null,"access":null,"motor_vehicle":null,"foot":null,"tiger_reviewed":null,"rrgh_part":0,"rrgh_tile_part":0},"geometry":{"type":"LineString","coordinates":[[-83.6646238,37.580147],[-83.6646546,37.5802363],[-83.6646494,37.5803147],[-83.6646341,37.5803729],[-83.6646136,37.5804825]]}},{"type":"Feature","properties":{"osm_id":1330963494,"highway":"service","name":null,"alt_name":null,"official_name":null,"surface":"asphalt","tracktype":null,"service":null,"access":null,"motor_vehicle":null,"foot":null,"tiger_reviewed":null,"rrgh_part":0,"rrgh_tile_part":0},"geometry":{"type":"LineString","coordinates":[[-83.6641474,37.5812593],[-83.6641096,37.581157]]}},{"type":"Feature","properties":{"osm_id":16269714,"highway":"residential","name":"R Fox Road","alt_name":null,"official_name":null,"surface":null,"tracktype":null,"service":null,"access":null,"motor_vehicle":null,"foot":null,"tiger_reviewed":"no","rrgh_part":0,"rrgh_tile_part":0},"geometry":{"type":"LineString","coordinates":[[-83.653159,37.569631],[-83.653312,37.569612],[-83.653364,37.569615],[-83.653441,37.569636],[-83.653477,37.569679],[-83.653593,37.569937],[-83.653691,37.570081],[-83.653845,37.570237],[-83.653986,37.570348],[-83.654235,37.570469],[-83.654495,37.570528],[-83.654644,37.570546],[-83.654669,37.570535],[-83.654682,37.570506]]}},{"type":"Feature","properties":{"osm_id":16269076,"highway":"residential","name":"Thomas Farm Road","alt_name":null,"official_name":null,"surface":null,"tracktype":null,"service":null,"access":null,"motor_vehicle":null,"foot":null,"tiger_reviewed":"no","rrgh_part":0,"rrgh_tile_part":0},"geometry":{"type":"LineString","coordinates":[[-83.657398,37.579664],[-83.657294,37.579932],[-83.657262,37.580126],[-83.657276,37.580306],[-83.657332,37.580431],[-83.657431,37.580543],[-83.657776,37.58083],[-83.657956,37.581032],[-83.658065,37.581107],[-83.658316,37.581222],[-83.658379,37.581259],[-83.658479,37.581353],[-83.658537,37.581467],[-83.658549,37.581654],[-83.658597,37.581999],[-83.658669,37.582208],[-83.658744,37.582307],[-83.659255,37.582892],[-83.659544,37.583394],[-83.65958,37.583519],[-83.659577,37.583585],[-83.659511,37.583739],[-83.659442,37.583866],[-83.659265,37.584527],[-83.659262,37.584812],[-83.659313,37.585047],[-83.659397,37.585302],[-83.659487,37.585466],[-83.65973,37.585669],[-83.659807,37.585783],[-83.659871,37.585947],[-83.660181,37.58658],[-83.660206,37.586647],[-83.660239,37.586901],[-83.66031,37.587069],[-83.660696,37.587612],[-83.660762,37.587674]]}},{"type":"Feature","properties":{"osm_id":16269782,"highway":"residential","name":"Norman Road","alt_name":null,"official_name":null,"surface":null,"tracktype":null,"service":null,"access":null,"motor_vehicle":null,"foot":null,"tiger_reviewed":"no","rrgh_part":0,"rrgh_tile_part":0},"geometry":{"type":"LineString","coordinates":[[-83.653885,37.578871],[-83.653872,37.578813],[-83.65383,37.57877],[-83.653769,37.578734],[-83.653657,37.57869],[-83.653295,37.578596],[-83.65287,37.578503],[-83.652597,37.578429],[-83.652332,37.578372],[-83.652072,37.5783],[-83.651695,37.578216],[-83.651578,37.578204],[-83.651457,37.578213],[-83.651209,37.578285],[-83.651097,37.578302],[-83.650875,37.57827],[-83.64996,37.578226],[-83.64985,37.578206],[-83.649737,37.578174],[-83.648935,37.577992],[-83.648208,37.577717],[-83.647616,37.577458],[-83.646741,37.577162],[-83.646522,37.57708],[-83.646181,37.576927],[-83.645967,37.576846],[-83.645827,37.576782],[-83.645766,37.576744],[-83.645539,37.576551],[-83.645452,37.576493],[-83.645337,37.576438],[-83.644896,37.576257],[-83.644,37.575911],[-83.643771,37.57584],[-83.643448,37.575754],[-83.64302,37.57566],[-83.642682,37.575606],[-83.642568,37.575593],[-83.641999,37.575541],[-83.641273,37.575492],[-83.640556,37.575472],[-83.640266,37.575436],[-83.639395,37.575361],[-83.638823,37.575299],[-83.638765,37.575281],[-83.6387682,37.5752656],[-83.6387479,37.5751791]]}},{"type":"Feature","properties":{"osm_id":16269561,"highway":"residential","name":"Jess Moore Road","alt_name":null,"official_name":null,"surface":null,"tracktype":null,"service":null,"access":null,"motor_vehicle":null,"foot":null,"tiger_reviewed":"no","rrgh_part":0,"rrgh_tile_part":0},"geometry":{"type":"LineString","coordinates":[[-83.662193,37.577137],[-83.662118,37.577131],[-83.662032,37.577173],[-83.661859,37.577375],[-83.661619,37.577587],[-83.661425,37.577729],[-83.661107,37.577926],[-83.660572,37.578374],[-83.660373,37.578625],[-83.660271,37.578731]]}},{"type":"Feature","properties":{"osm_id":1330963495,"highway":"service","name":null,"alt_name":null,"official_name":null,"surface":"asphalt","tracktype":null,"service":null,"access":null,"motor_vehicle":null,"foot":null,"tiger_reviewed":null,"rrgh_part":0,"rrgh_tile_part":0},"geometry":{"type":"LineString","coordinates":[[-83.6626483,37.5815244],[-83.6626757,37.5816047]]}},{"type":"Feature","properties":{"osm_id":16268647,"highway":"residential","name":"Juril Fox Road","alt_name":null,"official_name":null,"surface":null,"tracktype":null,"service":null,"access":null,"motor_vehicle":null,"foot":null,"tiger_reviewed":"no","rrgh_part":0,"rrgh_tile_part":0},"geometry":{"type":"LineString","coordinates":[[-83.6453703,37.5677466],[-83.6453663,37.5675712],[-83.6454503,37.5674578],[-83.645792,37.567292],[-83.6461821,37.5671231],[-83.6466293,37.5670236],[-83.6470858,37.5669279],[-83.6472824,37.566899],[-83.6475267,37.5667972],[-83.6485084,37.56606],[-83.6485997,37.5661428]]}},{"type":"Feature","properties":{"osm_id":16269995,"highway":"residential","name":"Hope Road","alt_name":null,"official_name":null,"surface":null,"tracktype":null,"service":null,"access":null,"motor_vehicle":null,"foot":null,"tiger_reviewed":"no","rrgh_part":0,"rrgh_tile_part":0},"geometry":{"type":"LineString","coordinates":[[-83.635143,37.556718],[-83.634821,37.55702],[-83.634724,37.557162],[-83.63467,37.557213]]}},{"type":"Feature","properties":{"osm_id":1370678195,"highway":"service","name":null,"alt_name":null,"official_name":null,"surface":null,"tracktype":null,"service":null,"access":null,"motor_vehicle":null,"foot":null,"tiger_reviewed":null,"rrgh_part":0,"rrgh_tile_part":0},"geometry":{"type":"LineString","coordinates":[[-83.6359403,37.5567655],[-83.6355756,37.5569567],[-83.6355166,37.5570417],[-83.6350446,37.5573817],[-83.6347749,37.5575049]]}},{"type":"Feature","properties":{"osm_id":1370679724,"highway":"track","name":null,"alt_name":null,"official_name":null,"surface":null,"tracktype":null,"service":null,"access":null,"motor_vehicle":null,"foot":null,"tiger_reviewed":null,"rrgh_part":0,"rrgh_tile_part":0},"geometry":{"type":"LineString","coordinates":[[-83.6272921,37.5575686],[-83.6271682,37.5579457],[-83.6270931,37.5583666],[-83.6269537,37.5586386],[-83.6267569,37.5587795]]}},{"type":"Feature","properties":{"osm_id":1370679723,"highway":"track","name":"Palmer Cemetery","alt_name":null,"official_name":null,"surface":null,"tracktype":null,"service":null,"access":null,"motor_vehicle":null,"foot":null,"tiger_reviewed":null,"rrgh_part":0,"rrgh_tile_part":0},"geometry":{"type":"LineString","coordinates":[[-83.6263254,37.5632972],[-83.6267231,37.5629234],[-83.6266963,37.5626684],[-83.6269162,37.561916],[-83.6270395,37.5616354],[-83.6270824,37.5614952],[-83.6271039,37.5609128],[-83.6271575,37.5604367],[-83.6271521,37.5602497],[-83.6270931,37.5600711],[-83.626943,37.5598586],[-83.6268304,37.5597311],[-83.6267767,37.559595],[-83.6267569,37.5587795],[-83.626491,37.5585037],[-83.6263364,37.5582386],[-83.626032,37.557925]]}},{"type":"Feature","properties":{"osm_id":1370679726,"highway":"track","name":null,"alt_name":null,"official_name":null,"surface":null,"tracktype":null,"service":null,"access":null,"motor_vehicle":null,"foot":null,"tiger_reviewed":null,"rrgh_part":0,"rrgh_tile_part":0},"geometry":{"type":"LineString","coordinates":[[-83.6329759,37.5719752],[-83.6329008,37.571648],[-83.6328043,37.571529],[-83.6327131,37.5714865],[-83.632638,37.5714865],[-83.6323753,37.571563],[-83.6319784,37.5717245],[-83.6314958,37.5718945],[-83.630922,37.5720645],[-83.6307451,37.5720942],[-83.6303321,37.5720475],[-83.6299139,37.5720517],[-83.6298442,37.5720135],[-83.6298173,37.5719795],[-83.6298013,37.5718775],[-83.629812,37.5717882],[-83.6298549,37.5716565],[-83.6299407,37.571529],[-83.6302088,37.5712697],[-83.6302517,37.571155],[-83.630241,37.5711082],[-83.6299675,37.5708575],[-83.6298173,37.5707428],[-83.6292972,37.570509],[-83.6290022,37.5703008],[-83.6287556,37.5700415],[-83.6284231,37.5698248],[-83.6283427,37.5697823],[-83.6279351,37.5697101],[-83.6275865,37.5696874],[-83.6274792,37.5696407],[-83.627136,37.5694408],[-83.6270127,37.5694025],[-83.6268036,37.569394],[-83.6265891,37.569411],[-83.6260957,37.5694833],[-83.6259348,37.5694621],[-83.6258061,37.569428],[-83.6252216,37.569343],[-83.6249588,37.5691516],[-83.6248087,37.5689178],[-83.6244816,37.5686541],[-83.6244279,37.5685691],[-83.6243958,37.5684628],[-83.6244172,37.5683182],[-83.6246371,37.5675528],[-83.6246478,37.5673954],[-83.624621,37.5672934],[-83.6245566,37.5671658],[-83.6243368,37.5668554],[-83.6242295,37.5666513],[-83.6241544,37.5664216],[-83.6241491,37.5663238],[-83.6241705,37.5662133],[-83.6242081,37.5661282],[-83.6242671,37.5660772],[-83.6243368,37.5660432],[-83.6244333,37.5660262],[-83.6245781,37.5660304],[-83.624873,37.5660857],[-83.625302,37.566107],[-83.6254039,37.56609],[-83.6256238,37.5659114],[-83.6258758,37.5656057]]}},{"type":"Feature","properties":{"osm_id":1370679725,"highway":"track","name":null,"alt_name":null,"official_name":null,"surface":null,"tracktype":null,"service":null,"access":null,"motor_vehicle":null,"foot":null,"tiger_reviewed":null,"rrgh_part":0,"rrgh_tile_part":0},"geometry":{"type":"LineString","coordinates":[[-83.6263254,37.5632972],[-83.6262458,37.5634718],[-83.6261386,37.5638246],[-83.6261171,37.5641052],[-83.6260313,37.5646918],[-83.6259831,37.5648321],[-83.6258008,37.5651934],[-83.6258758,37.5656057],[-83.6263156,37.5662816],[-83.6264711,37.5664346],[-83.6266802,37.5665451],[-83.6270449,37.5666812],[-83.6272004,37.5667789],[-83.6275221,37.5670255],[-83.6279351,37.5671814],[-83.6284714,37.5674662],[-83.6290183,37.5677212],[-83.6292596,37.5678869]]}},{"type":"Feature","properties":{"osm_id":1370678200,"highway":"service","name":null,"alt_name":null,"official_name":null,"surface":null,"tracktype":null,"service":null,"access":null,"motor_vehicle":null,"foot":null,"tiger_reviewed":null,"rrgh_part":0,"rrgh_tile_part":0},"geometry":{"type":"LineString","coordinates":[[-83.649983,37.57165],[-83.6499935,37.5718369],[-83.6499238,37.5719346],[-83.6496932,37.5720791],[-83.6490658,37.5721811]]}},{"type":"Feature","properties":{"osm_id":1370678202,"highway":"track","name":null,"alt_name":null,"official_name":null,"surface":null,"tracktype":null,"service":null,"access":null,"motor_vehicle":null,"foot":null,"tiger_reviewed":null,"rrgh_part":0,"rrgh_tile_part":0},"geometry":{"type":"LineString","coordinates":[[-83.6388766,37.573978],[-83.6388444,37.5739397],[-83.638823,37.573842],[-83.6385496,37.5735275],[-83.638035,37.5731789],[-83.637976,37.5731024],[-83.6379385,37.5729962],[-83.6379331,37.5727241],[-83.6378045,37.5722353],[-83.6377776,37.5720653],[-83.637783,37.5719888],[-83.6378581,37.571789],[-83.6381743,37.5713045],[-83.6382065,37.5712067],[-83.6382119,37.5710622],[-83.638169,37.5708114],[-83.6379653,37.5705479],[-83.6377455,37.5703694]]}},{"type":"Feature","properties":{"osm_id":16269673,"highway":"service","name":"Cemetery Access Rd C","alt_name":"Cr-1169","official_name":null,"surface":null,"tracktype":null,"service":null,"access":null,"motor_vehicle":null,"foot":null,"tiger_reviewed":"no","rrgh_part":0,"rrgh_tile_part":0},"geometry":{"type":"LineString","coordinates":[[-83.6387479,37.5751791],[-83.638803,37.575112],[-83.638914,37.575118],[-83.639036,37.57511],[-83.639857,37.574825],[-83.640067,37.574743],[-83.640292,37.574677],[-83.640389,37.57466],[-83.640411,37.57464],[-83.640409,37.574618],[-83.640391,37.574597],[-83.640349,37.574586],[-83.640066,37.574567],[-83.639681,37.574559]]}},{"type":"Feature","properties":{"osm_id":1370678201,"highway":"track","name":null,"alt_name":null,"official_name":null,"surface":null,"tracktype":null,"service":null,"access":null,"motor_vehicle":null,"foot":null,"tiger_reviewed":null,"rrgh_part":0,"rrgh_tile_part":0},"geometry":{"type":"LineString","coordinates":[[-83.6408669,37.5718968],[-83.6413228,37.5719478],[-83.6416447,37.571935],[-83.6419183,37.5717268],[-83.6420363,37.5717268],[-83.6423045,37.5719265],[-83.6424654,37.5719223],[-83.643195,37.5717183],[-83.6432647,37.5717183],[-83.6433344,37.571765],[-83.6434042,37.571867],[-83.64349,37.5720413],[-83.6435866,37.5721603],[-83.6435973,37.572207],[-83.6436563,37.5722793],[-83.6436778,37.5723601],[-83.6436509,37.5724153],[-83.6435919,37.5724663],[-83.6434364,37.5725556],[-83.6429107,37.5727723],[-83.6425674,37.5729466],[-83.642326,37.5730868],[-83.6421865,37.5731208],[-83.6418217,37.5730953],[-83.6414516,37.5730188],[-83.6409259,37.5728191],[-83.6404431,37.5727128],[-83.6400676,37.5725598],[-83.6399442,37.5725258],[-83.6397779,37.5725003],[-83.6394936,37.5725046],[-83.6391986,37.5725471],[-83.6390216,37.5725981],[-83.6389465,37.5726363],[-83.6388767,37.5727468],[-83.6388231,37.5729933],[-83.6388392,37.5730698],[-83.6389089,37.5731973],[-83.6390484,37.5735756],[-83.639043,37.5736776],[-83.6389572,37.5738434],[-83.6389572,37.5738901],[-83.6388766,37.573978],[-83.638866,37.5742939],[-83.6387329,37.5746063],[-83.6387479,37.5751791]]}},{"type":"Feature","properties":{"osm_id":169094349,"highway":"residential","name":null,"alt_name":null,"official_name":null,"surface":null,"tracktype":null,"service":null,"access":null,"motor_vehicle":null,"foot":null,"tiger_reviewed":"no","rrgh_part":0,"rrgh_tile_part":0},"geometry":{"type":"LineString","coordinates":[[-83.6486248,37.5808586],[-83.6492613,37.5814088]]}},{"type":"Feature","properties":{"osm_id":169094351,"highway":"residential","name":null,"alt_name":null,"official_name":null,"surface":null,"tracktype":null,"service":null,"access":null,"motor_vehicle":null,"foot":null,"tiger_reviewed":"no","rrgh_part":0,"rrgh_tile_part":0},"geometry":{"type":"LineString","coordinates":[[-83.6485924,37.5806212],[-83.6485644,37.5806973],[-83.6485708,37.5807704],[-83.6486248,37.5808586]]}},{"type":"Feature","properties":{"osm_id":1370679736,"highway":"service","name":null,"alt_name":null,"official_name":null,"surface":null,"tracktype":null,"service":null,"access":null,"motor_vehicle":null,"foot":null,"tiger_reviewed":null,"rrgh_part":0,"rrgh_tile_part":0},"geometry":{"type":"LineString","coordinates":[[-83.6470084,37.579204],[-83.6469195,37.5792698],[-83.6469602,37.5794168],[-83.6469735,37.5797185],[-83.6468931,37.5798588],[-83.6468716,37.5799395],[-83.6469092,37.580084],[-83.6470057,37.580186],[-83.6470807,37.5802242],[-83.6472951,37.5801605],[-83.647664,37.579839]]}},{"type":"Feature","properties":{"osm_id":1370681820,"highway":"residential","name":null,"alt_name":null,"official_name":null,"surface":null,"tracktype":null,"service":null,"access":null,"motor_vehicle":null,"foot":null,"tiger_reviewed":null,"rrgh_part":0,"rrgh_tile_part":0},"geometry":{"type":"LineString","coordinates":[[-83.668906,37.584903],[-83.668587,37.584972],[-83.6684851,37.58504],[-83.6684744,37.5851293],[-83.668646,37.5854931]]}},{"type":"Feature","properties":{"osm_id":169094324,"highway":"residential","name":"Old Railroad Grade Road","alt_name":null,"official_name":null,"surface":null,"tracktype":null,"service":null,"access":null,"motor_vehicle":null,"foot":null,"tiger_reviewed":"no","rrgh_part":0,"rrgh_tile_part":0},"geometry":{"type":"LineString","coordinates":[[-83.650463,37.582202],[-83.65101,37.582444],[-83.651094,37.582481],[-83.65182,37.582825],[-83.652168,37.582979],[-83.652462,37.583125],[-83.653182,37.583606],[-83.653855,37.584194],[-83.653994,37.58436],[-83.654333,37.584864],[-83.654403,37.584991],[-83.654603,37.585482],[-83.654791,37.586226],[-83.654821,37.586456],[-83.654938,37.587059],[-83.655098,37.587549],[-83.655237,37.58781],[-83.655366,37.587993],[-83.655611,37.588282],[-83.655756,37.588434],[-83.655911,37.58857],[-83.656281,37.588857],[-83.65711,37.589403],[-83.657544,37.589699],[-83.657705,37.589793],[-83.658039,37.589961],[-83.658593,37.590217],[-83.658884,37.590319],[-83.659526,37.590509],[-83.659702,37.590548],[-83.660129,37.590604],[-83.660403,37.590653],[-83.66103,37.59072],[-83.662427,37.590681],[-83.662805,37.59063],[-83.663163,37.59056],[-83.663325,37.590511],[-83.663783,37.590404],[-83.664296,37.590264],[-83.664551,37.590182],[-83.665152,37.589942],[-83.665212,37.589906],[-83.666303,37.58944],[-83.666735,37.58918],[-83.667048,37.588972],[-83.667134,37.588925],[-83.667622,37.588691],[-83.667708,37.588658],[-83.667898,37.588608],[-83.66817,37.588551],[-83.668431,37.588531],[-83.668735,37.588546],[-83.668928,37.588568],[-83.669357,37.588682],[-83.669729,37.588857],[-83.669937,37.588978],[-83.67019,37.589249],[-83.67028,37.589383],[-83.670405,37.58962],[-83.670441,37.589717],[-83.670486,37.589907],[-83.670506,37.590054],[-83.670524,37.590366],[-83.670518,37.590687],[-83.670532,37.591021],[-83.67053,37.591482],[-83.670544,37.59172],[-83.670539,37.592001]]}},{"type":"Feature","properties":{"osm_id":856113568,"highway":"residential","name":"Left Fork Mooretown Road","alt_name":null,"official_name":null,"surface":null,"tracktype":null,"service":null,"access":null,"motor_vehicle":null,"foot":null,"tiger_reviewed":"no","rrgh_part":0,"rrgh_tile_part":0},"geometry":{"type":"LineString","coordinates":[[-83.66306,37.582774],[-83.663405,37.582874],[-83.663533,37.582899],[-83.663668,37.582898],[-83.663795,37.58287],[-83.6638486,37.5828409]]}},{"type":"Feature","properties":{"osm_id":1370681821,"highway":"residential","name":null,"alt_name":null,"official_name":null,"surface":null,"tracktype":null,"service":null,"access":null,"motor_vehicle":null,"foot":null,"tiger_reviewed":null,"rrgh_part":0,"rrgh_tile_part":0},"geometry":{"type":"LineString","coordinates":[[-83.6626602,37.5836283],[-83.6627621,37.5835518],[-83.6628158,37.5834881],[-83.6629391,37.583212],[-83.663138,37.582812]]}},{"type":"Feature","properties":{"osm_id":16269193,"highway":"residential","name":"Snowden Lane","alt_name":null,"official_name":null,"surface":null,"tracktype":null,"service":null,"access":null,"motor_vehicle":null,"foot":null,"tiger_reviewed":"no","rrgh_part":0,"rrgh_tile_part":0},"geometry":{"type":"LineString","coordinates":[[-83.65182,37.582825],[-83.651796,37.583357],[-83.651811,37.583432],[-83.651997,37.583582],[-83.652112,37.58376],[-83.65234,37.584051],[-83.652469,37.584194],[-83.65258,37.584291],[-83.65268,37.584356],[-83.652758,37.584388]]}},{"type":"Feature","properties":{"osm_id":16270377,"highway":"residential","name":"Cr-1423","alt_name":null,"official_name":null,"surface":null,"tracktype":null,"service":null,"access":null,"motor_vehicle":null,"foot":null,"tiger_reviewed":"no","rrgh_part":0,"rrgh_tile_part":0},"geometry":{"type":"LineString","coordinates":[[-83.652758,37.584388],[-83.652971,37.584429],[-83.653018,37.584427],[-83.653037,37.584417]]}},{"type":"Feature","properties":{"osm_id":16270245,"highway":"residential","name":"Shelton Drive","alt_name":null,"official_name":null,"surface":null,"tracktype":null,"service":null,"access":null,"motor_vehicle":null,"foot":null,"tiger_reviewed":"no","rrgh_part":0,"rrgh_tile_part":0},"geometry":{"type":"LineString","coordinates":[[-83.6501,37.584366],[-83.650137,37.584369],[-83.650237,37.58438],[-83.650287,37.584367]]}},{"type":"Feature","properties":{"osm_id":16270320,"highway":"residential","name":"Old Railroad Grade Road","alt_name":null,"official_name":null,"surface":null,"tracktype":null,"service":null,"access":null,"motor_vehicle":null,"foot":null,"tiger_reviewed":"no","rrgh_part":0,"rrgh_tile_part":0},"geometry":{"type":"LineString","coordinates":[[-83.649131,37.581641],[-83.64952,37.581821],[-83.649837,37.581942],[-83.650463,37.582202]]}},{"type":"Feature","properties":{"osm_id":16269099,"highway":"residential","name":"Butler Ridge Road","alt_name":null,"official_name":null,"surface":null,"tracktype":null,"service":null,"access":null,"motor_vehicle":null,"foot":null,"tiger_reviewed":"no","rrgh_part":0,"rrgh_tile_part":0},"geometry":{"type":"LineString","coordinates":[[-83.657006,37.596452],[-83.657063,37.596373],[-83.65715,37.596261],[-83.657297,37.596122]]}},{"type":"Feature","properties":{"osm_id":16270213,"highway":"residential","name":"Cr-1448","alt_name":null,"official_name":null,"surface":null,"tracktype":null,"service":null,"access":null,"motor_vehicle":null,"foot":null,"tiger_reviewed":"no","rrgh_part":0,"rrgh_tile_part":0},"geometry":{"type":"LineString","coordinates":[[-83.654603,37.59809],[-83.654705,37.597773],[-83.654799,37.597423],[-83.65482,37.597177],[-83.65483,37.596837],[-83.654823,37.596574],[-83.654769,37.596244]]}},{"type":"Feature","properties":{"osm_id":16268215,"highway":"residential","name":"Bray Drive","alt_name":null,"official_name":null,"surface":null,"tracktype":null,"service":null,"access":null,"motor_vehicle":null,"foot":null,"tiger_reviewed":"no","rrgh_part":0,"rrgh_tile_part":0},"geometry":{"type":"LineString","coordinates":[[-83.656052,37.597554],[-83.656179,37.597687],[-83.656308,37.597855],[-83.656369,37.597917],[-83.657061,37.598426]]}},{"type":"Feature","properties":{"osm_id":16269100,"highway":"residential","name":"Butler Ridge Road","alt_name":null,"official_name":null,"surface":null,"tracktype":null,"service":null,"access":null,"motor_vehicle":null,"foot":null,"tiger_reviewed":"no","rrgh_part":0,"rrgh_tile_part":0},"geometry":{"type":"LineString","coordinates":[[-83.660555,37.596258],[-83.66066,37.596121],[-83.660715,37.596007],[-83.660746,37.595891],[-83.66075,37.595833],[-83.660709,37.595719],[-83.660668,37.595667],[-83.660605,37.595624],[-83.660535,37.595587],[-83.660376,37.595538],[-83.660296,37.595523],[-83.659498,37.595489],[-83.659351,37.595499],[-83.659072,37.59546],[-83.658894,37.595358],[-83.658743,37.595257],[-83.65869,37.595235],[-83.658635,37.595228],[-83.658535,37.595246],[-83.658495,37.595268],[-83.65826,37.595492],[-83.658069,37.595645],[-83.657944,37.595782],[-83.657826,37.59598],[-83.657762,37.596064],[-83.657677,37.596138],[-83.657455,37.596279],[-83.657334,37.596332],[-83.657006,37.596452],[-83.65671,37.596832],[-83.656442,37.597215],[-83.656332,37.597354],[-83.656198,37.59747],[-83.656052,37.597554],[-83.655858,37.597632],[-83.655267,37.597781],[-83.654992,37.59787],[-83.654755,37.597976],[-83.654603,37.59809],[-83.654548,37.598151],[-83.65445,37.598352],[-83.654268,37.598783],[-83.654171,37.59895],[-83.654077,37.599028],[-83.654019,37.599057],[-83.653887,37.599103],[-83.653455,37.599209],[-83.653024,37.599326],[-83.652607,37.599414],[-83.652524,37.599423],[-83.652353,37.599416],[-83.651991,37.599341],[-83.651896,37.599332],[-83.651583,37.59934],[-83.650839,37.599393],[-83.650362,37.599442],[-83.649252,37.599612],[-83.648525,37.599692],[-83.64833,37.599693],[-83.648046,37.599661],[-83.647808,37.599597],[-83.647553,37.599546],[-83.646804,37.599478],[-83.646478,37.599412],[-83.646356,37.599357],[-83.646243,37.599292],[-83.645926,37.599022],[-83.645682,37.59884],[-83.645555,37.598765],[-83.645379,37.598677],[-83.645283,37.59864],[-83.645222,37.598632],[-83.645144,37.598637]]}},{"type":"Feature","properties":{"osm_id":16269167,"highway":"residential","name":"Cr-1013A","alt_name":null,"official_name":null,"surface":null,"tracktype":null,"service":null,"access":null,"motor_vehicle":null,"foot":null,"tiger_reviewed":"no","rrgh_part":0,"rrgh_tile_part":0},"geometry":{"type":"LineString","coordinates":[[-83.646046,37.586592],[-83.646621,37.586925],[-83.647984,37.587684],[-83.64803,37.587703]]}},{"type":"Feature","properties":{"osm_id":16269195,"highway":"residential","name":"Cr-1013B","alt_name":null,"official_name":null,"surface":null,"tracktype":null,"service":null,"access":null,"motor_vehicle":null,"foot":null,"tiger_reviewed":"no","rrgh_part":0,"rrgh_tile_part":0},"geometry":{"type":"LineString","coordinates":[[-83.649829,37.584123],[-83.649859,37.584178],[-83.649872,37.584243],[-83.649869,37.584312],[-83.649799,37.584501],[-83.649697,37.584719],[-83.64951,37.58499],[-83.64939,37.585229],[-83.649362,37.585265],[-83.649309,37.585307],[-83.649244,37.58531]]}},{"type":"Feature","properties":{"osm_id":16269656,"highway":"residential","name":"Hieronymus Loop","alt_name":null,"official_name":null,"surface":null,"tracktype":null,"service":null,"access":null,"motor_vehicle":null,"foot":null,"tiger_reviewed":"no","rrgh_part":0,"rrgh_tile_part":0},"geometry":{"type":"LineString","coordinates":[[-83.64723,37.584643],[-83.648231,37.584929],[-83.649196,37.585128],[-83.649226,37.585145],[-83.649255,37.585191],[-83.649244,37.58531],[-83.648889,37.586608],[-83.648746,37.587047],[-83.64865,37.587247],[-83.648565,37.587366],[-83.648296,37.587668],[-83.648206,37.587721],[-83.648152,37.587733],[-83.648099,37.587731],[-83.64803,37.587703]]}},{"type":"Feature","properties":{"osm_id":16270076,"highway":"residential","name":"Coomer Drive","alt_name":null,"official_name":null,"surface":null,"tracktype":null,"service":null,"access":null,"motor_vehicle":null,"foot":null,"tiger_reviewed":"no","rrgh_part":0,"rrgh_tile_part":0},"geometry":{"type":"LineString","coordinates":[[-83.649799,37.584501],[-83.649897,37.584407],[-83.649964,37.584376],[-83.650028,37.584365],[-83.6501,37.584366]]}},{"type":"Feature","properties":{"osm_id":16270077,"highway":"residential","name":"Coomer Drive","alt_name":null,"official_name":null,"surface":null,"tracktype":null,"service":null,"access":null,"motor_vehicle":null,"foot":null,"tiger_reviewed":"no","rrgh_part":0,"rrgh_tile_part":0},"geometry":{"type":"LineString","coordinates":[[-83.649829,37.584123],[-83.649726,37.584023],[-83.649406,37.583909],[-83.64934,37.583898],[-83.649311,37.583913]]}},{"type":"Feature","properties":{"osm_id":16268798,"highway":"residential","name":null,"alt_name":null,"official_name":null,"surface":null,"tracktype":null,"service":null,"access":null,"motor_vehicle":null,"foot":null,"tiger_reviewed":"no","rrgh_part":0,"rrgh_tile_part":0},"geometry":{"type":"LineString","coordinates":[[-83.642387,37.591298],[-83.643704,37.591472],[-83.645113,37.591748]]}},{"type":"Feature","properties":{"osm_id":16268710,"highway":"residential","name":null,"alt_name":null,"official_name":null,"surface":null,"tracktype":null,"service":null,"access":null,"motor_vehicle":null,"foot":null,"tiger_reviewed":"no","rrgh_part":0,"rrgh_tile_part":0},"geometry":{"type":"LineString","coordinates":[[-83.641753,37.593313],[-83.641293,37.593286],[-83.640685,37.593085],[-83.640422,37.592941],[-83.640067,37.592772],[-83.639866,37.592708],[-83.639705,37.592707],[-83.639502,37.592761]]}},{"type":"Feature","properties":{"osm_id":16269667,"highway":"residential","name":"Spencer Lane","alt_name":null,"official_name":null,"surface":null,"tracktype":null,"service":null,"access":null,"motor_vehicle":null,"foot":null,"tiger_reviewed":"no","rrgh_part":0,"rrgh_tile_part":0},"geometry":{"type":"LineString","coordinates":[[-83.626923,37.58827],[-83.627131,37.588349],[-83.627244,37.588412],[-83.627346,37.588486],[-83.62743,37.588628],[-83.627567,37.589024],[-83.627585,37.589123],[-83.627594,37.589305],[-83.627643,37.589443],[-83.627663,37.589542],[-83.627637,37.589714],[-83.627547,37.589879],[-83.627473,37.589971],[-83.627384,37.590055],[-83.627139,37.590229],[-83.627065,37.590331],[-83.627005,37.590446],[-83.626982,37.590573],[-83.626983,37.590698],[-83.627055,37.591142],[-83.627091,37.591235],[-83.627238,37.591436],[-83.627274,37.591541],[-83.627315,37.591867],[-83.627303,37.59196],[-83.627274,37.592056],[-83.627223,37.592154],[-83.627145,37.592255],[-83.627053,37.592359],[-83.626858,37.592548],[-83.62679,37.592639],[-83.626752,37.592738],[-83.626739,37.592889],[-83.626811,37.593291],[-83.62683,37.593548],[-83.626849,37.59361],[-83.626894,37.59367],[-83.627133,37.593857],[-83.627199,37.593927],[-83.627245,37.594008],[-83.627277,37.594102],[-83.627352,37.594418],[-83.6276,37.594975],[-83.627621,37.595108],[-83.627618,37.595191],[-83.6276,37.595269],[-83.62757,37.595336],[-83.627495,37.595415],[-83.627257,37.595565],[-83.627159,37.595601],[-83.627029,37.595625]]}},{"type":"Feature","properties":{"osm_id":16268401,"highway":"residential","name":null,"alt_name":null,"official_name":null,"surface":null,"tracktype":null,"service":null,"access":null,"motor_vehicle":null,"foot":null,"tiger_reviewed":"no","rrgh_part":0,"rrgh_tile_part":0},"geometry":{"type":"LineString","coordinates":[[-83.626739,37.592889],[-83.626518,37.592802],[-83.626036,37.592696],[-83.625338,37.592607],[-83.625142,37.592619],[-83.624911,37.592648],[-83.624429,37.592725],[-83.624126,37.59275]]}},{"type":"Feature","properties":{"osm_id":16270068,"highway":"residential","name":"Log Shoal Branch Road","alt_name":null,"official_name":null,"surface":null,"tracktype":null,"service":null,"access":null,"motor_vehicle":null,"foot":null,"tiger_reviewed":"no","rrgh_part":0,"rrgh_tile_part":0},"geometry":{"type":"LineString","coordinates":[[-83.611287,37.597201],[-83.612029,37.597193],[-83.612192,37.59721],[-83.61242,37.597251],[-83.612737,37.597275],[-83.612988,37.597276],[-83.613355,37.597256],[-83.613512,37.597221],[-83.613684,37.597157],[-83.614122,37.59694],[-83.614639,37.596793],[-83.614873,37.596701],[-83.615502,37.596494],[-83.615643,37.596467],[-83.615941,37.596435],[-83.616176,37.596427],[-83.616331,37.596434],[-83.616472,37.596468],[-83.616596,37.596526],[-83.616854,37.596713],[-83.61701,37.596814],[-83.617084,37.596884],[-83.617172,37.596998],[-83.617201,37.59708],[-83.617201,37.597168],[-83.617223,37.597259],[-83.617254,37.597297],[-83.617298,37.597326],[-83.617351,37.597342],[-83.617406,37.597346],[-83.617755,37.597291],[-83.61788,37.597281],[-83.618217,37.597293],[-83.618352,37.597318],[-83.618416,37.597339],[-83.618569,37.597432],[-83.618611,37.597473],[-83.618639,37.597524],[-83.618655,37.597637],[-83.618645,37.597692],[-83.618617,37.597746],[-83.618496,37.597929],[-83.618444,37.598042],[-83.61844,37.598102],[-83.61845,37.598127],[-83.618525,37.598177],[-83.618579,37.598189],[-83.618656,37.598184],[-83.618738,37.598159],[-83.618813,37.598119],[-83.619099,37.597853],[-83.619195,37.597784],[-83.619288,37.597725],[-83.619437,37.597664],[-83.619601,37.597684],[-83.619756,37.597733],[-83.619906,37.597809],[-83.62,37.597879],[-83.620266,37.598128],[-83.620305,37.598176],[-83.620499,37.598359],[-83.620791,37.598658],[-83.62092,37.598773],[-83.62102,37.598842],[-83.621077,37.598873],[-83.621208,37.598921],[-83.621452,37.598977],[-83.621771,37.598997],[-83.621939,37.599018],[-83.621992,37.599032],[-83.622142,37.599094],[-83.622271,37.599177],[-83.622338,37.599248],[-83.622384,37.59933],[-83.622442,37.599555],[-83.622453,37.599658],[-83.622484,37.59975],[-83.622537,37.599834],[-83.622615,37.599911],[-83.6227299223301,37.6]]}},{"type":"Feature","properties":{"osm_id":399346763,"highway":"residential","name":"M Cann Road","alt_name":null,"official_name":null,"surface":"mud","tracktype":null,"service":null,"access":"no","motor_vehicle":null,"foot":null,"tiger_reviewed":null,"rrgh_part":0,"rrgh_tile_part":0},"geometry":{"type":"LineString","coordinates":[[-83.6059378,37.5655934],[-83.606382,37.5656519],[-83.606967,37.5656486],[-83.6073659,37.5655708],[-83.6075378,37.565527],[-83.6078794,37.5653924],[-83.6080758,37.5652773],[-83.6081822,37.5652206],[-83.6082783,37.5651914],[-83.6084051,37.565227],[-83.6085892,37.5652627],[-83.6087181,37.5651606],[-83.6092439,37.5649449],[-83.6095916,37.5649498],[-83.6097127,37.5649172],[-83.6097966,37.5648415],[-83.6099239,37.5646259],[-83.6100975,37.5645136],[-83.610381,37.5644929],[-83.611183,37.564624],[-83.612083,37.56546],[-83.612262,37.565749],[-83.611704,37.566138],[-83.611331,37.566619],[-83.611162,37.567673],[-83.610125,37.569113],[-83.609809,37.569411],[-83.609378,37.569617],[-83.608919,37.570052],[-83.60843,37.570693],[-83.608,37.571906],[-83.607857,37.573233],[-83.607887,37.574194],[-83.608261,37.575246],[-83.609067,37.576687],[-83.609613,37.577076],[-83.610217,37.577327]]}},{"type":"Feature","properties":{"osm_id":856113574,"highway":"residential","name":"Coal Branch Road","alt_name":null,"official_name":null,"surface":null,"tracktype":null,"service":null,"access":null,"motor_vehicle":null,"foot":null,"tiger_reviewed":"no","rrgh_part":0,"rrgh_tile_part":0},"geometry":{"type":"LineString","coordinates":[[-83.610217,37.577327],[-83.610189,37.577831],[-83.610333,37.57854],[-83.610218,37.578769],[-83.609586,37.579341],[-83.609213,37.57957],[-83.608839,37.57957],[-83.608063,37.579365],[-83.6072,37.578999],[-83.606595,37.578908],[-83.605704,37.578977],[-83.605014,37.57916],[-83.603749,37.57916],[-83.603232,37.579321],[-83.602916,37.579161],[-83.602686,37.578955],[-83.602426,37.578429],[-83.6025899,37.5780696],[-83.6023736,37.5775759],[-83.6010647,37.5771253],[-83.6003244,37.5762239],[-83.5997236,37.5753991],[-83.5995734,37.5749485],[-83.5996485,37.5737325],[-83.6009789,37.5704161],[-83.6016239,37.5674283],[-83.6015054,37.5661715],[-83.6014577,37.5658962],[-83.6014635,37.5657191],[-83.6015264,37.5656253],[-83.6016333,37.5655814],[-83.6018204,37.5655557],[-83.6023377,37.5655848],[-83.6023769,37.5655142],[-83.6024727,37.5654029],[-83.6025699,37.5653302],[-83.6027454,37.5652424],[-83.6029046,37.5652018],[-83.6031368,37.5651547],[-83.6033177,37.5651729],[-83.603674,37.5651921],[-83.603971,37.5652499],[-83.604222,37.5653034],[-83.6044785,37.5654019],[-83.6046971,37.5655131],[-83.6050113,37.5655946],[-83.6053721,37.5656506],[-83.605668,37.5656612],[-83.6059027,37.5656415],[-83.6059378,37.5655934],[-83.6059142,37.5655537],[-83.605865,37.5654948],[-83.6054463,37.5653674],[-83.6048681,37.5650378],[-83.6044938,37.5649056],[-83.6044346,37.564846],[-83.6043659,37.5647756],[-83.6041539,37.564667]]}},{"type":"Feature","properties":{"osm_id":16268712,"highway":"residential","name":null,"alt_name":null,"official_name":null,"surface":null,"tracktype":null,"service":null,"access":null,"motor_vehicle":null,"foot":null,"tiger_reviewed":"no","rrgh_part":0,"rrgh_tile_part":0},"geometry":{"type":"LineString","coordinates":[[-83.61188,37.580562],[-83.611979,37.58197],[-83.612284,37.583037],[-83.612221,37.583537],[-83.612045,37.583831],[-83.611201,37.584512],[-83.611167,37.584576]]}},{"type":"Feature","properties":{"osm_id":16270266,"highway":"residential","name":"Hawes Road","alt_name":null,"official_name":null,"surface":null,"tracktype":null,"service":null,"access":null,"motor_vehicle":null,"foot":null,"tiger_reviewed":"no","rrgh_part":0,"rrgh_tile_part":0},"geometry":{"type":"LineString","coordinates":[[-83.61294,37.579518],[-83.613052,37.57956],[-83.613351,37.579609],[-83.613537,37.579663],[-83.613699,37.579747],[-83.613853,37.579852],[-83.613943,37.579896],[-83.614039,37.579928],[-83.614211,37.579956],[-83.614453,37.57996],[-83.615028,37.579915],[-83.615759,37.579845],[-83.616081,37.579831],[-83.616679,37.579876],[-83.616861,37.579879],[-83.617088,37.579821],[-83.61812,37.579503],[-83.618422,37.579483],[-83.618708,37.579495],[-83.618958,37.579533],[-83.619191,37.579592],[-83.619388,37.579672],[-83.61949,37.579743],[-83.619625,37.579891],[-83.619692,37.579982],[-83.619798,37.580072],[-83.619892,37.580134],[-83.61995,37.580204],[-83.620323,37.581144],[-83.62049,37.581664],[-83.620538,37.581845],[-83.620587,37.581936],[-83.620671,37.582048],[-83.620758,37.582092],[-83.621041,37.582218],[-83.621326,37.582369],[-83.621615,37.582492],[-83.621779,37.582584],[-83.621841,37.582636],[-83.621982,37.582935],[-83.621997,37.58305],[-83.621985,37.583133],[-83.621919,37.583295],[-83.621871,37.583362],[-83.621637,37.583613],[-83.621609,37.583655],[-83.621601,37.583694],[-83.621608,37.583723]]}},{"type":"Feature","properties":{"osm_id":1086698377,"highway":"residential","name":"100 Allison Road","alt_name":null,"official_name":null,"surface":"unpaved","tracktype":null,"service":"driveway","access":"private","motor_vehicle":null,"foot":null,"tiger_reviewed":null,"rrgh_part":0,"rrgh_tile_part":0},"geometry":{"type":"LineString","coordinates":[[-83.6136889,37.5756078],[-83.6135867,37.575596],[-83.6134537,37.5755938],[-83.6133689,37.5756169],[-83.6133117,37.5756671],[-83.6132952,37.5757196],[-83.6132741,37.575896],[-83.6132549,37.5759717],[-83.6132237,37.5760522],[-83.6130076,37.5763443],[-83.6125145,37.5768496],[-83.6123995,37.5769545],[-83.6123194,37.5770082],[-83.6122453,37.5770317],[-83.6121638,37.5770422],[-83.6120581,37.5770318],[-83.611961,37.5770013],[-83.6118896,37.5769765],[-83.6118262,37.5769765],[-83.6117412,37.5770102],[-83.6116989,37.5771499]]}},{"type":"Feature","properties":{"osm_id":1086698378,"highway":"unclassified","name":"100 Allison Road","alt_name":null,"official_name":null,"surface":"unpaved","tracktype":null,"service":null,"access":"private","motor_vehicle":null,"foot":null,"tiger_reviewed":null,"rrgh_part":0,"rrgh_tile_part":0},"geometry":{"type":"LineString","coordinates":[[-83.6142516,37.5756726],[-83.6136889,37.5756078]]}},{"type":"Feature","properties":{"osm_id":16268888,"highway":"residential","name":null,"alt_name":null,"official_name":null,"surface":null,"tracktype":null,"service":null,"access":null,"motor_vehicle":null,"foot":null,"tiger_reviewed":"no","rrgh_part":0,"rrgh_tile_part":0},"geometry":{"type":"LineString","coordinates":[[-83.603232,37.579321],[-83.603187,37.580053],[-83.603175,37.580236]]}},{"type":"Feature","properties":{"osm_id":1370679729,"highway":"track","name":null,"alt_name":null,"official_name":null,"surface":null,"tracktype":null,"service":null,"access":null,"motor_vehicle":null,"foot":null,"tiger_reviewed":null,"rrgh_part":0,"rrgh_tile_part":0},"geometry":{"type":"LineString","coordinates":[[-83.59,37.55626046812431],[-83.5901257,37.5562925],[-83.5906858,37.5565051]]}},{"type":"Feature","properties":{"osm_id":16270261,"highway":"residential","name":"Cr-1123","alt_name":null,"official_name":null,"surface":null,"tracktype":null,"service":null,"access":null,"motor_vehicle":null,"foot":null,"tiger_reviewed":"no","rrgh_part":0,"rrgh_tile_part":0},"geometry":{"type":"LineString","coordinates":[[-83.591284,37.560206],[-83.591287,37.560236],[-83.591249,37.56029],[-83.591088,37.560413],[-83.590497,37.560809],[-83.59,37.561120580769234]]}},{"type":"Feature","properties":{"osm_id":16270261,"highway":"residential","name":"Cr-1123","alt_name":null,"official_name":null,"surface":null,"tracktype":null,"service":null,"access":null,"motor_vehicle":null,"foot":null,"tiger_reviewed":"no","rrgh_part":0,"rrgh_tile_part":1},"geometry":{"type":"LineString","coordinates":[[-83.59,37.56198223214286],[-83.590069,37.561981],[-83.590317,37.562014],[-83.590418,37.56201],[-83.590897,37.561943],[-83.59097,37.561915]]}},{"type":"Feature","properties":{"osm_id":1370679734,"highway":"residential","name":null,"alt_name":null,"official_name":null,"surface":null,"tracktype":null,"service":null,"access":null,"motor_vehicle":null,"foot":null,"tiger_reviewed":null,"rrgh_part":0,"rrgh_tile_part":0},"geometry":{"type":"LineString","coordinates":[[-83.594024,37.581524],[-83.5937841,37.5817469],[-83.5935429,37.5820401],[-83.593307,37.5824522],[-83.5929157,37.5829282],[-83.5928513,37.5830556],[-83.592728,37.5834083],[-83.5925297,37.583778],[-83.5924761,37.583965],[-83.5924546,37.5848191],[-83.5923689,37.5850273],[-83.5922777,37.5852355],[-83.5922348,37.585295],[-83.5922134,37.5853035],[-83.5921973,37.5853035],[-83.5921759,37.5852993],[-83.5921383,37.5852525],[-83.5920472,37.5850825],[-83.5919507,37.5849083]]}},{"type":"Feature","properties":{"osm_id":16269077,"highway":"residential","name":"Jewell Lane","alt_name":null,"official_name":null,"surface":null,"tracktype":null,"service":null,"access":null,"motor_vehicle":null,"foot":null,"tiger_reviewed":"no","rrgh_part":0,"rrgh_tile_part":0},"geometry":{"type":"LineString","coordinates":[[-83.609006,37.595032],[-83.609168,37.595014],[-83.60926,37.594958],[-83.609395,37.594837],[-83.60962,37.594599],[-83.609835,37.594404],[-83.609984,37.594284],[-83.610175,37.594155],[-83.610538,37.593961],[-83.61104,37.593715]]}},{"type":"Feature","properties":{"osm_id":109694592,"highway":"unclassified","name":"Harvie Hi Road","alt_name":null,"official_name":null,"surface":null,"tracktype":null,"service":null,"access":null,"motor_vehicle":null,"foot":null,"tiger_reviewed":"no","rrgh_part":0,"rrgh_tile_part":0},"geometry":{"type":"LineString","coordinates":[[-83.606562,37.587206],[-83.60668,37.587222],[-83.606893,37.58731],[-83.607159,37.587381],[-83.607272,37.58739],[-83.607475,37.587386],[-83.607587,37.587373],[-83.607702,37.587341],[-83.608135,37.58714],[-83.60841,37.58707],[-83.608612,37.587036],[-83.608906,37.587026],[-83.609067,37.587042],[-83.60929,37.587089],[-83.609581,37.587278],[-83.609795,37.587483],[-83.60986,37.587601],[-83.609861,37.587683],[-83.609847,37.587749],[-83.609819,37.587808],[-83.609818,37.587872],[-83.609846,37.587922],[-83.609933,37.587974],[-83.610001,37.587996],[-83.610078,37.588006],[-83.610306,37.587981],[-83.610388,37.588003],[-83.610462,37.58805],[-83.610646,37.588317],[-83.610758,37.588541],[-83.610825,37.588648],[-83.610876,37.588694],[-83.610938,37.588729],[-83.611356,37.589068],[-83.611529,37.589177],[-83.61171,37.58931],[-83.612116,37.589579],[-83.61256,37.589852],[-83.612931,37.590123],[-83.613057,37.59018],[-83.613149,37.590205],[-83.613326,37.59022],[-83.613506,37.590248],[-83.613742,37.590308],[-83.613951,37.590329],[-83.614464,37.590301],[-83.614993,37.590294],[-83.615096,37.590306],[-83.615308,37.590305],[-83.615523,37.590291],[-83.615828,37.590287],[-83.616952,37.590058],[-83.617037,37.590024],[-83.617267,37.589994],[-83.617408,37.589961],[-83.617495,37.589891],[-83.61753,37.589803],[-83.617505,37.589696],[-83.617351,37.589373],[-83.617169,37.589026],[-83.617096,37.588857],[-83.616846,37.588348],[-83.61658,37.587937],[-83.61632,37.587573],[-83.616234,37.587403],[-83.616194,37.587228],[-83.616185,37.587062],[-83.616205,37.586709],[-83.616236,37.586624],[-83.616231,37.586548]]}},{"type":"Feature","properties":{"osm_id":16269775,"highway":"residential","name":"Cr-1414","alt_name":null,"official_name":null,"surface":null,"tracktype":null,"service":null,"access":null,"motor_vehicle":null,"foot":null,"tiger_reviewed":"no","rrgh_part":0,"rrgh_tile_part":0},"geometry":{"type":"LineString","coordinates":[[-83.621863,37.591141],[-83.621848,37.59125],[-83.621656,37.591653],[-83.621485,37.591972],[-83.621474,37.592009],[-83.621479,37.592043],[-83.621518,37.592087],[-83.621566,37.592103],[-83.621632,37.592108],[-83.62198,37.592081],[-83.622133,37.591994],[-83.622198,37.591966],[-83.622283,37.591945],[-83.62238,37.591938],[-83.622477,37.591948],[-83.622706,37.592002],[-83.622937,37.592041],[-83.623064,37.592077],[-83.623181,37.592124],[-83.623274,37.592135]]}},{"type":"Feature","properties":{"osm_id":16269668,"highway":"residential","name":"Jewell Road","alt_name":null,"official_name":null,"surface":null,"tracktype":null,"service":null,"access":null,"motor_vehicle":null,"foot":null,"tiger_reviewed":"no","rrgh_part":0,"rrgh_tile_part":0},"geometry":{"type":"LineString","coordinates":[[-83.61104,37.593715],[-83.611192,37.593651],[-83.611352,37.593609]]}},{"type":"Feature","properties":{"osm_id":16269569,"highway":"residential","name":"Cricket Lane","alt_name":null,"official_name":null,"surface":null,"tracktype":null,"service":null,"access":null,"motor_vehicle":null,"foot":null,"tiger_reviewed":"no","rrgh_part":0,"rrgh_tile_part":0},"geometry":{"type":"LineString","coordinates":[[-83.597794,37.582932],[-83.597737,37.582998],[-83.597735,37.583068],[-83.597712,37.583249],[-83.5974022,37.5842193],[-83.597363,37.5843752],[-83.597375,37.584516],[-83.597376,37.584581],[-83.597405,37.584667],[-83.597428,37.584693],[-83.59749,37.584729],[-83.597512,37.584766]]}},{"type":"Feature","properties":{"osm_id":16269317,"highway":"residential","name":"King Road","alt_name":null,"official_name":null,"surface":null,"tracktype":null,"service":null,"access":null,"motor_vehicle":null,"foot":null,"tiger_reviewed":"no","rrgh_part":0,"rrgh_tile_part":0},"geometry":{"type":"LineString","coordinates":[[-83.611949,37.595494],[-83.612172,37.595548],[-83.612367,37.595635],[-83.612733,37.595775],[-83.612804,37.595822],[-83.613036,37.596038],[-83.613235,37.596205],[-83.61336,37.59629],[-83.613398,37.596301],[-83.61348,37.596307],[-83.613639,37.596283]]}},{"type":"Feature","properties":{"osm_id":16269778,"highway":"residential","name":"Davis Drive","alt_name":null,"official_name":null,"surface":null,"tracktype":null,"service":null,"access":null,"motor_vehicle":null,"foot":null,"tiger_reviewed":"no","rrgh_part":0,"rrgh_tile_part":0},"geometry":{"type":"LineString","coordinates":[[-83.608805,37.599752],[-83.608646,37.599777],[-83.608372,37.599861],[-83.607952,37.599938],[-83.607855,37.599936],[-83.607646,37.599889],[-83.607369,37.599876],[-83.607274,37.599865],[-83.607144,37.599834],[-83.606976,37.599821],[-83.606936,37.59987],[-83.606918,37.599923],[-83.60691,37.599987],[-83.60691136842105,37.6]]}},{"type":"Feature","properties":{"osm_id":1370679735,"highway":"residential","name":null,"alt_name":null,"official_name":null,"surface":null,"tracktype":null,"service":null,"access":null,"motor_vehicle":null,"foot":null,"tiger_reviewed":null,"rrgh_part":0,"rrgh_tile_part":0},"geometry":{"type":"LineString","coordinates":[[-83.5924546,37.5848191],[-83.5925136,37.5848916],[-83.5925565,37.5850999],[-83.5925726,37.5854739],[-83.5924707,37.5868126],[-83.5922456,37.5879005]]}},{"type":"Feature","properties":{"osm_id":16269567,"highway":"residential","name":"Cricket Lane","alt_name":null,"official_name":null,"surface":null,"tracktype":null,"service":null,"access":null,"motor_vehicle":null,"foot":null,"tiger_reviewed":"no","rrgh_part":0,"rrgh_tile_part":0},"geometry":{"type":"LineString","coordinates":[[-83.597512,37.584766],[-83.5974719,37.5849506],[-83.5972861,37.585477],[-83.5969231,37.5861622],[-83.596515,37.58662],[-83.596375,37.587045],[-83.595676,37.587748],[-83.595301,37.5883],[-83.595252,37.588718],[-83.595001,37.589161],[-83.593917,37.589972],[-83.593532,37.590609],[-83.5934,37.590879],[-83.593405,37.591216],[-83.592922,37.592038],[-83.592589,37.592287],[-83.591881,37.592502]]}}],"rrgh_tile":{"id":"r2c4","bounds":[37.525000000000006,-83.67500000000001,37.6,-83.59]}}
