{"type":"FeatureCollection","features":[{"type":"Feature","properties":{"osm_id":16269124,"highway":"residential","name":"Mill Branch School Road","alt_name":null,"official_name":null,"surface":null,"tracktype":null,"service":null,"access":null,"motor_vehicle":null,"foot":null,"tiger_reviewed":"no","rrgh_part":0,"rrgh_tile_part":0},"geometry":{"type":"LineString","coordinates":[[-83.59,37.54796600947867],[-83.589926,37.547912],[-83.5887,37.546856],[-83.588331,37.546562],[-83.588222,37.546465],[-83.587705,37.545933],[-83.587621,37.545825],[-83.587567,37.545723],[-83.587539,37.545631],[-83.587555,37.545528],[-83.587679,37.545156],[-83.587688,37.545067],[-83.587658,37.544978],[-83.587601,37.544894],[-83.587358,37.544629],[-83.58728,37.544521],[-83.586945,37.543923],[-83.586843,37.543773],[-83.586708,37.543614],[-83.586465,37.543397],[-83.586414,37.543332],[-83.586381,37.543261],[-83.58637,37.543227],[-83.586374,37.543161],[-83.58642,37.54298],[-83.586407,37.542863],[-83.58637,37.542799],[-83.586155,37.542523],[-83.586085,37.542345],[-83.586077,37.542161],[-83.586103,37.541723],[-83.586121,37.54166],[-83.586159,37.541599],[-83.586278,37.541501],[-83.586641,37.541285],[-83.586887,37.54117],[-83.587053,37.541102],[-83.587481,37.540953],[-83.587742,37.540871],[-83.588666,37.540612],[-83.589033,37.540474],[-83.589298,37.540324],[-83.589547,37.540164],[-83.589775,37.539966],[-83.589918,37.539881],[-83.59,37.53984028275862]]}},{"type":"Feature","properties":{"osm_id":16269124,"highway":"residential","name":"Mill Branch School Road","alt_name":null,"official_name":null,"surface":null,"tracktype":null,"service":null,"access":null,"motor_vehicle":null,"foot":null,"tiger_reviewed":"no","rrgh_part":0,"rrgh_tile_part":1},"geometry":{"type":"LineString","coordinates":[[-83.59,37.53404827158273],[-83.589837,37.533661],[-83.589506,37.532953],[-83.589457,37.532797],[-83.589401,37.532566],[-83.589283,37.532301],[-83.589149,37.531911],[-83.589005,37.531571],[-83.588775,37.531112],[-83.588704,37.530983],[-83.588642,37.530892],[-83.588427,37.530632],[-83.588216,37.530461],[-83.58805,37.530353],[-83.587871,37.530252],[-83.586921,37.529759],[-83.586736,37.52969],[-83.586566,37.529652],[-83.586223,37.529608],[-83.585758,37.529578],[-83.585567,37.529582],[-83.585371,37.529601],[-83.585077,37.52967],[-83.584762,37.529719],[-83.584427,37.529725],[-83.58433,37.529717],[-83.584242,37.529698],[-83.584167,37.529664],[-83.584044,37.529563],[-83.584013,37.529492],[-83.583783,37.529157],[-83.583275,37.5286],[-83.583111,37.528397],[-83.583035,37.528246],[-83.58296,37.527921],[-83.582816,37.527562],[-83.582731,37.527452],[-83.58259,37.527316],[-83.582507,37.527141],[-83.582478,37.527112],[-83.58244,37.527092],[-83.582348,37.527076],[-83.582254,37.527094],[-83.582202,37.527117],[-83.582123,37.527182],[-83.581985,37.527359],[-83.581846,37.52762]]}},{"type":"Feature","properties":{"osm_id":16269779,"highway":"residential","name":"Mill Br School Road","alt_name":null,"official_name":null,"surface":null,"tracktype":null,"service":null,"access":null,"motor_vehicle":null,"foot":null,"tiger_reviewed":"no","rrgh_part":0,"rrgh_tile_part":0},"geometry":{"type":"LineString","coordinates":[[-83.59,37.55470740465394],[-83.5899447,37.554864],[-83.5899925,37.5549426],[-83.59,37.55494549400102]]}},{"type":"Feature","properties":{"osm_id":1370679729,"highway":"track","name":null,"alt_name":null,"official_name":null,"surface":null,"tracktype":null,"service":null,"access":null,"motor_vehicle":null,"foot":null,"tiger_reviewed":null,"rrgh_part":0,"rrgh_tile_part":0},"geometry":{"type":"LineString","coordinates":[[-83.5852631,37.5576939],[-83.5852652,37.5575999],[-83.585339,37.557559],[-83.5854388,37.557565],[-83.5855033,37.5576271],[-83.5854752,37.5578439],[-83.5854598,37.558008],[-83.5855561,37.5580955],[-83.5858243,37.5583379],[-83.5864196,37.5586483],[-83.5866288,37.5588694],[-83.5867307,37.5589417],[-83.5868058,37.5589715],[-83.5868701,37.55898],[-83.5869935,37.5589587],[-83.5871812,37.5588822],[-83.5873582,37.5587716],[-83.5875137,37.5586526],[-83.5875942,37.5585675],[-83.5876585,37.5584527],[-83.5876693,37.5582146],[-83.5877014,37.5580913],[-83.5878248,37.5578574],[-83.588463,37.5569729],[-83.5886561,37.5567348],[-83.5889404,37.5564414],[-83.5891174,37.5563308],[-83.5893426,37.5562245],[-83.5895196,37.5561777],[-83.5896752,37.5561777],[-83.59,37.55626046812431]]}},{"type":"Feature","properties":{"osm_id":16270261,"highway":"residential","name":"Cr-1123","alt_name":null,"official_name":null,"surface":null,"tracktype":null,"service":null,"access":null,"motor_vehicle":null,"foot":null,"tiger_reviewed":"no","rrgh_part":0,"rrgh_tile_part":0},"geometry":{"type":"LineString","coordinates":[[-83.59,37.561120580769234],[-83.589977,37.561135],[-83.589584,37.561408],[-83.589545,37.5614561],[-83.58933,37.561721],[-83.589302,37.561787],[-83.5893257,37.5618712],[-83.589486,37.562024],[-83.589559,37.562064],[-83.589627,37.562069],[-83.5897,37.562055],[-83.589882,37.561995],[-83.589957,37.561983],[-83.59,37.56198223214286]]}},{"type":"Feature","properties":{"osm_id":16269123,"highway":"residential","name":"Mill Branch School Road","alt_name":null,"official_name":null,"surface":null,"tracktype":null,"service":null,"access":null,"motor_vehicle":null,"foot":null,"tiger_reviewed":"no","rrgh_part":0,"rrgh_tile_part":0},"geometry":{"type":"LineString","coordinates":[[-83.581846,37.52762],[-83.582093,37.527888],[-83.582172,37.52801],[-83.582312,37.528368],[-83.5824,37.52869],[-83.582458,37.528811],[-83.582543,37.528928],[-83.582727,37.529077],[-83.582843,37.529187],[-83.582936,37.529311],[-83.58301,37.529442],[-83.583072,37.529576],[-83.583107,37.529704],[-83.583116,37.529893],[-83.583091,37.530013],[-83.583059,37.53007],[-83.582966,37.53019],[-83.582844,37.530315],[-83.58229,37.530692],[-83.581463,37.531226],[-83.581356,37.531291],[-83.581072,37.531463],[-83.580793,37.53162],[-83.58067,37.5317],[-83.580508,37.531767],[-83.580132,37.531845],[-83.5801,37.531865],[-83.580078,37.531965],[-83.580067,37.532094],[-83.579932,37.532288],[-83.579391,37.532864],[-83.579147,37.533153],[-83.578566,37.533992],[-83.578469,37.534092],[-83.578293,37.534216],[-83.57822,37.534314],[-83.577985,37.534929],[-83.577879,37.535441],[-83.57786,37.535617],[-83.577858,37.535778],[-83.577844,37.53585],[-83.577817,37.535916],[-83.5777,37.536089],[-83.57761,37.5362],[-83.577344,37.53643],[-83.577239,37.536563],[-83.57717,37.536712],[-83.577104,37.537016],[-83.57708,37.537083],[-83.577044,37.537143],[-83.576945,37.537259],[-83.576634,37.537538],[-83.576496,37.537647],[-83.575908,37.538059],[-83.57579,37.53816],[-83.575745,37.538217],[-83.575717,37.538277],[-83.575708,37.538335],[-83.57572,37.53839],[-83.57575,37.538439],[-83.575977,37.53865],[-83.576051,37.538743],[-83.576065,37.538796],[-83.576054,37.538853],[-83.575977,37.538972],[-83.575799,37.53916],[-83.575603,37.539324],[-83.575454,37.539406],[-83.575225,37.539483],[-83.575092,37.53956],[-83.574838,37.539777],[-83.574537,37.540001],[-83.573957,37.540468],[-83.57378,37.540622],[-83.573653,37.540711],[-83.573446,37.540837],[-83.573249,37.54097],[-83.572775,37.541205],[-83.572155,37.541603],[-83.571897,37.541795],[-83.571347,37.542057],[-83.571279,37.542104],[-83.571136,37.542251],[-83.570762,37.542704],[-83.570611,37.542858],[-83.570502,37.542931],[-83.570335,37.543083],[-83.570039,37.543405],[-83.569857,37.543536],[-83.569727,37.543608],[-83.569551,37.543726],[-83.569487,37.543773],[-83.569329,37.543917],[-83.569074,37.544103],[-83.568714,37.544355],[-83.568329,37.544552],[-83.568263,37.544597],[-83.568062,37.544791],[-83.567734,37.545017],[-83.567656,37.545062],[-83.567411,37.545175],[-83.567115,37.545337],[-83.566546,37.545657],[-83.565993,37.545994],[-83.565844,37.546073],[-83.565479,37.546239],[-83.565181,37.54635],[-83.564696,37.546556],[-83.564542,37.546587],[-83.564467,37.546584],[-83.564323,37.546549],[-83.564198,37.546488],[-83.564046,37.546359],[-83.563841,37.546115],[-83.56375,37.54598],[-83.5636921,37.5458721]]}},{"type":"Feature","properties":{"osm_id":16270276,"highway":"residential","name":"Walk Log Branch Road","alt_name":null,"official_name":null,"surface":null,"tracktype":null,"service":null,"access":null,"motor_vehicle":null,"foot":null,"tiger_reviewed":"no","rrgh_part":0,"rrgh_tile_part":0},"geometry":{"type":"LineString","coordinates":[[-83.586909,37.531041],[-83.586249,37.530976],[-83.586076,37.530971],[-83.585925,37.53099],[-83.585421,37.531087],[-83.58522,37.53118],[-83.585097,37.531214],[-83.585023,37.531247],[-83.584991,37.531275],[-83.584814,37.531517],[-83.584432,37.531624],[-83.584164,37.531653],[-83.583644,37.53178],[-83.583536,37.53182],[-83.583332,37.531921],[-83.582398,37.532295],[-83.582237,37.532377],[-83.581705,37.532699],[-83.581456,37.532829],[-83.581243,37.532987],[-83.581014,37.533098],[-83.580853,37.533213],[-83.580783,37.533278],[-83.580731,37.533349],[-83.580691,37.533427],[-83.580656,37.533603],[-83.580653,37.534186],[-83.580632,37.534663],[-83.580644,37.534842],[-83.580697,37.53526],[-83.580699,37.535341],[-83.580673,37.535503],[-83.580506,37.535988],[-83.580318,37.536723],[-83.580248,37.536907],[-83.580097,37.537211],[-83.580047,37.537349],[-83.580036,37.537421],[-83.580029,37.537772],[-83.579873,37.538594],[-83.579765,37.539007],[-83.579564,37.53951],[-83.5794,37.540022],[-83.579213,37.540747],[-83.578941,37.541565],[-83.578728,37.542023],[-83.578422,37.542489],[-83.578174,37.542779],[-83.577282,37.543416],[-83.57697,37.54363],[-83.576647,37.543816],[-83.576427,37.543917],[-83.57566,37.544238],[-83.575162,37.544521],[-83.575065,37.544624],[-83.574753,37.545054],[-83.574431,37.545436],[-83.574384,37.545519],[-83.574239,37.545787],[-83.573917,37.546334],[-83.57378,37.546494],[-83.57363,37.546623],[-83.57339,37.546779],[-83.572926,37.547032],[-83.572867,37.547086],[-83.572822,37.547153],[-83.572796,37.547229],[-83.572741,37.547556],[-83.572716,37.547636],[-83.57265,37.547782],[-83.572538,37.547967],[-83.572375,37.548285],[-83.572219,37.548448],[-83.572081,37.548618],[-83.571998,37.548937],[-83.571735,37.549843],[-83.571672,37.550117],[-83.571572,37.550475],[-83.571367,37.550867],[-83.571235,37.551011],[-83.570882,37.551342],[-83.570775,37.551478],[-83.570696,37.55162],[-83.570618,37.551842],[-83.570481,37.552143],[-83.570329,37.552364],[-83.570154,37.552589],[-83.569955,37.552884],[-83.569892,37.553029],[-83.569871,37.553172],[-83.569891,37.5533],[-83.569941,37.553464],[-83.569947,37.553514],[-83.569935,37.55356],[-83.569908,37.553597],[-83.569869,37.553624],[-83.569822,37.55364],[-83.569768,37.553646],[-83.569647,37.553619],[-83.569262,37.553505],[-83.569092,37.553488],[-83.568868,37.553517],[-83.568795,37.553538],[-83.568683,37.553586],[-83.568588,37.553648],[-83.568521,37.553671],[-83.568471,37.553672],[-83.568262,37.553645],[-83.568102,37.553645],[-83.567894,37.553667],[-83.567634,37.553712],[-83.567346,37.553729],[-83.566781,37.553721],[-83.566456,37.553672],[-83.566234,37.553621],[-83.566091,37.553602],[-83.565887,37.553605]]}},{"type":"Feature","properties":{"osm_id":16269225,"highway":"residential","name":"Cr-1136","alt_name":null,"official_name":null,"surface":null,"tracktype":null,"service":null,"access":null,"motor_vehicle":null,"foot":null,"tiger_reviewed":"no","rrgh_part":0,"rrgh_tile_part":0},"geometry":{"type":"LineString","coordinates":[[-83.57740580000001,37.525000000000006],[-83.577431,37.525056],[-83.57752,37.525169],[-83.577666,37.525287],[-83.577948,37.525434],[-83.57809,37.525562],[-83.578215,37.525784],[-83.578296,37.526006],[-83.578355,37.526122],[-83.578553,37.52637],[-83.578632,37.526461],[-83.578857,37.526657],[-83.579031,37.526762],[-83.579163,37.526817],[-83.579308,37.526853],[-83.579631,37.52686],[-83.579791,37.526883],[-83.580166,37.527017],[-83.580459,37.527098],[-83.58058,37.527123],[-83.58078,37.527186],[-83.58091,37.527192],[-83.581187,37.527173],[-83.581351,37.527183],[-83.581501,37.52726],[-83.581629,37.52735],[-83.581689,37.527413],[-83.581788,37.527555],[-83.581846,37.52762]]}},{"type":"Feature","properties":{"osm_id":16270020,"highway":"residential","name":"Brad Lane","alt_name":null,"official_name":null,"surface":null,"tracktype":null,"service":null,"access":null,"motor_vehicle":null,"foot":null,"tiger_reviewed":"no","rrgh_part":0,"rrgh_tile_part":0},"geometry":{"type":"LineString","coordinates":[[-83.582575,37.538524],[-83.582682,37.538511],[-83.582793,37.538481],[-83.582865,37.538435],[-83.582911,37.538368],[-83.583033,37.537993],[-83.583108,37.537838],[-83.583178,37.53773],[-83.583213,37.537668],[-83.583395,37.53745],[-83.583569,37.537294],[-83.583702,37.537203],[-83.583968,37.537084],[-83.584563,37.536898],[-83.5846,37.536873],[-83.584646,37.536827],[-83.584753,37.536504],[-83.584793,37.536472],[-83.584999,37.536363],[-83.585213,37.536148],[-83.585333,37.536092],[-83.585529,37.53606],[-83.585566,37.536032],[-83.585571,37.535992],[-83.585545,37.535947],[-83.585478,37.535881],[-83.58532,37.535782],[-83.584927,37.535629],[-83.584814,37.535596],[-83.584763,37.535572],[-83.584713,37.535533],[-83.584678,37.535483],[-83.58465,37.535408],[-83.584659,37.535315],[-83.584652,37.535267],[-83.584577,37.535134],[-83.584169,37.53466],[-83.58405,37.534551],[-83.583837,37.534418],[-83.583704,37.534371],[-83.583272,37.534252],[-83.583045,37.534202],[-83.582974,37.53417],[-83.58291,37.534132],[-83.582857,37.534088],[-83.582735,37.533925],[-83.582615,37.533834],[-83.582536,37.533796],[-83.582255,37.533606],[-83.582124,37.533491],[-83.581686,37.533059],[-83.581638,37.533024],[-83.581531,37.532977],[-83.581474,37.532964],[-83.581357,37.532961],[-83.581243,37.532987]]}},{"type":"Feature","properties":{"osm_id":16268489,"highway":"residential","name":null,"alt_name":null,"official_name":null,"surface":null,"tracktype":null,"service":null,"access":null,"motor_vehicle":null,"foot":null,"tiger_reviewed":"no","rrgh_part":0,"rrgh_tile_part":0},"geometry":{"type":"LineString","coordinates":[[-83.575092,37.53956],[-83.574759,37.539459],[-83.574204,37.53932],[-83.573756,37.539249],[-83.573416,37.539239],[-83.57282,37.53934],[-83.572061,37.539487],[-83.571687,37.539423],[-83.571201,37.539191],[-83.570695,37.538982],[-83.570311,37.538781],[-83.57021,37.538596],[-83.570209,37.538499]]}},{"type":"Feature","properties":{"osm_id":16269052,"highway":"residential","name":"North Angel Road","alt_name":null,"official_name":null,"surface":null,"tracktype":null,"service":null,"access":null,"motor_vehicle":null,"foot":null,"tiger_reviewed":"no","rrgh_part":0,"rrgh_tile_part":0},"geometry":{"type":"LineString","coordinates":[[-83.573917,37.546334],[-83.574096,37.546449],[-83.574206,37.546506],[-83.574479,37.546581],[-83.574616,37.54664],[-83.574824,37.546772],[-83.574885,37.546821],[-83.574915,37.546864]]}},{"type":"Feature","properties":{"osm_id":16269715,"highway":"residential","name":"R Cress Road","alt_name":null,"official_name":null,"surface":null,"tracktype":null,"service":null,"access":null,"motor_vehicle":null,"foot":null,"tiger_reviewed":"no","rrgh_part":0,"rrgh_tile_part":0},"geometry":{"type":"LineString","coordinates":[[-83.576643,37.544449],[-83.576799,37.544458]]}},{"type":"Feature","properties":{"osm_id":16270143,"highway":"residential","name":"Newman Cemetery","alt_name":null,"official_name":null,"surface":null,"tracktype":null,"service":null,"access":null,"motor_vehicle":null,"foot":null,"tiger_reviewed":"no","rrgh_part":0,"rrgh_tile_part":0},"geometry":{"type":"LineString","coordinates":[[-83.574096,37.546449],[-83.574169,37.546566],[-83.574422,37.546755],[-83.574467,37.546813],[-83.574488,37.546875],[-83.574487,37.546935],[-83.574447,37.547019],[-83.574216,37.547272]]}},{"type":"Feature","properties":{"osm_id":16270440,"highway":"residential","name":"Chris Road","alt_name":null,"official_name":null,"surface":null,"tracktype":null,"service":null,"access":null,"motor_vehicle":null,"foot":null,"tiger_reviewed":"no","rrgh_part":0,"rrgh_tile_part":0},"geometry":{"type":"LineString","coordinates":[[-83.574384,37.545519],[-83.57457,37.545419],[-83.574751,37.545347],[-83.574916,37.545302],[-83.57524,37.545242],[-83.57532,37.545234],[-83.575408,37.545203],[-83.575469,37.545173],[-83.575901,37.544799],[-83.576046,37.544687],[-83.576141,37.544624],[-83.576262,37.544567],[-83.576427,37.544503],[-83.576575,37.544458],[-83.576643,37.544449],[-83.576695,37.544402],[-83.576775,37.544363],[-83.576874,37.544333],[-83.577046,37.544331],[-83.577117,37.544363],[-83.577172,37.544404],[-83.577201,37.544455],[-83.577202,37.544671],[-83.577212,37.54474],[-83.577233,37.544789],[-83.577288,37.544843],[-83.577398,37.544886],[-83.577599,37.544928]]}},{"type":"Feature","properties":{"osm_id":16112494,"highway":"residential","name":"Bryants Creek Road","alt_name":null,"official_name":null,"surface":null,"tracktype":null,"service":null,"access":null,"motor_vehicle":null,"foot":null,"tiger_reviewed":"no","rrgh_part":0,"rrgh_tile_part":0},"geometry":{"type":"LineString","coordinates":[[-83.53162978350517,37.525000000000006],[-83.531905,37.525142],[-83.531984,37.52519],[-83.532056,37.525246],[-83.532127,37.525309],[-83.532192,37.525376],[-83.532262,37.52544],[-83.532332,37.525497],[-83.5324,37.525546],[-83.532468,37.525587],[-83.532549,37.525625],[-83.532626,37.525653],[-83.532709,37.525673],[-83.532888,37.525709],[-83.533076,37.525742],[-83.533175,37.525755],[-83.533279,37.525763],[-83.533388,37.525765],[-83.533501,37.525762],[-83.533608,37.525748],[-83.533833,37.52574],[-83.534046,37.525721],[-83.534156,37.525716],[-83.534376,37.525689],[-83.534487,37.52568],[-83.534597,37.52568],[-83.534982,37.525696],[-83.535398,37.525699],[-83.535481,37.525695],[-83.53556,37.525687],[-83.535634,37.525674],[-83.535704,37.525653],[-83.535844,37.525598],[-83.535913,37.525565],[-83.536052,37.525487],[-83.536131,37.525451],[-83.536212,37.525429],[-83.536294,37.525423],[-83.536373,37.525435],[-83.536445,37.525461],[-83.536509,37.525501],[-83.536668,37.525653],[-83.536725,37.525695],[-83.53679,37.525726],[-83.536858,37.525746],[-83.536931,37.525756],[-83.537009,37.525756],[-83.53718,37.525748],[-83.537274,37.525749],[-83.537475,37.525762],[-83.53758,37.525773],[-83.538227,37.525863],[-83.538326,37.525881],[-83.538421,37.525905],[-83.538512,37.525935],[-83.538594,37.52597],[-83.538671,37.526008],[-83.538807,37.52609],[-83.538919,37.526181],[-83.53897,37.52623],[-83.539016,37.526282],[-83.539051,37.526334],[-83.539073,37.526384],[-83.539077,37.526434],[-83.539063,37.526484],[-83.539029,37.526533],[-83.538978,37.526578],[-83.53871,37.526742],[-83.53866,37.526787],[-83.538622,37.526837],[-83.538602,37.526892],[-83.5386,37.526948],[-83.53861,37.527002],[-83.538634,37.527054],[-83.538669,37.527107],[-83.538713,37.527162],[-83.538819,37.52728],[-83.538871,37.527344],[-83.538918,37.527413],[-83.53896,37.527485],[-83.539032,37.527632],[-83.539064,37.527709],[-83.539104,37.527783],[-83.539162,37.527849],[-83.539217,37.527919],[-83.539256,37.52799],[-83.539267,37.528063],[-83.539254,37.528132],[-83.539221,37.528196],[-83.539179,37.52826],[-83.538954,37.528506],[-83.538825,37.528628],[-83.538748,37.528678],[-83.53856,37.528861],[-83.53849,37.528921],[-83.538321,37.529037],[-83.538132,37.529148],[-83.538009,37.529185],[-83.537895,37.529226],[-83.537726,37.529351],[-83.537623,37.529399],[-83.537412,37.529568],[-83.537367,37.52961],[-83.537313,37.529646],[-83.537245,37.529683],[-83.537178,37.529728],[-83.537113,37.529781],[-83.53705,37.52984],[-83.536818,37.530102],[-83.536745,37.530153],[-83.536665,37.530195],[-83.536526,37.530242],[-83.536487,37.530252],[-83.536412,37.530277],[-83.53634,37.530314],[-83.536271,37.530356],[-83.536205,37.530401],[-83.536147,37.530453],[-83.536092,37.530511],[-83.535997,37.530639],[-83.535941,37.530702],[-83.535858,37.530757],[-83.5358,37.530822],[-83.535748,37.530887],[-83.535676,37.531033],[-83.53562,37.531171],[-83.535588,37.53123],[-83.53555,37.53136],[-83.535472,37.531567],[-83.535428,37.5317],[-83.535415,37.531825],[-83.535419,37.531959],[-83.535424,37.532035],[-83.53546,37.532237],[-83.535481,37.532294],[-83.535506,37.532349],[-83.535538,37.532398],[-83.535575,37.532436],[-83.535598,37.532455],[-83.53565,37.532484],[-83.535782,37.532537],[-83.535954,37.532624],[-83.536131,37.532702],[-83.536212,37.532734],[-83.536413,37.532801],[-83.536729,37.532893],[-83.536896,37.532953],[-83.537647,37.533166],[-83.537724,37.533185],[-83.54048,37.533709],[-83.540933,37.533825],[-83.541037,37.533847],[-83.541354,37.533892],[-83.541468,37.533918],[-83.541705,37.533934],[-83.541814,37.533949],[-83.542107,37.533977],[-83.542204,37.533991],[-83.542489,37.53405],[-83.542757,37.534119],[-83.542945,37.534175],[-83.543036,37.534207],[-83.543115,37.534237],[-83.543416,37.534406],[-83.543501,37.534432],[-83.543599,37.534469],[-83.543695,37.534501],[-83.54408,37.534603],[-83.544165,37.53463],[-83.544248,37.534663],[-83.544331,37.534685],[-83.54452,37.534726],[-83.544714,37.534779],[-83.5448,37.534805],[-83.544884,37.53484],[-83.544971,37.534867],[-83.545064,37.534887],[-83.545156,37.534898],[-83.545239,37.534901],[-83.545319,37.534914],[-83.545391,37.534931],[-83.545509,37.534981],[-83.545679,37.53501],[-83.545798,37.535026],[-83.545937,37.53504],[-83.546011,37.535037],[-83.546151,37.535022],[-83.546217,37.535025],[-83.546283,37.53504],[-83.546347,37.535066],[-83.546408,37.535096],[-83.546475,37.535121],[-83.546549,37.535138],[-83.546718,37.535159],[-83.546809,37.535163],[-83.546979,37.53516],[-83.547137,37.535139],[-83.547293,37.535111],[-83.547378,37.535099],[-83.547466,37.535093],[-83.547647,37.53509],[-83.547738,37.535084],[-83.54793,37.535065],[-83.548125,37.53504],[-83.548206,37.535026],[-83.548286,37.535002],[-83.548365,37.534969],[-83.548445,37.534931],[-83.548528,37.534899],[-83.548609,37.534873],[-83.548694,37.534861],[-83.54878,37.534858],[-83.549045,37.534881],[-83.54922,37.534891],[-83.54962,37.534894],[-83.549837,37.534902],[-83.550363,37.534961],[-83.550557,37.534987],[-83.551252,37.535061],[-83.551447,37.535092],[-83.551728,37.535123],[-83.551821,37.535136],[-83.551912,37.535157],[-83.552,37.535182],[-83.552177,37.535248],[-83.55227,37.535277],[-83.552366,37.535299],[-83.554389,37.536297],[-83.554455,37.536326],[-83.55452,37.53635],[-83.554585,37.536365],[-83.554649,37.536359],[-83.554715,37.536341],[-83.554926,37.536253],[-83.554994,37.536222],[-83.555119,37.536158],[-83.555186,37.536147],[-83.555239,37.536153],[-83.555291,37.536136],[-83.555379,37.536046],[-83.555422,37.535993],[-83.55546,37.535936],[-83.555565,37.535756],[-83.555653,37.535622],[-83.555921,37.535325],[-83.556153,37.535112],[-83.556194,37.535066],[-83.556244,37.535026],[-83.556286,37.534987],[-83.556352,37.534943],[-83.556384,37.534935],[-83.556424,37.534951],[-83.556442,37.534968],[-83.556456,37.53499],[-83.556469,37.535026],[-83.556476,37.53507],[-83.556481,37.535178],[-83.556481,37.535244],[-83.556476,37.535315],[-83.55645,37.535434],[-83.556432,37.535476],[-83.556344,37.535608],[-83.556328,37.535659],[-83.556329,37.535716],[-83.556342,37.535771],[-83.556365,37.53583],[-83.556419,37.535946],[-83.556444,37.535988],[-83.556484,37.53602],[-83.556532,37.536038],[-83.556585,37.53605],[-83.556696,37.536064],[-83.556836,37.536093],[-83.556902,37.536112],[-83.557072,37.536171],[-83.557112,37.536181],[-83.557231,37.536251],[-83.557413,37.53635],[-83.557492,37.536402],[-83.557565,37.536444],[-83.557634,37.536501],[-83.55789,37.536744],[-83.557963,37.536807],[-83.558041,37.536866],[-83.5583,37.537032],[-83.558713,37.537278],[-83.55886,37.537369],[-83.558928,37.537413],[-83.558987,37.537456],[-83.559038,37.5375],[-83.559079,37.537543],[-83.559227,37.537725],[-83.55939,37.537906],[-83.55944,37.537973],[-83.559483,37.538044],[-83.559518,37.538111],[-83.559561,37.538176],[-83.559614,37.538242],[-83.559678,37.538306],[-83.559751,37.538371],[-83.56009,37.538635],[-83.560171,37.538706],[-83.560244,37.538779],[-83.560303,37.538853],[-83.560414,37.539011],[-83.560533,37.539166],[-83.560595,37.539239],[-83.56072,37.539376],[-83.560783,37.539443],[-83.560854,37.539512],[-83.560929,37.539579],[-83.561012,37.539643],[-83.561104,37.539699],[-83.561196,37.539748],[-83.561285,37.539789],[-83.561371,37.53982],[-83.561454,37.539837],[-83.56153,37.539845],[-83.561596,37.539857],[-83.561658,37.53988],[-83.561716,37.539916],[-83.561756,37.539972],[-83.56183,37.540098],[-83.561874,37.540163],[-83.561925,37.540227],[-83.561985,37.540288],[-83.562052,37.540346],[-83.562274,37.540501],[-83.562349,37.540547],[-83.562429,37.540612],[-83.562553,37.540723],[-83.562647,37.540847],[-83.562712,37.540897],[-83.56279,37.540937],[-83.562851,37.540989],[-83.562984,37.54108],[-83.563044,37.541136],[-83.563095,37.541195],[-83.563134,37.541263],[-83.563222,37.541455],[-83.563321,37.541634],[-83.563354,37.54169],[-83.563429,37.541787],[-83.563454,37.541837],[-83.563503,37.541953],[-83.563516,37.542013],[-83.563522,37.542084],[-83.563543,37.542225],[-83.563581,37.542387],[-83.563596,37.542467],[-83.563606,37.542551],[-83.563615,37.542725],[-83.563623,37.542812],[-83.56365,37.542984],[-83.563659,37.543164],[-83.563655,37.543246],[-83.563644,37.543314],[-83.563644,37.543377],[-83.563656,37.543431],[-83.563663,37.543485],[-83.563668,37.543614],[-83.563659,37.543725],[-83.563659,37.543779],[-83.563667,37.543832],[-83.563682,37.543883],[-83.563702,37.543937],[-83.563755,37.544054],[-83.56377,37.544119],[-83.563774,37.544184],[-83.5637591,37.5442836]]}},{"type":"Feature","properties":{"osm_id":16114709,"highway":"residential","name":"Hugh Bryant Cemetery Road","alt_name":null,"official_name":null,"surface":null,"tracktype":null,"service":null,"access":null,"motor_vehicle":null,"foot":null,"tiger_reviewed":"no","rrgh_part":0,"rrgh_tile_part":0},"geometry":{"type":"LineString","coordinates":[[-83.553725,37.529767],[-83.553642,37.529855],[-83.553712,37.529832],[-83.55391,37.529752],[-83.554023,37.529712],[-83.554222,37.529661],[-83.554409,37.529608],[-83.554512,37.529585],[-83.554565,37.529569],[-83.554698,37.529517],[-83.554722,37.529484],[-83.554733,37.529453],[-83.554727,37.529418],[-83.554716,37.529385],[-83.554702,37.529357],[-83.554672,37.52933],[-83.5546283,37.5293055],[-83.554584,37.529289],[-83.554525,37.529279],[-83.554409,37.529252],[-83.554071,37.529207],[-83.554015,37.529204],[-83.553964,37.529207],[-83.553916,37.52922],[-83.553874,37.529242],[-83.553843,37.529275],[-83.553824,37.529312],[-83.553797,37.529576],[-83.55378,37.529624],[-83.553769,37.529683],[-83.553725,37.529767]]}},{"type":"Feature","properties":{"osm_id":16105766,"highway":"residential","name":null,"alt_name":null,"official_name":null,"surface":null,"tracktype":null,"service":null,"access":null,"motor_vehicle":null,"foot":null,"tiger_reviewed":"no","rrgh_part":0,"rrgh_tile_part":0},"geometry":{"type":"LineString","coordinates":[[-83.553642,37.529855],[-83.553622,37.529861],[-83.553413,37.529938],[-83.553358,37.529953],[-83.553311,37.529976],[-83.553187,37.53001],[-83.553075,37.530056],[-83.553026,37.530085],[-83.552982,37.530115],[-83.552944,37.530146],[-83.552877,37.530213],[-83.55285,37.53025],[-83.552816,37.530287],[-83.55274,37.530413],[-83.552724,37.530453],[-83.552717,37.530529],[-83.55272,37.530567],[-83.552685,37.531033],[-83.552715,37.531283],[-83.552717,37.531469],[-83.552705,37.531515],[-83.552688,37.531554],[-83.552667,37.531591],[-83.552658,37.531632],[-83.552656,37.531669],[-83.55266,37.531749],[-83.552671,37.531836],[-83.552694,37.531927],[-83.552697,37.531973],[-83.552673,37.532215],[-83.55267,37.532326],[-83.552654,37.532459],[-83.552651,37.532513],[-83.552643,37.532565],[-83.552637,37.532584],[-83.552627,37.532597],[-83.552617,37.532605],[-83.552585,37.532607],[-83.552547,37.532601],[-83.552529,37.53259],[-83.552508,37.53257],[-83.552481,37.532534],[-83.552406,37.532398],[-83.552338,37.532295],[-83.55229,37.532239],[-83.55226,37.532214],[-83.552225,37.532191],[-83.552154,37.532132],[-83.551981,37.53197],[-83.55186,37.531862],[-83.551768,37.531804],[-83.551722,37.531785],[-83.551676,37.531772],[-83.551453,37.531731],[-83.551381,37.531712],[-83.551248,37.531648],[-83.550981,37.531562],[-83.550919,37.531549],[-83.550858,37.531543],[-83.550799,37.531543],[-83.550722,37.531545],[-83.550582,37.53157],[-83.550415,37.531612],[-83.550152,37.531714],[-83.549982,37.531797],[-83.549865,37.531864],[-83.549755,37.531945],[-83.549653,37.532035],[-83.549562,37.532138],[-83.549436,37.532246],[-83.549293,37.532358],[-83.549208,37.532436],[-83.549161,37.532483],[-83.549053,37.532606],[-83.549031,37.532636],[-83.549004,37.532706],[-83.548974,37.532871],[-83.548965,37.532966],[-83.548848,37.533812],[-83.548823,37.533901],[-83.548489,37.534436],[-83.548422,37.53459],[-83.548416,37.534619],[-83.548375,37.534744],[-83.548331,37.534859],[-83.548315,37.534892],[-83.548272,37.534948],[-83.548245,37.534973],[-83.548192,37.535013],[-83.548166,37.535026],[-83.548125,37.53504]]}},{"type":"Feature","properties":{"osm_id":16108293,"highway":"residential","name":"Morton Jett Cemetery Road","alt_name":null,"official_name":null,"surface":null,"tracktype":null,"service":null,"access":null,"motor_vehicle":null,"foot":null,"tiger_reviewed":"no","rrgh_part":0,"rrgh_tile_part":0},"geometry":{"type":"LineString","coordinates":[[-83.545255,37.536782],[-83.545353,37.536802],[-83.545406,37.536798],[-83.545455,37.536782],[-83.545496,37.536746],[-83.545577,37.536691],[-83.545654,37.536657],[-83.545696,37.536642],[-83.545814,37.536607],[-83.545968,37.536567],[-83.545996,37.536565],[-83.546021,37.536571],[-83.546039,37.536582],[-83.546052,37.536598],[-83.546056,37.536617],[-83.54604,37.536699],[-83.546042,37.536735],[-83.546057,37.536771],[-83.54608,37.536809],[-83.546114,37.536837],[-83.546155,37.536864],[-83.546197,37.536889],[-83.546244,37.536912],[-83.546397,37.537011],[-83.546559,37.537087],[-83.5466,37.537113],[-83.546676,37.537177],[-83.546708,37.537208],[-83.546735,37.537242],[-83.546778,37.537316],[-83.546812,37.53742],[-83.546836,37.537478],[-83.546863,37.537564],[-83.546879,37.537644],[-83.54688,37.537903],[-83.546893,37.538071],[-83.546921,37.538221],[-83.54694,37.538295],[-83.546997,37.538469],[-83.547009,37.538521],[-83.547035,37.538662],[-83.547041,37.538759],[-83.547031,37.538842],[-83.547015,37.538913],[-83.546999,37.53895],[-83.546982,37.538979],[-83.546959,37.539003],[-83.546934,37.539021],[-83.546875,37.53905],[-83.54686,37.539065],[-83.546855,37.539076],[-83.546839,37.539162],[-83.54681,37.539463]]}},{"type":"Feature","properties":{"osm_id":16107014,"highway":"residential","name":null,"alt_name":null,"official_name":null,"surface":null,"tracktype":null,"service":null,"access":null,"motor_vehicle":null,"foot":null,"tiger_reviewed":"no","rrgh_part":0,"rrgh_tile_part":0},"geometry":{"type":"LineString","coordinates":[[-83.561984,37.547821],[-83.562081,37.547918],[-83.562118,37.547964],[-83.562152,37.548016],[-83.562275,37.548241],[-83.5624987,37.5486203]]}},{"type":"Feature","properties":{"osm_id":1227076023,"highway":"residential","name":null,"alt_name":null,"official_name":null,"surface":null,"tracktype":null,"service":null,"access":null,"motor_vehicle":null,"foot":null,"tiger_reviewed":null,"rrgh_part":0,"rrgh_tile_part":0},"geometry":{"type":"LineString","coordinates":[[-83.5637591,37.5442836],[-83.5637307,37.5444384],[-83.5637205,37.5446587],[-83.5636867,37.5448412],[-83.5636815,37.5450172],[-83.5637072,37.5451736],[-83.5637927,37.5453905],[-83.5637811,37.5455043],[-83.5636765,37.5455739],[-83.5636389,37.5456427],[-83.5636251,37.5457232],[-83.5636515,37.5458001],[-83.5636921,37.5458721]]}},{"type":"Feature","properties":{"osm_id":16269016,"highway":"residential","name":"Cr-1159","alt_name":null,"official_name":null,"surface":null,"tracktype":null,"service":null,"access":null,"motor_vehicle":null,"foot":null,"tiger_reviewed":"no","rrgh_part":0,"rrgh_tile_part":0},"geometry":{"type":"LineString","coordinates":[[-83.5624987,37.5486203],[-83.562781,37.549049],[-83.5630379,37.5493999],[-83.563183,37.549598]]}},{"type":"Feature","properties":{"osm_id":16269639,"highway":"residential","name":"Lower Twin Road","alt_name":null,"official_name":null,"surface":null,"tracktype":null,"service":null,"access":null,"motor_vehicle":null,"foot":null,"tiger_reviewed":"no","rrgh_part":0,"rrgh_tile_part":0},"geometry":{"type":"LineString","coordinates":[[-83.565287,37.553298],[-83.565217,37.553389],[-83.565144,37.553397],[-83.565071,37.553435],[-83.564925,37.553601],[-83.564731,37.553928],[-83.564599,37.554209],[-83.564502,37.554455],[-83.564387,37.554697],[-83.563461,37.556364],[-83.563379,37.556539],[-83.563324,37.556822],[-83.563223,37.55799],[-83.563276,37.558296],[-83.563409,37.558658],[-83.563431,37.558772],[-83.563421,37.558911],[-83.563363,37.559019],[-83.563122,37.559357],[-83.562688,37.560013],[-83.562558,37.560293],[-83.562222,37.560899],[-83.562124,37.56111],[-83.562074,37.561309],[-83.562054,37.561607],[-83.562012,37.561693],[-83.561945,37.561768],[-83.561834,37.561859],[-83.561748,37.561907],[-83.561654,37.561945],[-83.561552,37.561972],[-83.561448,37.561987],[-83.561247,37.561986],[-83.561152,37.561979],[-83.561057,37.561961]]}},{"type":"Feature","properties":{"osm_id":16268235,"highway":"residential","name":"Highlands Road","alt_name":null,"official_name":null,"surface":null,"tracktype":null,"service":null,"access":null,"motor_vehicle":null,"foot":null,"tiger_reviewed":"no","rrgh_part":0,"rrgh_tile_part":0},"geometry":{"type":"LineString","coordinates":[[-83.563183,37.549598],[-83.5632621,37.5496863],[-83.5633285,37.5497807],[-83.5633457,37.5498286],[-83.5632824,37.5498714]]}},{"type":"Feature","properties":{"osm_id":16268985,"highway":"residential","name":"McIntosh Cemetery Road","alt_name":null,"official_name":null,"surface":null,"tracktype":null,"service":null,"access":null,"motor_vehicle":null,"foot":null,"tiger_reviewed":"no","rrgh_part":0,"rrgh_tile_part":0},"geometry":{"type":"LineString","coordinates":[[-83.563894,37.552183],[-83.563749,37.552273],[-83.563645,37.552366],[-83.563542,37.552439],[-83.563317,37.552668],[-83.563224,37.552791],[-83.563194,37.552862]]}},{"type":"Feature","properties":{"osm_id":16270322,"highway":"residential","name":"Cr-1178","alt_name":null,"official_name":null,"surface":null,"tracktype":null,"service":null,"access":null,"motor_vehicle":null,"foot":null,"tiger_reviewed":"no","rrgh_part":0,"rrgh_tile_part":0},"geometry":{"type":"LineString","coordinates":[[-83.564309,37.550676],[-83.564073,37.550505],[-83.563567,37.550028],[-83.5635028,37.5499618],[-83.5633457,37.5498286]]}},{"type":"Feature","properties":{"osm_id":425348944,"highway":"residential","name":"Highlands Road","alt_name":null,"official_name":null,"surface":null,"tracktype":null,"service":null,"access":null,"motor_vehicle":null,"foot":null,"tiger_reviewed":"no","rrgh_part":0,"rrgh_tile_part":0},"geometry":{"type":"LineString","coordinates":[[-83.5632824,37.5498714],[-83.563215,37.549916]]}},{"type":"Feature","properties":{"osm_id":425348945,"highway":"residential","name":"Highlands Road","alt_name":null,"official_name":null,"surface":null,"tracktype":null,"service":null,"access":null,"motor_vehicle":null,"foot":null,"tiger_reviewed":"no","rrgh_part":0,"rrgh_tile_part":0},"geometry":{"type":"LineString","coordinates":[[-83.563215,37.549916],[-83.563128,37.550022],[-83.563058,37.550085]]}},{"type":"Feature","properties":{"osm_id":16104350,"highway":"residential","name":null,"alt_name":null,"official_name":null,"surface":null,"tracktype":null,"service":null,"access":null,"motor_vehicle":null,"foot":null,"tiger_reviewed":"no","rrgh_part":0,"rrgh_tile_part":0},"geometry":{"type":"LineString","coordinates":[[-83.555363,37.548801],[-83.555304,37.548752],[-83.55507,37.548599],[-83.555011,37.548557],[-83.554952,37.54851],[-83.554897,37.548454],[-83.554853,37.548391],[-83.554827,37.548326],[-83.554819,37.548263],[-83.554817,37.548205],[-83.554822,37.548147],[-83.554835,37.548089],[-83.554902,37.547932],[-83.554908,37.547885],[-83.554903,37.547836],[-83.554881,37.547784],[-83.554777,37.547643],[-83.554675,37.547529],[-83.554636,37.547491],[-83.554591,37.547456],[-83.55454,37.547425],[-83.554484,37.547402],[-83.554424,37.547388],[-83.554359,37.547383],[-83.554288,37.547387],[-83.554212,37.547398],[-83.553974,37.547455],[-83.553816,37.547498],[-83.553669,37.547547],[-83.553595,37.547576],[-83.553277,37.547713],[-83.552984,37.547848],[-83.552513,37.548074],[-83.552345,37.548167],[-83.552272,37.548213],[-83.552158,37.548293],[-83.552093,37.548327],[-83.552056,37.548337],[-83.552003,37.548341],[-83.55192,37.548327],[-83.551878,37.548316],[-83.551761,37.548276],[-83.551717,37.548255],[-83.551668,37.548227],[-83.551619,37.54819],[-83.551574,37.548146],[-83.551539,37.548094],[-83.551517,37.548035],[-83.551506,37.547968],[-83.551504,37.547831],[-83.551492,37.547699],[-83.551474,37.547645],[-83.551444,37.547607],[-83.551408,37.547588],[-83.55137,37.547586],[-83.551334,37.547599],[-83.551302,37.547621],[-83.551174,37.547745],[-83.551029,37.547874],[-83.550966,37.547923],[-83.550906,37.547963],[-83.550847,37.547995]]}},{"type":"Feature","properties":{"osm_id":16117475,"highway":"residential","name":"Tolar Road","alt_name":null,"official_name":null,"surface":null,"tracktype":null,"service":null,"access":null,"motor_vehicle":null,"foot":null,"tiger_reviewed":"no","rrgh_part":0,"rrgh_tile_part":0},"geometry":{"type":"LineString","coordinates":[[-83.554369,37.550921],[-83.554326,37.550972],[-83.554259,37.551094],[-83.554241,37.551141],[-83.554228,37.551194],[-83.554225,37.551253],[-83.554231,37.551315],[-83.554265,37.551514],[-83.554267,37.551573],[-83.55426,37.55162],[-83.55424,37.551655],[-83.554205,37.551689],[-83.554162,37.551715],[-83.554106,37.551734],[-83.554043,37.551745],[-83.553983,37.55175],[-83.553863,37.551753],[-83.553674,37.551753],[-83.553375,37.55174],[-83.553302,37.551741],[-83.553181,37.551737],[-83.552969,37.551715],[-83.552719,37.551674],[-83.552666,37.551668],[-83.552375,37.551643],[-83.552276,37.551629],[-83.552171,37.551627],[-83.552069,37.551634],[-83.551766,37.551685],[-83.551473,37.551713],[-83.551408,37.551722],[-83.551309,37.551742],[-83.551263,37.551757],[-83.551186,37.551775],[-83.55116,37.55178],[-83.551116,37.551781]]}},{"type":"Feature","properties":{"osm_id":856113573,"highway":"residential","name":"Upper Fork Road","alt_name":null,"official_name":null,"surface":null,"tracktype":null,"service":null,"access":null,"motor_vehicle":null,"foot":null,"tiger_reviewed":"no","rrgh_part":0,"rrgh_tile_part":0},"geometry":{"type":"LineString","coordinates":[[-83.5464321,37.5488115],[-83.5464294,37.5489323],[-83.546382,37.5491786]]}},{"type":"Feature","properties":{"osm_id":16104825,"highway":"residential","name":null,"alt_name":null,"official_name":null,"surface":null,"tracktype":null,"service":null,"access":null,"motor_vehicle":null,"foot":null,"tiger_reviewed":"no","rrgh_part":0,"rrgh_tile_part":0},"geometry":{"type":"LineString","coordinates":[[-83.55424,37.551655],[-83.554267,37.551711],[-83.554302,37.551767],[-83.554351,37.551833],[-83.554458,37.55195],[-83.554511,37.552019],[-83.55454,37.552064],[-83.554576,37.552133],[-83.554593,37.552185],[-83.554614,37.552287],[-83.554617,37.552324],[-83.554611,37.552395],[-83.554598,37.552428],[-83.554579,37.552443],[-83.554555,37.552451],[-83.554524,37.552449],[-83.554501,37.552441],[-83.554472,37.552425],[-83.554373,37.552358]]}},{"type":"Feature","properties":{"osm_id":16107166,"highway":"residential","name":"Seldon Jett Road","alt_name":null,"official_name":null,"surface":null,"tracktype":null,"service":null,"access":null,"motor_vehicle":null,"foot":null,"tiger_reviewed":"no","rrgh_part":0,"rrgh_tile_part":0},"geometry":{"type":"LineString","coordinates":[[-83.533002,37.552093],[-83.532594,37.552476],[-83.532495,37.552551],[-83.532409,37.55261],[-83.53236,37.552642],[-83.532195,37.552739],[-83.532055,37.552814],[-83.531825,37.552923],[-83.531508,37.5531],[-83.53133,37.553185],[-83.531141,37.553245],[-83.531051,37.553268],[-83.530963,37.553286],[-83.530878,37.553302],[-83.530425,37.553368],[-83.530361,37.553371],[-83.530298,37.553366],[-83.530235,37.553353],[-83.530171,37.553332],[-83.530095,37.553297],[-83.529947,37.553239],[-83.529868,37.553212],[-83.5297,37.553169],[-83.529611,37.553141],[-83.529344,37.553045],[-83.52919,37.552983],[-83.529123,37.552953],[-83.529067,37.552921],[-83.52902,37.552886],[-83.528988,37.552848],[-83.528956,37.552781],[-83.528933,37.552749],[-83.528899,37.552712],[-83.528862,37.552683],[-83.528814,37.552656],[-83.528753,37.552634],[-83.52868,37.552622],[-83.528598,37.552621],[-83.528509,37.552626],[-83.528415,37.552638],[-83.528322,37.552657],[-83.528143,37.5527],[-83.528051,37.552714],[-83.527854,37.552729],[-83.527755,37.552744],[-83.52757,37.552785],[-83.527483,37.552799],[-83.527398,37.552822],[-83.527311,37.552855],[-83.527226,37.552896],[-83.527066,37.552984],[-83.526991,37.553031],[-83.526846,37.553128],[-83.526627,37.553262],[-83.526569,37.553304],[-83.526522,37.553347],[-83.526484,37.553393],[-83.526356,37.5536],[-83.52632,37.553646],[-83.52628,37.553687],[-83.52624,37.553722],[-83.526198,37.553746],[-83.526139,37.553765]]}},{"type":"Feature","properties":{"osm_id":16109849,"highway":"residential","name":"Tk Crawford Lane","alt_name":null,"official_name":null,"surface":null,"tracktype":null,"service":null,"access":null,"motor_vehicle":null,"foot":null,"tiger_reviewed":"no","rrgh_part":0,"rrgh_tile_part":0},"geometry":{"type":"LineString","coordinates":[[-83.533928,37.553128],[-83.534036,37.553183],[-83.534141,37.55322],[-83.534324,37.553256],[-83.534583,37.553292],[-83.534658,37.553306],[-83.534721,37.553325],[-83.534777,37.55335],[-83.534826,37.55338],[-83.534915,37.553449],[-83.535051,37.553574],[-83.535138,37.553673],[-83.535176,37.553724],[-83.535207,37.553778],[-83.535233,37.553836],[-83.535296,37.553948],[-83.535414,37.554124],[-83.5376908,37.5579641]]}},{"type":"Feature","properties":{"osm_id":16115557,"highway":"residential","name":"Kelly Noble Senior Cemetery Road","alt_name":null,"official_name":null,"surface":null,"tracktype":null,"service":null,"access":null,"motor_vehicle":null,"foot":null,"tiger_reviewed":"no","rrgh_part":0,"rrgh_tile_part":0},"geometry":{"type":"LineString","coordinates":[[-83.542227,37.548752],[-83.542093,37.548961],[-83.541997,37.54912],[-83.540649,37.5506407]]}},{"type":"Feature","properties":{"osm_id":16116935,"highway":"residential","name":"Burcham Fork Road","alt_name":null,"official_name":null,"surface":null,"tracktype":null,"service":null,"access":null,"motor_vehicle":null,"foot":null,"tiger_reviewed":"no","rrgh_part":0,"rrgh_tile_part":0},"geometry":{"type":"LineString","coordinates":[[-83.529276,37.549621],[-83.529388,37.549544],[-83.529421,37.549529],[-83.529459,37.549516],[-83.529495,37.549509],[-83.529542,37.549508],[-83.52963,37.549511],[-83.529681,37.549518],[-83.529731,37.549529],[-83.529836,37.549561],[-83.529923,37.549595],[-83.529961,37.549615],[-83.530018,37.549648],[-83.530075,37.549686],[-83.530432,37.54997],[-83.530549,37.550069],[-83.530805,37.550227],[-83.531148,37.55042],[-83.531216,37.550462],[-83.531508,37.550665],[-83.531802,37.550861],[-83.532247,37.551177],[-83.532354,37.551258],[-83.532408,37.551292],[-83.532526,37.551344],[-83.532682,37.551386],[-83.532723,37.5514],[-83.53276,37.551418],[-83.532794,37.551447],[-83.532818,37.551486],[-83.5328346,37.5515216],[-83.532894,37.551705],[-83.532911,37.551785],[-83.53292,37.551864],[-83.532947,37.551966],[-83.532973,37.552034],[-83.533002,37.552093]]}},{"type":"Feature","properties":{"osm_id":16107158,"highway":"residential","name":"Seldon Jett Road","alt_name":null,"official_name":null,"surface":null,"tracktype":null,"service":null,"access":null,"motor_vehicle":null,"foot":null,"tiger_reviewed":"no","rrgh_part":0,"rrgh_tile_part":0},"geometry":{"type":"LineString","coordinates":[[-83.533928,37.553128],[-83.533729,37.55302],[-83.533598,37.552943],[-83.53346,37.552845],[-83.533394,37.552792],[-83.533333,37.552738],[-83.533278,37.552684],[-83.533191,37.552591],[-83.53314,37.552529],[-83.533115,37.552485],[-83.53309,37.552425],[-83.533063,37.552332],[-83.533037,37.552209],[-83.533002,37.552093]]}},{"type":"Feature","properties":{"osm_id":16117327,"highway":"residential","name":"Thomas Crawford Cemetery Road","alt_name":null,"official_name":null,"surface":null,"tracktype":null,"service":null,"access":null,"motor_vehicle":null,"foot":null,"tiger_reviewed":"no","rrgh_part":0,"rrgh_tile_part":0},"geometry":{"type":"LineString","coordinates":[[-83.534512,37.550452],[-83.534507,37.550467],[-83.534503,37.550528],[-83.534488,37.550576],[-83.534474,37.550601],[-83.534454,37.550623],[-83.534428,37.550644],[-83.534393,37.550664],[-83.534258,37.550727],[-83.534012,37.550851],[-83.533744,37.550969],[-83.533603,37.551035],[-83.533551,37.551051],[-83.533496,37.551063],[-83.533332,37.55108],[-83.533218,37.551095],[-83.532908,37.551116],[-83.532824,37.551139],[-83.532796,37.551178],[-83.532785,37.551208],[-83.53278,37.551242],[-83.532784,37.551276],[-83.532816,37.551416],[-83.5328346,37.5515216]]}},{"type":"Feature","properties":{"osm_id":16112556,"highway":"residential","name":"Brewer Family Cemetery Road","alt_name":null,"official_name":null,"surface":null,"tracktype":null,"service":null,"access":null,"motor_vehicle":null,"foot":null,"tiger_reviewed":"no","rrgh_part":0,"rrgh_tile_part":0},"geometry":{"type":"LineString","coordinates":[[-83.530449,37.5552],[-83.530798,37.555165],[-83.53089,37.555151],[-83.530908,37.555146],[-83.530923,37.555138],[-83.530932,37.555124],[-83.530934,37.555106],[-83.530918,37.555027]]}},{"type":"Feature","properties":{"osm_id":16114516,"highway":"residential","name":"Bowman Fork Road","alt_name":null,"official_name":null,"surface":null,"tracktype":null,"service":null,"access":null,"motor_vehicle":null,"foot":null,"tiger_reviewed":"no","rrgh_part":0,"rrgh_tile_part":0},"geometry":{"type":"LineString","coordinates":[[-83.511684,37.553205],[-83.511944,37.553223],[-83.512105,37.553246],[-83.512298,37.553283],[-83.512398,37.553305],[-83.512489,37.553337],[-83.512716,37.553402],[-83.512961,37.553465],[-83.513059,37.553493],[-83.513398,37.553579],[-83.513649,37.553653],[-83.513907,37.553724],[-83.515721,37.554187],[-83.516109,37.554302],[-83.51619,37.554319],[-83.516267,37.554321],[-83.5163354,37.5542977],[-83.516397,37.554263],[-83.516443,37.554207],[-83.516595,37.553993],[-83.516778,37.553754],[-83.5168773,37.5536411],[-83.5169351,37.5535242],[-83.5169898,37.5534401],[-83.5170633,37.5532786],[-83.5171008,37.5531853],[-83.5171352,37.5531164],[-83.517153,37.553046],[-83.517248,37.552902],[-83.517402,37.552689],[-83.517454,37.552622],[-83.517499,37.55255],[-83.517527,37.552487],[-83.517563,37.55238],[-83.517586,37.552231],[-83.517601,37.552164],[-83.517624,37.552092],[-83.517661,37.552025],[-83.517695,37.551941],[-83.517723,37.551783],[-83.517768,37.551332],[-83.517756,37.551175],[-83.517723,37.551017],[-83.517677,37.550754],[-83.517653,37.550547],[-83.517651,37.550352],[-83.517677,37.550158],[-83.517677,37.550114],[-83.517641,37.549918],[-83.517619,37.549845],[-83.517536,37.549693],[-83.517446,37.549539],[-83.517416,37.549464],[-83.5174,37.54939],[-83.51739,37.549264],[-83.517377,37.549198],[-83.517356,37.549133],[-83.517352,37.549074],[-83.517357,37.549019],[-83.517389,37.548924],[-83.517426,37.548858],[-83.517441,37.548818],[-83.517449,37.548777],[-83.517451,37.548728],[-83.51744,37.548676],[-83.517416,37.548623],[-83.517344,37.548515],[-83.517204,37.548349],[-83.517104,37.548216],[-83.516953,37.547999],[-83.516892,37.547879],[-83.516848,37.547748],[-83.516836,37.547676],[-83.516818,37.547304],[-83.516766,37.546886],[-83.516745,37.546826],[-83.51655,37.54644],[-83.516524,37.546379],[-83.51641,37.545979],[-83.51638,37.545886],[-83.516333,37.545782],[-83.516267,37.545668],[-83.516184,37.545542],[-83.51611,37.54541],[-83.516072,37.545311],[-83.516042,37.545199],[-83.516019,37.545031],[-83.516012,37.544881],[-83.516014,37.544691],[-83.516012,37.544637],[-83.516004,37.544577],[-83.515959,37.544393],[-83.515938,37.544336],[-83.515928,37.54428],[-83.515924,37.54415],[-83.515917,37.544089],[-83.515887,37.543956],[-83.515842,37.543726],[-83.515841,37.543702],[-83.515821,37.543587],[-83.515789,37.543457],[-83.515755,37.543376],[-83.515652,37.543206],[-83.515621,37.543113],[-83.515601,37.542981],[-83.515594,37.542825],[-83.51561,37.542687],[-83.515637,37.542541],[-83.515682,37.542386],[-83.515758,37.542181],[-83.515791,37.542072],[-83.515798,37.541989],[-83.515795,37.541955],[-83.515777,37.54192],[-83.515731,37.541891],[-83.515702,37.541867],[-83.515682,37.541831],[-83.515671,37.541782],[-83.51569,37.541686],[-83.51571,37.541638],[-83.515734,37.541523],[-83.515739,37.541388],[-83.515753,37.541323],[-83.515774,37.541262],[-83.515802,37.541202],[-83.515864,37.541095],[-83.515885,37.541042],[-83.515893,37.54099],[-83.515887,37.540938],[-83.515866,37.540877],[-83.515857,37.540811],[-83.515862,37.540737],[-83.515902,37.540544]]}},{"type":"Feature","properties":{"osm_id":16106592,"highway":"residential","name":null,"alt_name":null,"official_name":null,"surface":null,"tracktype":null,"service":null,"access":null,"motor_vehicle":null,"foot":null,"tiger_reviewed":"no","rrgh_part":0,"rrgh_tile_part":0},"geometry":{"type":"LineString","coordinates":[[-83.510525,37.551923],[-83.510644,37.551909],[-83.510774,37.551886],[-83.511055,37.551843],[-83.511472,37.551798],[-83.511539,37.551794],[-83.511706,37.551803],[-83.511896,37.551823],[-83.512212,37.55188],[-83.512469,37.551937],[-83.512731,37.551988],[-83.512828,37.552015],[-83.512864,37.552029],[-83.512907,37.552055]]}},{"type":"Feature","properties":{"osm_id":16112369,"highway":"residential","name":"Keen Fork Road","alt_name":null,"official_name":null,"surface":null,"tracktype":null,"service":null,"access":null,"motor_vehicle":null,"foot":null,"tiger_reviewed":"no","rrgh_part":0,"rrgh_tile_part":0},"geometry":{"type":"LineString","coordinates":[[-83.51534,37.554645],[-83.515257,37.554688],[-83.515205,37.554705],[-83.515156,37.554709],[-83.515094,37.554705],[-83.51487,37.554679],[-83.514573,37.554652],[-83.51401,37.554628],[-83.513913,37.554637],[-83.513845,37.55465],[-83.513775,37.554678],[-83.513705,37.554713],[-83.513641,37.55476],[-83.513589,37.554816],[-83.51355,37.554879],[-83.513493,37.555015],[-83.513454,37.555085],[-83.513411,37.555156],[-83.513231,37.555428],[-83.513151,37.555558],[-83.513109,37.555619],[-83.51306,37.555674],[-83.513002,37.555721],[-83.512936,37.555761],[-83.512737,37.555858],[-83.512623,37.55592],[-83.512545,37.555974],[-83.51232,37.556145],[-83.512245,37.556206],[-83.512175,37.556275],[-83.512019,37.556402],[-83.511937,37.556463],[-83.511535,37.556735],[-83.511384,37.556829],[-83.511306,37.556871],[-83.511225,37.55691],[-83.510844,37.55707],[-83.510512,37.557217],[-83.510235,37.557352],[-83.510163,37.55738],[-83.510014,37.557423],[-83.50986,37.557452],[-83.509706,37.557486],[-83.509632,37.557508],[-83.509342,37.557617],[-83.509268,37.55764],[-83.509191,37.557659],[-83.509114,37.557672],[-83.50904,37.55768],[-83.508819,37.557686],[-83.508681,37.557701],[-83.508618,37.557714],[-83.508555,37.557731],[-83.508278,37.557837],[-83.508227,37.557851],[-83.508177,37.557861],[-83.508028,37.557886],[-83.507978,37.5579],[-83.507878,37.557943],[-83.507727,37.558022],[-83.507622,37.558068],[-83.507515,37.558099],[-83.507256,37.558146],[-83.50715,37.558167],[-83.507098,37.558181],[-83.507008,37.558221],[-83.506927,37.558278],[-83.506847,37.558346]]}},{"type":"Feature","properties":{"osm_id":16105685,"highway":"residential","name":null,"alt_name":null,"official_name":null,"surface":null,"tracktype":null,"service":null,"access":null,"motor_vehicle":null,"foot":null,"tiger_reviewed":"no","rrgh_part":0,"rrgh_tile_part":0},"geometry":{"type":"LineString","coordinates":[[-83.5163354,37.5542977],[-83.5162605,37.5544727],[-83.5160603,37.5548557]]}},{"type":"Feature","properties":{"osm_id":16105576,"highway":"residential","name":null,"alt_name":null,"official_name":null,"surface":null,"tracktype":null,"service":null,"access":null,"motor_vehicle":null,"foot":null,"tiger_reviewed":"no","rrgh_part":0,"rrgh_tile_part":0},"geometry":{"type":"LineString","coordinates":[[-83.5100926,37.5515121],[-83.5098842,37.5516887],[-83.509601,37.5518319],[-83.509473,37.551886],[-83.5093206,37.5518727],[-83.5089716,37.5517548]]}},{"type":"Feature","properties":{"osm_id":16269259,"highway":"residential","name":"Goose Creek Road","alt_name":null,"official_name":null,"surface":null,"tracktype":null,"service":null,"access":null,"motor_vehicle":null,"foot":null,"tiger_reviewed":"no","rrgh_part":0,"rrgh_tile_part":0},"geometry":{"type":"LineString","coordinates":[[-83.578073,37.559257],[-83.578319,37.559356],[-83.578587,37.559479],[-83.578876,37.559644],[-83.579288,37.559911],[-83.579672,37.560131],[-83.5799,37.560292],[-83.580031,37.560412],[-83.580534,37.560968],[-83.580802,37.561187],[-83.580867,37.561227],[-83.581053,37.561376],[-83.581428,37.561699],[-83.581555,37.56179],[-83.581749,37.561905],[-83.582188,37.562125],[-83.582414,37.562224],[-83.582655,37.562322],[-83.58408,37.562809],[-83.584436,37.562909],[-83.584866,37.562999],[-83.585005,37.563062],[-83.585119,37.563149],[-83.585168,37.563199],[-83.58532,37.563431],[-83.585407,37.563644],[-83.58547,37.563966],[-83.585471,37.564046],[-83.585439,37.564286],[-83.585396,37.564445],[-83.585262,37.564758],[-83.585178,37.565066],[-83.585152,37.565204],[-83.585102,37.565794],[-83.585064,37.565991],[-83.584973,37.566178],[-83.584785,37.566477],[-83.584666,37.5668],[-83.58459,37.566957],[-83.584364,37.567269],[-83.584113,37.567654],[-83.583982,37.567875],[-83.58388,37.568128],[-83.583773,37.568536],[-83.583694,37.568757],[-83.583386,37.56944],[-83.583176,37.569942],[-83.583071,37.570195],[-83.582965,37.570392],[-83.582876,37.570521],[-83.582768,37.570644],[-83.582647,37.570764],[-83.58251,37.570869],[-83.582205,37.571056],[-83.581657,37.571351],[-83.581349,37.571537],[-83.581109,37.571703],[-83.580623,37.572062],[-83.58046,37.57217],[-83.580292,37.572256],[-83.580203,37.572292],[-83.579837,37.572403],[-83.579668,37.572473],[-83.579519,37.572569],[-83.579317,37.572716],[-83.579232,37.572791],[-83.57914,37.572908],[-83.579041,37.57314],[-83.578987,37.573339],[-83.578942,37.573611],[-83.578875,37.57383],[-83.578846,37.573908],[-83.578573,37.574441],[-83.578495,37.574682],[-83.578462,37.574905],[-83.578447,37.575139],[-83.578452,37.575542],[-83.578437,37.57577],[-83.578409,37.575909],[-83.578327,37.57615]]}},{"type":"Feature","properties":{"osm_id":16270290,"highway":"residential","name":"Canyon Falls Road","alt_name":null,"official_name":null,"surface":null,"tracktype":null,"service":null,"access":null,"motor_vehicle":null,"foot":null,"tiger_reviewed":"no","rrgh_part":0,"rrgh_tile_part":0},"geometry":{"type":"LineString","coordinates":[[-83.5782898,37.5589486],[-83.5782401,37.5589969]]}},{"type":"Feature","properties":{"osm_id":425348916,"highway":"residential","name":"Canyon Falls Road","alt_name":null,"official_name":null,"surface":null,"tracktype":null,"service":null,"access":null,"motor_vehicle":null,"foot":null,"tiger_reviewed":null,"rrgh_part":0,"rrgh_tile_part":0},"geometry":{"type":"LineString","coordinates":[[-83.5782401,37.5589969],[-83.5781136,37.559193]]}},{"type":"Feature","properties":{"osm_id":425348920,"highway":"residential","name":"Canyon Falls Road","alt_name":null,"official_name":null,"surface":null,"tracktype":null,"service":null,"access":null,"motor_vehicle":null,"foot":null,"tiger_reviewed":"no","rrgh_part":0,"rrgh_tile_part":0},"geometry":{"type":"LineString","coordinates":[[-83.5781136,37.559193],[-83.578073,37.559257]]}},{"type":"Feature","properties":{"osm_id":16268937,"highway":"residential","name":"T Johnson Hollow","alt_name":null,"official_name":null,"surface":null,"tracktype":null,"service":null,"access":null,"motor_vehicle":null,"foot":null,"tiger_reviewed":"no","rrgh_part":0,"rrgh_tile_part":0},"geometry":{"type":"LineString","coordinates":[[-83.582414,37.562224],[-83.582285,37.562274],[-83.582204,37.562283],[-83.581935,37.562269],[-83.581763,37.562278],[-83.581519,37.562363],[-83.581443,37.562403],[-83.581297,37.562512],[-83.581155,37.562666],[-83.581034,37.562866],[-83.580962,37.562925],[-83.580876,37.562952],[-83.580672,37.562966],[-83.580435,37.563018],[-83.580285,37.563098],[-83.580215,37.563166],[-83.58007,37.56345],[-83.579905,37.563628],[-83.579819,37.563757],[-83.57951,37.564448],[-83.579482,37.564561],[-83.579431,37.565176],[-83.579376,37.565427],[-83.579218,37.56587],[-83.5788,37.566874],[-83.578446,37.5676],[-83.57834,37.567794],[-83.578276,37.567948],[-83.578195,37.568091],[-83.578084,37.568225],[-83.577997,37.5683],[-83.577869,37.568391]]}},{"type":"Feature","properties":{"osm_id":16269202,"highway":"residential","name":"Grassy Creek Road","alt_name":null,"official_name":null,"surface":null,"tracktype":null,"service":null,"access":null,"motor_vehicle":null,"foot":null,"tiger_reviewed":"no","rrgh_part":0,"rrgh_tile_part":0},"geometry":{"type":"LineString","coordinates":[[-83.578073,37.559257],[-83.577657,37.55909],[-83.577422,37.558962],[-83.577321,37.558919],[-83.577216,37.558896],[-83.577114,37.558899],[-83.577017,37.558931],[-83.576972,37.558955],[-83.576884,37.559019],[-83.576803,37.559101],[-83.576694,37.559236],[-83.576629,37.559373],[-83.57638,37.559686],[-83.576232,37.559829],[-83.576149,37.55997],[-83.576117,37.560064],[-83.576068,37.560355],[-83.575887,37.560787],[-83.575879,37.561063],[-83.575799,37.561402],[-83.575791,37.561548],[-83.575792,37.561635],[-83.575822,37.561845],[-83.575894,37.562095],[-83.575894,37.562249],[-83.575752,37.562701],[-83.575694,37.56283],[-83.57566,37.562982],[-83.575589,37.56317],[-83.57535,37.563538],[-83.574901,37.56402],[-83.574724,37.564197],[-83.574466,37.564374],[-83.574101,37.564661],[-83.574007,37.564747],[-83.573935,37.564852],[-83.573754,37.565204],[-83.573692,37.565271]]}},{"type":"Feature","properties":{"osm_id":16270115,"highway":"residential","name":"Coomer Fork Road","alt_name":null,"official_name":null,"surface":null,"tracktype":null,"service":null,"access":null,"motor_vehicle":null,"foot":null,"tiger_reviewed":"no","rrgh_part":0,"rrgh_tile_part":0},"geometry":{"type":"LineString","coordinates":[[-83.572875,37.555976],[-83.572873,37.556134],[-83.572885,37.556297],[-83.57291,37.556402],[-83.573144,37.556868],[-83.573193,37.556948],[-83.57326,37.557023],[-83.573411,37.557144],[-83.573492,37.557193],[-83.573793,37.55734],[-83.573845,37.557376],[-83.573887,37.557422],[-83.573917,37.557544],[-83.573891,37.55761],[-83.57368,37.557883],[-83.573551,37.55801],[-83.573473,37.558064],[-83.573057,37.558276],[-83.572979,37.558326],[-83.572843,37.558448],[-83.572784,37.558519],[-83.572637,37.558746],[-83.57249,37.558938],[-83.572384,37.559058],[-83.572253,37.559163],[-83.571868,37.559412],[-83.571719,37.559526],[-83.571595,37.559655],[-83.571506,37.559799],[-83.571435,37.55998],[-83.571295,37.560241],[-83.57123,37.560323],[-83.570911,37.560626],[-83.570737,37.560811],[-83.570546,37.561032],[-83.570279,37.561372],[-83.569444,37.562654],[-83.569266,37.562853],[-83.56914,37.562951],[-83.56906,37.562985],[-83.568975,37.563005],[-83.568794,37.563011],[-83.568698,37.563026],[-83.568617,37.563074],[-83.568567,37.563142],[-83.56854,37.563212],[-83.568461,37.563561],[-83.568367,37.563762],[-83.56819,37.564089],[-83.568097,37.56432],[-83.567931,37.564907],[-83.567874,37.565015],[-83.567722,37.565206],[-83.567545,37.565358],[-83.567449,37.565427],[-83.567341,37.565482],[-83.567149,37.565542],[-83.566842,37.565607],[-83.566661,37.565624],[-83.566468,37.565619],[-83.565926,37.565566],[-83.565406,37.565504],[-83.565093,37.56545],[-83.564667,37.565351],[-83.564379,37.565303],[-83.564084,37.565217],[-83.563886,37.56513],[-83.563438,37.564847],[-83.563266,37.564723],[-83.563168,37.56467],[-83.563,37.56464],[-83.562855,37.564639],[-83.562729,37.564651]]}},{"type":"Feature","properties":{"osm_id":16270056,"highway":"residential","name":"Branson Hollow Road","alt_name":null,"official_name":null,"surface":null,"tracktype":null,"service":null,"access":null,"motor_vehicle":null,"foot":null,"tiger_reviewed":"no","rrgh_part":0,"rrgh_tile_part":0},"geometry":{"type":"LineString","coordinates":[[-83.587384,37.579148],[-83.587273,37.579365],[-83.587236,37.579468],[-83.587198,37.579664],[-83.587125,37.579896],[-83.587063,37.58003],[-83.586909,37.580203],[-83.586874,37.58027],[-83.586873,37.580311],[-83.586907,37.580458],[-83.586915,37.580543],[-83.586889,37.580652],[-83.586854,37.580734],[-83.586698,37.580962],[-83.586594,37.581146],[-83.586538,37.581341],[-83.58654,37.581447],[-83.586579,37.581528],[-83.586668,37.581642],[-83.586713,37.581747],[-83.586702,37.58194],[-83.586626,37.582491],[-83.586624,37.582644],[-83.586598,37.582766],[-83.586559,37.582858],[-83.58643,37.583041],[-83.586413,37.583152],[-83.586478,37.583396],[-83.586563,37.583608],[-83.586566,37.583661],[-83.586497,37.584102],[-83.586465,37.584209],[-83.586429,37.584423],[-83.586397,37.584717],[-83.586399,37.585082],[-83.586421,37.585326],[-83.586533,37.585769],[-83.586552,37.585905],[-83.586543,37.585997],[-83.586504,37.586088],[-83.586439,37.586173],[-83.586307,37.586386],[-83.586235,37.586466],[-83.586152,37.586538],[-83.586065,37.586648],[-83.585991,37.58687],[-83.585975,37.586959],[-83.585985,37.587119],[-83.585956,37.587256],[-83.585872,37.587485],[-83.585773,37.58768],[-83.585603,37.587971],[-83.585476,37.588244],[-83.585373,37.588412],[-83.585296,37.588601],[-83.585244,37.58867],[-83.585087,37.588838],[-83.584938,37.589037],[-83.584876,37.589101],[-83.584677,37.58977],[-83.584304,37.590491],[-83.584124,37.590809],[-83.584061,37.590887],[-83.583814,37.591144],[-83.58357,37.591362],[-83.583463,37.591423],[-83.58322,37.591576],[-83.583048,37.591665],[-83.582671,37.591813],[-83.582444,37.591943],[-83.582272,37.592074],[-83.582116,37.592241],[-83.58196,37.592437],[-83.581531,37.592831],[-83.581314,37.592962],[-83.581115,37.593064],[-83.581007,37.593105],[-83.580674,37.593185],[-83.580235,37.5934],[-83.580005,37.593532],[-83.580004,37.593552],[-83.580019,37.593576],[-83.580063,37.593608],[-83.58019,37.593614],[-83.580389,37.593549],[-83.580753,37.593411],[-83.58096,37.593365],[-83.581083,37.593344],[-83.581293,37.593334],[-83.581494,37.593377],[-83.581561,37.593407],[-83.581621,37.593456],[-83.581661,37.593514],[-83.581724,37.593664],[-83.58173,37.594028],[-83.581741,37.594076],[-83.581783,37.594119],[-83.581946,37.594127]]}},{"type":"Feature","properties":{"osm_id":16270282,"highway":"residential","name":"Lucas Hollow Road","alt_name":null,"official_name":null,"surface":null,"tracktype":null,"service":null,"access":null,"motor_vehicle":null,"foot":null,"tiger_reviewed":"no","rrgh_part":0,"rrgh_tile_part":0},"geometry":{"type":"LineString","coordinates":[[-83.583893,37.577524],[-83.584126,37.577665],[-83.584344,37.577728],[-83.58448,37.577777],[-83.584567,37.57782],[-83.584624,37.577862],[-83.584738,37.577993],[-83.584809,37.578043],[-83.584941,37.578113],[-83.585078,37.578156],[-83.585207,37.578234],[-83.585236,37.578261],[-83.585292,37.578373],[-83.585294,37.578469],[-83.585236,37.578636],[-83.585196,37.578861],[-83.585119,37.579162],[-83.585037,37.579338],[-83.584843,37.579888],[-83.584819,37.579939],[-83.584726,37.580064],[-83.584208,37.581089],[-83.583913,37.581538],[-83.583465,37.582099],[-83.583227,37.582338],[-83.58304,37.582482],[-83.582709,37.582778],[-83.582518,37.582975],[-83.582414,37.583145],[-83.582272,37.583563],[-83.582217,37.583664],[-83.582136,37.583771],[-83.582033,37.583868],[-83.581652,37.584179],[-83.581343,37.584457],[-83.581195,37.584557],[-83.580778,37.584792],[-83.58056,37.584952],[-83.580399,37.58508],[-83.580177,37.58535],[-83.579927,37.58569],[-83.579809,37.585796],[-83.579692,37.585885],[-83.57949,37.585998],[-83.579457,37.586042]]}},{"type":"Feature","properties":{"osm_id":16268232,"highway":"residential","name":"Lower Lewis Hollow Road","alt_name":null,"official_name":null,"surface":null,"tracktype":null,"service":null,"access":null,"motor_vehicle":null,"foot":null,"tiger_reviewed":"no","rrgh_part":0,"rrgh_tile_part":0},"geometry":{"type":"LineString","coordinates":[[-83.586119,37.578651],[-83.586082,37.578675],[-83.586036,37.578757],[-83.586021,37.578874],[-83.586064,37.57912],[-83.586053,37.579212],[-83.586022,37.579327],[-83.58598,37.579418],[-83.58592,37.579499]]}},{"type":"Feature","properties":{"osm_id":16269089,"highway":"residential","name":"Cr-1406","alt_name":null,"official_name":null,"surface":null,"tracktype":null,"service":null,"access":null,"motor_vehicle":null,"foot":null,"tiger_reviewed":"no","rrgh_part":0,"rrgh_tile_part":0},"geometry":{"type":"LineString","coordinates":[[-83.589256,37.57956],[-83.589307,37.579648],[-83.589439,37.579722],[-83.589502,37.579776],[-83.589601,37.579837],[-83.589722,37.579954],[-83.589783,37.580039],[-83.589829,37.580212],[-83.589798,37.580406],[-83.589732,37.580528],[-83.589714,37.580544]]}},{"type":"Feature","properties":{"osm_id":16268475,"highway":"track","name":null,"alt_name":null,"official_name":null,"surface":null,"tracktype":null,"service":null,"access":null,"motor_vehicle":null,"foot":null,"tiger_reviewed":"no","rrgh_part":0,"rrgh_tile_part":0},"geometry":{"type":"LineString","coordinates":[[-83.583176,37.569942],[-83.583292,37.569973]]}},{"type":"Feature","properties":{"osm_id":16270281,"highway":"residential","name":"Lucas Hollow Road","alt_name":null,"official_name":null,"surface":null,"tracktype":null,"service":null,"access":null,"motor_vehicle":null,"foot":null,"tiger_reviewed":"no","rrgh_part":0,"rrgh_tile_part":0},"geometry":{"type":"LineString","coordinates":[[-83.584015,37.578147],[-83.583701,37.578283],[-83.583615,37.578288],[-83.583573,37.578279],[-83.583468,37.578222],[-83.583391,37.578138],[-83.583294,37.577991],[-83.583162,37.577829],[-83.583081,37.577759],[-83.582952,37.577675],[-83.582806,37.577619],[-83.58264,37.577575],[-83.58211,37.577489],[-83.582004,37.577451],[-83.581853,37.577374],[-83.581563,37.577195],[-83.581478,37.577173],[-83.581341,37.577164],[-83.5813,37.577154],[-83.581275,37.577138],[-83.581256,37.577101],[-83.581253,37.577059]]}},{"type":"Feature","properties":{"osm_id":16270291,"highway":"residential","name":"Canyon Falls Road","alt_name":null,"official_name":null,"surface":null,"tracktype":null,"service":null,"access":null,"motor_vehicle":null,"foot":null,"tiger_reviewed":"no","rrgh_part":0,"rrgh_tile_part":0},"geometry":{"type":"LineString","coordinates":[[-83.578327,37.57615],[-83.578251,37.576345],[-83.578246,37.576436],[-83.578278,37.576512]]}},{"type":"Feature","properties":{"osm_id":16270241,"highway":"residential","name":"Coomer Hollow Road","alt_name":null,"official_name":null,"surface":null,"tracktype":null,"service":null,"access":null,"motor_vehicle":null,"foot":null,"tiger_reviewed":"no","rrgh_part":0,"rrgh_tile_part":0},"geometry":{"type":"LineString","coordinates":[[-83.563952,37.592767],[-83.564482,37.593066],[-83.56464,37.593188],[-83.564857,37.593388],[-83.565305,37.593859],[-83.565592,37.594143],[-83.566045,37.594667],[-83.566368,37.594993],[-83.56641,37.595056],[-83.566454,37.595291],[-83.56648,37.595338],[-83.56652,37.595374],[-83.56657,37.595398],[-83.566619,37.595405],[-83.566675,37.595402],[-83.566902,37.59532],[-83.566978,37.59531],[-83.567061,37.595321],[-83.567146,37.595344],[-83.567322,37.595422],[-83.567889,37.595723],[-83.568076,37.595831],[-83.568338,37.596013],[-83.568744,37.596356],[-83.568924,37.596489],[-83.569368,37.596726],[-83.569606,37.596886],[-83.569691,37.596932],[-83.56978,37.596965],[-83.569867,37.596984],[-83.570136,37.59701],[-83.570395,37.597053],[-83.571282,37.597252],[-83.57156,37.597343],[-83.571908,37.5975],[-83.572089,37.597563],[-83.572351,37.59763],[-83.572836,37.597696],[-83.573121,37.597792],[-83.573842,37.598106],[-83.574021,37.598194],[-83.574102,37.598246],[-83.574314,37.598408],[-83.574534,37.598513],[-83.574595,37.598554],[-83.574643,37.598602],[-83.574753,37.598784],[-83.574843,37.598836],[-83.575397,37.598956],[-83.575582,37.598986],[-83.575768,37.598985],[-83.576082,37.598958],[-83.576143,37.598969],[-83.576205,37.599005]]}},{"type":"Feature","properties":{"osm_id":16269971,"highway":"residential","name":"Gilliam Road","alt_name":null,"official_name":null,"surface":null,"tracktype":null,"service":null,"access":null,"motor_vehicle":null,"foot":null,"tiger_reviewed":"no","rrgh_part":0,"rrgh_tile_part":0},"geometry":{"type":"LineString","coordinates":[[-83.560482,37.561906],[-83.560562,37.561892],[-83.560662,37.561894],[-83.560767,37.561905],[-83.561057,37.561961]]}},{"type":"Feature","properties":{"osm_id":16269169,"highway":"residential","name":"Cr-1130","alt_name":null,"official_name":null,"surface":null,"tracktype":null,"service":null,"access":null,"motor_vehicle":null,"foot":null,"tiger_reviewed":"no","rrgh_part":0,"rrgh_tile_part":0},"geometry":{"type":"LineString","coordinates":[[-83.560482,37.561906],[-83.560331,37.561932],[-83.560241,37.561956],[-83.559959,37.562059],[-83.559777,37.562137],[-83.559617,37.562221],[-83.559344,37.562403],[-83.559212,37.562432],[-83.559033,37.562421],[-83.558926,37.562383],[-83.558608,37.562219],[-83.558487,37.562179],[-83.558202,37.562131],[-83.557896,37.562149],[-83.557745,37.562174],[-83.557576,37.562176],[-83.55742,37.562156],[-83.557139,37.562101],[-83.556999,37.562082],[-83.556511,37.562091]]}},{"type":"Feature","properties":{"osm_id":16269638,"highway":"residential","name":"Lower Twin Road","alt_name":null,"official_name":null,"surface":null,"tracktype":null,"service":null,"access":null,"motor_vehicle":null,"foot":null,"tiger_reviewed":"no","rrgh_part":0,"rrgh_tile_part":0},"geometry":{"type":"LineString","coordinates":[[-83.561057,37.561961],[-83.561149,37.562306],[-83.561203,37.562465],[-83.56131,37.562739],[-83.561343,37.562799],[-83.561546,37.563091],[-83.561948,37.56356],[-83.562025,37.563634],[-83.562271,37.563946],[-83.562729,37.564651]]}},{"type":"Feature","properties":{"osm_id":16269664,"highway":"residential","name":"Ivy Patch Road","alt_name":null,"official_name":null,"surface":null,"tracktype":null,"service":null,"access":null,"motor_vehicle":null,"foot":null,"tiger_reviewed":"no","rrgh_part":0,"rrgh_tile_part":0},"geometry":{"type":"LineString","coordinates":[[-83.566661,37.565624],[-83.566814,37.565813],[-83.566894,37.565935],[-83.567103,37.56637],[-83.567201,37.566619],[-83.567284,37.566975],[-83.567308,37.56719],[-83.567316,37.567545],[-83.567338,37.567885],[-83.567337,37.567941],[-83.567275,37.568216],[-83.567294,37.568419],[-83.5674,37.568765],[-83.567507,37.569055],[-83.567579,37.569213],[-83.567868,37.56956],[-83.567914,37.569681],[-83.567935,37.569787],[-83.567976,37.570221],[-83.567998,37.570322],[-83.568148,37.57058],[-83.568289,37.570938],[-83.568385,37.57103],[-83.568442,37.571071],[-83.568937,37.57133],[-83.569046,37.571403],[-83.569446,37.571715],[-83.56953,37.571799],[-83.569632,37.571936],[-83.569722,37.572124],[-83.569757,37.572299],[-83.569756,37.572638],[-83.569742,37.572819],[-83.569709,37.572963],[-83.569664,37.573017],[-83.569536,37.573097],[-83.569486,37.57311],[-83.569446,37.573097],[-83.569436,37.57306],[-83.569474,37.572961],[-83.569482,37.572811],[-83.569452,37.572695],[-83.569374,37.572517]]}},{"type":"Feature","properties":{"osm_id":16269976,"highway":"residential","name":"Gilliam Road","alt_name":null,"official_name":null,"surface":null,"tracktype":null,"service":null,"access":null,"motor_vehicle":null,"foot":null,"tiger_reviewed":"no","rrgh_part":0,"rrgh_tile_part":0},"geometry":{"type":"LineString","coordinates":[[-83.562729,37.564651],[-83.562832,37.564814],[-83.562918,37.564973],[-83.562979,37.565135],[-83.562983,37.565218],[-83.562976,37.565305],[-83.562954,37.565389],[-83.562924,37.56547],[-83.562766,37.565775],[-83.562731,37.565916],[-83.562676,37.566673],[-83.562643,37.566936],[-83.562569,37.567331],[-83.562539,37.567554],[-83.562529,37.567707],[-83.562545,37.567872],[-83.562603,37.568046],[-83.562721,37.568312],[-83.562903,37.568794],[-83.563124,37.569283],[-83.563372,37.569712],[-83.563721,37.570346],[-83.563942,37.570683],[-83.564038,37.570867],[-83.564104,37.571064],[-83.564142,37.57127],[-83.564152,37.571477],[-83.564126,37.571903],[-83.564129,37.572123],[-83.563922,37.57269],[-83.563719,37.573155],[-83.563697,37.573247],[-83.563694,37.573338],[-83.56371,37.573429],[-83.563744,37.573515],[-83.563794,37.573598],[-83.563887,37.573737],[-83.564017,37.573931],[-83.564419,37.574565],[-83.565379,37.575824],[-83.565641,37.576194],[-83.565739,37.576372],[-83.565769,37.576461],[-83.565832,37.576837],[-83.565868,37.576934],[-83.566101,37.577384],[-83.566209,37.577551],[-83.56627,37.577628],[-83.566424,37.577767],[-83.566605,37.5779],[-83.566812,37.577957],[-83.566923,37.57797],[-83.567407,37.577972],[-83.567717,37.577982],[-83.567981,37.578015],[-83.568246,37.578084],[-83.568424,37.578167],[-83.568829,37.578399],[-83.569943,37.579066]]}},{"type":"Feature","properties":{"osm_id":16270286,"highway":"residential","name":"Chester Terry Road","alt_name":null,"official_name":null,"surface":null,"tracktype":null,"service":null,"access":null,"motor_vehicle":null,"foot":null,"tiger_reviewed":"no","rrgh_part":0,"rrgh_tile_part":0},"geometry":{"type":"LineString","coordinates":[[-83.567149,37.565542],[-83.567276,37.565707],[-83.567308,37.565722],[-83.567372,37.56578],[-83.567387,37.565846],[-83.567397,37.566042],[-83.567439,37.566131],[-83.567622,37.566435],[-83.567652,37.566536],[-83.567688,37.566611],[-83.567748,37.566831],[-83.567762,37.566905],[-83.567677,37.567179],[-83.567661,37.56734],[-83.567667,37.56752],[-83.567684,37.567699],[-83.567749,37.567901],[-83.567839,37.568099]]}},{"type":"Feature","properties":{"osm_id":16104219,"highway":"residential","name":"War Creek-Rockfield-Fillmore Road","alt_name":null,"official_name":null,"surface":null,"tracktype":null,"service":null,"access":null,"motor_vehicle":null,"foot":null,"tiger_reviewed":"no","rrgh_part":0,"rrgh_tile_part":0},"geometry":{"type":"LineString","coordinates":[[-83.505,37.5859717254902],[-83.505086,37.586024],[-83.505286,37.586156],[-83.505391,37.586213],[-83.505495,37.586257],[-83.505596,37.586285],[-83.505709,37.586302],[-83.505922,37.586358],[-83.506021,37.586392],[-83.506113,37.586428],[-83.5062,37.586467],[-83.506281,37.586511],[-83.50645,37.586621],[-83.506625,37.586751],[-83.506708,37.586827],[-83.506785,37.586913],[-83.506858,37.587007],[-83.506928,37.587107],[-83.506997,37.587214],[-83.507061,37.587325],[-83.507125,37.587446],[-83.507182,37.587576],[-83.507244,37.587706],[-83.507313,37.587833],[-83.507374,37.587967],[-83.507519,37.588223],[-83.507597,37.588344],[-83.507677,37.588459],[-83.507765,37.588565],[-83.507868,37.58866],[-83.507993,37.588739],[-83.508131,37.588807],[-83.508276,37.588869],[-83.508434,37.588925],[-83.508818,37.589078],[-83.508947,37.589122],[-83.509063,37.589149],[-83.509237,37.589171],[-83.509409,37.589183],[-83.509581,37.589183],[-83.509754,37.589171],[-83.510096,37.589133],[-83.51026,37.589122],[-83.510421,37.58913],[-83.510579,37.589153],[-83.510734,37.589199],[-83.510889,37.589255],[-83.511044,37.589328],[-83.511191,37.589419],[-83.511316,37.589529],[-83.511434,37.589645],[-83.511693,37.58987],[-83.51183,37.589973],[-83.512078,37.5902],[-83.512206,37.590303],[-83.512338,37.590396],[-83.512478,37.59048],[-83.512625,37.590554],[-83.512777,37.590621],[-83.512935,37.590683],[-83.513174,37.590769],[-83.513434,37.59086],[-83.513601,37.590924],[-83.513887,37.591098],[-83.514017,37.591197],[-83.514132,37.591302],[-83.514226,37.591412],[-83.514298,37.591527],[-83.514353,37.591644],[-83.514415,37.591756],[-83.514504,37.591853],[-83.514609,37.591954],[-83.514726,37.592054],[-83.514981,37.592259],[-83.515107,37.592367],[-83.515335,37.592589],[-83.515426,37.592708],[-83.515678,37.59302],[-83.515772,37.593119],[-83.515874,37.593214],[-83.515984,37.593304],[-83.516103,37.593391],[-83.516876,37.593907],[-83.517007,37.594001],[-83.517253,37.59421],[-83.517365,37.594322],[-83.517671,37.594653],[-83.517776,37.594751],[-83.517889,37.59484],[-83.518011,37.594921],[-83.51869,37.595327],[-83.518832,37.595408],[-83.518968,37.595501],[-83.51912,37.59559],[-83.51959,37.595845],[-83.520035,37.596098],[-83.520171,37.596172],[-83.520751,37.596506],[-83.521033,37.596664],[-83.521168,37.596735],[-83.521419,37.596855],[-83.521562,37.596931],[-83.521639,37.596976],[-83.521737,37.597047],[-83.521831,37.597125],[-83.522124,37.597403],[-83.522238,37.597499],[-83.522363,37.597592],[-83.522499,37.597683],[-83.522643,37.597772],[-83.522792,37.597858],[-83.522948,37.59794],[-83.523407,37.598167],[-83.523549,37.598235],[-83.523695,37.598295],[-83.523848,37.598352],[-83.524007,37.598401],[-83.524163,37.598445],[-83.524462,37.59854],[-83.524596,37.598578],[-83.524724,37.598604],[-83.52485,37.598616],[-83.524981,37.598616],[-83.525263,37.598603],[-83.525803,37.598591],[-83.525923,37.598585],[-83.526044,37.598565],[-83.526168,37.598536],[-83.526679,37.598406],[-83.526797,37.598381],[-83.526985,37.59835],[-83.527082,37.598327],[-83.527191,37.598296],[-83.527305,37.598252],[-83.527431,37.59821],[-83.527557,37.598161],[-83.527682,37.598106],[-83.527805,37.598043],[-83.527923,37.597969],[-83.528165,37.597809],[-83.528407,37.597636],[-83.52853,37.597552],[-83.528654,37.597473],[-83.528783,37.597404],[-83.528915,37.597345],[-83.529054,37.597292],[-83.529346,37.597191],[-83.529785,37.597033],[-83.529928,37.596976],[-83.530059,37.596907],[-83.530179,37.596826],[-83.530289,37.596731],[-83.530394,37.596626],[-83.530798,37.596193],[-83.53133,37.595648],[-83.531428,37.595538],[-83.531516,37.595428],[-83.531677,37.595209],[-83.531759,37.59511],[-83.531849,37.595023],[-83.531948,37.594952],[-83.532054,37.594896],[-83.532169,37.594855],[-83.532289,37.594828],[-83.532314,37.594827],[-83.532414,37.594821],[-83.53254,37.594837],[-83.532665,37.594873],[-83.532791,37.594922],[-83.53306,37.595033],[-83.533205,37.595088],[-83.533359,37.595141],[-83.533689,37.595243],[-83.534192,37.595407],[-83.534347,37.59547],[-83.534781,37.595662],[-83.534921,37.595718],[-83.535065,37.595762],[-83.535217,37.595797],[-83.535374,37.595828],[-83.535533,37.595866],[-83.536011,37.596009],[-83.536326,37.596098],[-83.536476,37.596146],[-83.536621,37.596198],[-83.536692,37.596228],[-83.536759,37.596257],[-83.536883,37.596326],[-83.536989,37.596405],[-83.537076,37.596497],[-83.53714,37.5966],[-83.537181,37.596705],[-83.537203,37.596806],[-83.537231,37.596896],[-83.537277,37.596974],[-83.53734,37.59705],[-83.537513,37.597203],[-83.537906,37.597561],[-83.538011,37.59765],[-83.538128,37.597729],[-83.538255,37.597802],[-83.538395,37.597872],[-83.538695,37.598013],[-83.53884,37.598093],[-83.538991,37.598169],[-83.539145,37.598241],[-83.539293,37.598319],[-83.539439,37.598402],[-83.5396,37.598472],[-83.539762,37.59853],[-83.539924,37.59858],[-83.540087,37.598625],[-83.540224,37.598658]]}},{"type":"Feature","properties":{"osm_id":16108705,"highway":"residential","name":"Lower Twin Road","alt_name":null,"official_name":null,"surface":null,"tracktype":null,"service":null,"access":null,"motor_vehicle":null,"foot":null,"tiger_reviewed":"no","rrgh_part":0,"rrgh_tile_part":0},"geometry":{"type":"LineString","coordinates":[[-83.556511,37.562091],[-83.556121,37.5621],[-83.555947,37.562115],[-83.555862,37.562127],[-83.555778,37.562143],[-83.555601,37.562189],[-83.555182,37.562319],[-83.554936,37.562388],[-83.554541,37.562488],[-83.553898,37.562631],[-83.553517,37.562713],[-83.552918,37.562832],[-83.552781,37.562862],[-83.552519,37.562931],[-83.552152,37.563038],[-83.551879,37.563116],[-83.551751,37.563146],[-83.551616,37.563169],[-83.551352,37.563198],[-83.551216,37.563218],[-83.551081,37.563242],[-83.55002,37.563461],[-83.549888,37.563486],[-83.549126,37.563606],[-83.548391,37.563734],[-83.548034,37.563802],[-83.547924,37.563829],[-83.54782,37.563861],[-83.54772,37.563899],[-83.547623,37.563943],[-83.547532,37.563994],[-83.547447,37.564051],[-83.54737,37.564115],[-83.54716,37.564311],[-83.547085,37.564366],[-83.546997,37.564408],[-83.546965,37.564415],[-83.546897,37.56443],[-83.54679,37.564434],[-83.546678,37.564421],[-83.546569,37.564398],[-83.546326,37.564388],[-83.546207,37.564402],[-83.546086,37.564427],[-83.545963,37.564458],[-83.54584,37.564493],[-83.545595,37.564577],[-83.545472,37.564615],[-83.545118,37.56471],[-83.545012,37.564749],[-83.544907,37.564796],[-83.5448,37.564852],[-83.544601,37.564998],[-83.544387,37.565136],[-83.544273,37.565201],[-83.544153,37.56526],[-83.543907,37.565367],[-83.543782,37.565416],[-83.54366,37.565468],[-83.543345,37.565617],[-83.543244,37.565685],[-83.543174,37.565786],[-83.543127,37.565868],[-83.543082,37.565955],[-83.543017,37.566134],[-83.542973,37.566221],[-83.542917,37.566296],[-83.542839,37.566375],[-83.542678,37.56652],[-83.542603,37.566606],[-83.542541,37.566702],[-83.54237,37.567033],[-83.542279,37.567254],[-83.542182,37.567474],[-83.542139,37.567583],[-83.542106,37.567689],[-83.542079,37.567793],[-83.542058,37.567898],[-83.542031,37.568002],[-83.541994,37.568112],[-83.541932,37.568209],[-83.541858,37.568303],[-83.541775,37.568396],[-83.541622,37.5686],[-83.541338,37.569014],[-83.541185,37.569188],[-83.540848,37.569527],[-83.540691,37.569708],[-83.540623,37.569799],[-83.54056,37.569894],[-83.540504,37.569992],[-83.540459,37.57009],[-83.540426,37.57019],[-83.540406,37.570293],[-83.540392,37.570397],[-83.54032,37.570719],[-83.540299,37.570832],[-83.540308,37.571058],[-83.540321,37.57117],[-83.540343,37.57128],[-83.540494,37.571768],[-83.540507,37.571853],[-83.540503,37.571938],[-83.540474,37.572018],[-83.54043,37.572093],[-83.54038,37.572167],[-83.540333,37.572245],[-83.540298,37.572328],[-83.540278,37.572414],[-83.540275,37.5725],[-83.540288,37.572582],[-83.54031,37.572662],[-83.540344,37.572738],[-83.540387,37.57281],[-83.540439,37.572879],[-83.540477,37.572943],[-83.540501,37.573004],[-83.540508,37.573061],[-83.540495,37.573117],[-83.540457,37.573169],[-83.540396,37.573215],[-83.54017,37.573352],[-83.5401,37.573405],[-83.540031,37.573464],[-83.539965,37.573529],[-83.539902,37.5736],[-83.539848,37.573676],[-83.539797,37.573753],[-83.539665,37.573969],[-83.539576,37.5741],[-83.53952,37.574166],[-83.539456,37.574232],[-83.539378,37.574291],[-83.53929,37.574345],[-83.539022,37.574467],[-83.538981,37.574477],[-83.53888,37.574524],[-83.538784,37.574573],[-83.538702,37.574633],[-83.538629,37.574698],[-83.538495,37.574827],[-83.538426,37.574885],[-83.538353,37.574932],[-83.538209,37.57501],[-83.537937,37.57518],[-83.537852,37.575225],[-83.537572,37.57535],[-83.537484,37.575399],[-83.537404,37.575452],[-83.537331,37.57551],[-83.537262,37.575573],[-83.537208,37.57564],[-83.537117,37.575787],[-83.537063,37.575858],[-83.53699,37.575925],[-83.536899,37.575983],[-83.536794,37.576038],[-83.536688,37.576092],[-83.536484,37.576186],[-83.536315,37.576286],[-83.536239,37.576341],[-83.536167,37.576401],[-83.536036,37.576528],[-83.535948,37.576586],[-83.535848,37.576635],[-83.535627,37.576728],[-83.535511,37.576784],[-83.535281,37.576915],[-83.535171,37.576984],[-83.534676,37.577324],[-83.53459,37.577386],[-83.534497,37.577434],[-83.534404,37.577472],[-83.534311,37.577502],[-83.534216,37.577525],[-83.534119,37.577537],[-83.533919,37.577545],[-83.533594,37.577596],[-83.533498,37.577632],[-83.53339,37.577678],[-83.533271,37.577716],[-83.533024,37.577789],[-83.532775,37.577855],[-83.532548,37.577944],[-83.532326,37.578042],[-83.532216,37.5781],[-83.532108,37.578162],[-83.531974,37.57825]]}},{"type":"Feature","properties":{"osm_id":16114749,"highway":"residential","name":"South Rock Lick Road","alt_name":null,"official_name":null,"surface":null,"tracktype":null,"service":null,"access":null,"motor_vehicle":null,"foot":null,"tiger_reviewed":"no","rrgh_part":0,"rrgh_tile_part":0},"geometry":{"type":"LineString","coordinates":[[-83.531974,37.57825],[-83.531907,37.5783],[-83.531819,37.578376],[-83.531742,37.578458],[-83.531677,37.578542],[-83.531622,37.578625],[-83.531573,37.578707],[-83.531439,37.578937],[-83.531399,37.579013],[-83.531366,37.579091],[-83.531339,37.57917],[-83.531317,37.579251],[-83.5313,37.579333],[-83.531224,37.579755],[-83.531213,37.579839],[-83.53121,37.57992],[-83.531212,37.579997],[-83.531221,37.580073],[-83.531251,37.580216],[-83.531297,37.580351],[-83.531345,37.580478],[-83.53138,37.580608],[-83.531391,37.580679],[-83.531396,37.580824],[-83.531393,37.580893],[-83.531387,37.580956],[-83.531376,37.581013],[-83.53136,37.581064],[-83.531322,37.58114],[-83.53125,37.581249],[-83.531221,37.581283],[-83.531179,37.581322],[-83.531066,37.5814],[-83.530931,37.581481],[-83.530859,37.581518],[-83.530654,37.581606],[-83.530592,37.581641],[-83.530533,37.58169],[-83.530485,37.581755],[-83.530457,37.581834],[-83.530459,37.581924],[-83.530488,37.582011],[-83.530539,37.582094],[-83.530599,37.582175],[-83.530789,37.582409],[-83.530897,37.582566],[-83.530943,37.582647],[-83.530984,37.582731],[-83.531054,37.582902],[-83.531082,37.58299],[-83.531105,37.583081],[-83.531126,37.583173],[-83.531181,37.583458],[-83.531206,37.583558],[-83.531233,37.583661],[-83.531325,37.583975],[-83.531378,37.584175],[-83.531525,37.584821],[-83.531595,37.585041],[-83.531623,37.585105],[-83.531688,37.585233],[-83.531813,37.585456],[-83.531903,37.585634],[-83.531941,37.585728],[-83.532008,37.58593],[-83.5321,37.586137],[-83.53216,37.586241],[-83.532233,37.58634],[-83.53231,37.586437],[-83.532554,37.586863],[-83.532661,37.587086],[-83.532718,37.587195],[-83.532878,37.587391],[-83.533026,37.587598],[-83.533091,37.587706],[-83.533155,37.587815],[-83.53331,37.588171],[-83.533435,37.588654],[-83.5335,37.588883],[-83.533527,37.588992],[-83.533539,37.589099],[-83.533546,37.589211],[-83.533545,37.589584],[-83.533549,37.589716],[-83.533543,37.589847],[-83.533531,37.589976],[-83.533517,37.590064],[-83.533459,37.590363],[-83.533369,37.590763],[-83.533334,37.590898],[-83.533296,37.591031],[-83.533253,37.591161],[-83.533162,37.591414],[-83.533111,37.591532],[-83.533052,37.59165],[-83.532988,37.591765],[-83.532857,37.591987],[-83.532804,37.592109],[-83.532703,37.592306],[-83.532661,37.592397],[-83.532628,37.592497],[-83.532602,37.592596],[-83.532583,37.592695],[-83.532573,37.592789],[-83.532569,37.592879],[-83.532568,37.593056],[-83.532573,37.593142],[-83.532586,37.593226],[-83.532627,37.593396],[-83.532631,37.593486],[-83.53262,37.593576],[-83.532598,37.593668],[-83.532567,37.593761],[-83.532492,37.593942],[-83.532452,37.594028],[-83.532391,37.59421],[-83.532345,37.594375],[-83.532318,37.594519],[-83.532312,37.594579],[-83.532309,37.594677],[-83.532317,37.594783],[-83.532314,37.594827]]}},{"type":"Feature","properties":{"osm_id":16269580,"highway":"residential","name":"Chapmans Fork Road","alt_name":null,"official_name":null,"surface":null,"tracktype":null,"service":null,"access":null,"motor_vehicle":null,"foot":null,"tiger_reviewed":"no","rrgh_part":0,"rrgh_tile_part":0},"geometry":{"type":"LineString","coordinates":[[-83.565179,37.584965],[-83.565055,37.584589],[-83.565007,37.584469],[-83.564956,37.584375],[-83.564849,37.584238],[-83.564779,37.584172],[-83.564485,37.584024],[-83.564336,37.58398],[-83.56409,37.583895],[-83.563798,37.583848],[-83.563611,37.583841],[-83.563126,37.583865],[-83.562795,37.583852],[-83.562481,37.583863],[-83.562342,37.583889],[-83.562127,37.583979],[-83.561975,37.584068],[-83.561704,37.584245],[-83.561304,37.584504],[-83.561055,37.584582],[-83.560887,37.584668],[-83.560575,37.584874],[-83.560088,37.585224],[-83.55963,37.585583],[-83.559482,37.585681],[-83.559361,37.585779],[-83.559297,37.585815],[-83.559238,37.58583],[-83.559092,37.585849],[-83.557713,37.585952],[-83.557012,37.586026],[-83.556623,37.586046],[-83.55601,37.586139],[-83.555768,37.586139],[-83.555414,37.586098],[-83.555214,37.586097],[-83.554375,37.586183],[-83.553911,37.586212],[-83.553618,37.586216],[-83.553561,37.586213],[-83.55264,37.586024],[-83.552491,37.585985],[-83.552298,37.585918],[-83.552089,37.585818],[-83.551816,37.585659],[-83.551752,37.585636],[-83.551726,37.585638],[-83.551297,37.585735],[-83.549801,37.58656],[-83.546955,37.587602],[-83.54563,37.58775],[-83.545013,37.587895]]}},{"type":"Feature","properties":{"osm_id":16106546,"highway":"residential","name":null,"alt_name":null,"official_name":null,"surface":null,"tracktype":null,"service":null,"access":null,"motor_vehicle":null,"foot":null,"tiger_reviewed":"no","rrgh_part":0,"rrgh_tile_part":0},"geometry":{"type":"LineString","coordinates":[[-83.556007,37.56037],[-83.556024,37.560443],[-83.556027,37.560477],[-83.556021,37.56051],[-83.555997,37.560539],[-83.555954,37.560559],[-83.555901,37.560576],[-83.555848,37.5606],[-83.555709,37.560691],[-83.55561,37.560722],[-83.555572,37.56073],[-83.555473,37.56074],[-83.555421,37.560759],[-83.555377,37.560791],[-83.555347,37.560837],[-83.555331,37.56089],[-83.555323,37.560943],[-83.555319,37.56104],[-83.555324,37.561217]]}},{"type":"Feature","properties":{"osm_id":16107840,"highway":"residential","name":"Chapman Road","alt_name":null,"official_name":null,"surface":null,"tracktype":null,"service":null,"access":null,"motor_vehicle":null,"foot":null,"tiger_reviewed":"no","rrgh_part":0,"rrgh_tile_part":0},"geometry":{"type":"LineString","coordinates":[[-83.553898,37.562631],[-83.553896,37.562712],[-83.553899,37.562797],[-83.553894,37.56305],[-83.553895,37.563128],[-83.553901,37.563208],[-83.553915,37.563288],[-83.553952,37.563457],[-83.553998,37.563638],[-83.554074,37.5639],[-83.554143,37.564163],[-83.554181,37.564345],[-83.554227,37.564592],[-83.554239,37.564664],[-83.554249,37.564777],[-83.554251,37.564844],[-83.554232,37.56506],[-83.554236,37.565158],[-83.554252,37.565327],[-83.554302,37.56564],[-83.554347,37.565838],[-83.554368,37.565954],[-83.554369,37.56624],[-83.554365,37.566302],[-83.554359,37.566364],[-83.554345,37.566425],[-83.554318,37.566596],[-83.554282,37.566874],[-83.554255,37.567183],[-83.5543118,37.5675094],[-83.554232,37.5677789],[-83.5541676,37.5682756],[-83.5542195,37.5684702],[-83.5543336,37.568632]]}},{"type":"Feature","properties":{"osm_id":16112569,"highway":"residential","name":"Abbie-V C Road","alt_name":null,"official_name":null,"surface":null,"tracktype":null,"service":null,"access":null,"motor_vehicle":null,"foot":null,"tiger_reviewed":"no","rrgh_part":0,"rrgh_tile_part":0},"geometry":{"type":"LineString","coordinates":[[-83.555324,37.561217],[-83.555327,37.561336],[-83.555323,37.561437],[-83.555309,37.561547],[-83.555287,37.561663],[-83.555225,37.561907],[-83.555179,37.562136],[-83.555173,37.562223],[-83.555182,37.562319]]}},{"type":"Feature","properties":{"osm_id":16107545,"highway":"residential","name":"Chambers Cemetery Road","alt_name":null,"official_name":null,"surface":null,"tracktype":null,"service":null,"access":null,"motor_vehicle":null,"foot":null,"tiger_reviewed":"no","rrgh_part":0,"rrgh_tile_part":0},"geometry":{"type":"LineString","coordinates":[[-83.552152,37.563038],[-83.552708,37.563398],[-83.552783,37.563439],[-83.552994,37.563567],[-83.55302,37.563624],[-83.553014,37.563698],[-83.552887,37.563894],[-83.552862,37.56395],[-83.552848,37.564019],[-83.552854,37.564125],[-83.552874,37.564288],[-83.552868,37.56436],[-83.552818,37.564466],[-83.552739,37.564539],[-83.552671,37.564565]]}},{"type":"Feature","properties":{"osm_id":16111576,"highway":"residential","name":"Shady Lane","alt_name":null,"official_name":null,"surface":null,"tracktype":null,"service":null,"access":null,"motor_vehicle":null,"foot":null,"tiger_reviewed":"no","rrgh_part":0,"rrgh_tile_part":0},"geometry":{"type":"LineString","coordinates":[[-83.551616,37.563169],[-83.551598,37.563191],[-83.551573,37.563233],[-83.551538,37.563307],[-83.551466,37.563493],[-83.55144,37.563587],[-83.551407,37.563743],[-83.551404,37.563774]]}},{"type":"Feature","properties":{"osm_id":16112318,"highway":"residential","name":"East L Noble Cemetery Road","alt_name":null,"official_name":null,"surface":null,"tracktype":null,"service":null,"access":null,"motor_vehicle":null,"foot":null,"tiger_reviewed":"no","rrgh_part":0,"rrgh_tile_part":0},"geometry":{"type":"LineString","coordinates":[[-83.546965,37.564415],[-83.54694,37.564454],[-83.54687,37.564582],[-83.546849,37.564645],[-83.546844,37.564679],[-83.546873,37.564933],[-83.546875,37.565097],[-83.546867,37.565242],[-83.54687,37.565323],[-83.546883,37.56543],[-83.546876,37.565572],[-83.546861,37.565699],[-83.546815,37.565914],[-83.546787,37.566012],[-83.546768,37.566116],[-83.546762,37.566211],[-83.546775,37.566416],[-83.546774,37.566614],[-83.546778,37.56667],[-83.546778,37.566831],[-83.546793,37.566916],[-83.546823,37.567014],[-83.546832,37.567065],[-83.54683,37.567217],[-83.546843,37.567357],[-83.546865,37.567481],[-83.546934,37.567772],[-83.546951,37.567936],[-83.546969,37.568002],[-83.547017,37.568101],[-83.547063,37.568186],[-83.547115,37.568251],[-83.547193,37.568296],[-83.547284,37.568322],[-83.547357,37.568337],[-83.547437,37.56833],[-83.547506,37.568317],[-83.547561,37.568282],[-83.547625,37.568219],[-83.547663,37.568151],[-83.547666,37.568046],[-83.54764,37.567805],[-83.547641,37.567743],[-83.547648,37.56768],[-83.548002,37.566191],[-83.54808,37.565967],[-83.548097,37.565928],[-83.548117,37.565918],[-83.548147,37.565924],[-83.548165,37.565978],[-83.54821,37.566142],[-83.548287,37.56637],[-83.548308,37.566448],[-83.548329,37.566506]]}},{"type":"Feature","properties":{"osm_id":16270112,"highway":"residential","name":"Coomer Fork Road","alt_name":null,"official_name":null,"surface":null,"tracktype":null,"service":null,"access":null,"motor_vehicle":null,"foot":null,"tiger_reviewed":"no","rrgh_part":0,"rrgh_tile_part":0},"geometry":{"type":"LineString","coordinates":[[-83.563971,37.573713],[-83.563887,37.573737]]}},{"type":"Feature","properties":{"osm_id":16268380,"highway":"service","name":null,"alt_name":null,"official_name":null,"surface":null,"tracktype":null,"service":null,"access":"private","motor_vehicle":null,"foot":null,"tiger_reviewed":"no","rrgh_part":0,"rrgh_tile_part":0},"geometry":{"type":"LineString","coordinates":[[-83.568347,37.581511],[-83.56857,37.581645]]}},{"type":"Feature","properties":{"osm_id":16268437,"highway":"service","name":null,"alt_name":null,"official_name":null,"surface":null,"tracktype":null,"service":null,"access":"private","motor_vehicle":null,"foot":null,"tiger_reviewed":"no","rrgh_part":0,"rrgh_tile_part":0},"geometry":{"type":"LineString","coordinates":[[-83.5544445,37.5690104],[-83.5541037,37.5692366],[-83.5539157,37.5694096],[-83.5536706,37.5695928],[-83.5533685,37.5698485],[-83.5532635,37.5699191],[-83.5529148,37.5700271],[-83.5525695,37.5703242]]}},{"type":"Feature","properties":{"osm_id":16269727,"highway":"residential","name":"Chapmans Fork","alt_name":null,"official_name":null,"surface":null,"tracktype":null,"service":null,"access":null,"motor_vehicle":null,"foot":null,"tiger_reviewed":"no","rrgh_part":0,"rrgh_tile_part":0},"geometry":{"type":"LineString","coordinates":[[-83.5543336,37.568632],[-83.5544062,37.5688056],[-83.5544445,37.5690104]]}},{"type":"Feature","properties":{"osm_id":16107801,"highway":"residential","name":"Herbert Lane","alt_name":null,"official_name":null,"surface":null,"tracktype":null,"service":null,"access":null,"motor_vehicle":null,"foot":null,"tiger_reviewed":"no","rrgh_part":0,"rrgh_tile_part":0},"geometry":{"type":"LineString","coordinates":[[-83.53887,37.564953],[-83.538769,37.564926],[-83.538566,37.564872],[-83.538452,37.564847],[-83.538164,37.564772],[-83.538119,37.564767],[-83.537842,37.564786],[-83.537526,37.5648],[-83.53741,37.564802]]}},{"type":"Feature","properties":{"osm_id":16110900,"highway":"residential","name":"Bean Fork Road","alt_name":null,"official_name":null,"surface":null,"tracktype":null,"service":null,"access":null,"motor_vehicle":null,"foot":null,"tiger_reviewed":"no","rrgh_part":0,"rrgh_tile_part":0},"geometry":{"type":"LineString","coordinates":[[-83.542917,37.566296],[-83.542795,37.566359],[-83.542741,37.566393],[-83.542669,37.566445],[-83.54262,37.566475],[-83.542566,37.566503],[-83.542505,37.566523],[-83.542442,37.566528],[-83.542378,37.566514],[-83.542322,37.566481],[-83.542272,37.566436],[-83.542169,37.566325],[-83.542112,37.566269],[-83.541946,37.56612],[-83.541903,37.566075],[-83.54187,37.566027],[-83.541844,37.565982],[-83.541783,37.565834],[-83.54175,37.565739],[-83.54168,37.5655],[-83.541656,37.565442],[-83.541621,37.565389],[-83.541578,37.565341],[-83.54153,37.565297],[-83.541366,37.565165],[-83.541297,37.565128],[-83.541232,37.565105],[-83.541156,37.565086],[-83.540974,37.565052],[-83.540819,37.565018],[-83.540662,37.564978],[-83.540366,37.564929],[-83.54011,37.564875],[-83.53991,37.564844],[-83.539805,37.564835],[-83.539711,37.564819],[-83.539511,37.564807],[-83.539424,37.564809],[-83.539341,37.564818],[-83.539259,37.564831],[-83.539086,37.564873],[-83.539004,37.564901],[-83.53887,37.564953],[-83.538675,37.565014],[-83.538497,37.565062],[-83.538212,37.565127],[-83.538113,37.565146],[-83.538017,37.56516],[-83.537816,37.565202],[-83.53753,37.56527],[-83.53735,37.565309],[-83.537102,37.565356],[-83.53675,37.565411],[-83.53649,37.565458],[-83.5364,37.565477],[-83.536313,37.565503],[-83.535934,37.565635],[-83.535866,37.565668],[-83.535722,37.565751],[-83.535595,37.565844],[-83.535529,37.565884],[-83.535467,37.56593],[-83.535407,37.565968],[-83.535346,37.566015],[-83.53522,37.56612],[-83.535095,37.566238],[-83.535027,37.566289],[-83.534958,37.566332],[-83.534807,37.566395],[-83.534732,37.566421],[-83.534526,37.566512],[-83.534368,37.566576],[-83.534011,37.56674],[-83.533525,37.566924],[-83.533438,37.566963],[-83.533354,37.56699],[-83.533091,37.5671],[-83.53289,37.567179],[-83.532563,37.567284],[-83.532387,37.567334],[-83.532215,37.567371],[-83.531977,37.567414],[-83.531902,37.567435],[-83.531831,37.567458],[-83.531698,37.567509],[-83.531628,37.567539],[-83.531555,37.567564],[-83.531481,37.567602],[-83.531406,37.567635],[-83.531249,37.567676],[-83.531113,37.567717],[-83.531054,37.567736],[-83.530947,37.56778],[-83.530894,37.567793],[-83.530799,37.567823],[-83.530712,37.567844],[-83.530569,37.567884],[-83.530409,37.567938],[-83.530263,37.568],[-83.530194,37.568039],[-83.530163,37.568063],[-83.530133,37.568093],[-83.530056,37.568196],[-83.529993,37.56831],[-83.529944,37.568384],[-83.529912,37.568417],[-83.529877,37.568446],[-83.529792,37.568496],[-83.529568,37.568616],[-83.529437,37.568695],[-83.52937,37.568738],[-83.529248,37.568823],[-83.529062,37.568969],[-83.528845,37.569086],[-83.52868,37.569169],[-83.528603,37.569196],[-83.528525,37.569229],[-83.528448,37.569254],[-83.528375,37.569273],[-83.528235,37.569301],[-83.528098,37.569336],[-83.528032,37.56936],[-83.527971,37.569387],[-83.527873,37.569444],[-83.527791,37.569499],[-83.527746,37.569534],[-83.527642,37.56959],[-83.527583,37.569628],[-83.527468,37.569689],[-83.527106,37.569843],[-83.527054,37.569871],[-83.526966,37.569927],[-83.52683,37.570028],[-83.526715,37.570105],[-83.526579,37.57019],[-83.526509,37.570225],[-83.526434,37.570252],[-83.526359,37.570274],[-83.52629,37.570284],[-83.526226,37.570285],[-83.526096,37.570276],[-83.525872,37.570249],[-83.525817,37.570251],[-83.525765,37.570262],[-83.525717,37.570277],[-83.525681,37.570291],[-83.52564,37.570314]]}},{"type":"Feature","properties":{"osm_id":16104401,"highway":"residential","name":null,"alt_name":null,"official_name":null,"surface":null,"tracktype":null,"service":null,"access":null,"motor_vehicle":null,"foot":null,"tiger_reviewed":"no","rrgh_part":0,"rrgh_tile_part":0},"geometry":{"type":"LineString","coordinates":[[-83.543035,37.565069],[-83.543024,37.565113],[-83.542153,37.565687],[-83.541783,37.565834]]}},{"type":"Feature","properties":{"osm_id":16104837,"highway":"residential","name":null,"alt_name":null,"official_name":null,"surface":null,"tracktype":null,"service":null,"access":null,"motor_vehicle":null,"foot":null,"tiger_reviewed":"no","rrgh_part":0,"rrgh_tile_part":0},"geometry":{"type":"LineString","coordinates":[[-83.521666,37.556393],[-83.521682,37.556507],[-83.521694,37.556696],[-83.521697,37.556814],[-83.521694,37.556933],[-83.521687,37.556974],[-83.521664,37.557074],[-83.521643,37.557114],[-83.521611,37.557142],[-83.521579,37.557162],[-83.521549,37.557176],[-83.521511,37.557186],[-83.521469,37.557188],[-83.52131,37.557184],[-83.521245,37.557177],[-83.52105,37.557164],[-83.520985,37.557156],[-83.520853,37.557132],[-83.520582,37.557073],[-83.52032,37.557026],[-83.520164,37.556989]]}},{"type":"Feature","properties":{"osm_id":16104831,"highway":"residential","name":null,"alt_name":null,"official_name":null,"surface":null,"tracktype":null,"service":null,"access":null,"motor_vehicle":null,"foot":null,"tiger_reviewed":"no","rrgh_part":0,"rrgh_tile_part":0},"geometry":{"type":"LineString","coordinates":[[-83.523903,37.556084],[-83.52397,37.556166],[-83.523988,37.556182],[-83.524016,37.556192],[-83.524064,37.556184],[-83.52428,37.556087],[-83.524339,37.556074],[-83.524516,37.556079],[-83.524665,37.55611],[-83.524721,37.556132],[-83.52477,37.556156],[-83.524857,37.556209],[-83.524961,37.556308],[-83.525043,37.556401],[-83.525077,37.556448],[-83.525108,37.556498],[-83.525184,37.55667],[-83.525273,37.556851],[-83.525346,37.556983],[-83.525432,37.557157],[-83.525499,37.557306],[-83.525579,37.557518],[-83.525829,37.558379],[-83.526067,37.559171]]}},{"type":"Feature","properties":{"osm_id":16106029,"highway":"residential","name":null,"alt_name":null,"official_name":null,"surface":null,"tracktype":null,"service":null,"access":null,"motor_vehicle":null,"foot":null,"tiger_reviewed":"no","rrgh_part":0,"rrgh_tile_part":0},"geometry":{"type":"LineString","coordinates":[[-83.539022,37.574467],[-83.539016,37.57448],[-83.538996,37.574526],[-83.538941,37.574714],[-83.538929,37.57481],[-83.538921,37.574849],[-83.538893,37.574926],[-83.538844,37.575196],[-83.538813,37.575274],[-83.538777,37.575346],[-83.538723,37.575437],[-83.53871,37.575468],[-83.538705,37.575501],[-83.538707,37.575535],[-83.538704,37.57557],[-83.538693,37.575603],[-83.538675,37.575634],[-83.538662,37.575667],[-83.538638,37.575742],[-83.538621,37.575782],[-83.538595,37.575817],[-83.538563,37.575846],[-83.538501,37.575892],[-83.53842,37.575983],[-83.538395,37.576001],[-83.538369,37.57601],[-83.538345,37.576013]]}},{"type":"Feature","properties":{"osm_id":16269678,"highway":"residential","name":"Cr-1410","alt_name":null,"official_name":null,"surface":null,"tracktype":null,"service":null,"access":null,"motor_vehicle":null,"foot":null,"tiger_reviewed":"no","rrgh_part":0,"rrgh_tile_part":0},"geometry":{"type":"LineString","coordinates":[[-83.560994,37.58409],[-83.561168,37.584278],[-83.561255,37.584319],[-83.561355,37.584336],[-83.561481,37.584314],[-83.56161,37.584257],[-83.561704,37.584245]]}},{"type":"Feature","properties":{"osm_id":16270017,"highway":"residential","name":"Daniel Road","alt_name":null,"official_name":null,"surface":null,"tracktype":null,"service":null,"access":null,"motor_vehicle":null,"foot":null,"tiger_reviewed":"no","rrgh_part":0,"rrgh_tile_part":0},"geometry":{"type":"LineString","coordinates":[[-83.560994,37.58409],[-83.560613,37.583679],[-83.560166,37.583169],[-83.559964,37.583046],[-83.559902,37.583044],[-83.559674,37.583066],[-83.559569,37.583042],[-83.559489,37.582983],[-83.559132,37.582381],[-83.559049,37.582297],[-83.558991,37.58227]]}},{"type":"Feature","properties":{"osm_id":16268350,"highway":"residential","name":null,"alt_name":null,"official_name":null,"surface":null,"tracktype":null,"service":null,"access":null,"motor_vehicle":null,"foot":null,"tiger_reviewed":"no","rrgh_part":0,"rrgh_tile_part":0},"geometry":{"type":"LineString","coordinates":[[-83.56542,37.58857],[-83.56558,37.588659],[-83.56583,37.588846],[-83.566089,37.588913],[-83.568123,37.590371],[-83.568434,37.590489],[-83.568947,37.590575]]}},{"type":"Feature","properties":{"osm_id":16269117,"highway":"residential","name":"Cr-1409","alt_name":null,"official_name":null,"surface":null,"tracktype":null,"service":null,"access":null,"motor_vehicle":null,"foot":null,"tiger_reviewed":"no","rrgh_part":0,"rrgh_tile_part":0},"geometry":{"type":"LineString","coordinates":[[-83.553618,37.586216],[-83.553641,37.586464],[-83.553617,37.586741],[-83.55329,37.587531],[-83.55327,37.587657],[-83.553276,37.587764],[-83.553307,37.587824],[-83.553348,37.587859],[-83.553431,37.587887],[-83.553533,37.587871],[-83.553633,37.587836],[-83.553789,37.587716],[-83.553882,37.587667],[-83.553981,37.587642],[-83.554008,37.58765],[-83.554018,37.587681],[-83.554006,37.587706],[-83.55386,37.587848],[-83.553474,37.588147],[-83.553317,37.588246],[-83.553162,37.588312]]}},{"type":"Feature","properties":{"osm_id":16269490,"highway":"residential","name":"Rock Lick Road","alt_name":null,"official_name":null,"surface":null,"tracktype":null,"service":null,"access":null,"motor_vehicle":null,"foot":null,"tiger_reviewed":"no","rrgh_part":0,"rrgh_tile_part":0},"geometry":{"type":"LineString","coordinates":[[-83.540224,37.598658],[-83.540421,37.598709],[-83.540672,37.598753],[-83.540909,37.598781],[-83.541025,37.598805],[-83.541129,37.59884],[-83.541228,37.598895],[-83.541588,37.599191],[-83.54179,37.599333],[-83.542258,37.599564],[-83.542463,37.599657],[-83.542556,37.599689],[-83.542743,37.599742],[-83.543358,37.599883],[-83.544064,37.599968],[-83.544162,37.599973],[-83.54424637500001,37.6]]}},{"type":"Feature","properties":{"osm_id":16105707,"highway":"residential","name":null,"alt_name":null,"official_name":null,"surface":null,"tracktype":null,"service":null,"access":null,"motor_vehicle":null,"foot":null,"tiger_reviewed":"no","rrgh_part":0,"rrgh_tile_part":0},"geometry":{"type":"LineString","coordinates":[[-83.545013,37.587895],[-83.543924,37.588134],[-83.54315,37.588113],[-83.542376,37.587908],[-83.541689,37.587613],[-83.540972,37.58766],[-83.53974,37.588006],[-83.53802,37.588787],[-83.536616,37.589203],[-83.53458,37.58955],[-83.534346,37.589696],[-83.53428,37.589721],[-83.534224,37.589751],[-83.533517,37.590064]]}},{"type":"Feature","properties":{"osm_id":16112833,"highway":"residential","name":"Little Rich Woods Road","alt_name":null,"official_name":null,"surface":null,"tracktype":null,"service":null,"access":null,"motor_vehicle":null,"foot":null,"tiger_reviewed":"no","rrgh_part":0,"rrgh_tile_part":0},"geometry":{"type":"LineString","coordinates":[[-83.536692,37.596228],[-83.536722,37.596151],[-83.536751,37.596075],[-83.536772,37.596035],[-83.5368,37.595996],[-83.536835,37.595957],[-83.536922,37.595881],[-83.536966,37.595835],[-83.537119,37.595725],[-83.537178,37.595692],[-83.537237,37.595671],[-83.537494,37.595526],[-83.537562,37.595492],[-83.537634,37.595463],[-83.537709,37.595439],[-83.537788,37.595421],[-83.537957,37.595398],[-83.538212,37.595372],[-83.538346,37.595328],[-83.53841,37.595299],[-83.538582,37.59518],[-83.538648,37.595147],[-83.53872,37.595116],[-83.538798,37.595089],[-83.538878,37.595064],[-83.538955,37.595044],[-83.539017,37.595023],[-83.539065,37.594992],[-83.539094,37.594943],[-83.539184,37.594767],[-83.539355,37.594479],[-83.539505,37.594274],[-83.53965,37.594108],[-83.539772,37.593952],[-83.539855,37.593881],[-83.540063,37.593759],[-83.540111,37.593701],[-83.540144,37.593627],[-83.540168,37.593555],[-83.540231,37.59346],[-83.540344,37.593261],[-83.540437,37.593168],[-83.540557,37.593089],[-83.540892,37.592903],[-83.541217,37.592709],[-83.541598,37.592427],[-83.54188,37.592251],[-83.542195,37.592066],[-83.542245,37.592],[-83.542269,37.591934],[-83.542301,37.591804],[-83.542324,37.591753],[-83.542334,37.591699],[-83.542335,37.591647],[-83.542312,37.591545],[-83.542305,37.591493],[-83.542308,37.591434],[-83.542324,37.591371],[-83.542351,37.591314],[-83.542381,37.591262],[-83.542406,37.591201],[-83.542442,37.591066],[-83.542481,37.590863],[-83.542495,37.590745],[-83.542494,37.590693],[-83.54247,37.590617],[-83.542457,37.590544],[-83.542483,37.590479],[-83.542527,37.590433]]}},{"type":"Feature","properties":{"osm_id":16105736,"highway":"residential","name":null,"alt_name":null,"official_name":null,"surface":null,"tracktype":null,"service":null,"access":null,"motor_vehicle":null,"foot":null,"tiger_reviewed":"no","rrgh_part":0,"rrgh_tile_part":0},"geometry":{"type":"LineString","coordinates":[[-83.527492,37.594787],[-83.527494,37.594875],[-83.527505,37.594977],[-83.527566,37.595207],[-83.527668,37.595715],[-83.527735,37.59602],[-83.527757,37.596281],[-83.527778,37.596441],[-83.52778,37.596487],[-83.527772,37.596533],[-83.527759,37.596578],[-83.527633,37.596902],[-83.527482,37.597278],[-83.527371,37.597542],[-83.527324,37.597595],[-83.527272,37.59767],[-83.527176,37.597869],[-83.527156,37.597896],[-83.527142,37.597935],[-83.527064,37.598042],[-83.52704,37.598057],[-83.526997,37.598109],[-83.526948,37.59816],[-83.526921,37.598182],[-83.526737,37.598356],[-83.526713,37.598374],[-83.526679,37.598406]]}},{"type":"Feature","properties":{"osm_id":16112419,"highway":"residential","name":"Arch Crawford Cemetery Road","alt_name":null,"official_name":null,"surface":null,"tracktype":null,"service":null,"access":null,"motor_vehicle":null,"foot":null,"tiger_reviewed":"no","rrgh_part":0,"rrgh_tile_part":0},"geometry":{"type":"LineString","coordinates":[[-83.521562,37.596931],[-83.521709,37.596967],[-83.521805,37.596996],[-83.522008,37.597082],[-83.522183,37.597161],[-83.52223,37.597192],[-83.522291,37.597253],[-83.522333,37.597279],[-83.522496,37.597337],[-83.522568,37.597358],[-83.522648,37.59739],[-83.522688,37.597414]]}},{"type":"Feature","properties":{"osm_id":16105186,"highway":"residential","name":null,"alt_name":null,"official_name":null,"surface":null,"tracktype":null,"service":null,"access":null,"motor_vehicle":null,"foot":null,"tiger_reviewed":"no","rrgh_part":0,"rrgh_tile_part":0},"geometry":{"type":"LineString","coordinates":[[-83.517887,37.555856],[-83.517339,37.556151],[-83.517254,37.556195],[-83.517153,37.556257],[-83.517049,37.556333],[-83.516997,37.556376],[-83.51691,37.556459],[-83.51685,37.556526],[-83.516802,37.556587],[-83.516764,37.556659],[-83.516746,37.556701],[-83.516732,37.556743],[-83.516723,37.556787],[-83.51672,37.55683],[-83.516745,37.556958],[-83.516784,37.557279],[-83.516803,37.557396],[-83.516829,37.557507],[-83.516821,37.557567],[-83.516772,37.557656],[-83.516739,37.557683],[-83.516702,37.557701],[-83.516662,37.557714],[-83.516532,37.557745],[-83.516481,37.557754],[-83.516428,37.557757],[-83.516371,37.557753],[-83.516288,37.55773],[-83.51622,37.557706],[-83.516185,37.557698],[-83.516157,37.557697],[-83.516138,37.557702]]}},{"type":"Feature","properties":{"osm_id":16116295,"highway":"residential","name":"Brewer Cemetery 1 Road","alt_name":null,"official_name":null,"surface":null,"tracktype":null,"service":null,"access":null,"motor_vehicle":null,"foot":null,"tiger_reviewed":"no","rrgh_part":0,"rrgh_tile_part":0},"geometry":{"type":"LineString","coordinates":[[-83.516288,37.55773],[-83.51634,37.557765],[-83.516488,37.557819],[-83.516529,37.557823],[-83.516929,37.55776],[-83.516995,37.557743],[-83.517021,37.557724],[-83.517046,37.557684],[-83.517082,37.557596],[-83.517128,37.557454],[-83.51716,37.557318],[-83.517214,37.557168],[-83.517229,37.557134],[-83.517284,37.557042]]}},{"type":"Feature","properties":{"osm_id":16108773,"highway":"residential","name":"Clover Branch Road","alt_name":null,"official_name":null,"surface":null,"tracktype":null,"service":null,"access":null,"motor_vehicle":null,"foot":null,"tiger_reviewed":"no","rrgh_part":0,"rrgh_tile_part":0},"geometry":{"type":"LineString","coordinates":[[-83.518185,37.555464],[-83.517887,37.555856],[-83.517846,37.555911],[-83.517714,37.556058],[-83.517684,37.556107],[-83.51768,37.556143],[-83.517688,37.556168],[-83.517702,37.556187],[-83.517724,37.556204],[-83.517983,37.556352],[-83.518052,37.556405],[-83.518118,37.556464],[-83.518175,37.556529],[-83.518223,37.556591],[-83.518297,37.5567],[-83.518313,37.556762],[-83.51832,37.556826],[-83.518314,37.556894],[-83.518302,37.556961],[-83.518274,37.557064],[-83.518267,37.557116],[-83.518253,37.557171],[-83.518204,37.557473],[-83.518173,37.557609],[-83.518144,37.557767],[-83.518072,37.558201],[-83.518067,37.558375],[-83.518054,37.558532],[-83.518056,37.558602],[-83.518074,37.558667],[-83.518105,37.558726],[-83.518151,37.55878],[-83.518231,37.558846],[-83.518262,37.558879],[-83.518283,37.558922],[-83.518287,37.558944],[-83.518286,37.558972],[-83.518279,37.559004],[-83.518236,37.559106],[-83.518216,37.559167],[-83.518174,37.559364],[-83.518139,37.559551],[-83.518104,37.559672],[-83.518077,37.559785],[-83.518028,37.560037],[-83.517993,37.560165],[-83.517972,37.560224],[-83.517945,37.560276],[-83.517869,37.560482],[-83.517819,37.560589],[-83.517665,37.560807],[-83.517588,37.560951],[-83.517514,37.561141],[-83.517462,37.561289],[-83.517404,37.561513],[-83.517382,37.56162],[-83.51738,37.561756],[-83.517367,37.561882],[-83.517351,37.56199],[-83.517337,37.562042],[-83.517283,37.56211],[-83.517244,37.562151],[-83.51708,37.562294],[-83.51704,37.562325],[-83.517,37.562352],[-83.516959,37.562374],[-83.516885,37.562403],[-83.516831,37.56242]]}},{"type":"Feature","properties":{"osm_id":16111073,"highway":"residential","name":"Spicer Cemetery Road","alt_name":null,"official_name":null,"surface":null,"tracktype":null,"service":null,"access":null,"motor_vehicle":null,"foot":null,"tiger_reviewed":"no","rrgh_part":0,"rrgh_tile_part":0},"geometry":{"type":"LineString","coordinates":[[-83.512737,37.555858],[-83.512738,37.555899],[-83.512748,37.555953],[-83.512746,37.556002],[-83.512727,37.556068],[-83.512643,37.556285],[-83.51262,37.556384],[-83.512613,37.556484],[-83.512591,37.556601],[-83.512548,37.556676],[-83.512511,37.556793],[-83.512504,37.556832],[-83.512489,37.557049],[-83.512495,37.557089],[-83.512509,37.557141]]}},{"type":"Feature","properties":{"osm_id":16104164,"highway":"residential","name":"New Branch Road","alt_name":null,"official_name":null,"surface":null,"tracktype":null,"service":null,"access":null,"motor_vehicle":null,"foot":null,"tiger_reviewed":"no","rrgh_part":0,"rrgh_tile_part":0},"geometry":{"type":"LineString","coordinates":[[-83.517875,37.58527],[-83.517828,37.585357],[-83.517778,37.585466],[-83.517746,37.585544],[-83.517733,37.585589],[-83.517687,37.585665],[-83.517617,37.585766],[-83.517591,37.585792],[-83.51756,37.585811],[-83.517497,37.585859],[-83.51741,37.585913],[-83.517238,37.586038],[-83.517116,37.586145],[-83.516966,37.586251],[-83.516932,37.586279],[-83.516903,37.586311],[-83.516883,37.586352],[-83.516879,37.586394],[-83.516886,37.586473],[-83.516902,37.586545],[-83.516937,37.586617],[-83.516941,37.586634],[-83.516938,37.586655],[-83.516929,37.586678],[-83.516832,37.58682],[-83.516775,37.586913],[-83.516759,37.587035],[-83.516763,37.587083],[-83.516794,37.587184],[-83.516863,37.587328],[-83.516843,37.587389],[-83.516801,37.587442],[-83.516787,37.587465],[-83.516774,37.587508],[-83.516781,37.58754],[-83.516824,37.587595]]}},{"type":"Feature","properties":{"osm_id":16106919,"highway":"residential","name":"New Bridge","alt_name":null,"official_name":null,"surface":null,"tracktype":null,"service":null,"access":null,"motor_vehicle":null,"foot":null,"tiger_reviewed":"no","rrgh_part":0,"rrgh_tile_part":0},"geometry":{"type":"LineString","coordinates":[[-83.516824,37.587595],[-83.516857,37.587568],[-83.516894,37.58754]]}},{"type":"Feature","properties":{"osm_id":16104170,"highway":"residential","name":"New Branch Road","alt_name":null,"official_name":null,"surface":null,"tracktype":null,"service":null,"access":null,"motor_vehicle":null,"foot":null,"tiger_reviewed":"no","rrgh_part":0,"rrgh_tile_part":0},"geometry":{"type":"LineString","coordinates":[[-83.516824,37.587595],[-83.516789,37.58763],[-83.516764,37.587672],[-83.516717,37.587766],[-83.516652,37.58791],[-83.516634,37.588004],[-83.516618,37.588028],[-83.51651,37.588122],[-83.516215,37.588343],[-83.51618,37.588373],[-83.516149,37.588408],[-83.516127,37.588451],[-83.516053,37.588668],[-83.516024,37.588787],[-83.516003,37.588895],[-83.515966,37.588997],[-83.515941,37.589038],[-83.515871,37.589104],[-83.515758,37.589178],[-83.515713,37.58922],[-83.515651,37.589305],[-83.51561,37.589333],[-83.515531,37.589358],[-83.515462,37.589391],[-83.515397,37.589427],[-83.515339,37.589473],[-83.515292,37.589526],[-83.51526,37.589579],[-83.515209,37.589685],[-83.515171,37.589787],[-83.515145,37.589836],[-83.515109,37.589883],[-83.515064,37.589928],[-83.514957,37.590024],[-83.514846,37.590137],[-83.514793,37.590198],[-83.514729,37.590252],[-83.514661,37.590295],[-83.514588,37.590329],[-83.514271,37.590399],[-83.514041,37.59047],[-83.513959,37.590489],[-83.513875,37.590503],[-83.513791,37.590513],[-83.513492,37.59053],[-83.513423,37.590549],[-83.513363,37.590582],[-83.513318,37.59062],[-83.513281,37.590657],[-83.513211,37.590737],[-83.513174,37.590769]]}},{"type":"Feature","properties":{"osm_id":16111745,"highway":"residential","name":"Widge Way","alt_name":null,"official_name":null,"surface":null,"tracktype":null,"service":null,"access":null,"motor_vehicle":null,"foot":null,"tiger_reviewed":"no","rrgh_part":0,"rrgh_tile_part":0},"geometry":{"type":"LineString","coordinates":[[-83.505,37.58516300000001],[-83.505037,37.585098],[-83.505163,37.584848],[-83.505193,37.584773],[-83.505214,37.584711],[-83.505242,37.584598],[-83.505248,37.584552],[-83.505258,37.584301],[-83.505266,37.584249],[-83.505304,37.584079],[-83.505321,37.583966],[-83.505346,37.583868],[-83.505382,37.583772],[-83.505429,37.583661],[-83.505458,37.583602],[-83.505581,37.58338],[-83.505605,37.583329],[-83.505616,37.583277],[-83.50561,37.583226],[-83.505588,37.583179],[-83.505555,37.583138],[-83.505475,37.583068],[-83.505365,37.582946],[-83.505288,37.582874],[-83.505245,37.582848],[-83.505198,37.582811],[-83.505072,37.582727],[-83.505,37.582685731707315]]}}],"rrgh_tile":{"id":"r2c5","bounds":[37.525000000000006,-83.59,37.6,-83.505]}}
