{"type":"FeatureCollection","features":[{"type":"Feature","properties":{"osm_id":16111440,"highway":"unclassified","name":"Stray Branch Road","alt_name":null,"official_name":null,"surface":null,"tracktype":null,"service":null,"access":null,"motor_vehicle":null,"foot":null,"tiger_reviewed":"no","rrgh_part":0,"rrgh_tile_part":0},"geometry":{"type":"LineString","coordinates":[[-83.37417060273972,37.525000000000006],[-83.37425,37.525294],[-83.374257,37.525356],[-83.374275,37.525415],[-83.374355,37.525615],[-83.374414,37.525789],[-83.37445,37.525863],[-83.374462,37.525931],[-83.374469,37.526063],[-83.374483,37.526118],[-83.37448,37.52639],[-83.374448,37.526511],[-83.374245,37.526763],[-83.374101,37.526973],[-83.374078,37.527037],[-83.374084,37.527092]]}},{"type":"Feature","properties":{"osm_id":16104786,"highway":"residential","name":null,"alt_name":null,"official_name":null,"surface":null,"tracktype":null,"service":null,"access":null,"motor_vehicle":null,"foot":null,"tiger_reviewed":"no","rrgh_part":0,"rrgh_tile_part":0},"geometry":{"type":"LineString","coordinates":[[-83.416557,37.528702],[-83.416463,37.528733],[-83.416032,37.528886],[-83.415717,37.52898],[-83.415438,37.529056],[-83.415165,37.52914],[-83.415093,37.529154],[-83.415022,37.529161],[-83.414678,37.529188],[-83.414473,37.529195],[-83.414411,37.529191],[-83.414146,37.529153],[-83.41338,37.529126],[-83.413272,37.529117],[-83.413223,37.529107],[-83.413136,37.52907],[-83.412995,37.528977],[-83.412968,37.528964]]}},{"type":"Feature","properties":{"osm_id":16113072,"highway":"residential","name":"Griffith Branch Road","alt_name":null,"official_name":null,"surface":null,"tracktype":null,"service":null,"access":null,"motor_vehicle":null,"foot":null,"tiger_reviewed":"no","rrgh_part":0,"rrgh_tile_part":0},"geometry":{"type":"LineString","coordinates":[[-83.406909,37.536411],[-83.407044,37.536432],[-83.407219,37.536479],[-83.407362,37.536508],[-83.407522,37.536526],[-83.407608,37.536529],[-83.407701,37.536525],[-83.407889,37.536512],[-83.408539,37.536448],[-83.408749,37.536405],[-83.40904,37.536312],[-83.409134,37.536299],[-83.409343,37.536291],[-83.409452,37.536276],[-83.410058,37.536112],[-83.410169,37.536075],[-83.410273,37.536031],[-83.410719,37.535793],[-83.410923,37.535708],[-83.411019,37.535655],[-83.411193,37.535536],[-83.411281,37.535485],[-83.411375,37.535448],[-83.411471,37.535425],[-83.411672,37.535398],[-83.411937,37.535347],[-83.41201,37.535338],[-83.412085,37.535343],[-83.412257,37.535405],[-83.412481,37.535473],[-83.412952,37.535586],[-83.413049,37.535629],[-83.413194,37.535704],[-83.413522,37.53589],[-83.413727,37.535982],[-83.414117,37.536129],[-83.414281,37.536233],[-83.414505,37.536424],[-83.414677,37.536542],[-83.414939,37.536703],[-83.415174,37.536875],[-83.41524,37.53694],[-83.415297,37.537006],[-83.415344,37.537081],[-83.415395,37.537138],[-83.415515,37.537233],[-83.415587,37.537275],[-83.415667,37.537308],[-83.415753,37.537335],[-83.415939,37.537365],[-83.416124,37.53738],[-83.416212,37.537392],[-83.416295,37.537409],[-83.416371,37.537434],[-83.416578,37.537521],[-83.41664,37.537539],[-83.416824,37.537568],[-83.416887,37.537583],[-83.416916,37.537593],[-83.417003,37.537639]]}},{"type":"Feature","properties":{"osm_id":16104851,"highway":"service","name":null,"alt_name":null,"official_name":null,"surface":null,"tracktype":null,"service":null,"access":"private","motor_vehicle":null,"foot":null,"tiger_reviewed":"no","rrgh_part":0,"rrgh_tile_part":0},"geometry":{"type":"LineString","coordinates":[[-83.416356,37.541804],[-83.416421,37.541834],[-83.416628,37.541941],[-83.416654,37.541962]]}},{"type":"Feature","properties":{"osm_id":16107148,"highway":"residential","name":"Callahan Lane","alt_name":null,"official_name":null,"surface":null,"tracktype":null,"service":null,"access":null,"motor_vehicle":null,"foot":null,"tiger_reviewed":"no","rrgh_part":0,"rrgh_tile_part":0},"geometry":{"type":"LineString","coordinates":[[-83.416887,37.537583],[-83.416868,37.537545],[-83.416827,37.537442],[-83.416816,37.537393],[-83.416817,37.537288],[-83.416828,37.537187],[-83.416817,37.537095],[-83.416785,37.537008],[-83.416732,37.536935],[-83.41667,37.536868],[-83.416647,37.536835],[-83.416637,37.536799],[-83.416641,37.536766],[-83.416654,37.536735],[-83.416679,37.536706],[-83.416717,37.536686],[-83.416759,37.536679],[-83.416875,37.536698]]}},{"type":"Feature","properties":{"osm_id":16108967,"highway":"residential","name":"Heather Lane","alt_name":null,"official_name":null,"surface":null,"tracktype":null,"service":null,"access":null,"motor_vehicle":null,"foot":null,"tiger_reviewed":"no","rrgh_part":0,"rrgh_tile_part":0},"geometry":{"type":"LineString","coordinates":[[-83.416863,37.538884],[-83.4169337,37.53885],[-83.4169605,37.5387926],[-83.4170142,37.5385544],[-83.417184,37.538279],[-83.417334,37.538119],[-83.417502,37.537963],[-83.417627,37.537877],[-83.417695,37.537846],[-83.417765,37.537821],[-83.417907,37.537783],[-83.418143,37.537737],[-83.418215,37.537733],[-83.418235,37.537738],[-83.418243,37.537753],[-83.418237,37.537769],[-83.418039,37.537852]]}},{"type":"Feature","properties":{"osm_id":16112380,"highway":"residential","name":"South House Lane","alt_name":null,"official_name":null,"surface":null,"tracktype":null,"service":null,"access":null,"motor_vehicle":null,"foot":null,"tiger_reviewed":"no","rrgh_part":0,"rrgh_tile_part":0},"geometry":{"type":"LineString","coordinates":[[-83.41638,37.538868],[-83.416455,37.538873],[-83.416751,37.538874],[-83.416863,37.538884]]}},{"type":"Feature","properties":{"osm_id":16112384,"highway":"residential","name":"South House Lane","alt_name":null,"official_name":null,"surface":null,"tracktype":null,"service":null,"access":null,"motor_vehicle":null,"foot":null,"tiger_reviewed":"no","rrgh_part":0,"rrgh_tile_part":0},"geometry":{"type":"LineString","coordinates":[[-83.416863,37.538884],[-83.416849,37.538933],[-83.416839,37.538954],[-83.416796,37.539139],[-83.416791,37.539198],[-83.416797,37.539258],[-83.416814,37.539317],[-83.416994,37.539726],[-83.417139,37.540117],[-83.417193,37.540243],[-83.417312,37.540496],[-83.417526,37.540896]]}},{"type":"Feature","properties":{"osm_id":16116531,"highway":"residential","name":"Mulberry Lane","alt_name":null,"official_name":null,"surface":null,"tracktype":null,"service":null,"access":null,"motor_vehicle":null,"foot":null,"tiger_reviewed":"no","rrgh_part":0,"rrgh_tile_part":0},"geometry":{"type":"LineString","coordinates":[[-83.416863,37.538884],[-83.416874,37.538885],[-83.41694,37.538898],[-83.417006,37.538919],[-83.41707,37.538949],[-83.417128,37.538988],[-83.417419,37.53928],[-83.417525,37.539371],[-83.417688,37.539494],[-83.417828,37.53961],[-83.417947,37.539712],[-83.41801,37.539775]]}},{"type":"Feature","properties":{"osm_id":16112750,"highway":"residential","name":"Griffith Road","alt_name":null,"official_name":null,"surface":null,"tracktype":null,"service":null,"access":null,"motor_vehicle":null,"foot":null,"tiger_reviewed":"no","rrgh_part":0,"rrgh_tile_part":0},"geometry":{"type":"LineString","coordinates":[[-83.41509,37.544257],[-83.415179,37.54428],[-83.415249,37.544312],[-83.415281,37.54434],[-83.41531,37.544382],[-83.415328,37.544429],[-83.415347,37.544559],[-83.415356,37.544719],[-83.415349,37.544976],[-83.415323,37.545154],[-83.415305,37.545245],[-83.415255,37.545411],[-83.415208,37.545541],[-83.415156,37.545652],[-83.415055,37.545825],[-83.414971,37.545938],[-83.414891,37.54603]]}},{"type":"Feature","properties":{"osm_id":287411562,"highway":"residential","name":"Chick Little Road","alt_name":null,"official_name":null,"surface":null,"tracktype":null,"service":null,"access":null,"motor_vehicle":null,"foot":null,"tiger_reviewed":null,"rrgh_part":0,"rrgh_tile_part":0},"geometry":{"type":"LineString","coordinates":[[-83.4152931,37.5440592],[-83.415153,37.5440468]]}},{"type":"Feature","properties":{"osm_id":287411563,"highway":"residential","name":"Chick Little Road","alt_name":null,"official_name":null,"surface":null,"tracktype":null,"service":null,"access":null,"motor_vehicle":null,"foot":null,"tiger_reviewed":null,"rrgh_part":0,"rrgh_tile_part":0},"geometry":{"type":"LineString","coordinates":[[-83.4156854,37.5440671],[-83.4152931,37.5440592]]}},{"type":"Feature","properties":{"osm_id":16112415,"highway":"residential","name":"Chick Little Road","alt_name":null,"official_name":null,"surface":null,"tracktype":null,"service":null,"access":null,"motor_vehicle":null,"foot":null,"tiger_reviewed":null,"rrgh_part":0,"rrgh_tile_part":0},"geometry":{"type":"LineString","coordinates":[[-83.416307,37.551957],[-83.416443,37.551872],[-83.416706,37.551712],[-83.41683,37.551617],[-83.416892,37.551557],[-83.417109,37.551266],[-83.417319,37.550956],[-83.417366,37.550877],[-83.417453,37.550715],[-83.417525,37.550549],[-83.417581,37.550375],[-83.417603,37.550284],[-83.417617,37.550189],[-83.417622,37.550093],[-83.417617,37.549997],[-83.4176,37.549907],[-83.417573,37.549821],[-83.417536,37.549742],[-83.417492,37.549668],[-83.41744,37.549599],[-83.417379,37.549536],[-83.417307,37.549477],[-83.417135,37.549368],[-83.416612,37.549089],[-83.416385,37.548977],[-83.41616,37.548877],[-83.416044,37.548832],[-83.415809,37.548754],[-83.415692,37.548724],[-83.415484,37.548679],[-83.415341,37.548663],[-83.415255,37.548669],[-83.415049,37.548706],[-83.414996,37.548709],[-83.414908,37.5487],[-83.414825,37.548669],[-83.414793,37.548645],[-83.414736,37.54858],[-83.414649,37.548321],[-83.414611,37.547568],[-83.414627,37.547499],[-83.414823,37.546881],[-83.414858,37.5468],[-83.41493,37.546685],[-83.415043,37.546611],[-83.415178,37.546535],[-83.415282,37.546467],[-83.415406,37.546395],[-83.415515,37.546324],[-83.415609,37.54625],[-83.41573,37.546072],[-83.415792,37.545962],[-83.415898,37.545726],[-83.415959,37.545609],[-83.415997,37.545471],[-83.416037,37.545235],[-83.416024,37.545129],[-83.415993,37.54505],[-83.415929,37.544976],[-83.415849,37.544908],[-83.415793,37.544835],[-83.415728,37.544716],[-83.4157315,37.5444344],[-83.4157374,37.5443102],[-83.4157695,37.5441532],[-83.4157655,37.5441148],[-83.4157405,37.544083],[-83.4156854,37.5440671]]}},{"type":"Feature","properties":{"osm_id":906304543,"highway":"service","name":null,"alt_name":null,"official_name":null,"surface":null,"tracktype":null,"service":null,"access":null,"motor_vehicle":null,"foot":null,"tiger_reviewed":null,"rrgh_part":0,"rrgh_tile_part":0},"geometry":{"type":"LineString","coordinates":[[-83.419124,37.5537157],[-83.4191796,37.5538711],[-83.4192944,37.5540947],[-83.4193757,37.5541724],[-83.419586,37.5544756],[-83.4196554,37.554542],[-83.4199972,37.554669],[-83.42,37.55466998466305]]}},{"type":"Feature","properties":{"osm_id":16111823,"highway":"residential","name":"Armory Drive","alt_name":null,"official_name":null,"surface":null,"tracktype":null,"service":null,"access":null,"motor_vehicle":null,"foot":null,"tiger_reviewed":"no","rrgh_part":0,"rrgh_tile_part":0},"geometry":{"type":"LineString","coordinates":[[-83.374084,37.527092],[-83.374139,37.527074],[-83.374453,37.526981],[-83.374558,37.526961],[-83.374621,37.526958],[-83.374697,37.526966],[-83.374849,37.527011],[-83.375074,37.527065],[-83.375139,37.527088],[-83.37528,37.527126],[-83.375442,37.527165],[-83.375725,37.527208],[-83.375864,37.527233],[-83.376022,37.527276],[-83.376167,37.527325],[-83.376269,37.52737],[-83.376424,37.527444],[-83.376712,37.527569],[-83.37693,37.527685],[-83.37706,37.527779],[-83.37719,37.527885],[-83.377375,37.528051],[-83.377429,37.528117],[-83.37748,37.528197],[-83.3777,37.528499],[-83.378054,37.528875],[-83.378329,37.529197],[-83.378407,37.529262],[-83.378803,37.529649],[-83.378951,37.529758],[-83.379037,37.529814],[-83.379223,37.529917],[-83.379509,37.530062],[-83.379802,37.530191],[-83.380456,37.530513],[-83.380529,37.530569],[-83.380594,37.53063],[-83.380698,37.530762],[-83.380963,37.53122],[-83.381065,37.531355],[-83.381183,37.531474],[-83.381314,37.531577],[-83.381449,37.531662],[-83.381521,37.531695],[-83.381591,37.531719],[-83.38193,37.531818],[-83.382088,37.531883],[-83.382148,37.531919],[-83.382264,37.532003],[-83.38236,37.53208],[-83.382483,37.532139],[-83.382608,37.53218],[-83.383011,37.532267],[-83.383227,37.532332],[-83.383414,37.532402],[-83.38346,37.53242],[-83.383637,37.53247],[-83.383763,37.532497],[-83.383874,37.532511],[-83.383992,37.532496],[-83.384125,37.532472],[-83.384441,37.532356],[-83.384784,37.532247],[-83.384931,37.532218],[-83.385217,37.532195],[-83.385357,37.53219],[-83.3855,37.53217],[-83.385719,37.532128],[-83.385845,37.532115],[-83.385977,37.532109],[-83.386099,37.532111],[-83.386358,37.532149],[-83.386594,37.532163],[-83.386802,37.532163],[-83.386964,37.532169],[-83.387294,37.532194],[-83.387385,37.532208],[-83.387472,37.532228],[-83.387556,37.532249],[-83.387856,37.532382],[-83.387964,37.532422],[-83.388023,37.53243],[-83.38812,37.532422],[-83.388225,37.532398],[-83.388292,37.532376],[-83.388368,37.532341],[-83.388441,37.532288],[-83.388579,37.53216],[-83.388664,37.532127],[-83.388776,37.532111],[-83.38904,37.532086],[-83.3897009,37.5320667],[-83.389907,37.532065],[-83.390144,37.532093],[-83.390391,37.532136],[-83.391083,37.532349],[-83.391657,37.532505],[-83.391923,37.532606],[-83.392177,37.532719],[-83.392383,37.532801],[-83.392499,37.532853],[-83.392612,37.532922],[-83.392735,37.532987],[-83.393074,37.533148],[-83.393145,37.533201],[-83.393179,37.533244]]}},{"type":"Feature","properties":{"osm_id":16105621,"highway":"service","name":null,"alt_name":null,"official_name":null,"surface":null,"tracktype":null,"service":null,"access":"private","motor_vehicle":null,"foot":null,"tiger_reviewed":"no","rrgh_part":0,"rrgh_tile_part":0},"geometry":{"type":"LineString","coordinates":[[-83.412877,37.525844],[-83.412783,37.525753],[-83.412726,37.525711],[-83.412641,37.525673],[-83.412404,37.525618],[-83.412304,37.525589],[-83.412197,37.525549],[-83.412098,37.525496],[-83.412043,37.525474],[-83.411972,37.525454],[-83.41194,37.52545],[-83.411806,37.525453],[-83.411514,37.525485],[-83.411425,37.525488]]}},{"type":"Feature","properties":{"osm_id":16111336,"highway":"residential","name":"Peacock Lane","alt_name":null,"official_name":null,"surface":null,"tracktype":null,"service":null,"access":null,"motor_vehicle":null,"foot":null,"tiger_reviewed":"no","rrgh_part":0,"rrgh_tile_part":0},"geometry":{"type":"LineString","coordinates":[[-83.376269,37.52737],[-83.376317,37.527353],[-83.37639,37.527318],[-83.376785,37.527206],[-83.376954,37.527145],[-83.377087,37.527083],[-83.377214,37.527002],[-83.377289,37.526945],[-83.377366,37.526874],[-83.377449,37.526784],[-83.377559,37.526711],[-83.377701,37.526649],[-83.377853,37.526595],[-83.377918,37.526566],[-83.378022,37.526497],[-83.378161,37.526394],[-83.37826,37.526337],[-83.378435,37.526266],[-83.378555,37.526226],[-83.378675,37.526197],[-83.378793,37.526187],[-83.378939,37.526187],[-83.379109,37.526198],[-83.379291,37.526226],[-83.37947,37.526246],[-83.379624,37.526254],[-83.379771,37.526277],[-83.379836,37.526276],[-83.379886,37.526265],[-83.379938,37.526243],[-83.38,37.526182],[-83.380021,37.526093],[-83.380014,37.526066],[-83.379998,37.52604],[-83.379968,37.526023],[-83.379926,37.526015],[-83.379712,37.525987],[-83.379537,37.525955]]}},{"type":"Feature","properties":{"osm_id":16111456,"highway":"residential","name":"Stray Branch Road","alt_name":null,"official_name":null,"surface":null,"tracktype":null,"service":null,"access":null,"motor_vehicle":null,"foot":null,"tiger_reviewed":"no","rrgh_part":0,"rrgh_tile_part":0},"geometry":{"type":"LineString","coordinates":[[-83.36834983333333,37.525000000000006],[-83.368162,37.525161],[-83.368074,37.525227],[-83.367807,37.525361],[-83.367508,37.525498],[-83.367294,37.525611],[-83.367206,37.525652],[-83.367148,37.525669],[-83.367001,37.525742],[-83.366961,37.525769],[-83.366792,37.525935],[-83.366677,37.526023],[-83.366613,37.526059],[-83.366431,37.526127],[-83.366076,37.52629],[-83.365957,37.526317],[-83.365724,37.526404],[-83.365684,37.526423],[-83.365553,37.526507]]}},{"type":"Feature","properties":{"osm_id":16112847,"highway":"residential","name":"Lick Branch Road","alt_name":null,"official_name":null,"surface":null,"tracktype":null,"service":null,"access":null,"motor_vehicle":null,"foot":null,"tiger_reviewed":"no","rrgh_part":0,"rrgh_tile_part":0},"geometry":{"type":"LineString","coordinates":[[-83.374084,37.527092],[-83.373582,37.527591],[-83.373381,37.527797],[-83.373313,37.52785],[-83.373177,37.527934],[-83.373028,37.528037],[-83.372977,37.528094],[-83.372945,37.528171],[-83.372929,37.528277],[-83.372931,37.528398],[-83.372978,37.528622],[-83.373004,37.528701],[-83.373085,37.529011],[-83.373094,37.529066],[-83.373088,37.529123],[-83.373061,37.529181],[-83.372929,37.529335],[-83.372798,37.529425],[-83.372539,37.5295],[-83.37242,37.529572],[-83.372351,37.529656],[-83.372339,37.529751],[-83.372336,37.529841],[-83.372316,37.529944],[-83.372236,37.530112],[-83.372208,37.530195],[-83.372197,37.530437],[-83.372095,37.530832],[-83.37122,37.532449],[-83.371118,37.532678]]}},{"type":"Feature","properties":{"osm_id":16115675,"highway":"residential","name":"Turner Drive","alt_name":null,"official_name":null,"surface":null,"tracktype":null,"service":null,"access":null,"motor_vehicle":null,"foot":null,"tiger_reviewed":"no","rrgh_part":0,"rrgh_tile_part":0},"geometry":{"type":"LineString","coordinates":[[-83.363226,37.530595],[-83.363086,37.530409],[-83.363018,37.530304],[-83.362923,37.530146],[-83.362905,37.530103],[-83.36284,37.530002],[-83.362721,37.529856],[-83.362628,37.529763],[-83.362486,37.529635],[-83.362072,37.529306],[-83.361833,37.529128],[-83.361795,37.529117],[-83.361758,37.52912],[-83.361725,37.529136],[-83.361693,37.529164],[-83.361473,37.529444],[-83.360897,37.530123],[-83.360633,37.530429],[-83.360544,37.530512],[-83.360478,37.530564]]}},{"type":"Feature","properties":{"osm_id":16115652,"highway":"residential","name":"Knack","alt_name":null,"official_name":null,"surface":null,"tracktype":null,"service":null,"access":null,"motor_vehicle":null,"foot":null,"tiger_reviewed":"no","rrgh_part":0,"rrgh_tile_part":0},"geometry":{"type":"LineString","coordinates":[[-83.367294,37.525611],[-83.367128,37.525522],[-83.366763,37.525349],[-83.366635,37.525302],[-83.36655,37.525292],[-83.366437,37.525302],[-83.366061,37.525397],[-83.365656,37.525537],[-83.365213,37.525698],[-83.364703,37.525896],[-83.364329,37.526006],[-83.364173,37.526047],[-83.363997,37.52607],[-83.363742,37.526085],[-83.363287,37.526065],[-83.363203,37.526059],[-83.363137,37.526048],[-83.362775,37.525968],[-83.362697,37.525945],[-83.362379,37.52582],[-83.362287,37.52576],[-83.362212,37.525696],[-83.362058,37.525542],[-83.361992,37.525447],[-83.361925,37.525298],[-83.361916,37.525262]]}},{"type":"Feature","properties":{"osm_id":16108709,"highway":"residential","name":"McIntosh 1 Cemetery Road","alt_name":null,"official_name":null,"surface":null,"tracktype":null,"service":null,"access":null,"motor_vehicle":null,"foot":null,"tiger_reviewed":"no","rrgh_part":0,"rrgh_tile_part":0},"geometry":{"type":"LineString","coordinates":[[-83.388645,37.531329],[-83.388641,37.531288],[-83.388632,37.53126],[-83.388574,37.531148],[-83.388557,37.531057],[-83.388559,37.53093],[-83.388592,37.530693],[-83.388603,37.530563],[-83.388628,37.530486]]}},{"type":"Feature","properties":{"osm_id":16117040,"highway":"residential","name":"Oaks Lane","alt_name":null,"official_name":null,"surface":null,"tracktype":null,"service":null,"access":null,"motor_vehicle":null,"foot":null,"tiger_reviewed":"no","rrgh_part":0,"rrgh_tile_part":0},"geometry":{"type":"LineString","coordinates":[[-83.387856,37.532382],[-83.387864,37.532367],[-83.387906,37.532287],[-83.388048,37.531888],[-83.388076,37.531833],[-83.388139,37.531763],[-83.388234,37.5317],[-83.388306,37.531668],[-83.388424,37.531587],[-83.388479,37.531532],[-83.388645,37.531329],[-83.38887,37.531127],[-83.38899,37.531006],[-83.389039,37.530975],[-83.389093,37.530959],[-83.389141,37.530967],[-83.389165,37.530977],[-83.389205,37.531007],[-83.389285,37.531095],[-83.389355,37.531156],[-83.389492,37.531246],[-83.389554,37.53128],[-83.389654,37.531324],[-83.389816,37.531367],[-83.390113,37.531414],[-83.39019,37.531411],[-83.390225,37.531401],[-83.390268,37.531378]]}},{"type":"Feature","properties":{"osm_id":1151360353,"highway":"service","name":null,"alt_name":null,"official_name":null,"surface":null,"tracktype":null,"service":null,"access":null,"motor_vehicle":null,"foot":null,"tiger_reviewed":null,"rrgh_part":0,"rrgh_tile_part":0},"geometry":{"type":"LineString","coordinates":[[-83.3897009,37.5320667],[-83.3897287,37.5321468],[-83.3897334,37.5322213],[-83.3896871,37.5322739],[-83.3896301,37.5323068],[-83.3894915,37.5323496],[-83.389282,37.5323899],[-83.3890663,37.5324217],[-83.3889354,37.5324498],[-83.3888352,37.532495],[-83.3887752,37.5325341],[-83.3887397,37.5325805],[-83.3887089,37.5326587],[-83.3887212,37.532754],[-83.3887644,37.5328407],[-83.3888029,37.5329177],[-83.3888167,37.5330093],[-83.3888167,37.5331376],[-83.388826,37.5333575],[-83.3889415,37.5337276],[-83.3890417,37.534022],[-83.3891634,37.5342529],[-83.3892481,37.5343763],[-83.3893405,37.534452],[-83.3894699,37.5345082],[-83.3895701,37.5345644],[-83.3896394,37.5346548],[-83.3897164,37.5349321],[-83.3897642,37.5351435],[-83.3897765,37.5352901],[-83.389775,37.535433],[-83.3898304,37.5356358],[-83.3899367,37.5358996],[-83.3899521,37.5360841],[-83.3899783,37.536227],[-83.3900245,37.5363211],[-83.3900908,37.5364359],[-83.390177,37.5365446],[-83.3903234,37.5366534],[-83.3904528,37.5367633],[-83.3905652,37.5369331],[-83.3906392,37.5370736],[-83.3906577,37.5371884],[-83.3906762,37.5372703],[-83.3907023,37.537368],[-83.3907378,37.5374413],[-83.3907855,37.5374596],[-83.3908225,37.5374559],[-83.3908425,37.5374278],[-83.3908256,37.5373704],[-83.3908025,37.5372568],[-83.3908225,37.5371542],[-83.3908179,37.5370088],[-83.390784,37.5368219],[-83.3907239,37.5366521],[-83.3906916,37.5365385],[-83.39069,37.5364127],[-83.3907193,37.5362783],[-83.3907455,37.5361562],[-83.3907732,37.536122],[-83.3908025,37.5361403],[-83.3908333,37.5361892],[-83.3908487,37.5363162],[-83.3908579,37.5364542],[-83.3908841,37.5365801],[-83.3909719,37.5367083],[-83.3910875,37.5368183],[-83.3913232,37.5369917],[-83.3914403,37.5370943],[-83.3915727,37.5372568],[-83.3917222,37.5374718],[-83.391907,37.5377063],[-83.3919841,37.5378151],[-83.3920441,37.5379116],[-83.392078,37.5380117],[-83.3920965,37.5381376],[-83.3921042,37.538267],[-83.3921304,37.5384625],[-83.3921366,37.5385846],[-83.3921258,37.538686],[-83.3920688,37.5388167],[-83.3919702,37.5390012],[-83.391887,37.539105],[-83.3917576,37.5392235],[-83.3915296,37.5394055],[-83.3912939,37.5395985],[-83.3909427,37.5398404],[-83.3907855,37.5399406],[-83.3906885,37.5399919],[-83.3905868,37.5400371],[-83.3904666,37.540048],[-83.3903465,37.5400273],[-83.3901709,37.5399625],[-83.3900291,37.5399064],[-83.3899352,37.5398758],[-83.3898458,37.5398893],[-83.3898011,37.5399369],[-83.3897965,37.5399882],[-83.3898196,37.5400566],[-83.3899059,37.5401824],[-83.3900507,37.5403351],[-83.3902063,37.540445],[-83.3903434,37.5405208],[-83.3905021,37.5405745],[-83.3906469,37.5406026],[-83.3907902,37.5406246],[-83.3909981,37.5406515]]}},{"type":"Feature","properties":{"osm_id":16111133,"highway":"residential","name":"Thomas Drive","alt_name":null,"official_name":null,"surface":null,"tracktype":null,"service":null,"access":null,"motor_vehicle":null,"foot":null,"tiger_reviewed":"no","rrgh_part":0,"rrgh_tile_part":0},"geometry":{"type":"LineString","coordinates":[[-83.404604,37.546002],[-83.404524,37.5460171],[-83.4044669,37.545991],[-83.4043495,37.5459873],[-83.4042689,37.5459782],[-83.404164,37.5459579],[-83.4040497,37.5459524],[-83.4038989,37.5459405],[-83.4037821,37.5459373],[-83.4035388,37.5459348]]}},{"type":"Feature","properties":{"osm_id":1562007917,"highway":"residential","name":null,"alt_name":null,"official_name":null,"surface":null,"tracktype":null,"service":null,"access":null,"motor_vehicle":null,"foot":null,"tiger_reviewed":null,"rrgh_part":0,"rrgh_tile_part":0},"geometry":{"type":"LineString","coordinates":[[-83.4061993,37.5449633],[-83.4061242,37.5448701],[-83.4061135,37.5448222],[-83.4060974,37.5447542],[-83.4060169,37.5447201],[-83.4059646,37.5446617],[-83.4059351,37.5445915]]}},{"type":"Feature","properties":{"osm_id":16106313,"highway":"service","name":null,"alt_name":null,"official_name":null,"surface":null,"tracktype":null,"service":null,"access":"private","motor_vehicle":null,"foot":null,"tiger_reviewed":"no","rrgh_part":0,"rrgh_tile_part":0},"geometry":{"type":"LineString","coordinates":[[-83.402975,37.548717],[-83.4030736,37.5489687],[-83.4030213,37.5492363],[-83.4029199,37.5494314],[-83.4027574,37.5496289],[-83.4026031,37.5498489]]}},{"type":"Feature","properties":{"osm_id":16104581,"highway":"residential","name":null,"alt_name":null,"official_name":null,"surface":null,"tracktype":null,"service":null,"access":null,"motor_vehicle":null,"foot":null,"tiger_reviewed":"no","rrgh_part":0,"rrgh_tile_part":0},"geometry":{"type":"LineString","coordinates":[[-83.39788,37.547957],[-83.397525,37.547387],[-83.3975,37.547132],[-83.3977588,37.5470219],[-83.3980602,37.5469006],[-83.3980887,37.5468381],[-83.3980968,37.5467653],[-83.3979847,37.5467414],[-83.3977933,37.5467052],[-83.3975992,37.5467007],[-83.3974214,37.5466874],[-83.3973131,37.546625]]}},{"type":"Feature","properties":{"osm_id":16105480,"highway":"residential","name":"Combs Street","alt_name":null,"official_name":null,"surface":null,"tracktype":null,"service":null,"access":null,"motor_vehicle":null,"foot":null,"tiger_reviewed":"no","rrgh_part":0,"rrgh_tile_part":0},"geometry":{"type":"LineString","coordinates":[[-83.384886,37.550114],[-83.384943,37.550052],[-83.385058,37.549955],[-83.385121,37.549921],[-83.385162,37.549911],[-83.385251,37.549913],[-83.385299,37.549924],[-83.385397,37.549963],[-83.385491,37.550018],[-83.385576,37.550077],[-83.38563,37.550135],[-83.385635,37.550166],[-83.385615,37.550224],[-83.385431,37.550419],[-83.385422,37.550441],[-83.385422,37.55046],[-83.385435,37.550481],[-83.385483,37.550517],[-83.385554,37.550554],[-83.386349,37.550915],[-83.386467,37.550954],[-83.38659,37.550981],[-83.387085,37.551022],[-83.387178,37.551036],[-83.387267,37.551059],[-83.387362,37.551098],[-83.387478,37.551173],[-83.387541,37.551223],[-83.387671,37.551341],[-83.387737,37.551392],[-83.388252,37.551701],[-83.38846,37.551909],[-83.388729,37.552207],[-83.388791,37.552285],[-83.388841,37.552377],[-83.388878,37.55249],[-83.388912,37.552537],[-83.389148,37.552796],[-83.389214,37.55286],[-83.3893609,37.5530401],[-83.3895364,37.553232],[-83.3896555,37.5533152],[-83.3899955,37.5536077],[-83.3900623,37.553656],[-83.3901267,37.5536603],[-83.3901566,37.5536662],[-83.3902014,37.5536812],[-83.390255,37.553732],[-83.390508,37.554043]]}},{"type":"Feature","properties":{"osm_id":16107967,"highway":"residential","name":"Opal Drive","alt_name":null,"official_name":null,"surface":null,"tracktype":null,"service":null,"access":null,"motor_vehicle":null,"foot":null,"tiger_reviewed":"no","rrgh_part":0,"rrgh_tile_part":0},"geometry":{"type":"LineString","coordinates":[[-83.400209,37.549613],[-83.400164,37.549561],[-83.400066,37.549407],[-83.400037,37.549343],[-83.400023,37.549305],[-83.400015,37.549208],[-83.400014,37.549079],[-83.400029,37.54895],[-83.400131,37.548611],[-83.400161,37.548449],[-83.400159,37.54839],[-83.400149,37.548332],[-83.400042,37.548129],[-83.399937,37.548007],[-83.399799,37.547869]]}},{"type":"Feature","properties":{"osm_id":16108174,"highway":"residential","name":"Sycamore Street","alt_name":null,"official_name":null,"surface":null,"tracktype":null,"service":null,"access":null,"motor_vehicle":null,"foot":null,"tiger_reviewed":"no","rrgh_part":0,"rrgh_tile_part":0},"geometry":{"type":"LineString","coordinates":[[-83.384644,37.551907],[-83.384701,37.55191],[-83.384815,37.551925],[-83.385392,37.552022],[-83.385466,37.552045],[-83.385571,37.552091],[-83.385724,37.552169],[-83.385831,37.552235],[-83.38594,37.552312],[-83.386093,37.552439],[-83.386328,37.552656],[-83.386718,37.553028],[-83.387104,37.553398],[-83.387614,37.553867],[-83.387871,37.554122],[-83.388046,37.554278]]}},{"type":"Feature","properties":{"osm_id":16114775,"highway":"residential","name":"Cripple Creek Road","alt_name":null,"official_name":null,"surface":null,"tracktype":null,"service":null,"access":null,"motor_vehicle":null,"foot":null,"tiger_reviewed":"no","rrgh_part":0,"rrgh_tile_part":0},"geometry":{"type":"LineString","coordinates":[[-83.385928,37.549259],[-83.385968,37.549278],[-83.386101,37.549339],[-83.386132,37.549344],[-83.386157,37.549338],[-83.386484,37.549189],[-83.386835,37.549015],[-83.387033,37.548898],[-83.387147,37.548838],[-83.387279,37.548799],[-83.387348,37.548791],[-83.387418,37.548788],[-83.38762,37.548797],[-83.387677,37.548789],[-83.387774,37.548751],[-83.387819,37.548722],[-83.388372,37.548272],[-83.388739,37.547958],[-83.38878,37.547916],[-83.388903,37.547816],[-83.389062,37.547738],[-83.389115,37.547691],[-83.389225,37.5475],[-83.389302,37.547337]]}},{"type":"Feature","properties":{"osm_id":16116644,"highway":"residential","name":"River Street","alt_name":null,"official_name":null,"surface":null,"tracktype":null,"service":null,"access":null,"motor_vehicle":null,"foot":null,"tiger_reviewed":"no","rrgh_part":0,"rrgh_tile_part":0},"geometry":{"type":"LineString","coordinates":[[-83.387246,37.552574],[-83.38724,37.552711],[-83.387506,37.552964],[-83.387638,37.553109],[-83.387786,37.553262],[-83.38827,37.553731]]}},{"type":"Feature","properties":{"osm_id":16113198,"highway":"residential","name":"Old Bailey Branch Road","alt_name":null,"official_name":null,"surface":null,"tracktype":null,"service":null,"access":null,"motor_vehicle":null,"foot":null,"tiger_reviewed":"no","rrgh_part":0,"rrgh_tile_part":0},"geometry":{"type":"LineString","coordinates":[[-83.3901566,37.5536662],[-83.390139,37.55361]]}},{"type":"Feature","properties":{"osm_id":287405086,"highway":"residential","name":"Old Bailey Branch Road","alt_name":null,"official_name":null,"surface":null,"tracktype":null,"service":null,"access":null,"motor_vehicle":null,"foot":null,"tiger_reviewed":"no","rrgh_part":0,"rrgh_tile_part":0},"geometry":{"type":"LineString","coordinates":[[-83.390139,37.55361],[-83.390117,37.553578],[-83.390036,37.553496],[-83.389949,37.55337],[-83.389911,37.553305],[-83.389865,37.553203],[-83.389838,37.553093],[-83.3898307,37.5530241],[-83.3898291,37.5528547],[-83.3898717,37.5526074],[-83.3898985,37.5524996],[-83.3899488,37.5524101],[-83.390027,37.552317],[-83.390147,37.552141],[-83.39027,37.551927],[-83.390337,37.551822],[-83.390546,37.551558],[-83.390872,37.551219]]}},{"type":"Feature","properties":{"osm_id":16110839,"highway":"residential","name":"Roberts Cemetery 2 Road","alt_name":null,"official_name":null,"surface":null,"tracktype":null,"service":null,"access":null,"motor_vehicle":null,"foot":null,"tiger_reviewed":"no","rrgh_part":0,"rrgh_tile_part":0},"geometry":{"type":"LineString","coordinates":[[-83.383414,37.532402],[-83.383411,37.532478],[-83.383461,37.53262],[-83.383536,37.532929],[-83.383581,37.533029],[-83.383575,37.533059],[-83.383537,37.533099],[-83.383513,37.5331],[-83.383481,37.533084],[-83.382899,37.532765],[-83.38285,37.532746],[-83.382536,37.532676],[-83.382206,37.532636],[-83.382152,37.532635],[-83.382117,37.532644],[-83.382062,37.532667],[-83.381942,37.532729],[-83.381879,37.532795],[-83.381812,37.532898],[-83.381785,37.532921],[-83.381753,37.532936],[-83.38172,37.53294],[-83.381691,37.532937],[-83.381665,37.532926],[-83.381635,37.532896],[-83.381625,37.532877],[-83.381623,37.532855],[-83.381631,37.532793]]}},{"type":"Feature","properties":{"osm_id":16112985,"highway":"residential","name":"Chelcie Hill","alt_name":null,"official_name":null,"surface":null,"tracktype":null,"service":null,"access":null,"motor_vehicle":null,"foot":null,"tiger_reviewed":"no","rrgh_part":0,"rrgh_tile_part":0},"geometry":{"type":"LineString","coordinates":[[-83.386964,37.532169],[-83.386965,37.532068],[-83.386959,37.53204],[-83.386944,37.532012],[-83.386921,37.531987],[-83.38681,37.531906],[-83.386718,37.53185],[-83.386242,37.531621],[-83.386193,37.531584],[-83.386125,37.531505],[-83.386094,37.531431],[-83.386053,37.531288],[-83.386032,37.5312],[-83.386029,37.531155],[-83.386043,37.531067],[-83.386094,37.530931],[-83.386112,37.530866]]}},{"type":"Feature","properties":{"osm_id":16113738,"highway":"residential","name":"Kayla's Lane","alt_name":null,"official_name":null,"surface":null,"tracktype":null,"service":null,"access":null,"motor_vehicle":null,"foot":null,"tiger_reviewed":"no","rrgh_part":0,"rrgh_tile_part":0},"geometry":{"type":"LineString","coordinates":[[-83.386802,37.532163],[-83.386811,37.53218],[-83.386903,37.532392],[-83.386924,37.532453],[-83.386936,37.532526],[-83.386959,37.532884]]}},{"type":"Feature","properties":{"osm_id":16111304,"highway":"residential","name":"Hillbilly Drive","alt_name":null,"official_name":null,"surface":null,"tracktype":null,"service":null,"access":null,"motor_vehicle":null,"foot":null,"tiger_reviewed":"no","rrgh_part":0,"rrgh_tile_part":0},"geometry":{"type":"LineString","coordinates":[[-83.381591,37.531719],[-83.381638,37.53176],[-83.381676,37.531809],[-83.381772,37.531986],[-83.381846,37.532107],[-83.381924,37.532209],[-83.381941,37.532256],[-83.381934,37.532311],[-83.38172,37.532595],[-83.381628,37.532703],[-83.381344,37.532949]]}},{"type":"Feature","properties":{"osm_id":16112299,"highway":"residential","name":"Railroad Street","alt_name":null,"official_name":null,"surface":null,"tracktype":null,"service":null,"access":null,"motor_vehicle":null,"foot":null,"tiger_reviewed":"no","rrgh_part":0,"rrgh_tile_part":0},"geometry":{"type":"LineString","coordinates":[[-83.381797,37.540223],[-83.381788,37.540242],[-83.381769,37.540294],[-83.381753,37.540314],[-83.381734,37.540327],[-83.381672,37.54035],[-83.38153,37.54038],[-83.381248,37.540424],[-83.381093,37.540461],[-83.380612,37.540636],[-83.380535,37.540668],[-83.380407,37.540736],[-83.380345,37.54076],[-83.380212,37.540803],[-83.380065,37.540839],[-83.379991,37.540863],[-83.379618,37.541035],[-83.379561,37.541049],[-83.379379,37.541063],[-83.379317,37.541078],[-83.379183,37.541126],[-83.379118,37.541154],[-83.37906,37.541193],[-83.37881,37.541278],[-83.378673,37.541335],[-83.378639,37.541362],[-83.378613,37.541398],[-83.378543,37.541576],[-83.378487,37.541653],[-83.378258,37.541842],[-83.37817,37.541931],[-83.378142,37.541984],[-83.37808,37.542147],[-83.378052,37.542193],[-83.378018,37.542233],[-83.37798,37.542271],[-83.37772,37.542485],[-83.377502,37.542698],[-83.377281,37.542925],[-83.377137,37.543087],[-83.377053,37.543164],[-83.376996,37.543205],[-83.376786,37.543328],[-83.376705,37.543368],[-83.376527,37.543432],[-83.376433,37.543453],[-83.37634,37.543467],[-83.376249,37.543473],[-83.376002,37.54346],[-83.375916,37.543475],[-83.375832,37.543507],[-83.375579,37.54364],[-83.375482,37.543676],[-83.374984,37.54381],[-83.374899,37.543824],[-83.374815,37.543825],[-83.37464,37.54381],[-83.374454,37.543807],[-83.373419,37.543883],[-83.373237,37.543875],[-83.373158,37.543865],[-83.372944,37.543813],[-83.372881,37.543804],[-83.372817,37.543806],[-83.372761,37.543831],[-83.372712,37.543864],[-83.37267,37.543905],[-83.372638,37.543947],[-83.372606,37.544002],[-83.372584,37.544055],[-83.372562,37.544158],[-83.372546,37.544306],[-83.372544,37.544423],[-83.37255,37.544451],[-83.37285,37.544716],[-83.37295,37.544816],[-83.373101,37.544981],[-83.373302,37.545222],[-83.37345,37.545378],[-83.373558,37.54548],[-83.373689,37.54558],[-83.373983,37.545768],[-83.374052,37.545809],[-83.3740874,37.5458274],[-83.3743104,37.5459431],[-83.37479,37.546118],[-83.375458,37.546374],[-83.376509,37.546794],[-83.376727,37.54688],[-83.376923,37.546948],[-83.377745,37.547164],[-83.378243,37.547302],[-83.37848,37.5473726],[-83.378985,37.547523],[-83.379447,37.54766],[-83.380304,37.547904],[-83.3808381,37.5480647],[-83.381046,37.548125],[-83.381509,37.548261],[-83.382285,37.548462],[-83.382606,37.548551],[-83.383095,37.548698],[-83.38348,37.548831],[-83.38376,37.548943],[-83.383962,37.549035],[-83.384219,37.549152],[-83.384377,37.549217],[-83.385165,37.549489],[-83.3853147,37.549567]]}},{"type":"Feature","properties":{"osm_id":16105769,"highway":"service","name":null,"alt_name":null,"official_name":null,"surface":null,"tracktype":null,"service":null,"access":"private","motor_vehicle":null,"foot":null,"tiger_reviewed":"no","rrgh_part":0,"rrgh_tile_part":0},"geometry":{"type":"LineString","coordinates":[[-83.381797,37.540223],[-83.382135,37.54036],[-83.382729,37.540592],[-83.383161,37.540653],[-83.383837,37.540625]]}},{"type":"Feature","properties":{"osm_id":16104777,"highway":"residential","name":null,"alt_name":null,"official_name":null,"surface":null,"tracktype":null,"service":null,"access":null,"motor_vehicle":null,"foot":null,"tiger_reviewed":"no","rrgh_part":0,"rrgh_tile_part":0},"geometry":{"type":"LineString","coordinates":[[-83.3620597,37.5310723],[-83.3620731,37.5314016],[-83.3629156,37.5308977]]}},{"type":"Feature","properties":{"osm_id":16104805,"highway":"service","name":null,"alt_name":null,"official_name":null,"surface":null,"tracktype":null,"service":null,"access":null,"motor_vehicle":null,"foot":null,"tiger_reviewed":"no","rrgh_part":0,"rrgh_tile_part":0},"geometry":{"type":"LineString","coordinates":[[-83.3634081,37.5322568],[-83.3631957,37.5323182],[-83.3625896,37.5325894]]}},{"type":"Feature","properties":{"osm_id":16105317,"highway":"service","name":null,"alt_name":null,"official_name":null,"surface":null,"tracktype":null,"service":null,"access":null,"motor_vehicle":null,"foot":null,"tiger_reviewed":"no","rrgh_part":0,"rrgh_tile_part":0},"geometry":{"type":"LineString","coordinates":[[-83.3632303,37.5315501],[-83.3634081,37.5322568],[-83.3636426,37.532883],[-83.3636355,37.5329776],[-83.3635117,37.5330237],[-83.362914,37.5332108]]}},{"type":"Feature","properties":{"osm_id":16106093,"highway":"residential","name":null,"alt_name":null,"official_name":null,"surface":null,"tracktype":null,"service":null,"access":null,"motor_vehicle":null,"foot":null,"tiger_reviewed":"no","rrgh_part":0,"rrgh_tile_part":0},"geometry":{"type":"LineString","coordinates":[[-83.3618962,37.5308877],[-83.3623106,37.5306043]]}},{"type":"Feature","properties":{"osm_id":16106456,"highway":"residential","name":null,"alt_name":null,"official_name":null,"surface":null,"tracktype":null,"service":null,"access":null,"motor_vehicle":null,"foot":null,"tiger_reviewed":"no","rrgh_part":0,"rrgh_tile_part":0},"geometry":{"type":"LineString","coordinates":[[-83.3626167,37.5307064],[-83.3624777,37.5307975],[-83.3620597,37.5310723]]}},{"type":"Feature","properties":{"osm_id":16112730,"highway":"residential","name":"Old Quicksand Road","alt_name":null,"official_name":null,"surface":null,"tracktype":null,"service":null,"access":null,"motor_vehicle":null,"foot":null,"tiger_reviewed":"no","rrgh_part":0,"rrgh_tile_part":0},"geometry":{"type":"LineString","coordinates":[[-83.3619832,37.5319661],[-83.3634046,37.531026]]}},{"type":"Feature","properties":{"osm_id":16104779,"highway":"residential","name":null,"alt_name":null,"official_name":null,"surface":null,"tracktype":null,"service":null,"access":null,"motor_vehicle":null,"foot":null,"tiger_reviewed":"no","rrgh_part":0,"rrgh_tile_part":0},"geometry":{"type":"LineString","coordinates":[[-83.3620731,37.5314016],[-83.3617662,37.5317605]]}},{"type":"Feature","properties":{"osm_id":16105223,"highway":"track","name":null,"alt_name":null,"official_name":null,"surface":null,"tracktype":null,"service":null,"access":null,"motor_vehicle":null,"foot":null,"tiger_reviewed":null,"rrgh_part":0,"rrgh_tile_part":0},"geometry":{"type":"LineString","coordinates":[[-83.363135,37.533812],[-83.362079,37.534624],[-83.361667,37.53486],[-83.3612119,37.5349917],[-83.3602187,37.534883],[-83.3597367,37.535055],[-83.3592977,37.53538],[-83.3590147,37.535945],[-83.3586592,37.5367341]]}},{"type":"Feature","properties":{"osm_id":16106362,"highway":"residential","name":null,"alt_name":null,"official_name":null,"surface":null,"tracktype":null,"service":null,"access":null,"motor_vehicle":null,"foot":null,"tiger_reviewed":"no","rrgh_part":0,"rrgh_tile_part":0},"geometry":{"type":"LineString","coordinates":[[-83.367085,37.536876],[-83.367033,37.536751],[-83.367008,37.536699],[-83.366892,37.536514],[-83.366712,37.536279],[-83.366481,37.535997],[-83.366305,37.535798],[-83.366195,37.535683],[-83.366094,37.535603]]}},{"type":"Feature","properties":{"osm_id":16106970,"highway":"track","name":"Slayrean Drive","alt_name":null,"official_name":null,"surface":null,"tracktype":null,"service":null,"access":null,"motor_vehicle":null,"foot":null,"tiger_reviewed":"no","rrgh_part":0,"rrgh_tile_part":0},"geometry":{"type":"LineString","coordinates":[[-83.370384,37.542713],[-83.370367,37.542648],[-83.37031,37.542459],[-83.3703541,37.5423803],[-83.370422,37.542309],[-83.370497,37.542249],[-83.370858,37.541985],[-83.370896,37.541967],[-83.370974,37.541944],[-83.37119,37.541912],[-83.37122,37.541912],[-83.37129,37.541925],[-83.371403,37.541974],[-83.371697,37.542159],[-83.371775,37.542199],[-83.371884,37.542243],[-83.371988,37.54227],[-83.372083,37.542286],[-83.372205,37.542291],[-83.372318,37.542281],[-83.372411,37.542265],[-83.372469,37.542243],[-83.372521,37.542216],[-83.3726,37.542155],[-83.372688,37.54205],[-83.372735,37.541963],[-83.37275,37.541916],[-83.372752,37.541881],[-83.372745,37.541841],[-83.372726,37.541801],[-83.372694,37.541767],[-83.372654,37.541743],[-83.372611,37.541727],[-83.372448,37.541697],[-83.372393,37.541678],[-83.372347,37.541649],[-83.372315,37.541607],[-83.372293,37.541559],[-83.372286,37.541506],[-83.372292,37.541452],[-83.372368,37.541296],[-83.372434,37.541203],[-83.372477,37.541162],[-83.372525,37.54113],[-83.372576,37.541109],[-83.372627,37.541101],[-83.372676,37.541105],[-83.372772,37.541131],[-83.372821,37.541139],[-83.372873,37.541138],[-83.372977,37.541125],[-83.373029,37.541126],[-83.373254,37.541148],[-83.37331,37.541144],[-83.37336,37.54113],[-83.373412,37.541106],[-83.373456,37.541067],[-83.373625,37.540871],[-83.373711,37.540798],[-83.37374,37.540727],[-83.373733,37.540688],[-83.373708,37.540651],[-83.37367,37.540622],[-83.373634,37.540599],[-83.373453,37.540535],[-83.373349,37.540486],[-83.373079,37.540322],[-83.373033,37.540288],[-83.372997,37.540248],[-83.372982,37.540206],[-83.372981,37.540166],[-83.37299,37.540129],[-83.373009,37.540092],[-83.373035,37.540056],[-83.373236,37.539873],[-83.373276,37.539822],[-83.373304,37.539771],[-83.373324,37.539723],[-83.373334,37.539677],[-83.373327,37.539635],[-83.373307,37.539599],[-83.373274,37.53957],[-83.373234,37.539549],[-83.373146,37.539519],[-83.372884,37.539397],[-83.372824,37.539376],[-83.372705,37.539353],[-83.372609,37.539316],[-83.372574,37.539288],[-83.372552,37.539254],[-83.372546,37.539216],[-83.372558,37.539176],[-83.372631,37.539043],[-83.372663,37.538954],[-83.372671,37.538915],[-83.372663,37.538881],[-83.372639,37.538854],[-83.372604,37.538833],[-83.372559,37.538817],[-83.372381,37.538765],[-83.372312,37.538727],[-83.372202,37.538625],[-83.372072,37.538457],[-83.372041,37.538424],[-83.372005,37.538397],[-83.371963,37.538381],[-83.371915,37.538375],[-83.371746,37.538374],[-83.37169,37.538365],[-83.371637,37.538347],[-83.371592,37.538318],[-83.371556,37.538282],[-83.371507,37.538218],[-83.371452,37.538157],[-83.371407,37.538126],[-83.371356,37.538105],[-83.3713,37.538097],[-83.371241,37.5381],[-83.371182,37.538113],[-83.371124,37.538137],[-83.371069,37.538168],[-83.370835,37.538338],[-83.3708,37.538376],[-83.370653,37.53868],[-83.370397,37.539051],[-83.37029,37.539301],[-83.370264,37.539353],[-83.370234,37.539396],[-83.370201,37.539428],[-83.370164,37.539446],[-83.370124,37.539452],[-83.370085,37.539453],[-83.370046,37.539446],[-83.369938,37.539414]]}},{"type":"Feature","properties":{"osm_id":16110748,"highway":"residential","name":"John Street","alt_name":null,"official_name":null,"surface":null,"tracktype":null,"service":null,"access":null,"motor_vehicle":null,"foot":null,"tiger_reviewed":"no","rrgh_part":0,"rrgh_tile_part":0},"geometry":{"type":"LineString","coordinates":[[-83.361473,37.529444],[-83.36154,37.529495],[-83.361738,37.529639],[-83.362279,37.530059],[-83.362422,37.530183],[-83.362603,37.530358]]}},{"type":"Feature","properties":{"osm_id":16111789,"highway":"residential","name":"Armory Drive","alt_name":null,"official_name":null,"surface":null,"tracktype":null,"service":null,"access":null,"motor_vehicle":null,"foot":null,"tiger_reviewed":"no","rrgh_part":0,"rrgh_tile_part":0},"geometry":{"type":"LineString","coordinates":[[-83.371118,37.532678],[-83.371098,37.532721],[-83.371065,37.532785],[-83.370917,37.532948],[-83.370549,37.533245],[-83.370507,37.533292],[-83.370471,37.533358],[-83.370395,37.533532],[-83.370335,37.533783],[-83.370329,37.533846],[-83.370331,37.534208],[-83.370306,37.534368],[-83.370269,37.534529],[-83.370242,37.534604],[-83.370211,37.534676],[-83.369975,37.535024],[-83.369893,37.535174],[-83.369854,37.535259],[-83.369809,37.535334],[-83.369772,37.535415],[-83.369669,37.535567],[-83.36945,37.535746],[-83.368521,37.5362],[-83.367845,37.536491],[-83.367431,37.536686],[-83.3671806,37.5368083],[-83.367085,37.536876]]}},{"type":"Feature","properties":{"osm_id":16111812,"highway":"residential","name":"Armory Drive","alt_name":null,"official_name":null,"surface":null,"tracktype":null,"service":null,"access":null,"motor_vehicle":null,"foot":null,"tiger_reviewed":"no","rrgh_part":0,"rrgh_tile_part":0},"geometry":{"type":"LineString","coordinates":[[-83.367085,37.536876],[-83.367088,37.536897],[-83.367077,37.537072],[-83.367095,37.537347],[-83.367116,37.537496],[-83.367149,37.537656],[-83.367213,37.537914],[-83.367289,37.53817],[-83.36735,37.538329],[-83.367428,37.538476],[-83.367558,37.538699],[-83.367638,37.538859],[-83.367849,37.53936],[-83.368053,37.539774],[-83.368247,37.540193],[-83.36846,37.540723],[-83.36855,37.540881],[-83.368604,37.540945],[-83.368682,37.541017],[-83.368906,37.541182],[-83.369108,37.541362],[-83.36984,37.542113],[-83.370384,37.542713],[-83.37137,37.543764],[-83.371625,37.544052],[-83.371672,37.544112]]}},{"type":"Feature","properties":{"osm_id":16111900,"highway":"residential","name":"Yunk Street","alt_name":null,"official_name":null,"surface":null,"tracktype":null,"service":null,"access":null,"motor_vehicle":null,"foot":null,"tiger_reviewed":"no","rrgh_part":0,"rrgh_tile_part":0},"geometry":{"type":"LineString","coordinates":[[-83.360897,37.530123],[-83.360943,37.530156],[-83.361092,37.530258],[-83.361287,37.530403],[-83.361482,37.530567],[-83.3618962,37.5308877],[-83.3620597,37.5310723]]}},{"type":"Feature","properties":{"osm_id":1157777483,"highway":"unclassified","name":null,"alt_name":null,"official_name":null,"surface":null,"tracktype":null,"service":null,"access":null,"motor_vehicle":null,"foot":null,"tiger_reviewed":null,"rrgh_part":0,"rrgh_tile_part":0},"geometry":{"type":"LineString","coordinates":[[-83.364329,37.539074],[-83.3639594,37.5392704],[-83.3636957,37.5394057],[-83.3633544,37.5396025],[-83.3625865,37.5399531],[-83.3621987,37.5400699],[-83.3618496,37.5402483],[-83.3617178,37.5402729],[-83.3615549,37.5400515],[-83.361392,37.5397501],[-83.3611903,37.5393134],[-83.3609964,37.5388706],[-83.3608568,37.5385077],[-83.3606706,37.5379911],[-83.3604224,37.5375544],[-83.3602673,37.5373452],[-83.3603138,37.5371423],[-83.3604146,37.5369516],[-83.3606008,37.5367732],[-83.3607482,37.536681],[-83.3608956,37.5366133],[-83.3609343,37.5364226],[-83.3609576,37.5362996],[-83.3612136,37.5361582],[-83.3613377,37.5359613],[-83.3613687,37.5358322],[-83.3613532,37.5357153],[-83.361679,37.5355615],[-83.3623538,37.5351556],[-83.3625787,37.5350449],[-83.3626796,37.5347189],[-83.3627804,37.5344175],[-83.362951,37.5340423],[-83.363135,37.533812]]}},{"type":"Feature","properties":{"osm_id":16116092,"highway":"service","name":"Adams Road","alt_name":null,"official_name":null,"surface":null,"tracktype":null,"service":null,"access":"private","motor_vehicle":null,"foot":null,"tiger_reviewed":"no","rrgh_part":0,"rrgh_tile_part":0},"geometry":{"type":"LineString","coordinates":[[-83.367428,37.538476],[-83.367493,37.538447],[-83.367575,37.538407],[-83.367635,37.538384],[-83.3677613,37.5383513],[-83.367878,37.538316],[-83.3679912,37.5382626],[-83.368123,37.538215]]}},{"type":"Feature","properties":{"osm_id":287411590,"highway":"service","name":null,"alt_name":null,"official_name":null,"surface":null,"tracktype":null,"service":null,"access":null,"motor_vehicle":null,"foot":null,"tiger_reviewed":null,"rrgh_part":0,"rrgh_tile_part":0},"geometry":{"type":"LineString","coordinates":[[-83.364267,37.53879],[-83.3643664,37.5387665],[-83.3644318,37.5387509],[-83.3645709,37.5387339],[-83.3646289,37.5387588],[-83.364657,37.5387864],[-83.3647491,37.5390866],[-83.3647597,37.5391212],[-83.3649865,37.5394415],[-83.3650958,37.5396674],[-83.3652299,37.539821],[-83.3653922,37.5399615],[-83.365518,37.5401006],[-83.3655545,37.5401729],[-83.3656489,37.5405155],[-83.3656306,37.5405812],[-83.3655677,37.5406639],[-83.3654783,37.5407466],[-83.3654767,37.5408109],[-83.3655214,37.5409737],[-83.3655424,37.5411284]]}},{"type":"Feature","properties":{"osm_id":287411591,"highway":"service","name":null,"alt_name":null,"official_name":null,"surface":null,"tracktype":null,"service":null,"access":null,"motor_vehicle":null,"foot":null,"tiger_reviewed":null,"rrgh_part":0,"rrgh_tile_part":0},"geometry":{"type":"LineString","coordinates":[[-83.3644893,37.5391178],[-83.3644661,37.5392977],[-83.3644502,37.5394371]]}},{"type":"Feature","properties":{"osm_id":287411592,"highway":"service","name":null,"alt_name":null,"official_name":null,"surface":null,"tracktype":null,"service":null,"access":null,"motor_vehicle":null,"foot":null,"tiger_reviewed":null,"rrgh_part":0,"rrgh_tile_part":0},"geometry":{"type":"LineString","coordinates":[[-83.3647491,37.5390866],[-83.3644893,37.5391178],[-83.3644479,37.5391099],[-83.3644214,37.5390784],[-83.3643664,37.5387665]]}},{"type":"Feature","properties":{"osm_id":16109044,"highway":"residential","name":"Britni Lane","alt_name":null,"official_name":null,"surface":null,"tracktype":null,"service":null,"access":null,"motor_vehicle":null,"foot":null,"tiger_reviewed":"no","rrgh_part":0,"rrgh_tile_part":0},"geometry":{"type":"LineString","coordinates":[[-83.38348,37.548831],[-83.383485,37.548816],[-83.383534,37.54872],[-83.383581,37.548656],[-83.383642,37.54859],[-83.383762,37.548495]]}},{"type":"Feature","properties":{"osm_id":16104566,"highway":"service","name":null,"alt_name":null,"official_name":null,"surface":null,"tracktype":null,"service":null,"access":"private","motor_vehicle":null,"foot":null,"tiger_reviewed":"no","rrgh_part":0,"rrgh_tile_part":0},"geometry":{"type":"LineString","coordinates":[[-83.3808381,37.5480647],[-83.3809219,37.5479042],[-83.3809749,37.5478512],[-83.3810373,37.5478594]]}},{"type":"Feature","properties":{"osm_id":16104569,"highway":"service","name":null,"alt_name":null,"official_name":null,"surface":null,"tracktype":null,"service":null,"access":"private","motor_vehicle":null,"foot":null,"tiger_reviewed":"no","rrgh_part":0,"rrgh_tile_part":0},"geometry":{"type":"LineString","coordinates":[[-83.376509,37.546794],[-83.376523,37.546768],[-83.376777,37.546191],[-83.376801,37.546159],[-83.376833,37.546135],[-83.376932,37.54608]]}},{"type":"Feature","properties":{"osm_id":16104571,"highway":"service","name":null,"alt_name":null,"official_name":null,"surface":null,"tracktype":null,"service":null,"access":"private","motor_vehicle":null,"foot":null,"tiger_reviewed":"no","rrgh_part":0,"rrgh_tile_part":0},"geometry":{"type":"LineString","coordinates":[[-83.375894,37.545082],[-83.375978,37.54494],[-83.376342,37.544377]]}},{"type":"Feature","properties":{"osm_id":16104804,"highway":"service","name":null,"alt_name":null,"official_name":null,"surface":null,"tracktype":null,"service":null,"access":null,"motor_vehicle":null,"foot":null,"tiger_reviewed":"no","rrgh_part":0,"rrgh_tile_part":0},"geometry":{"type":"LineString","coordinates":[[-83.375418,37.546778],[-83.375259,37.546969],[-83.3752283,37.5471604],[-83.3753481,37.5473485],[-83.3752784,37.5475687],[-83.37511,37.547689],[-83.3750434,37.5478999]]}},{"type":"Feature","properties":{"osm_id":16109234,"highway":"residential","name":"Thompson Street","alt_name":null,"official_name":null,"surface":null,"tracktype":null,"service":null,"access":null,"motor_vehicle":null,"foot":null,"tiger_reviewed":"no","rrgh_part":0,"rrgh_tile_part":0},"geometry":{"type":"LineString","coordinates":[[-83.376169,37.545205],[-83.376242,37.54524],[-83.37639,37.545308],[-83.376576,37.545373],[-83.376747,37.545442],[-83.376947,37.545479],[-83.37721,37.545608],[-83.377461,37.54572],[-83.377523,37.545743],[-83.377616,37.545762]]}},{"type":"Feature","properties":{"osm_id":16110773,"highway":"residential","name":"Burnett Street","alt_name":null,"official_name":null,"surface":null,"tracktype":null,"service":null,"access":null,"motor_vehicle":null,"foot":null,"tiger_reviewed":"no","rrgh_part":0,"rrgh_tile_part":0},"geometry":{"type":"LineString","coordinates":[[-83.3788143,37.5464515],[-83.378972,37.5464867],[-83.379178,37.546541],[-83.379214,37.546558],[-83.379242,37.546579],[-83.3792748,37.5466284],[-83.379268,37.546633],[-83.379237,37.54678],[-83.379257,37.546886],[-83.379253,37.54693],[-83.379239,37.546973],[-83.378985,37.547523]]}},{"type":"Feature","properties":{"osm_id":16112751,"highway":"residential","name":"Robinson Lane","alt_name":null,"official_name":null,"surface":null,"tracktype":null,"service":null,"access":null,"motor_vehicle":null,"foot":null,"tiger_reviewed":"no","rrgh_part":0,"rrgh_tile_part":0},"geometry":{"type":"LineString","coordinates":[[-83.375825,37.545771],[-83.375785,37.545753],[-83.3752575,37.5455514],[-83.375102,37.545492],[-83.375029,37.54548],[-83.375003,37.545481],[-83.374956,37.545497]]}},{"type":"Feature","properties":{"osm_id":16115003,"highway":"residential","name":"Wall Street","alt_name":null,"official_name":null,"surface":null,"tracktype":null,"service":null,"access":null,"motor_vehicle":null,"foot":null,"tiger_reviewed":"no","rrgh_part":0,"rrgh_tile_part":0},"geometry":{"type":"LineString","coordinates":[[-83.3769994,37.5472978],[-83.3768673,37.5475845],[-83.3767192,37.5479317],[-83.3766128,37.5481325]]}},{"type":"Feature","properties":{"osm_id":16115258,"highway":"residential","name":"Hays Avenue","alt_name":null,"official_name":null,"surface":null,"tracktype":null,"service":null,"access":null,"motor_vehicle":null,"foot":null,"tiger_reviewed":"no","rrgh_part":0,"rrgh_tile_part":0},"geometry":{"type":"LineString","coordinates":[[-83.376169,37.545205],[-83.37615,37.545239],[-83.376023,37.545482],[-83.375825,37.545771],[-83.375647,37.546047],[-83.375458,37.546374]]}},{"type":"Feature","properties":{"osm_id":16117636,"highway":"residential","name":"Davis Street","alt_name":null,"official_name":null,"surface":null,"tracktype":null,"service":null,"access":null,"motor_vehicle":null,"foot":null,"tiger_reviewed":"no","rrgh_part":0,"rrgh_tile_part":0},"geometry":{"type":"LineString","coordinates":[[-83.379253,37.54693],[-83.379323,37.546951],[-83.37943,37.546983],[-83.379613,37.54705],[-83.379853,37.547128]]}},{"type":"Feature","properties":{"osm_id":1562007949,"highway":"residential","name":null,"alt_name":null,"official_name":null,"surface":null,"tracktype":null,"service":null,"access":null,"motor_vehicle":null,"foot":null,"tiger_reviewed":null,"rrgh_part":0,"rrgh_tile_part":0},"geometry":{"type":"LineString","coordinates":[[-83.3785126,37.5461888],[-83.3784456,37.5461739],[-83.3784214,37.5461941],[-83.3784255,37.5462281],[-83.3784523,37.5462643],[-83.3785341,37.5463345],[-83.3786374,37.546393],[-83.3788143,37.5464515]]}},{"type":"Feature","properties":{"osm_id":1562007950,"highway":"residential","name":null,"alt_name":null,"official_name":null,"surface":null,"tracktype":null,"service":null,"access":null,"motor_vehicle":null,"foot":null,"tiger_reviewed":null,"rrgh_part":0,"rrgh_tile_part":0},"geometry":{"type":"LineString","coordinates":[[-83.378972,37.5464867],[-83.3787393,37.5465057],[-83.3785636,37.5464801]]}},{"type":"Feature","properties":{"osm_id":1562007951,"highway":"residential","name":null,"alt_name":null,"official_name":null,"surface":null,"tracktype":null,"service":null,"access":null,"motor_vehicle":null,"foot":null,"tiger_reviewed":null,"rrgh_part":0,"rrgh_tile_part":0},"geometry":{"type":"LineString","coordinates":[[-83.379257,37.546886],[-83.3794018,37.5466046],[-83.3795359,37.5463951],[-83.3795319,37.5463642],[-83.3795064,37.5463589],[-83.3794648,37.5463791],[-83.3794246,37.5464504],[-83.3793937,37.5465397],[-83.3792748,37.5466284]]}},{"type":"Feature","properties":{"osm_id":16106826,"highway":"residential","name":"Washington Avenue","alt_name":null,"official_name":null,"surface":null,"tracktype":null,"service":null,"access":null,"motor_vehicle":null,"foot":null,"tiger_reviewed":"no","rrgh_part":0,"rrgh_tile_part":0},"geometry":{"type":"LineString","coordinates":[[-83.379901,37.553358],[-83.379912,37.553381],[-83.380078,37.553738],[-83.380312,37.554216],[-83.380895,37.555385],[-83.380948,37.555516]]}},{"type":"Feature","properties":{"osm_id":16108759,"highway":"residential","name":"Patton Avenue","alt_name":null,"official_name":null,"surface":null,"tracktype":null,"service":null,"access":null,"motor_vehicle":null,"foot":null,"tiger_reviewed":"no","rrgh_part":0,"rrgh_tile_part":0},"geometry":{"type":"LineString","coordinates":[[-83.381585,37.551844],[-83.381555,37.551856],[-83.381504,37.551897],[-83.381158,37.552339],[-83.381131,37.552366],[-83.381101,37.552386],[-83.381035,37.552402],[-83.381002,37.552399],[-83.380972,37.552385],[-83.38087,37.552314],[-83.380779,37.552263],[-83.380754,37.552255],[-83.380729,37.552255],[-83.380706,37.552263],[-83.380683,37.552277],[-83.380196,37.552717],[-83.380127,37.552785],[-83.380104,37.552828],[-83.380102,37.552877],[-83.380109,37.552905],[-83.380202,37.553142],[-83.380222,37.55318],[-83.38026,37.553298]]}},{"type":"Feature","properties":{"osm_id":16109229,"highway":"residential","name":"Hurst Lane","alt_name":null,"official_name":null,"surface":null,"tracktype":null,"service":null,"access":null,"motor_vehicle":null,"foot":null,"tiger_reviewed":"no","rrgh_part":0,"rrgh_tile_part":0},"geometry":{"type":"LineString","coordinates":[[-83.380596,37.551325],[-83.380625,37.55132],[-83.380689,37.551327],[-83.38084,37.551393],[-83.380942,37.55142],[-83.381006,37.551447],[-83.381202,37.55156],[-83.381426,37.551722],[-83.38152,37.551801],[-83.381585,37.551844],[-83.381651,37.551882],[-83.381907,37.552009],[-83.382205,37.552183],[-83.382275,37.552227],[-83.382376,37.552278],[-83.382497,37.552358],[-83.382641,37.552463],[-83.382862,37.55264],[-83.3832694,37.5529781],[-83.3835859,37.5532652]]}},{"type":"Feature","properties":{"osm_id":16109534,"highway":"residential","name":"Red Bird Hollow Road","alt_name":null,"official_name":null,"surface":null,"tracktype":null,"service":null,"access":null,"motor_vehicle":null,"foot":null,"tiger_reviewed":"no","rrgh_part":0,"rrgh_tile_part":0},"geometry":{"type":"LineString","coordinates":[[-83.376316,37.54996],[-83.376214,37.550042],[-83.37614,37.55009],[-83.376017,37.550156],[-83.375949,37.550202],[-83.375819,37.550345],[-83.375763,37.550385],[-83.375658,37.550427],[-83.375485,37.550479],[-83.375291,37.550523],[-83.375109,37.550545],[-83.3749,37.550552],[-83.374719,37.550552],[-83.374543,37.550534],[-83.374363,37.550487],[-83.374229,37.550408],[-83.374101,37.550316],[-83.37405,37.550255],[-83.373982,37.550174],[-83.373957,37.55013],[-83.373767,37.549926]]}},{"type":"Feature","properties":{"osm_id":16109871,"highway":"residential","name":"Elm Street","alt_name":null,"official_name":null,"surface":null,"tracktype":null,"service":null,"access":null,"motor_vehicle":null,"foot":null,"tiger_reviewed":"no","rrgh_part":0,"rrgh_tile_part":0},"geometry":{"type":"LineString","coordinates":[[-83.385889,37.555223],[-83.385867,37.555237],[-83.385682,37.555364],[-83.385265,37.555618],[-83.38524,37.555632],[-83.385216,37.555612]]}},{"type":"Feature","properties":{"osm_id":16110116,"highway":"residential","name":"Bridge Hollow Road","alt_name":null,"official_name":null,"surface":null,"tracktype":null,"service":null,"access":null,"motor_vehicle":null,"foot":null,"tiger_reviewed":"no","rrgh_part":0,"rrgh_tile_part":0},"geometry":{"type":"LineString","coordinates":[[-83.379816,37.550802],[-83.379769,37.550917],[-83.379717,37.551077],[-83.379701,37.551172],[-83.379682,37.551228],[-83.379677,37.551279],[-83.379623,37.551477],[-83.3795,37.551674],[-83.379364,37.551943],[-83.37933,37.551996],[-83.379248,37.552092],[-83.379196,37.552136],[-83.379137,37.552176],[-83.379002,37.552248],[-83.378776,37.552343],[-83.37864,37.552428],[-83.378453,37.552607],[-83.378341,37.552682],[-83.378206,37.552745],[-83.37806,37.552801],[-83.377984,37.552822],[-83.37783,37.552879],[-83.377785,37.552897],[-83.377623,37.552946],[-83.377202,37.553008],[-83.37675,37.553024],[-83.376577,37.553044],[-83.376461,37.553048],[-83.376403,37.553043],[-83.376283,37.553013],[-83.376225,37.552993],[-83.375964,37.552875],[-83.375826,37.552841],[-83.37571,37.552839],[-83.375442,37.552862],[-83.375297,37.552865],[-83.3750321,37.5528465],[-83.374954,37.552841],[-83.374763,37.552818]]}},{"type":"Feature","properties":{"osm_id":16110132,"highway":"residential","name":"Lincoln Avenue","alt_name":null,"official_name":null,"surface":null,"tracktype":null,"service":null,"access":null,"motor_vehicle":null,"foot":null,"tiger_reviewed":"no","rrgh_part":0,"rrgh_tile_part":0},"geometry":{"type":"LineString","coordinates":[[-83.378194,37.553901],[-83.378128,37.553984],[-83.378085,37.554024],[-83.377969,37.554102],[-83.377937,37.554132],[-83.377918,37.554166],[-83.377914,37.554203],[-83.377924,37.554243],[-83.377945,37.554275],[-83.377979,37.554313],[-83.378076,37.554394],[-83.378349,37.554567],[-83.378637,37.554735],[-83.37911,37.555023],[-83.379347,37.5552],[-83.379703,37.555479],[-83.37985,37.5556],[-83.3799138,37.555658],[-83.380041,37.555786]]}},{"type":"Feature","properties":{"osm_id":16110273,"highway":"residential","name":"South Thompson Street","alt_name":null,"official_name":null,"surface":null,"tracktype":null,"service":null,"access":null,"motor_vehicle":null,"foot":null,"tiger_reviewed":"no","rrgh_part":0,"rrgh_tile_part":0},"geometry":{"type":"LineString","coordinates":[[-83.376169,37.545205],[-83.375952,37.545107],[-83.375894,37.545082],[-83.375508,37.544926],[-83.37541,37.544859],[-83.375347,37.54483],[-83.375215,37.5448],[-83.375152,37.544791],[-83.375092,37.544789],[-83.375037,37.544796],[-83.374913,37.544828],[-83.37471,37.544862],[-83.374492,37.544878],[-83.374347,37.544876],[-83.374196,37.544847],[-83.374056,37.544796],[-83.373802,37.544657],[-83.373589,37.544525],[-83.373459,37.54447],[-83.373265,37.544375],[-83.373197,37.544349],[-83.373093,37.544325]]}},{"type":"Feature","properties":{"osm_id":16111039,"highway":"residential","name":"Picnic Hill Road","alt_name":null,"official_name":null,"surface":null,"tracktype":null,"service":null,"access":null,"motor_vehicle":null,"foot":null,"tiger_reviewed":"no","rrgh_part":0,"rrgh_tile_part":0},"geometry":{"type":"LineString","coordinates":[[-83.363151,37.55377],[-83.363122,37.553571],[-83.363294,37.553262],[-83.363699,37.552936],[-83.364344,37.552448],[-83.36496,37.552228],[-83.365961,37.551468],[-83.366313,37.55137],[-83.366636,37.551619],[-83.366877,37.552057],[-83.367172,37.552351],[-83.367348,37.552405],[-83.368374,37.551933],[-83.368638,37.551922],[-83.368961,37.55217],[-83.369496,37.552854],[-83.370344,37.552846],[-83.371134,37.553066],[-83.37147,37.552935],[-83.371754,37.552653],[-83.371791,37.55264],[-83.372124,37.552463],[-83.372743,37.552392],[-83.372972,37.552335],[-83.373053,37.552233],[-83.373021,37.552185],[-83.373035,37.552068],[-83.373031,37.552003],[-83.373038,37.551925],[-83.373036,37.551852],[-83.373046,37.551772],[-83.373045,37.551704],[-83.37303,37.551586],[-83.373053,37.551469],[-83.373073,37.551419],[-83.373102,37.551376],[-83.373138,37.55134],[-83.373182,37.551311],[-83.373237,37.551291],[-83.373296,37.551278],[-83.373412,37.551258],[-83.37345,37.551256],[-83.373533,37.551267],[-83.373659,37.551319],[-83.374066,37.551503],[-83.374123,37.551524],[-83.374305,37.551625],[-83.374414,37.551711],[-83.374595,37.551927],[-83.374641,37.551966],[-83.3747,37.552],[-83.374773,37.552025],[-83.374848,37.552037],[-83.374922,37.55204],[-83.374994,37.552034],[-83.375328,37.551964],[-83.375435,37.551954],[-83.376009,37.551951],[-83.376088,37.551957],[-83.376163,37.55197],[-83.376314,37.552012],[-83.376396,37.552047],[-83.376959,37.552241],[-83.37705,37.552263],[-83.37724,37.552273],[-83.377538,37.552262],[-83.377738,37.552241],[-83.377833,37.552227],[-83.377926,37.552206],[-83.378023,37.552179],[-83.378359,37.552047],[-83.378519,37.55196],[-83.37866,37.551866],[-83.379157,37.551481],[-83.379266,37.551367],[-83.379366,37.551278],[-83.379567,37.551051],[-83.379652,37.550924],[-83.379724,37.550781]]}},{"type":"Feature","properties":{"osm_id":16115118,"highway":"service","name":"Private Street","alt_name":null,"official_name":null,"surface":null,"tracktype":null,"service":null,"access":null,"motor_vehicle":null,"foot":null,"tiger_reviewed":"no","rrgh_part":0,"rrgh_tile_part":0},"geometry":{"type":"LineString","coordinates":[[-83.379826,37.548371],[-83.379763,37.548408],[-83.37947,37.548552],[-83.379437,37.548573],[-83.37939,37.548624],[-83.379366,37.548683],[-83.37931,37.548878],[-83.379191,37.549169]]}},{"type":"Feature","properties":{"osm_id":16115303,"highway":"residential","name":"Redwine Street","alt_name":null,"official_name":null,"surface":null,"tracktype":null,"service":null,"access":null,"motor_vehicle":null,"foot":null,"tiger_reviewed":"no","rrgh_part":0,"rrgh_tile_part":0},"geometry":{"type":"LineString","coordinates":[[-83.381756,37.548827],[-83.381231,37.54989]]}},{"type":"Feature","properties":{"osm_id":16115367,"highway":"residential","name":"Hargis Lane","alt_name":null,"official_name":null,"surface":null,"tracktype":null,"service":null,"access":null,"motor_vehicle":null,"foot":null,"tiger_reviewed":"no","rrgh_part":0,"rrgh_tile_part":0},"geometry":{"type":"LineString","coordinates":[[-83.3834547,37.5541672],[-83.383501,37.554226],[-83.383303,37.55433],[-83.38316,37.554429],[-83.383058,37.554531],[-83.382951,37.554654],[-83.38292,37.554693],[-83.382862,37.554786],[-83.382727,37.554962],[-83.38244,37.555263],[-83.382284,37.555391],[-83.382095,37.555515]]}},{"type":"Feature","properties":{"osm_id":16117330,"highway":"residential","name":"Ison Street","alt_name":null,"official_name":null,"surface":null,"tracktype":null,"service":null,"access":null,"motor_vehicle":null,"foot":null,"tiger_reviewed":"no","rrgh_part":0,"rrgh_tile_part":0},"geometry":{"type":"LineString","coordinates":[[-83.3799138,37.555658],[-83.379827,37.555635],[-83.379636,37.555529],[-83.37946,37.555414],[-83.379399,37.555384],[-83.37936,37.555372],[-83.379217,37.555385],[-83.379025,37.555445],[-83.3787815,37.5555491]]}},{"type":"Feature","properties":{"osm_id":108835932,"highway":"residential","name":"Highland Avenue","alt_name":null,"official_name":null,"surface":null,"tracktype":null,"service":null,"access":null,"motor_vehicle":null,"foot":null,"tiger_reviewed":"no","rrgh_part":0,"rrgh_tile_part":0},"geometry":{"type":"LineString","coordinates":[[-83.381174,37.553273],[-83.381244,37.553219],[-83.381311,37.553192],[-83.381436,37.55317],[-83.381881,37.553063],[-83.381947,37.553041],[-83.38201,37.553009],[-83.38212,37.552926],[-83.382269,37.552798],[-83.382563,37.552525],[-83.382641,37.552463]]}},{"type":"Feature","properties":{"osm_id":1447050610,"highway":"residential","name":"Court Street","alt_name":null,"official_name":null,"surface":null,"tracktype":null,"service":null,"access":null,"motor_vehicle":null,"foot":null,"tiger_reviewed":"no","rrgh_part":0,"rrgh_tile_part":0},"geometry":{"type":"LineString","coordinates":[[-83.3843578,37.5536948],[-83.3848386,37.5541859],[-83.3848941,37.554242],[-83.3849577,37.5543052],[-83.385049,37.5544],[-83.385889,37.555223],[-83.386173,37.555507],[-83.38626,37.555554],[-83.386346,37.555576],[-83.386425,37.555586],[-83.386462,37.555585],[-83.386499,37.555579],[-83.386568,37.555558],[-83.386623,37.555526]]}},{"type":"Feature","properties":{"osm_id":1561033695,"highway":"residential","name":null,"alt_name":null,"official_name":null,"surface":null,"tracktype":null,"service":null,"access":null,"motor_vehicle":null,"foot":null,"tiger_reviewed":null,"rrgh_part":0,"rrgh_tile_part":0},"geometry":{"type":"LineString","coordinates":[[-83.3845304,37.5555936],[-83.3845464,37.5555619],[-83.3845499,37.555524],[-83.3845641,37.555496],[-83.3845711,37.5554651],[-83.3845765,37.5554399],[-83.3845606,37.5554139],[-83.3845517,37.5553992],[-83.3845092,37.5553795],[-83.3844561,37.5553501],[-83.3844013,37.5553262],[-83.3843393,37.5553052],[-83.3842703,37.5552926],[-83.3841836,37.5552883],[-83.3840951,37.5552855],[-83.3840031,37.5552982],[-83.3839129,37.5553206],[-83.3838456,37.5553473],[-83.3837925,37.5553823],[-83.3837377,37.5554174],[-83.3836899,37.5554483],[-83.3836687,37.5554791],[-83.3836598,37.5555198],[-83.3836598,37.5555493],[-83.3836682,37.5555837]]}},{"type":"Feature","properties":{"osm_id":1561033696,"highway":"residential","name":null,"alt_name":null,"official_name":null,"surface":null,"tracktype":null,"service":null,"access":null,"motor_vehicle":null,"foot":null,"tiger_reviewed":null,"rrgh_part":0,"rrgh_tile_part":0},"geometry":{"type":"LineString","coordinates":[[-83.3845304,37.5555936],[-83.3845676,37.5555942],[-83.3846065,37.55559],[-83.3846455,37.5555815],[-83.3846723,37.5555719],[-83.3846844,37.5555675],[-83.3847039,37.5555521],[-83.3847074,37.555517],[-83.3846791,37.5554862],[-83.3846455,37.5554651],[-83.3845977,37.5554342],[-83.3845606,37.5554139]]}},{"type":"Feature","properties":{"osm_id":1562007986,"highway":"residential","name":null,"alt_name":null,"official_name":null,"surface":null,"tracktype":null,"service":null,"access":null,"motor_vehicle":null,"foot":null,"tiger_reviewed":null,"rrgh_part":0,"rrgh_tile_part":0},"geometry":{"type":"LineString","coordinates":[[-83.3740874,37.5458274],[-83.3741835,37.5456813],[-83.3742636,37.5455689],[-83.3743822,37.5455189],[-83.3744823,37.5454395],[-83.3745778,37.5453039],[-83.3746429,37.5452178],[-83.3747481,37.545161],[-83.3749068,37.5451634]]}},{"type":"Feature","properties":{"osm_id":16104233,"highway":"residential","name":"Sewell Street","alt_name":null,"official_name":null,"surface":null,"tracktype":null,"service":null,"access":null,"motor_vehicle":null,"foot":null,"tiger_reviewed":"no","rrgh_part":0,"rrgh_tile_part":0},"geometry":{"type":"LineString","coordinates":[[-83.3847238,37.5506995],[-83.384635,37.55068],[-83.384036,37.550528],[-83.383979,37.550508],[-83.383931,37.550474],[-83.383917,37.55045],[-83.383916,37.550395],[-83.383937,37.550342],[-83.384016,37.550194],[-83.384109,37.549997],[-83.384307,37.549569]]}},{"type":"Feature","properties":{"osm_id":16106030,"highway":"service","name":null,"alt_name":null,"official_name":null,"surface":null,"tracktype":null,"service":null,"access":"private","motor_vehicle":null,"foot":null,"tiger_reviewed":"no","rrgh_part":0,"rrgh_tile_part":0},"geometry":{"type":"LineString","coordinates":[[-83.382497,37.552358],[-83.38252,37.552338],[-83.38276,37.55216]]}},{"type":"Feature","properties":{"osm_id":16106923,"highway":"residential","name":"Jackson Street","alt_name":null,"official_name":null,"surface":null,"tracktype":null,"service":null,"access":null,"motor_vehicle":null,"foot":null,"tiger_reviewed":"no","rrgh_part":0,"rrgh_tile_part":0},"geometry":{"type":"LineString","coordinates":[[-83.383962,37.549035],[-83.384014,37.549035],[-83.384087,37.549047],[-83.384354,37.549141],[-83.38466,37.549215]]}},{"type":"Feature","properties":{"osm_id":16109684,"highway":"residential","name":"Cherry Street","alt_name":null,"official_name":null,"surface":null,"tracktype":null,"service":null,"access":null,"motor_vehicle":null,"foot":null,"tiger_reviewed":"no","rrgh_part":0,"rrgh_tile_part":0},"geometry":{"type":"LineString","coordinates":[[-83.386236,37.553564],[-83.386182,37.553601],[-83.385412,37.554031],[-83.385202,37.554151],[-83.3849577,37.5543052]]}},{"type":"Feature","properties":{"osm_id":16110621,"highway":"residential","name":"Hogg Street","alt_name":null,"official_name":null,"surface":null,"tracktype":null,"service":null,"access":null,"motor_vehicle":null,"foot":null,"tiger_reviewed":"no","rrgh_part":0,"rrgh_tile_part":0},"geometry":{"type":"LineString","coordinates":[[-83.385412,37.554031],[-83.385388,37.554005],[-83.3848725,37.5534315]]}},{"type":"Feature","properties":{"osm_id":16110689,"highway":"residential","name":"Ice Street","alt_name":null,"official_name":null,"surface":null,"tracktype":null,"service":null,"access":null,"motor_vehicle":null,"foot":null,"tiger_reviewed":"no","rrgh_part":0,"rrgh_tile_part":0},"geometry":{"type":"LineString","coordinates":[[-83.384109,37.549997],[-83.384086,37.549991],[-83.38374,37.54988],[-83.383615,37.549845],[-83.383416,37.549798],[-83.383228,37.549743]]}},{"type":"Feature","properties":{"osm_id":16111325,"highway":"service","name":"Smith Lane","alt_name":null,"official_name":null,"surface":null,"tracktype":null,"service":"alley","access":"private","motor_vehicle":null,"foot":null,"tiger_reviewed":"no","rrgh_part":0,"rrgh_tile_part":0},"geometry":{"type":"LineString","coordinates":[[-83.3849142,37.5534077],[-83.3847525,37.5532093],[-83.3847329,37.5531817],[-83.3847207,37.5531606],[-83.3847151,37.553143],[-83.384719,37.5531278],[-83.3847316,37.5531129],[-83.3847659,37.5530825],[-83.3847809,37.5530598],[-83.3847854,37.5530372],[-83.3847816,37.5530117],[-83.3847752,37.5529833],[-83.3847748,37.5529644],[-83.3847746,37.5529575],[-83.3847844,37.5529354],[-83.3848082,37.5529143],[-83.3848985,37.5528614],[-83.3849265,37.5528475],[-83.3849557,37.5528378],[-83.3849814,37.5528357],[-83.385003,37.5528453],[-83.3850254,37.5528653],[-83.3850632,37.5529039],[-83.3850903,37.5529301],[-83.3851342,37.552973],[-83.3851825,37.5530278],[-83.3852683,37.5531246],[-83.3852944,37.5531545],[-83.3853256,37.5531941]]}},{"type":"Feature","properties":{"osm_id":16112887,"highway":"residential","name":"Main Street","alt_name":null,"official_name":null,"surface":null,"tracktype":null,"service":null,"access":null,"motor_vehicle":null,"foot":null,"tiger_reviewed":"no","rrgh_part":0,"rrgh_tile_part":0},"geometry":{"type":"LineString","coordinates":[[-83.386328,37.552656],[-83.386273,37.552691],[-83.385978,37.552844],[-83.385707,37.552995]]}},{"type":"Feature","properties":{"osm_id":16113866,"highway":"residential","name":"Highland Avenue","alt_name":null,"official_name":null,"surface":null,"tracktype":null,"service":null,"access":null,"motor_vehicle":null,"foot":null,"tiger_reviewed":"no","rrgh_part":0,"rrgh_tile_part":0},"geometry":{"type":"LineString","coordinates":[[-83.382862,37.55264],[-83.382885,37.552626],[-83.383024,37.552528],[-83.3836,37.552092],[-83.38381,37.55194]]}},{"type":"Feature","properties":{"osm_id":16114456,"highway":"residential","name":"Bays Avenue","alt_name":null,"official_name":null,"surface":null,"tracktype":null,"service":null,"access":null,"motor_vehicle":null,"foot":null,"tiger_reviewed":"no","rrgh_part":0,"rrgh_tile_part":0},"geometry":{"type":"LineString","coordinates":[[-83.385889,37.555223],[-83.385915,37.555202],[-83.386311,37.554953],[-83.386579,37.554795]]}},{"type":"Feature","properties":{"osm_id":16115095,"highway":"residential","name":"Hawk Street","alt_name":null,"official_name":null,"surface":null,"tracktype":null,"service":null,"access":null,"motor_vehicle":null,"foot":null,"tiger_reviewed":"no","rrgh_part":0,"rrgh_tile_part":0},"geometry":{"type":"LineString","coordinates":[[-83.38789,37.552961],[-83.387638,37.553109],[-83.387104,37.553398],[-83.386435,37.553764]]}},{"type":"Feature","properties":{"osm_id":16115288,"highway":"residential","name":"Warrix Drive","alt_name":null,"official_name":null,"surface":null,"tracktype":null,"service":null,"access":null,"motor_vehicle":null,"foot":null,"tiger_reviewed":"no","rrgh_part":0,"rrgh_tile_part":0},"geometry":{"type":"LineString","coordinates":[[-83.38724,37.552711],[-83.387094,37.5528],[-83.386991,37.552866],[-83.386792,37.552972],[-83.386745,37.553003],[-83.386718,37.553028]]}},{"type":"Feature","properties":{"osm_id":16115627,"highway":"residential","name":"Short Street","alt_name":null,"official_name":null,"surface":null,"tracktype":null,"service":null,"access":null,"motor_vehicle":null,"foot":null,"tiger_reviewed":"no","rrgh_part":0,"rrgh_tile_part":0},"geometry":{"type":"LineString","coordinates":[[-83.382205,37.552183],[-83.382166,37.552219],[-83.382097,37.552299],[-83.381995,37.552404],[-83.381945,37.552442],[-83.381882,37.552468],[-83.381809,37.552483],[-83.381705,37.552514],[-83.381542,37.552575]]}},{"type":"Feature","properties":{"osm_id":108835997,"highway":"residential","name":"Broadway Street","alt_name":null,"official_name":null,"surface":null,"tracktype":null,"service":null,"access":null,"motor_vehicle":null,"foot":null,"tiger_reviewed":"no","rrgh_part":0,"rrgh_tile_part":0},"geometry":{"type":"LineString","coordinates":[[-83.385707,37.552995],[-83.385754,37.553045],[-83.386236,37.553564],[-83.386435,37.553764],[-83.386563,37.553889],[-83.387214,37.554469],[-83.387308,37.554562],[-83.387306,37.554589],[-83.387296,37.55461],[-83.387198,37.554711],[-83.38696,37.554881]]}},{"type":"Feature","properties":{"osm_id":16105479,"highway":"residential","name":null,"alt_name":null,"official_name":null,"surface":null,"tracktype":null,"service":null,"access":null,"motor_vehicle":null,"foot":null,"tiger_reviewed":"no","rrgh_part":0,"rrgh_tile_part":0},"geometry":{"type":"LineString","coordinates":[[-83.377052,37.550885],[-83.376909,37.551061],[-83.376799,37.551163],[-83.376713,37.551227],[-83.376611,37.55129],[-83.376322,37.551434],[-83.376253,37.551477],[-83.376172,37.551519],[-83.375537,37.551883],[-83.375435,37.551954]]}},{"type":"Feature","properties":{"osm_id":16105904,"highway":"residential","name":null,"alt_name":null,"official_name":null,"surface":null,"tracktype":null,"service":null,"access":null,"motor_vehicle":null,"foot":null,"tiger_reviewed":"no","rrgh_part":0,"rrgh_tile_part":0},"geometry":{"type":"LineString","coordinates":[[-83.376322,37.554438],[-83.376325,37.554459],[-83.376404,37.554724],[-83.376519,37.554884],[-83.376611,37.555073]]}},{"type":"Feature","properties":{"osm_id":16108634,"highway":"residential","name":"Kentucky Avenue","alt_name":null,"official_name":null,"surface":null,"tracktype":null,"service":null,"access":null,"motor_vehicle":null,"foot":null,"tiger_reviewed":"no","rrgh_part":0,"rrgh_tile_part":0},"geometry":{"type":"LineString","coordinates":[[-83.378637,37.554735],[-83.378531,37.554777],[-83.378484,37.55479],[-83.3779544,37.5549777],[-83.377646,37.555087],[-83.377433,37.55517],[-83.377242,37.555258],[-83.37708,37.555322]]}},{"type":"Feature","properties":{"osm_id":16115702,"highway":"residential","name":"Hollon Road","alt_name":null,"official_name":null,"surface":null,"tracktype":null,"service":null,"access":null,"motor_vehicle":null,"foot":null,"tiger_reviewed":"no","rrgh_part":0,"rrgh_tile_part":0},"geometry":{"type":"LineString","coordinates":[[-83.37783,37.552879],[-83.377698,37.552967],[-83.377588,37.553024],[-83.37737,37.553096],[-83.37726,37.553138],[-83.377108,37.553211],[-83.376924,37.553257],[-83.37669,37.553286],[-83.376622,37.553302],[-83.376527,37.553339],[-83.376472,37.553368],[-83.376421,37.553404],[-83.376207,37.55364]]}},{"type":"Feature","properties":{"osm_id":16104586,"highway":"residential","name":null,"alt_name":null,"official_name":null,"surface":null,"tracktype":null,"service":null,"access":null,"motor_vehicle":null,"foot":null,"tiger_reviewed":"no","rrgh_part":0,"rrgh_tile_part":0},"geometry":{"type":"LineString","coordinates":[[-83.373589,37.544525],[-83.3736319,37.544477],[-83.3737284,37.5444473],[-83.3739905,37.5444525],[-83.3741464,37.5444497],[-83.3747555,37.5443929]]}},{"type":"Feature","properties":{"osm_id":16104807,"highway":"residential","name":null,"alt_name":null,"official_name":null,"surface":null,"tracktype":null,"service":null,"access":null,"motor_vehicle":null,"foot":null,"tiger_reviewed":"no","rrgh_part":0,"rrgh_tile_part":0},"geometry":{"type":"LineString","coordinates":[[-83.372346,37.544841],[-83.372053,37.544984]]}},{"type":"Feature","properties":{"osm_id":16107804,"highway":"residential","name":"Hargis Street","alt_name":null,"official_name":null,"surface":null,"tracktype":null,"service":null,"access":null,"motor_vehicle":null,"foot":null,"tiger_reviewed":"no","rrgh_part":0,"rrgh_tile_part":0},"geometry":{"type":"LineString","coordinates":[[-83.371672,37.544112],[-83.371625,37.544133],[-83.371419,37.544207],[-83.371205,37.544316],[-83.371121,37.544353],[-83.37096,37.544405],[-83.370801,37.544451],[-83.370704,37.544489],[-83.37063,37.544532],[-83.370611,37.544676],[-83.370621,37.544824]]}},{"type":"Feature","properties":{"osm_id":16107806,"highway":"residential","name":"Hargis Street","alt_name":null,"official_name":null,"surface":null,"tracktype":null,"service":null,"access":null,"motor_vehicle":null,"foot":null,"tiger_reviewed":"no","rrgh_part":0,"rrgh_tile_part":0},"geometry":{"type":"LineString","coordinates":[[-83.37042,37.544681],[-83.37063,37.544532]]}},{"type":"Feature","properties":{"osm_id":16107810,"highway":"residential","name":"Hargis Street","alt_name":null,"official_name":null,"surface":null,"tracktype":null,"service":null,"access":null,"motor_vehicle":null,"foot":null,"tiger_reviewed":"no","rrgh_part":0,"rrgh_tile_part":0},"geometry":{"type":"LineString","coordinates":[[-83.370704,37.544489],[-83.370722,37.544512],[-83.37096,37.544759]]}},{"type":"Feature","properties":{"osm_id":16108736,"highway":"residential","name":"Arrowood Drive","alt_name":null,"official_name":null,"surface":null,"tracktype":null,"service":null,"access":null,"motor_vehicle":null,"foot":null,"tiger_reviewed":"no","rrgh_part":0,"rrgh_tile_part":0},"geometry":{"type":"LineString","coordinates":[[-83.37096,37.544405],[-83.370981,37.544447],[-83.371052,37.544557],[-83.371303,37.544845]]}},{"type":"Feature","properties":{"osm_id":16109535,"highway":"residential","name":"Red Bird Hollow Road","alt_name":null,"official_name":null,"surface":null,"tracktype":null,"service":null,"access":null,"motor_vehicle":null,"foot":null,"tiger_reviewed":"no","rrgh_part":0,"rrgh_tile_part":0},"geometry":{"type":"LineString","coordinates":[[-83.37187,37.548088],[-83.371255,37.548485],[-83.370877,37.548654],[-83.370556,37.548786]]}},{"type":"Feature","properties":{"osm_id":16112389,"highway":"residential","name":"Polka Dot Hollow Road","alt_name":null,"official_name":null,"surface":null,"tracktype":null,"service":null,"access":null,"motor_vehicle":null,"foot":null,"tiger_reviewed":"no","rrgh_part":0,"rrgh_tile_part":0},"geometry":{"type":"LineString","coordinates":[[-83.371638,37.547926],[-83.371581,37.547969],[-83.37151,37.548032],[-83.371477,37.548069],[-83.371427,37.548142],[-83.371329,37.548298]]}},{"type":"Feature","properties":{"osm_id":16113666,"highway":"residential","name":"Kings Br Road","alt_name":null,"official_name":null,"surface":null,"tracktype":null,"service":null,"access":null,"motor_vehicle":null,"foot":null,"tiger_reviewed":"no","rrgh_part":0,"rrgh_tile_part":0},"geometry":{"type":"LineString","coordinates":[[-83.372638,37.543947],[-83.372605,37.54373]]}},{"type":"Feature","properties":{"osm_id":16116545,"highway":"residential","name":"Williams Drive","alt_name":null,"official_name":null,"surface":null,"tracktype":null,"service":null,"access":null,"motor_vehicle":null,"foot":null,"tiger_reviewed":"no","rrgh_part":0,"rrgh_tile_part":0},"geometry":{"type":"LineString","coordinates":[[-83.373009,37.545521],[-83.372988,37.545535],[-83.3727312,37.5456843],[-83.372613,37.545753],[-83.372239,37.545989],[-83.372138,37.546038],[-83.372054,37.546065],[-83.372008,37.546073],[-83.371923,37.546071],[-83.371851,37.54605],[-83.371821,37.546035],[-83.371738,37.545974],[-83.371641,37.545877],[-83.37155,37.5458]]}},{"type":"Feature","properties":{"osm_id":790036554,"highway":"service","name":null,"alt_name":null,"official_name":null,"surface":null,"tracktype":null,"service":null,"access":null,"motor_vehicle":null,"foot":null,"tiger_reviewed":null,"rrgh_part":0,"rrgh_tile_part":0},"geometry":{"type":"LineString","coordinates":[[-83.3727312,37.5456843],[-83.3727024,37.5457747],[-83.3727122,37.5458124],[-83.3727384,37.5458552],[-83.3727786,37.5458934],[-83.3733445,37.5464305],[-83.3735839,37.5463951],[-83.3740501,37.5463263]]}},{"type":"Feature","properties":{"osm_id":790036555,"highway":"service","name":null,"alt_name":null,"official_name":null,"surface":null,"tracktype":null,"service":null,"access":null,"motor_vehicle":null,"foot":null,"tiger_reviewed":null,"rrgh_part":0,"rrgh_tile_part":0},"geometry":{"type":"LineString","coordinates":[[-83.3735839,37.5463951],[-83.3729677,37.5457851],[-83.3727786,37.5458934]]}},{"type":"Feature","properties":{"osm_id":16113431,"highway":"residential","name":"Stamper Drive","alt_name":null,"official_name":null,"surface":null,"tracktype":null,"service":null,"access":null,"motor_vehicle":null,"foot":null,"tiger_reviewed":"no","rrgh_part":0,"rrgh_tile_part":0},"geometry":{"type":"LineString","coordinates":[[-83.365399,37.543692],[-83.365427,37.543715],[-83.365468,37.54375],[-83.365598,37.543816],[-83.365723,37.543863],[-83.365761,37.543871],[-83.365817,37.543867],[-83.365935,37.543832],[-83.366009,37.543817]]}},{"type":"Feature","properties":{"osm_id":16106675,"highway":"residential","name":null,"alt_name":null,"official_name":null,"surface":null,"tracktype":null,"service":null,"access":null,"motor_vehicle":null,"foot":null,"tiger_reviewed":"no","rrgh_part":0,"rrgh_tile_part":0},"geometry":{"type":"LineString","coordinates":[[-83.374668,37.554181],[-83.374536,37.554219],[-83.374478,37.554247],[-83.374451,37.554267],[-83.374393,37.554312],[-83.374354,37.55436],[-83.374336,37.554445],[-83.374328,37.554526],[-83.374353,37.554791],[-83.374379,37.5549],[-83.374371,37.55498],[-83.374288,37.555171],[-83.374232,37.555341],[-83.374154,37.555474],[-83.374074,37.555556],[-83.374025,37.555595],[-83.373971,37.555629],[-83.373913,37.555655],[-83.373855,37.555664],[-83.373598,37.555661],[-83.373532,37.555658],[-83.37347,37.555644],[-83.373407,37.555637],[-83.373174,37.555642],[-83.373036,37.555628],[-83.372928,37.555588],[-83.372869,37.555558],[-83.372684,37.555479],[-83.372568,37.555417],[-83.372286,37.555209],[-83.372217,37.555177],[-83.372095,37.555135],[-83.372015,37.555117],[-83.371937,37.555109],[-83.371874,37.555121],[-83.371813,37.555146],[-83.37176,37.555179],[-83.371715,37.555218],[-83.371673,37.555277],[-83.371549,37.555505],[-83.371516,37.555549],[-83.371483,37.555575],[-83.3714,37.555611],[-83.371353,37.555621],[-83.371321,37.555621],[-83.371309,37.555607],[-83.371301,37.555573],[-83.371308,37.55552],[-83.37133,37.555463],[-83.371387,37.555366],[-83.371411,37.555311],[-83.371489,37.555182],[-83.37154,37.555122],[-83.371617,37.555054],[-83.371655,37.555028],[-83.37189,37.554896]]}},{"type":"Feature","properties":{"osm_id":16109543,"highway":"residential","name":"Shucky Bean Hollow Road","alt_name":null,"official_name":null,"surface":null,"tracktype":null,"service":null,"access":null,"motor_vehicle":null,"foot":null,"tiger_reviewed":"no","rrgh_part":0,"rrgh_tile_part":0},"geometry":{"type":"LineString","coordinates":[[-83.366506,37.543035],[-83.366426,37.543063],[-83.366318,37.543109],[-83.36618,37.543193],[-83.366134,37.543248],[-83.365948,37.543397],[-83.365717,37.543488],[-83.365603,37.54354],[-83.365399,37.543692],[-83.365272,37.543793],[-83.365219,37.543823],[-83.365161,37.543845],[-83.365036,37.543871],[-83.364651,37.543899],[-83.364317,37.543908],[-83.363813,37.543903],[-83.363617,37.543894],[-83.363486,37.543881],[-83.363393,37.543844],[-83.363282,37.54381],[-83.363012,37.543752],[-83.362936,37.54373],[-83.362864,37.543701],[-83.362682,37.543646],[-83.362481,37.543595],[-83.361973,37.543511],[-83.361646,37.543472],[-83.361555,37.543446],[-83.361466,37.543407],[-83.361414,37.543374],[-83.361318,37.543332]]}},{"type":"Feature","properties":{"osm_id":16105047,"highway":"residential","name":null,"alt_name":null,"official_name":null,"surface":null,"tracktype":null,"service":null,"access":null,"motor_vehicle":null,"foot":null,"tiger_reviewed":"no","rrgh_part":0,"rrgh_tile_part":0},"geometry":{"type":"LineString","coordinates":[[-83.373021,37.552185],[-83.373004,37.552233],[-83.372976,37.55227],[-83.372945,37.552296],[-83.372905,37.552314],[-83.372859,37.552322],[-83.37281,37.552322],[-83.372667,37.552294],[-83.372561,37.552264],[-83.372387,37.552188],[-83.372243,37.552142],[-83.372167,37.552125],[-83.372093,37.552118],[-83.372034,37.552119],[-83.371972,37.552128]]}},{"type":"Feature","properties":{"osm_id":16105708,"highway":"residential","name":null,"alt_name":null,"official_name":null,"surface":null,"tracktype":null,"service":null,"access":null,"motor_vehicle":null,"foot":null,"tiger_reviewed":"no","rrgh_part":0,"rrgh_tile_part":0},"geometry":{"type":"LineString","coordinates":[[-83.374181,37.549231],[-83.374078,37.549986],[-83.37405,37.550255],[-83.374025,37.550501]]}},{"type":"Feature","properties":{"osm_id":16105720,"highway":"residential","name":null,"alt_name":null,"official_name":null,"surface":null,"tracktype":null,"service":null,"access":null,"motor_vehicle":null,"foot":null,"tiger_reviewed":"no","rrgh_part":0,"rrgh_tile_part":0},"geometry":{"type":"LineString","coordinates":[[-83.3730682,37.5543297],[-83.37359,37.554234],[-83.373642,37.554221],[-83.373683,37.554207],[-83.373774,37.554162],[-83.373891,37.554085],[-83.373935,37.554063],[-83.374111,37.554002],[-83.374183,37.553993],[-83.374234,37.553995],[-83.374286,37.554006],[-83.374325,37.554027],[-83.374419,37.554101],[-83.374494,37.554148],[-83.374539,37.554164],[-83.374589,37.554174],[-83.374668,37.554181]]}},{"type":"Feature","properties":{"osm_id":16110655,"highway":"residential","name":"State Drive","alt_name":null,"official_name":null,"surface":null,"tracktype":null,"service":null,"access":null,"motor_vehicle":null,"foot":null,"tiger_reviewed":"no","rrgh_part":0,"rrgh_tile_part":0},"geometry":{"type":"LineString","coordinates":[[-83.372599,37.550464],[-83.372451,37.550706],[-83.372397,37.550817],[-83.372383,37.550858],[-83.372361,37.550951],[-83.372359,37.551006],[-83.372365,37.55105],[-83.372382,37.551092],[-83.372416,37.551126],[-83.372465,37.55115],[-83.37252,37.551166],[-83.372716,37.551184],[-83.372783,37.551197],[-83.372972,37.551249],[-83.373024,37.551254],[-83.373084,37.55125],[-83.373191,37.551232],[-83.373291,37.551224],[-83.373371,37.551233],[-83.37345,37.551256]]}},{"type":"Feature","properties":{"osm_id":16106634,"highway":"service","name":null,"alt_name":null,"official_name":null,"surface":null,"tracktype":null,"service":null,"access":"private","motor_vehicle":null,"foot":null,"tiger_reviewed":"no","rrgh_part":0,"rrgh_tile_part":0},"geometry":{"type":"LineString","coordinates":[[-83.363151,37.55377],[-83.363633,37.553742]]}},{"type":"Feature","properties":{"osm_id":16106638,"highway":"service","name":null,"alt_name":null,"official_name":null,"surface":null,"tracktype":null,"service":null,"access":"private","motor_vehicle":null,"foot":null,"tiger_reviewed":"no","rrgh_part":0,"rrgh_tile_part":0},"geometry":{"type":"LineString","coordinates":[[-83.363912,37.553115],[-83.363699,37.552936]]}},{"type":"Feature","properties":{"osm_id":16117006,"highway":"residential","name":"Big Branch Southfork Road","alt_name":null,"official_name":null,"surface":null,"tracktype":null,"service":null,"access":null,"motor_vehicle":null,"foot":null,"tiger_reviewed":"no","rrgh_part":0,"rrgh_tile_part":0},"geometry":{"type":"LineString","coordinates":[[-83.33500000000001,37.53403803838384],[-83.335344,37.533947],[-83.335661,37.533853],[-83.335772,37.533826],[-83.336174,37.533762],[-83.336265,37.533756],[-83.33637,37.533761],[-83.336445,37.533778],[-83.336586,37.53384],[-83.336665,37.533868],[-83.336742,37.533884],[-83.336813,37.533878],[-83.336872,37.533852],[-83.336916,37.533813],[-83.336999,37.533723],[-83.337102,37.533642],[-83.337291,37.533562],[-83.337368,37.533535],[-83.337672,37.533465],[-83.337825,37.53342],[-83.337907,37.533405],[-83.338354,37.533388],[-83.338501,37.533398],[-83.338567,37.533416],[-83.338687,37.53347],[-83.338739,37.533511],[-83.338788,37.533561],[-83.338886,37.533681],[-83.338918,37.533754],[-83.338968,37.533818],[-83.339008,37.533888],[-83.339166,37.534072],[-83.339227,37.53413],[-83.339274,37.534195],[-83.339415,37.534487],[-83.339645,37.5349],[-83.339749,37.535072],[-83.339837,37.535237],[-83.339916,37.535466],[-83.33993,37.535538],[-83.339949,37.535597],[-83.339973,37.535645],[-83.34008,37.535807],[-83.340165,37.535949],[-83.340215,37.536006],[-83.340276,37.536158],[-83.340436,37.536495],[-83.34054,37.536765],[-83.340568,37.536853],[-83.340585,37.536939],[-83.340648,37.53731],[-83.340652,37.53738],[-83.340638,37.537445],[-83.340613,37.537516],[-83.340575,37.537587],[-83.340529,37.537652],[-83.34048,37.53771],[-83.340426,37.537762],[-83.340306,37.53785],[-83.340237,37.537886],[-83.340157,37.537916],[-83.339984,37.537961],[-83.339904,37.537993],[-83.339832,37.538035],[-83.33977,37.538088],[-83.339603,37.538256],[-83.339458,37.538383],[-83.339342,37.538451],[-83.339303,37.538466],[-83.339205,37.538495],[-83.339098,37.538518],[-83.338983,37.538566],[-83.338959,37.538582],[-83.338926,37.538619],[-83.338763,37.538767],[-83.338628,37.538869],[-83.338519,37.538936],[-83.338396,37.539002],[-83.338199,37.539086],[-83.338058,37.539134],[-83.337503,37.539267],[-83.336943,37.539394],[-83.336751,37.539431],[-83.336515,37.539469],[-83.336466,37.539485],[-83.336427,37.539508],[-83.336338,37.539585]]}},{"type":"Feature","properties":{"osm_id":16111767,"highway":"residential","name":"Snowden Branch Road","alt_name":null,"official_name":null,"surface":null,"tracktype":null,"service":null,"access":null,"motor_vehicle":null,"foot":null,"tiger_reviewed":"no","rrgh_part":0,"rrgh_tile_part":0},"geometry":{"type":"LineString","coordinates":[[-83.356891,37.527778],[-83.356898,37.527892],[-83.356907,37.527996],[-83.356965,37.528319],[-83.356981,37.528457],[-83.356977,37.528604],[-83.356939,37.528891],[-83.356955,37.529193],[-83.356946,37.529574],[-83.356962,37.529778],[-83.357016,37.530034],[-83.357113,37.530285],[-83.357181,37.530496],[-83.357212,37.530573],[-83.357225,37.53064],[-83.357228,37.530772],[-83.357199,37.530958],[-83.357194,37.531129],[-83.357204,37.531437],[-83.357201,37.531507],[-83.357187,37.531664],[-83.357142,37.531965],[-83.357113,37.532129],[-83.357073,37.532283],[-83.356937,37.532613],[-83.356874,37.532846],[-83.35684,37.533002],[-83.356778,37.533204],[-83.356657,37.533451],[-83.356604,37.533522],[-83.356542,37.533584],[-83.356396,37.533703],[-83.356083,37.533903],[-83.356004,37.533951],[-83.355778,37.534066],[-83.355709,37.534095],[-83.355492,37.53417],[-83.355373,37.534202],[-83.355257,37.53422],[-83.35493,37.534257],[-83.35467,37.534324],[-83.354489,37.534362],[-83.353883,37.53445],[-83.353658,37.5345],[-83.353515,37.534546],[-83.353303,37.534568],[-83.353107,37.534563],[-83.353087,37.534563],[-83.353052,37.534574],[-83.353019,37.534592],[-83.352998,37.534611],[-83.352988,37.534642],[-83.352974,37.534779],[-83.352797,37.535633],[-83.352781,37.535896],[-83.352791,37.535965],[-83.352821,37.536514],[-83.352811,37.536629],[-83.352785,37.536767],[-83.352756,37.536874]]}},{"type":"Feature","properties":{"osm_id":16112133,"highway":"residential","name":"Deaton Lane","alt_name":null,"official_name":null,"surface":null,"tracktype":null,"service":null,"access":null,"motor_vehicle":null,"foot":null,"tiger_reviewed":"no","rrgh_part":0,"rrgh_tile_part":0},"geometry":{"type":"LineString","coordinates":[[-83.360317,37.530575],[-83.360286,37.530563],[-83.360251,37.530541],[-83.36017,37.530473],[-83.359714,37.530034],[-83.359381,37.529757],[-83.359234,37.529619],[-83.358984,37.529362],[-83.358919,37.529279],[-83.358899,37.529242],[-83.358835,37.529051]]}},{"type":"Feature","properties":{"osm_id":16114699,"highway":"residential","name":"Dunn Lane","alt_name":null,"official_name":null,"surface":null,"tracktype":null,"service":null,"access":null,"motor_vehicle":null,"foot":null,"tiger_reviewed":"no","rrgh_part":0,"rrgh_tile_part":0},"geometry":{"type":"LineString","coordinates":[[-83.354134,37.529006],[-83.354197,37.529041],[-83.354357,37.529113],[-83.354587,37.529205],[-83.354763,37.529285],[-83.354789,37.529313],[-83.354795,37.529335],[-83.354779,37.529375],[-83.354763,37.529391],[-83.354723,37.529416],[-83.354623,37.52944],[-83.35446,37.529454]]}},{"type":"Feature","properties":{"osm_id":16115467,"highway":"residential","name":"Robinson Road","alt_name":null,"official_name":null,"surface":null,"tracktype":null,"service":null,"access":null,"motor_vehicle":null,"foot":null,"tiger_reviewed":"no","rrgh_part":0,"rrgh_tile_part":0},"geometry":{"type":"LineString","coordinates":[[-83.352039,37.528301],[-83.352008,37.528331],[-83.351691,37.528621],[-83.351561,37.528727],[-83.351491,37.528795],[-83.351284,37.528956],[-83.351147,37.529079],[-83.350705,37.529455],[-83.350565,37.529582],[-83.350478,37.529684],[-83.350282,37.529951],[-83.350228,37.530012],[-83.350179,37.530079],[-83.350131,37.530156],[-83.35006,37.530304],[-83.349919,37.530601],[-83.349837,37.530796],[-83.349458,37.531782],[-83.349337,37.532076],[-83.349292,37.532166],[-83.349077,37.532483],[-83.348881,37.5326872],[-83.348757,37.532858],[-83.348664,37.533074],[-83.348609,37.533179],[-83.348566,37.533258],[-83.348498,37.533345],[-83.3483264,37.5336516],[-83.3481949,37.5339069]]}},{"type":"Feature","properties":{"osm_id":16117502,"highway":"service","name":"Quicksand Road","alt_name":null,"official_name":null,"surface":null,"tracktype":null,"service":null,"access":null,"motor_vehicle":null,"foot":null,"tiger_reviewed":"no","rrgh_part":0,"rrgh_tile_part":0},"geometry":{"type":"LineString","coordinates":[[-83.3557392,37.5277411],[-83.3556452,37.5276067],[-83.3554913,37.5274956],[-83.3553651,37.5274205],[-83.3552618,37.5274135],[-83.3549505,37.527645],[-83.3547756,37.5278351],[-83.3547708,37.5279322],[-83.3549988,37.5279938],[-83.3551352,37.5280748]]}},{"type":"Feature","properties":{"osm_id":1157777456,"highway":"unclassified","name":null,"alt_name":null,"official_name":null,"surface":null,"tracktype":null,"service":null,"access":null,"motor_vehicle":null,"foot":null,"tiger_reviewed":null,"rrgh_part":0,"rrgh_tile_part":0},"geometry":{"type":"LineString","coordinates":[[-83.347246,37.528485],[-83.3473842,37.5283259],[-83.3475245,37.52821],[-83.3477583,37.5280245],[-83.3478869,37.527955],[-83.3480155,37.5278298],[-83.3480681,37.5277093],[-83.3482084,37.5275702],[-83.3483136,37.5273755],[-83.3484715,37.5271112],[-83.348565,37.5269999],[-83.3490678,37.5269536],[-83.3495705,37.526898],[-83.3499797,37.5268006],[-83.3501551,37.5270463],[-83.3500557,37.5274126],[-83.3500265,37.5277649],[-83.3500499,37.5279874],[-83.3502019,37.5282981]]}},{"type":"Feature","properties":{"osm_id":1157794899,"highway":"residential","name":null,"alt_name":null,"official_name":null,"surface":null,"tracktype":null,"service":null,"access":null,"motor_vehicle":null,"foot":null,"tiger_reviewed":null,"rrgh_part":0,"rrgh_tile_part":0},"geometry":{"type":"LineString","coordinates":[[-83.3548907,37.5282881],[-83.3550625,37.5283826],[-83.355222,37.5284763],[-83.3553259,37.5285429],[-83.3553572,37.5286118],[-83.3553458,37.5287687],[-83.3553415,37.5288771],[-83.3553316,37.5290498],[-83.3553059,37.529288],[-83.3552732,37.5294584],[-83.3551565,37.5296402],[-83.3549768,37.5298407],[-83.3552183,37.5297803]]}},{"type":"Feature","properties":{"osm_id":16104382,"highway":"service","name":"Drive-in Lane","alt_name":null,"official_name":null,"surface":null,"tracktype":null,"service":null,"access":"private","motor_vehicle":null,"foot":null,"tiger_reviewed":"no","rrgh_part":0,"rrgh_tile_part":0},"geometry":{"type":"LineString","coordinates":[[-83.358808,37.528889],[-83.3591076,37.5286467],[-83.3595277,37.5285671],[-83.3597364,37.5285495],[-83.3602653,37.5285629],[-83.360637,37.528241]]}},{"type":"Feature","properties":{"osm_id":16109585,"highway":"residential","name":"Williams Trl Ct Road","alt_name":null,"official_name":null,"surface":null,"tracktype":null,"service":null,"access":null,"motor_vehicle":null,"foot":null,"tiger_reviewed":"no","rrgh_part":0,"rrgh_tile_part":0},"geometry":{"type":"LineString","coordinates":[[-83.357776,37.528314],[-83.357815,37.528281],[-83.357906,37.528169],[-83.357938,37.528139],[-83.357977,37.528115],[-83.358073,37.528084],[-83.358227,37.528058],[-83.358316,37.52802],[-83.358355,37.527993],[-83.358463,37.52789],[-83.358977,37.527335]]}},{"type":"Feature","properties":{"osm_id":16111314,"highway":"residential","name":"Childers Lane","alt_name":null,"official_name":null,"surface":null,"tracktype":null,"service":null,"access":null,"motor_vehicle":null,"foot":null,"tiger_reviewed":"no","rrgh_part":0,"rrgh_tile_part":0},"geometry":{"type":"LineString","coordinates":[[-83.358537,37.527015],[-83.358326,37.527238],[-83.358248,37.527311],[-83.358,37.527575],[-83.357622,37.527993],[-83.357493,37.528125]]}},{"type":"Feature","properties":{"osm_id":16111539,"highway":"residential","name":"Drive-in Lane","alt_name":null,"official_name":null,"surface":null,"tracktype":null,"service":null,"access":null,"motor_vehicle":null,"foot":null,"tiger_reviewed":"no","rrgh_part":0,"rrgh_tile_part":0},"geometry":{"type":"LineString","coordinates":[[-83.358722,37.528963],[-83.358808,37.528889]]}},{"type":"Feature","properties":{"osm_id":16117514,"highway":"residential","name":"Quicksand Road","alt_name":null,"official_name":null,"surface":null,"tracktype":null,"service":null,"access":null,"motor_vehicle":null,"foot":null,"tiger_reviewed":"no","rrgh_part":0,"rrgh_tile_part":0},"geometry":{"type":"LineString","coordinates":[[-83.356073,37.527675],[-83.356081,37.527621],[-83.356095,37.527276],[-83.356083,37.526825]]}},{"type":"Feature","properties":{"osm_id":16117516,"highway":"residential","name":"Quicksand Road","alt_name":null,"official_name":null,"surface":null,"tracktype":null,"service":null,"access":null,"motor_vehicle":null,"foot":null,"tiger_reviewed":"no","rrgh_part":0,"rrgh_tile_part":0},"geometry":{"type":"LineString","coordinates":[[-83.356666,37.527708],[-83.356671,37.527664],[-83.356792,37.526727]]}},{"type":"Feature","properties":{"osm_id":1157794898,"highway":"residential","name":null,"alt_name":null,"official_name":null,"surface":null,"tracktype":null,"service":null,"access":null,"motor_vehicle":null,"foot":null,"tiger_reviewed":null,"rrgh_part":0,"rrgh_tile_part":0},"geometry":{"type":"LineString","coordinates":[[-83.3570219,37.5278379],[-83.3570746,37.5276861],[-83.3571953,37.5275186]]}},{"type":"Feature","properties":{"osm_id":16105247,"highway":"residential","name":null,"alt_name":null,"official_name":null,"surface":null,"tracktype":null,"service":null,"access":null,"motor_vehicle":null,"foot":null,"tiger_reviewed":"no","rrgh_part":0,"rrgh_tile_part":0},"geometry":{"type":"LineString","coordinates":[[-83.352039,37.528301],[-83.353084,37.527371],[-83.354156,37.526338],[-83.355217,37.525663]]}},{"type":"Feature","properties":{"osm_id":16105330,"highway":"residential","name":null,"alt_name":null,"official_name":null,"surface":null,"tracktype":null,"service":null,"access":null,"motor_vehicle":null,"foot":null,"tiger_reviewed":"no","rrgh_part":0,"rrgh_tile_part":0},"geometry":{"type":"LineString","coordinates":[[-83.351561,37.528727],[-83.351573,37.528688],[-83.351577,37.528618],[-83.351557,37.528559],[-83.35151,37.528488],[-83.351426,37.528417],[-83.35119,37.528243],[-83.351156,37.528203],[-83.35107,37.528137]]}},{"type":"Feature","properties":{"osm_id":16105334,"highway":"residential","name":null,"alt_name":null,"official_name":null,"surface":null,"tracktype":null,"service":null,"access":null,"motor_vehicle":null,"foot":null,"tiger_reviewed":"no","rrgh_part":0,"rrgh_tile_part":0},"geometry":{"type":"LineString","coordinates":[[-83.35107,37.528137],[-83.351056,37.528146],[-83.35103,37.528178],[-83.351027,37.528202],[-83.351034,37.528228],[-83.351066,37.528286],[-83.351098,37.528366],[-83.351106,37.52841],[-83.351105,37.528454],[-83.351084,37.528532],[-83.35104,37.528603],[-83.35101,37.528639],[-83.350939,37.528695],[-83.350827,37.528764],[-83.35075,37.528802],[-83.350567,37.528865],[-83.35046,37.528894]]}},{"type":"Feature","properties":{"osm_id":16110823,"highway":"residential","name":"Dumont Ridge Road","alt_name":null,"official_name":null,"surface":null,"tracktype":null,"service":null,"access":null,"motor_vehicle":null,"foot":null,"tiger_reviewed":"no","rrgh_part":0,"rrgh_tile_part":0},"geometry":{"type":"LineString","coordinates":[[-83.35107,37.528137],[-83.351047,37.528118],[-83.350988,37.528052],[-83.350932,37.527969],[-83.35086,37.52783],[-83.350794,37.527672]]}},{"type":"Feature","properties":{"osm_id":16110806,"highway":"residential","name":"Hilltop Drive","alt_name":null,"official_name":null,"surface":null,"tracktype":null,"service":null,"access":null,"motor_vehicle":null,"foot":null,"tiger_reviewed":"no","rrgh_part":0,"rrgh_tile_part":0},"geometry":{"type":"LineString","coordinates":[[-83.343758,37.527723],[-83.343738,37.527778],[-83.343736,37.527807],[-83.343761,37.527935],[-83.34376,37.527966],[-83.343751,37.527997],[-83.343557,37.528322],[-83.343504,37.528434],[-83.343432,37.528678],[-83.343429,37.528712],[-83.343437,37.52874],[-83.343482,37.528796],[-83.343556,37.528832],[-83.343861,37.52892],[-83.344091,37.528996],[-83.344663,37.529168],[-83.344825,37.529226],[-83.344899,37.529258],[-83.345691,37.529642],[-83.346259,37.530056],[-83.346367,37.530122],[-83.346477,37.530175],[-83.346585,37.530208],[-83.34695,37.530283],[-83.347335,37.530371],[-83.3474,37.530394],[-83.347426,37.530409],[-83.347464,37.530445],[-83.347509,37.530526],[-83.347532,37.530615],[-83.347547,37.530807],[-83.347562,37.53085],[-83.347587,37.530889],[-83.347624,37.530924],[-83.347722,37.530992],[-83.347815,37.531069],[-83.348026,37.53129]]}},{"type":"Feature","properties":{"osm_id":16113367,"highway":"residential","name":"Smith Road","alt_name":null,"official_name":null,"surface":null,"tracktype":null,"service":null,"access":null,"motor_vehicle":null,"foot":null,"tiger_reviewed":"no","rrgh_part":0,"rrgh_tile_part":0},"geometry":{"type":"LineString","coordinates":[[-83.347246,37.528485],[-83.346994,37.52874],[-83.346954,37.52879],[-83.346858,37.528942],[-83.346814,37.52904],[-83.346781,37.529144],[-83.346771,37.529198],[-83.346759,37.529347],[-83.346763,37.529429],[-83.346778,37.5295],[-83.346798,37.529533],[-83.346872,37.529608],[-83.347009,37.529786],[-83.347259,37.530146],[-83.347369,37.530331],[-83.347426,37.530409]]}},{"type":"Feature","properties":{"osm_id":16106158,"highway":"service","name":null,"alt_name":null,"official_name":null,"surface":null,"tracktype":null,"service":null,"access":null,"motor_vehicle":null,"foot":null,"tiger_reviewed":null,"rrgh_part":0,"rrgh_tile_part":0},"geometry":{"type":"LineString","coordinates":[[-83.3443117,37.5256787],[-83.3441467,37.5255419],[-83.3439251,37.5254956],[-83.3436458,37.5254353],[-83.3432758,37.5253412],[-83.3429724,37.5252716],[-83.3428133,37.5251991],[-83.342702,37.5251785],[-83.3425699,37.5251619]]}},{"type":"Feature","properties":{"osm_id":16106204,"highway":"service","name":"Brigitte Drive","alt_name":null,"official_name":null,"surface":null,"tracktype":null,"service":null,"access":null,"motor_vehicle":null,"foot":null,"tiger_reviewed":"no","rrgh_part":0,"rrgh_tile_part":0},"geometry":{"type":"LineString","coordinates":[[-83.359547,37.529696],[-83.359593,37.529674],[-83.359772,37.529568],[-83.360125,37.529299]]}},{"type":"Feature","properties":{"osm_id":16106698,"highway":"residential","name":null,"alt_name":null,"official_name":null,"surface":null,"tracktype":null,"service":null,"access":null,"motor_vehicle":null,"foot":null,"tiger_reviewed":"no","rrgh_part":0,"rrgh_tile_part":0},"geometry":{"type":"LineString","coordinates":[[-83.359936,37.530904],[-83.359942,37.530931]]}},{"type":"Feature","properties":{"osm_id":16108955,"highway":"residential","name":"Pine Grove Road","alt_name":null,"official_name":null,"surface":null,"tracktype":null,"service":null,"access":null,"motor_vehicle":null,"foot":null,"tiger_reviewed":"no","rrgh_part":0,"rrgh_tile_part":0},"geometry":{"type":"LineString","coordinates":[[-83.359921,37.530844],[-83.359936,37.530904]]}},{"type":"Feature","properties":{"osm_id":16113096,"highway":"residential","name":"Howell Heights","alt_name":null,"official_name":null,"surface":null,"tracktype":null,"service":null,"access":null,"motor_vehicle":null,"foot":null,"tiger_reviewed":"no","rrgh_part":0,"rrgh_tile_part":0},"geometry":{"type":"LineString","coordinates":[[-83.360419,37.530509],[-83.360368,37.530539],[-83.360317,37.530575],[-83.36005,37.530788],[-83.359962,37.530833],[-83.359921,37.530844],[-83.359859,37.530854],[-83.359804,37.530855],[-83.359749,37.530848],[-83.359698,37.530831],[-83.359653,37.530805],[-83.359574,37.530733],[-83.359225,37.53036],[-83.359057,37.530215],[-83.358854,37.530088],[-83.358569,37.529941],[-83.358384,37.529857],[-83.358332,37.52984],[-83.358282,37.529832],[-83.358206,37.529853],[-83.358173,37.529876],[-83.358121,37.529977],[-83.358128,37.530063],[-83.358146,37.53016],[-83.358304,37.530812]]}},{"type":"Feature","properties":{"osm_id":16113556,"highway":"service","name":"Pine Grove Spur","alt_name":null,"official_name":null,"surface":null,"tracktype":null,"service":null,"access":null,"motor_vehicle":null,"foot":null,"tiger_reviewed":"no","rrgh_part":0,"rrgh_tile_part":0},"geometry":{"type":"LineString","coordinates":[[-83.359805,37.531287],[-83.35998,37.531338],[-83.360275,37.531394],[-83.360464,37.53144],[-83.360538,37.531466],[-83.360609,37.531503],[-83.360663,37.531541],[-83.36069,37.531567],[-83.360733,37.531634],[-83.360751,37.531671],[-83.360761,37.531712],[-83.360765,37.531798],[-83.360746,37.53188],[-83.360748,37.531923],[-83.360759,37.531964],[-83.360791,37.532011],[-83.360671,37.531966],[-83.36055,37.53189],[-83.36051,37.531871],[-83.360472,37.531859],[-83.360435,37.531856],[-83.360384,37.531871]]}},{"type":"Feature","properties":{"osm_id":16113560,"highway":"service","name":"Pine Grove Spur","alt_name":null,"official_name":null,"surface":null,"tracktype":null,"service":null,"access":null,"motor_vehicle":null,"foot":null,"tiger_reviewed":"no","rrgh_part":0,"rrgh_tile_part":0},"geometry":{"type":"LineString","coordinates":[[-83.359942,37.530931],[-83.359952,37.530977],[-83.359967,37.531048],[-83.359966,37.531081],[-83.359956,37.531116],[-83.359912,37.531185],[-83.359805,37.531287],[-83.359774,37.531316],[-83.359713,37.531392],[-83.359509,37.531689],[-83.359485,37.531734],[-83.359422,37.531924]]}},{"type":"Feature","properties":{"osm_id":16113135,"highway":"residential","name":"Right Fork Snowden Bridge","alt_name":null,"official_name":null,"surface":null,"tracktype":null,"service":null,"access":null,"motor_vehicle":null,"foot":null,"tiger_reviewed":"no","rrgh_part":0,"rrgh_tile_part":0},"geometry":{"type":"LineString","coordinates":[[-83.353107,37.534563],[-83.352953,37.534525],[-83.352866,37.534494],[-83.352677,37.534401],[-83.352365,37.534264],[-83.352231,37.53423],[-83.352184,37.534223],[-83.352083,37.53422],[-83.351972,37.53423]]}},{"type":"Feature","properties":{"osm_id":1157777484,"highway":"residential","name":null,"alt_name":null,"official_name":null,"surface":null,"tracktype":null,"service":null,"access":null,"motor_vehicle":null,"foot":null,"tiger_reviewed":null,"rrgh_part":0,"rrgh_tile_part":0},"geometry":{"type":"LineString","coordinates":[[-83.3508146,37.5309795],[-83.3507482,37.531077],[-83.3506585,37.5312323],[-83.3504858,37.5315562],[-83.3503364,37.5318011],[-83.3501704,37.5320486],[-83.3499446,37.532391],[-83.3497055,37.5327649],[-83.3496026,37.5328728],[-83.3495029,37.532915],[-83.3493137,37.5328702],[-83.3490779,37.5327807],[-83.348881,37.5326872]]}},{"type":"Feature","properties":{"osm_id":1157777485,"highway":"residential","name":null,"alt_name":null,"official_name":null,"surface":null,"tracktype":null,"service":null,"access":null,"motor_vehicle":null,"foot":null,"tiger_reviewed":null,"rrgh_part":0,"rrgh_tile_part":0},"geometry":{"type":"LineString","coordinates":[[-83.3495528,37.5332705],[-83.3495926,37.5331967],[-83.3495461,37.5331283],[-83.3495063,37.5330256],[-83.3495029,37.532915]]}},{"type":"Feature","properties":{"osm_id":16104720,"highway":"residential","name":null,"alt_name":null,"official_name":null,"surface":null,"tracktype":null,"service":null,"access":null,"motor_vehicle":null,"foot":null,"tiger_reviewed":"no","rrgh_part":0,"rrgh_tile_part":0},"geometry":{"type":"LineString","coordinates":[[-83.347914,37.531448],[-83.347895,37.531486],[-83.347891,37.53152],[-83.347903,37.531559],[-83.347938,37.531597],[-83.347993,37.531629],[-83.3485452,37.5318304],[-83.348835,37.531949],[-83.348888,37.531991],[-83.348924,37.532035],[-83.348942,37.532087],[-83.348947,37.532137],[-83.348942,37.532271],[-83.348881,37.5326872]]}},{"type":"Feature","properties":{"osm_id":16105213,"highway":"residential","name":null,"alt_name":null,"official_name":null,"surface":null,"tracktype":null,"service":null,"access":null,"motor_vehicle":null,"foot":null,"tiger_reviewed":"no","rrgh_part":0,"rrgh_tile_part":0},"geometry":{"type":"LineString","coordinates":[[-83.34954,37.534843],[-83.3494786,37.5352142],[-83.349349,37.536077]]}},{"type":"Feature","properties":{"osm_id":16105245,"highway":"service","name":null,"alt_name":null,"official_name":null,"surface":null,"tracktype":null,"service":null,"access":null,"motor_vehicle":null,"foot":null,"tiger_reviewed":null,"rrgh_part":0,"rrgh_tile_part":0},"geometry":{"type":"LineString","coordinates":[[-83.348942,37.532087],[-83.3490267,37.5319145],[-83.3492773,37.531491],[-83.3493163,37.5313513],[-83.3492917,37.5312617],[-83.3492032,37.5311876],[-83.3490634,37.531146],[-83.348913,37.531135],[-83.3488514,37.5311723],[-83.3486631,37.5315066],[-83.3485452,37.5318304]]}},{"type":"Feature","properties":{"osm_id":16115213,"highway":"residential","name":"Back Drive","alt_name":null,"official_name":null,"surface":null,"tracktype":null,"service":null,"access":null,"motor_vehicle":null,"foot":null,"tiger_reviewed":"no","rrgh_part":0,"rrgh_tile_part":0},"geometry":{"type":"LineString","coordinates":[[-83.35006,37.530304],[-83.350025,37.530286],[-83.349936,37.530233],[-83.349854,37.530171],[-83.349783,37.530106],[-83.349641,37.529958],[-83.349585,37.529907],[-83.349526,37.529863],[-83.34947,37.529832],[-83.349419,37.529819],[-83.349356,37.52981],[-83.349304,37.529818],[-83.34927,37.529842],[-83.349037,37.530112],[-83.348875,37.530274],[-83.348769,37.530369],[-83.348727,37.530417],[-83.348656,37.530507],[-83.348492,37.530762],[-83.348456,37.530796],[-83.348391,37.530883],[-83.348323,37.530958],[-83.348132,37.531157],[-83.348026,37.53129],[-83.347914,37.531448]]}},{"type":"Feature","properties":{"osm_id":16117123,"highway":"residential","name":"Woodcenter Drive","alt_name":null,"official_name":null,"surface":null,"tracktype":null,"service":null,"access":null,"motor_vehicle":null,"foot":null,"tiger_reviewed":"no","rrgh_part":0,"rrgh_tile_part":0},"geometry":{"type":"LineString","coordinates":[[-83.344183,37.530403],[-83.344404,37.530586],[-83.34457,37.530757],[-83.344777,37.530938],[-83.344833,37.530993],[-83.345131,37.531237],[-83.345268,37.531335],[-83.345525,37.531495],[-83.34579,37.531672],[-83.346312,37.532056],[-83.346591,37.532224],[-83.346783,37.532324],[-83.347888,37.532859],[-83.348028,37.532905],[-83.34812,37.53292],[-83.348217,37.532918],[-83.348289,37.532905],[-83.348353,37.532883],[-83.3487263,37.5327101],[-83.348881,37.5326872]]}},{"type":"Feature","properties":{"osm_id":287405109,"highway":"service","name":null,"alt_name":null,"official_name":null,"surface":null,"tracktype":null,"service":null,"access":null,"motor_vehicle":null,"foot":null,"tiger_reviewed":null,"rrgh_part":0,"rrgh_tile_part":0},"geometry":{"type":"LineString","coordinates":[[-83.3482598,37.5315191],[-83.3484639,37.5312763],[-83.3485487,37.5312081],[-83.3486495,37.53117],[-83.3487737,37.5311466],[-83.348913,37.531135]]}},{"type":"Feature","properties":{"osm_id":16113356,"highway":"residential","name":"Ma & Pa Road","alt_name":null,"official_name":null,"surface":null,"tracktype":null,"service":null,"access":null,"motor_vehicle":null,"foot":null,"tiger_reviewed":"no","rrgh_part":0,"rrgh_tile_part":0},"geometry":{"type":"LineString","coordinates":[[-83.350072,37.542162],[-83.350189,37.542111],[-83.35025,37.542078],[-83.350279,37.54205],[-83.350295,37.542019],[-83.350286,37.541969],[-83.350062,37.541531],[-83.350007,37.541403],[-83.349841,37.54112],[-83.349785,37.541006],[-83.34974,37.540897],[-83.349724,37.540848],[-83.349716,37.540796],[-83.349714,37.540703],[-83.34972,37.540661],[-83.349746,37.540626],[-83.34978,37.540606],[-83.349821,37.540596],[-83.350009,37.540605]]}},{"type":"Feature","properties":{"osm_id":16105739,"highway":"service","name":null,"alt_name":null,"official_name":null,"surface":null,"tracktype":null,"service":null,"access":null,"motor_vehicle":null,"foot":null,"tiger_reviewed":null,"rrgh_part":0,"rrgh_tile_part":0},"geometry":{"type":"LineString","coordinates":[[-83.345487,37.530801],[-83.345471,37.530847],[-83.345429,37.530913],[-83.345184,37.531185],[-83.345131,37.531237]]}},{"type":"Feature","properties":{"osm_id":16107826,"highway":"residential","name":"Woodcenter Drive Y","alt_name":null,"official_name":null,"surface":null,"tracktype":null,"service":null,"access":null,"motor_vehicle":null,"foot":null,"tiger_reviewed":"no","rrgh_part":0,"rrgh_tile_part":0},"geometry":{"type":"LineString","coordinates":[[-83.34812,37.53292],[-83.348224,37.532939],[-83.348307,37.532953],[-83.348348,37.532965],[-83.348408,37.532993],[-83.348513,37.53307],[-83.348609,37.533179]]}},{"type":"Feature","properties":{"osm_id":163995074,"highway":"residential","name":"Robinson Road","alt_name":null,"official_name":null,"surface":null,"tracktype":null,"service":null,"access":null,"motor_vehicle":null,"foot":null,"tiger_reviewed":"no","rrgh_part":0,"rrgh_tile_part":0},"geometry":{"type":"LineString","coordinates":[[-83.3481949,37.5339069],[-83.3477476,37.5346914]]}},{"type":"Feature","properties":{"osm_id":163995076,"highway":"residential","name":"Robinson Road","alt_name":null,"official_name":null,"surface":null,"tracktype":null,"service":null,"access":null,"motor_vehicle":null,"foot":null,"tiger_reviewed":"no","rrgh_part":0,"rrgh_tile_part":0},"geometry":{"type":"LineString","coordinates":[[-83.3477476,37.5346914],[-83.347673,37.53481],[-83.347629,37.534931],[-83.347619,37.53499],[-83.347618,37.535172]]}},{"type":"Feature","properties":{"osm_id":1157777446,"highway":"residential","name":null,"alt_name":null,"official_name":null,"surface":null,"tracktype":null,"service":null,"access":null,"motor_vehicle":null,"foot":null,"tiger_reviewed":null,"rrgh_part":0,"rrgh_tile_part":0},"geometry":{"type":"LineString","coordinates":[[-83.3483264,37.5336516],[-83.3481762,37.5336203],[-83.3480125,37.5336435],[-83.3477553,37.5335833],[-83.3475566,37.5335091],[-83.3474221,37.5334442],[-83.347387,37.5332866],[-83.347387,37.5331892],[-83.3473129,37.5331154],[-83.3472228,37.533034],[-83.3471477,37.5329526],[-83.3470424,37.5328965],[-83.346883,37.5328254],[-83.3466804,37.532757],[-83.3464911,37.5326727],[-83.3463517,37.532599],[-83.3462089,37.5325463],[-83.3460728,37.5324936],[-83.3459399,37.5324436],[-83.3458071,37.5323804],[-83.3456212,37.5322935],[-83.3454418,37.5321987],[-83.3453123,37.5321145],[-83.345236,37.5320434],[-83.3451364,37.5319591],[-83.3450766,37.531888],[-83.344967,37.5318169],[-83.3448641,37.5317484],[-83.3447313,37.5316668],[-83.3446217,37.5316089],[-83.3445088,37.5315746],[-83.3444224,37.5315773],[-83.3442963,37.5315536],[-83.3442797,37.531493],[-83.3442298,37.531414],[-83.3442531,37.5313376],[-83.3442631,37.5312507],[-83.3442929,37.5311586],[-83.3442929,37.5310559],[-83.3442896,37.5309822],[-83.3442464,37.5308874],[-83.3442,37.5308163],[-83.3441634,37.5307109],[-83.3441169,37.5306082],[-83.3440904,37.5305055],[-83.3440937,37.5304055]]}},{"type":"Feature","properties":{"osm_id":16104718,"highway":"residential","name":null,"alt_name":null,"official_name":null,"surface":null,"tracktype":null,"service":null,"access":null,"motor_vehicle":null,"foot":null,"tiger_reviewed":"no","rrgh_part":0,"rrgh_tile_part":0},"geometry":{"type":"LineString","coordinates":[[-83.337359,37.529618],[-83.337344,37.529568],[-83.337297,37.529419],[-83.337295,37.529363],[-83.337305,37.529325],[-83.337308,37.529244]]}},{"type":"Feature","properties":{"osm_id":16113230,"highway":"residential","name":"Neace Drive","alt_name":null,"official_name":null,"surface":null,"tracktype":null,"service":null,"access":null,"motor_vehicle":null,"foot":null,"tiger_reviewed":"no","rrgh_part":0,"rrgh_tile_part":0},"geometry":{"type":"LineString","coordinates":[[-83.337672,37.533465],[-83.337806,37.533461],[-83.33787,37.533462],[-83.338099,37.533483],[-83.338346,37.533476],[-83.338394,37.533482],[-83.33844,37.533493],[-83.338484,37.533511],[-83.338522,37.533535],[-83.33859,37.533599],[-83.338613,37.533641],[-83.338624,37.533683],[-83.338626,37.53372],[-83.338649,37.533779],[-83.338657,37.533875],[-83.338675,37.533937],[-83.338759,37.534105],[-83.338763,37.53417],[-83.33874,37.534196],[-83.338715,37.534214],[-83.338688,37.534227],[-83.33862,37.534246],[-83.338545,37.534283],[-83.338507,37.534311],[-83.338476,37.534347],[-83.338455,37.534386],[-83.338438,37.534466],[-83.338442,37.534594],[-83.33846,37.534687],[-83.338481,37.534733],[-83.338511,37.534777],[-83.338589,37.534855],[-83.338677,37.534921],[-83.338824,37.535018],[-83.33894,37.535105],[-83.338972,37.535119],[-83.339004,37.535125]]}},{"type":"Feature","properties":{"osm_id":16114052,"highway":"residential","name":"Rose Branch Road","alt_name":null,"official_name":null,"surface":null,"tracktype":null,"service":null,"access":null,"motor_vehicle":null,"foot":null,"tiger_reviewed":"no","rrgh_part":0,"rrgh_tile_part":0},"geometry":{"type":"LineString","coordinates":[[-83.337359,37.529618],[-83.337362,37.529629],[-83.337376,37.529668],[-83.337383,37.529726],[-83.337371,37.529853],[-83.337325,37.530009],[-83.337306,37.530097],[-83.337288,37.530273],[-83.337324,37.530603],[-83.337341,37.530666],[-83.337393,37.530789],[-83.337451,37.530906],[-83.337519,37.53101],[-83.337655,37.53117],[-83.337746,37.53129],[-83.337855,37.531467],[-83.337911,37.531582],[-83.338029,37.531882]]}},{"type":"Feature","properties":{"osm_id":16117343,"highway":"residential","name":"Manns Road","alt_name":null,"official_name":null,"surface":null,"tracktype":null,"service":null,"access":null,"motor_vehicle":null,"foot":null,"tiger_reviewed":"no","rrgh_part":0,"rrgh_tile_part":0},"geometry":{"type":"LineString","coordinates":[[-83.339303,37.538466],[-83.339303,37.538505],[-83.33931,37.53854],[-83.339342,37.538583],[-83.339397,37.538621],[-83.339435,37.538635],[-83.339479,37.538642],[-83.339695,37.538633],[-83.339882,37.538651],[-83.340002,37.538678],[-83.340055,37.538695],[-83.340146,37.538739],[-83.340185,37.53877],[-83.340247,37.538847],[-83.340302,37.538993],[-83.340329,37.539036],[-83.340338,37.539084],[-83.340439,37.539263],[-83.340503,37.539395],[-83.340586,37.539666],[-83.340606,37.539844],[-83.340626,37.539899],[-83.340675,37.539984],[-83.340691,37.540024],[-83.340697,37.540068],[-83.340671,37.540199],[-83.340575,37.540426],[-83.340556,37.540495],[-83.340526,37.540569],[-83.340474,37.54091],[-83.340479,37.540995],[-83.340457,37.541095],[-83.340447,37.541184],[-83.340346,37.541553],[-83.340206,37.541897],[-83.34013,37.542052],[-83.340102,37.542125],[-83.33996,37.542407],[-83.339829,37.542794],[-83.339768,37.543023],[-83.339762,37.543097],[-83.339771,37.543261],[-83.339799,37.543505],[-83.339768,37.543655],[-83.33973,37.543788],[-83.339694,37.54387],[-83.339678,37.54394],[-83.339678,37.544022],[-83.339721,37.544184],[-83.33973,37.544465],[-83.33975,37.54465],[-83.339763,37.544716],[-83.339778,37.545001],[-83.339837,37.54522],[-83.34002,37.545518],[-83.340069,37.545565],[-83.340182,37.545654],[-83.340233,37.545705],[-83.340374,37.54588],[-83.340496,37.546051],[-83.340653,37.546219],[-83.340714,37.546309],[-83.340735,37.546355],[-83.340796,37.546426],[-83.34093,37.546524],[-83.341051,37.546592],[-83.34112,37.546626],[-83.341259,37.546681],[-83.341314,37.546715],[-83.341508,37.546902],[-83.341832,37.547189],[-83.342,37.547429],[-83.34205,37.547477],[-83.342105,37.547518],[-83.342349,37.547667],[-83.342391,37.547709],[-83.342417,37.547757],[-83.34243,37.547805],[-83.342451,37.547954],[-83.342477,37.548054]]}},{"type":"Feature","properties":{"osm_id":1157789414,"highway":"unclassified","name":null,"alt_name":null,"official_name":null,"surface":null,"tracktype":null,"service":null,"access":null,"motor_vehicle":null,"foot":null,"tiger_reviewed":null,"rrgh_part":0,"rrgh_tile_part":0},"geometry":{"type":"LineString","coordinates":[[-83.3415727,37.5432218],[-83.3417351,37.543238],[-83.3419086,37.5432867],[-83.3420748,37.5433813],[-83.3421507,37.5434414],[-83.3422338,37.5434472],[-83.3423097,37.5433899],[-83.3423603,37.5432352],[-83.3424542,37.5431062],[-83.3424,37.5430059],[-83.3423133,37.5429429],[-83.3422699,37.542814],[-83.3422049,37.5425017],[-83.3421326,37.5423498],[-83.3420234,37.5422657]]}},{"type":"Feature","properties":{"osm_id":16112150,"highway":"residential","name":"Frazier Taylor Cemetery Road","alt_name":null,"official_name":null,"surface":null,"tracktype":null,"service":null,"access":null,"motor_vehicle":null,"foot":null,"tiger_reviewed":"no","rrgh_part":0,"rrgh_tile_part":0},"geometry":{"type":"LineString","coordinates":[[-83.342828,37.541466],[-83.342867,37.541541],[-83.342869,37.541558],[-83.34284,37.541617],[-83.342747,37.541716],[-83.34268,37.541774],[-83.342655,37.541809],[-83.34265,37.541839],[-83.342661,37.541891],[-83.342677,37.541915],[-83.342724,37.541955],[-83.342769,37.541979],[-83.342823,37.541987],[-83.342872,37.54201],[-83.34304,37.542141]]}},{"type":"Feature","properties":{"osm_id":16108787,"highway":"residential","name":"Big Branch-South Fork Road","alt_name":null,"official_name":null,"surface":null,"tracktype":null,"service":null,"access":null,"motor_vehicle":null,"foot":null,"tiger_reviewed":"no","rrgh_part":0,"rrgh_tile_part":0},"geometry":{"type":"LineString","coordinates":[[-83.336338,37.539585],[-83.336313,37.539603],[-83.336277,37.539622]]}},{"type":"Feature","properties":{"osm_id":16113109,"highway":"service","name":"Campbell Circle","alt_name":null,"official_name":null,"surface":null,"tracktype":null,"service":null,"access":"private","motor_vehicle":null,"foot":null,"tiger_reviewed":"no","rrgh_part":0,"rrgh_tile_part":0},"geometry":{"type":"LineString","coordinates":[[-83.351422,37.544577],[-83.351368,37.544587],[-83.3512056,37.5446028],[-83.351111,37.544612],[-83.351004,37.544641],[-83.350841,37.544706],[-83.350773,37.54472],[-83.350738,37.544719],[-83.350673,37.544704],[-83.350616,37.544671],[-83.350551,37.544608],[-83.350522,37.544561],[-83.350515,37.544512],[-83.350522,37.544486],[-83.350539,37.544462],[-83.350657,37.544371],[-83.350866,37.544233],[-83.3509135,37.5442069],[-83.350986,37.544167],[-83.351163,37.544104]]}},{"type":"Feature","properties":{"osm_id":1068061822,"highway":"service","name":null,"alt_name":null,"official_name":null,"surface":null,"tracktype":null,"service":null,"access":null,"motor_vehicle":null,"foot":null,"tiger_reviewed":null,"rrgh_part":0,"rrgh_tile_part":0},"geometry":{"type":"LineString","coordinates":[[-83.3538495,37.5478372],[-83.3536189,37.5479191],[-83.3535247,37.5479351],[-83.3534329,37.5479238],[-83.3533125,37.5478888],[-83.3530753,37.5477773],[-83.3529191,37.5476563],[-83.3528655,37.5476119],[-83.3524423,37.5479673]]}},{"type":"Feature","properties":{"osm_id":16113187,"highway":"residential","name":"Beech Point Estate Road","alt_name":null,"official_name":null,"surface":null,"tracktype":null,"service":null,"access":null,"motor_vehicle":null,"foot":null,"tiger_reviewed":"no","rrgh_part":0,"rrgh_tile_part":0},"geometry":{"type":"LineString","coordinates":[[-83.355069,37.549124],[-83.35502,37.549209],[-83.354969,37.549307],[-83.354982,37.549365],[-83.355015,37.549418],[-83.355221,37.549629],[-83.35527,37.549686],[-83.355393,37.54987],[-83.355524,37.550101],[-83.355558,37.550199],[-83.355559,37.550239],[-83.355545,37.550279],[-83.355494,37.550359],[-83.355179,37.550663],[-83.354976,37.550905],[-83.354679,37.551198],[-83.354622,37.551244],[-83.354558,37.551272],[-83.354433,37.551362],[-83.354343,37.551495],[-83.354314,37.551558],[-83.354203,37.551852],[-83.354126,37.551983],[-83.354022,37.552103],[-83.353932,37.552228],[-83.353829,37.552326],[-83.353746,37.552431],[-83.353655,37.552619],[-83.353538,37.552898],[-83.353468,37.553018],[-83.353419,37.553086],[-83.353382,37.553207],[-83.353399,37.553297],[-83.353421,37.553356],[-83.353426,37.553522],[-83.353438,37.553593],[-83.353497,37.553695]]}},{"type":"Feature","properties":{"osm_id":1374342278,"highway":"service","name":null,"alt_name":null,"official_name":null,"surface":"paved","tracktype":null,"service":null,"access":null,"motor_vehicle":null,"foot":null,"tiger_reviewed":null,"rrgh_part":0,"rrgh_tile_part":0},"geometry":{"type":"LineString","coordinates":[[-83.3568991,37.5547985],[-83.356753,37.5549803],[-83.3566074,37.5551463],[-83.3566001,37.5551546],[-83.3564955,37.5552758],[-83.3564982,37.5553013],[-83.3566538,37.5554098],[-83.3567123,37.5554336]]}},{"type":"Feature","properties":{"osm_id":484810644,"highway":"service","name":null,"alt_name":null,"official_name":null,"surface":null,"tracktype":null,"service":null,"access":null,"motor_vehicle":null,"foot":null,"tiger_reviewed":null,"rrgh_part":0,"rrgh_tile_part":0},"geometry":{"type":"LineString","coordinates":[[-83.3580571,37.5520903],[-83.3581182,37.5522221],[-83.3581544,37.5525049],[-83.3581719,37.5525357],[-83.3582134,37.5525463],[-83.3583019,37.5525389],[-83.3583221,37.5525208],[-83.3583341,37.5524868],[-83.3583019,37.5522029],[-83.3582429,37.5521381],[-83.358192,37.5520062]]}},{"type":"Feature","properties":{"osm_id":484810648,"highway":"service","name":null,"alt_name":null,"official_name":null,"surface":null,"tracktype":null,"service":null,"access":null,"motor_vehicle":null,"foot":null,"tiger_reviewed":null,"rrgh_part":0,"rrgh_tile_part":0},"geometry":{"type":"LineString","coordinates":[[-83.3586178,37.5513167],[-83.3586226,37.5514177],[-83.3586307,37.5515846],[-83.358639,37.5517558],[-83.3586467,37.5519156]]}},{"type":"Feature","properties":{"osm_id":484810649,"highway":"service","name":null,"alt_name":null,"official_name":null,"surface":null,"tracktype":null,"service":null,"access":null,"motor_vehicle":null,"foot":null,"tiger_reviewed":null,"rrgh_part":0,"rrgh_tile_part":0},"geometry":{"type":"LineString","coordinates":[[-83.3598737,37.5520498],[-83.3598093,37.5520211],[-83.3597932,37.5519839],[-83.3597986,37.5518808],[-83.3597885,37.5517036],[-83.3597792,37.5515422],[-83.3597692,37.551368],[-83.3597599,37.5512064]]}},{"type":"Feature","properties":{"osm_id":484810650,"highway":"service","name":null,"alt_name":null,"official_name":null,"surface":null,"tracktype":null,"service":null,"access":null,"motor_vehicle":null,"foot":null,"tiger_reviewed":null,"rrgh_part":0,"rrgh_tile_part":0},"geometry":{"type":"LineString","coordinates":[[-83.3586178,37.5513167],[-83.3587016,37.5512439],[-83.3597599,37.5512064],[-83.3605617,37.551178],[-83.3606207,37.5512045],[-83.3606462,37.5512566],[-83.3606703,37.5513279],[-83.3606878,37.5519371],[-83.3606381,37.5519924],[-83.3605845,37.5520232],[-83.360504,37.5520381],[-83.3598737,37.5520498]]}},{"type":"Feature","properties":{"osm_id":484810651,"highway":"service","name":null,"alt_name":null,"official_name":null,"surface":null,"tracktype":null,"service":null,"access":null,"motor_vehicle":null,"foot":null,"tiger_reviewed":null,"rrgh_part":0,"rrgh_tile_part":0},"geometry":{"type":"LineString","coordinates":[[-83.3580351,37.552104],[-83.3580571,37.5520903],[-83.358192,37.5520062],[-83.3582386,37.5519857],[-83.3583274,37.5519467],[-83.358441,37.551929],[-83.3584977,37.5519201],[-83.3586467,37.5519156],[-83.3597986,37.5518808]]}},{"type":"Feature","properties":{"osm_id":484810652,"highway":"service","name":null,"alt_name":null,"official_name":null,"surface":null,"tracktype":null,"service":null,"access":null,"motor_vehicle":null,"foot":null,"tiger_reviewed":null,"rrgh_part":0,"rrgh_tile_part":0},"geometry":{"type":"LineString","coordinates":[[-83.3577366,37.5522839],[-83.3579385,37.5521763],[-83.3580351,37.552104]]}},{"type":"Feature","properties":{"osm_id":484810653,"highway":"service","name":null,"alt_name":null,"official_name":null,"surface":null,"tracktype":null,"service":null,"access":null,"motor_vehicle":null,"foot":null,"tiger_reviewed":null,"rrgh_part":0,"rrgh_tile_part":0},"geometry":{"type":"LineString","coordinates":[[-83.357366,37.55157],[-83.3577541,37.551389],[-83.3579767,37.5513401],[-83.3581972,37.551333],[-83.3584157,37.5513246],[-83.3586178,37.5513167]]}},{"type":"Feature","properties":{"osm_id":484810654,"highway":"service","name":null,"alt_name":null,"official_name":null,"surface":null,"tracktype":null,"service":null,"access":null,"motor_vehicle":null,"foot":null,"tiger_reviewed":null,"rrgh_part":0,"rrgh_tile_part":0},"geometry":{"type":"LineString","coordinates":[[-83.3567014,37.5508208],[-83.3573102,37.5505182],[-83.3573652,37.5504789],[-83.3574725,37.5504842],[-83.3575744,37.550531],[-83.3576482,37.5506277],[-83.3577179,37.5507585],[-83.3577541,37.551389]]}},{"type":"Feature","properties":{"osm_id":1374342277,"highway":"service","name":null,"alt_name":null,"official_name":null,"surface":"paved","tracktype":null,"service":null,"access":null,"motor_vehicle":null,"foot":null,"tiger_reviewed":null,"rrgh_part":0,"rrgh_tile_part":0},"geometry":{"type":"LineString","coordinates":[[-83.3566074,37.5551463],[-83.3568816,37.5553224],[-83.3569038,37.5553214],[-83.3570698,37.5552193]]}},{"type":"Feature","properties":{"osm_id":1374342279,"highway":"service","name":null,"alt_name":null,"official_name":null,"surface":"paved","tracktype":null,"service":null,"access":null,"motor_vehicle":null,"foot":null,"tiger_reviewed":null,"rrgh_part":0,"rrgh_tile_part":0},"geometry":{"type":"LineString","coordinates":[[-83.3579265,37.5542857],[-83.3577829,37.5541927],[-83.3577383,37.5539973]]}},{"type":"Feature","properties":{"osm_id":1374342280,"highway":"service","name":null,"alt_name":null,"official_name":null,"surface":"paved","tracktype":null,"service":null,"access":null,"motor_vehicle":null,"foot":null,"tiger_reviewed":null,"rrgh_part":0,"rrgh_tile_part":0},"geometry":{"type":"LineString","coordinates":[[-83.3576404,37.5545845],[-83.3574202,37.5544239]]}},{"type":"Feature","properties":{"osm_id":1374342281,"highway":"service","name":null,"alt_name":null,"official_name":null,"surface":"paved","tracktype":null,"service":null,"access":null,"motor_vehicle":null,"foot":null,"tiger_reviewed":null,"rrgh_part":0,"rrgh_tile_part":0},"geometry":{"type":"LineString","coordinates":[[-83.3570698,37.5552193],[-83.3572645,37.5550776],[-83.3572963,37.5550201],[-83.3572751,37.5549752],[-83.3568991,37.5547985]]}},{"type":"Feature","properties":{"osm_id":1374342282,"highway":"service","name":null,"alt_name":null,"official_name":null,"surface":"paved","tracktype":null,"service":null,"access":null,"motor_vehicle":null,"foot":null,"tiger_reviewed":null,"rrgh_part":0,"rrgh_tile_part":0},"geometry":{"type":"LineString","coordinates":[[-83.3581632,37.5541893],[-83.3579265,37.5542857],[-83.3578775,37.5543783],[-83.3578378,37.5544542],[-83.3577957,37.5544968],[-83.3577,37.5545578],[-83.3576404,37.5545845],[-83.3576089,37.5545986],[-83.3575319,37.5546189],[-83.3574198,37.5546226],[-83.3572774,37.55463],[-83.3571606,37.5546263],[-83.3569738,37.5546041],[-83.3569271,37.554606],[-83.3569061,37.5546374],[-83.3568991,37.5547985]]}},{"type":"Feature","properties":{"osm_id":16108896,"highway":"residential","name":"Wolverine Road","alt_name":null,"official_name":null,"surface":null,"tracktype":null,"service":null,"access":null,"motor_vehicle":null,"foot":null,"tiger_reviewed":"no","rrgh_part":0,"rrgh_tile_part":0},"geometry":{"type":"LineString","coordinates":[[-83.4189164,37.558984],[-83.4185321,37.5594977],[-83.4181185,37.559934],[-83.417757,37.5604142],[-83.4172229,37.5610338],[-83.4168093,37.5613978],[-83.4163501,37.5617154],[-83.4161026,37.5618135],[-83.41579,37.561847],[-83.4150474,37.5618651],[-83.4140118,37.5618264],[-83.4136243,37.5617515],[-83.4132302,37.561625],[-83.4123802,37.5613255],[-83.4112794,37.5608841],[-83.4106965,37.5606311],[-83.4106256,37.5604261],[-83.4106832,37.5602742],[-83.4107853,37.5601132]]}},{"type":"Feature","properties":{"osm_id":16106587,"highway":"residential","name":null,"alt_name":null,"official_name":null,"surface":null,"tracktype":null,"service":null,"access":null,"motor_vehicle":null,"foot":null,"tiger_reviewed":"no","rrgh_part":0,"rrgh_tile_part":0},"geometry":{"type":"LineString","coordinates":[[-83.41599,37.592344],[-83.416006,37.592329],[-83.416186,37.592245],[-83.416241,37.592206],[-83.416344,37.592152],[-83.416477,37.592092],[-83.41657,37.592059],[-83.416817,37.592001],[-83.416921,37.591991],[-83.416973,37.591993],[-83.417106,37.591985],[-83.417224,37.591986],[-83.417311,37.591993],[-83.417396,37.592003],[-83.417533,37.592031],[-83.417754,37.592092],[-83.417795,37.592099],[-83.417938,37.592096],[-83.418267,37.592052],[-83.4185,37.592061],[-83.418676,37.592057],[-83.41886,37.592033],[-83.419123,37.591982],[-83.419381,37.591913],[-83.419739,37.591808],[-83.419782,37.591789],[-83.419988,37.591739],[-83.42,37.591738474103586]]}},{"type":"Feature","properties":{"osm_id":16107943,"highway":"residential","name":"Chestnut Gap Road","alt_name":null,"official_name":null,"surface":null,"tracktype":null,"service":null,"access":null,"motor_vehicle":null,"foot":null,"tiger_reviewed":"no","rrgh_part":0,"rrgh_tile_part":0},"geometry":{"type":"LineString","coordinates":[[-83.408013,37.582012],[-83.408061,37.582034],[-83.408182,37.582093],[-83.408466,37.582219],[-83.408522,37.582239],[-83.408583,37.582254],[-83.408648,37.582263],[-83.408854,37.582278],[-83.409,37.582295],[-83.409149,37.582323],[-83.409438,37.582392],[-83.409573,37.582417],[-83.409694,37.582423],[-83.409816,37.582416],[-83.40995,37.582426],[-83.410115,37.582414],[-83.410194,37.5824],[-83.410255,37.582371],[-83.410291,37.582345],[-83.410329,37.582327],[-83.410598,37.582286],[-83.410928,37.582306],[-83.411447,37.582301],[-83.41176,37.58232],[-83.412006,37.582322],[-83.412226,37.582339],[-83.412314,37.582356],[-83.412442,37.582394],[-83.412581,37.582457],[-83.412768,37.582571],[-83.41298,37.582728],[-83.413035,37.582763],[-83.413096,37.58279],[-83.413161,37.582809],[-83.413226,37.582821],[-83.413349,37.582828],[-83.413606,37.582807],[-83.4138,37.582774],[-83.413897,37.582761],[-83.413999,37.582759],[-83.414162,37.582774],[-83.414324,37.582809],[-83.414628,37.582905],[-83.414769,37.58294],[-83.415174,37.582977],[-83.415611,37.583028],[-83.415835,37.583074],[-83.416196,37.583164],[-83.416513,37.583225],[-83.416715,37.583239],[-83.417048,37.583247],[-83.417221,37.583264],[-83.41727,37.583275],[-83.417709,37.583341],[-83.417841,37.583373],[-83.417908,37.583394],[-83.418034,37.583448],[-83.418279,37.58359],[-83.418482,37.583672],[-83.418554,37.583691],[-83.418627,37.583702],[-83.418698,37.583703],[-83.418766,37.583693],[-83.418832,37.583674],[-83.419085,37.583576],[-83.419523,37.583464],[-83.419819,37.583377],[-83.419995,37.583317],[-83.42,37.58331575925926]]}},{"type":"Feature","properties":{"osm_id":16106988,"highway":"residential","name":"Seldon Haddix Cemetery Road","alt_name":null,"official_name":null,"surface":null,"tracktype":null,"service":null,"access":null,"motor_vehicle":null,"foot":null,"tiger_reviewed":"no","rrgh_part":0,"rrgh_tile_part":0},"geometry":{"type":"LineString","coordinates":[[-83.41599,37.592344],[-83.415982,37.592361],[-83.415986,37.592393],[-83.416003,37.59241],[-83.416031,37.592422],[-83.416074,37.592426],[-83.416183,37.592413],[-83.416306,37.592389],[-83.416601,37.592352],[-83.416676,37.592351],[-83.416757,37.592375],[-83.416805,37.592398],[-83.416854,37.592428],[-83.417077,37.592589],[-83.417176,37.592642],[-83.417229,37.592661],[-83.417343,37.59269],[-83.417526,37.592718],[-83.417592,37.592719],[-83.417786,37.592698],[-83.41819,37.592619],[-83.4184,37.592585],[-83.418451,37.592573],[-83.418584,37.592527],[-83.418724,37.592493]]}},{"type":"Feature","properties":{"osm_id":16106726,"highway":"service","name":null,"alt_name":null,"official_name":null,"surface":null,"tracktype":null,"service":null,"access":"private","motor_vehicle":null,"foot":null,"tiger_reviewed":"no","rrgh_part":0,"rrgh_tile_part":0},"geometry":{"type":"LineString","coordinates":[[-83.414788,37.594999],[-83.414637,37.595484],[-83.414616,37.595921],[-83.414712,37.596562],[-83.414866,37.596821],[-83.415043,37.596967]]}},{"type":"Feature","properties":{"osm_id":16106571,"highway":"residential","name":null,"alt_name":null,"official_name":null,"surface":null,"tracktype":null,"service":null,"access":null,"motor_vehicle":null,"foot":null,"tiger_reviewed":"no","rrgh_part":0,"rrgh_tile_part":0},"geometry":{"type":"LineString","coordinates":[[-83.405354,37.560216],[-83.405344,37.560174],[-83.405337,37.560128],[-83.40534,37.560074],[-83.405367,37.560023],[-83.40541,37.559986],[-83.405825,37.559827],[-83.406051,37.559752],[-83.406154,37.559704],[-83.4062,37.559668],[-83.406442,37.559442],[-83.406614,37.559305],[-83.406883,37.559047],[-83.407044,37.558917],[-83.407191,37.558776],[-83.407279,37.558714],[-83.407501,37.558599],[-83.407721,37.558496],[-83.408067,37.558383],[-83.408282,37.558296],[-83.40839,37.558236],[-83.408554,37.558117],[-83.408736,37.557958],[-83.408968,37.557782],[-83.409135,37.557682],[-83.409191,37.557643],[-83.409305,37.557585],[-83.40936,37.557567],[-83.409413,37.557559],[-83.409456,37.55756],[-83.409487,37.55757],[-83.409512,37.557592],[-83.409531,37.557619],[-83.409578,37.557706]]}},{"type":"Feature","properties":{"osm_id":16110418,"highway":"residential","name":"Panbowl Road","alt_name":null,"official_name":null,"surface":null,"tracktype":null,"service":null,"access":null,"motor_vehicle":null,"foot":null,"tiger_reviewed":"no","rrgh_part":0,"rrgh_tile_part":0},"geometry":{"type":"LineString","coordinates":[[-83.369241,37.57289],[-83.369355,37.572938],[-83.369417,37.573014],[-83.369495,37.573164],[-83.369744,37.573794],[-83.370138,37.57441],[-83.370375,37.574744],[-83.370615,37.574996],[-83.370816,37.575181],[-83.370934,37.575347],[-83.371116,37.575499],[-83.371213,37.575682],[-83.371292,37.575799],[-83.371414,37.575851],[-83.371579,37.57587],[-83.371849,37.575843],[-83.371953,37.575796],[-83.372139,37.575799],[-83.372407,37.575838],[-83.372796,37.575944],[-83.373022,37.575981],[-83.373229,37.575986],[-83.373435,37.576006],[-83.373725,37.575979],[-83.374244,37.575907],[-83.37464,37.5758],[-83.375476,37.575488],[-83.375876,37.575249],[-83.376065,37.575154],[-83.376236,37.575094],[-83.376568,37.574934],[-83.376822,37.574758],[-83.377326,37.574489],[-83.377643,37.574265],[-83.378024,37.573976],[-83.378615,37.57361],[-83.379163,37.573259],[-83.379354,37.573082],[-83.379656,37.572773],[-83.379931,37.572485],[-83.380338,37.572032],[-83.380594,37.571791],[-83.380821,37.571528],[-83.381044,37.571257],[-83.381306,37.570835],[-83.38157,37.570314],[-83.381793,37.569792],[-83.382084,37.569074],[-83.38241,37.567913],[-83.382549,37.567455],[-83.382601,37.567111],[-83.38263,37.566831],[-83.382683,37.566471],[-83.382721,37.566133],[-83.382764,37.565847],[-83.382835,37.565586],[-83.382931,37.565428],[-83.383109,37.565245],[-83.383285,37.565114],[-83.383506,37.564964],[-83.3837,37.564854],[-83.383882,37.564741],[-83.384018,37.564591],[-83.384135,37.564383],[-83.384183,37.564278],[-83.384225,37.564186],[-83.384374,37.563939],[-83.384673,37.563632],[-83.384931,37.563325],[-83.385124,37.563088],[-83.385283,37.56282],[-83.385559,37.562525],[-83.385884,37.562194],[-83.386129,37.562],[-83.386396,37.561802],[-83.386766,37.561453],[-83.387109,37.561082],[-83.387532,37.560685],[-83.387821,37.560434],[-83.388042,37.560268],[-83.388083,37.56024],[-83.388271,37.560136],[-83.388476,37.559996],[-83.388614,37.559913],[-83.3888,37.559768],[-83.3890098,37.5595943],[-83.3890886,37.5594061],[-83.3891219,37.5591635],[-83.3891265,37.5586545],[-83.3890565,37.558428],[-83.3888582,37.5581778],[-83.3886981,37.5580423],[-83.3885256,37.5579524],[-83.388328,37.557902],[-83.3871151,37.5577954]]}},{"type":"Feature","properties":{"osm_id":16111100,"highway":"residential","name":"North Point Avenue","alt_name":null,"official_name":null,"surface":null,"tracktype":null,"service":null,"access":null,"motor_vehicle":null,"foot":null,"tiger_reviewed":"no","rrgh_part":0,"rrgh_tile_part":0},"geometry":{"type":"LineString","coordinates":[[-83.397424,37.561035],[-83.397547,37.56094],[-83.397593,37.5609076],[-83.3978455,37.5606996],[-83.3979317,37.5606364],[-83.3981102,37.5605142],[-83.3981482,37.5604857],[-83.398933,37.559944],[-83.399112,37.559833],[-83.3991861,37.5597909],[-83.399496,37.559615],[-83.3996018,37.5595606],[-83.3996477,37.5595556],[-83.3996843,37.5595597],[-83.399764,37.559579],[-83.399841,37.559569]]}},{"type":"Feature","properties":{"osm_id":16112153,"highway":"service","name":"Howell Lane","alt_name":null,"official_name":null,"surface":"paved","tracktype":null,"service":null,"access":null,"motor_vehicle":null,"foot":null,"tiger_reviewed":"no","rrgh_part":0,"rrgh_tile_part":0},"geometry":{"type":"LineString","coordinates":[[-83.3946487,37.560446],[-83.3947867,37.5604983],[-83.3955254,37.5608077],[-83.3958234,37.5609881],[-83.3958792,37.5610161]]}},{"type":"Feature","properties":{"osm_id":16112962,"highway":"service","name":null,"alt_name":null,"official_name":null,"surface":"paved","tracktype":null,"service":"drive-through","access":null,"motor_vehicle":null,"foot":null,"tiger_reviewed":null,"rrgh_part":0,"rrgh_tile_part":0},"geometry":{"type":"LineString","coordinates":[[-83.3982733,37.5612864],[-83.3985317,37.5614522],[-83.3986639,37.5615296],[-83.3987228,37.5615489],[-83.3988143,37.5615553],[-83.398857,37.5615328],[-83.3989545,37.5614587],[-83.3989606,37.5614216],[-83.3985296,37.5610372]]}},{"type":"Feature","properties":{"osm_id":16112986,"highway":"service","name":null,"alt_name":null,"official_name":null,"surface":"paved","tracktype":null,"service":null,"access":null,"motor_vehicle":null,"foot":null,"tiger_reviewed":null,"rrgh_part":0,"rrgh_tile_part":0},"geometry":{"type":"LineString","coordinates":[[-83.3981102,37.5605142],[-83.3983081,37.5606747],[-83.3984291,37.560768],[-83.3985432,37.5608559]]}},{"type":"Feature","properties":{"osm_id":525741641,"highway":"service","name":null,"alt_name":null,"official_name":null,"surface":null,"tracktype":null,"service":null,"access":null,"motor_vehicle":null,"foot":null,"tiger_reviewed":null,"rrgh_part":0,"rrgh_tile_part":0},"geometry":{"type":"LineString","coordinates":[[-83.3963374,37.5602975],[-83.3961908,37.5604785]]}},{"type":"Feature","properties":{"osm_id":525741642,"highway":"service","name":null,"alt_name":null,"official_name":null,"surface":"paved","tracktype":null,"service":null,"access":null,"motor_vehicle":null,"foot":null,"tiger_reviewed":null,"rrgh_part":0,"rrgh_tile_part":0},"geometry":{"type":"LineString","coordinates":[[-83.3958792,37.5610161],[-83.3959274,37.5610235],[-83.3959649,37.5610224],[-83.3960412,37.5609916],[-83.3960932,37.5609717],[-83.3961447,37.5609355],[-83.3963317,37.5607383],[-83.3963689,37.5606948],[-83.3964255,37.5606288],[-83.3961908,37.5604785],[-83.3958888,37.5603147],[-83.3957291,37.5602418],[-83.395421,37.5601012],[-83.3950959,37.5599527],[-83.3949733,37.559898]]}},{"type":"Feature","properties":{"osm_id":1374339854,"highway":"service","name":null,"alt_name":null,"official_name":null,"surface":"paved","tracktype":null,"service":null,"access":null,"motor_vehicle":null,"foot":null,"tiger_reviewed":null,"rrgh_part":0,"rrgh_tile_part":0},"geometry":{"type":"LineString","coordinates":[[-83.398653,37.5609334],[-83.3985432,37.5608559]]}},{"type":"Feature","properties":{"osm_id":1374339855,"highway":"service","name":null,"alt_name":null,"official_name":null,"surface":"paved","tracktype":null,"service":null,"access":null,"motor_vehicle":null,"foot":null,"tiger_reviewed":null,"rrgh_part":0,"rrgh_tile_part":0},"geometry":{"type":"LineString","coordinates":[[-83.398653,37.5609334],[-83.3991517,37.5612846],[-83.3991944,37.5612814],[-83.3993001,37.5611863],[-83.3993001,37.5611638],[-83.3988366,37.5608238],[-83.3988082,37.560819],[-83.398653,37.5609334]]}},{"type":"Feature","properties":{"osm_id":1374339856,"highway":"service","name":null,"alt_name":null,"official_name":null,"surface":"paved","tracktype":null,"service":null,"access":null,"motor_vehicle":null,"foot":null,"tiger_reviewed":null,"rrgh_part":0,"rrgh_tile_part":0},"geometry":{"type":"LineString","coordinates":[[-83.3992146,37.5604757],[-83.3991049,37.5601517],[-83.3990996,37.5601222],[-83.3991084,37.5600815],[-83.3991243,37.5600352],[-83.3991756,37.5599805],[-83.3992836,37.5598908],[-83.3997596,37.5596453],[-83.3997614,37.5596172],[-83.399764,37.559579]]}},{"type":"Feature","properties":{"osm_id":1374339857,"highway":"service","name":null,"alt_name":null,"official_name":null,"surface":"paved","tracktype":null,"service":null,"access":null,"motor_vehicle":null,"foot":null,"tiger_reviewed":null,"rrgh_part":0,"rrgh_tile_part":0},"geometry":{"type":"LineString","coordinates":[[-83.3991861,37.5597909],[-83.3992836,37.5598908]]}},{"type":"Feature","properties":{"osm_id":1374339858,"highway":"service","name":null,"alt_name":null,"official_name":null,"surface":"paved","tracktype":null,"service":null,"access":null,"motor_vehicle":null,"foot":null,"tiger_reviewed":null,"rrgh_part":0,"rrgh_tile_part":0},"geometry":{"type":"LineString","coordinates":[[-83.3981482,37.5604857],[-83.3980228,37.5603768],[-83.3979759,37.5603438],[-83.3979504,37.5603034],[-83.3979423,37.5602822],[-83.3979477,37.5602375],[-83.3979571,37.5602067],[-83.3979759,37.5601844],[-83.3984412,37.5598261]]}},{"type":"Feature","properties":{"osm_id":1374339859,"highway":"service","name":null,"alt_name":null,"official_name":null,"surface":"paved","tracktype":null,"service":null,"access":null,"motor_vehicle":null,"foot":null,"tiger_reviewed":null,"rrgh_part":0,"rrgh_tile_part":0},"geometry":{"type":"LineString","coordinates":[[-83.3979463,37.5607939],[-83.3978455,37.5606996]]}},{"type":"Feature","properties":{"osm_id":1374339860,"highway":"service","name":null,"alt_name":null,"official_name":null,"surface":"paved","tracktype":null,"service":null,"access":null,"motor_vehicle":null,"foot":null,"tiger_reviewed":null,"rrgh_part":0,"rrgh_tile_part":0},"geometry":{"type":"LineString","coordinates":[[-83.3983402,37.5608218],[-83.3984291,37.560768]]}},{"type":"Feature","properties":{"osm_id":1374339861,"highway":"service","name":null,"alt_name":null,"official_name":null,"surface":"paved","tracktype":null,"service":null,"access":null,"motor_vehicle":null,"foot":null,"tiger_reviewed":null,"rrgh_part":0,"rrgh_tile_part":0},"geometry":{"type":"LineString","coordinates":[[-83.3979051,37.5608303],[-83.3979463,37.5607939],[-83.3980436,37.5607226]]}},{"type":"Feature","properties":{"osm_id":1374339862,"highway":"service","name":null,"alt_name":null,"official_name":null,"surface":"paved","tracktype":null,"service":null,"access":null,"motor_vehicle":null,"foot":null,"tiger_reviewed":null,"rrgh_part":0,"rrgh_tile_part":0},"geometry":{"type":"LineString","coordinates":[[-83.3976964,37.5609874],[-83.3978461,37.5608788]]}},{"type":"Feature","properties":{"osm_id":1374339863,"highway":"service","name":null,"alt_name":null,"official_name":null,"surface":"paved","tracktype":null,"service":null,"access":null,"motor_vehicle":null,"foot":null,"tiger_reviewed":null,"rrgh_part":0,"rrgh_tile_part":0},"geometry":{"type":"LineString","coordinates":[[-83.398008,37.5612069],[-83.3981069,37.5612798]]}},{"type":"Feature","properties":{"osm_id":1374339864,"highway":"service","name":null,"alt_name":null,"official_name":null,"surface":"paved","tracktype":null,"service":null,"access":null,"motor_vehicle":null,"foot":null,"tiger_reviewed":null,"rrgh_part":0,"rrgh_tile_part":0},"geometry":{"type":"LineString","coordinates":[[-83.3981176,37.5607811],[-83.3983402,37.5608218]]}},{"type":"Feature","properties":{"osm_id":1374339865,"highway":"service","name":null,"alt_name":null,"official_name":null,"surface":"paved","tracktype":null,"service":null,"access":null,"motor_vehicle":null,"foot":null,"tiger_reviewed":null,"rrgh_part":0,"rrgh_tile_part":0},"geometry":{"type":"LineString","coordinates":[[-83.3978461,37.5608788],[-83.3979051,37.5608303]]}},{"type":"Feature","properties":{"osm_id":1374339866,"highway":"service","name":null,"alt_name":null,"official_name":null,"surface":"paved","tracktype":null,"service":null,"access":null,"motor_vehicle":null,"foot":null,"tiger_reviewed":null,"rrgh_part":0,"rrgh_tile_part":0},"geometry":{"type":"LineString","coordinates":[[-83.3978986,37.5611314],[-83.3980574,37.5610037],[-83.3980841,37.5609606],[-83.3981176,37.5607811],[-83.3980436,37.5607226],[-83.3979317,37.5606364]]}},{"type":"Feature","properties":{"osm_id":1374339867,"highway":"service","name":null,"alt_name":null,"official_name":null,"surface":"paved","tracktype":null,"service":null,"access":null,"motor_vehicle":null,"foot":null,"tiger_reviewed":null,"rrgh_part":0,"rrgh_tile_part":0},"geometry":{"type":"LineString","coordinates":[[-83.398008,37.5612069],[-83.3981841,37.5610953],[-83.3982837,37.5610333],[-83.3982929,37.5610155],[-83.3983402,37.5608218]]}},{"type":"Feature","properties":{"osm_id":1374339868,"highway":"service","name":null,"alt_name":null,"official_name":null,"surface":"paved","tracktype":null,"service":null,"access":null,"motor_vehicle":null,"foot":null,"tiger_reviewed":null,"rrgh_part":0,"rrgh_tile_part":0},"geometry":{"type":"LineString","coordinates":[[-83.397593,37.5609076],[-83.3976964,37.5609874],[-83.3978986,37.5611314],[-83.398008,37.5612069]]}},{"type":"Feature","properties":{"osm_id":1374339869,"highway":"service","name":null,"alt_name":null,"official_name":null,"surface":"paved","tracktype":null,"service":null,"access":null,"motor_vehicle":null,"foot":null,"tiger_reviewed":null,"rrgh_part":0,"rrgh_tile_part":0},"geometry":{"type":"LineString","coordinates":[[-83.3985296,37.5610372],[-83.3984183,37.5611075],[-83.3982957,37.5612111],[-83.3982844,37.5612446],[-83.3982733,37.5612864]]}},{"type":"Feature","properties":{"osm_id":1374339870,"highway":"service","name":null,"alt_name":null,"official_name":null,"surface":"paved","tracktype":null,"service":null,"access":null,"motor_vehicle":null,"foot":null,"tiger_reviewed":null,"rrgh_part":0,"rrgh_tile_part":0},"geometry":{"type":"LineString","coordinates":[[-83.3981069,37.5612798],[-83.398141,37.5612947],[-83.3981841,37.5612991],[-83.3982733,37.5612864]]}},{"type":"Feature","properties":{"osm_id":1374339871,"highway":"service","name":null,"alt_name":null,"official_name":null,"surface":"paved","tracktype":null,"service":null,"access":null,"motor_vehicle":null,"foot":null,"tiger_reviewed":null,"rrgh_part":0,"rrgh_tile_part":0},"geometry":{"type":"LineString","coordinates":[[-83.3985296,37.5610372],[-83.3986055,37.5609752],[-83.398653,37.5609334]]}},{"type":"Feature","properties":{"osm_id":1374341878,"highway":"service","name":null,"alt_name":null,"official_name":null,"surface":"paved","tracktype":null,"service":null,"access":null,"motor_vehicle":null,"foot":null,"tiger_reviewed":null,"rrgh_part":0,"rrgh_tile_part":0},"geometry":{"type":"LineString","coordinates":[[-83.3953515,37.5602033],[-83.3949032,37.5600319]]}},{"type":"Feature","properties":{"osm_id":1374341881,"highway":"service","name":null,"alt_name":null,"official_name":null,"surface":"paved","tracktype":null,"service":null,"access":null,"motor_vehicle":null,"foot":null,"tiger_reviewed":null,"rrgh_part":0,"rrgh_tile_part":0},"geometry":{"type":"LineString","coordinates":[[-83.3966519,37.5611025],[-83.3965302,37.5608912],[-83.3965179,37.5607776],[-83.3964963,37.5607141],[-83.3964255,37.5606288]]}},{"type":"Feature","properties":{"osm_id":1374341882,"highway":"service","name":null,"alt_name":null,"official_name":null,"surface":"paved","tracktype":null,"service":null,"access":null,"motor_vehicle":null,"foot":null,"tiger_reviewed":null,"rrgh_part":0,"rrgh_tile_part":0},"geometry":{"type":"LineString","coordinates":[[-83.3960804,37.5611928],[-83.3960064,37.5610988],[-83.3960157,37.5610841],[-83.396048,37.5610634],[-83.3965302,37.5608912]]}},{"type":"Feature","properties":{"osm_id":1374341883,"highway":"service","name":null,"alt_name":null,"official_name":null,"surface":"paved","tracktype":null,"service":null,"access":null,"motor_vehicle":null,"foot":null,"tiger_reviewed":null,"rrgh_part":0,"rrgh_tile_part":0},"geometry":{"type":"LineString","coordinates":[[-83.395808,37.5604102],[-83.3963689,37.5606948]]}},{"type":"Feature","properties":{"osm_id":1374341884,"highway":"service","name":null,"alt_name":null,"official_name":null,"surface":"paved","tracktype":null,"service":null,"access":null,"motor_vehicle":null,"foot":null,"tiger_reviewed":null,"rrgh_part":0,"rrgh_tile_part":0},"geometry":{"type":"LineString","coordinates":[[-83.3957291,37.5602418],[-83.3954996,37.5605932],[-83.3954703,37.5606005],[-83.3953086,37.5605358]]}},{"type":"Feature","properties":{"osm_id":1374341885,"highway":"service","name":null,"alt_name":null,"official_name":null,"surface":"paved","tracktype":null,"service":null,"access":null,"motor_vehicle":null,"foot":null,"tiger_reviewed":null,"rrgh_part":0,"rrgh_tile_part":0},"geometry":{"type":"LineString","coordinates":[[-83.3953515,37.5602033],[-83.395421,37.5601012]]}},{"type":"Feature","properties":{"osm_id":1374341886,"highway":"service","name":null,"alt_name":null,"official_name":null,"surface":"paved","tracktype":null,"service":"drive-through","access":null,"motor_vehicle":null,"foot":null,"tiger_reviewed":null,"rrgh_part":0,"rrgh_tile_part":0},"geometry":{"type":"LineString","coordinates":[[-83.3947371,37.5603038],[-83.3951237,37.5604589],[-83.3951776,37.5604564],[-83.3953374,37.5602253],[-83.3953515,37.5602033]]}},{"type":"Feature","properties":{"osm_id":1381007734,"highway":"service","name":null,"alt_name":null,"official_name":null,"surface":null,"tracktype":null,"service":null,"access":null,"motor_vehicle":null,"foot":null,"tiger_reviewed":null,"rrgh_part":0,"rrgh_tile_part":0},"geometry":{"type":"LineString","coordinates":[[-83.3950881,37.5574796],[-83.3953729,37.5568296],[-83.3951601,37.556771],[-83.3948735,37.5574246]]}},{"type":"Feature","properties":{"osm_id":525741640,"highway":"unclassified","name":null,"alt_name":null,"official_name":null,"surface":null,"tracktype":null,"service":null,"access":null,"motor_vehicle":null,"foot":null,"tiger_reviewed":null,"rrgh_part":0,"rrgh_tile_part":0},"geometry":{"type":"LineString","coordinates":[[-83.393238,37.559005],[-83.3933289,37.5588884],[-83.3934416,37.5585982],[-83.39351,37.5584058],[-83.3935609,37.558224],[-83.3935636,37.5581177],[-83.3934993,37.5579965],[-83.3934081,37.5579061],[-83.3932404,37.5578104],[-83.3929963,37.5576903],[-83.3929011,37.5576456],[-83.3928569,37.5575701],[-83.3928247,37.5574011],[-83.3928081,37.5573151]]}},{"type":"Feature","properties":{"osm_id":790036570,"highway":"residential","name":null,"alt_name":null,"official_name":null,"surface":null,"tracktype":null,"service":null,"access":null,"motor_vehicle":null,"foot":null,"tiger_reviewed":null,"rrgh_part":0,"rrgh_tile_part":0},"geometry":{"type":"LineString","coordinates":[[-83.3917596,37.5568784],[-83.391733,37.5567728],[-83.3917537,37.5567001],[-83.3919016,37.5566251],[-83.3921679,37.5566063],[-83.3924873,37.5565946],[-83.3924903,37.5568268],[-83.3918543,37.5568713],[-83.3917596,37.5568784]]}},{"type":"Feature","properties":{"osm_id":790036570,"highway":"residential","name":null,"alt_name":null,"official_name":null,"surface":null,"tracktype":null,"service":null,"access":null,"motor_vehicle":null,"foot":null,"tiger_reviewed":null,"rrgh_part":1,"rrgh_tile_part":0},"geometry":{"type":"LineString","coordinates":[[-83.3917596,37.5568784],[-83.3917241,37.55693],[-83.3917485,37.5574109]]}},{"type":"Feature","properties":{"osm_id":1374341877,"highway":"service","name":null,"alt_name":null,"official_name":null,"surface":"paved","tracktype":null,"service":null,"access":null,"motor_vehicle":null,"foot":null,"tiger_reviewed":null,"rrgh_part":0,"rrgh_tile_part":0},"geometry":{"type":"LineString","coordinates":[[-83.3943698,37.5597533],[-83.3942724,37.559896]]}},{"type":"Feature","properties":{"osm_id":1374341879,"highway":"service","name":null,"alt_name":null,"official_name":null,"surface":"paved","tracktype":null,"service":null,"access":null,"motor_vehicle":null,"foot":null,"tiger_reviewed":null,"rrgh_part":0,"rrgh_tile_part":0},"geometry":{"type":"LineString","coordinates":[[-83.3923073,37.5589821],[-83.3923308,37.5588962],[-83.3923008,37.5588709],[-83.3921079,37.5587882],[-83.3919663,37.5587194],[-83.3918743,37.5586633],[-83.3918407,37.558631],[-83.3918371,37.5585932],[-83.3918793,37.5584926]]}},{"type":"Feature","properties":{"osm_id":1374341880,"highway":"service","name":null,"alt_name":null,"official_name":null,"surface":"paved","tracktype":null,"service":null,"access":null,"motor_vehicle":null,"foot":null,"tiger_reviewed":null,"rrgh_part":0,"rrgh_tile_part":0},"geometry":{"type":"LineString","coordinates":[[-83.3931946,37.5591066],[-83.3931396,37.5591206],[-83.3930458,37.5591866],[-83.3928883,37.5592735],[-83.3927255,37.5593044],[-83.3926759,37.5593035]]}},{"type":"Feature","properties":{"osm_id":1374341880,"highway":"service","name":null,"alt_name":null,"official_name":null,"surface":"paved","tracktype":null,"service":null,"access":null,"motor_vehicle":null,"foot":null,"tiger_reviewed":null,"rrgh_part":1,"rrgh_tile_part":0},"geometry":{"type":"LineString","coordinates":[[-83.3926759,37.5593035],[-83.3925733,37.5593016],[-83.3921344,37.559296],[-83.3920884,37.5592567],[-83.3920282,37.5591795],[-83.392053,37.5589691],[-83.3920831,37.5589369],[-83.3923073,37.5589821],[-83.3927219,37.5590659],[-83.3927396,37.5590884],[-83.3926759,37.5593035]]}},{"type":"Feature","properties":{"osm_id":1381007735,"highway":"service","name":null,"alt_name":null,"official_name":null,"surface":null,"tracktype":null,"service":null,"access":null,"motor_vehicle":null,"foot":null,"tiger_reviewed":null,"rrgh_part":0,"rrgh_tile_part":0},"geometry":{"type":"LineString","coordinates":[[-83.3941806,37.5612611],[-83.3932523,37.5608679]]}},{"type":"Feature","properties":{"osm_id":16106933,"highway":"residential","name":"Community Way","alt_name":null,"official_name":null,"surface":null,"tracktype":null,"service":null,"access":null,"motor_vehicle":null,"foot":null,"tiger_reviewed":"no","rrgh_part":0,"rrgh_tile_part":0},"geometry":{"type":"LineString","coordinates":[[-83.397424,37.561035],[-83.397304,37.561101],[-83.397279,37.561122],[-83.397269,37.561141],[-83.397266,37.561171],[-83.397287,37.561246],[-83.397502,37.56156],[-83.397534,37.56162],[-83.397553,37.561678],[-83.397568,37.561797],[-83.397574,37.562035],[-83.397558,37.562163],[-83.397475,37.562465],[-83.397444,37.56254],[-83.397391,37.562703],[-83.397367,37.56276],[-83.39731,37.562862],[-83.397291,37.562913],[-83.397221,37.56316],[-83.397214,37.563302],[-83.397241,37.563537],[-83.397217,37.563813],[-83.397193,37.563951]]}},{"type":"Feature","properties":{"osm_id":16107856,"highway":"residential","name":"Park Road","alt_name":null,"official_name":null,"surface":null,"tracktype":null,"service":null,"access":null,"motor_vehicle":null,"foot":null,"tiger_reviewed":"no","rrgh_part":0,"rrgh_tile_part":0},"geometry":{"type":"LineString","coordinates":[[-83.390646,37.55765],[-83.390723,37.557611],[-83.39081,37.557575],[-83.390904,37.557543],[-83.391108,37.557492],[-83.391332,37.557454],[-83.391572,37.557426],[-83.3917485,37.5574109],[-83.392471,37.557349],[-83.3928081,37.5573151],[-83.393158,37.55728],[-83.393623,37.557224],[-83.39375,37.557214],[-83.393872,37.55721],[-83.393989,37.557215],[-83.394101,37.557232],[-83.394606,37.557356],[-83.3948735,37.5574246],[-83.3950881,37.5574796],[-83.395609,37.557616],[-83.395723,37.557653],[-83.395756,37.557672],[-83.395908,37.557828],[-83.396092,37.558003],[-83.396352,37.558228],[-83.396455,37.558307],[-83.396488,37.558347],[-83.396505,37.558392],[-83.396505,37.55844],[-83.396492,37.558488],[-83.396469,37.558536],[-83.396184,37.558925],[-83.396036,37.55914],[-83.395962,37.55923],[-83.395739,37.559457],[-83.395701,37.559504],[-83.395648,37.559593],[-83.395638,37.559636],[-83.395643,37.559673],[-83.395659,37.559704],[-83.395686,37.559728],[-83.395724,37.559749],[-83.396325,37.560029],[-83.396382,37.560063],[-83.39648,37.560153],[-83.396517,37.560172],[-83.396624,37.560197],[-83.396694,37.56022],[-83.39677,37.560258],[-83.396846,37.560306],[-83.396925,37.560367],[-83.397593,37.5609076]]}},{"type":"Feature","properties":{"osm_id":16108251,"highway":"service","name":"Plaza Drive","alt_name":null,"official_name":null,"surface":null,"tracktype":null,"service":null,"access":null,"motor_vehicle":null,"foot":null,"tiger_reviewed":"no","rrgh_part":0,"rrgh_tile_part":0},"geometry":{"type":"LineString","coordinates":[[-83.395062,37.559704],[-83.395021,37.559804],[-83.3949733,37.559898],[-83.394924,37.559995],[-83.3949032,37.5600319],[-83.3948402,37.5601349],[-83.3947371,37.5603038],[-83.3946487,37.560446],[-83.394458,37.560712]]}},{"type":"Feature","properties":{"osm_id":16109335,"highway":"residential","name":"Brewer Drive","alt_name":"Brewers Drive","official_name":null,"surface":null,"tracktype":null,"service":null,"access":null,"motor_vehicle":null,"foot":null,"tiger_reviewed":"no","rrgh_part":0,"rrgh_tile_part":0},"geometry":{"type":"LineString","coordinates":[[-83.3871942,37.5574134],[-83.3871151,37.5577954],[-83.387093,37.55824],[-83.3871014,37.5582747],[-83.387132,37.558401],[-83.387322,37.559071],[-83.387385,37.55929],[-83.387395,37.559392],[-83.3873903,37.5594124],[-83.387376,37.559474],[-83.387366,37.5594957],[-83.387359,37.559511],[-83.387313,37.559578],[-83.387295,37.55962],[-83.387292,37.559655],[-83.387323,37.559707],[-83.387406,37.559787],[-83.387755,37.560051],[-83.387948,37.560189],[-83.388042,37.560268]]}},{"type":"Feature","properties":{"osm_id":16110687,"highway":"residential","name":"Sloan's Trailer Park Road","alt_name":null,"official_name":null,"surface":null,"tracktype":null,"service":null,"access":null,"motor_vehicle":null,"foot":null,"tiger_reviewed":"no","rrgh_part":0,"rrgh_tile_part":0},"geometry":{"type":"LineString","coordinates":[[-83.394606,37.557356],[-83.394582,37.557436],[-83.394472,37.557803],[-83.394461,37.557869],[-83.394414,37.558021],[-83.394397,37.558052],[-83.394346,37.558191],[-83.394345,37.558216],[-83.394357,37.558242],[-83.394374,37.558258],[-83.394407,37.558274],[-83.394705,37.558348],[-83.39485,37.558389],[-83.395057,37.558457],[-83.395121,37.558483],[-83.395177,37.558513],[-83.395224,37.558548],[-83.395259,37.558588],[-83.395283,37.558631],[-83.395307,37.558713],[-83.395319,37.558807],[-83.395321,37.558915],[-83.395304,37.559061],[-83.395268,37.559227],[-83.3952243,37.5593739],[-83.395153,37.5595611],[-83.395062,37.559704]]}},{"type":"Feature","properties":{"osm_id":16112702,"highway":"residential","name":"Kings Ridge Road","alt_name":null,"official_name":null,"surface":null,"tracktype":null,"service":null,"access":null,"motor_vehicle":null,"foot":null,"tiger_reviewed":"no","rrgh_part":0,"rrgh_tile_part":0},"geometry":{"type":"LineString","coordinates":[[-83.393238,37.559005],[-83.393208,37.55906],[-83.3931946,37.5591066],[-83.393173,37.559182],[-83.393172,37.559298],[-83.3932342,37.5595669],[-83.393247,37.559648],[-83.393321,37.560018],[-83.393348,37.56023],[-83.393352,37.560316],[-83.393343,37.560481],[-83.393314,37.560649],[-83.3932523,37.5608679],[-83.393243,37.560901],[-83.393218,37.561081],[-83.393164,37.561991],[-83.393162,37.562214],[-83.393153,37.562323],[-83.393134,37.56243],[-83.393075,37.562623],[-83.393057,37.562719],[-83.393023,37.562809],[-83.392985,37.562891],[-83.392829,37.563179],[-83.392773,37.563329],[-83.392746,37.563409],[-83.392698,37.563696],[-83.392672,37.563754],[-83.392633,37.563801],[-83.392583,37.563838],[-83.392527,37.563861],[-83.392471,37.563869],[-83.392421,37.563865],[-83.392378,37.563851],[-83.392343,37.563828],[-83.392318,37.563799],[-83.392301,37.563726],[-83.392319,37.563608],[-83.392393,37.563358],[-83.392493,37.562937],[-83.392519,37.562806],[-83.392545,37.562618],[-83.392548,37.562488],[-83.392532,37.562293],[-83.392489,37.561906],[-83.392407,37.561278],[-83.392393,37.561115]]}},{"type":"Feature","properties":{"osm_id":16112913,"highway":"service","name":"Minix Drive","alt_name":null,"official_name":null,"surface":null,"tracktype":null,"service":null,"access":null,"motor_vehicle":null,"foot":null,"tiger_reviewed":"no","rrgh_part":0,"rrgh_tile_part":0},"geometry":{"type":"LineString","coordinates":[[-83.393321,37.560018],[-83.39337,37.560039],[-83.393443,37.560073],[-83.393482,37.5601],[-83.393602,37.560203],[-83.393743,37.560301],[-83.393792,37.560329],[-83.393897,37.560374],[-83.393985,37.560424],[-83.394094,37.560514],[-83.394169,37.560566],[-83.394381,37.560677],[-83.394458,37.560712],[-83.394524,37.560753],[-83.39476,37.56087],[-83.394863,37.560908],[-83.394917,37.56092],[-83.394972,37.560925],[-83.395142,37.56092],[-83.395252,37.560907],[-83.395394,37.560873],[-83.3954571,37.5608493],[-83.3955254,37.5608077],[-83.395577,37.560719],[-83.395738,37.560493],[-83.395808,37.5604102],[-83.3958888,37.5603147]]}},{"type":"Feature","properties":{"osm_id":1374341887,"highway":"service","name":null,"alt_name":null,"official_name":null,"surface":"paved","tracktype":null,"service":null,"access":null,"motor_vehicle":null,"foot":null,"tiger_reviewed":null,"rrgh_part":0,"rrgh_tile_part":0},"geometry":{"type":"LineString","coordinates":[[-83.3938337,37.5595195],[-83.3943698,37.5597533],[-83.394924,37.559995]]}},{"type":"Feature","properties":{"osm_id":1374341888,"highway":"service","name":null,"alt_name":null,"official_name":null,"surface":"paved","tracktype":null,"service":null,"access":null,"motor_vehicle":null,"foot":null,"tiger_reviewed":null,"rrgh_part":0,"rrgh_tile_part":0},"geometry":{"type":"LineString","coordinates":[[-83.3939654,37.5592829],[-83.3938337,37.5595195],[-83.3937589,37.5596539],[-83.3937772,37.5596878],[-83.3942724,37.559896],[-83.3948402,37.5601349]]}},{"type":"Feature","properties":{"osm_id":1561087952,"highway":"residential","name":null,"alt_name":null,"official_name":null,"surface":null,"tracktype":null,"service":null,"access":null,"motor_vehicle":null,"foot":null,"tiger_reviewed":null,"rrgh_part":0,"rrgh_tile_part":0},"geometry":{"type":"LineString","coordinates":[[-83.397304,37.561101],[-83.3971838,37.5611092],[-83.3971341,37.5611197],[-83.3970976,37.5611407],[-83.3970844,37.5611749],[-83.3971009,37.5612275],[-83.3971208,37.5612748],[-83.3971341,37.5613221],[-83.3971407,37.5613773],[-83.3971407,37.5614325],[-83.3971341,37.561493],[-83.3971208,37.5615534],[-83.3971042,37.5616165],[-83.3970645,37.5616875],[-83.3970313,37.561769],[-83.3970081,37.5618399],[-83.3969285,37.5619451],[-83.3968622,37.5620318],[-83.3967826,37.562108],[-83.3966831,37.5622027],[-83.3965803,37.5623104],[-83.3964676,37.5624077],[-83.3963615,37.5624892],[-83.396262,37.5625339],[-83.3961493,37.5625628],[-83.3960332,37.5625628],[-83.3959669,37.5625365],[-83.3959669,37.5625023],[-83.3959934,37.5624471],[-83.3960166,37.5624051],[-83.396063,37.5623525],[-83.3961128,37.5622973],[-83.3961725,37.5622184],[-83.3962123,37.5621264],[-83.3962023,37.5620213],[-83.3961161,37.5619582],[-83.3960398,37.5619319],[-83.3959835,37.5619319],[-83.3959171,37.5619477],[-83.3958674,37.5619714],[-83.3957878,37.5620029],[-83.3957149,37.5620502],[-83.3956452,37.5621159],[-83.3955557,37.5621711],[-83.3954629,37.5622421],[-83.3953634,37.5622815],[-83.3952374,37.5623288],[-83.3950251,37.5624103],[-83.3948361,37.5624603],[-83.394667,37.5625128],[-83.3945609,37.5625523],[-83.394478,37.5626101],[-83.3942625,37.5628782],[-83.3941763,37.5630096],[-83.3941099,37.5630859],[-83.3940403,37.5631332],[-83.3939674,37.5631673],[-83.3939209,37.5632015],[-83.3938679,37.563262],[-83.393396,37.564111],[-83.3932435,37.5643055]]}},{"type":"Feature","properties":{"osm_id":1561087952,"highway":"residential","name":null,"alt_name":null,"official_name":null,"surface":null,"tracktype":null,"service":null,"access":null,"motor_vehicle":null,"foot":null,"tiger_reviewed":null,"rrgh_part":1,"rrgh_tile_part":0},"geometry":{"type":"LineString","coordinates":[[-83.3932435,37.5643055],[-83.3931771,37.5643212],[-83.3931572,37.5643659],[-83.3931771,37.5644237],[-83.3932401,37.5644316],[-83.3932932,37.5644132],[-83.3933164,37.5643738],[-83.3932998,37.5643265],[-83.3932435,37.5643055]]}},{"type":"Feature","properties":{"osm_id":421058333,"highway":"unclassified","name":null,"alt_name":null,"official_name":null,"surface":null,"tracktype":null,"service":null,"access":null,"motor_vehicle":null,"foot":null,"tiger_reviewed":null,"rrgh_part":0,"rrgh_tile_part":0},"geometry":{"type":"LineString","coordinates":[[-83.3918899,37.5682733],[-83.3914389,37.5682818],[-83.3911678,37.5682868],[-83.3910147,37.5682897]]}},{"type":"Feature","properties":{"osm_id":16108972,"highway":"residential","name":"Hazel Drive","alt_name":null,"official_name":null,"surface":null,"tracktype":null,"service":null,"access":null,"motor_vehicle":null,"foot":null,"tiger_reviewed":"no","rrgh_part":0,"rrgh_tile_part":0},"geometry":{"type":"LineString","coordinates":[[-83.410979,37.574881],[-83.411574,37.573822],[-83.411706,37.573587],[-83.411794,37.573412],[-83.411783,37.573255],[-83.411706,37.573133],[-83.411552,37.573055],[-83.411354,37.573081],[-83.411255,37.573037],[-83.411173,37.572816]]}},{"type":"Feature","properties":{"osm_id":16109753,"highway":"residential","name":"Lonnie","alt_name":null,"official_name":null,"surface":null,"tracktype":null,"service":null,"access":null,"motor_vehicle":null,"foot":null,"tiger_reviewed":"no","rrgh_part":0,"rrgh_tile_part":0},"geometry":{"type":"LineString","coordinates":[[-83.410139,37.570186],[-83.410191,37.570212],[-83.410422,37.570303],[-83.410472,37.570309],[-83.410507,37.570309],[-83.410548,37.5703],[-83.410582,37.570286],[-83.410661,37.570224]]}},{"type":"Feature","properties":{"osm_id":16112388,"highway":"residential","name":"Chestnut Drive","alt_name":null,"official_name":null,"surface":null,"tracktype":null,"service":null,"access":null,"motor_vehicle":null,"foot":null,"tiger_reviewed":"no","rrgh_part":0,"rrgh_tile_part":0},"geometry":{"type":"LineString","coordinates":[[-83.408688,37.573188],[-83.408691,37.573219],[-83.4087,37.573382],[-83.408691,37.573603],[-83.408676,37.573775],[-83.408608,37.574283]]}},{"type":"Feature","properties":{"osm_id":16117277,"highway":"residential","name":"Werman Road","alt_name":null,"official_name":null,"surface":null,"tracktype":null,"service":null,"access":null,"motor_vehicle":null,"foot":null,"tiger_reviewed":"no","rrgh_part":0,"rrgh_tile_part":0},"geometry":{"type":"LineString","coordinates":[[-83.411754,37.569125],[-83.41183,37.569186],[-83.411933,37.569257],[-83.412034,37.569282],[-83.41224,37.569307],[-83.412329,37.569324],[-83.412454,37.569363],[-83.4126,37.569422],[-83.412663,37.56946],[-83.413223,37.569757],[-83.413311,37.569817],[-83.41343,37.569913],[-83.413475,37.569937],[-83.413752,37.570202],[-83.413831,37.570322],[-83.413867,37.570411],[-83.413933,37.570627],[-83.413986,37.570748],[-83.414059,37.570858],[-83.414091,37.570917],[-83.414114,37.570979],[-83.414124,37.571043],[-83.414121,37.571257],[-83.414104,37.571369],[-83.414089,37.571407],[-83.414012,37.571519],[-83.413822,37.571717],[-83.413778,37.571779]]}},{"type":"Feature","properties":{"osm_id":16104931,"highway":"service","name":null,"alt_name":null,"official_name":null,"surface":null,"tracktype":null,"service":null,"access":"private","motor_vehicle":null,"foot":null,"tiger_reviewed":"no","rrgh_part":0,"rrgh_tile_part":0},"geometry":{"type":"LineString","coordinates":[[-83.401976,37.574478],[-83.402057,37.574478],[-83.40214,37.574489],[-83.402189,37.574512],[-83.402235,37.574545],[-83.402296,37.574604],[-83.402403,37.574735],[-83.402579,37.575014],[-83.402603,37.575036],[-83.40262,37.575044],[-83.402661,37.575048],[-83.40268,37.575042]]}},{"type":"Feature","properties":{"osm_id":16108750,"highway":"residential","name":"Helton Lane","alt_name":null,"official_name":null,"surface":null,"tracktype":null,"service":null,"access":null,"motor_vehicle":null,"foot":null,"tiger_reviewed":"no","rrgh_part":0,"rrgh_tile_part":0},"geometry":{"type":"LineString","coordinates":[[-83.40268,37.575042],[-83.402687,37.575038],[-83.402706,37.57502],[-83.40271,37.575007],[-83.402704,37.574968],[-83.402614,37.57486],[-83.402548,37.574768],[-83.402452,37.574613],[-83.402408,37.574517],[-83.402371,37.574404],[-83.402343,37.574351]]}},{"type":"Feature","properties":{"osm_id":16110848,"highway":"residential","name":"Oakwood Trailer Court","alt_name":null,"official_name":null,"surface":null,"tracktype":null,"service":null,"access":null,"motor_vehicle":null,"foot":null,"tiger_reviewed":"no","rrgh_part":0,"rrgh_tile_part":0},"geometry":{"type":"LineString","coordinates":[[-83.405812,37.573385],[-83.405837,37.573404],[-83.405892,37.573454],[-83.405954,37.573534],[-83.406007,37.573629],[-83.406039,37.573709],[-83.406108,37.573914],[-83.406154,37.574101],[-83.406141,37.574238],[-83.40615,37.574266]]}},{"type":"Feature","properties":{"osm_id":1374338403,"highway":"service","name":null,"alt_name":null,"official_name":null,"surface":"paved","tracktype":null,"service":null,"access":null,"motor_vehicle":null,"foot":null,"tiger_reviewed":null,"rrgh_part":0,"rrgh_tile_part":0},"geometry":{"type":"LineString","coordinates":[[-83.4013119,37.5717311],[-83.4012942,37.5716691]]}},{"type":"Feature","properties":{"osm_id":1374338404,"highway":"service","name":null,"alt_name":null,"official_name":null,"surface":"paved","tracktype":null,"service":null,"access":null,"motor_vehicle":null,"foot":null,"tiger_reviewed":null,"rrgh_part":0,"rrgh_tile_part":0},"geometry":{"type":"LineString","coordinates":[[-83.4013285,37.5717897],[-83.4013119,37.5717311]]}},{"type":"Feature","properties":{"osm_id":1374338407,"highway":"service","name":null,"alt_name":null,"official_name":null,"surface":"paved","tracktype":null,"service":null,"access":null,"motor_vehicle":null,"foot":null,"tiger_reviewed":null,"rrgh_part":0,"rrgh_tile_part":0},"geometry":{"type":"LineString","coordinates":[[-83.4011654,37.5716862],[-83.4012129,37.5718334],[-83.4012241,37.5718358],[-83.4013233,37.5718213],[-83.401334,37.5718091],[-83.4013285,37.5717897]]}},{"type":"Feature","properties":{"osm_id":1374338408,"highway":"service","name":null,"alt_name":null,"official_name":null,"surface":"paved","tracktype":null,"service":null,"access":null,"motor_vehicle":null,"foot":null,"tiger_reviewed":null,"rrgh_part":0,"rrgh_tile_part":0},"geometry":{"type":"LineString","coordinates":[[-83.4012942,37.5716691],[-83.4012763,37.5716672],[-83.4011654,37.5716862]]}},{"type":"Feature","properties":{"osm_id":16107595,"highway":"residential","name":"BlackBerry Drive","alt_name":null,"official_name":null,"surface":null,"tracktype":null,"service":null,"access":null,"motor_vehicle":null,"foot":null,"tiger_reviewed":"no","rrgh_part":0,"rrgh_tile_part":0},"geometry":{"type":"LineString","coordinates":[[-83.407994,37.573255],[-83.407981,37.573291],[-83.407946,37.573357],[-83.407919,37.573393],[-83.407838,37.573465],[-83.407551,37.573657],[-83.407433,37.573723],[-83.407308,37.573768],[-83.407182,37.573789],[-83.40706,37.573794],[-83.406844,37.573785]]}},{"type":"Feature","properties":{"osm_id":16108914,"highway":"residential","name":"Frazier Road","alt_name":null,"official_name":null,"surface":null,"tracktype":null,"service":null,"access":null,"motor_vehicle":null,"foot":null,"tiger_reviewed":"no","rrgh_part":0,"rrgh_tile_part":0},"geometry":{"type":"LineString","coordinates":[[-83.407143,37.577976],[-83.407194,37.577968],[-83.407348,37.577957],[-83.407537,37.577957],[-83.407847,37.577908],[-83.408113,37.577854],[-83.408314,37.577829],[-83.408514,37.577817],[-83.408707,37.57782],[-83.409034,37.577815],[-83.409096,37.577809],[-83.409145,37.577798],[-83.409214,37.577794],[-83.409368,37.577798],[-83.409473,37.577792],[-83.409563,37.577785],[-83.409744,37.577761],[-83.409869,37.577737],[-83.41011,37.577666],[-83.410158,37.577643],[-83.410198,37.577614],[-83.410259,37.577541],[-83.410294,37.577458],[-83.410327,37.577314],[-83.410341,37.577197],[-83.410422,37.5768],[-83.410476,37.576614],[-83.410504,37.576537],[-83.410546,37.576456],[-83.410577,37.576416],[-83.410616,37.576382],[-83.410658,37.576357],[-83.41075,37.576328],[-83.410934,37.576298],[-83.411007,37.576268],[-83.411042,37.576231],[-83.411062,37.576191],[-83.411106,37.575967],[-83.411119,37.575778],[-83.411116,37.575747],[-83.411055,37.575619],[-83.411016,37.575558],[-83.410965,37.575414],[-83.410911,37.575223],[-83.410902,37.575157],[-83.410907,37.575092],[-83.410936,37.574992],[-83.410979,37.574881]]}},{"type":"Feature","properties":{"osm_id":16109256,"highway":"residential","name":"Snapper Road","alt_name":null,"official_name":null,"surface":null,"tracktype":null,"service":null,"access":null,"motor_vehicle":null,"foot":null,"tiger_reviewed":"no","rrgh_part":0,"rrgh_tile_part":0},"geometry":{"type":"LineString","coordinates":[[-83.406988,37.577572],[-83.407059,37.577559],[-83.407197,37.577542],[-83.407501,37.577515],[-83.407754,37.577475],[-83.407827,37.577457],[-83.407932,37.577422],[-83.408015,37.577382],[-83.408152,37.577286],[-83.408275,37.577222]]}},{"type":"Feature","properties":{"osm_id":16115987,"highway":"residential","name":"Wolverine Hollow","alt_name":null,"official_name":null,"surface":null,"tracktype":null,"service":null,"access":null,"motor_vehicle":null,"foot":null,"tiger_reviewed":"no","rrgh_part":0,"rrgh_tile_part":0},"geometry":{"type":"LineString","coordinates":[[-83.4047128,37.5717186],[-83.404791,37.571747],[-83.404862,37.571774],[-83.404936,37.571835],[-83.405059,37.571961],[-83.405336,37.572223],[-83.405391,37.572271],[-83.40551,37.572359],[-83.405638,37.572429],[-83.405708,37.572456],[-83.405857,37.572495],[-83.406108,37.572519],[-83.406282,37.572525],[-83.406444,37.572508],[-83.406685,37.572471],[-83.406867,37.572433],[-83.407173,37.572356],[-83.407379,37.572298],[-83.408166,37.572054],[-83.408252,37.572021],[-83.408343,37.571977],[-83.408429,37.571931],[-83.40851,37.571871],[-83.408613,37.571776],[-83.408754,37.571664],[-83.408937,37.571508],[-83.409155,37.571338],[-83.409335,37.571108],[-83.409501,37.570947],[-83.409573,37.570843],[-83.409618,37.570702],[-83.409645,37.570579],[-83.409724,37.570475],[-83.409789,37.570418],[-83.409931,37.570309],[-83.410139,37.570186],[-83.410465,37.569989],[-83.410541,37.569938],[-83.410921,37.569638],[-83.41122,37.569467],[-83.411434,37.569333],[-83.411501,37.569263],[-83.411563,37.56922],[-83.411754,37.569125],[-83.411781,37.569109],[-83.41187,37.569074]]}},{"type":"Feature","properties":{"osm_id":16117240,"highway":"residential","name":"Oakwood Drive","alt_name":null,"official_name":null,"surface":null,"tracktype":null,"service":null,"access":null,"motor_vehicle":null,"foot":null,"tiger_reviewed":"no","rrgh_part":0,"rrgh_tile_part":0},"geometry":{"type":"LineString","coordinates":[[-83.411355,37.572518],[-83.411357,37.572615],[-83.411346,37.572659],[-83.411322,37.572705],[-83.411285,37.572749],[-83.411236,37.572787],[-83.411173,37.572816],[-83.411012,37.57285],[-83.410415,37.572949],[-83.410095,37.572993],[-83.410015,37.572999],[-83.409875,37.572997],[-83.409756,37.572986],[-83.409598,37.572987],[-83.409358,37.573005],[-83.409137,37.573059],[-83.408688,37.573188],[-83.408606,37.573203],[-83.40842,37.573217],[-83.408102,37.573251],[-83.407994,37.573255],[-83.407771,37.57324],[-83.407534,37.573233],[-83.407281,37.573266],[-83.40685,37.573336],[-83.406682,37.573347],[-83.406284,37.573351],[-83.406063,37.573363],[-83.405812,37.573385],[-83.405648,37.573402],[-83.405456,37.573399],[-83.40537,37.573404]]}},{"type":"Feature","properties":{"osm_id":1374338405,"highway":"service","name":null,"alt_name":null,"official_name":null,"surface":"paved","tracktype":null,"service":null,"access":null,"motor_vehicle":null,"foot":null,"tiger_reviewed":null,"rrgh_part":0,"rrgh_tile_part":0},"geometry":{"type":"LineString","coordinates":[[-83.4009414,37.571716],[-83.4011654,37.5716862]]}},{"type":"Feature","properties":{"osm_id":16105966,"highway":"service","name":null,"alt_name":null,"official_name":null,"surface":null,"tracktype":null,"service":null,"access":null,"motor_vehicle":null,"foot":null,"tiger_reviewed":null,"rrgh_part":0,"rrgh_tile_part":0},"geometry":{"type":"LineString","coordinates":[[-83.407935,37.5799601],[-83.408545,37.5797216]]}},{"type":"Feature","properties":{"osm_id":16113614,"highway":"residential","name":"Privett Road","alt_name":null,"official_name":null,"surface":null,"tracktype":null,"service":null,"access":null,"motor_vehicle":null,"foot":null,"tiger_reviewed":"no","rrgh_part":0,"rrgh_tile_part":0},"geometry":{"type":"LineString","coordinates":[[-83.411996,37.577436],[-83.41192,37.577442],[-83.41175,37.577472],[-83.411521,37.577521],[-83.410528,37.577756],[-83.410336,37.577794],[-83.410119,37.57781],[-83.409917,37.577812],[-83.409788,37.577803],[-83.409473,37.577792]]}},{"type":"Feature","properties":{"osm_id":16111538,"highway":"residential","name":"Oliver Drive","alt_name":null,"official_name":null,"surface":null,"tracktype":null,"service":null,"access":null,"motor_vehicle":null,"foot":null,"tiger_reviewed":"no","rrgh_part":0,"rrgh_tile_part":0},"geometry":{"type":"LineString","coordinates":[[-83.406653,37.576766],[-83.406668,37.576752],[-83.406689,37.576716],[-83.406701,37.576665],[-83.406672,37.576334],[-83.406674,37.576259],[-83.406686,37.576166],[-83.406712,37.576072],[-83.40673,37.576043],[-83.406754,37.576019],[-83.406785,37.575999],[-83.406821,37.575985],[-83.406862,37.57598],[-83.406903,37.575983],[-83.406977,37.576005],[-83.407134,37.576076],[-83.407177,37.576113],[-83.407213,37.576163],[-83.407265,37.576265],[-83.407324,37.57641]]}},{"type":"Feature","properties":{"osm_id":16109698,"highway":"residential","name":"Shacks Lane","alt_name":null,"official_name":null,"surface":null,"tracktype":null,"service":null,"access":null,"motor_vehicle":null,"foot":null,"tiger_reviewed":"no","rrgh_part":0,"rrgh_tile_part":0},"geometry":{"type":"LineString","coordinates":[[-83.400498,37.569552],[-83.400432,37.569559],[-83.400385,37.569567],[-83.40022,37.569613],[-83.400127,37.569645],[-83.400039,37.569684],[-83.399898,37.569755],[-83.39941,37.570049],[-83.39931,37.57009],[-83.39916,37.570138],[-83.399087,37.570174]]}},{"type":"Feature","properties":{"osm_id":16111626,"highway":"residential","name":"Shacks Branch Road","alt_name":null,"official_name":null,"surface":null,"tracktype":null,"service":null,"access":null,"motor_vehicle":null,"foot":null,"tiger_reviewed":"no","rrgh_part":0,"rrgh_tile_part":0},"geometry":{"type":"LineString","coordinates":[[-83.400461,37.569144],[-83.400322,37.56925],[-83.400129,37.569371],[-83.399739,37.569584],[-83.398947,37.569991],[-83.398569,37.570172],[-83.398106,37.570409],[-83.3976945,37.5706531],[-83.3974153,37.5708274],[-83.3968628,37.5710149],[-83.3965613,37.5712228],[-83.3962408,37.5713429],[-83.3958655,37.5714233],[-83.3956123,37.5714705],[-83.395181,37.571502]]}},{"type":"Feature","properties":{"osm_id":421058327,"highway":"unclassified","name":null,"alt_name":null,"official_name":null,"surface":null,"tracktype":null,"service":null,"access":null,"motor_vehicle":null,"foot":null,"tiger_reviewed":null,"rrgh_part":0,"rrgh_tile_part":0},"geometry":{"type":"LineString","coordinates":[[-83.3917397,37.5713133],[-83.3919865,37.5713026]]}},{"type":"Feature","properties":{"osm_id":421058323,"highway":"residential","name":"Shacks Branch Road","alt_name":null,"official_name":null,"surface":null,"tracktype":null,"service":null,"access":null,"motor_vehicle":null,"foot":null,"tiger_reviewed":"no","rrgh_part":0,"rrgh_tile_part":0},"geometry":{"type":"LineString","coordinates":[[-83.3915117,37.5745339],[-83.3913106,37.5744723],[-83.3910799,37.5743789],[-83.3910037,37.5743096],[-83.3909396,37.5742163],[-83.3909622,37.5736257],[-83.3909386,37.5734433],[-83.3908857,37.5733194],[-83.3907454,37.5731674],[-83.3905639,37.5730696],[-83.3901299,37.5729507],[-83.3898989,37.5728651],[-83.3896457,37.5727124],[-83.3894741,37.5725675],[-83.3891007,37.572087],[-83.3889175,37.5718444],[-83.3887292,37.5716663],[-83.3885216,37.5715419],[-83.387926,37.571379],[-83.387483,37.571218],[-83.387203,37.571135],[-83.387007,37.571102],[-83.386606,37.571056],[-83.386317,37.57103],[-83.386129,37.57102],[-83.386036,37.571021],[-83.38558,37.571061],[-83.3854,37.57107],[-83.385119,37.571046],[-83.384971,37.571045],[-83.384847,37.571057],[-83.384778,37.57107],[-83.384713,37.57109],[-83.3844594,37.5712192],[-83.3842931,37.5713687],[-83.3838811,37.5715296],[-83.3835577,37.571611],[-83.3831446,37.5716871],[-83.3829027,37.5717715],[-83.3824735,37.5719926],[-83.3820948,37.5722698],[-83.3819647,37.5725677],[-83.381873,37.5729493],[-83.3817834,37.5731372],[-83.3816278,37.5733158],[-83.3813856,37.5734982],[-83.3811281,37.5737277],[-83.380994,37.5739106],[-83.3808446,37.5742809],[-83.3808277,37.5744888],[-83.38085,37.5748421],[-83.3807955,37.5753391],[-83.3807955,37.5759258],[-83.3807051,37.576649]]}},{"type":"Feature","properties":{"osm_id":1374338415,"highway":"service","name":null,"alt_name":null,"official_name":null,"surface":"unpaved","tracktype":null,"service":null,"access":null,"motor_vehicle":null,"foot":null,"tiger_reviewed":null,"rrgh_part":0,"rrgh_tile_part":0},"geometry":{"type":"LineString","coordinates":[[-83.3975283,37.5796944],[-83.3975024,37.5794883],[-83.3974767,37.5794735],[-83.3970727,37.5794791],[-83.3970354,37.5794976],[-83.3970333,37.5797243]]}},{"type":"Feature","properties":{"osm_id":1374338416,"highway":"service","name":null,"alt_name":null,"official_name":null,"surface":null,"tracktype":null,"service":null,"access":null,"motor_vehicle":null,"foot":null,"tiger_reviewed":null,"rrgh_part":0,"rrgh_tile_part":0},"geometry":{"type":"LineString","coordinates":[[-83.3982472,37.579651],[-83.3982522,37.5794512],[-83.398236,37.5794279],[-83.3981597,37.5794085],[-83.3979666,37.5794053],[-83.3979138,37.579423],[-83.3979006,37.5794472],[-83.3978955,37.5794794],[-83.3978875,37.5796727]]}},{"type":"Feature","properties":{"osm_id":421058324,"highway":"unclassified","name":null,"alt_name":null,"official_name":null,"surface":null,"tracktype":null,"service":null,"access":null,"motor_vehicle":null,"foot":null,"tiger_reviewed":null,"rrgh_part":0,"rrgh_tile_part":0},"geometry":{"type":"LineString","coordinates":[[-83.3896629,37.5775418],[-83.3892882,37.5772974],[-83.3891487,37.5771933],[-83.3889441,37.5770559]]}},{"type":"Feature","properties":{"osm_id":16114040,"highway":"residential","name":"Firestation Road","alt_name":null,"official_name":null,"surface":null,"tracktype":null,"service":null,"access":null,"motor_vehicle":null,"foot":null,"tiger_reviewed":"no","rrgh_part":0,"rrgh_tile_part":0},"geometry":{"type":"LineString","coordinates":[[-83.386359,37.558522],[-83.386356,37.558583],[-83.386402,37.558758],[-83.386407,37.558796],[-83.386404,37.558832],[-83.38639,37.558864],[-83.386366,37.558892],[-83.386331,37.558912],[-83.386287,37.558923],[-83.386238,37.558925],[-83.386132,37.558918],[-83.38608,37.558923],[-83.38603,37.558934],[-83.385936,37.558975],[-83.385821,37.559051],[-83.385633,37.559189],[-83.385252,37.559453],[-83.385072,37.559595],[-83.384902,37.559717],[-83.384812,37.559765],[-83.384768,37.559779],[-83.38468,37.559796]]}},{"type":"Feature","properties":{"osm_id":16114043,"highway":"residential","name":"Firestation Road","alt_name":null,"official_name":null,"surface":null,"tracktype":null,"service":null,"access":null,"motor_vehicle":null,"foot":null,"tiger_reviewed":"no","rrgh_part":0,"rrgh_tile_part":0},"geometry":{"type":"LineString","coordinates":[[-83.387093,37.55824],[-83.387059,37.558255],[-83.386536,37.558447],[-83.386359,37.558522],[-83.385976,37.558652],[-83.385872,37.558692],[-83.385783,37.558731],[-83.385683,37.558783],[-83.385512,37.558886],[-83.385291,37.559031],[-83.385023,37.559224],[-83.38493,37.559304],[-83.384637,37.559502],[-83.38458,37.559552],[-83.384562,37.559579],[-83.384552,37.55961],[-83.384556,37.559642],[-83.384569,37.559674],[-83.38459,37.559701],[-83.38468,37.559796],[-83.384691,37.55983],[-83.384701,37.559905],[-83.384708,37.560063],[-83.384692,37.560262],[-83.384664,37.560384],[-83.384538,37.560716],[-83.384513,37.560754],[-83.384448,37.560826],[-83.384425,37.560866],[-83.384411,37.560912],[-83.384408,37.56096],[-83.38442,37.561053],[-83.384461,37.561156]]}},{"type":"Feature","properties":{"osm_id":16114443,"highway":"residential","name":"Blake Drive","alt_name":null,"official_name":null,"surface":null,"tracktype":null,"service":null,"access":null,"motor_vehicle":null,"foot":null,"tiger_reviewed":"no","rrgh_part":0,"rrgh_tile_part":0},"geometry":{"type":"LineString","coordinates":[[-83.387322,37.559071],[-83.387309,37.559076],[-83.387189,37.55913],[-83.38686,37.559296],[-83.386716,37.559363],[-83.386647,37.559409],[-83.38638,37.559553],[-83.386018,37.559838],[-83.385313,37.56041],[-83.385247,37.560455],[-83.385133,37.560551],[-83.385038,37.560664],[-83.384982,37.560741]]}},{"type":"Feature","properties":{"osm_id":16115623,"highway":"residential","name":"Parson Drive","alt_name":null,"official_name":null,"surface":null,"tracktype":null,"service":null,"access":null,"motor_vehicle":null,"foot":null,"tiger_reviewed":"no","rrgh_part":0,"rrgh_tile_part":0},"geometry":{"type":"LineString","coordinates":[[-83.387295,37.55962],[-83.38725,37.559655],[-83.387196,37.559699],[-83.387078,37.559774],[-83.386984,37.559842],[-83.3869245,37.5598896],[-83.386884,37.559922],[-83.386783,37.560013],[-83.3867053,37.5600724],[-83.386673,37.560097],[-83.386495,37.560258],[-83.3863403,37.5603853],[-83.38632,37.560402],[-83.386051,37.560644],[-83.385864,37.560801],[-83.3858,37.56084],[-83.385722,37.560879],[-83.385221,37.561079],[-83.38514,37.561117],[-83.384803,37.561296],[-83.384694,37.56134]]}},{"type":"Feature","properties":{"osm_id":16117033,"highway":"residential","name":"Fire Station Drive","alt_name":null,"official_name":null,"surface":null,"tracktype":null,"service":null,"access":null,"motor_vehicle":null,"foot":null,"tiger_reviewed":"no","rrgh_part":0,"rrgh_tile_part":0},"geometry":{"type":"LineString","coordinates":[[-83.384461,37.561156],[-83.384473,37.56118],[-83.384533,37.561281],[-83.384575,37.56133],[-83.384604,37.561345],[-83.384637,37.56135],[-83.384694,37.56134]]}},{"type":"Feature","properties":{"osm_id":1104149972,"highway":"service","name":null,"alt_name":null,"official_name":null,"surface":null,"tracktype":null,"service":null,"access":null,"motor_vehicle":null,"foot":null,"tiger_reviewed":null,"rrgh_part":0,"rrgh_tile_part":0},"geometry":{"type":"LineString","coordinates":[[-83.3872725,37.5584121],[-83.3872443,37.558275],[-83.3872859,37.5580485]]}},{"type":"Feature","properties":{"osm_id":1104149973,"highway":"service","name":null,"alt_name":null,"official_name":null,"surface":null,"tracktype":null,"service":null,"access":null,"motor_vehicle":null,"foot":null,"tiger_reviewed":null,"rrgh_part":0,"rrgh_tile_part":0},"geometry":{"type":"LineString","coordinates":[[-83.3871014,37.5582747],[-83.3872443,37.558275]]}},{"type":"Feature","properties":{"osm_id":1561033697,"highway":"residential","name":null,"alt_name":null,"official_name":null,"surface":null,"tracktype":null,"service":null,"access":null,"motor_vehicle":null,"foot":null,"tiger_reviewed":null,"rrgh_part":0,"rrgh_tile_part":0},"geometry":{"type":"LineString","coordinates":[[-83.3846723,37.5555719],[-83.3847977,37.5555703],[-83.3848968,37.5555633],[-83.3850578,37.5555395],[-83.3851197,37.5555324],[-83.3851463,37.5555493],[-83.3851834,37.5555844],[-83.385216,37.555612]]}},{"type":"Feature","properties":{"osm_id":16104392,"highway":"service","name":null,"alt_name":null,"official_name":null,"surface":null,"tracktype":null,"service":null,"access":null,"motor_vehicle":null,"foot":null,"tiger_reviewed":"no","rrgh_part":0,"rrgh_tile_part":0},"geometry":{"type":"LineString","coordinates":[[-83.3776559,37.5578613],[-83.377841,37.5578389],[-83.3784794,37.5577685],[-83.3803333,37.5574932],[-83.3805992,37.5574874],[-83.3806304,37.5577509]]}},{"type":"Feature","properties":{"osm_id":16105903,"highway":"service","name":null,"alt_name":null,"official_name":null,"surface":null,"tracktype":null,"service":null,"access":null,"motor_vehicle":null,"foot":null,"tiger_reviewed":"no","rrgh_part":0,"rrgh_tile_part":0},"geometry":{"type":"LineString","coordinates":[[-83.3784794,37.5577685],[-83.3785271,37.558013]]}},{"type":"Feature","properties":{"osm_id":16106886,"highway":"residential","name":"Nathan Lane","alt_name":null,"official_name":null,"surface":null,"tracktype":null,"service":null,"access":null,"motor_vehicle":null,"foot":null,"tiger_reviewed":"no","rrgh_part":0,"rrgh_tile_part":0},"geometry":{"type":"LineString","coordinates":[[-83.381374,37.556872],[-83.381169,37.556918],[-83.381084,37.556939],[-83.380734,37.556992],[-83.380559,37.557007],[-83.380273,37.557076],[-83.380077,37.557111],[-83.379665,37.557206],[-83.379342,37.557274],[-83.379136,37.557309],[-83.378505,37.557394],[-83.378115,37.557429],[-83.377734,37.55747],[-83.377661,37.557467],[-83.377602,37.557455],[-83.377494,37.557424],[-83.377445,37.557417],[-83.377267,37.557408],[-83.376793,37.557415],[-83.376725,37.557423],[-83.376539,37.557461]]}},{"type":"Feature","properties":{"osm_id":16114724,"highway":"residential","name":"Murray Lane","alt_name":null,"official_name":null,"surface":null,"tracktype":null,"service":null,"access":null,"motor_vehicle":null,"foot":null,"tiger_reviewed":"no","rrgh_part":0,"rrgh_tile_part":0},"geometry":{"type":"LineString","coordinates":[[-83.377508,37.558143],[-83.377504,37.55812],[-83.377496,37.558028],[-83.377507,37.557991],[-83.37753,37.557962],[-83.37759,37.557926],[-83.37764,37.557883],[-83.3776559,37.5578613],[-83.37767,37.557842],[-83.377686,37.557791],[-83.377682,37.557746],[-83.377636,37.557529],[-83.377602,37.557455]]}},{"type":"Feature","properties":{"osm_id":16115357,"highway":"residential","name":"Indian Hollow Road","alt_name":null,"official_name":null,"surface":null,"tracktype":null,"service":null,"access":null,"motor_vehicle":null,"foot":null,"tiger_reviewed":"no","rrgh_part":0,"rrgh_tile_part":0},"geometry":{"type":"LineString","coordinates":[[-83.377508,37.558143],[-83.377524,37.558209],[-83.377542,37.558263],[-83.377568,37.558307],[-83.377621,37.558345],[-83.377687,37.558362],[-83.377735,37.558367],[-83.377924,37.558367],[-83.377955,37.558371],[-83.378017,37.558392],[-83.378065,37.558428],[-83.378099,37.55847],[-83.378313,37.558784],[-83.378539,37.559054],[-83.378603,37.55915],[-83.378681,37.559234],[-83.378738,37.559308],[-83.379024,37.559568],[-83.379068,37.559619],[-83.379082,37.559643],[-83.379092,37.559694],[-83.379087,37.559721],[-83.379066,37.55977]]}},{"type":"Feature","properties":{"osm_id":1343743767,"highway":"service","name":null,"alt_name":null,"official_name":null,"surface":null,"tracktype":null,"service":null,"access":null,"motor_vehicle":null,"foot":null,"tiger_reviewed":null,"rrgh_part":0,"rrgh_tile_part":0},"geometry":{"type":"LineString","coordinates":[[-83.3803154,37.5557176],[-83.3802799,37.5556299]]}},{"type":"Feature","properties":{"osm_id":16111355,"highway":"residential","name":"Diedre Drive","alt_name":null,"official_name":null,"surface":null,"tracktype":null,"service":null,"access":null,"motor_vehicle":null,"foot":null,"tiger_reviewed":"no","rrgh_part":0,"rrgh_tile_part":0},"geometry":{"type":"LineString","coordinates":[[-83.38033,37.568776],[-83.380304,37.568772],[-83.379628,37.568647],[-83.379344,37.568622],[-83.379154,37.568618],[-83.379018,37.568608],[-83.378794,37.568572],[-83.378561,37.568529],[-83.378334,37.568478],[-83.378018,37.568423]]}},{"type":"Feature","properties":{"osm_id":16113173,"highway":"residential","name":"North Oak Hill Street","alt_name":null,"official_name":null,"surface":null,"tracktype":null,"service":null,"access":null,"motor_vehicle":null,"foot":null,"tiger_reviewed":"no","rrgh_part":0,"rrgh_tile_part":0},"geometry":{"type":"LineString","coordinates":[[-83.378018,37.568423],[-83.378005,37.568461],[-83.377871,37.568801],[-83.377766,37.569015],[-83.377665,37.569184],[-83.377474,37.569538],[-83.377361,37.569713],[-83.377304,37.569785]]}},{"type":"Feature","properties":{"osm_id":16115234,"highway":"residential","name":"Bobcat Lane","alt_name":null,"official_name":null,"surface":null,"tracktype":null,"service":null,"access":null,"motor_vehicle":null,"foot":null,"tiger_reviewed":"no","rrgh_part":0,"rrgh_tile_part":0},"geometry":{"type":"LineString","coordinates":[[-83.3845304,37.5555936],[-83.384365,37.555604],[-83.383844,37.555615],[-83.383746,37.555606],[-83.3836682,37.5555837],[-83.383624,37.555571],[-83.383585,37.555565],[-83.383518,37.555573],[-83.383487,37.555582],[-83.383427,37.555612],[-83.382571,37.556108],[-83.382444,37.556173],[-83.382376,37.556198],[-83.382233,37.556236],[-83.381235,37.556423]]}},{"type":"Feature","properties":{"osm_id":16116428,"highway":"residential","name":"Pine Hill Drive","alt_name":null,"official_name":null,"surface":null,"tracktype":null,"service":null,"access":null,"motor_vehicle":null,"foot":null,"tiger_reviewed":"no","rrgh_part":0,"rrgh_tile_part":0},"geometry":{"type":"LineString","coordinates":[[-83.380816,37.566218],[-83.38018,37.566161],[-83.379969,37.566129],[-83.379845,37.566107],[-83.379739,37.566103],[-83.379694,37.566114],[-83.379659,37.566135],[-83.379636,37.566163],[-83.379621,37.566197],[-83.37961,37.566283],[-83.379613,37.566432],[-83.3796,37.566533],[-83.379469,37.567139],[-83.37933,37.567973],[-83.379278,37.568211],[-83.379196,37.568459],[-83.379154,37.568618],[-83.379102,37.568803],[-83.379036,37.568969],[-83.378957,37.569145],[-83.378809,37.569534],[-83.378753,37.569656],[-83.378689,37.569771],[-83.378339,37.570231],[-83.378168,37.570429],[-83.378039,37.570554],[-83.377856,37.570709],[-83.3775293,37.570999]]}},{"type":"Feature","properties":{"osm_id":16117523,"highway":"residential","name":"Shawne Hill Drive","alt_name":null,"official_name":null,"surface":null,"tracktype":null,"service":null,"access":null,"motor_vehicle":null,"foot":null,"tiger_reviewed":"no","rrgh_part":0,"rrgh_tile_part":0},"geometry":{"type":"LineString","coordinates":[[-83.373433,37.560746],[-83.373483,37.560783],[-83.373608,37.560928],[-83.373736,37.561124],[-83.373848,37.56132],[-83.373985,37.561509],[-83.37412,37.561664],[-83.374185,37.561726],[-83.374304,37.561817],[-83.374598,37.561993],[-83.374972,37.562244],[-83.375052,37.56229],[-83.375148,37.562336]]}},{"type":"Feature","properties":{"osm_id":856113579,"highway":"residential","name":null,"alt_name":null,"official_name":null,"surface":null,"tracktype":null,"service":null,"access":null,"motor_vehicle":null,"foot":null,"tiger_reviewed":null,"rrgh_part":0,"rrgh_tile_part":0},"geometry":{"type":"LineString","coordinates":[[-83.37753,37.557962],[-83.375051,37.5581995],[-83.3732164,37.5582378],[-83.3723715,37.5582123],[-83.3723044,37.5582314],[-83.3722588,37.5582718],[-83.3722537,37.5584065]]}},{"type":"Feature","properties":{"osm_id":16109679,"highway":"residential","name":"G P Drive","alt_name":null,"official_name":null,"surface":null,"tracktype":null,"service":null,"access":null,"motor_vehicle":null,"foot":null,"tiger_reviewed":"no","rrgh_part":0,"rrgh_tile_part":0},"geometry":{"type":"LineString","coordinates":[[-83.384183,37.564278],[-83.3840313,37.564483],[-83.3838847,37.5644069],[-83.3837417,37.5643221],[-83.3836621,37.56425],[-83.3835852,37.5641884],[-83.3835214,37.5641534],[-83.3834804,37.56412],[-83.3834787,37.564081],[-83.3834733,37.5640192],[-83.3834816,37.5639422],[-83.3838177,37.5629841]]}},{"type":"Feature","properties":{"osm_id":16105985,"highway":"residential","name":null,"alt_name":null,"official_name":null,"surface":null,"tracktype":null,"service":null,"access":null,"motor_vehicle":null,"foot":null,"tiger_reviewed":"no","rrgh_part":0,"rrgh_tile_part":0},"geometry":{"type":"LineString","coordinates":[[-83.378018,37.568423],[-83.377869,37.568416],[-83.377714,37.568424]]}},{"type":"Feature","properties":{"osm_id":16109282,"highway":"residential","name":"Oak Hill Street","alt_name":null,"official_name":null,"surface":null,"tracktype":null,"service":null,"access":null,"motor_vehicle":null,"foot":null,"tiger_reviewed":"no","rrgh_part":0,"rrgh_tile_part":0},"geometry":{"type":"LineString","coordinates":[[-83.378018,37.568423],[-83.378025,37.568402],[-83.378064,37.568221],[-83.37809,37.568006],[-83.378101,37.567964],[-83.378152,37.567865],[-83.378254,37.567719]]}},{"type":"Feature","properties":{"osm_id":16111047,"highway":"residential","name":"Hillcrest Drive","alt_name":null,"official_name":null,"surface":null,"tracktype":null,"service":null,"access":null,"motor_vehicle":null,"foot":null,"tiger_reviewed":"no","rrgh_part":0,"rrgh_tile_part":0},"geometry":{"type":"LineString","coordinates":[[-83.38018,37.566161],[-83.380195,37.566118],[-83.380216,37.565949],[-83.380252,37.565733],[-83.380494,37.564419],[-83.380638,37.564431],[-83.380932,37.564466],[-83.381106,37.564475]]}},{"type":"Feature","properties":{"osm_id":16105053,"highway":"service","name":null,"alt_name":null,"official_name":null,"surface":null,"tracktype":null,"service":null,"access":null,"motor_vehicle":null,"foot":null,"tiger_reviewed":null,"rrgh_part":0,"rrgh_tile_part":0},"geometry":{"type":"LineString","coordinates":[[-83.3722161,37.5605872],[-83.3721221,37.5605937],[-83.3719584,37.5606575],[-83.3713657,37.5609275],[-83.3709902,37.5611507],[-83.3708265,37.5612719],[-83.3707541,37.5613655],[-83.3706415,37.5615398],[-83.3705905,37.5617461],[-83.3705878,37.5618694]]}},{"type":"Feature","properties":{"osm_id":16110680,"highway":"residential","name":"Seminole Hill Drive","alt_name":null,"official_name":null,"surface":null,"tracktype":null,"service":null,"access":null,"motor_vehicle":null,"foot":null,"tiger_reviewed":"no","rrgh_part":0,"rrgh_tile_part":0},"geometry":{"type":"LineString","coordinates":[[-83.373433,37.560746],[-83.373466,37.560728],[-83.373539,37.560688],[-83.373562,37.560668],[-83.373709,37.560516],[-83.373739,37.560496],[-83.373805,37.560473],[-83.373873,37.560473],[-83.373907,37.560481],[-83.374013,37.560533],[-83.374097,37.560559],[-83.374174,37.560567],[-83.37425,37.560568],[-83.374332,37.560557],[-83.374413,37.560532],[-83.374487,37.560495],[-83.374548,37.560446],[-83.374572,37.560417],[-83.374589,37.560385],[-83.374603,37.56032],[-83.374598,37.560287],[-83.37457,37.560226],[-83.374402,37.559985],[-83.374374,37.559919],[-83.374356,37.559826]]}},{"type":"Feature","properties":{"osm_id":16112724,"highway":"service","name":"Lbj School Drive","alt_name":null,"official_name":null,"surface":"asphalt","tracktype":null,"service":null,"access":null,"motor_vehicle":null,"foot":null,"tiger_reviewed":null,"rrgh_part":0,"rrgh_tile_part":0},"geometry":{"type":"LineString","coordinates":[[-83.372256,37.560072],[-83.372169,37.560083],[-83.371779,37.560168],[-83.371544,37.560231],[-83.37139,37.560297],[-83.371312,37.560337],[-83.37116,37.560427],[-83.371016,37.560526],[-83.370891,37.560639],[-83.37078,37.560761],[-83.370495,37.561122],[-83.370444,37.561169],[-83.370386,37.561205],[-83.3703466,37.5612187],[-83.37032,37.561228],[-83.37025,37.561238],[-83.370178,37.561238],[-83.3700792,37.5612246],[-83.369816,37.561189],[-83.36963,37.561179]]}},{"type":"Feature","properties":{"osm_id":16117346,"highway":"residential","name":"Collier Avenue","alt_name":null,"official_name":null,"surface":null,"tracktype":null,"service":null,"access":null,"motor_vehicle":null,"foot":null,"tiger_reviewed":"no","rrgh_part":0,"rrgh_tile_part":0},"geometry":{"type":"LineString","coordinates":[[-83.372232,37.560481],[-83.3723593,37.5605043],[-83.37244,37.560523],[-83.372974,37.560613],[-83.373137,37.560646],[-83.373275,37.560679],[-83.373364,37.560713],[-83.373433,37.560746]]}},{"type":"Feature","properties":{"osm_id":16117553,"highway":"service","name":"L B J Road","alt_name":null,"official_name":null,"surface":"asphalt","tracktype":null,"service":null,"access":null,"motor_vehicle":null,"foot":null,"tiger_reviewed":null,"rrgh_part":0,"rrgh_tile_part":0},"geometry":{"type":"LineString","coordinates":[[-83.369546,37.561267],[-83.36963,37.561179],[-83.369621,37.561179],[-83.369505,37.56116],[-83.3693279,37.5611101],[-83.3692651,37.5610925],[-83.369203,37.561075],[-83.369075,37.561044],[-83.36901,37.561035],[-83.368948,37.561038],[-83.3688985,37.561025],[-83.368853,37.561076],[-83.368821,37.561105],[-83.368799,37.561141],[-83.368778,37.561223],[-83.368747,37.56149],[-83.368742,37.561602],[-83.368754,37.561651],[-83.368779,37.561695],[-83.368816,37.561731],[-83.368865,37.561757],[-83.368923,37.561772],[-83.368986,37.561774],[-83.3690121,37.5617695],[-83.36905,37.561763],[-83.3692845,37.5616997],[-83.369376,37.561647],[-83.369426,37.561618],[-83.369463,37.561583],[-83.369488,37.561543],[-83.369502,37.561499],[-83.369516,37.561351],[-83.369526,37.561306],[-83.369546,37.561267]]}},{"type":"Feature","properties":{"osm_id":1374340551,"highway":"service","name":null,"alt_name":null,"official_name":null,"surface":"paved","tracktype":null,"service":null,"access":null,"motor_vehicle":null,"foot":null,"tiger_reviewed":null,"rrgh_part":0,"rrgh_tile_part":0},"geometry":{"type":"LineString","coordinates":[[-83.3693343,37.5609061],[-83.369311,37.5609767],[-83.3693048,37.5609954],[-83.3692844,37.5610526],[-83.3692651,37.5610925]]}},{"type":"Feature","properties":{"osm_id":1374340552,"highway":"service","name":null,"alt_name":null,"official_name":null,"surface":"paved","tracktype":null,"service":null,"access":null,"motor_vehicle":null,"foot":null,"tiger_reviewed":null,"rrgh_part":0,"rrgh_tile_part":0},"geometry":{"type":"LineString","coordinates":[[-83.3695722,37.5608554],[-83.3696477,37.5607295],[-83.3696373,37.5607086],[-83.3694185,37.5606067],[-83.3693854,37.5606091],[-83.3693369,37.5606207],[-83.3693076,37.5606907],[-83.3693064,37.5607765],[-83.3693068,37.5608314],[-83.3693192,37.5608759],[-83.3693343,37.5609061]]}},{"type":"Feature","properties":{"osm_id":1374340553,"highway":"service","name":null,"alt_name":null,"official_name":null,"surface":"paved","tracktype":null,"service":null,"access":null,"motor_vehicle":null,"foot":null,"tiger_reviewed":null,"rrgh_part":0,"rrgh_tile_part":0},"geometry":{"type":"LineString","coordinates":[[-83.37139,37.560297],[-83.371318,37.5602379],[-83.3710946,37.5601321],[-83.3709044,37.5600458],[-83.3706536,37.5598968],[-83.3704468,37.5597899],[-83.3703534,37.5596917],[-83.3703035,37.5596392],[-83.3702119,37.5596035],[-83.3701361,37.5596042]]}},{"type":"Feature","properties":{"osm_id":1374340554,"highway":"service","name":null,"alt_name":null,"official_name":null,"surface":"paved","tracktype":null,"service":null,"access":null,"motor_vehicle":null,"foot":null,"tiger_reviewed":null,"rrgh_part":0,"rrgh_tile_part":0},"geometry":{"type":"LineString","coordinates":[[-83.3710946,37.5601321],[-83.370658,37.5607037],[-83.370365,37.5610754],[-83.3703277,37.5610865],[-83.3702716,37.5610809],[-83.3702319,37.5610569],[-83.3702056,37.5610327],[-83.3701836,37.5609995]]}},{"type":"Feature","properties":{"osm_id":1374340555,"highway":"service","name":null,"alt_name":null,"official_name":null,"surface":"paved","tracktype":null,"service":null,"access":null,"motor_vehicle":null,"foot":null,"tiger_reviewed":null,"rrgh_part":0,"rrgh_tile_part":0},"geometry":{"type":"LineString","coordinates":[[-83.37007,37.5610852],[-83.3700836,37.5610678],[-83.3700976,37.5610551],[-83.3701836,37.5609995],[-83.3702109,37.5609681],[-83.3704799,37.5606201],[-83.3709044,37.5600458]]}},{"type":"Feature","properties":{"osm_id":1374340556,"highway":"service","name":null,"alt_name":null,"official_name":null,"surface":"paved","tracktype":null,"service":null,"access":null,"motor_vehicle":null,"foot":null,"tiger_reviewed":null,"rrgh_part":0,"rrgh_tile_part":0},"geometry":{"type":"LineString","coordinates":[[-83.37078,37.560761],[-83.370658,37.5607037],[-83.3704799,37.5606201]]}},{"type":"Feature","properties":{"osm_id":1374340557,"highway":"service","name":null,"alt_name":null,"official_name":null,"surface":"paved","tracktype":null,"service":null,"access":null,"motor_vehicle":null,"foot":null,"tiger_reviewed":null,"rrgh_part":0,"rrgh_tile_part":0},"geometry":{"type":"LineString","coordinates":[[-83.3703466,37.5612187],[-83.37007,37.5610852],[-83.3695722,37.5608554],[-83.369549,37.5608447],[-83.3695133,37.5608436],[-83.3694709,37.5608462],[-83.369417,37.5608635],[-83.3693748,37.5608877],[-83.3693343,37.5609061]]}},{"type":"Feature","properties":{"osm_id":1374340558,"highway":"service","name":null,"alt_name":null,"official_name":null,"surface":"paved","tracktype":null,"service":null,"access":null,"motor_vehicle":null,"foot":null,"tiger_reviewed":null,"rrgh_part":0,"rrgh_tile_part":0},"geometry":{"type":"LineString","coordinates":[[-83.3700792,37.5612246],[-83.3696846,37.5618108],[-83.3695793,37.5619672]]}},{"type":"Feature","properties":{"osm_id":1562589134,"highway":"service","name":null,"alt_name":null,"official_name":null,"surface":"paved","tracktype":null,"service":null,"access":null,"motor_vehicle":null,"foot":null,"tiger_reviewed":null,"rrgh_part":0,"rrgh_tile_part":0},"geometry":{"type":"LineString","coordinates":[[-83.3701989,37.559742],[-83.370133,37.5597239],[-83.3700918,37.5596813],[-83.3701011,37.5596325],[-83.3701361,37.5596042]]}},{"type":"Feature","properties":{"osm_id":1562589135,"highway":"service","name":null,"alt_name":null,"official_name":null,"surface":null,"tracktype":null,"service":null,"access":null,"motor_vehicle":null,"foot":null,"tiger_reviewed":null,"rrgh_part":0,"rrgh_tile_part":0},"geometry":{"type":"LineString","coordinates":[[-83.3701989,37.559742],[-83.370246,37.5597523],[-83.3702955,37.5597523],[-83.3703321,37.5597363],[-83.3703534,37.5596917]]}},{"type":"Feature","properties":{"osm_id":16113708,"highway":"residential","name":"Miller Hollow Road","alt_name":null,"official_name":null,"surface":null,"tracktype":null,"service":null,"access":null,"motor_vehicle":null,"foot":null,"tiger_reviewed":"no","rrgh_part":0,"rrgh_tile_part":0},"geometry":{"type":"LineString","coordinates":[[-83.362957,37.557372],[-83.362926,37.557389],[-83.362853,37.557429],[-83.362809,37.557442],[-83.362758,37.557448],[-83.362457,37.557456],[-83.362318,37.557453],[-83.362181,37.557441],[-83.362119,37.557442],[-83.362093,37.557447],[-83.361908,37.557526],[-83.361714,37.557587],[-83.361649,37.557614],[-83.36162,37.557631],[-83.361488,37.557736],[-83.361454,37.557755]]}},{"type":"Feature","properties":{"osm_id":16117350,"highway":"residential","name":"Collier Avenue","alt_name":null,"official_name":null,"surface":null,"tracktype":null,"service":null,"access":null,"motor_vehicle":null,"foot":null,"tiger_reviewed":"no","rrgh_part":0,"rrgh_tile_part":0},"geometry":{"type":"LineString","coordinates":[[-83.373433,37.560746],[-83.373421,37.560763],[-83.373246,37.561346],[-83.37313,37.561838],[-83.373004,37.562254],[-83.372951,37.562385],[-83.372876,37.562518],[-83.372784,37.562649],[-83.372677,37.562783],[-83.37252,37.562964],[-83.372005,37.563607],[-83.371926,37.563708],[-83.3718084,37.5638938],[-83.371771,37.56397],[-83.371548,37.564489],[-83.371449,37.564764],[-83.371431,37.564792],[-83.371407,37.564814],[-83.371374,37.564831],[-83.37128,37.564853],[-83.371226,37.564858],[-83.371166,37.564857],[-83.370984,37.564838],[-83.370858,37.564814],[-83.370777,37.564791]]}},{"type":"Feature","properties":{"osm_id":1374340561,"highway":"service","name":null,"alt_name":null,"official_name":null,"surface":"paved","tracktype":null,"service":null,"access":null,"motor_vehicle":null,"foot":null,"tiger_reviewed":null,"rrgh_part":0,"rrgh_tile_part":0},"geometry":{"type":"LineString","coordinates":[[-83.3688985,37.561025],[-83.3687593,37.5609857],[-83.3684513,37.5609406],[-83.3679523,37.5608568]]}},{"type":"Feature","properties":{"osm_id":16105625,"highway":"residential","name":"Arrow Street","alt_name":null,"official_name":null,"surface":"asphalt","tracktype":null,"service":null,"access":null,"motor_vehicle":null,"foot":null,"tiger_reviewed":null,"rrgh_part":0,"rrgh_tile_part":0},"geometry":{"type":"LineString","coordinates":[[-83.3701223,37.5659795],[-83.3702083,37.5659855],[-83.3703612,37.5659983],[-83.3705409,37.5660228]]}},{"type":"Feature","properties":{"osm_id":16106904,"highway":"residential","name":"Ciekel Street","alt_name":null,"official_name":null,"surface":"unpaved","tracktype":null,"service":null,"access":null,"motor_vehicle":null,"foot":null,"tiger_reviewed":null,"rrgh_part":0,"rrgh_tile_part":0},"geometry":{"type":"LineString","coordinates":[[-83.3712208,37.5658984],[-83.3711591,37.5659813],[-83.3711243,37.5660366],[-83.3710358,37.5660812],[-83.3709312,37.5660982],[-83.370848,37.5661195],[-83.3708131,37.566145],[-83.3708078,37.5661833],[-83.3707997,37.5663193]]}},{"type":"Feature","properties":{"osm_id":16111888,"highway":"residential","name":"Tiffany Street","alt_name":null,"official_name":null,"surface":"asphalt","tracktype":null,"service":null,"access":null,"motor_vehicle":null,"foot":null,"tiger_reviewed":null,"rrgh_part":0,"rrgh_tile_part":0},"geometry":{"type":"LineString","coordinates":[[-83.370158,37.5651693],[-83.3710679,37.5654753],[-83.371127,37.5655178],[-83.3711565,37.565571],[-83.3711538,37.5657687],[-83.3711886,37.5658601],[-83.3712208,37.5658984],[-83.3712906,37.5659579],[-83.3713496,37.5660833],[-83.3713844,37.5662237],[-83.3713979,37.5663937],[-83.3713764,37.5665936],[-83.3713576,37.5668402]]}},{"type":"Feature","properties":{"osm_id":16113712,"highway":"residential","name":"Maloney Avenue","alt_name":null,"official_name":null,"surface":null,"tracktype":null,"service":null,"access":null,"motor_vehicle":null,"foot":null,"tiger_reviewed":"no","rrgh_part":0,"rrgh_tile_part":0},"geometry":{"type":"LineString","coordinates":[[-83.370777,37.564791],[-83.370668,37.564747],[-83.370538,37.564678],[-83.370451,37.564608],[-83.370374,37.564503],[-83.370304,37.564367]]}},{"type":"Feature","properties":{"osm_id":589118089,"highway":"service","name":null,"alt_name":null,"official_name":null,"surface":"asphalt","tracktype":null,"service":null,"access":null,"motor_vehicle":null,"foot":null,"tiger_reviewed":null,"rrgh_part":0,"rrgh_tile_part":0},"geometry":{"type":"LineString","coordinates":[[-83.3689624,37.5654842],[-83.3689455,37.5659095]]}},{"type":"Feature","properties":{"osm_id":589118091,"highway":"service","name":null,"alt_name":null,"official_name":null,"surface":"asphalt","tracktype":null,"service":null,"access":null,"motor_vehicle":null,"foot":null,"tiger_reviewed":null,"rrgh_part":0,"rrgh_tile_part":0},"geometry":{"type":"LineString","coordinates":[[-83.3686942,37.5654774],[-83.3689624,37.5654842],[-83.3692011,37.5654902],[-83.3698046,37.5655072],[-83.3698744,37.5654902],[-83.3699843,37.565437]]}},{"type":"Feature","properties":{"osm_id":589118093,"highway":"service","name":null,"alt_name":null,"official_name":null,"surface":"asphalt","tracktype":null,"service":null,"access":null,"motor_vehicle":null,"foot":null,"tiger_reviewed":null,"rrgh_part":0,"rrgh_tile_part":0},"geometry":{"type":"LineString","coordinates":[[-83.370137,37.565442],[-83.3699843,37.565437],[-83.3699119,37.5654094],[-83.3698288,37.5653456],[-83.3697644,37.5653243],[-83.369118,37.5653116],[-83.3687988,37.5653052],[-83.3687264,37.5653243],[-83.3686996,37.5653754],[-83.3686942,37.5654774],[-83.3687264,37.5658856],[-83.3687586,37.5659026],[-83.3689455,37.5659095],[-83.3691046,37.5659154],[-83.3691528,37.5658963],[-83.3691797,37.5658474],[-83.3692011,37.5654902]]}},{"type":"Feature","properties":{"osm_id":589118096,"highway":"service","name":null,"alt_name":null,"official_name":null,"surface":"asphalt","tracktype":null,"service":null,"access":null,"motor_vehicle":null,"foot":null,"tiger_reviewed":null,"rrgh_part":0,"rrgh_tile_part":0},"geometry":{"type":"LineString","coordinates":[[-83.3696598,37.5646844],[-83.3697268,37.5650841],[-83.3697161,37.565116],[-83.3696276,37.5651351],[-83.3694237,37.5651543],[-83.3693406,37.5651436],[-83.3692923,37.5651181],[-83.3692682,37.5650798],[-83.3692077,37.5647406]]}},{"type":"Feature","properties":{"osm_id":589118099,"highway":"service","name":null,"alt_name":null,"official_name":null,"surface":"asphalt","tracktype":null,"service":null,"access":null,"motor_vehicle":null,"foot":null,"tiger_reviewed":null,"rrgh_part":0,"rrgh_tile_part":0},"geometry":{"type":"LineString","coordinates":[[-83.3689758,37.5647694],[-83.3690321,37.5650947],[-83.3690965,37.5651543],[-83.369118,37.5653116]]}},{"type":"Feature","properties":{"osm_id":589118101,"highway":"service","name":null,"alt_name":null,"official_name":null,"surface":"asphalt","tracktype":null,"service":null,"access":null,"motor_vehicle":null,"foot":null,"tiger_reviewed":null,"rrgh_part":0,"rrgh_tile_part":0},"geometry":{"type":"LineString","coordinates":[[-83.3702462,37.5646595],[-83.3700755,37.5646567],[-83.3696598,37.5646844],[-83.3692077,37.5647406],[-83.3689758,37.5647694],[-83.3687505,37.5648056],[-83.3685382,37.5648313],[-83.3684528,37.5648417]]}},{"type":"Feature","properties":{"osm_id":790036566,"highway":"service","name":null,"alt_name":null,"official_name":null,"surface":null,"tracktype":null,"service":null,"access":null,"motor_vehicle":null,"foot":null,"tiger_reviewed":null,"rrgh_part":0,"rrgh_tile_part":0},"geometry":{"type":"LineString","coordinates":[[-83.3689589,37.5638223],[-83.3690099,37.5641501],[-83.3690241,37.5641629],[-83.3690588,37.5641937],[-83.369126,37.5642325],[-83.3692422,37.5642551],[-83.3697661,37.5642035],[-83.3699635,37.564184],[-83.3699696,37.5641647],[-83.3699675,37.564092],[-83.3699512,37.5637447]]}},{"type":"Feature","properties":{"osm_id":790036567,"highway":"service","name":null,"alt_name":null,"official_name":null,"surface":null,"tracktype":null,"service":null,"access":null,"motor_vehicle":null,"foot":null,"tiger_reviewed":null,"rrgh_part":0,"rrgh_tile_part":0},"geometry":{"type":"LineString","coordinates":[[-83.3697661,37.5642035],[-83.3697312,37.5642906],[-83.3696476,37.5644408],[-83.3696354,37.5644909],[-83.3696598,37.5646844]]}},{"type":"Feature","properties":{"osm_id":790036568,"highway":"service","name":null,"alt_name":null,"official_name":null,"surface":null,"tracktype":null,"service":null,"access":null,"motor_vehicle":null,"foot":null,"tiger_reviewed":null,"rrgh_part":0,"rrgh_tile_part":0},"geometry":{"type":"LineString","coordinates":[[-83.3690241,37.5641629],[-83.3688285,37.5642406],[-83.368692,37.5643343],[-83.3685371,37.5645442],[-83.3685066,37.5646573],[-83.3685188,37.5647768],[-83.3685382,37.5648313]]}},{"type":"Feature","properties":{"osm_id":1561367155,"highway":"residential","name":null,"alt_name":null,"official_name":null,"surface":null,"tracktype":null,"service":null,"access":null,"motor_vehicle":null,"foot":null,"tiger_reviewed":null,"rrgh_part":0,"rrgh_tile_part":0},"geometry":{"type":"LineString","coordinates":[[-83.3656281,37.5662121],[-83.3654142,37.5662025],[-83.3651427,37.5661166],[-83.3647669,37.5659545],[-83.3646278,37.5658516],[-83.3645542,37.5656852],[-83.3645609,37.5655283],[-83.3645114,37.5653132],[-83.3644914,37.5651479],[-83.364482,37.564939],[-83.3645101,37.5646486],[-83.3645462,37.5644026],[-83.3645408,37.5643348],[-83.3644914,37.564251],[-83.3643162,37.5641694],[-83.3641196,37.5641191],[-83.3639524,37.5640332],[-83.363808,37.5639039],[-83.3636529,37.5637535],[-83.3635526,37.5636613],[-83.3634228,37.5635839],[-83.363253,37.5635277],[-83.3630698,37.5634896],[-83.3629374,37.5634662],[-83.362877,37.5634351],[-83.362861,37.5633853],[-83.3628944,37.5633492],[-83.3629907,37.5633418],[-83.3631405,37.5633439],[-83.3632849,37.5633524],[-83.3634588,37.5633863],[-83.363634,37.5634361],[-83.3638841,37.5635337],[-83.3640125,37.5636047],[-83.3641649,37.5636757],[-83.3642398,37.563698],[-83.3644859,37.5637309],[-83.3647521,37.5637542],[-83.3649874,37.563786],[-83.3651907,37.5638347],[-83.3652777,37.5638612],[-83.3655891,37.5640001],[-83.3656788,37.5641146],[-83.3657055,37.5641231],[-83.3657282,37.5641146],[-83.3657336,37.5640892],[-83.365747,37.5640521],[-83.365759,37.564015],[-83.3658245,37.5639938],[-83.3662378,37.563927],[-83.3664464,37.5639015],[-83.3666508,37.5638591],[-83.3667455,37.5637973]]}},{"type":"Feature","properties":{"osm_id":1561367156,"highway":"residential","name":null,"alt_name":null,"official_name":null,"surface":null,"tracktype":null,"service":null,"access":null,"motor_vehicle":null,"foot":null,"tiger_reviewed":null,"rrgh_part":0,"rrgh_tile_part":0},"geometry":{"type":"LineString","coordinates":[[-83.3662378,37.563927],[-83.3660931,37.5638655],[-83.3660449,37.5637817],[-83.3658055,37.5637203],[-83.3655407,37.5635824],[-83.3650496,37.5633567],[-83.3648335,37.5632698],[-83.3646489,37.5632655],[-83.3645727,37.5632846]]}},{"type":"Feature","properties":{"osm_id":1561367159,"highway":"residential","name":null,"alt_name":null,"official_name":null,"surface":null,"tracktype":null,"service":null,"access":null,"motor_vehicle":null,"foot":null,"tiger_reviewed":null,"rrgh_part":0,"rrgh_tile_part":0},"geometry":{"type":"LineString","coordinates":[[-83.367174,37.5676564],[-83.3669389,37.5677624],[-83.3668071,37.5678283],[-83.3667797,37.5678749],[-83.3667929,37.5679191],[-83.3668598,37.5679343],[-83.3670858,37.5678749],[-83.3672794,37.5678122],[-83.3674172,37.5677568],[-83.3674526,37.567678],[-83.367482,37.5675937],[-83.3674972,37.5673994],[-83.3675003,37.56734],[-83.3675013,37.5671793],[-83.3674952,37.5670926],[-83.3675195,37.5670147],[-83.367552,37.5669796]]}},{"type":"Feature","properties":{"osm_id":16107448,"highway":"residential","name":"Diedre Street","alt_name":null,"official_name":null,"surface":null,"tracktype":null,"service":null,"access":null,"motor_vehicle":null,"foot":null,"tiger_reviewed":"no","rrgh_part":0,"rrgh_tile_part":0},"geometry":{"type":"LineString","coordinates":[[-83.376398,37.571026],[-83.376286,37.5711],[-83.3759,37.571361],[-83.375759,37.571442],[-83.375696,37.571464],[-83.375643,37.571469],[-83.375604,37.571464],[-83.37558,37.571455],[-83.375482,37.571408]]}},{"type":"Feature","properties":{"osm_id":16107977,"highway":"residential","name":"Prestolite Street","alt_name":null,"official_name":null,"surface":null,"tracktype":null,"service":null,"access":null,"motor_vehicle":null,"foot":null,"tiger_reviewed":"no","rrgh_part":0,"rrgh_tile_part":0},"geometry":{"type":"LineString","coordinates":[[-83.378229,37.571793],[-83.378084,37.571681],[-83.3774106,37.5710961],[-83.377087,37.570815],[-83.377001,37.570749],[-83.376958,37.570732],[-83.376914,37.570727],[-83.376869,37.570736],[-83.376823,37.570756],[-83.376398,37.571026]]}},{"type":"Feature","properties":{"osm_id":790036557,"highway":"track","name":null,"alt_name":null,"official_name":null,"surface":null,"tracktype":null,"service":null,"access":null,"motor_vehicle":null,"foot":null,"tiger_reviewed":null,"rrgh_part":0,"rrgh_tile_part":0},"geometry":{"type":"LineString","coordinates":[[-83.3775293,37.570999],[-83.3774106,37.5710961]]}},{"type":"Feature","properties":{"osm_id":1354785031,"highway":"service","name":null,"alt_name":null,"official_name":null,"surface":null,"tracktype":null,"service":null,"access":null,"motor_vehicle":null,"foot":null,"tiger_reviewed":null,"rrgh_part":0,"rrgh_tile_part":0},"geometry":{"type":"LineString","coordinates":[[-83.3762287,37.5732392],[-83.3764867,37.5734896],[-83.3764779,37.5735416],[-83.37617,37.573747]]}},{"type":"Feature","properties":{"osm_id":1374340949,"highway":"service","name":null,"alt_name":null,"official_name":null,"surface":"paved","tracktype":null,"service":null,"access":null,"motor_vehicle":null,"foot":null,"tiger_reviewed":null,"rrgh_part":0,"rrgh_tile_part":0},"geometry":{"type":"LineString","coordinates":[[-83.375222,37.573965],[-83.374852,37.5736331]]}},{"type":"Feature","properties":{"osm_id":421058332,"highway":"unclassified","name":null,"alt_name":null,"official_name":null,"surface":null,"tracktype":null,"service":null,"access":null,"motor_vehicle":null,"foot":null,"tiger_reviewed":null,"rrgh_part":0,"rrgh_tile_part":0},"geometry":{"type":"LineString","coordinates":[[-83.3868796,37.579761],[-83.3866588,37.579669]]}},{"type":"Feature","properties":{"osm_id":1374340950,"highway":"service","name":null,"alt_name":null,"official_name":null,"surface":"paved","tracktype":null,"service":null,"access":null,"motor_vehicle":null,"foot":null,"tiger_reviewed":null,"rrgh_part":0,"rrgh_tile_part":0},"geometry":{"type":"LineString","coordinates":[[-83.374852,37.5736331],[-83.3747817,37.5736775]]}},{"type":"Feature","properties":{"osm_id":1374340951,"highway":"service","name":null,"alt_name":null,"official_name":null,"surface":"paved","tracktype":null,"service":null,"access":null,"motor_vehicle":null,"foot":null,"tiger_reviewed":null,"rrgh_part":0,"rrgh_tile_part":0},"geometry":{"type":"LineString","coordinates":[[-83.374599,37.5736694],[-83.3745857,37.5736198],[-83.3745575,37.5736007],[-83.3745065,37.5735922],[-83.3742879,37.5735784],[-83.3742692,37.5735656],[-83.374245,37.5735475],[-83.3742316,37.5735178],[-83.3742748,37.5731719]]}},{"type":"Feature","properties":{"osm_id":1374340952,"highway":"service","name":null,"alt_name":null,"official_name":null,"surface":"paved","tracktype":null,"service":null,"access":null,"motor_vehicle":null,"foot":null,"tiger_reviewed":null,"rrgh_part":0,"rrgh_tile_part":0},"geometry":{"type":"LineString","coordinates":[[-83.3734179,37.5736394],[-83.3733075,37.5735895],[-83.3728151,37.5731799]]}},{"type":"Feature","properties":{"osm_id":1374340953,"highway":"service","name":null,"alt_name":null,"official_name":null,"surface":"paved","tracktype":null,"service":null,"access":null,"motor_vehicle":null,"foot":null,"tiger_reviewed":null,"rrgh_part":0,"rrgh_tile_part":0},"geometry":{"type":"LineString","coordinates":[[-83.3747817,37.5736775],[-83.374599,37.5736694],[-83.3734602,37.5736192],[-83.3734179,37.5736394],[-83.3734154,37.5736912],[-83.3734498,37.5737273],[-83.3734778,37.5737525],[-83.3735057,37.5737774],[-83.3735326,37.5737875],[-83.373566,37.5737911],[-83.3747127,37.5738668],[-83.3747446,37.5738542],[-83.3747605,37.5738206],[-83.3747817,37.5737532],[-83.3747817,37.5736775]]}},{"type":"Feature","properties":{"osm_id":1374340954,"highway":"service","name":null,"alt_name":null,"official_name":null,"surface":"paved","tracktype":null,"service":null,"access":null,"motor_vehicle":null,"foot":null,"tiger_reviewed":null,"rrgh_part":0,"rrgh_tile_part":0},"geometry":{"type":"LineString","coordinates":[[-83.374852,37.5736331],[-83.3743744,37.5732156],[-83.3743128,37.5731863],[-83.3742748,37.5731719],[-83.3742481,37.5731618],[-83.3729818,37.5730691],[-83.3729325,37.5730861],[-83.372877,37.5731277],[-83.3728151,37.5731799],[-83.3726403,37.5733276]]}},{"type":"Feature","properties":{"osm_id":16108810,"highway":"residential","name":"Panbowl Branch Road","alt_name":null,"official_name":null,"surface":null,"tracktype":null,"service":null,"access":null,"motor_vehicle":null,"foot":null,"tiger_reviewed":"no","rrgh_part":0,"rrgh_tile_part":0},"geometry":{"type":"LineString","coordinates":[[-83.361982,37.575758],[-83.361957,37.575842],[-83.361942,37.575877],[-83.361892,37.575957],[-83.361818,37.576059],[-83.36177,37.576116],[-83.361737,37.576164],[-83.361701,37.576224],[-83.361679,37.576289],[-83.361604,37.576401],[-83.361537,37.576522],[-83.361514,37.576587],[-83.361496,37.576651],[-83.361489,37.57678],[-83.361492,37.576835],[-83.361557,37.576965],[-83.361598,37.57703],[-83.361709,37.577257],[-83.361745,37.57732],[-83.361776,37.577391],[-83.361812,37.577526],[-83.361863,37.577663],[-83.361943,37.5778],[-83.361992,37.577867],[-83.362072,37.578017],[-83.362163,37.578176],[-83.362234,37.578339],[-83.362322,37.57847],[-83.36244,37.578576],[-83.362491,37.578638],[-83.362535,37.578707],[-83.3625452,37.5787287],[-83.362569,37.578779],[-83.362633,37.579008],[-83.362674,37.579074],[-83.362769,37.579203],[-83.362809,37.579269],[-83.362833,37.579338],[-83.362825,37.57948],[-83.362816,37.579553],[-83.362798,37.579629],[-83.362742,37.579784],[-83.362696,37.579943],[-83.362688,37.580105],[-83.362682,37.580437],[-83.362671,37.580582],[-83.362673,37.580697],[-83.362647,37.580872],[-83.362579,37.581246],[-83.362576,37.58131],[-83.36258,37.581381],[-83.362649,37.581611],[-83.362683,37.58168],[-83.362721,37.581744],[-83.362815,37.581958],[-83.362844,37.582036],[-83.362942,37.582261],[-83.362979,37.582336],[-83.363058,37.58248],[-83.3631,37.582548],[-83.363165,37.582688],[-83.363195,37.582761],[-83.363255,37.582969],[-83.3632481,37.5830386],[-83.363247,37.58305],[-83.363205,37.583171],[-83.363058,37.583427],[-83.362899,37.583625],[-83.362749,37.583787],[-83.3627,37.583844],[-83.362661,37.583901],[-83.362633,37.583961],[-83.362612,37.584035],[-83.36258,37.584101],[-83.362536,37.584169],[-83.362441,37.584305],[-83.362114,37.584738],[-83.362061,37.584804],[-83.361952,37.584919],[-83.361893,37.584961],[-83.361827,37.584995],[-83.3617988,37.5850055],[-83.361676,37.585051],[-83.361587,37.585075],[-83.361193,37.585137],[-83.361026,37.585193],[-83.360961,37.585227],[-83.360889,37.585287],[-83.360817,37.585322],[-83.360659,37.585408],[-83.360573,37.585448],[-83.360403,37.585537],[-83.360314,37.585578],[-83.360232,37.585625],[-83.36016,37.585675],[-83.359997,37.585764],[-83.359927,37.585811],[-83.359707,37.586005],[-83.359652,37.586042],[-83.359563,37.586112],[-83.35954,37.586141],[-83.359524,37.586168],[-83.359455,37.586325],[-83.359426,37.586332],[-83.359339,37.586363],[-83.358218,37.586612]]}},{"type":"Feature","properties":{"osm_id":1561834923,"highway":"residential","name":null,"alt_name":null,"official_name":null,"surface":null,"tracktype":null,"service":null,"access":null,"motor_vehicle":null,"foot":null,"tiger_reviewed":null,"rrgh_part":0,"rrgh_tile_part":0},"geometry":{"type":"LineString","coordinates":[[-83.3625452,37.5787287],[-83.3626681,37.5788301],[-83.362762,37.5789055],[-83.3628692,37.5789757],[-83.3629618,37.5790352],[-83.3630557,37.5790979],[-83.3630946,37.5791266],[-83.363112,37.5791595],[-83.3631026,37.5791925],[-83.3630869,37.5792021],[-83.3630731,37.5792105],[-83.3630154,37.5792286],[-83.3629604,37.5792456],[-83.3628907,37.5792563],[-83.362809,37.579269]]}},{"type":"Feature","properties":{"osm_id":1561834928,"highway":"residential","name":null,"alt_name":null,"official_name":null,"surface":null,"tracktype":null,"service":null,"access":null,"motor_vehicle":null,"foot":null,"tiger_reviewed":null,"rrgh_part":0,"rrgh_tile_part":0},"geometry":{"type":"LineString","coordinates":[[-83.3631026,37.5791925],[-83.3631616,37.5792244],[-83.3632769,37.5792414],[-83.3634285,37.5792488],[-83.3635961,37.5792499],[-83.3637544,37.5792137],[-83.363847,37.5792074],[-83.3639368,37.5792244]]}},{"type":"Feature","properties":{"osm_id":16110752,"highway":"residential","name":"Darrell Tharp Road","alt_name":null,"official_name":null,"surface":null,"tracktype":null,"service":null,"access":null,"motor_vehicle":null,"foot":null,"tiger_reviewed":"no","rrgh_part":0,"rrgh_tile_part":0},"geometry":{"type":"LineString","coordinates":[[-83.410329,37.582327],[-83.410434,37.582347],[-83.410482,37.582369],[-83.410515,37.582399],[-83.410622,37.582499],[-83.410646,37.582529],[-83.410656,37.582552],[-83.410662,37.582605],[-83.410657,37.582645],[-83.410637,37.582708],[-83.41059,37.582794],[-83.410578,37.582844],[-83.410602,37.582956],[-83.410607,37.583036]]}},{"type":"Feature","properties":{"osm_id":16110985,"highway":"residential","name":"Raven Drive","alt_name":null,"official_name":null,"surface":null,"tracktype":null,"service":null,"access":null,"motor_vehicle":null,"foot":null,"tiger_reviewed":"no","rrgh_part":0,"rrgh_tile_part":0},"geometry":{"type":"LineString","coordinates":[[-83.412314,37.582356],[-83.41235,37.582422],[-83.412417,37.582548],[-83.412439,37.582624],[-83.412447,37.582699],[-83.412444,37.582734],[-83.412423,37.582796],[-83.412405,37.582819],[-83.41236,37.582853],[-83.412299,37.582875],[-83.41223,37.582886],[-83.412117,37.582893],[-83.41205,37.58291],[-83.411999,37.582942],[-83.411983,37.582963],[-83.411962,37.583026]]}},{"type":"Feature","properties":{"osm_id":16111955,"highway":"residential","name":"La Finca Drive","alt_name":null,"official_name":null,"surface":null,"tracktype":null,"service":null,"access":null,"motor_vehicle":null,"foot":null,"tiger_reviewed":"no","rrgh_part":0,"rrgh_tile_part":0},"geometry":{"type":"LineString","coordinates":[[-83.4138,37.582774],[-83.41378,37.582721],[-83.413759,37.582652],[-83.413749,37.582577],[-83.413755,37.582522],[-83.413773,37.582464],[-83.413817,37.582388],[-83.413853,37.582343],[-83.413972,37.582232],[-83.413984,37.58221],[-83.413988,37.582161],[-83.413969,37.582109],[-83.413953,37.582084],[-83.41387,37.581989],[-83.413615,37.581794]]}},{"type":"Feature","properties":{"osm_id":16106253,"highway":"residential","name":"Trent Hlw Road","alt_name":null,"official_name":null,"surface":null,"tracktype":null,"service":null,"access":null,"motor_vehicle":null,"foot":null,"tiger_reviewed":"no","rrgh_part":0,"rrgh_tile_part":0},"geometry":{"type":"LineString","coordinates":[[-83.401196,37.59184],[-83.401235,37.591743],[-83.401241,37.591716],[-83.401239,37.591688],[-83.401226,37.591656],[-83.40114,37.591545],[-83.401109,37.591473],[-83.401103,37.591393],[-83.401111,37.59135],[-83.40115,37.591262],[-83.401168,37.591235],[-83.401217,37.591172],[-83.401265,37.591125],[-83.401333,37.591044],[-83.401557,37.590825],[-83.401651,37.590701],[-83.401697,37.59063],[-83.401732,37.59056],[-83.401787,37.590406],[-83.401894,37.590223],[-83.401999,37.590095],[-83.402727,37.589439],[-83.402816,37.58938],[-83.402872,37.589356],[-83.402933,37.589338],[-83.403144,37.589298],[-83.403221,37.589288],[-83.403449,37.589272],[-83.403518,37.589262],[-83.40372,37.589188],[-83.404072,37.589169],[-83.404141,37.58916],[-83.404208,37.589144],[-83.404271,37.589118],[-83.404419,37.589043],[-83.404507,37.588972],[-83.404571,37.588905],[-83.404729,37.58871],[-83.404886,37.588578],[-83.404968,37.588489],[-83.405004,37.588442],[-83.405087,37.58829],[-83.405164,37.588124],[-83.405266,37.588019],[-83.405299,37.587961],[-83.405318,37.587905],[-83.405341,37.587873],[-83.40537,37.587848],[-83.405511,37.587761],[-83.405573,37.587735],[-83.405617,37.587723],[-83.405755,37.587697],[-83.405807,37.587677],[-83.405902,37.587658],[-83.405966,37.587651],[-83.406137,37.587644]]}},{"type":"Feature","properties":{"osm_id":16109687,"highway":"residential","name":"Roberts Cemetery Spur","alt_name":null,"official_name":null,"surface":null,"tracktype":null,"service":null,"access":null,"motor_vehicle":null,"foot":null,"tiger_reviewed":"no","rrgh_part":0,"rrgh_tile_part":0},"geometry":{"type":"LineString","coordinates":[[-83.411317,37.594691],[-83.411291,37.594725],[-83.41128,37.594737],[-83.411245,37.594757],[-83.411216,37.594763],[-83.411144,37.59477],[-83.411067,37.594762],[-83.410981,37.594782],[-83.410902,37.594823],[-83.410828,37.594884],[-83.410794,37.594922],[-83.410705,37.595064],[-83.410593,37.595314],[-83.410556,37.595415],[-83.410511,37.595609]]}},{"type":"Feature","properties":{"osm_id":16111027,"highway":"residential","name":"Bradley Family Cemetery Road","alt_name":null,"official_name":null,"surface":null,"tracktype":null,"service":null,"access":null,"motor_vehicle":null,"foot":null,"tiger_reviewed":"no","rrgh_part":0,"rrgh_tile_part":0},"geometry":{"type":"LineString","coordinates":[[-83.407828,37.593529],[-83.407802,37.593592],[-83.4078,37.593608],[-83.407807,37.593631],[-83.407821,37.593655],[-83.407849,37.593673],[-83.408075,37.593758],[-83.408126,37.593784],[-83.408164,37.593822],[-83.408183,37.593884],[-83.408058,37.594291],[-83.407887,37.594767],[-83.407836,37.594982],[-83.407848,37.595081],[-83.407875,37.595133],[-83.407916,37.595171],[-83.408004,37.595318],[-83.408049,37.595331],[-83.408065,37.59533],[-83.408079,37.595316],[-83.40817,37.595048]]}},{"type":"Feature","properties":{"osm_id":16111511,"highway":"residential","name":"Roberts Cemetery Road","alt_name":null,"official_name":null,"surface":null,"tracktype":null,"service":null,"access":null,"motor_vehicle":null,"foot":null,"tiger_reviewed":"no","rrgh_part":0,"rrgh_tile_part":0},"geometry":{"type":"LineString","coordinates":[[-83.411149,37.59423],[-83.411122,37.594306],[-83.411067,37.59447],[-83.411061,37.594502],[-83.411066,37.594532],[-83.411082,37.594559],[-83.41111,37.594581],[-83.411145,37.594596],[-83.41122,37.594613],[-83.411255,37.594626],[-83.411283,37.594644],[-83.411317,37.594691],[-83.41135,37.594735],[-83.411402,37.594781],[-83.411589,37.594886],[-83.411662,37.594942],[-83.411714,37.595004],[-83.411753,37.595082],[-83.411765,37.595121],[-83.411783,37.595245],[-83.411784,37.59534],[-83.411776,37.595396],[-83.411758,37.595448]]}},{"type":"Feature","properties":{"osm_id":16115297,"highway":"residential","name":"Courtney Lane","alt_name":null,"official_name":null,"surface":null,"tracktype":null,"service":null,"access":null,"motor_vehicle":null,"foot":null,"tiger_reviewed":"no","rrgh_part":0,"rrgh_tile_part":0},"geometry":{"type":"LineString","coordinates":[[-83.406144,37.59333],[-83.40614,37.593367],[-83.406143,37.593419],[-83.406125,37.593559],[-83.406097,37.593685],[-83.406011,37.593976],[-83.405945,37.594332],[-83.405922,37.594533],[-83.405841,37.595029],[-83.405812,37.595124],[-83.4057,37.595326],[-83.405668,37.595411],[-83.405632,37.595677],[-83.405589,37.595918]]}},{"type":"Feature","properties":{"osm_id":16106257,"highway":"service","name":null,"alt_name":null,"official_name":null,"surface":null,"tracktype":null,"service":null,"access":"private","motor_vehicle":null,"foot":null,"tiger_reviewed":"no","rrgh_part":0,"rrgh_tile_part":0},"geometry":{"type":"LineString","coordinates":[[-83.401226,37.591656],[-83.401346,37.59163],[-83.401729,37.591596],[-83.401945,37.591559],[-83.402011,37.591553],[-83.402185,37.591509],[-83.402581,37.591446],[-83.402779,37.59139],[-83.402905,37.591371],[-83.403065,37.591357],[-83.403094,37.591347],[-83.403114,37.591326],[-83.403124,37.5913],[-83.403109,37.591284],[-83.40299,37.591278],[-83.40288,37.59126],[-83.402597,37.59119],[-83.402491,37.591157],[-83.402378,37.591139],[-83.402204,37.591125],[-83.40217,37.591112],[-83.402108,37.591073],[-83.402086,37.591046],[-83.402078,37.59098],[-83.402082,37.590955],[-83.402105,37.590903],[-83.402328,37.59074],[-83.402375,37.590715],[-83.402427,37.590696],[-83.402482,37.590682],[-83.402541,37.590674],[-83.402767,37.590659],[-83.402861,37.59063],[-83.402938,37.590582],[-83.402996,37.590535],[-83.403067,37.590458],[-83.403124,37.590373],[-83.403159,37.590336],[-83.403198,37.590303],[-83.403288,37.590256],[-83.403446,37.590231],[-83.403508,37.590234],[-83.403731,37.590267],[-83.403855,37.590304],[-83.40391,37.590326]]}},{"type":"Feature","properties":{"osm_id":16106186,"highway":"service","name":null,"alt_name":null,"official_name":null,"surface":null,"tracktype":null,"service":null,"access":"private","motor_vehicle":null,"foot":null,"tiger_reviewed":"no","rrgh_part":0,"rrgh_tile_part":0},"geometry":{"type":"LineString","coordinates":[[-83.391212,37.583814],[-83.391264,37.583836],[-83.391438,37.583899],[-83.391567,37.583938],[-83.391653,37.583961],[-83.391738,37.583975],[-83.391894,37.583985],[-83.392053,37.583975],[-83.392193,37.583958],[-83.392273,37.583955],[-83.39232,37.583962],[-83.392385,37.58398],[-83.392453,37.584017],[-83.39248,37.584037],[-83.392502,37.584065],[-83.392516,37.584095],[-83.392527,37.584163],[-83.392526,37.584301],[-83.392538,37.584327],[-83.392576,37.58436]]}},{"type":"Feature","properties":{"osm_id":16107442,"highway":"residential","name":"Tracy Lane","alt_name":null,"official_name":null,"surface":null,"tracktype":null,"service":null,"access":null,"motor_vehicle":null,"foot":null,"tiger_reviewed":"no","rrgh_part":0,"rrgh_tile_part":0},"geometry":{"type":"LineString","coordinates":[[-83.392697,37.582946],[-83.392713,37.582986],[-83.392787,37.583133],[-83.392863,37.583262],[-83.392954,37.583391],[-83.393038,37.583473],[-83.393089,37.583509],[-83.393211,37.583566],[-83.393405,37.583614],[-83.39353,37.583631],[-83.39359,37.583631],[-83.393648,37.583627],[-83.393756,37.583606],[-83.393996,37.583534],[-83.394097,37.583512],[-83.394254,37.583493],[-83.394363,37.583492],[-83.394419,37.583497],[-83.394591,37.583521],[-83.394652,37.583534],[-83.394833,37.583591],[-83.394885,37.583617],[-83.394931,37.583648],[-83.394969,37.583681],[-83.395103,37.583833],[-83.39521,37.58394],[-83.395334,37.584043],[-83.395501,37.584154],[-83.39556,37.584184],[-83.395617,37.584198],[-83.39565,37.584198],[-83.395759,37.584166]]}},{"type":"Feature","properties":{"osm_id":16110155,"highway":"residential","name":"Newton Branch Road","alt_name":null,"official_name":null,"surface":null,"tracktype":null,"service":null,"access":null,"motor_vehicle":null,"foot":null,"tiger_reviewed":"no","rrgh_part":0,"rrgh_tile_part":0},"geometry":{"type":"LineString","coordinates":[[-83.3959535,37.591768],[-83.3958194,37.5919423],[-83.3957282,37.5920178],[-83.395674,37.592053],[-83.395568,37.59216],[-83.395498,37.592242],[-83.395437,37.592337],[-83.395343,37.592517],[-83.395286,37.59259],[-83.395153,37.592723],[-83.395096,37.592794],[-83.395043,37.592876],[-83.395003,37.59296],[-83.39497,37.593047],[-83.394947,37.593134],[-83.394929,37.593232],[-83.394892,37.593539],[-83.394868,37.593628],[-83.394825,37.593714],[-83.394749,37.593835],[-83.39472,37.593928],[-83.394681,37.594148],[-83.394661,37.594199],[-83.394633,37.59424],[-83.394505,37.594332],[-83.394465,37.59438],[-83.394451,37.594416],[-83.394445,37.594455],[-83.39444,37.594579],[-83.394415,37.594675]]}},{"type":"Feature","properties":{"osm_id":16112528,"highway":"residential","name":"Kenny King Road","alt_name":null,"official_name":null,"surface":null,"tracktype":null,"service":null,"access":null,"motor_vehicle":null,"foot":null,"tiger_reviewed":"no","rrgh_part":0,"rrgh_tile_part":0},"geometry":{"type":"LineString","coordinates":[[-83.394847,37.590969],[-83.394657,37.590837],[-83.394308,37.59063],[-83.393988,37.590431],[-83.393702,37.590279],[-83.3932249,37.5900471],[-83.393112,37.5899665],[-83.3929191,37.5897591],[-83.3928056,37.5896702],[-83.3926415,37.5896694],[-83.3925286,37.5897504]]}},{"type":"Feature","properties":{"osm_id":16115207,"highway":"residential","name":"Warshol","alt_name":null,"official_name":null,"surface":null,"tracktype":null,"service":null,"access":null,"motor_vehicle":null,"foot":null,"tiger_reviewed":"no","rrgh_part":0,"rrgh_tile_part":0},"geometry":{"type":"LineString","coordinates":[[-83.3911824,37.5902179],[-83.39097,37.590065],[-83.390847,37.590006],[-83.390425,37.589732],[-83.390349,37.589697],[-83.390203,37.589605],[-83.390067,37.589498],[-83.389893,37.589337],[-83.389771,37.589239],[-83.389708,37.589194],[-83.389643,37.589166],[-83.38951,37.589096],[-83.389442,37.589068],[-83.389301,37.589026],[-83.388424,37.588862],[-83.388092,37.588785],[-83.387978,37.588773],[-83.387877,37.588753],[-83.387689,37.588755],[-83.387447,37.588806],[-83.38723,37.58883],[-83.387101,37.588856],[-83.386692,37.588906],[-83.386514,37.588909],[-83.386328,37.588878],[-83.386197,37.588869],[-83.386013,37.588877],[-83.385959,37.588887],[-83.38591,37.588904],[-83.385865,37.588929],[-83.385828,37.588967],[-83.385795,37.589008],[-83.385708,37.589147],[-83.385686,37.589194],[-83.385641,37.589408],[-83.385604,37.589514],[-83.385501,37.589715],[-83.385378,37.589911]]}},{"type":"Feature","properties":{"osm_id":16115197,"highway":"residential","name":"Warshol","alt_name":null,"official_name":null,"surface":null,"tracktype":null,"service":null,"access":null,"motor_vehicle":null,"foot":null,"tiger_reviewed":"no","rrgh_part":0,"rrgh_tile_part":0},"geometry":{"type":"LineString","coordinates":[[-83.3925286,37.5897504],[-83.3923733,37.5898945],[-83.3921938,37.5900602],[-83.3920511,37.5901578],[-83.391916,37.5901975],[-83.3917671,37.5902347],[-83.3915737,37.590273],[-83.3913103,37.5902609],[-83.3911824,37.5902179],[-83.3909013,37.5907076],[-83.390295,37.591451]]}},{"type":"Feature","properties":{"osm_id":1561834942,"highway":"residential","name":null,"alt_name":null,"official_name":null,"surface":null,"tracktype":null,"service":null,"access":null,"motor_vehicle":null,"foot":null,"tiger_reviewed":null,"rrgh_part":0,"rrgh_tile_part":0},"geometry":{"type":"LineString","coordinates":[[-83.3632481,37.5830386],[-83.3633843,37.583059],[-83.3635171,37.5830941],[-83.3636539,37.5831174],[-83.3637692,37.5831366],[-83.3638886,37.5831153]]}},{"type":"Feature","properties":{"osm_id":1561834946,"highway":"residential","name":null,"alt_name":null,"official_name":null,"surface":null,"tracktype":null,"service":null,"access":null,"motor_vehicle":null,"foot":null,"tiger_reviewed":null,"rrgh_part":0,"rrgh_tile_part":0},"geometry":{"type":"LineString","coordinates":[[-83.3617988,37.5850055],[-83.3618353,37.5851165],[-83.3618769,37.5852143],[-83.3619346,37.5853269],[-83.3619627,37.585362]]}},{"type":"Feature","properties":{"osm_id":16106669,"highway":"residential","name":null,"alt_name":null,"official_name":null,"surface":null,"tracktype":null,"service":null,"access":null,"motor_vehicle":null,"foot":null,"tiger_reviewed":"no","rrgh_part":0,"rrgh_tile_part":0},"geometry":{"type":"LineString","coordinates":[[-83.359124,37.555483],[-83.359109,37.555538],[-83.359086,37.5556],[-83.359047,37.555866],[-83.358992,37.556121],[-83.359166,37.55637],[-83.359919,37.556572],[-83.360251,37.55667]]}},{"type":"Feature","properties":{"osm_id":16110246,"highway":"residential","name":"Stewart Lane","alt_name":null,"official_name":null,"surface":null,"tracktype":null,"service":null,"access":null,"motor_vehicle":null,"foot":null,"tiger_reviewed":"no","rrgh_part":0,"rrgh_tile_part":0},"geometry":{"type":"LineString","coordinates":[[-83.360903,37.557709],[-83.360692,37.557839],[-83.360212,37.558065],[-83.359929,37.558175],[-83.359775,37.558211],[-83.359665,37.558276],[-83.35961,37.558283],[-83.359492,37.558272],[-83.359463,37.558276],[-83.359381,37.558296],[-83.359337,37.558322],[-83.359307,37.558331],[-83.359093,37.558381]]}},{"type":"Feature","properties":{"osm_id":16113546,"highway":"residential","name":"Bailey Cemetery Road","alt_name":null,"official_name":null,"surface":null,"tracktype":null,"service":null,"access":null,"motor_vehicle":null,"foot":null,"tiger_reviewed":"no","rrgh_part":0,"rrgh_tile_part":0},"geometry":{"type":"LineString","coordinates":[[-83.357193,37.558065],[-83.35721,37.558062],[-83.357327,37.558065],[-83.357575,37.558115],[-83.357603,37.558114],[-83.357672,37.558094],[-83.357738,37.558065],[-83.357768,37.558043],[-83.357814,37.557995],[-83.357852,37.557927],[-83.357915,37.557873],[-83.358095,37.557737],[-83.35822,37.557659],[-83.358307,37.557625],[-83.358387,37.557603],[-83.358507,37.557581]]}},{"type":"Feature","properties":{"osm_id":16116503,"highway":"residential","name":"Tincher Lane","alt_name":null,"official_name":null,"surface":null,"tracktype":null,"service":null,"access":null,"motor_vehicle":null,"foot":null,"tiger_reviewed":"no","rrgh_part":0,"rrgh_tile_part":0},"geometry":{"type":"LineString","coordinates":[[-83.361405,37.556969],[-83.361358,37.557066],[-83.361341,37.557115],[-83.361322,37.557204],[-83.361323,37.557232],[-83.361312,37.557264],[-83.361297,37.557298],[-83.361249,37.557373],[-83.361218,37.557413],[-83.361033,37.557608],[-83.360992,37.557626],[-83.360975,37.557628],[-83.360947,37.557621]]}},{"type":"Feature","properties":{"osm_id":16116515,"highway":"residential","name":"Tincher Lane","alt_name":null,"official_name":null,"surface":null,"tracktype":null,"service":null,"access":null,"motor_vehicle":null,"foot":null,"tiger_reviewed":"no","rrgh_part":0,"rrgh_tile_part":0},"geometry":{"type":"LineString","coordinates":[[-83.360947,37.557621],[-83.360903,37.557709],[-83.360881,37.557752],[-83.360752,37.557909],[-83.360687,37.55801],[-83.360586,37.558143],[-83.360518,37.558212],[-83.360479,37.558241],[-83.360439,37.558261],[-83.360278,37.558399],[-83.360074,37.558543],[-83.35998,37.558602],[-83.35966,37.558846],[-83.359632,37.558879],[-83.35961,37.558922],[-83.359576,37.559028],[-83.359538,37.559085],[-83.359522,37.559105],[-83.359413,37.559182],[-83.359299,37.559227],[-83.359192,37.559257],[-83.358764,37.559343],[-83.358294,37.559524],[-83.358173,37.55958],[-83.35803,37.559638],[-83.357705,37.559731]]}},{"type":"Feature","properties":{"osm_id":16110241,"highway":"residential","name":"Stewart Lane","alt_name":null,"official_name":null,"surface":null,"tracktype":null,"service":null,"access":null,"motor_vehicle":null,"foot":null,"tiger_reviewed":"no","rrgh_part":0,"rrgh_tile_part":0},"geometry":{"type":"LineString","coordinates":[[-83.360947,37.557621],[-83.360941,37.557615],[-83.360927,37.557587],[-83.360927,37.557565],[-83.36097,37.557442],[-83.360979,37.557372],[-83.360959,37.557295],[-83.360918,37.55721],[-83.360769,37.557052],[-83.360551,37.556851],[-83.360463,37.556785],[-83.360343,37.556708],[-83.360283,37.556673],[-83.360251,37.55667],[-83.360223,37.556679],[-83.360205,37.556696],[-83.360192,37.556736],[-83.360191,37.556764],[-83.360252,37.556973],[-83.360267,37.557011],[-83.360343,37.557149],[-83.360364,37.55722],[-83.360369,37.557295],[-83.360365,37.557349],[-83.360354,37.557387],[-83.360335,37.557423],[-83.360304,37.557455],[-83.360165,37.55756],[-83.360033,37.557635],[-83.359954,37.557671],[-83.359872,37.557725],[-83.35979,37.557788],[-83.359707,37.557836],[-83.359546,37.557953],[-83.359476,37.557985],[-83.359423,37.558001],[-83.35937,37.558008],[-83.359318,37.558008],[-83.359267,37.558001],[-83.359161,37.557972],[-83.359104,37.557934],[-83.359022,37.557828],[-83.358971,37.557808],[-83.358908,37.557804],[-83.358433,37.557886],[-83.358375,37.557911],[-83.358271,37.557987],[-83.358177,37.558046],[-83.358091,37.558123],[-83.357987,37.558286],[-83.357957,37.558315],[-83.357923,37.558335],[-83.357869,37.558344],[-83.357811,37.558345],[-83.357762,37.558338],[-83.357673,37.558312],[-83.357444,37.558189],[-83.357297,37.558119],[-83.357252,37.558089],[-83.357193,37.558065],[-83.357119,37.558018],[-83.357018,37.557923],[-83.356942,37.55789],[-83.356877,37.557883],[-83.356817,37.557891],[-83.356779,37.557909],[-83.356739,37.557933],[-83.356672,37.557999],[-83.356582,37.558111],[-83.356496,37.558326],[-83.356426,37.558417],[-83.356258,37.558603],[-83.356176,37.558658],[-83.35613,37.558677],[-83.356081,37.558675],[-83.356,37.558646],[-83.355772,37.55843],[-83.355638,37.558353],[-83.355549,37.558291],[-83.355442,37.558205],[-83.355388,37.558177],[-83.355332,37.558163],[-83.35522,37.558149],[-83.355166,37.55815],[-83.355108,37.558163],[-83.354991,37.5582],[-83.354938,37.558229],[-83.354894,37.558259],[-83.354825,37.558325],[-83.354701,37.558491],[-83.354559,37.558709],[-83.354397,37.558906],[-83.354282,37.55907],[-83.354185,37.559188],[-83.354099,37.559282],[-83.353944,37.559433],[-83.353849,37.559535],[-83.353718,37.559711],[-83.353702,37.559748],[-83.353695,37.559773],[-83.353692,37.559852],[-83.353722,37.560044],[-83.353722,37.560107],[-83.353709,37.56017],[-83.353685,37.560231],[-83.353668,37.560264],[-83.353351,37.560706],[-83.353087,37.561017],[-83.353032,37.561092]]}},{"type":"Feature","properties":{"osm_id":16111918,"highway":"residential","name":"Mountain View Road","alt_name":null,"official_name":null,"surface":null,"tracktype":null,"service":null,"access":null,"motor_vehicle":null,"foot":null,"tiger_reviewed":"no","rrgh_part":0,"rrgh_tile_part":0},"geometry":{"type":"LineString","coordinates":[[-83.353702,37.559748],[-83.353629,37.559742],[-83.353577,37.55973],[-83.353548,37.559714],[-83.353491,37.559668],[-83.353459,37.559627],[-83.353383,37.559552],[-83.353305,37.559492],[-83.353129,37.559405],[-83.352979,37.559354],[-83.352839,37.559312],[-83.352681,37.559275],[-83.352221,37.559232],[-83.352161,37.559234],[-83.352058,37.559249],[-83.351969,37.559283],[-83.351767,37.559403],[-83.351568,37.559576],[-83.351499,37.559656],[-83.351371,37.559845],[-83.351342,37.559903],[-83.351265,37.559983],[-83.350901,37.560193],[-83.350593,37.560289],[-83.350532,37.560316],[-83.350471,37.560356],[-83.350283,37.560463],[-83.350179,37.560544],[-83.350043,37.56067],[-83.349915,37.560805],[-83.349812,37.560898],[-83.349758,37.560926],[-83.349592,37.560983],[-83.349334,37.561037],[-83.349237,37.561052],[-83.349022,37.561049],[-83.348776,37.561063],[-83.348675,37.561047],[-83.348626,37.561034],[-83.348481,37.560982],[-83.348126,37.560823],[-83.347966,37.560773],[-83.347862,37.560756],[-83.347813,37.56076],[-83.34777,37.560771],[-83.347731,37.560793],[-83.347665,37.560841],[-83.347596,37.560902],[-83.347488,37.561026],[-83.347446,37.561061],[-83.347337,37.561111],[-83.347275,37.561125],[-83.347155,37.561139],[-83.346941,37.561184],[-83.346889,37.5612],[-83.346758,37.561256],[-83.346711,37.561265],[-83.346659,37.561266],[-83.346609,37.561262],[-83.346564,37.561249],[-83.346397,37.561161],[-83.346344,37.56114],[-83.346287,37.561129],[-83.346226,37.561132],[-83.346171,37.561147],[-83.346088,37.561188],[-83.346017,37.561243],[-83.345977,37.561253],[-83.345935,37.561256],[-83.345889,37.561252],[-83.345782,37.561221],[-83.345708,37.561186],[-83.345583,37.561111],[-83.345327,37.560921],[-83.345173,37.560838],[-83.34514,37.560812],[-83.345089,37.56075],[-83.345074,37.560724],[-83.345072,37.560695]]}},{"type":"Feature","properties":{"osm_id":16112321,"highway":"residential","name":"Debbie Branch Road","alt_name":null,"official_name":null,"surface":null,"tracktype":null,"service":null,"access":null,"motor_vehicle":null,"foot":null,"tiger_reviewed":"no","rrgh_part":0,"rrgh_tile_part":0},"geometry":{"type":"LineString","coordinates":[[-83.338871,37.561275],[-83.3389,37.561266],[-83.339088,37.561192],[-83.3392,37.561156],[-83.339314,37.56113],[-83.339419,37.561121]]}},{"type":"Feature","properties":{"osm_id":16107002,"highway":"residential","name":"Roark Branch Road","alt_name":null,"official_name":null,"surface":null,"tracktype":null,"service":null,"access":null,"motor_vehicle":null,"foot":null,"tiger_reviewed":"no","rrgh_part":0,"rrgh_tile_part":0},"geometry":{"type":"LineString","coordinates":[[-83.337093,37.559418],[-83.337135,37.559495],[-83.33719,37.559579],[-83.33723,37.559629],[-83.337336,37.559736],[-83.337909,37.560209],[-83.33811,37.560413],[-83.338206,37.560536],[-83.338308,37.560692],[-83.338504,37.561061],[-83.338579,37.56114],[-83.338664,37.561195],[-83.33877,37.561242],[-83.338871,37.561275],[-83.338921,37.561305],[-83.338949,37.561336],[-83.338959,37.561377],[-83.338956,37.561423],[-83.338928,37.561536],[-83.338827,37.561812],[-83.33877,37.562074],[-83.33875,37.562199],[-83.338803,37.562457],[-83.338865,37.562644],[-83.339152,37.563233],[-83.339201,37.563311],[-83.339297,37.563435],[-83.339425,37.563641],[-83.33948,37.563762],[-83.339634,37.564017],[-83.339731,37.564216],[-83.339802,37.564342],[-83.340116,37.564712],[-83.340169,37.564791],[-83.340591,37.565219]]}},{"type":"Feature","properties":{"osm_id":16114488,"highway":"residential","name":"Mountain View","alt_name":null,"official_name":null,"surface":null,"tracktype":null,"service":null,"access":null,"motor_vehicle":null,"foot":null,"tiger_reviewed":"no","rrgh_part":0,"rrgh_tile_part":0},"geometry":{"type":"LineString","coordinates":[[-83.345072,37.560695],[-83.345076,37.560662],[-83.345091,37.560636],[-83.345135,37.560585],[-83.345214,37.560545],[-83.345364,37.56051],[-83.345469,37.560494],[-83.345516,37.560479],[-83.345599,37.560431],[-83.345723,37.560341],[-83.345818,37.560235],[-83.34591,37.56011],[-83.345947,37.560041],[-83.345952,37.560003],[-83.345943,37.559915],[-83.345931,37.559869],[-83.345862,37.559695],[-83.345823,37.559639],[-83.345735,37.559604],[-83.345374,37.559502],[-83.345203,37.559429],[-83.345087,37.559339],[-83.345023,37.559268],[-83.345003,37.559223],[-83.344946,37.558976],[-83.344899,37.558882],[-83.344857,37.558824],[-83.344723,37.55868],[-83.344619,37.558599],[-83.344557,37.558562],[-83.344483,37.558532],[-83.343816,37.558315],[-83.343743,37.558279],[-83.343711,37.558249],[-83.343682,37.558211],[-83.343636,37.558107],[-83.343611,37.558068],[-83.34358,37.558035],[-83.343469,37.55795],[-83.343379,37.55791],[-83.343226,37.557872],[-83.343184,37.557857],[-83.343137,37.557831],[-83.343092,37.557802],[-83.343051,37.557767],[-83.342888,37.557617],[-83.342733,37.557509],[-83.34269,37.557458],[-83.342649,37.557434],[-83.34249,37.557403],[-83.342431,37.557383],[-83.342327,37.557314],[-83.342141,37.557156],[-83.342076,37.557107],[-83.34191,37.557006],[-83.341821,37.556958],[-83.341687,37.556854],[-83.341549,37.556692],[-83.341498,37.556642],[-83.341406,37.556562],[-83.341287,37.556482],[-83.341036,37.55636],[-83.340965,37.55634],[-83.340888,37.556326],[-83.340674,37.556306],[-83.340559,37.556289],[-83.340506,37.556274],[-83.340461,37.55625],[-83.340429,37.556218],[-83.340404,37.556182],[-83.34039,37.556147],[-83.340328,37.55586],[-83.340338,37.555782],[-83.340333,37.555704],[-83.340286,37.555614]]}},{"type":"Feature","properties":{"osm_id":16116702,"highway":"residential","name":"Hensley Cemetery 1 Road","alt_name":null,"official_name":null,"surface":null,"tracktype":null,"service":null,"access":null,"motor_vehicle":null,"foot":null,"tiger_reviewed":"no","rrgh_part":0,"rrgh_tile_part":0},"geometry":{"type":"LineString","coordinates":[[-83.345072,37.560695],[-83.344907,37.560614],[-83.344835,37.560585],[-83.344539,37.56044],[-83.344332,37.560314],[-83.344292,37.5603],[-83.344194,37.560281],[-83.343959,37.560256],[-83.343641,37.560196],[-83.343467,37.560146],[-83.343263,37.560056],[-83.343153,37.560015],[-83.343022,37.559984],[-83.342891,37.559969],[-83.342813,37.559968],[-83.34251,37.559984],[-83.342436,37.559983],[-83.342373,37.559972],[-83.342333,37.55996],[-83.342224,37.559905],[-83.342123,37.559875],[-83.342004,37.559854],[-83.341954,37.55984],[-83.341871,37.559805],[-83.341721,37.559732],[-83.341621,37.559676],[-83.341531,37.559608],[-83.34147,37.559577],[-83.341401,37.559553],[-83.341281,37.55952],[-83.340983,37.559454],[-83.34072,37.559421],[-83.340552,37.55939]]}},{"type":"Feature","properties":{"osm_id":16112711,"highway":"residential","name":"Kirk Road","alt_name":null,"official_name":null,"surface":null,"tracktype":null,"service":null,"access":null,"motor_vehicle":null,"foot":null,"tiger_reviewed":"no","rrgh_part":0,"rrgh_tile_part":0},"geometry":{"type":"LineString","coordinates":[[-83.34944,37.581024],[-83.349412,37.581043],[-83.349388,37.581056],[-83.349195,37.581137],[-83.349151,37.581167],[-83.349119,37.581205],[-83.349097,37.581252],[-83.349084,37.581304],[-83.349079,37.58136],[-83.349077,37.581464],[-83.349083,37.581516],[-83.349084,37.581568],[-83.349076,37.58162],[-83.349059,37.581671],[-83.349033,37.581721],[-83.348936,37.581872],[-83.348817,37.582027],[-83.348774,37.582074],[-83.34873,37.582116],[-83.348688,37.582152],[-83.348541,37.582258],[-83.348526,37.582266],[-83.348422,37.582321],[-83.348378,37.582341],[-83.348218,37.582401],[-83.34815,37.582417],[-83.347933,37.582486],[-83.347855,37.582515],[-83.347817,37.58253],[-83.347782,37.582548],[-83.347737,37.582584]]}},{"type":"Feature","properties":{"osm_id":1561834969,"highway":"residential","name":null,"alt_name":null,"official_name":null,"surface":null,"tracktype":null,"service":null,"access":null,"motor_vehicle":null,"foot":null,"tiger_reviewed":null,"rrgh_part":0,"rrgh_tile_part":0},"geometry":{"type":"LineString","coordinates":[[-83.3491939,37.5822688],[-83.3491612,37.582304],[-83.3491414,37.5823548],[-83.3491098,37.5823678],[-83.3490865,37.5823419],[-83.3490771,37.5822966],[-83.3491017,37.5822484],[-83.3491402,37.5821865],[-83.3491857,37.5821235],[-83.3492919,37.582007],[-83.3493958,37.5819367],[-83.3495487,37.5818432],[-83.3496596,37.5817766],[-83.3497484,37.5817248],[-83.3498114,37.5816609],[-83.3498103,37.5816353],[-83.3497741,37.5816288],[-83.3497063,37.5816464],[-83.34939,37.5817648],[-83.349272,37.5818231],[-83.3491973,37.5818888],[-83.348997,37.582057],[-83.3489106,37.5821255],[-83.3488137,37.5821847],[-83.3486899,37.5822356],[-83.348621,37.5822559],[-83.348526,37.582266]]}},{"type":"Feature","properties":{"osm_id":16105021,"highway":"residential","name":null,"alt_name":null,"official_name":null,"surface":null,"tracktype":null,"service":null,"access":null,"motor_vehicle":null,"foot":null,"tiger_reviewed":"no","rrgh_part":0,"rrgh_tile_part":0},"geometry":{"type":"LineString","coordinates":[[-83.355127,37.577838],[-83.355092,37.577874],[-83.355038,37.577925],[-83.355004,37.577965],[-83.354911,37.578055],[-83.354692,37.578289],[-83.354494,37.578478],[-83.354405,37.578577],[-83.354092,37.578905],[-83.353997,37.578996]]}},{"type":"Feature","properties":{"osm_id":16105023,"highway":"residential","name":null,"alt_name":null,"official_name":null,"surface":null,"tracktype":null,"service":null,"access":null,"motor_vehicle":null,"foot":null,"tiger_reviewed":"no","rrgh_part":0,"rrgh_tile_part":0},"geometry":{"type":"LineString","coordinates":[[-83.351749,37.578853],[-83.351771,37.578848],[-83.351836,37.578822],[-83.351862,37.578803],[-83.351977,37.578692],[-83.351999,37.578676],[-83.352025,37.578663],[-83.352052,37.578655],[-83.352074,37.578653],[-83.352102,37.578661],[-83.352129,37.578674]]}},{"type":"Feature","properties":{"osm_id":16114902,"highway":"residential","name":"Estill Drive","alt_name":null,"official_name":null,"surface":null,"tracktype":null,"service":null,"access":null,"motor_vehicle":null,"foot":null,"tiger_reviewed":"no","rrgh_part":0,"rrgh_tile_part":0},"geometry":{"type":"LineString","coordinates":[[-83.353997,37.578996],[-83.35389,37.579107],[-83.353839,37.579161]]}},{"type":"Feature","properties":{"osm_id":16115668,"highway":"residential","name":"McIntosh Cemetery 2 Road","alt_name":null,"official_name":null,"surface":null,"tracktype":null,"service":null,"access":null,"motor_vehicle":null,"foot":null,"tiger_reviewed":"no","rrgh_part":0,"rrgh_tile_part":0},"geometry":{"type":"LineString","coordinates":[[-83.352129,37.578674],[-83.352144,37.578773]]}},{"type":"Feature","properties":{"osm_id":16111381,"highway":"residential","name":"Carpenter Branch Road","alt_name":null,"official_name":null,"surface":null,"tracktype":null,"service":null,"access":null,"motor_vehicle":null,"foot":null,"tiger_reviewed":"no","rrgh_part":0,"rrgh_tile_part":0},"geometry":{"type":"LineString","coordinates":[[-83.33500000000001,37.574607125],[-83.335118,37.574585],[-83.335256,37.574573],[-83.335332,37.574571],[-83.335668,37.574528],[-83.33575,37.57452],[-83.335957,37.574508],[-83.335995,37.574501],[-83.336016,37.574488],[-83.336029,37.574473],[-83.336034,37.574458]]}},{"type":"Feature","properties":{"osm_id":16115634,"highway":"residential","name":"Tower Road","alt_name":null,"official_name":null,"surface":null,"tracktype":null,"service":null,"access":null,"motor_vehicle":null,"foot":null,"tiger_reviewed":"no","rrgh_part":0,"rrgh_tile_part":0},"geometry":{"type":"LineString","coordinates":[[-83.345857,37.583429],[-83.345824,37.583372],[-83.3458,37.583326],[-83.345798,37.583271],[-83.345823,37.583147],[-83.345827,37.583108],[-83.345824,37.58303],[-83.345807,37.582959],[-83.345792,37.582925],[-83.345732,37.582816],[-83.345632,37.582642],[-83.345547,37.582504],[-83.345505,37.582419],[-83.345484,37.582366],[-83.34546,37.582276],[-83.345461,37.582228],[-83.345468,37.582182],[-83.345499,37.582081],[-83.345521,37.582041],[-83.3456,37.581854],[-83.345647,37.58176],[-83.345677,37.581715],[-83.345715,37.581674],[-83.345755,37.581639],[-83.345834,37.581583]]}},{"type":"Feature","properties":{"osm_id":16105095,"highway":"residential","name":null,"alt_name":null,"official_name":null,"surface":null,"tracktype":null,"service":null,"access":null,"motor_vehicle":null,"foot":null,"tiger_reviewed":"no","rrgh_part":0,"rrgh_tile_part":0},"geometry":{"type":"LineString","coordinates":[[-83.359455,37.586325],[-83.359424,37.586391],[-83.359382,37.586498],[-83.359369,37.586557],[-83.359365,37.586614],[-83.359365,37.586718]]}},{"type":"Feature","properties":{"osm_id":1561834952,"highway":"residential","name":null,"alt_name":null,"official_name":null,"surface":null,"tracktype":null,"service":null,"access":null,"motor_vehicle":null,"foot":null,"tiger_reviewed":null,"rrgh_part":0,"rrgh_tile_part":0},"geometry":{"type":"LineString","coordinates":[[-83.3596721,37.5876065],[-83.3596332,37.5874928],[-83.3595876,37.5873685],[-83.3594938,37.587225],[-83.3594307,37.5871271],[-83.359373,37.5870144],[-83.3593569,37.5869071],[-83.359359,37.5868778],[-83.3593623,37.5868327],[-83.359365,37.586718]]}},{"type":"Feature","properties":{"osm_id":1561834953,"highway":"residential","name":null,"alt_name":null,"official_name":null,"surface":null,"tracktype":null,"service":null,"access":null,"motor_vehicle":null,"foot":null,"tiger_reviewed":null,"rrgh_part":0,"rrgh_tile_part":0},"geometry":{"type":"LineString","coordinates":[[-83.359359,37.5868778],[-83.3591462,37.5868536],[-83.3588921,37.586819],[-83.3586986,37.5867963]]}},{"type":"Feature","properties":{"osm_id":1561834953,"highway":"residential","name":null,"alt_name":null,"official_name":null,"surface":null,"tracktype":null,"service":null,"access":null,"motor_vehicle":null,"foot":null,"tiger_reviewed":null,"rrgh_part":1,"rrgh_tile_part":0},"geometry":{"type":"LineString","coordinates":[[-83.3586986,37.5867963],[-83.3585277,37.5867763],[-83.3583448,37.5867658],[-83.3582116,37.5867586],[-83.358171,37.5868053],[-83.3581669,37.586852],[-83.3582065,37.5868907],[-83.3582756,37.5869213],[-83.3583732,37.5869124],[-83.3584372,37.5868907],[-83.3585145,37.58686],[-83.3586171,37.5868238],[-83.3586986,37.5867963]]}},{"type":"Feature","properties":{"osm_id":1561834954,"highway":"residential","name":null,"alt_name":null,"official_name":null,"surface":null,"tracktype":null,"service":null,"access":null,"motor_vehicle":null,"foot":null,"tiger_reviewed":null,"rrgh_part":0,"rrgh_tile_part":0},"geometry":{"type":"LineString","coordinates":[[-83.3582116,37.5867586],[-83.3581191,37.5867666],[-83.3580337,37.5867723],[-83.3579616,37.5867666],[-83.3578965,37.5867489],[-83.3578173,37.5867417],[-83.357737,37.5867497],[-83.3575306,37.5867859],[-83.3573802,37.5867868],[-83.3571952,37.5867868],[-83.3570651,37.5867948],[-83.3568964,37.5868133]]}},{"type":"Feature","properties":{"osm_id":1561834980,"highway":"residential","name":null,"alt_name":null,"official_name":null,"surface":null,"tracktype":null,"service":null,"access":null,"motor_vehicle":null,"foot":null,"tiger_reviewed":null,"rrgh_part":0,"rrgh_tile_part":0},"geometry":{"type":"LineString","coordinates":[[-83.3522229,37.5832401],[-83.3521551,37.5832768],[-83.3520934,37.5833476],[-83.3520457,37.5834233],[-83.3519841,37.5834819],[-83.3518993,37.5835551],[-83.351833,37.583589]]}},{"type":"Feature","properties":{"osm_id":16112271,"highway":"residential","name":"Birch Lane","alt_name":null,"official_name":null,"surface":null,"tracktype":null,"service":null,"access":null,"motor_vehicle":null,"foot":null,"tiger_reviewed":"no","rrgh_part":0,"rrgh_tile_part":0},"geometry":{"type":"LineString","coordinates":[[-83.346436,37.588156],[-83.346563,37.588122],[-83.346889,37.58801],[-83.346955,37.587995],[-83.34748,37.587929],[-83.347633,37.587919],[-83.347706,37.587924],[-83.347973,37.587976],[-83.348102,37.588012],[-83.34822,37.588055],[-83.348315,37.588108],[-83.348357,37.588137],[-83.348392,37.588172],[-83.34842,37.588212],[-83.348443,37.588257],[-83.348458,37.588306],[-83.348469,37.588359],[-83.348489,37.588419],[-83.34851,37.588537],[-83.348535,37.588763],[-83.34855,37.589017],[-83.348542,37.589097],[-83.348544,37.589121],[-83.34852,37.58928],[-83.348516,37.589357],[-83.348526,37.589389],[-83.348543,37.589418],[-83.348566,37.589445],[-83.348597,37.589468],[-83.348637,37.589484],[-83.348686,37.589496],[-83.348777,37.589502],[-83.348802,37.589501],[-83.348992,37.589468],[-83.349143,37.589451],[-83.349266,37.589444],[-83.349405,37.589442],[-83.349497,37.589447],[-83.349575,37.589465],[-83.349644,37.589496],[-83.349696,37.589525],[-83.349734,37.589559],[-83.349779,37.589608],[-83.349796,37.589643],[-83.349813,37.589691],[-83.349827,37.58976],[-83.34983,37.589793],[-83.349844,37.589842],[-83.349887,37.589918],[-83.349919,37.589961],[-83.349935,37.59],[-83.349943,37.59004],[-83.349945,37.59026],[-83.349898,37.590505],[-83.349881,37.590546],[-83.349854,37.590586],[-83.349804,37.590676],[-83.349771,37.590719],[-83.3497,37.590805],[-83.34962,37.590878],[-83.349528,37.590946],[-83.349375,37.591051],[-83.349069,37.591239],[-83.349032,37.591267],[-83.349003,37.591294],[-83.348984,37.591318]]}},{"type":"Feature","properties":{"osm_id":16114555,"highway":"residential","name":"Fugate Road","alt_name":null,"official_name":null,"surface":null,"tracktype":null,"service":null,"access":null,"motor_vehicle":null,"foot":null,"tiger_reviewed":"no","rrgh_part":0,"rrgh_tile_part":0},"geometry":{"type":"LineString","coordinates":[[-83.351833,37.583589],[-83.35177,37.583624],[-83.351703,37.583655],[-83.35163,37.583684],[-83.351475,37.583727],[-83.351396,37.583742],[-83.351322,37.583751],[-83.351252,37.583755],[-83.35101,37.583741],[-83.350958,37.583746],[-83.35091,37.583759],[-83.350862,37.583783],[-83.350815,37.583817],[-83.350766,37.583861],[-83.350618,37.58403],[-83.350564,37.584086],[-83.350449,37.584193],[-83.350388,37.584239],[-83.350323,37.584277],[-83.350263,37.58432],[-83.350211,37.584366],[-83.350153,37.584401],[-83.35009,37.584424],[-83.350026,37.584439],[-83.34996,37.584447],[-83.349688,37.584442],[-83.349618,37.584459],[-83.349557,37.584485],[-83.349502,37.584495],[-83.349443,37.584502],[-83.349301,37.584509],[-83.349231,37.584526],[-83.349151,37.584532],[-83.348771,37.584497],[-83.348581,37.584469],[-83.348493,37.584447],[-83.348413,37.584421],[-83.348343,37.584387],[-83.348281,37.584349],[-83.348228,37.584307],[-83.348183,37.584259],[-83.348102,37.584156],[-83.348031,37.584054],[-83.347992,37.58401],[-83.3479767,37.5839999],[-83.347945,37.583979],[-83.347898,37.583958],[-83.347849,37.583946],[-83.347799,37.583942],[-83.347747,37.583946],[-83.347687,37.583965],[-83.347621,37.583994],[-83.347559,37.58403],[-83.34745,37.584133],[-83.347382,37.584182],[-83.347312,37.584226],[-83.347238,37.584266],[-83.347077,37.58433],[-83.346999,37.584376],[-83.346917,37.584417],[-83.346834,37.584452],[-83.346748,37.58448],[-83.346592,37.584521],[-83.346512,37.584538],[-83.346446,37.584548],[-83.346366,37.584551],[-83.346174,37.584519],[-83.346093,37.5845],[-83.346017,37.584478],[-83.345948,37.584452],[-83.345888,37.584419],[-83.345836,37.584379],[-83.345796,37.584333],[-83.345768,37.584283],[-83.345752,37.584229],[-83.345744,37.584173],[-83.345742,37.584117],[-83.345735,37.584056],[-83.34575,37.583842],[-83.345761,37.583769],[-83.345771,37.583738],[-83.345772,37.58371],[-83.34576,37.583598]]}},{"type":"Feature","properties":{"osm_id":1561834986,"highway":"residential","name":null,"alt_name":null,"official_name":null,"surface":null,"tracktype":null,"service":null,"access":null,"motor_vehicle":null,"foot":null,"tiger_reviewed":null,"rrgh_part":0,"rrgh_tile_part":0},"geometry":{"type":"LineString","coordinates":[[-83.347969,37.593412],[-83.3481543,37.5933673],[-83.3484378,37.5933246],[-83.3486612,37.59331],[-83.3487259,37.5933527]]}},{"type":"Feature","properties":{"osm_id":16115638,"highway":"residential","name":"Tower Road","alt_name":null,"official_name":null,"surface":null,"tracktype":null,"service":null,"access":null,"motor_vehicle":null,"foot":null,"tiger_reviewed":"no","rrgh_part":0,"rrgh_tile_part":0},"geometry":{"type":"LineString","coordinates":[[-83.345505,37.582419],[-83.34545,37.582407],[-83.34543,37.582405],[-83.345393,37.582415],[-83.345377,37.582427],[-83.345363,37.582445],[-83.345348,37.582485],[-83.345338,37.582545],[-83.345333,37.582625],[-83.345326,37.582672],[-83.3453,37.582773],[-83.345252,37.582876],[-83.345221,37.582925],[-83.345187,37.582971],[-83.345145,37.583007],[-83.3451,37.58304],[-83.344999,37.583094],[-83.344888,37.583135],[-83.344719,37.583176],[-83.344666,37.583181],[-83.344534,37.583183]]}},{"type":"Feature","properties":{"osm_id":1561834973,"highway":"residential","name":null,"alt_name":null,"official_name":null,"surface":null,"tracktype":null,"service":null,"access":null,"motor_vehicle":null,"foot":null,"tiger_reviewed":null,"rrgh_part":0,"rrgh_tile_part":0},"geometry":{"type":"LineString","coordinates":[[-83.3470939,37.584989],[-83.3470216,37.5850241],[-83.3469573,37.5850611],[-83.346885,37.585087],[-83.3468453,37.5850759],[-83.3468604,37.5850574],[-83.3468896,37.5850408],[-83.3469433,37.5850149],[-83.3469807,37.5849797],[-83.3470484,37.5849335],[-83.3471114,37.5848752],[-83.3472142,37.5847938],[-83.3472562,37.5847401],[-83.3473439,37.5846388],[-83.3474047,37.5845584],[-83.3474455,37.584476],[-83.3475727,37.5843126],[-83.3476276,37.5842174],[-83.3477058,37.584123],[-83.3478249,37.5840268],[-83.3479078,37.583987],[-83.3479767,37.5839999]]}},{"type":"Feature","properties":{"osm_id":1561834984,"highway":"residential","name":null,"alt_name":null,"official_name":null,"surface":null,"tracktype":null,"service":null,"access":null,"motor_vehicle":null,"foot":null,"tiger_reviewed":null,"rrgh_part":0,"rrgh_tile_part":0},"geometry":{"type":"LineString","coordinates":[[-83.3411351,37.5880997],[-83.3412204,37.5879841],[-83.3413298,37.5878767],[-83.3415516,37.5877094]]}},{"type":"Feature","properties":{"osm_id":16105036,"highway":"track","name":null,"alt_name":null,"official_name":null,"surface":null,"tracktype":null,"service":null,"access":null,"motor_vehicle":null,"foot":null,"tiger_reviewed":"no","rrgh_part":0,"rrgh_tile_part":0},"geometry":{"type":"LineString","coordinates":[[-83.345505,37.582419],[-83.345487,37.582646],[-83.345479,37.582696],[-83.345249,37.583182],[-83.344967,37.583409],[-83.34458,37.583634],[-83.344006,37.583699],[-83.343004,37.58364],[-83.342478,37.583725],[-83.342043,37.583986],[-83.341459,37.584566],[-83.34116,37.585179],[-83.341002,37.585808],[-83.340783,37.586557],[-83.340514,37.587035],[-83.339922,37.587359],[-83.339157,37.587368],[-83.338495,37.587306],[-83.337934,37.58751],[-83.337636,37.587812],[-83.337257,37.588145],[-83.336911,37.588199],[-83.336483,37.588252],[-83.336123,37.588737],[-83.336138,37.589295],[-83.336211,37.59025],[-83.33651,37.590775],[-83.33691,37.591203],[-83.337563,37.591614],[-83.337823,37.591965],[-83.337771,37.592279],[-83.337447,37.592717],[-83.336919,37.593114],[-83.33622,37.593535],[-83.335785,37.593722],[-83.335703,37.593869],[-83.336047,37.594184],[-83.33634,37.594668],[-83.336603,37.595122],[-83.336683,37.595631],[-83.336571,37.595906],[-83.336297,37.596197],[-83.335923,37.596287],[-83.33500000000001,37.59642549946409]]}},{"type":"Feature","properties":{"osm_id":16105702,"highway":"residential","name":null,"alt_name":null,"official_name":null,"surface":null,"tracktype":null,"service":null,"access":null,"motor_vehicle":null,"foot":null,"tiger_reviewed":"no","rrgh_part":0,"rrgh_tile_part":0},"geometry":{"type":"LineString","coordinates":[[-83.346766,37.589714],[-83.346751,37.589693],[-83.346692,37.58962],[-83.34666,37.58955],[-83.346608,37.589469],[-83.34657,37.589441],[-83.346528,37.589421],[-83.345951,37.589253],[-83.345816,37.589205],[-83.345752,37.589178],[-83.345691,37.589146],[-83.345632,37.589112],[-83.345578,37.589073],[-83.345181,37.588773],[-83.345042,37.588656],[-83.344957,37.58858],[-83.344867,37.588509],[-83.344721,37.588422],[-83.34457,37.58835],[-83.344513,37.588314],[-83.344416,37.588284],[-83.34432,37.588265],[-83.344159,37.588239],[-83.343892,37.58822],[-83.343716,37.588217],[-83.343523,37.588223],[-83.343429,37.58822],[-83.343279,37.588204],[-83.343161,37.588202],[-83.343052,37.588219],[-83.342941,37.588277],[-83.342754,37.588347],[-83.342653,37.588365],[-83.342544,37.588369],[-83.342399,37.588362],[-83.3423768,37.5883563],[-83.342227,37.588318],[-83.34214,37.588273],[-83.34204,37.588242],[-83.341742,37.588196],[-83.341475,37.588147],[-83.341147,37.588101],[-83.3411351,37.5880997],[-83.340342,37.588011],[-83.340064,37.587968],[-83.339797,37.587914],[-83.339584,37.587885],[-83.339396,37.587866]]}},{"type":"Feature","properties":{"osm_id":1561834985,"highway":"residential","name":null,"alt_name":null,"official_name":null,"surface":null,"tracktype":null,"service":null,"access":null,"motor_vehicle":null,"foot":null,"tiger_reviewed":null,"rrgh_part":0,"rrgh_tile_part":0},"geometry":{"type":"LineString","coordinates":[[-83.3411896,37.5885383],[-83.3413822,37.5884992],[-83.3416518,37.5884882],[-83.3419414,37.5884602],[-83.3422433,37.5884138],[-83.3423768,37.5883563]]}},{"type":"Feature","properties":{"osm_id":1561834987,"highway":"residential","name":null,"alt_name":null,"official_name":null,"surface":null,"tracktype":null,"service":null,"access":null,"motor_vehicle":null,"foot":null,"tiger_reviewed":null,"rrgh_part":0,"rrgh_tile_part":0},"geometry":{"type":"LineString","coordinates":[[-83.3489916,37.595159],[-83.3488845,37.5952935],[-83.3488678,37.5953306],[-83.348846,37.595379],[-83.3489646,37.5954522],[-83.3491017,37.5955266],[-83.3492019,37.5955999],[-83.3492513,37.5956389]]}},{"type":"Feature","properties":{"osm_id":1561834988,"highway":"residential","name":null,"alt_name":null,"official_name":null,"surface":null,"tracktype":null,"service":null,"access":null,"motor_vehicle":null,"foot":null,"tiger_reviewed":null,"rrgh_part":0,"rrgh_tile_part":0},"geometry":{"type":"LineString","coordinates":[[-83.3488678,37.5953306],[-83.3487229,37.5953094],[-83.3485211,37.5952984],[-83.3483116,37.5953387],[-83.3480682,37.5954412],[-83.3478444,37.5955852],[-83.3477473,37.5956646],[-83.3476318,37.5956988],[-83.347176,37.5958237],[-83.3469064,37.5959152],[-83.346713,37.5960151],[-83.3464896,37.5960725],[-83.3462154,37.5961152],[-83.3457263,37.5962543]]}}],"rrgh_tile":{"id":"r2c7","bounds":[37.525000000000006,-83.42,37.6,-83.33500000000001]}}
