{"type":"FeatureCollection","features":[{"type":"Feature","properties":{"osm_id":16269033,"highway":"residential","name":"Spencer Ridge Road","alt_name":null,"official_name":null,"surface":"gravel","tracktype":null,"service":null,"access":null,"motor_vehicle":null,"foot":null,"tiger_reviewed":"no","rrgh_part":0,"rrgh_tile_part":0},"geometry":{"type":"LineString","coordinates":[[-83.84097810475266,37.6],[-83.84079,37.600272],[-83.840685,37.600409],[-83.840498,37.60061],[-83.840161,37.600915],[-83.840059,37.60103],[-83.839878,37.601274],[-83.839675,37.601491],[-83.839416,37.60173],[-83.839285,37.601897],[-83.839121,37.602142],[-83.838972,37.602342],[-83.838199,37.603221],[-83.838032,37.603426],[-83.837817,37.603623],[-83.837144,37.604169],[-83.836803,37.604363],[-83.836651,37.604485],[-83.836581,37.604583],[-83.836549,37.604706],[-83.836564,37.60486],[-83.836602,37.604978],[-83.836788,37.605328],[-83.8368438,37.6054209],[-83.837006,37.605964],[-83.837126,37.606586],[-83.837167,37.606931],[-83.837223,37.60757],[-83.837239,37.607897],[-83.837229,37.607985],[-83.837181,37.60816],[-83.837101,37.608332],[-83.836994,37.608496],[-83.83693,37.608575],[-83.836785,37.608719],[-83.836676,37.6087997]]}},{"type":"Feature","properties":{"osm_id":16269198,"highway":"residential","name":"Ross Creek Road","alt_name":null,"official_name":null,"surface":"gravel","tracktype":null,"service":null,"access":null,"motor_vehicle":null,"foot":null,"tiger_reviewed":"no","rrgh_part":0,"rrgh_tile_part":0},"geometry":{"type":"LineString","coordinates":[[-83.845,37.619272078125],[-83.844895,37.61934],[-83.844544,37.619555],[-83.843423,37.620096],[-83.8427,37.620464],[-83.842485,37.620548],[-83.842274,37.620616],[-83.841593,37.620808],[-83.840288,37.621207],[-83.838811,37.621576],[-83.83827,37.621679],[-83.838186,37.621689],[-83.838038,37.621685],[-83.837981,37.62167],[-83.837935,37.621647],[-83.8379,37.621615],[-83.837855,37.621524],[-83.837835,37.621412],[-83.83776,37.621182],[-83.837687,37.621082],[-83.837578,37.621036],[-83.837452,37.621066],[-83.837299,37.621136],[-83.837159,37.621241],[-83.837064,37.621329],[-83.836884,37.621471],[-83.836667,37.621575],[-83.836053,37.621794],[-83.835891,37.621863],[-83.835828,37.621909],[-83.835589,37.621976],[-83.83539,37.621997],[-83.834884,37.62201],[-83.834698,37.622027],[-83.834472,37.622096],[-83.834396,37.62213],[-83.834216,37.622179],[-83.834019,37.622198],[-83.833701,37.622199],[-83.833093,37.622148],[-83.832827,37.622174],[-83.832575,37.622226],[-83.832284,37.622249],[-83.832083,37.62224],[-83.831636,37.622179],[-83.831426,37.622141],[-83.830975,37.62202],[-83.830722,37.621938],[-83.830459,37.621838],[-83.830201,37.621719],[-83.829789,37.621548],[-83.829564,37.62144],[-83.829275,37.621258],[-83.828991,37.621047],[-83.828725,37.620837],[-83.828458,37.62061],[-83.828187,37.620358],[-83.828056,37.620218],[-83.827879,37.619994],[-83.827689,37.619705],[-83.82753,37.619491],[-83.826852,37.618662],[-83.826628,37.618365],[-83.826424,37.618023],[-83.826185,37.617501],[-83.826104,37.617257],[-83.826007,37.616803],[-83.825991,37.616615],[-83.826002,37.616525],[-83.826024,37.616436],[-83.826145,37.616097],[-83.826276,37.615799],[-83.826286,37.61567],[-83.826282,37.615569],[-83.826227,37.615485],[-83.826175,37.615432],[-83.826103,37.615313],[-83.82602,37.615143],[-83.826,37.615081],[-83.825971,37.614869],[-83.825976,37.614645],[-83.825945,37.614122],[-83.825965,37.613702],[-83.826048,37.613321],[-83.826237,37.612617],[-83.826461,37.612042],[-83.826635,37.61133],[-83.826772,37.610975],[-83.826892,37.610721],[-83.82698,37.61057],[-83.827054,37.610498],[-83.827287,37.610401],[-83.827428,37.610311],[-83.827497,37.610208],[-83.827525,37.610146],[-83.827547,37.61008],[-83.827563,37.609949],[-83.827534,37.609516],[-83.827535,37.609436],[-83.827564,37.609277],[-83.82767,37.608958],[-83.827975,37.608318],[-83.828143,37.60803],[-83.828319,37.607759],[-83.828468,37.60756],[-83.828653,37.607344],[-83.828706,37.607263],[-83.828781,37.607105],[-83.828877,37.60683],[-83.828983,37.606644],[-83.829434,37.60608],[-83.829607,37.605885],[-83.829743,37.60578],[-83.82997,37.605673],[-83.830118,37.605591],[-83.830236,37.605489],[-83.830321,37.605374],[-83.830373,37.605253],[-83.830437,37.605022],[-83.830461,37.604965],[-83.83054,37.604849],[-83.830706,37.604635],[-83.830802,37.604538],[-83.831051,37.604241],[-83.831366,37.603955],[-83.831414,37.603905],[-83.8315783,37.6037655],[-83.8317621,37.6036412],[-83.8318927,37.6035613],[-83.8321121,37.6033953],[-83.832191,37.603311],[-83.83228,37.603205],[-83.832316,37.603135],[-83.832343,37.602986],[-83.832336,37.602926],[-83.832315,37.602883],[-83.8322556,37.6027806]]}},{"type":"Feature","properties":{"osm_id":16268563,"highway":"track","name":null,"alt_name":null,"official_name":null,"surface":null,"tracktype":null,"service":null,"access":null,"motor_vehicle":null,"foot":null,"tiger_reviewed":"no","rrgh_part":0,"rrgh_tile_part":0},"geometry":{"type":"LineString","coordinates":[[-83.8368438,37.6054209],[-83.837381,37.605927],[-83.837784,37.60611],[-83.8385114,37.6066379],[-83.8388267,37.6068227],[-83.8389563,37.6070156],[-83.8391613,37.6072406],[-83.839424,37.6075947],[-83.839564,37.6077736],[-83.8397951,37.6079309],[-83.8399168,37.6081959],[-83.8400992,37.6086161],[-83.8407607,37.6090321],[-83.8410711,37.6090578],[-83.8420945,37.6094476],[-83.8428197,37.6098133],[-83.843231,37.6097657],[-83.843459,37.6098562],[-83.8444647,37.6101838],[-83.845,37.61021703453087]]}},{"type":"Feature","properties":{"osm_id":16268914,"highway":"residential","name":"Willow Creek Road","alt_name":null,"official_name":null,"surface":null,"tracktype":null,"service":null,"access":null,"motor_vehicle":null,"foot":null,"tiger_reviewed":"no","rrgh_part":0,"rrgh_tile_part":0},"geometry":{"type":"LineString","coordinates":[[-83.809513,37.600702],[-83.809157,37.600989],[-83.808981,37.601071],[-83.80879,37.601108],[-83.808449,37.601194],[-83.807898,37.601395],[-83.807566,37.601497],[-83.807405,37.601584],[-83.807287,37.601707],[-83.807166,37.601883],[-83.807037,37.602117],[-83.806915,37.602372],[-83.806795,37.60283],[-83.806756,37.603074],[-83.806741,37.603316],[-83.806702,37.603546],[-83.806631,37.603709],[-83.806503,37.603918],[-83.806465,37.604081],[-83.806422,37.604448],[-83.806425,37.605001],[-83.806478,37.605365],[-83.806588,37.605727],[-83.806596,37.606043],[-83.806546,37.606364],[-83.806482,37.606633],[-83.806167,37.607265],[-83.805969,37.607585],[-83.805758,37.607792],[-83.805563,37.607959],[-83.805479,37.608093],[-83.805433,37.608207],[-83.805177,37.608518],[-83.805032,37.608674],[-83.804843,37.608928],[-83.804697,37.609168],[-83.80455,37.609442],[-83.804308,37.609793],[-83.804181,37.609923],[-83.804054,37.610033],[-83.803852,37.61018],[-83.8037,37.610316],[-83.803614,37.610433],[-83.803462,37.610858],[-83.803421,37.611067],[-83.803407,37.611228],[-83.803358,37.611359],[-83.803019,37.611667],[-83.802729,37.611875],[-83.802344,37.612197],[-83.802208,37.612278],[-83.802036,37.612382],[-83.801701,37.612552],[-83.801395,37.612686],[-83.801077,37.612809],[-83.800641,37.612912],[-83.800035,37.612944],[-83.799883,37.612941],[-83.799766,37.61293],[-83.799616,37.612881],[-83.799507,37.61283],[-83.79913,37.61253],[-83.798931,37.612333],[-83.798732,37.612104],[-83.798403,37.611774],[-83.798266,37.611603],[-83.798198,37.611399],[-83.798089,37.611163],[-83.797945,37.610954],[-83.797761,37.610782],[-83.797499,37.610565],[-83.797252,37.610399],[-83.797046,37.610311],[-83.796759,37.610216],[-83.796614,37.610178],[-83.796572,37.610175],[-83.796174,37.610225],[-83.796,37.610261],[-83.79588,37.610297],[-83.795713,37.610365],[-83.79538,37.610577],[-83.795087,37.610673],[-83.794997,37.610694],[-83.794624,37.61074],[-83.794448,37.610719],[-83.794318,37.610675],[-83.794203,37.610617],[-83.793981,37.610558]]}},{"type":"Feature","properties":{"osm_id":16269129,"highway":"residential","name":"New Yellow Rock Road","alt_name":null,"official_name":null,"surface":null,"tracktype":null,"service":null,"access":null,"motor_vehicle":null,"foot":null,"tiger_reviewed":"no","rrgh_part":0,"rrgh_tile_part":0},"geometry":{"type":"LineString","coordinates":[[-83.78891562931035,37.6],[-83.788864,37.600113],[-83.788832,37.600233],[-83.788803,37.600481],[-83.788817,37.601191],[-83.788812,37.6013262],[-83.7888,37.601652],[-83.788771,37.601753],[-83.788717,37.601812],[-83.788655,37.601846],[-83.788546,37.601866]]}},{"type":"Feature","properties":{"osm_id":895928998,"highway":"service","name":null,"alt_name":null,"official_name":null,"surface":null,"tracktype":null,"service":null,"access":null,"motor_vehicle":null,"foot":null,"tiger_reviewed":null,"rrgh_part":0,"rrgh_tile_part":0},"geometry":{"type":"LineString","coordinates":[[-83.8301831,37.6037509],[-83.8311047,37.6036984],[-83.8308338,37.6041484],[-83.830756,37.6043206],[-83.8307797,37.6044614],[-83.830802,37.604538]]}},{"type":"Feature","properties":{"osm_id":16159892,"highway":"track","name":null,"alt_name":null,"official_name":null,"surface":null,"tracktype":null,"service":null,"access":null,"motor_vehicle":null,"foot":null,"tiger_reviewed":"no","rrgh_part":0,"rrgh_tile_part":0},"geometry":{"type":"LineString","coordinates":[[-83.845,37.66626657100768],[-83.8448173,37.6663546],[-83.8438335,37.6664949],[-83.843153,37.666262],[-83.842631,37.666018],[-83.8421166,37.6656664],[-83.8416911,37.6653239],[-83.8410902,37.6646018],[-83.8407378,37.6637388],[-83.840327,37.66257],[-83.839745,37.661827],[-83.838816,37.661334],[-83.838267,37.661226],[-83.837601,37.66121],[-83.8366055,37.6610544],[-83.8363427,37.6610416],[-83.8358314,37.6610534],[-83.8352155,37.6610768],[-83.8330355,37.6614769],[-83.8325202,37.6614025],[-83.8309294,37.661021],[-83.8306421,37.6608319],[-83.8294817,37.6601009],[-83.8290194,37.6599752],[-83.8285968,37.6599162],[-83.8284116,37.6599563],[-83.827033,37.660424],[-83.826537,37.660314],[-83.825881,37.660197],[-83.82434,37.659701],[-83.822857,37.659042],[-83.822658,37.658896],[-83.822498,37.658837]]}},{"type":"Feature","properties":{"osm_id":16161255,"highway":"residential","name":"Old Landing Road","alt_name":null,"official_name":null,"surface":"gravel","tracktype":null,"service":null,"access":null,"motor_vehicle":null,"foot":null,"tiger_reviewed":"no","rrgh_part":0,"rrgh_tile_part":0},"geometry":{"type":"LineString","coordinates":[[-83.845,37.63217955645162],[-83.844879,37.632202],[-83.844488,37.6324],[-83.844121,37.632603],[-83.843775,37.632777],[-83.843401,37.632947],[-83.842637,37.633336],[-83.841813,37.633769],[-83.84144,37.633946],[-83.841338,37.634001],[-83.841197,37.634099],[-83.840997,37.634216],[-83.840572,37.634409],[-83.840061,37.634584],[-83.839635,37.634744],[-83.839333,37.634873],[-83.838802,37.635142],[-83.838381,37.63539],[-83.838015,37.635572],[-83.837901,37.635613],[-83.837662,37.635674],[-83.837499,37.635729],[-83.837229,37.63585],[-83.836936,37.635963],[-83.836351,37.636122],[-83.836034,37.636254],[-83.835697,37.63633],[-83.835592,37.636363],[-83.835318,37.636487],[-83.835157,37.636549],[-83.834763,37.636653],[-83.834074,37.636863],[-83.833254,37.637028],[-83.832832,37.63709],[-83.832602,37.63711],[-83.832241,37.637093],[-83.831929,37.637092],[-83.83161,37.637115],[-83.83102,37.637122],[-83.83082,37.637112],[-83.830698,37.637092],[-83.830205,37.636958],[-83.829889,37.636889],[-83.829268,37.636601],[-83.828628,37.636386],[-83.82774,37.636198],[-83.827218,37.636057],[-83.82704,37.636022],[-83.826688,37.635989],[-83.826441,37.635954],[-83.826266,37.635919],[-83.826095,37.635899],[-83.825923,37.635891],[-83.825739,37.635858],[-83.825563,37.635849],[-83.825222,37.635787],[-83.825045,37.635764],[-83.82488,37.635755],[-83.824617,37.635774],[-83.824534,37.635772],[-83.8244,37.635728],[-83.82376,37.63563],[-83.823074,37.635475],[-83.822347,37.635328],[-83.821951,37.635267],[-83.821706,37.635217],[-83.821523,37.635197],[-83.821258,37.635197],[-83.820586,37.635261],[-83.819934,37.635276],[-83.819488,37.635255],[-83.819148,37.635189],[-83.818964,37.635169],[-83.818444,37.635168],[-83.818127,37.635176],[-83.817894,37.635192],[-83.817411,37.635175],[-83.817276,37.635186],[-83.817173,37.635203],[-83.817091,37.635234],[-83.816672,37.635476],[-83.816563,37.635507],[-83.816489,37.635508],[-83.816325,37.635484],[-83.816147,37.635433],[-83.815976,37.635365],[-83.815908,37.635362],[-83.815823,37.635375],[-83.815598,37.635471],[-83.815476,37.635511],[-83.815189,37.635579],[-83.814997,37.635602],[-83.814538,37.635607],[-83.814446,37.635621],[-83.81435,37.635649],[-83.814136,37.635762],[-83.81395,37.635844],[-83.813877,37.635856],[-83.813758,37.635857],[-83.813421,37.635845],[-83.813295,37.635852],[-83.813192,37.63587],[-83.812754,37.636004],[-83.812355,37.636241],[-83.812271,37.636263],[-83.812156,37.636257],[-83.811913,37.636261],[-83.811836,37.636288],[-83.811464,37.63647],[-83.811,37.636634],[-83.810809,37.63672],[-83.810747,37.636762],[-83.810448,37.637001],[-83.810265,37.637178],[-83.809721,37.637778],[-83.80955,37.638034],[-83.809435,37.638366],[-83.809275,37.638743],[-83.809227,37.638889],[-83.809139,37.639076],[-83.809061,37.63921],[-83.808902,37.639527],[-83.808854,37.639681],[-83.80884,37.639833],[-83.808839,37.639991],[-83.808893,37.64039],[-83.808897,37.640544],[-83.808856,37.640853],[-83.808845,37.641152],[-83.808811,37.641443],[-83.808814,37.641581],[-83.808838,37.641709],[-83.8088485,37.6417326],[-83.808891,37.641828],[-83.808973,37.641942],[-83.809069,37.642048],[-83.809186,37.642149],[-83.809426,37.642325],[-83.810042,37.642621],[-83.810349,37.64275],[-83.811014,37.642872],[-83.811199,37.642925],[-83.811339,37.64294],[-83.811776,37.642957],[-83.812156,37.64295],[-83.813188,37.642826],[-83.813963,37.642675],[-83.814489,37.642557],[-83.815426,37.642326],[-83.815824,37.642212],[-83.816503,37.641984],[-83.817302,37.64176],[-83.817489,37.641684],[-83.817785,37.641604],[-83.818679,37.641457],[-83.819105,37.641401],[-83.819784,37.641334],[-83.820465,37.641281],[-83.821408,37.641193],[-83.821844,37.641181],[-83.822038,37.641187],[-83.822474,37.6412224],[-83.8231583,37.6412331],[-83.8243329,37.6412907],[-83.8248808,37.6413549],[-83.8254246,37.6414326],[-83.825856,37.641459],[-83.827425,37.641574],[-83.828351,37.64168],[-83.828707,37.6417],[-83.829105,37.641703],[-83.829653,37.641721],[-83.830489,37.641812],[-83.831233,37.641869],[-83.831445,37.64187],[-83.8316,37.641851],[-83.831983,37.641772],[-83.83214,37.641705],[-83.832395,37.641563],[-83.832497,37.641531],[-83.832634,37.641522],[-83.832934,37.641531],[-83.833238,37.641508],[-83.833573,37.641499],[-83.834103,37.641504],[-83.834508,37.641462],[-83.834692,37.641411],[-83.834777,37.641372],[-83.834857,37.641326],[-83.834999,37.6412],[-83.835061,37.641168],[-83.835137,37.641137],[-83.835252,37.641114],[-83.835449,37.641123],[-83.835987,37.64119],[-83.836235,37.641244],[-83.836507,37.641288],[-83.836744,37.641305],[-83.836932,37.641299],[-83.8373996,37.6412388],[-83.83844,37.641105],[-83.838753,37.64105],[-83.839246,37.641007],[-83.839587,37.640958],[-83.839849,37.640932],[-83.840337,37.640907],[-83.840624,37.640881],[-83.841074,37.640825],[-83.841353,37.640806],[-83.841689,37.64077],[-83.841928,37.640711],[-83.842174,37.640619],[-83.842517,37.640537],[-83.842863,37.640486],[-83.843165,37.640424],[-83.843759,37.640383],[-83.844097,37.640329],[-83.844658,37.640293],[-83.845,37.64024324309392]]}},{"type":"Feature","properties":{"osm_id":16269002,"highway":"residential","name":"Evelyn Road","alt_name":null,"official_name":null,"surface":null,"tracktype":null,"service":null,"access":null,"motor_vehicle":null,"foot":null,"tiger_reviewed":"no","rrgh_part":0,"rrgh_tile_part":0},"geometry":{"type":"LineString","coordinates":[[-83.845,37.62292994339622],[-83.844658,37.623059],[-83.844268,37.623161],[-83.84403,37.623243],[-83.843635,37.623356],[-83.843079,37.623536],[-83.842671,37.623652],[-83.84211,37.62387],[-83.841021,37.62417],[-83.840317,37.624408],[-83.839164,37.624722],[-83.838307,37.624928],[-83.837828,37.625064],[-83.837715,37.625104],[-83.83718,37.625326],[-83.836995,37.625428],[-83.836709,37.625631],[-83.836565,37.625711],[-83.836147,37.625863],[-83.83594,37.625979],[-83.835755,37.62608],[-83.835601,37.626146],[-83.835437,37.626186],[-83.835298,37.626197],[-83.835172,37.626187],[-83.835117,37.626167],[-83.834874,37.626012],[-83.834761,37.625966],[-83.834633,37.62594],[-83.833888,37.626012],[-83.83312,37.626047],[-83.83219,37.626059],[-83.832005,37.626054],[-83.831824,37.626031],[-83.831387,37.62589],[-83.830723,37.625731],[-83.830372,37.62558],[-83.830055,37.625417],[-83.829919,37.625369],[-83.829263,37.625264],[-83.829043,37.625217],[-83.82872,37.625118],[-83.828485,37.625026],[-83.827604,37.624653],[-83.827252,37.624482],[-83.827061,37.624367],[-83.826678,37.624114],[-83.826275,37.623813],[-83.826032,37.623646],[-83.825967,37.623606],[-83.825508,37.623403],[-83.825347,37.623337],[-83.825198,37.623291],[-83.824859,37.62321]]}},{"type":"Feature","properties":{"osm_id":16268847,"highway":"residential","name":null,"alt_name":null,"official_name":null,"surface":null,"tracktype":null,"service":null,"access":null,"motor_vehicle":null,"foot":null,"tiger_reviewed":"no","rrgh_part":0,"rrgh_tile_part":0},"geometry":{"type":"LineString","coordinates":[[-83.832263,37.615277],[-83.832651,37.615244],[-83.833116,37.615315],[-83.833221,37.615303],[-83.833313,37.615387],[-83.833554,37.615628],[-83.833894,37.615838],[-83.834245,37.616098],[-83.834486,37.616309],[-83.834685,37.616552]]}},{"type":"Feature","properties":{"osm_id":891769760,"highway":"residential","name":"Spencer Ridge Road","alt_name":null,"official_name":null,"surface":"asphalt","tracktype":null,"service":null,"access":null,"motor_vehicle":null,"foot":null,"tiger_reviewed":"no","rrgh_part":0,"rrgh_tile_part":0},"geometry":{"type":"LineString","coordinates":[[-83.836676,37.6087997],[-83.836512,37.608921],[-83.836407,37.609002],[-83.836355,37.609054],[-83.836264,37.609178],[-83.836202,37.609335],[-83.836012,37.610014],[-83.835927,37.610206],[-83.835811,37.610381],[-83.835739,37.610464],[-83.835561,37.610606],[-83.835456,37.610662],[-83.835341,37.610702],[-83.835223,37.610728],[-83.834801,37.610804],[-83.834717,37.610834],[-83.8346801,37.6108545],[-83.834645,37.610874],[-83.834583,37.610924],[-83.834529,37.610985],[-83.834304,37.611314],[-83.83415,37.611482],[-83.833975,37.611632],[-83.833879,37.611704],[-83.833779,37.611762],[-83.833568,37.61185],[-83.83298,37.612025],[-83.832817,37.612097],[-83.83267,37.612216],[-83.832531,37.612358],[-83.832403,37.612513],[-83.832292,37.612671],[-83.8321224,37.6129676]]}},{"type":"Feature","properties":{"osm_id":1147780392,"highway":"service","name":null,"alt_name":null,"official_name":null,"surface":"unpaved","tracktype":null,"service":null,"access":null,"motor_vehicle":null,"foot":null,"tiger_reviewed":null,"rrgh_part":0,"rrgh_tile_part":0},"geometry":{"type":"LineString","coordinates":[[-83.8346801,37.6108545],[-83.8342917,37.6105787],[-83.8339287,37.6103143],[-83.8337885,37.6101798],[-83.8336513,37.609908],[-83.833575,37.6097138],[-83.8334605,37.6095126],[-83.8332786,37.6093327],[-83.8331208,37.6092357],[-83.8328724,37.6092186]]}},{"type":"Feature","properties":{"osm_id":1435796599,"highway":"track","name":null,"alt_name":null,"official_name":null,"surface":null,"tracktype":null,"service":null,"access":null,"motor_vehicle":null,"foot":null,"tiger_reviewed":null,"rrgh_part":0,"rrgh_tile_part":0},"geometry":{"type":"LineString","coordinates":[[-83.845,37.643510009864606],[-83.84486,37.6435063],[-83.8445837,37.6435122],[-83.8443401,37.6435273],[-83.8433243,37.643604],[-83.8429416,37.6436926],[-83.8427042,37.6438223],[-83.8426127,37.6438491],[-83.8425141,37.6438228],[-83.8423217,37.6437323],[-83.8419798,37.6436312],[-83.8416231,37.6436402],[-83.8408114,37.6436705],[-83.8400901,37.6436933],[-83.8396457,37.6437353]]}},{"type":"Feature","properties":{"osm_id":1435796600,"highway":"track","name":null,"alt_name":null,"official_name":null,"surface":null,"tracktype":null,"service":null,"access":null,"motor_vehicle":null,"foot":null,"tiger_reviewed":null,"rrgh_part":0,"rrgh_tile_part":0},"geometry":{"type":"LineString","coordinates":[[-83.8445837,37.6435122],[-83.8445699,37.6434846],[-83.8444015,37.6433484],[-83.8442453,37.643353]]}},{"type":"Feature","properties":{"osm_id":16268913,"highway":"residential","name":"Evelyn Road","alt_name":null,"official_name":null,"surface":null,"tracktype":null,"service":null,"access":null,"motor_vehicle":null,"foot":null,"tiger_reviewed":"no","rrgh_part":0,"rrgh_tile_part":0},"geometry":{"type":"LineString","coordinates":[[-83.817612,37.62315],[-83.817703,37.623072],[-83.817927,37.622957],[-83.818474,37.622712],[-83.818548,37.622663],[-83.818604,37.622609],[-83.818647,37.622556],[-83.818676,37.622502],[-83.818718,37.622389],[-83.818747,37.622265],[-83.818748,37.622127],[-83.818718,37.621854],[-83.818723,37.621729],[-83.818737,37.621664],[-83.818776,37.621533],[-83.818846,37.621397],[-83.818893,37.621329],[-83.818951,37.621266],[-83.819019,37.621212],[-83.819098,37.621167],[-83.819701,37.620879],[-83.819769,37.620834],[-83.819887,37.620735],[-83.820041,37.620555],[-83.820107,37.62042],[-83.820121,37.620348],[-83.820124,37.620277],[-83.820092,37.620145],[-83.820015,37.620026],[-83.819874,37.619871],[-83.81983,37.619773],[-83.819838,37.619724],[-83.819859,37.619686],[-83.819897,37.619659],[-83.819946,37.619647],[-83.82017,37.619707],[-83.820518,37.619845],[-83.820696,37.619896],[-83.820771,37.619935],[-83.821038,37.620035],[-83.821308,37.620183],[-83.821645,37.620404],[-83.821809,37.620495],[-83.821982,37.620576],[-83.822437,37.620758],[-83.822576,37.620856],[-83.822639,37.620914],[-83.822701,37.621058],[-83.822709,37.621133],[-83.822703,37.62121],[-83.822638,37.621439],[-83.822622,37.62168],[-83.822644,37.621838],[-83.822679,37.621909],[-83.822784,37.622035],[-83.823043,37.622297],[-83.823306,37.622613],[-83.823459,37.62276],[-83.823549,37.622828],[-83.82374,37.622933],[-83.823846,37.622969],[-83.824859,37.62321]]}},{"type":"Feature","properties":{"osm_id":891769759,"highway":"residential","name":"Spencer Ridge Road","alt_name":null,"official_name":null,"surface":"gravel","tracktype":null,"service":null,"access":null,"motor_vehicle":null,"foot":null,"tiger_reviewed":"no","rrgh_part":0,"rrgh_tile_part":0},"geometry":{"type":"LineString","coordinates":[[-83.8321224,37.6129676],[-83.8320984,37.6130096],[-83.831988,37.613245],[-83.831966,37.613324],[-83.831943,37.613493],[-83.831958,37.613761],[-83.831952,37.613847],[-83.832046,37.614459],[-83.832111,37.61475],[-83.832263,37.615277],[-83.832285,37.615378],[-83.832328,37.615787],[-83.832457,37.616524],[-83.832467,37.616618],[-83.832457,37.616804],[-83.832437,37.616897],[-83.832315,37.617193],[-83.832258,37.617296],[-83.832043,37.617605],[-83.831743,37.617975],[-83.831648,37.618145],[-83.831623,37.618237],[-83.831623,37.618432],[-83.831645,37.618531],[-83.8316019,37.6193229],[-83.8317,37.620031],[-83.831657,37.620434],[-83.831675,37.620944],[-83.831655,37.621145],[-83.83163,37.621242],[-83.831494,37.621623],[-83.831465,37.621807],[-83.831475,37.621883],[-83.831502,37.621948],[-83.831536,37.622001],[-83.831629,37.622101],[-83.83164,37.622148],[-83.831636,37.622179]]}},{"type":"Feature","properties":{"osm_id":16270216,"highway":"residential","name":"Crouch Cemetery Road","alt_name":null,"official_name":null,"surface":null,"tracktype":null,"service":null,"access":null,"motor_vehicle":null,"foot":null,"tiger_reviewed":"no","rrgh_part":0,"rrgh_tile_part":0},"geometry":{"type":"LineString","coordinates":[[-83.832263,37.615277],[-83.832239,37.615255],[-83.831965,37.615139],[-83.831891,37.615098],[-83.831764,37.615062],[-83.831681,37.61506],[-83.831091,37.615108],[-83.830427,37.615192],[-83.830098,37.615252],[-83.829917,37.615331],[-83.829707,37.615463],[-83.829646,37.615512],[-83.829582,37.615545],[-83.829249,37.615876],[-83.829112,37.616069],[-83.829011,37.616299],[-83.828974,37.616474],[-83.82899,37.61662],[-83.829024,37.616745],[-83.829116,37.616857]]}},{"type":"Feature","properties":{"osm_id":16268337,"highway":"residential","name":null,"alt_name":null,"official_name":null,"surface":null,"tracktype":null,"service":null,"access":null,"motor_vehicle":null,"foot":null,"tiger_reviewed":"no","rrgh_part":0,"rrgh_tile_part":0},"geometry":{"type":"LineString","coordinates":[[-83.812048,37.619978],[-83.81269,37.620365],[-83.814115,37.620731],[-83.8149,37.620822],[-83.815307,37.620981],[-83.816097,37.621759],[-83.816854,37.621941]]}},{"type":"Feature","properties":{"osm_id":16268915,"highway":"residential","name":"Beech Timber Road","alt_name":null,"official_name":null,"surface":"gravel","tracktype":null,"service":null,"access":null,"motor_vehicle":null,"foot":null,"tiger_reviewed":"no","rrgh_part":0,"rrgh_tile_part":0},"geometry":{"type":"LineString","coordinates":[[-83.802208,37.612278],[-83.802334,37.612424],[-83.802452,37.612561],[-83.802566,37.612713],[-83.80265,37.612843],[-83.802753,37.613096],[-83.80291,37.613544],[-83.802935,37.613629],[-83.802936,37.613678],[-83.802874,37.614386],[-83.802872,37.614642],[-83.802885,37.614875],[-83.802912,37.615109],[-83.803032,37.615609],[-83.803053,37.615776],[-83.803048,37.615958],[-83.803019,37.616117],[-83.803003,37.616342],[-83.803072,37.616608],[-83.803133,37.617016],[-83.80313,37.617121],[-83.803012,37.617511],[-83.803023,37.617647],[-83.803043,37.61773],[-83.803078,37.617845],[-83.803185,37.618093],[-83.803259,37.618216],[-83.803334,37.618298],[-83.803537,37.618466],[-83.803724,37.61858],[-83.803931,37.618727],[-83.804082,37.618866],[-83.804272,37.619059],[-83.804301,37.619101],[-83.804334,37.619197],[-83.804421,37.619764],[-83.804458,37.619882],[-83.80463,37.620166],[-83.804773,37.62036],[-83.804863,37.620512],[-83.805026,37.620715],[-83.805554,37.621222],[-83.805792,37.621431],[-83.806172,37.621824],[-83.806487,37.622083],[-83.806559,37.622129],[-83.807022,37.622547],[-83.807733,37.623156],[-83.8080195,37.6234661],[-83.808085,37.623537],[-83.8082,37.623624],[-83.808885,37.624051],[-83.809041,37.624193],[-83.809127,37.624293],[-83.809199,37.624395],[-83.809252,37.624502],[-83.809268,37.624578],[-83.80927,37.624657],[-83.809193,37.624835],[-83.80908,37.625028],[-83.808851,37.625246],[-83.80882,37.625332],[-83.808824,37.625377],[-83.808869,37.62546],[-83.809123,37.625683],[-83.809523,37.626126],[-83.809614,37.62632],[-83.809664,37.62648],[-83.809713,37.626583],[-83.809778,37.626676],[-83.809821,37.626717],[-83.809926,37.626769],[-83.809985,37.626777],[-83.810107,37.626779],[-83.81023,37.62677],[-83.810617,37.626691],[-83.810947,37.626588],[-83.811124,37.626545],[-83.811526,37.626495],[-83.811767,37.626489],[-83.812083,37.626522],[-83.812341,37.626584],[-83.812536,37.626664],[-83.812831,37.626807],[-83.812985,37.626867],[-83.813077,37.62689],[-83.813199,37.626904],[-83.8133792,37.6268938],[-83.813493,37.626894]]}},{"type":"Feature","properties":{"osm_id":16269854,"highway":"residential","name":"Smith Road","alt_name":null,"official_name":null,"surface":null,"tracktype":null,"service":null,"access":null,"motor_vehicle":null,"foot":null,"tiger_reviewed":"no","rrgh_part":0,"rrgh_tile_part":0},"geometry":{"type":"LineString","coordinates":[[-83.817777,37.620762],[-83.81731,37.6213],[-83.816945,37.621691],[-83.816862,37.621799],[-83.816841,37.621842],[-83.816854,37.621941],[-83.816994,37.622103],[-83.817157,37.622209],[-83.817595,37.622578],[-83.817637,37.622603],[-83.817692,37.622667],[-83.817729,37.622772],[-83.81773,37.62283],[-83.817701,37.62295],[-83.817612,37.62315]]}},{"type":"Feature","properties":{"osm_id":16269534,"highway":"residential","name":"Tipton Road","alt_name":null,"official_name":null,"surface":null,"tracktype":null,"service":null,"access":null,"motor_vehicle":null,"foot":null,"tiger_reviewed":"no","rrgh_part":0,"rrgh_tile_part":0},"geometry":{"type":"LineString","coordinates":[[-83.825508,37.623403],[-83.825514,37.623531],[-83.8255,37.623743],[-83.825433,37.62431],[-83.82541,37.624435],[-83.825357,37.624596],[-83.825356,37.624712],[-83.825369,37.624748],[-83.825416,37.624807],[-83.825481,37.624847],[-83.825548,37.62487],[-83.825707,37.624883],[-83.825812,37.624866]]}},{"type":"Feature","properties":{"osm_id":16270006,"highway":"residential","name":"Cr-1384","alt_name":null,"official_name":null,"surface":null,"tracktype":null,"service":null,"access":null,"motor_vehicle":null,"foot":null,"tiger_reviewed":"no","rrgh_part":0,"rrgh_tile_part":0},"geometry":{"type":"LineString","coordinates":[[-83.82709,37.625214],[-83.827052,37.625168],[-83.826944,37.625077],[-83.826847,37.625002],[-83.826678,37.624898],[-83.826527,37.624761],[-83.825975,37.624023],[-83.825593,37.623545],[-83.825508,37.623403]]}},{"type":"Feature","properties":{"osm_id":16269008,"highway":"residential","name":"Mossie Griffin Drive","alt_name":null,"official_name":null,"surface":null,"tracktype":null,"service":null,"access":null,"motor_vehicle":null,"foot":null,"tiger_reviewed":"no","rrgh_part":0,"rrgh_tile_part":0},"geometry":{"type":"LineString","coordinates":[[-83.817544,37.623479],[-83.817667,37.623583],[-83.817719,37.623603],[-83.817822,37.623615],[-83.817889,37.623637],[-83.818146,37.623795],[-83.818264,37.623853],[-83.818337,37.623855],[-83.818639,37.623758],[-83.818754,37.623733],[-83.818827,37.62374],[-83.8189,37.623764],[-83.818963,37.623807],[-83.819004,37.623872],[-83.819058,37.623991],[-83.819139,37.624125],[-83.819305,37.6243],[-83.819421,37.624482],[-83.819568,37.624668],[-83.819724,37.624889],[-83.819757,37.624973],[-83.819762,37.625058],[-83.819748,37.625227],[-83.819769,37.625391],[-83.819851,37.625545],[-83.819961,37.625707],[-83.820031,37.625886],[-83.820106,37.62633],[-83.820109,37.626418],[-83.820071,37.626641],[-83.820136,37.62698],[-83.820229,37.627136],[-83.820291,37.627208],[-83.820368,37.62726],[-83.820533,37.627349],[-83.820719,37.627495],[-83.820824,37.627595],[-83.82097,37.627768],[-83.821075,37.627862],[-83.821318,37.628009],[-83.821585,37.628141],[-83.821873,37.628296],[-83.821963,37.628336],[-83.822144,37.628378],[-83.822281,37.628385],[-83.822344,37.628399],[-83.822667,37.628504]]}},{"type":"Feature","properties":{"osm_id":16269481,"highway":"residential","name":"Benton Road","alt_name":null,"official_name":null,"surface":"gravel","tracktype":null,"service":null,"access":null,"motor_vehicle":null,"foot":null,"tiger_reviewed":"no","rrgh_part":0,"rrgh_tile_part":0},"geometry":{"type":"LineString","coordinates":[[-83.81371,37.626653],[-83.814004,37.626662],[-83.815963,37.626972],[-83.81615,37.626985],[-83.816339,37.626984],[-83.816491,37.626961],[-83.816902,37.626834],[-83.817048,37.626773],[-83.817374,37.626692],[-83.817474,37.626691],[-83.817673,37.626713],[-83.81776,37.626759],[-83.817977,37.626998],[-83.818077,37.627158],[-83.8181294,37.6272671],[-83.818176,37.627364],[-83.8182162,37.6274568],[-83.818236,37.6275022],[-83.8183266,37.6276476],[-83.8184722,37.627812],[-83.818618,37.6279501],[-83.8187632,37.6280228],[-83.8191652,37.6281377],[-83.8195045,37.6283937],[-83.8199789,37.6289419],[-83.8201752,37.6291304],[-83.8203645,37.6292562],[-83.8205405,37.6294213],[-83.8206352,37.6295714],[-83.820709,37.629727],[-83.820769,37.629882],[-83.8208097,37.6300549],[-83.8208816,37.6305148],[-83.8209711,37.6307831],[-83.8210215,37.6309262],[-83.8210895,37.6311298],[-83.8211352,37.6312955],[-83.8211797,37.6314041],[-83.8213533,37.6316262],[-83.8213891,37.6319211],[-83.8213812,37.6323998],[-83.8213843,37.6325287]]}},{"type":"Feature","properties":{"osm_id":1535333223,"highway":"service","name":null,"alt_name":null,"official_name":null,"surface":null,"tracktype":null,"service":null,"access":null,"motor_vehicle":null,"foot":null,"tiger_reviewed":null,"rrgh_part":0,"rrgh_tile_part":0},"geometry":{"type":"LineString","coordinates":[[-83.8213843,37.6325287],[-83.821445,37.6325971],[-83.8215825,37.6326712],[-83.8217176,37.6327032]]}},{"type":"Feature","properties":{"osm_id":1535333224,"highway":"residential","name":null,"alt_name":null,"official_name":null,"surface":null,"tracktype":null,"service":null,"access":null,"motor_vehicle":null,"foot":null,"tiger_reviewed":null,"rrgh_part":0,"rrgh_tile_part":0},"geometry":{"type":"LineString","coordinates":[[-83.818337,37.623855],[-83.8183123,37.6239286],[-83.8183123,37.6240985],[-83.8182322,37.6242832],[-83.8181417,37.6244562],[-83.818019,37.62458]]}},{"type":"Feature","properties":{"osm_id":1535333225,"highway":"service","name":"Goe Cemetery","alt_name":null,"official_name":null,"surface":"gravel","tracktype":null,"service":null,"access":null,"motor_vehicle":null,"foot":null,"tiger_reviewed":null,"rrgh_part":0,"rrgh_tile_part":0},"geometry":{"type":"LineString","coordinates":[[-83.8080195,37.6234661],[-83.807997,37.6235936],[-83.8080522,37.6238036],[-83.8081475,37.6239899],[-83.8082063,37.624067]]}},{"type":"Feature","properties":{"osm_id":16269013,"highway":"residential","name":"Evelyn Road","alt_name":null,"official_name":null,"surface":null,"tracktype":null,"service":null,"access":null,"motor_vehicle":null,"foot":null,"tiger_reviewed":"no","rrgh_part":0,"rrgh_tile_part":0},"geometry":{"type":"LineString","coordinates":[[-83.813493,37.626894],[-83.813457,37.627113],[-83.813491,37.627374],[-83.813512,37.627441],[-83.813553,37.627516],[-83.813633,37.627563],[-83.813754,37.627591],[-83.81399,37.627594],[-83.814072,37.627604],[-83.814185,37.627648],[-83.814285,37.627723],[-83.814367,37.627794],[-83.81444,37.627886],[-83.814515,37.627999],[-83.814539,37.628055],[-83.81454,37.628113],[-83.814493,37.628218],[-83.814301,37.628456],[-83.814159,37.628668],[-83.814025,37.628904],[-83.81389,37.629215],[-83.813753,37.629628],[-83.813652,37.629852],[-83.81355,37.630047],[-83.813387,37.630299],[-83.813233,37.630474],[-83.813032,37.630642],[-83.812814,37.630975],[-83.812714,37.631119],[-83.8126781,37.6311452],[-83.812626,37.631147],[-83.812547,37.631148],[-83.812462,37.6311148],[-83.812424,37.6311],[-83.812133,37.630925],[-83.812023,37.630875],[-83.811875,37.630823],[-83.811535,37.630744],[-83.811424,37.630702],[-83.811302,37.630629],[-83.81116,37.630504],[-83.810905,37.630345],[-83.810691,37.630277],[-83.810578,37.630257],[-83.810143,37.630284],[-83.810024,37.630296],[-83.809866,37.630355],[-83.809786,37.630438],[-83.809707,37.630572],[-83.809614,37.630839],[-83.80964,37.631132],[-83.809626,37.631485],[-83.809572,37.631653],[-83.809509,37.631781],[-83.809336,37.632033],[-83.809246,37.632141],[-83.8092,37.632178],[-83.80901,37.632247],[-83.808922,37.632253],[-83.808703,37.63223],[-83.808387,37.632173],[-83.807995,37.632059],[-83.807685,37.631937],[-83.807484,37.631858],[-83.807328,37.631777],[-83.807172,37.631661],[-83.806505,37.631117],[-83.806284,37.630957],[-83.806215,37.630914],[-83.806041,37.63084],[-83.805982,37.630838],[-83.805924,37.630846],[-83.805784,37.630911],[-83.805732,37.630969],[-83.805666,37.631072],[-83.805591,37.631253],[-83.805506,37.631559],[-83.805383,37.631901],[-83.80533,37.632015],[-83.805275,37.632095],[-83.805195,37.632161],[-83.805073,37.632217],[-83.804991,37.632242],[-83.804588,37.632328],[-83.804468,37.632377],[-83.804348,37.632462],[-83.8041516,37.6326899],[-83.8039951,37.6328795]]}},{"type":"Feature","properties":{"osm_id":16270025,"highway":"residential","name":"Evelyn Road","alt_name":null,"official_name":null,"surface":null,"tracktype":null,"service":null,"access":null,"motor_vehicle":null,"foot":null,"tiger_reviewed":"no","rrgh_part":0,"rrgh_tile_part":0},"geometry":{"type":"LineString","coordinates":[[-83.817612,37.62315],[-83.817538,37.623272],[-83.817544,37.623479],[-83.817596,37.623642],[-83.817639,37.623718],[-83.817691,37.623791],[-83.817909,37.624035],[-83.817988,37.624146],[-83.81804,37.624268],[-83.818056,37.624419],[-83.818019,37.62458],[-83.817958,37.624749],[-83.817921,37.624832],[-83.817827,37.624984],[-83.817714,37.625127],[-83.817257,37.625624],[-83.817058,37.625822],[-83.816985,37.625881],[-83.816831,37.625977],[-83.816736,37.626019],[-83.816571,37.626062],[-83.816153,37.626097],[-83.815808,37.626101],[-83.815531,37.626086],[-83.815336,37.626106],[-83.814847,37.626235],[-83.814577,37.626317],[-83.814099,37.626489],[-83.813921,37.626543],[-83.813767,37.626615],[-83.81371,37.626653],[-83.813637,37.6267],[-83.813574,37.626762],[-83.813493,37.626894]]}},{"type":"Feature","properties":{"osm_id":968852976,"highway":"service","name":null,"alt_name":null,"official_name":null,"surface":null,"tracktype":null,"service":null,"access":null,"motor_vehicle":null,"foot":null,"tiger_reviewed":null,"rrgh_part":0,"rrgh_tile_part":0},"geometry":{"type":"LineString","coordinates":[[-83.8126781,37.6311452],[-83.8127219,37.6311702],[-83.8129647,37.6312209],[-83.8133631,37.6312992],[-83.8136538,37.6313119],[-83.8139897,37.6312624],[-83.8142834,37.6311795],[-83.8144448,37.6311115],[-83.8146701,37.6309929],[-83.8150554,37.6308732],[-83.8153767,37.6307212],[-83.815682,37.6304483],[-83.8159961,37.6301639],[-83.8164846,37.6296814]]}},{"type":"Feature","properties":{"osm_id":16268521,"highway":"service","name":null,"alt_name":null,"official_name":null,"surface":null,"tracktype":null,"service":null,"access":"private","motor_vehicle":null,"foot":null,"tiger_reviewed":"no","rrgh_part":0,"rrgh_tile_part":0},"geometry":{"type":"LineString","coordinates":[[-83.807685,37.631937],[-83.807629,37.6320672]]}},{"type":"Feature","properties":{"osm_id":968852977,"highway":"service","name":null,"alt_name":null,"official_name":null,"surface":"gravel","tracktype":null,"service":null,"access":null,"motor_vehicle":null,"foot":null,"tiger_reviewed":null,"rrgh_part":0,"rrgh_tile_part":0},"geometry":{"type":"LineString","coordinates":[[-83.812462,37.6311148],[-83.8124249,37.630943],[-83.8124061,37.6307237],[-83.8124499,37.6304721],[-83.8125948,37.6301984],[-83.8127206,37.6299333],[-83.8127406,37.629705],[-83.8126891,37.6295705],[-83.8125806,37.6294567],[-83.8124155,37.629337],[-83.8121244,37.6292007],[-83.8116894,37.6290929],[-83.8113389,37.6288723],[-83.8109994,37.6286728]]}},{"type":"Feature","properties":{"osm_id":16269367,"highway":"residential","name":"Estes Road","alt_name":null,"official_name":null,"surface":null,"tracktype":null,"service":null,"access":null,"motor_vehicle":null,"foot":null,"tiger_reviewed":"no","rrgh_part":0,"rrgh_tile_part":0},"geometry":{"type":"LineString","coordinates":[[-83.793996,37.610058],[-83.793727,37.610079],[-83.792016,37.610138],[-83.79163,37.610168],[-83.791163,37.61027],[-83.791019,37.610324],[-83.790885,37.61036],[-83.79082,37.610366],[-83.790698,37.610355],[-83.790587,37.610314],[-83.790535,37.610283],[-83.790298,37.6101],[-83.7902675,37.6100822],[-83.790137,37.610006],[-83.79008,37.609983],[-83.789966,37.609964],[-83.789908,37.609967],[-83.789851,37.609981],[-83.7898,37.610006],[-83.789725,37.610083],[-83.789491,37.610476],[-83.789406,37.610554],[-83.78935,37.610584],[-83.789216,37.610623],[-83.788702,37.61073],[-83.78838,37.610777],[-83.787439,37.610979],[-83.787308,37.610994],[-83.787131,37.611027],[-83.787012,37.611062],[-83.786954,37.611091],[-83.786843,37.611173],[-83.786561,37.611475],[-83.786417,37.611611],[-83.786371,37.611641],[-83.786285,37.611685],[-83.786184,37.611711],[-83.786064,37.611718],[-83.785927,37.611709],[-83.785787,37.611686],[-83.785717,37.611665],[-83.785653,37.611637],[-83.785595,37.611598],[-83.785293,37.611305],[-83.785122,37.611158],[-83.784829,37.610964],[-83.784679,37.610847],[-83.784429,37.610584],[-83.784219,37.610283],[-83.784123,37.610175],[-83.783811,37.609874],[-83.783768,37.609838],[-83.783621,37.609756]]}},{"type":"Feature","properties":{"osm_id":16268654,"highway":"service","name":null,"alt_name":null,"official_name":null,"surface":null,"tracktype":null,"service":null,"access":"private","motor_vehicle":null,"foot":null,"tiger_reviewed":"no","rrgh_part":0,"rrgh_tile_part":0},"geometry":{"type":"LineString","coordinates":[[-83.8039382,37.6329212],[-83.8031646,37.6327063],[-83.8028689,37.6326992],[-83.8023543,37.632796],[-83.801758,37.6327023],[-83.8012318,37.632768],[-83.8002619,37.6323823]]}},{"type":"Feature","properties":{"osm_id":968852966,"highway":"service","name":null,"alt_name":null,"official_name":null,"surface":null,"tracktype":null,"service":null,"access":null,"motor_vehicle":null,"foot":null,"tiger_reviewed":null,"rrgh_part":0,"rrgh_tile_part":0},"geometry":{"type":"LineString","coordinates":[[-83.7904116,37.6238722],[-83.7905368,37.6241857],[-83.7907308,37.6244738],[-83.791043,37.6246827],[-83.7913249,37.6248796],[-83.7914552,37.6250212]]}},{"type":"Feature","properties":{"osm_id":16269276,"highway":"service","name":"Blacks Ridge Road","alt_name":null,"official_name":null,"surface":null,"tracktype":null,"service":null,"access":"private","motor_vehicle":null,"foot":null,"tiger_reviewed":"no","rrgh_part":0,"rrgh_tile_part":0},"geometry":{"type":"LineString","coordinates":[[-83.782602,37.622785],[-83.782653,37.622714],[-83.782685,37.622644]]}},{"type":"Feature","properties":{"osm_id":16268674,"highway":"service","name":null,"alt_name":null,"official_name":null,"surface":null,"tracktype":null,"service":null,"access":null,"motor_vehicle":null,"foot":null,"tiger_reviewed":"no","rrgh_part":0,"rrgh_tile_part":0},"geometry":{"type":"LineString","coordinates":[[-83.7786878,37.634959],[-83.7789177,37.6347578],[-83.7793281,37.6344266],[-83.7796576,37.6338398],[-83.7799793,37.6332873],[-83.7805269,37.6327735],[-83.7809885,37.63232],[-83.7817739,37.6318671],[-83.7822456,37.6317684],[-83.782952,37.631191]]}},{"type":"Feature","properties":{"osm_id":968852961,"highway":"service","name":null,"alt_name":null,"official_name":null,"surface":null,"tracktype":null,"service":null,"access":null,"motor_vehicle":null,"foot":null,"tiger_reviewed":null,"rrgh_part":0,"rrgh_tile_part":0},"geometry":{"type":"LineString","coordinates":[[-83.787114,37.626185],[-83.7870947,37.6262236],[-83.7871762,37.6263398],[-83.7874568,37.6267171],[-83.7875293,37.6270153],[-83.7877525,37.6271332],[-83.7882428,37.6272337],[-83.7886192,37.6273931],[-83.7890087,37.6275214],[-83.789477,37.6275873],[-83.7896609,37.6276254],[-83.7897178,37.6277953],[-83.7896609,37.6281072],[-83.7897003,37.6282528],[-83.7895777,37.6284712]]}},{"type":"Feature","properties":{"osm_id":16161773,"highway":"residential","name":"Old Landing Ridge","alt_name":null,"official_name":null,"surface":null,"tracktype":null,"service":null,"access":null,"motor_vehicle":null,"foot":null,"tiger_reviewed":"no","rrgh_part":0,"rrgh_tile_part":0},"geometry":{"type":"LineString","coordinates":[[-83.811464,37.63647],[-83.811531,37.636568],[-83.81155,37.636728],[-83.8115935,37.636874],[-83.8115847,37.636969],[-83.811493,37.637056],[-83.8114073,37.6370293],[-83.8112767,37.6369579],[-83.8110674,37.636893],[-83.8108936,37.6369757],[-83.8107704,37.6371825],[-83.810708,37.6374821],[-83.8106846,37.6375575],[-83.8106224,37.6376394],[-83.8105452,37.6377178],[-83.8104829,37.6378043],[-83.81046,37.637873],[-83.810435,37.63792],[-83.810424,37.638043],[-83.810432,37.638141],[-83.810494,37.638244],[-83.810622,37.638335],[-83.810663,37.63835],[-83.810734,37.63836],[-83.810948,37.638356],[-83.811093,37.638389],[-83.811258,37.638476],[-83.811364,37.638576],[-83.81149,37.638648],[-83.811585,37.638665],[-83.811688,37.638664],[-83.812006,37.638641],[-83.812162,37.638685]]}},{"type":"Feature","properties":{"osm_id":16162874,"highway":"residential","name":"Old Landing Crossing","alt_name":null,"official_name":null,"surface":null,"tracktype":null,"service":null,"access":null,"motor_vehicle":null,"foot":null,"tiger_reviewed":"no","rrgh_part":0,"rrgh_tile_part":0},"geometry":{"type":"LineString","coordinates":[[-83.811464,37.63647],[-83.811269,37.636217],[-83.811043,37.635988],[-83.810966,37.635924],[-83.810837,37.63584],[-83.810665,37.635761]]}},{"type":"Feature","properties":{"osm_id":1414480859,"highway":"track","name":null,"alt_name":null,"official_name":null,"surface":null,"tracktype":null,"service":null,"access":null,"motor_vehicle":null,"foot":null,"tiger_reviewed":null,"rrgh_part":0,"rrgh_tile_part":0},"geometry":{"type":"LineString","coordinates":[[-83.812162,37.638685],[-83.8122938,37.6387075],[-83.8126744,37.6388773],[-83.8128888,37.6390174],[-83.8129156,37.6390556],[-83.81313,37.6392127],[-83.8132533,37.6392212]]}},{"type":"Feature","properties":{"osm_id":16160125,"highway":"residential","name":"Mandy Road","alt_name":null,"official_name":null,"surface":null,"tracktype":null,"service":null,"access":null,"motor_vehicle":null,"foot":null,"tiger_reviewed":"no","rrgh_part":0,"rrgh_tile_part":0},"geometry":{"type":"LineString","coordinates":[[-83.796993,37.640009],[-83.797032,37.640048],[-83.797093,37.640075],[-83.797376,37.640082],[-83.797797,37.640146],[-83.798186,37.640189],[-83.798343,37.640267],[-83.79858,37.640434],[-83.798661,37.640479],[-83.798784,37.640523],[-83.798877,37.64057],[-83.799008,37.640682],[-83.799087,37.640734],[-83.799147,37.640803],[-83.79918,37.640884],[-83.799199,37.640985],[-83.799209,37.64113],[-83.799283,37.641303],[-83.799587,37.641815],[-83.799722,37.641973],[-83.799882,37.642122],[-83.800056,37.642238],[-83.800238,37.64234],[-83.800322,37.642375],[-83.800403,37.642396],[-83.800493,37.642402],[-83.800692,37.64237],[-83.801167,37.642264],[-83.8015,37.642211],[-83.80195,37.642202],[-83.802497,37.642173],[-83.802794,37.642121],[-83.803047,37.6420993],[-83.8033278,37.6421009],[-83.8034216,37.6421415],[-83.8035146,37.6422097],[-83.803541,37.642312],[-83.803566,37.642488],[-83.803572,37.642778],[-83.8034798,37.6431894],[-83.803512,37.643334],[-83.8035729,37.6434298],[-83.8037149,37.6435275],[-83.8039845,37.6436788],[-83.804382,37.6438622],[-83.8048759,37.6441311],[-83.80504,37.644206],[-83.8053107,37.6444307],[-83.805844,37.644823],[-83.805919,37.644896],[-83.80605,37.645076],[-83.806199,37.64519],[-83.806384,37.645241],[-83.806616,37.645356],[-83.806879,37.64545],[-83.807386,37.645726],[-83.807647,37.645825],[-83.807797,37.645898],[-83.807865,37.645941],[-83.807971,37.646039],[-83.808048,37.646075],[-83.808557,37.646269],[-83.808746,37.646323],[-83.808999,37.646552],[-83.809137,37.646653],[-83.80941,37.646746],[-83.809812,37.646793],[-83.810501,37.646978],[-83.810685,37.646989],[-83.810932,37.64702],[-83.8117259,37.6470639],[-83.811763,37.647066],[-83.812074,37.647125],[-83.81238,37.647126],[-83.812611,37.647149],[-83.812822,37.647158],[-83.813277,37.647133],[-83.813514,37.647099],[-83.813717,37.647058],[-83.814109,37.646958],[-83.814632,37.646755],[-83.815102,37.646697],[-83.815163,37.646711],[-83.815382,37.646804],[-83.815545,37.646852],[-83.815838,37.647024],[-83.816015,37.64733],[-83.8160453,37.647701],[-83.816031,37.647788],[-83.816028,37.647907],[-83.816051,37.64807],[-83.816116,37.648301],[-83.816147,37.648467],[-83.8162,37.648631],[-83.816468,37.649152],[-83.816577,37.649312],[-83.81671,37.649467],[-83.816796,37.64952],[-83.816821,37.64953],[-83.817163,37.649647]]}},{"type":"Feature","properties":{"osm_id":16268249,"highway":"track","name":null,"alt_name":null,"official_name":null,"surface":null,"tracktype":null,"service":null,"access":null,"motor_vehicle":null,"foot":null,"tiger_reviewed":"no","rrgh_part":0,"rrgh_tile_part":0},"geometry":{"type":"LineString","coordinates":[[-83.8117259,37.6470639],[-83.8120544,37.6473987],[-83.8115438,37.6479056],[-83.8111649,37.647978],[-83.8106529,37.6480229],[-83.8102776,37.6481231],[-83.8096722,37.6479216],[-83.8087267,37.6479314],[-83.8083459,37.6482968],[-83.8083702,37.648736]]}},{"type":"Feature","properties":{"osm_id":1535333220,"highway":"service","name":null,"alt_name":null,"official_name":null,"surface":"gravel","tracktype":null,"service":null,"access":null,"motor_vehicle":null,"foot":null,"tiger_reviewed":null,"rrgh_part":0,"rrgh_tile_part":0},"geometry":{"type":"LineString","coordinates":[[-83.8071318,37.6363659],[-83.8076605,37.6360348]]}},{"type":"Feature","properties":{"osm_id":16159652,"highway":"track","name":null,"alt_name":null,"official_name":null,"surface":null,"tracktype":null,"service":null,"access":null,"motor_vehicle":null,"foot":null,"tiger_reviewed":"no","rrgh_part":0,"rrgh_tile_part":0},"geometry":{"type":"LineString","coordinates":[[-83.825381,37.653513],[-83.825442,37.653102],[-83.825432,37.652876],[-83.825331,37.652545],[-83.825189,37.65219],[-83.824997,37.65182]]}},{"type":"Feature","properties":{"osm_id":16159650,"highway":"residential","name":null,"alt_name":null,"official_name":null,"surface":null,"tracktype":null,"service":null,"access":null,"motor_vehicle":null,"foot":null,"tiger_reviewed":"no","rrgh_part":0,"rrgh_tile_part":0},"geometry":{"type":"LineString","coordinates":[[-83.817163,37.649647],[-83.818047,37.649912],[-83.820198,37.650268],[-83.82103,37.650537],[-83.822898,37.65151],[-83.823931,37.651824],[-83.824997,37.65182],[-83.825537,37.65182],[-83.825969,37.651751],[-83.8265032,37.6514023],[-83.8271418,37.6514063],[-83.8281118,37.6509903],[-83.8285065,37.6508551],[-83.8292793,37.6506717],[-83.830054,37.650286],[-83.8305391,37.6500202],[-83.8306839,37.649982],[-83.8310486,37.6499905],[-83.8312095,37.6500329],[-83.8314133,37.6501518],[-83.8315098,37.6502282],[-83.8317672,37.6504956],[-83.8318852,37.6506951],[-83.8320783,37.6512298],[-83.8321158,37.6512977],[-83.8322124,37.6514166],[-83.8325556,37.6516882],[-83.8327862,37.6519217],[-83.83299,37.652414],[-83.8332528,37.6529021]]}},{"type":"Feature","properties":{"osm_id":968894205,"highway":"service","name":null,"alt_name":null,"official_name":null,"surface":null,"tracktype":null,"service":null,"access":null,"motor_vehicle":null,"foot":null,"tiger_reviewed":null,"rrgh_part":0,"rrgh_tile_part":0},"geometry":{"type":"LineString","coordinates":[[-83.8217344,37.658849],[-83.8217521,37.6587567],[-83.8217521,37.6586668],[-83.8216634,37.6586253],[-83.8206445,37.6584339],[-83.8201587,37.6583427],[-83.8197452,37.6582729],[-83.819456,37.6582604],[-83.8193363,37.658187]]}},{"type":"Feature","properties":{"osm_id":1217921439,"highway":"residential","name":"Cr-1175","alt_name":null,"official_name":null,"surface":null,"tracktype":null,"service":null,"access":null,"motor_vehicle":null,"foot":null,"tiger_reviewed":"no","rrgh_part":0,"rrgh_tile_part":0},"geometry":{"type":"LineString","coordinates":[[-83.8282286,37.660546],[-83.8283179,37.6603937],[-83.8284116,37.6599563]]}},{"type":"Feature","properties":{"osm_id":16159919,"highway":"residential","name":null,"alt_name":null,"official_name":null,"surface":null,"tracktype":null,"service":null,"access":null,"motor_vehicle":null,"foot":null,"tiger_reviewed":"no","rrgh_part":0,"rrgh_tile_part":0},"geometry":{"type":"LineString","coordinates":[[-83.8284116,37.6599563],[-83.82858,37.659491],[-83.828682,37.659082],[-83.828697,37.65889],[-83.828682,37.658699]]}},{"type":"Feature","properties":{"osm_id":1217921428,"highway":"service","name":null,"alt_name":null,"official_name":null,"surface":null,"tracktype":null,"service":null,"access":null,"motor_vehicle":null,"foot":null,"tiger_reviewed":null,"rrgh_part":0,"rrgh_tile_part":0},"geometry":{"type":"LineString","coordinates":[[-83.8208098,37.6592344],[-83.8208681,37.6591976],[-83.8210963,37.6592173],[-83.8212432,37.6591815],[-83.8215346,37.6590707],[-83.8215737,37.659022]]}},{"type":"Feature","properties":{"osm_id":1217921429,"highway":"service","name":null,"alt_name":null,"official_name":null,"surface":null,"tracktype":null,"service":null,"access":null,"motor_vehicle":null,"foot":null,"tiger_reviewed":null,"rrgh_part":0,"rrgh_tile_part":0},"geometry":{"type":"LineString","coordinates":[[-83.8215737,37.659022],[-83.8217344,37.658849]]}},{"type":"Feature","properties":{"osm_id":16268969,"highway":"residential","name":"Kenneth Rogers Road","alt_name":null,"official_name":null,"surface":"gravel","tracktype":null,"service":null,"access":null,"motor_vehicle":null,"foot":null,"tiger_reviewed":"no","rrgh_part":0,"rrgh_tile_part":0},"geometry":{"type":"LineString","coordinates":[[-83.811104,37.6545595],[-83.8113105,37.6544221],[-83.8116874,37.6542324],[-83.8119044,37.654174],[-83.8123264,37.6541601],[-83.8124696,37.6541274],[-83.8124987,37.6540917],[-83.81229,37.653647],[-83.812252,37.652996],[-83.812224,37.652042],[-83.811927,37.651956]]}},{"type":"Feature","properties":{"osm_id":16268495,"highway":"service","name":null,"alt_name":null,"official_name":null,"surface":null,"tracktype":null,"service":null,"access":null,"motor_vehicle":null,"foot":null,"tiger_reviewed":"no","rrgh_part":0,"rrgh_tile_part":0},"geometry":{"type":"LineString","coordinates":[[-83.801375,37.638821],[-83.801648,37.638888],[-83.802464,37.63939],[-83.802659,37.639484],[-83.802791,37.639462],[-83.802986,37.639329],[-83.803123,37.638935],[-83.803117,37.638328],[-83.803205,37.637769],[-83.803269,37.637289],[-83.803333,37.637013],[-83.803448,37.636722],[-83.803454,37.636139],[-83.803407,37.635754],[-83.803378,37.635643],[-83.803058,37.635415]]}},{"type":"Feature","properties":{"osm_id":16269300,"highway":"service","name":"Old Landing Road","alt_name":null,"official_name":null,"surface":"gravel","tracktype":null,"service":null,"access":null,"motor_vehicle":null,"foot":null,"tiger_reviewed":"no","rrgh_part":0,"rrgh_tile_part":0},"geometry":{"type":"LineString","coordinates":[[-83.80714,37.636297],[-83.807145,37.636315],[-83.8071318,37.6363659],[-83.8070716,37.6364076],[-83.8070249,37.6364831],[-83.806944,37.6366522],[-83.8068912,37.6367041],[-83.8068353,37.6367292]]}},{"type":"Feature","properties":{"osm_id":16268248,"highway":"track","name":null,"alt_name":null,"official_name":null,"surface":null,"tracktype":null,"service":null,"access":null,"motor_vehicle":null,"foot":null,"tiger_reviewed":"no","rrgh_part":0,"rrgh_tile_part":0},"geometry":{"type":"LineString","coordinates":[[-83.8037149,37.6435275],[-83.804085,37.643964],[-83.8039444,37.6443753],[-83.8040222,37.6447849],[-83.8042869,37.6449822],[-83.8045404,37.6449952],[-83.805036,37.645181],[-83.805329,37.645383],[-83.805461,37.645568],[-83.805522,37.645778],[-83.8054383,37.6459928],[-83.804205,37.646948],[-83.8036752,37.6473291],[-83.8034485,37.6474602],[-83.803253,37.647747],[-83.8030684,37.6478891],[-83.8029931,37.6481532]]}},{"type":"Feature","properties":{"osm_id":16268881,"highway":"service","name":null,"alt_name":null,"official_name":null,"surface":null,"tracktype":null,"service":null,"access":null,"motor_vehicle":null,"foot":null,"tiger_reviewed":"no","rrgh_part":0,"rrgh_tile_part":0},"geometry":{"type":"LineString","coordinates":[[-83.8061089,37.6375552],[-83.805984,37.637845],[-83.80579,37.638153],[-83.805465,37.638989],[-83.805196,37.639636],[-83.805382,37.641519]]}},{"type":"Feature","properties":{"osm_id":16269368,"highway":"service","name":"Cemetery Access Rd G","alt_name":null,"official_name":null,"surface":null,"tracktype":null,"service":null,"access":null,"motor_vehicle":null,"foot":null,"tiger_reviewed":"no","rrgh_part":0,"rrgh_tile_part":0},"geometry":{"type":"LineString","coordinates":[[-83.79158,37.639516],[-83.791684,37.639222],[-83.791729,37.639136],[-83.791821,37.639032],[-83.791928,37.638963],[-83.792016,37.638928],[-83.79229,37.638859],[-83.79237,37.638831]]}},{"type":"Feature","properties":{"osm_id":16268561,"highway":"track","name":null,"alt_name":null,"official_name":null,"surface":null,"tracktype":null,"service":null,"access":null,"motor_vehicle":null,"foot":null,"tiger_reviewed":"no","rrgh_part":0,"rrgh_tile_part":0},"geometry":{"type":"LineString","coordinates":[[-83.7859411,37.6386308],[-83.7867897,37.6385214],[-83.787037,37.638512],[-83.7871602,37.6383647],[-83.7870138,37.6382796],[-83.7868352,37.6381845],[-83.7866189,37.6379945]]}},{"type":"Feature","properties":{"osm_id":16270194,"highway":"residential","name":"Crystal Creek Lane","alt_name":null,"official_name":null,"surface":null,"tracktype":null,"service":null,"access":null,"motor_vehicle":null,"foot":null,"tiger_reviewed":"no","rrgh_part":0,"rrgh_tile_part":0},"geometry":{"type":"LineString","coordinates":[[-83.786552,37.640072],[-83.786516,37.640038],[-83.786503,37.639963],[-83.786494,37.639866],[-83.786505,37.639693],[-83.7865387,37.6395947],[-83.7865976,37.6395144],[-83.786567,37.639414],[-83.786526,37.639352],[-83.786474,37.639304],[-83.786343,37.639225],[-83.786149,37.639129],[-83.785959,37.63898],[-83.785891,37.638937],[-83.785818,37.638905],[-83.785732,37.638883],[-83.785547,37.638864],[-83.785408,37.63886],[-83.7853111,37.6388709],[-83.7852484,37.6388767],[-83.7851771,37.6388947],[-83.7850459,37.638956],[-83.7848746,37.6390611],[-83.7847897,37.6391062],[-83.7846901,37.6391137],[-83.7845933,37.6391056],[-83.7844841,37.6390832],[-83.7843747,37.6390765],[-83.7843036,37.6390903],[-83.7841761,37.6391245]]}},{"type":"Feature","properties":{"osm_id":1217814336,"highway":"track","name":null,"alt_name":null,"official_name":null,"surface":null,"tracktype":null,"service":null,"access":null,"motor_vehicle":"private","foot":null,"tiger_reviewed":null,"rrgh_part":0,"rrgh_tile_part":0},"geometry":{"type":"LineString","coordinates":[[-83.7852608,37.6402913],[-83.7845934,37.6402904],[-83.7844202,37.6403243],[-83.7842538,37.6403772],[-83.784106,37.6404852],[-83.783712,37.6409018],[-83.7830593,37.6416818],[-83.78272,37.6423572],[-83.7825542,37.6427045],[-83.7826276,37.6429934],[-83.7826096,37.6431644],[-83.7825439,37.6432972],[-83.781988,37.6435033],[-83.7817215,37.6435805],[-83.7811294,37.6436461],[-83.7807534,37.6436192],[-83.780256,37.6433537],[-83.7799205,37.6431693],[-83.7795499,37.6430646],[-83.7790865,37.6429463],[-83.7787087,37.6428241],[-83.7782597,37.6427688],[-83.7778557,37.6427341],[-83.7769299,37.6430791],[-83.776607,37.6433488],[-83.7763395,37.6435606],[-83.776199,37.6438852],[-83.776008,37.6443938],[-83.7758167,37.6447226],[-83.7754847,37.6449722],[-83.7752977,37.6451763],[-83.7751442,37.645241],[-83.7749217,37.645252],[-83.7746032,37.6451478],[-83.7745149,37.6452437],[-83.774633,37.6453796],[-83.7748811,37.6454687],[-83.7751239,37.6455581],[-83.775313,37.6457889],[-83.7754952,37.6460632],[-83.7757269,37.646329],[-83.7758904,37.6465318],[-83.7762344,37.6466971],[-83.7764119,37.6469916],[-83.7764133,37.6473096],[-83.7763761,37.6475378],[-83.7763932,37.6477824],[-83.7765071,37.6481539],[-83.7765879,37.6485156],[-83.7766919,37.6488488],[-83.7768799,37.6490699],[-83.7769726,37.649182],[-83.7770354,37.649276],[-83.7770094,37.6493926],[-83.7769079,37.6494423],[-83.7767044,37.6495566],[-83.7765597,37.6497029],[-83.7765687,37.6499801],[-83.7765987,37.6503026],[-83.7766196,37.6505262],[-83.7765826,37.6507803],[-83.7765201,37.6509349],[-83.7764396,37.6511296],[-83.7764268,37.6515028],[-83.7764793,37.6519891],[-83.7765362,37.6522009],[-83.7765834,37.6523768],[-83.7766947,37.6527872],[-83.7767605,37.6531768],[-83.7768455,37.6533508],[-83.7769703,37.6535527],[-83.7768697,37.6537677],[-83.7767213,37.6541065],[-83.7766431,37.6544121],[-83.7767348,37.6548146],[-83.7768532,37.6552626],[-83.7769154,37.6556914],[-83.7767757,37.6559615],[-83.7764282,37.6561873],[-83.7762156,37.6563896],[-83.7760821,37.6566229],[-83.7757286,37.6569979],[-83.7753267,37.6572253],[-83.7748922,37.6573791],[-83.7744876,37.657515],[-83.7741762,37.6578809]]}},{"type":"Feature","properties":{"osm_id":1410470443,"highway":"service","name":"Smallwood Cemetery","alt_name":null,"official_name":null,"surface":null,"tracktype":null,"service":null,"access":null,"motor_vehicle":null,"foot":null,"tiger_reviewed":null,"rrgh_part":0,"rrgh_tile_part":0},"geometry":{"type":"LineString","coordinates":[[-83.7815136,37.6350947],[-83.7816909,37.634957],[-83.7816793,37.6349041],[-83.7816163,37.6349106],[-83.7815234,37.6349529],[-83.7814194,37.6350148],[-83.7813155,37.6350462],[-83.7811326,37.6350001],[-83.7807503,37.6349172],[-83.7806482,37.6348287],[-83.7806482,37.634591],[-83.7805945,37.6344764],[-83.7803801,37.6342853],[-83.7802836,37.6342216],[-83.7801603,37.634175],[-83.7800478,37.6341622],[-83.7799245,37.6341877],[-83.779828,37.6342429],[-83.7795573,37.6344766],[-83.77929,37.6346378],[-83.7791195,37.6348451],[-83.77891,37.635043]]}},{"type":"Feature","properties":{"osm_id":1435752666,"highway":"track","name":null,"alt_name":null,"official_name":null,"surface":null,"tracktype":null,"service":null,"access":null,"motor_vehicle":null,"foot":null,"tiger_reviewed":null,"rrgh_part":0,"rrgh_tile_part":0},"geometry":{"type":"LineString","coordinates":[[-83.7895439,37.646826],[-83.789765,37.6468496],[-83.7899927,37.6469162],[-83.790142,37.6470018],[-83.7902429,37.647111],[-83.7904269,37.6471854],[-83.7905397,37.6472477]]}},{"type":"Feature","properties":{"osm_id":1435758346,"highway":"track","name":null,"alt_name":null,"official_name":null,"surface":null,"tracktype":null,"service":null,"access":null,"motor_vehicle":null,"foot":null,"tiger_reviewed":null,"rrgh_part":0,"rrgh_tile_part":0},"geometry":{"type":"LineString","coordinates":[[-83.7843358,37.6428513],[-83.7847895,37.6432071],[-83.7850038,37.6434967],[-83.7850916,37.6438721],[-83.7850617,37.6442753],[-83.7850065,37.6448578],[-83.7850257,37.6451966],[-83.7850912,37.6454856],[-83.7854981,37.6461282],[-83.7856022,37.6465317],[-83.7858588,37.6467637],[-83.7862713,37.6468568],[-83.7864054,37.6471085],[-83.7864938,37.6474554],[-83.7865308,37.6478963],[-83.7864576,37.6482577],[-83.786176,37.6484925],[-83.7858444,37.6489427],[-83.7857151,37.6490955],[-83.7856683,37.6493687]]}},{"type":"Feature","properties":{"osm_id":1435758347,"highway":"track","name":null,"alt_name":null,"official_name":null,"surface":null,"tracktype":null,"service":null,"access":null,"motor_vehicle":null,"foot":null,"tiger_reviewed":null,"rrgh_part":0,"rrgh_tile_part":0},"geometry":{"type":"LineString","coordinates":[[-83.7862713,37.6468568],[-83.7864852,37.6470275],[-83.7867207,37.6471859],[-83.7868944,37.6473644],[-83.786944,37.6476227],[-83.7868467,37.6479521],[-83.7868563,37.6481851],[-83.7868138,37.6484072],[-83.786548,37.6488129],[-83.7862259,37.6491351],[-83.7861759,37.649266],[-83.7863063,37.6494723],[-83.7863281,37.649593],[-83.78623,37.6497765],[-83.7860519,37.6499594]]}},{"type":"Feature","properties":{"osm_id":1435758348,"highway":"track","name":null,"alt_name":null,"official_name":null,"surface":null,"tracktype":null,"service":null,"access":null,"motor_vehicle":null,"foot":null,"tiger_reviewed":null,"rrgh_part":0,"rrgh_tile_part":0},"geometry":{"type":"LineString","coordinates":[[-83.7853693,37.649551],[-83.785328,37.6492217],[-83.7853769,37.6490068],[-83.7855588,37.6487756],[-83.7856601,37.6485416],[-83.7857725,37.6483628],[-83.7860373,37.6481551],[-83.7861837,37.6479791],[-83.786159,37.6477636],[-83.7860953,37.6475567],[-83.786015,37.647378],[-83.7856449,37.6471932],[-83.7854207,37.6470691],[-83.7852222,37.6468974],[-83.7850805,37.646771],[-83.7851005,37.6465262]]}},{"type":"Feature","properties":{"osm_id":1435758350,"highway":"track","name":null,"alt_name":null,"official_name":null,"surface":null,"tracktype":null,"service":null,"access":null,"motor_vehicle":null,"foot":null,"tiger_reviewed":null,"rrgh_part":0,"rrgh_tile_part":0},"geometry":{"type":"LineString","coordinates":[[-83.7856782,37.6448297],[-83.7860024,37.6447473],[-83.7864623,37.6447749],[-83.786643,37.6447012],[-83.7869056,37.6446951],[-83.7873532,37.6448099],[-83.7876006,37.6448139],[-83.7880712,37.6449219],[-83.7882304,37.6451031],[-83.7882218,37.6454534],[-83.7881859,37.6458755],[-83.788165,37.6461059],[-83.7880872,37.6462994],[-83.7879231,37.646547],[-83.7876988,37.6467009],[-83.7875617,37.6468264],[-83.7875502,37.6469958],[-83.7876075,37.6472746],[-83.7876491,37.6474599],[-83.7875439,37.6475685],[-83.7873445,37.647797],[-83.7872223,37.6481735],[-83.787241,37.648417],[-83.787353,37.6486023],[-83.7874647,37.6487626],[-83.7875003,37.6489216],[-83.7875002,37.6491649],[-83.7875183,37.6493655],[-83.7874584,37.6496386],[-83.7873664,37.6498253],[-83.7869973,37.6500398],[-83.7867163,37.6501724],[-83.7866056,37.6502684],[-83.7866483,37.6504324],[-83.7868581,37.6505676],[-83.7870905,37.6507121],[-83.7872284,37.6508535],[-83.7872523,37.6509638],[-83.7873175,37.6513504],[-83.7874041,37.6515784],[-83.7873287,37.6518068],[-83.7871645,37.6520301],[-83.7870017,37.6521881],[-83.7870012,37.6522991],[-83.7871584,37.6524093],[-83.7873733,37.6525027],[-83.7876002,37.6525271],[-83.7877385,37.6526599],[-83.78769,37.6528784],[-83.7875767,37.6530391],[-83.7875063,37.6532553],[-83.7874347,37.6535493],[-83.7872937,37.6537062],[-83.7870582,37.6538392],[-83.7870426,37.6540265],[-83.7872176,37.6540738],[-83.7878122,37.654075],[-83.7881116,37.6541249],[-83.7883087,37.6542052],[-83.7884034,37.6543606],[-83.78844,37.6546514],[-83.788393,37.6548519],[-83.7883337,37.6550383],[-83.7883659,37.6553505],[-83.7883399,37.6557036],[-83.788265,37.6558712],[-83.788115,37.6560566],[-83.7879586,37.6563109],[-83.7879697,37.6565453],[-83.7880659,37.6567157],[-83.788153,37.6569544],[-83.7882044,37.6573213],[-83.7882107,37.6574686],[-83.7882743,37.6576421]]}},{"type":"Feature","properties":{"osm_id":1435758349,"highway":"track","name":null,"alt_name":null,"official_name":null,"surface":null,"tracktype":null,"service":null,"access":null,"motor_vehicle":null,"foot":null,"tiger_reviewed":null,"rrgh_part":0,"rrgh_tile_part":0},"geometry":{"type":"LineString","coordinates":[[-83.7858588,37.6467637],[-83.7858177,37.6468393],[-83.7856634,37.6468407],[-83.7853702,37.64675],[-83.7851005,37.6465262],[-83.7849403,37.6462672],[-83.784753,37.645883],[-83.7847592,37.6456305],[-83.7849311,37.6453583],[-83.7850257,37.6451966]]}},{"type":"Feature","properties":{"osm_id":968852991,"highway":"service","name":null,"alt_name":null,"official_name":null,"surface":null,"tracktype":null,"service":null,"access":null,"motor_vehicle":null,"foot":null,"tiger_reviewed":null,"rrgh_part":0,"rrgh_tile_part":0},"geometry":{"type":"LineString","coordinates":[[-83.7978818,37.6522941],[-83.797702,37.6522201],[-83.7975885,37.6521369],[-83.7972258,37.6518917],[-83.7970406,37.6517861],[-83.7968553,37.6517361],[-83.7965639,37.6516663],[-83.7963334,37.6515607],[-83.7960555,37.6513049],[-83.7959493,37.6512137],[-83.7956963,37.6507844],[-83.7955878,37.6506717],[-83.7954997,37.6506574]]}},{"type":"Feature","properties":{"osm_id":1435752653,"highway":"service","name":null,"alt_name":null,"official_name":null,"surface":null,"tracktype":null,"service":null,"access":null,"motor_vehicle":null,"foot":null,"tiger_reviewed":null,"rrgh_part":0,"rrgh_tile_part":0},"geometry":{"type":"LineString","coordinates":[[-83.7976586,37.65236],[-83.7976558,37.6522433],[-83.7975885,37.6521369]]}},{"type":"Feature","properties":{"osm_id":16270305,"highway":"residential","name":"Rockledge Road","alt_name":null,"official_name":null,"surface":null,"tracktype":null,"service":null,"access":null,"motor_vehicle":null,"foot":null,"tiger_reviewed":"no","rrgh_part":0,"rrgh_tile_part":0},"geometry":{"type":"LineString","coordinates":[[-83.799337,37.660842],[-83.799484,37.660846],[-83.799572,37.660821],[-83.799746,37.66081],[-83.800045,37.660818],[-83.800112,37.660829],[-83.800316,37.660894],[-83.800448,37.660951],[-83.800618,37.661045],[-83.800664,37.661063],[-83.800711,37.661068],[-83.800754,37.66106],[-83.800797,37.661041],[-83.800823,37.661014],[-83.800844,37.660976],[-83.800918,37.660547],[-83.800956,37.660431],[-83.800994,37.660381],[-83.801044,37.660342],[-83.801163,37.660291],[-83.801282,37.660266],[-83.80139,37.660263],[-83.801576,37.66028],[-83.801886,37.660292],[-83.802452,37.660377],[-83.802634,37.660429],[-83.802675,37.660449],[-83.802694,37.660468],[-83.802708,37.660506],[-83.802705,37.660611],[-83.802661,37.660951],[-83.80265,37.660993],[-83.802613,37.661063],[-83.802406,37.661293],[-83.802341,37.661429],[-83.802273,37.66175],[-83.80228,37.661827],[-83.8023017,37.6618875]]}},{"type":"Feature","properties":{"osm_id":968852990,"highway":"service","name":null,"alt_name":null,"official_name":null,"surface":null,"tracktype":null,"service":null,"access":null,"motor_vehicle":null,"foot":null,"tiger_reviewed":null,"rrgh_part":0,"rrgh_tile_part":0},"geometry":{"type":"LineString","coordinates":[[-83.797033,37.654081],[-83.7967931,37.6541591],[-83.7965938,37.6542096],[-83.796489,37.654177],[-83.7964073,37.6540365],[-83.796427,37.6538403],[-83.7965481,37.653624],[-83.7968298,37.6534054],[-83.796934,37.6531601],[-83.7971086,37.6529639],[-83.7976184,37.6524109],[-83.7976586,37.65236],[-83.7978818,37.6522941],[-83.7982734,37.6523422],[-83.7987245,37.6524029],[-83.7993508,37.6527903],[-83.7996934,37.6531028],[-83.7998028,37.6532371],[-83.7998239,37.653263],[-83.7998271,37.6534231],[-83.7995433,37.6537279],[-83.7994183,37.6538606],[-83.799129,37.654168]]}},{"type":"Feature","properties":{"osm_id":968852993,"highway":"service","name":null,"alt_name":null,"official_name":null,"surface":null,"tracktype":null,"service":null,"access":null,"motor_vehicle":null,"foot":null,"tiger_reviewed":null,"rrgh_part":0,"rrgh_tile_part":0},"geometry":{"type":"LineString","coordinates":[[-83.796593,37.657136],[-83.7964132,37.657234],[-83.7959877,37.6575285],[-83.7957615,37.6577094],[-83.7955257,37.657823],[-83.7953652,37.6578461],[-83.7950555,37.6579844],[-83.7944485,37.6583285],[-83.7942941,37.6583984]]}},{"type":"Feature","properties":{"osm_id":1435752651,"highway":"service","name":null,"alt_name":null,"official_name":null,"surface":null,"tracktype":null,"service":null,"access":null,"motor_vehicle":null,"foot":null,"tiger_reviewed":null,"rrgh_part":0,"rrgh_tile_part":0},"geometry":{"type":"LineString","coordinates":[[-83.7994183,37.6538606],[-83.7992867,37.6537801],[-83.7991293,37.6537359],[-83.798783,37.653728]]}},{"type":"Feature","properties":{"osm_id":1435752654,"highway":"track","name":null,"alt_name":null,"official_name":null,"surface":null,"tracktype":null,"service":null,"access":null,"motor_vehicle":null,"foot":null,"tiger_reviewed":null,"rrgh_part":0,"rrgh_tile_part":0},"geometry":{"type":"LineString","coordinates":[[-83.7923312,37.6511421],[-83.7922403,37.6512175],[-83.7921235,37.6512084],[-83.7920124,37.6510763],[-83.7918474,37.650869],[-83.791711,37.6507513],[-83.7916693,37.6506172],[-83.7915568,37.6504516],[-83.791547,37.6503631],[-83.7915368,37.6502857],[-83.7914669,37.6502589],[-83.7912569,37.6501959],[-83.7911613,37.6501365]]}},{"type":"Feature","properties":{"osm_id":1435752660,"highway":"track","name":null,"alt_name":null,"official_name":null,"surface":null,"tracktype":null,"service":null,"access":null,"motor_vehicle":null,"foot":null,"tiger_reviewed":null,"rrgh_part":0,"rrgh_tile_part":0},"geometry":{"type":"LineString","coordinates":[[-83.7942527,37.6514559],[-83.7942677,37.6515353],[-83.7940524,37.6522682]]}},{"type":"Feature","properties":{"osm_id":1435752665,"highway":"track","name":null,"alt_name":null,"official_name":null,"surface":null,"tracktype":null,"service":null,"access":null,"motor_vehicle":null,"foot":null,"tiger_reviewed":null,"rrgh_part":0,"rrgh_tile_part":0},"geometry":{"type":"LineString","coordinates":[[-83.7895103,37.6491816],[-83.7892843,37.6490765],[-83.7891834,37.648932],[-83.789106,37.6487205],[-83.7890899,37.6484443],[-83.7892772,37.6482446],[-83.7896838,37.6480559],[-83.7897986,37.6479346],[-83.789962,37.647543],[-83.7900821,37.64735],[-83.7903656,37.6472647],[-83.7905397,37.6472477],[-83.7907871,37.6472937],[-83.7909556,37.6473754],[-83.7910579,37.6474876],[-83.7912118,37.6478143],[-83.7912373,37.6480116],[-83.7913226,37.6482517],[-83.7913409,37.648321],[-83.7915193,37.6484181],[-83.7917243,37.6484674],[-83.7919484,37.6483422],[-83.792225,37.6481496],[-83.7924356,37.647951],[-83.7925361,37.6477123],[-83.7926202,37.6475286],[-83.7927741,37.6474432],[-83.7929633,37.6474452],[-83.7931853,37.6474618]]}},{"type":"Feature","properties":{"osm_id":1435752672,"highway":"track","name":null,"alt_name":null,"official_name":null,"surface":null,"tracktype":null,"service":null,"access":null,"motor_vehicle":null,"foot":null,"tiger_reviewed":null,"rrgh_part":0,"rrgh_tile_part":0},"geometry":{"type":"LineString","coordinates":[[-83.7911287,37.6524652],[-83.7908808,37.6522461],[-83.7906947,37.6520206],[-83.7905921,37.6517533],[-83.790522,37.6514958],[-83.7903708,37.6513869],[-83.7899632,37.6513751],[-83.7895149,37.6514481],[-83.7893065,37.6514533],[-83.788891,37.6514034]]}},{"type":"Feature","properties":{"osm_id":1435752656,"highway":"track","name":null,"alt_name":null,"official_name":null,"surface":null,"tracktype":null,"service":null,"access":null,"motor_vehicle":null,"foot":null,"tiger_reviewed":null,"rrgh_part":0,"rrgh_tile_part":0},"geometry":{"type":"LineString","coordinates":[[-83.7901185,37.6580252],[-83.7901301,37.6580641],[-83.7902552,37.6581404],[-83.7903698,37.6582216],[-83.7904116,37.658291],[-83.7904384,37.658402],[-83.7905655,37.6586201],[-83.790592,37.6587833],[-83.7905672,37.659015],[-83.7905037,37.6591594],[-83.7903594,37.6593146],[-83.7902132,37.6595044],[-83.7901758,37.6594735],[-83.7900659,37.6592631],[-83.7898465,37.6589549],[-83.7896467,37.6587864],[-83.7892684,37.6586722],[-83.7889615,37.6586805],[-83.7888086,37.6587639],[-83.7887219,37.6589215],[-83.7886301,37.6592217],[-83.7885887,37.6594419],[-83.7884829,37.659567],[-83.7883719,37.6597773],[-83.7883514,37.659891],[-83.7882351,37.6600251],[-83.7880071,37.6602204],[-83.7878541,37.6604942],[-83.787783,37.660727],[-83.7877564,37.6608729],[-83.7877507,37.6608973],[-83.78759,37.6609263],[-83.7875021,37.6609695],[-83.7873876,37.6610604]]}},{"type":"Feature","properties":{"osm_id":1435758351,"highway":"track","name":null,"alt_name":null,"official_name":null,"surface":null,"tracktype":null,"service":null,"access":null,"motor_vehicle":null,"foot":null,"tiger_reviewed":null,"rrgh_part":0,"rrgh_tile_part":0},"geometry":{"type":"LineString","coordinates":[[-83.7903776,37.6553427],[-83.7899364,37.6555802],[-83.7896927,37.6556525],[-83.7892849,37.655877],[-83.7890197,37.6560685],[-83.7887648,37.6561298],[-83.7884875,37.6562727],[-83.788338,37.6563941],[-83.7879697,37.6565453],[-83.7875987,37.656684],[-83.7873499,37.6568131],[-83.7872451,37.6570177],[-83.787166,37.6571843],[-83.7871779,37.6574308],[-83.7870285,37.6575904]]}},{"type":"Feature","properties":{"osm_id":1435752655,"highway":"track","name":null,"alt_name":null,"official_name":null,"surface":null,"tracktype":null,"service":null,"access":null,"motor_vehicle":null,"foot":null,"tiger_reviewed":null,"rrgh_part":0,"rrgh_tile_part":0},"geometry":{"type":"LineString","coordinates":[[-83.793022,37.6551798],[-83.7926387,37.6552571],[-83.7924092,37.6552919],[-83.7922454,37.6552977],[-83.7921737,37.655286],[-83.792055,37.6551612],[-83.7917719,37.65499],[-83.7915133,37.6549319],[-83.7912346,37.6548537],[-83.7909875,37.654831],[-83.7906959,37.6549672],[-83.7905363,37.6552078],[-83.7903776,37.6553427],[-83.7902618,37.6555186],[-83.7901715,37.6557569],[-83.789969,37.6559825],[-83.7898234,37.6562648],[-83.7896835,37.6564823],[-83.7894806,37.6567255],[-83.7893208,37.6568947],[-83.789217,37.6571121],[-83.7891986,37.6573818],[-83.7892641,37.6575696],[-83.7893679,37.6577336],[-83.7895758,37.6578731],[-83.7897588,37.6580365],[-83.7898577,37.6580625],[-83.7899317,37.6581177],[-83.7900042,37.6582209],[-83.7899778,37.6583145],[-83.789892,37.6583486]]}},{"type":"Feature","properties":{"osm_id":1435758352,"highway":"track","name":null,"alt_name":null,"official_name":null,"surface":null,"tracktype":null,"service":null,"access":null,"motor_vehicle":null,"foot":null,"tiger_reviewed":null,"rrgh_part":0,"rrgh_tile_part":0},"geometry":{"type":"LineString","coordinates":[[-83.7877638,37.6572412],[-83.787166,37.6571843],[-83.7869818,37.6572434],[-83.7866961,37.6573558],[-83.7864373,37.6574174],[-83.7862704,37.6574515],[-83.7860649,37.65746],[-83.7858549,37.6575316],[-83.7858141,37.6573977],[-83.7858784,37.6571421],[-83.7860262,37.6569023],[-83.7862859,37.6567217],[-83.7863752,37.656629],[-83.7863685,37.6564535],[-83.7863287,37.6563181]]}},{"type":"Feature","properties":{"osm_id":16269666,"highway":"residential","name":"Sipple Ridge Road","alt_name":null,"official_name":null,"surface":null,"tracktype":null,"service":null,"access":null,"motor_vehicle":null,"foot":null,"tiger_reviewed":"no","rrgh_part":0,"rrgh_tile_part":0},"geometry":{"type":"LineString","coordinates":[[-83.76405652159468,37.6],[-83.7640486,37.6003974],[-83.7637405,37.6014235],[-83.763625,37.601989],[-83.7633021,37.6025532],[-83.7625126,37.6029337],[-83.7623822,37.6031095],[-83.7622819,37.6036518],[-83.7623704,37.6041384],[-83.7625137,37.6048562],[-83.7627134,37.605081],[-83.7630421,37.6052059],[-83.763366,37.6052248],[-83.7635631,37.6052704],[-83.763715,37.6053974],[-83.7639116,37.605682],[-83.7640514,37.6061092],[-83.7640507,37.6063574],[-83.7639318,37.606552],[-83.7636995,37.6066333],[-83.7632068,37.606729],[-83.7629874,37.6068758],[-83.7629262,37.6070266],[-83.7628994,37.6072746],[-83.7629307,37.6073386],[-83.7629979,37.607476],[-83.7633559,37.6078018],[-83.763568,37.608082],[-83.763609,37.608158],[-83.763834,37.608681],[-83.763992,37.608991],[-83.764109,37.609132],[-83.764246,37.609259],[-83.764601,37.609515],[-83.764657,37.609565],[-83.764702,37.609619],[-83.7647362,37.6096851],[-83.764762,37.609735],[-83.7647666,37.6097776],[-83.7648,37.61009],[-83.764805,37.610291],[-83.764739,37.610748],[-83.764726,37.610962],[-83.764747,37.611178],[-83.76484,37.611576],[-83.764849,37.61167],[-83.764841,37.61176],[-83.76482,37.611845],[-83.764716,37.612086],[-83.764662,37.612248],[-83.764652,37.61233],[-83.764659,37.612412],[-83.7646765,37.612469],[-83.764683,37.61249],[-83.764722,37.612564],[-83.764778,37.612633],[-83.764853,37.612695],[-83.765018,37.612806],[-83.7656,37.61307],[-83.766258,37.613394],[-83.766418,37.613501],[-83.766551,37.613631],[-83.766596,37.613707],[-83.766651,37.613873],[-83.766685,37.614042],[-83.766703,37.614219],[-83.766668,37.614602],[-83.766609,37.614775],[-83.766557,37.614859],[-83.766415,37.615011],[-83.766259,37.615141],[-83.765638,37.615566],[-83.765469,37.615699],[-83.765393,37.615772],[-83.765262,37.615925],[-83.765156,37.616084],[-83.765074,37.61625],[-83.7650502,37.6163543],[-83.765034,37.616425],[-83.765032,37.616605],[-83.765048,37.616791],[-83.765106,37.617239],[-83.765218,37.617783],[-83.765279,37.618262],[-83.76534,37.618696],[-83.7654,37.619103],[-83.765465,37.619691],[-83.765548,37.620307],[-83.765607,37.620938],[-83.765723,37.621762],[-83.765952,37.623139],[-83.765959,37.623282],[-83.765927,37.623478],[-83.765929,37.623537],[-83.765949,37.623591],[-83.76599,37.623648]]}},{"type":"Feature","properties":{"osm_id":16268281,"highway":"service","name":null,"alt_name":null,"official_name":null,"surface":null,"tracktype":null,"service":null,"access":null,"motor_vehicle":null,"foot":null,"tiger_reviewed":"no","rrgh_part":0,"rrgh_tile_part":0},"geometry":{"type":"LineString","coordinates":[[-83.7629307,37.6073386],[-83.7624387,37.6076476],[-83.7620656,37.6076491],[-83.7616142,37.6073663],[-83.7613024,37.6069944],[-83.7609104,37.6068515],[-83.7606285,37.6067667],[-83.7600263,37.6066308],[-83.76,37.60661969865416]]}},{"type":"Feature","properties":{"osm_id":16268897,"highway":"service","name":null,"alt_name":null,"official_name":null,"surface":null,"tracktype":null,"service":null,"access":null,"motor_vehicle":null,"foot":null,"tiger_reviewed":"no","rrgh_part":0,"rrgh_tile_part":0},"geometry":{"type":"LineString","coordinates":[[-83.7625126,37.6029337],[-83.762194,37.6024255]]}},{"type":"Feature","properties":{"osm_id":16268898,"highway":"service","name":null,"alt_name":null,"official_name":null,"surface":null,"tracktype":null,"service":null,"access":null,"motor_vehicle":null,"foot":null,"tiger_reviewed":"no","rrgh_part":0,"rrgh_tile_part":0},"geometry":{"type":"LineString","coordinates":[[-83.762428,37.602307],[-83.762194,37.6024255],[-83.762134,37.602306],[-83.762033,37.602153],[-83.761983,37.602048],[-83.762044,37.601927],[-83.762135,37.601863],[-83.762317,37.601911],[-83.762438,37.602073],[-83.762428,37.602307]]}},{"type":"Feature","properties":{"osm_id":16270434,"highway":"residential","name":"Blacksridge Road","alt_name":null,"official_name":null,"surface":null,"tracktype":null,"service":null,"access":null,"motor_vehicle":null,"foot":null,"tiger_reviewed":"no","rrgh_part":0,"rrgh_tile_part":0},"geometry":{"type":"LineString","coordinates":[[-83.772504,37.613512],[-83.772653,37.613495],[-83.772579,37.613464],[-83.772479,37.613403],[-83.772415,37.613391],[-83.772333,37.613417],[-83.772291,37.613467],[-83.772302,37.613524],[-83.772354,37.613548],[-83.772422,37.61354],[-83.772504,37.613512]]}},{"type":"Feature","properties":{"osm_id":16270437,"highway":"residential","name":"J Brown Road","alt_name":null,"official_name":null,"surface":null,"tracktype":null,"service":null,"access":null,"motor_vehicle":null,"foot":null,"tiger_reviewed":"no","rrgh_part":0,"rrgh_tile_part":0},"geometry":{"type":"LineString","coordinates":[[-83.776205,37.62445],[-83.776173,37.624414],[-83.776164,37.62434],[-83.776248,37.624074],[-83.776353,37.623779],[-83.776502,37.623461],[-83.776618,37.623269],[-83.776695,37.623039],[-83.776852,37.622741],[-83.776884,37.622637],[-83.776867,37.622532],[-83.776824,37.622428],[-83.776634,37.622182],[-83.7766,37.622127],[-83.776557,37.62201],[-83.776549,37.621818],[-83.776624,37.621596],[-83.776773,37.621399],[-83.776766,37.62135],[-83.776781,37.62129],[-83.776754,37.621179],[-83.77666,37.621111],[-83.776592,37.621007],[-83.776525,37.620937],[-83.776405,37.620775],[-83.776352,37.620682],[-83.776305,37.62057],[-83.776274,37.62045],[-83.776269,37.620383],[-83.776306,37.620207],[-83.776562,37.61991],[-83.77665,37.619767],[-83.77667,37.619713],[-83.776685,37.619602],[-83.77666,37.619486],[-83.776524,37.619253],[-83.776491,37.619182],[-83.776488,37.61913],[-83.776509,37.619023],[-83.776664,37.618841],[-83.776748,37.618706],[-83.776783,37.618612],[-83.776778,37.618513],[-83.776751,37.618407],[-83.776697,37.618297],[-83.7765801,37.6180948],[-83.776468,37.617901],[-83.776373,37.617773],[-83.776238,37.617681],[-83.776147,37.617651],[-83.77606,37.617637],[-83.775847,37.617615],[-83.775719,37.617615],[-83.775581,37.617594],[-83.775506,37.617561],[-83.775343,37.617466],[-83.775202,37.617326],[-83.775157,37.617262],[-83.775061,37.617168],[-83.774964,37.61695],[-83.774908,37.616772],[-83.774839,37.616606],[-83.774796,37.616379],[-83.77479,37.616181],[-83.774802,37.616096],[-83.774936,37.615886],[-83.774955,37.615768],[-83.774923,37.615532],[-83.7747929,37.6153107],[-83.774495,37.614754],[-83.77446,37.614647],[-83.774478,37.614581],[-83.774597,37.614426],[-83.774629,37.614356],[-83.77467,37.614165],[-83.774702,37.613939],[-83.774706,37.613821],[-83.774686,37.613744],[-83.774607,37.613669],[-83.774568,37.613653],[-83.774348,37.613623],[-83.773874,37.613628],[-83.773571,37.61369],[-83.773358,37.613706],[-83.773174,37.613695],[-83.773088,37.613676],[-83.772878,37.613604],[-83.772653,37.613495]]}},{"type":"Feature","properties":{"osm_id":969808991,"highway":"service","name":null,"alt_name":null,"official_name":null,"surface":null,"tracktype":null,"service":null,"access":null,"motor_vehicle":null,"foot":null,"tiger_reviewed":null,"rrgh_part":0,"rrgh_tile_part":0},"geometry":{"type":"LineString","coordinates":[[-83.7765801,37.6180948],[-83.7766122,37.6180708],[-83.7766148,37.6179487],[-83.7767241,37.6178214],[-83.776819,37.6177411],[-83.777164,37.6172017],[-83.7772865,37.6170556],[-83.7773326,37.6169429],[-83.777334,37.616848],[-83.7772839,37.6166425],[-83.7772773,37.6163368],[-83.7773208,37.6160561],[-83.7774038,37.6158881],[-83.7776066,37.6156941],[-83.7777713,37.6155355],[-83.7780228,37.6154322],[-83.7781848,37.6153612],[-83.7782981,37.6152527],[-83.7784865,37.6149773],[-83.7786537,37.6146695],[-83.778663,37.6145245],[-83.7786261,37.6143888],[-83.7786182,37.6142219],[-83.7786406,37.6141186],[-83.7787236,37.6139308],[-83.7788158,37.6138212],[-83.7789264,37.6136574],[-83.7789396,37.6134999],[-83.7788856,37.6131952],[-83.7789672,37.6126255],[-83.7791068,37.612157],[-83.7791477,37.6119087],[-83.7791332,37.6117981],[-83.7790225,37.6116343],[-83.7788777,37.6114778],[-83.7788013,37.6112983],[-83.7787736,37.6111616],[-83.7788829,37.6109676]]}},{"type":"Feature","properties":{"osm_id":969808992,"highway":"service","name":null,"alt_name":null,"official_name":null,"surface":null,"tracktype":null,"service":null,"access":null,"motor_vehicle":null,"foot":null,"tiger_reviewed":null,"rrgh_part":0,"rrgh_tile_part":0},"geometry":{"type":"LineString","coordinates":[[-83.7747929,37.6153107],[-83.774319,37.6155558],[-83.7741914,37.6156052],[-83.7741092,37.6156209],[-83.7739292,37.615613],[-83.77364,37.6156186],[-83.7733295,37.6155748],[-83.7730928,37.6154816],[-83.7728206,37.6153795],[-83.7726108,37.6153188],[-83.7725187,37.6153604],[-83.7725017,37.6154547],[-83.772557,37.6155625],[-83.7727072,37.6157287],[-83.7728745,37.6158208],[-83.773124,37.6159431],[-83.7732998,37.61607],[-83.7734741,37.6162564],[-83.773847,37.6168527],[-83.7739547,37.6171514]]}},{"type":"Feature","properties":{"osm_id":1336682687,"highway":"residential","name":"Rufus Thacker Road","alt_name":null,"official_name":null,"surface":null,"tracktype":null,"service":null,"access":null,"motor_vehicle":null,"foot":null,"tiger_reviewed":null,"rrgh_part":0,"rrgh_tile_part":0},"geometry":{"type":"LineString","coordinates":[[-83.77666,37.619486],[-83.7769032,37.6193181],[-83.7773669,37.6192201],[-83.7776351,37.6191595],[-83.7778658,37.6190346],[-83.7781306,37.618807],[-83.7781854,37.6187371],[-83.7784332,37.6186833]]}},{"type":"Feature","properties":{"osm_id":969808993,"highway":"service","name":null,"alt_name":null,"official_name":null,"surface":null,"tracktype":null,"service":null,"access":null,"motor_vehicle":null,"foot":null,"tiger_reviewed":null,"rrgh_part":0,"rrgh_tile_part":0},"geometry":{"type":"LineString","coordinates":[[-83.7739547,37.6171514],[-83.7740597,37.6173194],[-83.774104,37.6174911],[-83.7740055,37.6175405],[-83.7734916,37.6172024],[-83.7731697,37.617045],[-83.7729908,37.6169709]]}},{"type":"Feature","properties":{"osm_id":968812115,"highway":"service","name":null,"alt_name":null,"official_name":null,"surface":null,"tracktype":null,"service":null,"access":null,"motor_vehicle":null,"foot":null,"tiger_reviewed":null,"rrgh_part":0,"rrgh_tile_part":0},"geometry":{"type":"LineString","coordinates":[[-83.760008,37.623447],[-83.76,37.623429118918935]]}},{"type":"Feature","properties":{"osm_id":16268961,"highway":"residential","name":"Youth Haven Camp Road","alt_name":null,"official_name":null,"surface":null,"tracktype":null,"service":null,"access":null,"motor_vehicle":null,"foot":null,"tiger_reviewed":"no","rrgh_part":0,"rrgh_tile_part":0},"geometry":{"type":"LineString","coordinates":[[-83.771036,37.623198],[-83.771147,37.623336],[-83.771341,37.623477],[-83.771603,37.623606],[-83.771776,37.623675],[-83.772003,37.623747],[-83.772118,37.623816],[-83.772169,37.623855],[-83.772299,37.624015],[-83.772363,37.624195],[-83.77239,37.624361],[-83.772383,37.624486],[-83.772351,37.624529],[-83.772256,37.624593],[-83.772215,37.624637],[-83.772035,37.625043],[-83.771963,37.625158],[-83.771549,37.625588],[-83.771548,37.62565],[-83.77159,37.625713],[-83.771612,37.625725],[-83.771733,37.62571],[-83.771932,37.625607],[-83.772115,37.625561],[-83.7721364,37.625551],[-83.772173,37.625534],[-83.772227,37.62549],[-83.772272,37.625434],[-83.772438,37.625165],[-83.772486,37.625108],[-83.772521,37.625039],[-83.772567,37.625],[-83.772608,37.624996],[-83.772774,37.625012]]}},{"type":"Feature","properties":{"osm_id":16270246,"highway":"residential","name":"Youth Haven Camp Road","alt_name":null,"official_name":null,"surface":null,"tracktype":null,"service":null,"access":null,"motor_vehicle":null,"foot":null,"tiger_reviewed":"no","rrgh_part":0,"rrgh_tile_part":0},"geometry":{"type":"LineString","coordinates":[[-83.772774,37.625012],[-83.772903,37.625007],[-83.773193,37.624973],[-83.773854,37.624959],[-83.77409,37.624935],[-83.77413,37.624922],[-83.774188,37.624866],[-83.774213,37.624796],[-83.774217,37.624721]]}},{"type":"Feature","properties":{"osm_id":1336682688,"highway":"residential","name":null,"alt_name":null,"official_name":null,"surface":null,"tracktype":null,"service":null,"access":null,"motor_vehicle":null,"foot":null,"tiger_reviewed":null,"rrgh_part":0,"rrgh_tile_part":0},"geometry":{"type":"LineString","coordinates":[[-83.772608,37.624996],[-83.772351,37.624529]]}},{"type":"Feature","properties":{"osm_id":16269871,"highway":"residential","name":"Youth Haven Camp Road 2","alt_name":null,"official_name":null,"surface":null,"tracktype":null,"service":null,"access":null,"motor_vehicle":null,"foot":null,"tiger_reviewed":"no","rrgh_part":0,"rrgh_tile_part":0},"geometry":{"type":"LineString","coordinates":[[-83.77888,37.624202],[-83.778905,37.624244],[-83.778909,37.624282],[-83.778891,37.624325],[-83.77885,37.624363],[-83.778796,37.624392],[-83.778568,37.62448],[-83.778329,37.624592],[-83.778213,37.624665],[-83.778029,37.624814],[-83.777962,37.624851],[-83.777874,37.624869],[-83.777738,37.624878],[-83.777162,37.624976],[-83.776874,37.624985],[-83.776633,37.625029],[-83.776432,37.625089],[-83.776185,37.625179],[-83.775972,37.625282],[-83.775852,37.625327],[-83.775764,37.625341],[-83.775426,37.625371],[-83.775255,37.625377],[-83.774954,37.62542],[-83.774692,37.625431],[-83.774563,37.625423],[-83.774501,37.625427],[-83.774324,37.625472],[-83.774265,37.625474],[-83.774149,37.625457],[-83.773959,37.625402],[-83.773708,37.625307],[-83.773556,37.625239],[-83.773401,37.625191],[-83.773243,37.625162],[-83.772876,37.625131],[-83.772818,37.625098],[-83.772774,37.625012]]}},{"type":"Feature","properties":{"osm_id":968852956,"highway":"service","name":null,"alt_name":null,"official_name":null,"surface":null,"tracktype":null,"service":null,"access":null,"motor_vehicle":null,"foot":null,"tiger_reviewed":null,"rrgh_part":0,"rrgh_tile_part":0},"geometry":{"type":"LineString","coordinates":[[-83.774692,37.625431],[-83.7747215,37.6255407],[-83.7745609,37.6257664],[-83.7743699,37.6260185],[-83.7743123,37.6261721],[-83.7744972,37.6264866],[-83.774779,37.6268729],[-83.7748671,37.6270912],[-83.7749349,37.6272988],[-83.7749258,37.6273847],[-83.7748242,37.6274276],[-83.7746954,37.6274151],[-83.7745327,37.6273274],[-83.7742864,37.6271109],[-83.7740967,37.626991],[-83.7739453,37.6269552],[-83.77369,37.6270537],[-83.7735205,37.6271199],[-83.7733782,37.627127],[-83.773159,37.6269821],[-83.772845,37.6267691],[-83.772601,37.6266958],[-83.772478,37.6265571],[-83.7724676,37.6265455],[-83.7724764,37.6264252],[-83.7724789,37.6263898],[-83.7724609,37.6262681],[-83.7723027,37.6261017],[-83.7722259,37.6259496],[-83.7721762,37.625717],[-83.7721739,37.6256203],[-83.7721364,37.625551]]}},{"type":"Feature","properties":{"osm_id":968852958,"highway":"service","name":null,"alt_name":null,"official_name":null,"surface":null,"tracktype":null,"service":null,"access":null,"motor_vehicle":null,"foot":null,"tiger_reviewed":null,"rrgh_part":0,"rrgh_tile_part":0},"geometry":{"type":"LineString","coordinates":[[-83.772478,37.6265571],[-83.7725287,37.6268354],[-83.7727568,37.6272487],[-83.7727455,37.6274151],[-83.77268,37.6275959],[-83.7728789,37.6281327],[-83.7729037,37.6282776],[-83.7728766,37.6288413],[-83.7727388,37.6292439],[-83.7727478,37.6294854],[-83.772732,37.6296035],[-83.7726326,37.6297467],[-83.7725512,37.6299113],[-83.7725377,37.6301278],[-83.7725332,37.6302459],[-83.7725964,37.6306288]]}},{"type":"Feature","properties":{"osm_id":968852989,"highway":"service","name":null,"alt_name":null,"official_name":null,"surface":null,"tracktype":null,"service":null,"access":null,"motor_vehicle":null,"foot":null,"tiger_reviewed":null,"rrgh_part":0,"rrgh_tile_part":0},"geometry":{"type":"LineString","coordinates":[[-83.7710914,37.6317598],[-83.7710001,37.6318145],[-83.7707881,37.631715],[-83.7705395,37.6315596],[-83.7700004,37.6312093],[-83.7697125,37.6310166],[-83.7694979,37.6308363],[-83.7692571,37.6307409],[-83.7690556,37.6306311],[-83.7688672,37.6304031],[-83.7687102,37.6301461],[-83.7685793,37.630001],[-83.7685165,37.6298331],[-83.7684589,37.6296134],[-83.7683987,37.6295637],[-83.7683072,37.6295181],[-83.7682417,37.6294497],[-83.7682077,37.6292114],[-83.7681711,37.6289108]]}},{"type":"Feature","properties":{"osm_id":968894203,"highway":"service","name":null,"alt_name":null,"official_name":null,"surface":null,"tracktype":null,"service":null,"access":null,"motor_vehicle":null,"foot":null,"tiger_reviewed":null,"rrgh_part":0,"rrgh_tile_part":0},"geometry":{"type":"LineString","coordinates":[[-83.7732423,37.6329402],[-83.7731782,37.6329951],[-83.7730085,37.6329904],[-83.7725482,37.632873],[-83.772199,37.6327232],[-83.772002,37.6326351],[-83.771528,37.6325857],[-83.7712374,37.6324807],[-83.7711242,37.6324281],[-83.7710228,37.6324343],[-83.7706249,37.6325347]]}},{"type":"Feature","properties":{"osm_id":16268835,"highway":"service","name":null,"alt_name":null,"official_name":null,"surface":null,"tracktype":null,"service":null,"access":null,"motor_vehicle":null,"foot":null,"tiger_reviewed":"no","rrgh_part":0,"rrgh_tile_part":0},"geometry":{"type":"LineString","coordinates":[[-83.7635335,37.627191],[-83.763529,37.6269672],[-83.7633003,37.6260346],[-83.763262,37.6258333],[-83.7633533,37.6256141],[-83.763395,37.6254122],[-83.7635265,37.6252556]]}},{"type":"Feature","properties":{"osm_id":16269635,"highway":"service","name":"Mays Store Road","alt_name":null,"official_name":null,"surface":null,"tracktype":null,"service":null,"access":"private","motor_vehicle":null,"foot":null,"tiger_reviewed":"no","rrgh_part":0,"rrgh_tile_part":0},"geometry":{"type":"LineString","coordinates":[[-83.761794,37.627054],[-83.761783,37.626999],[-83.761821,37.626956],[-83.762068,37.626904],[-83.76212,37.626855],[-83.762135,37.626824],[-83.762124,37.626756],[-83.762029,37.626558],[-83.761984,37.626448],[-83.761945,37.626285],[-83.761932,37.626054],[-83.761903,37.62601],[-83.761878,37.625997],[-83.761837,37.625994]]}},{"type":"Feature","properties":{"osm_id":968812123,"highway":"service","name":null,"alt_name":null,"official_name":null,"surface":null,"tracktype":null,"service":null,"access":null,"motor_vehicle":null,"foot":null,"tiger_reviewed":null,"rrgh_part":0,"rrgh_tile_part":0},"geometry":{"type":"LineString","coordinates":[[-83.7646423,37.6269742],[-83.7646782,37.627058],[-83.7646223,37.6271466],[-83.7644691,37.627214]]}},{"type":"Feature","properties":{"osm_id":968812116,"highway":"service","name":null,"alt_name":null,"official_name":null,"surface":null,"tracktype":null,"service":null,"access":null,"motor_vehicle":null,"foot":null,"tiger_reviewed":null,"rrgh_part":0,"rrgh_tile_part":0},"geometry":{"type":"LineString","coordinates":[[-83.76,37.62510478036117],[-83.760064,37.6250499],[-83.760278,37.6248515],[-83.760402,37.6247302],[-83.7604215,37.6246454],[-83.7602877,37.6244779],[-83.7602659,37.6243296],[-83.7602902,37.6242275],[-83.760157,37.6241354]]}},{"type":"Feature","properties":{"osm_id":16269103,"highway":"residential","name":"Ratcliff Road","alt_name":null,"official_name":null,"surface":null,"tracktype":null,"service":null,"access":null,"motor_vehicle":null,"foot":null,"tiger_reviewed":"no","rrgh_part":0,"rrgh_tile_part":0},"geometry":{"type":"LineString","coordinates":[[-83.760008,37.623447],[-83.760158,37.623636],[-83.76022,37.623741],[-83.760257,37.623868],[-83.760256,37.623957],[-83.760204,37.624082],[-83.760157,37.6241354],[-83.760145,37.624149],[-83.760062,37.624195],[-83.76,37.62421013880446]]}},{"type":"Feature","properties":{"osm_id":16269612,"highway":"unclassified","name":"New Virginia Ridge Road","alt_name":null,"official_name":null,"surface":"unpaved","tracktype":null,"service":null,"access":null,"motor_vehicle":null,"foot":null,"tiger_reviewed":"no","rrgh_part":0,"rrgh_tile_part":0},"geometry":{"type":"LineString","coordinates":[[-83.76,37.6354309490909],[-83.760061,37.635403],[-83.760132,37.635348],[-83.76044,37.634908],[-83.760591,37.63465],[-83.760677,37.63456],[-83.76119,37.634307],[-83.761261,37.634265],[-83.761333,37.634207],[-83.761407,37.634072],[-83.761431,37.633947],[-83.761435,37.633339],[-83.761468,37.633241],[-83.761537,37.633139],[-83.761619,37.632876],[-83.761648,37.632825],[-83.761781,37.632665],[-83.762021,37.632415],[-83.762153,37.632292]]}},{"type":"Feature","properties":{"osm_id":821567526,"highway":"unclassified","name":"New Virginia Ridge Road","alt_name":null,"official_name":null,"surface":null,"tracktype":null,"service":null,"access":null,"motor_vehicle":null,"foot":null,"tiger_reviewed":"no","rrgh_part":0,"rrgh_tile_part":0},"geometry":{"type":"LineString","coordinates":[[-83.762153,37.632292],[-83.762329,37.632095],[-83.76247,37.631928],[-83.7625857,37.6318087],[-83.762661,37.631731],[-83.762735,37.631623],[-83.762925,37.631243],[-83.762968,37.631129],[-83.7629717,37.6310887],[-83.76298,37.631],[-83.762968,37.630933],[-83.762924,37.630804],[-83.762801,37.630603],[-83.761974,37.629511],[-83.761883,37.629376],[-83.761823,37.629249],[-83.761691,37.628826],[-83.761555,37.628531],[-83.761539,37.628473],[-83.761536,37.628358],[-83.761549,37.628302],[-83.761607,37.628199],[-83.761653,37.628153],[-83.7617723,37.6280666],[-83.761867,37.627998],[-83.761954,37.62791],[-83.762087,37.627725],[-83.762184,37.627538],[-83.762213,37.627387],[-83.762198,37.627292],[-83.762161,37.62721],[-83.762079,37.627078],[-83.762059,37.627024]]}},{"type":"Feature","properties":{"osm_id":968812121,"highway":"service","name":null,"alt_name":null,"official_name":null,"surface":null,"tracktype":null,"service":null,"access":null,"motor_vehicle":null,"foot":null,"tiger_reviewed":null,"rrgh_part":0,"rrgh_tile_part":0},"geometry":{"type":"LineString","coordinates":[[-83.7629717,37.6310887],[-83.7631099,37.6311187],[-83.7632168,37.6311187],[-83.7633745,37.6310498],[-83.7635938,37.6309378],[-83.7637171,37.6309005],[-83.7638584,37.6309177],[-83.7642826,37.6311187],[-83.7646595,37.6311976],[-83.7648571,37.631245],[-83.7651163,37.6313828],[-83.7653972,37.6316799],[-83.7656002,37.631921],[-83.7657361,37.6320603],[-83.7657483,37.6320896]]}},{"type":"Feature","properties":{"osm_id":968812121,"highway":"service","name":null,"alt_name":null,"official_name":null,"surface":null,"tracktype":null,"service":null,"access":null,"motor_vehicle":null,"foot":null,"tiger_reviewed":null,"rrgh_part":1,"rrgh_tile_part":0},"geometry":{"type":"LineString","coordinates":[[-83.7657483,37.6320896],[-83.7657923,37.6321952],[-83.7659155,37.6323832],[-83.7660225,37.632511],[-83.7661928,37.6326043],[-83.766307,37.6326229],[-83.7664013,37.6325971],[-83.7664411,37.6325268],[-83.7663106,37.6323272],[-83.766104,37.6322268],[-83.7659101,37.6321062],[-83.7657483,37.6320896]]}},{"type":"Feature","properties":{"osm_id":1441993749,"highway":"track","name":null,"alt_name":null,"official_name":null,"surface":null,"tracktype":null,"service":null,"access":null,"motor_vehicle":null,"foot":null,"tiger_reviewed":null,"rrgh_part":0,"rrgh_tile_part":0},"geometry":{"type":"LineString","coordinates":[[-83.7627659,37.6423125],[-83.7625642,37.6421058],[-83.7624088,37.6418845],[-83.7622502,37.6417231],[-83.7621544,37.6415959],[-83.7618547,37.6414802],[-83.7616285,37.6413811],[-83.7613222,37.6411625],[-83.7611211,37.6409295],[-83.7608799,37.6408042],[-83.7606608,37.6406681],[-83.7604363,37.6404336],[-83.7601851,37.6403023],[-83.7600124,37.6402148],[-83.76,37.64020755303431]]}},{"type":"Feature","properties":{"osm_id":1441993749,"highway":"track","name":null,"alt_name":null,"official_name":null,"surface":null,"tracktype":null,"service":null,"access":null,"motor_vehicle":null,"foot":null,"tiger_reviewed":null,"rrgh_part":0,"rrgh_tile_part":1},"geometry":{"type":"LineString","coordinates":[[-83.76,37.64036655835618],[-83.7600068,37.6403783],[-83.7602804,37.640628],[-83.7604289,37.6408371],[-83.7606111,37.6409043],[-83.7607937,37.6410417],[-83.7609978,37.6413134],[-83.7612335,37.6416092],[-83.7614595,37.6418121],[-83.7618385,37.6420569],[-83.7621999,37.6423697],[-83.7624971,37.6425769],[-83.7627426,37.6428094],[-83.7628977,37.6430166],[-83.76299,37.6433626],[-83.7631469,37.6437702],[-83.7632628,37.6440684],[-83.7633265,37.6442601],[-83.7634768,37.6446142],[-83.7635922,37.6448887],[-83.7637425,37.6450256],[-83.763906,37.6452064],[-83.7640078,37.6454705],[-83.7640864,37.6455689]]}},{"type":"Feature","properties":{"osm_id":1441993752,"highway":"track","name":null,"alt_name":null,"official_name":null,"surface":null,"tracktype":null,"service":null,"access":null,"motor_vehicle":null,"foot":null,"tiger_reviewed":null,"rrgh_part":0,"rrgh_tile_part":0},"geometry":{"type":"LineString","coordinates":[[-83.7620811,37.6393651],[-83.7626006,37.6391975],[-83.7630441,37.6390526],[-83.7634297,37.6390483],[-83.7637138,37.6391711],[-83.7637822,37.6394276],[-83.76375,37.639674],[-83.763792,37.6399278],[-83.763682,37.6401656],[-83.7635104,37.6403987],[-83.7631582,37.6409457]]}},{"type":"Feature","properties":{"osm_id":1441993754,"highway":"track","name":null,"alt_name":null,"official_name":null,"surface":null,"tracktype":null,"service":null,"access":null,"motor_vehicle":null,"foot":null,"tiger_reviewed":null,"rrgh_part":0,"rrgh_tile_part":0},"geometry":{"type":"LineString","coordinates":[[-83.7615843,37.6391493],[-83.7614888,37.6393211],[-83.7617594,37.6394375],[-83.7620811,37.6393651],[-83.7622391,37.6392246],[-83.7625025,37.6390704],[-83.7627084,37.6388776],[-83.7630359,37.6386804],[-83.7634296,37.6385069],[-83.7637021,37.6385007],[-83.7641001,37.638553],[-83.7644581,37.6386612],[-83.7645471,37.6389295],[-83.7646207,37.6392602],[-83.764595,37.6395075],[-83.7644629,37.6398496],[-83.7643158,37.6402223],[-83.7641343,37.6406085],[-83.7639721,37.6407972],[-83.7637245,37.6409618],[-83.7637138,37.641074],[-83.763908,37.6412131],[-83.7641314,37.6413886],[-83.7643997,37.6415747],[-83.7644369,37.6417732],[-83.7644913,37.6421288],[-83.7645668,37.6423764],[-83.7647244,37.6425053],[-83.7649862,37.6425717],[-83.7652256,37.6426103],[-83.7654959,37.6427189],[-83.7656224,37.6428063],[-83.7657069,37.643016],[-83.7657014,37.6432278],[-83.7655776,37.643491],[-83.7655585,37.6437502],[-83.7656813,37.6439553],[-83.7658893,37.6441821],[-83.7660166,37.6443754],[-83.7659977,37.6446709],[-83.7660138,37.6449179],[-83.7658278,37.6451719],[-83.7654737,37.6454543],[-83.7652729,37.6454276],[-83.764997,37.6452908],[-83.7648208,37.6452761],[-83.7646376,37.6453013],[-83.7644828,37.6453392],[-83.7643405,37.6454005],[-83.7640864,37.6455689],[-83.7638438,37.6457617],[-83.7636286,37.6459859],[-83.763399,37.6462173],[-83.7631796,37.6464608],[-83.7629594,37.6466587],[-83.7627961,37.6468189],[-83.7623701,37.6469385],[-83.7621119,37.6469629],[-83.7616803,37.6469465],[-83.7614699,37.6469375],[-83.7612011,37.6468385],[-83.7609343,37.6467056],[-83.760763,37.6465768],[-83.7605243,37.6464647],[-83.7602355,37.6463444],[-83.76,37.646276109451804]]}},{"type":"Feature","properties":{"osm_id":1441993756,"highway":"track","name":null,"alt_name":null,"official_name":null,"surface":null,"tracktype":null,"service":null,"access":null,"motor_vehicle":null,"foot":null,"tiger_reviewed":null,"rrgh_part":0,"rrgh_tile_part":0},"geometry":{"type":"LineString","coordinates":[[-83.76,37.644137341109634],[-83.7600987,37.6442336],[-83.7602613,37.6444872],[-83.7603456,37.6447442],[-83.7604324,37.6449747],[-83.7605228,37.6451429],[-83.7606399,37.6452726],[-83.7607702,37.6453628],[-83.7609766,37.6454999],[-83.7611258,37.6455859],[-83.761317,37.6456702],[-83.7614697,37.6456502],[-83.7615192,37.6455684],[-83.7616523,37.6454028],[-83.7617572,37.6452402],[-83.7617485,37.6451097],[-83.7616805,37.6449305],[-83.7616169,37.6448238],[-83.7615451,37.6447335],[-83.7614733,37.6445659],[-83.7614259,37.6444052],[-83.7614393,37.6441623],[-83.7613691,37.6439835]]}},{"type":"Feature","properties":{"osm_id":1441993758,"highway":"track","name":null,"alt_name":null,"official_name":null,"surface":null,"tracktype":null,"service":null,"access":null,"motor_vehicle":null,"foot":null,"tiger_reviewed":null,"rrgh_part":0,"rrgh_tile_part":0},"geometry":{"type":"LineString","coordinates":[[-83.76,37.64479471252749],[-83.7600334,37.6449024],[-83.7600838,37.6450777],[-83.7601849,37.6452059],[-83.7602709,37.6453515],[-83.7603275,37.6455245],[-83.7604181,37.6456153],[-83.760624,37.6457427],[-83.760886,37.6459132],[-83.761044,37.6460277],[-83.7611786,37.6461921],[-83.7612874,37.6463899],[-83.7613364,37.6465653],[-83.7613866,37.6467024],[-83.761549,37.6468205],[-83.7616803,37.6469465],[-83.7618784,37.6465039],[-83.7621233,37.6462375]]}},{"type":"Feature","properties":{"osm_id":1441993761,"highway":"track","name":null,"alt_name":null,"official_name":null,"surface":null,"tracktype":null,"service":null,"access":null,"motor_vehicle":null,"foot":null,"tiger_reviewed":null,"rrgh_part":0,"rrgh_tile_part":0},"geometry":{"type":"LineString","coordinates":[[-83.7615192,37.6455684],[-83.7617115,37.645527],[-83.761868,37.645458],[-83.7619858,37.6453932],[-83.7621315,37.6453283],[-83.7622604,37.6452564],[-83.7622454,37.6451064],[-83.7621252,37.6448865],[-83.762089,37.6446855],[-83.7620553,37.6444993],[-83.7620681,37.6443777],[-83.7620116,37.6442526],[-83.7619399,37.6440331],[-83.7618747,37.6439002],[-83.7618162,37.6436561],[-83.7616645,37.6433217],[-83.7615808,37.6431243],[-83.7614237,37.6429032],[-83.7612665,37.6426636],[-83.7610669,37.6423896],[-83.7609925,37.642205],[-83.7608408,37.6420938],[-83.7606167,37.6420233],[-83.7603983,37.6418994],[-83.7601723,37.641782],[-83.7600484,37.6417194],[-83.76,37.64168367971458]]}},{"type":"Feature","properties":{"osm_id":16269250,"highway":"residential","name":"Cave Hollow Road","alt_name":null,"official_name":null,"surface":"unpaved","tracktype":null,"service":null,"access":null,"motor_vehicle":null,"foot":null,"tiger_reviewed":"no","rrgh_part":0,"rrgh_tile_part":0},"geometry":{"type":"LineString","coordinates":[[-83.76,37.66246839073171],[-83.7601283,37.6626768],[-83.7603044,37.6632693]]}},{"type":"Feature","properties":{"osm_id":1313308298,"highway":"track","name":null,"alt_name":null,"official_name":null,"surface":null,"tracktype":null,"service":null,"access":null,"motor_vehicle":null,"foot":null,"tiger_reviewed":null,"rrgh_part":0,"rrgh_tile_part":0},"geometry":{"type":"LineString","coordinates":[[-83.76,37.66008646779661],[-83.760045,37.6600944],[-83.7602,37.6601474],[-83.7603229,37.6602123],[-83.7603295,37.6602612],[-83.7602911,37.660301],[-83.7601648,37.660324],[-83.7600205,37.660345],[-83.76,37.66035183333333]]}},{"type":"Feature","properties":{"osm_id":1313308297,"highway":"track","name":null,"alt_name":null,"official_name":null,"surface":null,"tracktype":null,"service":null,"access":null,"motor_vehicle":null,"foot":null,"tiger_reviewed":null,"rrgh_part":0,"rrgh_tile_part":0},"geometry":{"type":"LineString","coordinates":[[-83.76,37.659571521307015],[-83.7600557,37.6595639],[-83.7601766,37.6595532],[-83.7602583,37.6595758],[-83.7603315,37.6596411],[-83.7603886,37.6597089]]}},{"type":"Feature","properties":{"osm_id":969840609,"highway":"service","name":null,"alt_name":null,"official_name":null,"surface":null,"tracktype":null,"service":null,"access":null,"motor_vehicle":null,"foot":null,"tiger_reviewed":null,"rrgh_part":0,"rrgh_tile_part":0},"geometry":{"type":"LineString","coordinates":[[-83.832363,37.664247],[-83.8323995,37.6641679],[-83.8324981,37.6640899],[-83.8326435,37.6640548],[-83.8328703,37.664047],[-83.8329787,37.6639787],[-83.8330724,37.6638499],[-83.8332006,37.6636255],[-83.8333805,37.6631885]]}},{"type":"Feature","properties":{"osm_id":1217921440,"highway":"residential","name":"Cr-1175","alt_name":null,"official_name":null,"surface":null,"tracktype":null,"service":null,"access":null,"motor_vehicle":null,"foot":null,"tiger_reviewed":"no","rrgh_part":0,"rrgh_tile_part":0},"geometry":{"type":"LineString","coordinates":[[-83.828087,37.6607836],[-83.8282286,37.660546]]}},{"type":"Feature","properties":{"osm_id":16162171,"highway":"residential","name":"Crystal Lane","alt_name":null,"official_name":null,"surface":null,"tracktype":null,"service":null,"access":null,"motor_vehicle":null,"foot":null,"tiger_reviewed":"no","rrgh_part":0,"rrgh_tile_part":0},"geometry":{"type":"LineString","coordinates":[[-83.825474,37.663225],[-83.825383,37.663534],[-83.825307,37.663707],[-83.825242,37.663804],[-83.824908,37.664156],[-83.824791,37.664311],[-83.824702,37.664467],[-83.824609,37.664662],[-83.824562,37.664856]]}},{"type":"Feature","properties":{"osm_id":16268519,"highway":"service","name":null,"alt_name":null,"official_name":null,"surface":null,"tracktype":null,"service":null,"access":"private","motor_vehicle":null,"foot":null,"tiger_reviewed":"no","rrgh_part":0,"rrgh_tile_part":0},"geometry":{"type":"LineString","coordinates":[[-83.82332,37.662863],[-83.822632,37.662526],[-83.822235,37.662237],[-83.821499,37.662088]]}},{"type":"Feature","properties":{"osm_id":16159686,"highway":"residential","name":null,"alt_name":null,"official_name":null,"surface":null,"tracktype":null,"service":null,"access":null,"motor_vehicle":null,"foot":null,"tiger_reviewed":"no","rrgh_part":0,"rrgh_tile_part":0},"geometry":{"type":"LineString","coordinates":[[-83.827994,37.66236],[-83.827881,37.662229],[-83.827085,37.662108]]}},{"type":"Feature","properties":{"osm_id":16159735,"highway":"residential","name":null,"alt_name":null,"official_name":null,"surface":null,"tracktype":null,"service":null,"access":null,"motor_vehicle":null,"foot":null,"tiger_reviewed":"no","rrgh_part":0,"rrgh_tile_part":0},"geometry":{"type":"LineString","coordinates":[[-83.827635869326,37.675],[-83.827611,37.67492],[-83.827621,37.674001],[-83.827473,37.673817],[-83.8275,37.673725],[-83.826009,37.671382],[-83.825885,37.670968]]}},{"type":"Feature","properties":{"osm_id":16162797,"highway":"residential","name":"Cr-1019","alt_name":null,"official_name":null,"surface":null,"tracktype":null,"service":null,"access":null,"motor_vehicle":null,"foot":null,"tiger_reviewed":"no","rrgh_part":0,"rrgh_tile_part":0},"geometry":{"type":"LineString","coordinates":[[-83.829746,37.662859],[-83.82961,37.662874],[-83.82952,37.662872],[-83.829087,37.662688],[-83.828877,37.662635],[-83.828648,37.662599],[-83.828399,37.662587],[-83.828042,37.662604],[-83.827548,37.66267],[-83.827211,37.662756],[-83.827004,37.662823],[-83.826819,37.662899],[-83.826569,37.663026],[-83.826259,37.663234],[-83.825821,37.663551],[-83.82563,37.663719],[-83.82549,37.663892],[-83.825402,37.664021],[-83.825339,37.664138],[-83.825063,37.664573],[-83.825047,37.664637],[-83.825085,37.665012],[-83.825115,37.665085],[-83.825224,37.665186],[-83.825238,37.665211],[-83.825238,37.665268],[-83.825226,37.665298],[-83.82516,37.665353],[-83.824971,37.665458],[-83.824867,37.665535],[-83.824812,37.665599],[-83.824783,37.665673],[-83.824772,37.665751],[-83.824764,37.665892],[-83.824782,37.666102]]}},{"type":"Feature","properties":{"osm_id":16163260,"highway":"residential","name":"Cr-1175","alt_name":null,"official_name":null,"surface":null,"tracktype":null,"service":null,"access":null,"motor_vehicle":null,"foot":null,"tiger_reviewed":"no","rrgh_part":0,"rrgh_tile_part":0},"geometry":{"type":"LineString","coordinates":[[-83.826466,37.66268],[-83.826549,37.662551],[-83.826615,37.662483],[-83.826849,37.662365],[-83.826927,37.662305],[-83.826996,37.662231],[-83.827085,37.662108],[-83.827288,37.661825],[-83.827731,37.661345],[-83.827786,37.661256],[-83.827858,37.661085],[-83.828087,37.6607836]]}},{"type":"Feature","properties":{"osm_id":968894206,"highway":"service","name":null,"alt_name":null,"official_name":null,"surface":null,"tracktype":null,"service":null,"access":null,"motor_vehicle":null,"foot":null,"tiger_reviewed":null,"rrgh_part":0,"rrgh_tile_part":0},"geometry":{"type":"LineString","coordinates":[[-83.824562,37.664856],[-83.8245026,37.6649589],[-83.8243251,37.6650186],[-83.8241841,37.6651052],[-83.8237367,37.6657539],[-83.8234254,37.6661542],[-83.8232358,37.6663179],[-83.8227348,37.6665662],[-83.8215093,37.6672456]]}},{"type":"Feature","properties":{"osm_id":16270063,"highway":"residential","name":"Billy Fork Road","alt_name":null,"official_name":null,"surface":null,"tracktype":null,"service":null,"access":null,"motor_vehicle":null,"foot":null,"tiger_reviewed":"no","rrgh_part":0,"rrgh_tile_part":0},"geometry":{"type":"LineString","coordinates":[[-83.823406,37.662652],[-83.823353,37.662746],[-83.82332,37.662863],[-83.823294,37.662954],[-83.822986,37.663654],[-83.822838,37.664047],[-83.822698,37.664271],[-83.822609,37.664392],[-83.822453,37.664561],[-83.822094,37.664884],[-83.821933,37.665006],[-83.821396,37.665456],[-83.821254,37.665556],[-83.821149,37.6656],[-83.821087,37.665613],[-83.820954,37.665623],[-83.820633,37.66567],[-83.820409,37.665747],[-83.820278,37.665826],[-83.819949,37.666094],[-83.819753,37.666235],[-83.8196,37.666319],[-83.819437,37.666388],[-83.819266,37.666436],[-83.819176,37.666451],[-83.818564,37.666525],[-83.818261,37.666601],[-83.818075,37.66667],[-83.817744,37.666776],[-83.817551,37.666823],[-83.817209,37.666943],[-83.816663,37.667213],[-83.816224,37.667387],[-83.815892,37.667495],[-83.81569,37.66753],[-83.815551,37.667536],[-83.815034,37.667479],[-83.81436,37.667373],[-83.814152,37.667369],[-83.8129662,37.6673625],[-83.812896,37.667372],[-83.812818,37.667367],[-83.812607,37.667343],[-83.812391,37.667306],[-83.812169,37.667249],[-83.811931,37.667199],[-83.811675,37.667172],[-83.811344,37.667158],[-83.811192,37.667161],[-83.810857,37.667175],[-83.810445,37.667238],[-83.810197,37.667302],[-83.809679,37.667518],[-83.809519,37.667621],[-83.809297,37.667833],[-83.809115,37.668065],[-83.808781,37.668611],[-83.808545,37.668961],[-83.808414,37.669221],[-83.808271,37.669414],[-83.808202,37.669486],[-83.807855,37.669779],[-83.8074156,37.670204],[-83.807202,37.670444],[-83.807025,37.670578],[-83.806452,37.670887],[-83.806344,37.670976],[-83.806198,37.671142],[-83.806135,37.67119],[-83.805697,37.671381],[-83.805403,37.671482],[-83.8051019,37.6716072],[-83.805032,37.671635],[-83.804811,37.671692],[-83.804688,37.671697],[-83.804508,37.671677],[-83.804146,37.671615],[-83.803805,37.671539],[-83.803613,37.671515],[-83.803461,37.671516],[-83.8033,37.671532],[-83.803152,37.671567],[-83.80303,37.671631],[-83.802736,37.671879],[-83.802583,37.671986],[-83.802472,37.672043],[-83.80178,37.672341],[-83.801563,37.672478],[-83.80139,37.672646],[-83.801146,37.672953],[-83.800963,37.673128],[-83.800926,37.67319],[-83.800936,37.673245]]}},{"type":"Feature","properties":{"osm_id":189734928,"highway":"residential","name":null,"alt_name":null,"official_name":null,"surface":null,"tracktype":null,"service":null,"access":null,"motor_vehicle":null,"foot":null,"tiger_reviewed":"no","rrgh_part":0,"rrgh_tile_part":0},"geometry":{"type":"LineString","coordinates":[[-83.8052092,37.6718414],[-83.8055212,37.6725223],[-83.8057385,37.6728636],[-83.8081142,37.6737341],[-83.809237,37.6743795],[-83.8102314,37.674445],[-83.8105916,37.6746644],[-83.8109083,37.6749401],[-83.81096303080542,37.675]]}},{"type":"Feature","properties":{"osm_id":16268290,"highway":"track","name":null,"alt_name":null,"official_name":null,"surface":null,"tracktype":null,"service":null,"access":null,"motor_vehicle":null,"foot":null,"tiger_reviewed":"no","rrgh_part":0,"rrgh_tile_part":0},"geometry":{"type":"LineString","coordinates":[[-83.8129662,37.6673625],[-83.8130565,37.66742],[-83.8133463,37.6674659],[-83.8137692,37.6677034],[-83.8141914,37.6677882]]}},{"type":"Feature","properties":{"osm_id":16268293,"highway":"track","name":null,"alt_name":null,"official_name":null,"surface":null,"tracktype":null,"service":null,"access":null,"motor_vehicle":null,"foot":null,"tiger_reviewed":"no","rrgh_part":0,"rrgh_tile_part":0},"geometry":{"type":"LineString","coordinates":[[-83.8024601,37.6630078],[-83.8035063,37.6620728],[-83.8046999,37.6612849],[-83.805194,37.661429],[-83.805927,37.661859],[-83.806949,37.662459],[-83.807927,37.662756],[-83.809308,37.662962],[-83.809654,37.663282],[-83.809625,37.663488],[-83.809395,37.663671],[-83.809222,37.664312],[-83.809308,37.664815]]}},{"type":"Feature","properties":{"osm_id":16268294,"highway":"track","name":null,"alt_name":null,"official_name":null,"surface":null,"tracktype":null,"service":null,"access":null,"motor_vehicle":null,"foot":null,"tiger_reviewed":"no","rrgh_part":0,"rrgh_tile_part":0},"geometry":{"type":"LineString","coordinates":[[-83.81022,37.66042],[-83.809075,37.660905],[-83.808699,37.661252],[-83.808334,37.661543],[-83.807959,37.661688],[-83.807534,37.661745],[-83.806845,37.661729],[-83.805927,37.661859]]}},{"type":"Feature","properties":{"osm_id":16159602,"highway":"track","name":null,"alt_name":null,"official_name":null,"surface":null,"tracktype":null,"service":null,"access":null,"motor_vehicle":null,"foot":null,"tiger_reviewed":"no","rrgh_part":0,"rrgh_tile_part":0},"geometry":{"type":"LineString","coordinates":[[-83.8141914,37.6677882],[-83.8141693,37.6678906],[-83.8141126,37.668154],[-83.814782,37.669184],[-83.815192,37.66971],[-83.815334,37.669946],[-83.81526,37.67039]]}},{"type":"Feature","properties":{"osm_id":16270137,"highway":"track","name":"Rockledge Road","alt_name":null,"official_name":null,"surface":null,"tracktype":null,"service":null,"access":null,"motor_vehicle":null,"foot":null,"tiger_reviewed":"no","rrgh_part":0,"rrgh_tile_part":0},"geometry":{"type":"LineString","coordinates":[[-83.8024601,37.6630078],[-83.802451,37.6630801],[-83.802258,37.663808],[-83.802258,37.664632],[-83.802373,37.664838],[-83.802747,37.665135],[-83.803064,37.665227],[-83.804272,37.665044],[-83.805165,37.665181],[-83.805596,37.665501],[-83.806316,37.666188],[-83.80692,37.666325]]}},{"type":"Feature","properties":{"osm_id":968852994,"highway":"track","name":null,"alt_name":null,"official_name":null,"surface":null,"tracktype":null,"service":null,"access":null,"motor_vehicle":null,"foot":null,"tiger_reviewed":null,"rrgh_part":0,"rrgh_tile_part":0},"geometry":{"type":"LineString","coordinates":[[-83.8023017,37.6618875],[-83.8024164,37.6621059],[-83.802462,37.6623332],[-83.8024601,37.6630078]]}},{"type":"Feature","properties":{"osm_id":1435758342,"highway":"track","name":null,"alt_name":null,"official_name":null,"surface":null,"tracktype":null,"service":null,"access":null,"motor_vehicle":null,"foot":null,"tiger_reviewed":null,"rrgh_part":0,"rrgh_tile_part":0},"geometry":{"type":"LineString","coordinates":[[-83.7968502,37.6645892],[-83.7969143,37.6644932],[-83.7970191,37.6644274],[-83.7971282,37.6643352],[-83.7972108,37.6641071],[-83.7972164,37.6639722],[-83.7971578,37.6637382],[-83.7969383,37.6635968],[-83.7965233,37.6635209],[-83.7962148,37.6635504],[-83.7960149,37.6636166]]}},{"type":"Feature","properties":{"osm_id":16268906,"highway":"residential","name":null,"alt_name":null,"official_name":null,"surface":null,"tracktype":null,"service":null,"access":null,"motor_vehicle":null,"foot":null,"tiger_reviewed":"no","rrgh_part":0,"rrgh_tile_part":0},"geometry":{"type":"LineString","coordinates":[[-83.800936,37.673245],[-83.801513,37.673605],[-83.801678,37.673825],[-83.801855,37.674171],[-83.8020470500582,37.675]]}},{"type":"Feature","properties":{"osm_id":16269210,"highway":"residential","name":"Sandgap Road","alt_name":null,"official_name":null,"surface":null,"tracktype":null,"service":null,"access":null,"motor_vehicle":null,"foot":null,"tiger_reviewed":"no","rrgh_part":0,"rrgh_tile_part":0},"geometry":{"type":"LineString","coordinates":[[-83.793809,37.668888],[-83.794078,37.668833],[-83.794602,37.668686],[-83.79483,37.668637],[-83.795141,37.668588],[-83.795203,37.668587],[-83.79528,37.668604],[-83.79533,37.668629],[-83.79536,37.668666],[-83.795368,37.668711]]}},{"type":"Feature","properties":{"osm_id":16269283,"highway":"residential","name":"Sandgap Road","alt_name":null,"official_name":null,"surface":null,"tracktype":null,"service":null,"access":null,"motor_vehicle":null,"foot":null,"tiger_reviewed":"no","rrgh_part":0,"rrgh_tile_part":0},"geometry":{"type":"LineString","coordinates":[[-83.795516,37.665927],[-83.795516,37.66596],[-83.795474,37.666038],[-83.795411,37.666339],[-83.795328,37.666433],[-83.795278,37.666472],[-83.795121,37.666723],[-83.79506,37.666774],[-83.794984,37.666817],[-83.794923,37.666867],[-83.794806,37.666941],[-83.794729,37.667043],[-83.794681,37.667141],[-83.794496,37.667418],[-83.794345,37.667556],[-83.794038,37.667769],[-83.793947,37.667885],[-83.793914,37.66798],[-83.793907,37.668032],[-83.793899,37.668446],[-83.793839,37.668646],[-83.793809,37.668888]]}},{"type":"Feature","properties":{"osm_id":16159641,"highway":"residential","name":null,"alt_name":null,"official_name":null,"surface":null,"tracktype":null,"service":null,"access":null,"motor_vehicle":null,"foot":null,"tiger_reviewed":"no","rrgh_part":0,"rrgh_tile_part":0},"geometry":{"type":"LineString","coordinates":[[-83.8051019,37.6716072],[-83.8052092,37.6718414]]}},{"type":"Feature","properties":{"osm_id":16268683,"highway":"service","name":null,"alt_name":null,"official_name":null,"surface":null,"tracktype":null,"service":null,"access":"private","motor_vehicle":null,"foot":null,"tiger_reviewed":"no","rrgh_part":0,"rrgh_tile_part":0},"geometry":{"type":"LineString","coordinates":[[-83.792443,37.667616],[-83.7923748,37.6675469],[-83.7918545,37.6675104],[-83.7911192,37.6676445],[-83.7910457,37.6676093],[-83.7906128,37.6669751],[-83.7901358,37.6666193],[-83.7892867,37.6662428],[-83.7888162,37.6662486]]}},{"type":"Feature","properties":{"osm_id":16269284,"highway":"residential","name":"Sandgap Road","alt_name":null,"official_name":null,"surface":null,"tracktype":null,"service":null,"access":null,"motor_vehicle":null,"foot":null,"tiger_reviewed":"no","rrgh_part":0,"rrgh_tile_part":0},"geometry":{"type":"LineString","coordinates":[[-83.793809,37.668888],[-83.793358,37.668929],[-83.793043,37.668981],[-83.792941,37.668981],[-83.792862,37.668963],[-83.792795,37.668931],[-83.792569,37.668803]]}},{"type":"Feature","properties":{"osm_id":16270066,"highway":"residential","name":"I B Road","alt_name":null,"official_name":null,"surface":null,"tracktype":null,"service":null,"access":null,"motor_vehicle":null,"foot":null,"tiger_reviewed":"no","rrgh_part":0,"rrgh_tile_part":0},"geometry":{"type":"LineString","coordinates":[[-83.792346,37.668675],[-83.792427,37.668693],[-83.792569,37.668803]]}},{"type":"Feature","properties":{"osm_id":16269200,"highway":"residential","name":"Logue Road","alt_name":null,"official_name":null,"surface":"gravel","tracktype":null,"service":null,"access":null,"motor_vehicle":null,"foot":null,"tiger_reviewed":"no","rrgh_part":0,"rrgh_tile_part":0},"geometry":{"type":"LineString","coordinates":[[-83.781449,37.673444],[-83.781592,37.673464],[-83.782026,37.673469],[-83.782219,37.673495],[-83.782316,37.673524],[-83.782403,37.673567],[-83.782547,37.673679],[-83.782651,37.673818],[-83.782729,37.673958],[-83.782764,37.67415],[-83.782727,37.674439],[-83.782627,37.67471],[-83.782557,37.674994],[-83.78255502373887,37.675]]}},{"type":"Feature","properties":{"osm_id":968853002,"highway":"service","name":null,"alt_name":null,"official_name":null,"surface":null,"tracktype":null,"service":null,"access":null,"motor_vehicle":null,"foot":null,"tiger_reviewed":null,"rrgh_part":0,"rrgh_tile_part":0},"geometry":{"type":"LineString","coordinates":[[-83.76,37.67237665180241],[-83.7605984,37.6727146],[-83.7609917,37.6732148],[-83.761255,37.673615],[-83.7614973,37.6739846],[-83.7616237,37.6744515],[-83.7617887,37.6746738],[-83.76206674430956,37.675]]}},{"type":"Feature","properties":{"osm_id":16268334,"highway":"track","name":null,"alt_name":null,"official_name":null,"surface":null,"tracktype":null,"service":null,"access":null,"motor_vehicle":null,"foot":null,"tiger_reviewed":"no","rrgh_part":0,"rrgh_tile_part":0},"geometry":{"type":"LineString","coordinates":[[-83.774564,37.674852],[-83.77436,37.674992],[-83.77435839127801,37.675]]}}],"rrgh_tile":{"id":"r3c2","bounds":[37.6,-83.845,37.675,-83.76]}}
