{"type":"FeatureCollection","features":[{"type":"Feature","properties":{"osm_id":16268281,"highway":"service","name":null,"alt_name":null,"official_name":null,"surface":null,"tracktype":null,"service":null,"access":null,"motor_vehicle":null,"foot":null,"tiger_reviewed":"no","rrgh_part":0,"rrgh_tile_part":0},"geometry":{"type":"LineString","coordinates":[[-83.76,37.60661969865416],[-83.7592907,37.6063203],[-83.7587052,37.6061855],[-83.7584802,37.6063501],[-83.7580342,37.6068434]]}},{"type":"Feature","properties":{"osm_id":969808982,"highway":"track","name":null,"alt_name":null,"official_name":null,"surface":null,"tracktype":null,"service":null,"access":null,"motor_vehicle":null,"foot":null,"tiger_reviewed":null,"rrgh_part":0,"rrgh_tile_part":0},"geometry":{"type":"LineString","coordinates":[[-83.7535956,37.6019769],[-83.7537934,37.6019135],[-83.7542695,37.6021569],[-83.754633,37.6022509],[-83.7549059,37.6023101],[-83.7555227,37.6023615],[-83.7558825,37.6023217],[-83.7563647,37.6020861],[-83.7567245,37.6019067],[-83.7568873,37.6017884],[-83.7570684,37.6016352],[-83.7571945,37.6016061],[-83.7573866,37.6016265],[-83.7576008,37.6017312],[-83.757804,37.6017467],[-83.7579863,37.6016856],[-83.7580989,37.6015935],[-83.7582703,37.6013501],[-83.7585334,37.6010709],[-83.7587133,37.6007819],[-83.7587219,37.6004018],[-83.7586374,37.600173],[-83.75853323769634,37.6]]}},{"type":"Feature","properties":{"osm_id":969808983,"highway":"track","name":null,"alt_name":null,"official_name":null,"surface":null,"tracktype":null,"service":null,"access":null,"motor_vehicle":null,"foot":null,"tiger_reviewed":null,"rrgh_part":0,"rrgh_tile_part":0},"geometry":{"type":"LineString","coordinates":[[-83.7537934,37.6019135],[-83.7539743,37.6017308],[-83.7543721,37.601231],[-83.7545947,37.6010619],[-83.7548384,37.6009784],[-83.7549806,37.6008981],[-83.7554153,37.6006027],[-83.7555497,37.6005516],[-83.7556906,37.6005537],[-83.7561885,37.6007822],[-83.7563887,37.6008302],[-83.7565049,37.6008147],[-83.7565994,37.6008021],[-83.7568866,37.600728],[-83.7573805,37.600609],[-83.7575636,37.600489],[-83.7576281,37.6003752],[-83.7576268,37.6000789],[-83.7576434493489,37.6]]}},{"type":"Feature","properties":{"osm_id":969808984,"highway":"track","name":null,"alt_name":null,"official_name":null,"surface":null,"tracktype":null,"service":null,"access":null,"motor_vehicle":null,"foot":null,"tiger_reviewed":null,"rrgh_part":0,"rrgh_tile_part":0},"geometry":{"type":"LineString","coordinates":[[-83.7537934,37.6019135],[-83.7541801,37.60193],[-83.754448,37.6019424],[-83.7547244,37.6019121],[-83.7550207,37.6018312],[-83.7563291,37.6012011],[-83.7565148,37.6009192],[-83.7565049,37.6008147]]}},{"type":"Feature","properties":{"osm_id":969808985,"highway":"track","name":null,"alt_name":null,"official_name":null,"surface":null,"tracktype":null,"service":null,"access":null,"motor_vehicle":null,"foot":null,"tiger_reviewed":null,"rrgh_part":0,"rrgh_tile_part":0},"geometry":{"type":"LineString","coordinates":[[-83.7542604,37.6037476],[-83.754359,37.6036695],[-83.7544653,37.603592],[-83.7546382,37.6035606],[-83.7548707,37.6035292],[-83.7551727,37.6034213],[-83.7553938,37.6033472],[-83.7557369,37.6032731],[-83.7560416,37.6031754],[-83.7563067,37.603081],[-83.7568,37.6029788],[-83.7570977,37.6029474]]}},{"type":"Feature","properties":{"osm_id":969808986,"highway":"track","name":null,"alt_name":null,"official_name":null,"surface":null,"tracktype":null,"service":null,"access":null,"motor_vehicle":null,"foot":null,"tiger_reviewed":null,"rrgh_part":0,"rrgh_tile_part":0},"geometry":{"type":"LineString","coordinates":[[-83.7540475,37.6049018],[-83.7542567,37.6048847],[-83.7544754,37.6048877],[-83.7547664,37.604731],[-83.7551353,37.6045999],[-83.7553959,37.604505],[-83.7555519,37.6044613],[-83.7557478,37.6044824],[-83.7562936,37.6046737],[-83.7565884,37.604728]]}},{"type":"Feature","properties":{"osm_id":969808979,"highway":"service","name":null,"alt_name":null,"official_name":null,"surface":null,"tracktype":null,"service":null,"access":null,"motor_vehicle":null,"foot":null,"tiger_reviewed":null,"rrgh_part":0,"rrgh_tile_part":0},"geometry":{"type":"LineString","coordinates":[[-83.7510444,37.6117476],[-83.7510489,37.6117154],[-83.7508639,37.611581],[-83.7507691,37.6114624],[-83.7507295,37.6113297],[-83.7508088,37.6111413],[-83.7509872,37.6109947],[-83.7512428,37.6108359],[-83.7514697,37.6106928],[-83.7516988,37.6104345],[-83.7519147,37.6101169],[-83.7519279,37.6098673],[-83.7519014,37.6093106],[-83.7518618,37.609096],[-83.7518221,37.6088935],[-83.7518926,37.6087644],[-83.7520512,37.6085794],[-83.75219,37.6082984],[-83.7522715,37.6082025],[-83.7525249,37.6080681],[-83.7526835,37.6078918],[-83.7529588,37.607459],[-83.7532827,37.6070594],[-83.7533576,37.6069093],[-83.7533752,37.6067505],[-83.7533223,37.6065358],[-83.7531703,37.6063229],[-83.7529809,37.6060332],[-83.7527991,37.6057073],[-83.7526372,37.6054171]]}},{"type":"Feature","properties":{"osm_id":969808981,"highway":"track","name":null,"alt_name":null,"official_name":null,"surface":null,"tracktype":null,"service":null,"access":null,"motor_vehicle":null,"foot":null,"tiger_reviewed":null,"rrgh_part":0,"rrgh_tile_part":0},"geometry":{"type":"LineString","coordinates":[[-83.7527991,37.6057073],[-83.752973,37.6055262],[-83.7532858,37.6051986],[-83.7535156,37.6050642],[-83.7538372,37.604976],[-83.7540475,37.6049018],[-83.7541676,37.6047422],[-83.7542171,37.6042998],[-83.7543037,37.6038532],[-83.7542604,37.6037476],[-83.7542578,37.6037412],[-83.7541712,37.603646],[-83.7538107,37.603422],[-83.7535456,37.603254],[-83.7534643,37.603128],[-83.7534449,37.6029978],[-83.7535332,37.6027864],[-83.7536428,37.602533],[-83.7536587,37.6023076],[-83.7536304,37.602008],[-83.7535956,37.6019769],[-83.7534908,37.6018834],[-83.7532805,37.6017203],[-83.7531725,37.6015721],[-83.7530553,37.6013008],[-83.752732,37.6004567]]}},{"type":"Feature","properties":{"osm_id":969808980,"highway":"service","name":null,"alt_name":null,"official_name":null,"surface":null,"tracktype":null,"service":null,"access":null,"motor_vehicle":null,"foot":null,"tiger_reviewed":null,"rrgh_part":0,"rrgh_tile_part":0},"geometry":{"type":"LineString","coordinates":[[-83.7526372,37.6054171],[-83.7525579,37.6052153],[-83.7524963,37.604943],[-83.7523588,37.604727],[-83.7520055,37.6043551],[-83.7518419,37.6041259],[-83.7517281,37.6039568],[-83.7513725,37.6036469],[-83.7512136,37.6034384]]}},{"type":"Feature","properties":{"osm_id":16269838,"highway":"service","name":"Mill Creek Road","alt_name":null,"official_name":null,"surface":null,"tracktype":null,"service":null,"access":null,"motor_vehicle":null,"foot":null,"tiger_reviewed":"no","rrgh_part":0,"rrgh_tile_part":0},"geometry":{"type":"LineString","coordinates":[[-83.737116,37.606497],[-83.736952,37.606821],[-83.736705,37.607148],[-83.736587,37.607366],[-83.736483,37.607653],[-83.736421,37.607892],[-83.736333,37.608311],[-83.736346,37.608446],[-83.736367,37.608509],[-83.736404,37.608564],[-83.736449,37.608609],[-83.73658,37.608669],[-83.737187,37.608855],[-83.737422,37.608993],[-83.737495,37.609049],[-83.737688,37.609231],[-83.737742,37.6093],[-83.737763,37.60938],[-83.737809,37.609448],[-83.737831,37.609521],[-83.737842,37.609662],[-83.737834,37.609739],[-83.73779,37.609885],[-83.737725,37.610023],[-83.737638,37.610154],[-83.737456,37.610347],[-83.737235,37.610544],[-83.736955,37.610772],[-83.7368688,37.6108508],[-83.73685,37.610868],[-83.736814,37.610916],[-83.736783,37.611008],[-83.736757,37.611288],[-83.736729,37.611354],[-83.736689,37.611413],[-83.73657,37.611521],[-83.73615,37.611775],[-83.736052,37.611879],[-83.736022,37.61194],[-83.735996,37.61207],[-83.736,37.612137],[-83.736026,37.612266],[-83.736133,37.612645],[-83.736155,37.612767],[-83.736145,37.612826],[-83.736114,37.61288],[-83.736066,37.612923],[-83.73595,37.61297],[-83.735887,37.612977],[-83.735838,37.612971],[-83.735725,37.612915],[-83.735518,37.612731],[-83.735402,37.612589],[-83.735321,37.612331],[-83.735288,37.612288],[-83.73524,37.612252],[-83.735177,37.612228],[-83.735102,37.612213],[-83.735022,37.612212],[-83.734939,37.612222],[-83.734768,37.612274],[-83.734601,37.612346],[-83.734531,37.612386],[-83.734389,37.612484],[-83.734331,37.612541],[-83.734286,37.612601],[-83.734194,37.612811],[-83.734123,37.613183],[-83.734204,37.613555],[-83.734205,37.613633],[-83.734174,37.613793],[-83.733903,37.614309],[-83.733798,37.614711],[-83.73365,37.614985],[-83.73354,37.615103],[-83.733267,37.615313],[-83.733152,37.615431],[-83.733067,37.615579],[-83.733013,37.615736],[-83.732982,37.615892],[-83.733009,37.616418],[-83.732997,37.616574],[-83.732945,37.616738],[-83.732844,37.616994],[-83.732766,37.617155],[-83.732719,37.617235],[-83.732493,37.617545],[-83.732222,37.617973],[-83.732099,37.618078],[-83.73186,37.618203],[-83.731705,37.618301],[-83.731513,37.618464],[-83.731009,37.619038],[-83.730923,37.619199],[-83.730854,37.619421],[-83.730801,37.619468],[-83.730766,37.619481],[-83.730683,37.619486],[-83.730558,37.619455],[-83.730423,37.619412],[-83.730069,37.619262],[-83.729842,37.619177]]}},{"type":"Feature","properties":{"osm_id":968812044,"highway":"service","name":null,"alt_name":null,"official_name":null,"surface":null,"tracktype":null,"service":null,"access":null,"motor_vehicle":null,"foot":null,"tiger_reviewed":null,"rrgh_part":0,"rrgh_tile_part":0},"geometry":{"type":"LineString","coordinates":[[-83.7330217,37.6024733],[-83.7328574,37.6024458],[-83.7327555,37.6024089],[-83.7325864,37.6022793],[-83.7324022,37.6021093],[-83.7321649,37.6020346],[-83.7319655,37.6020011],[-83.7317639,37.6018963],[-83.7316252,37.6017478],[-83.731441,37.6014027],[-83.7313326,37.601067],[-83.7312275,37.6008017],[-83.7310823,37.6006171],[-83.7309295,37.6004917],[-83.7307594,37.600399],[-83.7305481,37.6003544],[-83.7303183,37.6003415],[-83.7299456,37.6003647],[-83.7298714,37.6003661],[-83.7297164,37.6003692],[-83.7294848,37.6003394],[-83.7292689,37.6003208]]}},{"type":"Feature","properties":{"osm_id":16269460,"highway":"service","name":"Cemetery Access Rd J","alt_name":null,"official_name":null,"surface":null,"tracktype":null,"service":null,"access":null,"motor_vehicle":null,"foot":null,"tiger_reviewed":"no","rrgh_part":0,"rrgh_tile_part":0},"geometry":{"type":"LineString","coordinates":[[-83.736483,37.607653],[-83.736554,37.607585],[-83.736763,37.607445],[-83.736874,37.607389],[-83.73698,37.607349]]}},{"type":"Feature","properties":{"osm_id":968812073,"highway":"service","name":null,"alt_name":null,"official_name":null,"surface":null,"tracktype":null,"service":null,"access":null,"motor_vehicle":null,"foot":null,"tiger_reviewed":null,"rrgh_part":0,"rrgh_tile_part":0},"geometry":{"type":"LineString","coordinates":[[-83.737116,37.606497],[-83.7372621,37.6062521],[-83.7374517,37.6058321],[-83.7375606,37.605476],[-83.7376554,37.6051951],[-83.7378415,37.6049503],[-83.7380662,37.6047389],[-83.7384945,37.6043161]]}},{"type":"Feature","properties":{"osm_id":969789308,"highway":"service","name":null,"alt_name":null,"official_name":null,"surface":null,"tracktype":null,"service":null,"access":null,"motor_vehicle":null,"foot":null,"tiger_reviewed":null,"rrgh_part":0,"rrgh_tile_part":0},"geometry":{"type":"LineString","coordinates":[[-83.718101,37.610549],[-83.7180593,37.6103156],[-83.7180156,37.6100926],[-83.7179338,37.6099465],[-83.7178406,37.6098199],[-83.7176619,37.6097145],[-83.7175725,37.6096346],[-83.7175439,37.6095246],[-83.7175687,37.6093785],[-83.7176619,37.6091796],[-83.7178102,37.6089867],[-83.7180232,37.6087442],[-83.7181735,37.6084986],[-83.7182857,37.6082575],[-83.7183503,37.6080526],[-83.7186641,37.607248],[-83.718687,37.6070808],[-83.718666,37.6068895],[-83.7185966,37.6067618],[-83.7185652,37.6067041],[-83.718318,37.6066107],[-83.7181659,37.6064977],[-83.7180746,37.606344],[-83.7180784,37.6062129],[-83.7182058,37.6060276],[-83.7183636,37.6057986],[-83.7184435,37.6056916],[-83.718647,37.6055771],[-83.7187764,37.6055018],[-83.7189076,37.6053421],[-83.7190978,37.6051341],[-83.7192861,37.6049187],[-83.7194686,37.6045179],[-83.7196493,37.6037811]]}},{"type":"Feature","properties":{"osm_id":969789309,"highway":"service","name":null,"alt_name":null,"official_name":null,"surface":null,"tracktype":null,"service":null,"access":null,"motor_vehicle":null,"foot":null,"tiger_reviewed":null,"rrgh_part":0,"rrgh_tile_part":0},"geometry":{"type":"LineString","coordinates":[[-83.7185966,37.6067618],[-83.7186645,37.606691],[-83.7187637,37.6065495],[-83.7188374,37.6064911],[-83.7189551,37.606445],[-83.7190968,37.6064012],[-83.7192273,37.6063103],[-83.7194768,37.6061059],[-83.719654,37.605934],[-83.719756,37.6058509],[-83.7202408,37.6056207],[-83.7204705,37.6054848],[-83.7206349,37.605359],[-83.7208546,37.605094],[-83.721097,37.6048559],[-83.72145,37.6045201]]}},{"type":"Feature","properties":{"osm_id":969789301,"highway":"service","name":null,"alt_name":null,"official_name":null,"surface":null,"tracktype":null,"service":null,"access":null,"motor_vehicle":null,"foot":null,"tiger_reviewed":null,"rrgh_part":0,"rrgh_tile_part":0},"geometry":{"type":"LineString","coordinates":[[-83.70581533396226,37.6],[-83.7058652,37.6001391],[-83.7060262,37.6003819],[-83.7061726,37.6006094],[-83.7063265,37.600773],[-83.7065424,37.6010427],[-83.7064252,37.6011544],[-83.706313,37.6012815],[-83.7061981,37.6014998],[-83.7060326,37.6016218],[-83.7058515,37.6016394],[-83.7055533,37.6015194],[-83.7052167,37.6013159],[-83.7042734,37.6009181],[-83.7039481,37.6006334],[-83.7038036,37.600525],[-83.7037016,37.6004796],[-83.7035889,37.6004162],[-83.7035256,37.6003624],[-83.7034587,37.6002516],[-83.7033506,37.6000978],[-83.70328529483871,37.6]]}},{"type":"Feature","properties":{"osm_id":969789305,"highway":"service","name":null,"alt_name":null,"official_name":null,"surface":null,"tracktype":null,"service":null,"access":null,"motor_vehicle":null,"foot":null,"tiger_reviewed":null,"rrgh_part":0,"rrgh_tile_part":0},"geometry":{"type":"LineString","coordinates":[[-83.706858,37.6080931],[-83.7069748,37.6079214],[-83.7070677,37.6077847],[-83.7070995,37.607738],[-83.7071164,37.6076117],[-83.7071425,37.6074169],[-83.707165,37.6069515],[-83.7071241,37.6068737],[-83.7066328,37.6062202],[-83.7064916,37.6061375],[-83.7063401,37.6060467],[-83.7062214,37.6059121],[-83.7061825,37.6058083],[-83.7061866,37.6056996],[-83.7063135,37.6055229],[-83.7063831,37.6054175],[-83.7063933,37.605304],[-83.7063647,37.6051953],[-83.7062848,37.6050964],[-83.7062091,37.6050299],[-83.7060617,37.604957],[-83.7057588,37.6048353],[-83.7053965,37.604738],[-83.7051386,37.6047332],[-83.7048827,37.604777],[-83.70459,37.604871],[-83.7044161,37.6049407],[-83.7043321,37.6050088],[-83.704283,37.6051029],[-83.7042728,37.6052018],[-83.7043219,37.6053332],[-83.7044365,37.6054337],[-83.7047538,37.6056153],[-83.7050649,37.605831],[-83.7052061,37.605998],[-83.7052471,37.6061699],[-83.7052246,37.6063094],[-83.7051488,37.606444],[-83.7050076,37.6066175],[-83.7047865,37.6070715],[-83.7049626,37.607378],[-83.7050281,37.6075515],[-83.705024,37.6078077],[-83.7051345,37.6080461],[-83.7053331,37.6083168],[-83.7054436,37.6084222],[-83.7056155,37.608492],[-83.705812,37.6084985],[-83.7062541,37.6084352],[-83.7065509,37.6083752],[-83.706686,37.6083006],[-83.706858,37.6080931]]}},{"type":"Feature","properties":{"osm_id":969789306,"highway":"service","name":null,"alt_name":null,"official_name":null,"surface":null,"tracktype":null,"service":null,"access":null,"motor_vehicle":null,"foot":null,"tiger_reviewed":null,"rrgh_part":0,"rrgh_tile_part":0},"geometry":{"type":"LineString","coordinates":[[-83.7069748,37.6079214],[-83.7078096,37.608194],[-83.7079565,37.6081988],[-83.7080825,37.608224],[-83.7081119,37.6081746],[-83.7080862,37.6081086],[-83.7077656,37.6080136],[-83.7075135,37.6079264],[-83.7073713,37.6078812],[-83.7070677,37.6077847]]}},{"type":"Feature","properties":{"osm_id":969789307,"highway":"service","name":null,"alt_name":null,"official_name":null,"surface":null,"tracktype":null,"service":null,"access":null,"motor_vehicle":null,"foot":null,"tiger_reviewed":null,"rrgh_part":0,"rrgh_tile_part":0},"geometry":{"type":"LineString","coordinates":[[-83.7073713,37.6078812],[-83.707325,37.6076258],[-83.7071164,37.6076117]]}},{"type":"Feature","properties":{"osm_id":969789364,"highway":"service","name":null,"alt_name":null,"official_name":null,"surface":null,"tracktype":null,"service":null,"access":null,"motor_vehicle":null,"foot":null,"tiger_reviewed":null,"rrgh_part":0,"rrgh_tile_part":0},"geometry":{"type":"LineString","coordinates":[[-83.7092885,37.6022655],[-83.7091399,37.6022507],[-83.708946,37.6023246],[-83.7088707,37.602401],[-83.7087584,37.6027267],[-83.7087542,37.6029382],[-83.7087637,37.6030305],[-83.7087415,37.6034024],[-83.708822,37.6035879],[-83.708875,37.6036232],[-83.7089145,37.6036248]]}},{"type":"Feature","properties":{"osm_id":969789302,"highway":"service","name":null,"alt_name":null,"official_name":null,"surface":null,"tracktype":null,"service":null,"access":null,"motor_vehicle":null,"foot":null,"tiger_reviewed":null,"rrgh_part":0,"rrgh_tile_part":0},"geometry":{"type":"LineString","coordinates":[[-83.7092344,37.6049473],[-83.7094605,37.6049457],[-83.7097736,37.604913],[-83.7100757,37.604839],[-83.7102899,37.6047868],[-83.7105901,37.6046119],[-83.7108281,37.6044339],[-83.7111802,37.6041424],[-83.7115236,37.6038904],[-83.7116383,37.6038796],[-83.7116245,37.6039927],[-83.7116328,37.6041864],[-83.7117152,37.6044126],[-83.7118607,37.6047237],[-83.7117261,37.6051023]]}},{"type":"Feature","properties":{"osm_id":969789303,"highway":"service","name":null,"alt_name":null,"official_name":null,"surface":null,"tracktype":null,"service":null,"access":null,"motor_vehicle":null,"foot":null,"tiger_reviewed":null,"rrgh_part":0,"rrgh_tile_part":0},"geometry":{"type":"LineString","coordinates":[[-83.709371,37.605855],[-83.7095561,37.6058438],[-83.7097933,37.6058293],[-83.7102154,37.6058037],[-83.7107317,37.6053605],[-83.7104099,37.6051235]]}},{"type":"Feature","properties":{"osm_id":969789304,"highway":"service","name":null,"alt_name":null,"official_name":null,"surface":null,"tracktype":null,"service":null,"access":null,"motor_vehicle":null,"foot":null,"tiger_reviewed":null,"rrgh_part":0,"rrgh_tile_part":0},"geometry":{"type":"LineString","coordinates":[[-83.7097933,37.6058293],[-83.709756,37.6054235],[-83.7095263,37.605438],[-83.7095561,37.6058438]]}},{"type":"Feature","properties":{"osm_id":16268663,"highway":"service","name":null,"alt_name":null,"official_name":null,"surface":null,"tracktype":null,"service":null,"access":null,"motor_vehicle":null,"foot":null,"tiger_reviewed":"no","rrgh_part":0,"rrgh_tile_part":0},"geometry":{"type":"LineString","coordinates":[[-83.689263,37.601276],[-83.6894588,37.6013567],[-83.6897892,37.6014241],[-83.6910372,37.6021131]]}},{"type":"Feature","properties":{"osm_id":16269857,"highway":"residential","name":"Hobbs Road","alt_name":null,"official_name":null,"surface":null,"tracktype":null,"service":null,"access":null,"motor_vehicle":null,"foot":null,"tiger_reviewed":"no","rrgh_part":0,"rrgh_tile_part":0},"geometry":{"type":"LineString","coordinates":[[-83.68960619607843,37.6],[-83.689588,37.600029],[-83.689332,37.600441],[-83.689041,37.600959],[-83.68903,37.600996],[-83.689036,37.601071],[-83.689055,37.601106],[-83.689117,37.601167],[-83.689263,37.601276]]}},{"type":"Feature","properties":{"osm_id":16269858,"highway":"residential","name":"Hobbs Road","alt_name":null,"official_name":null,"surface":null,"tracktype":null,"service":null,"access":null,"motor_vehicle":null,"foot":null,"tiger_reviewed":"no","rrgh_part":0,"rrgh_tile_part":0},"geometry":{"type":"LineString","coordinates":[[-83.689588,37.600029],[-83.68944971578948,37.6]]}},{"type":"Feature","properties":{"osm_id":16269609,"highway":"residential","name":"Little Puncheon Road","alt_name":null,"official_name":null,"surface":null,"tracktype":null,"service":null,"access":null,"motor_vehicle":null,"foot":null,"tiger_reviewed":"no","rrgh_part":0,"rrgh_tile_part":0},"geometry":{"type":"LineString","coordinates":[[-83.68181740983606,37.6],[-83.681964,37.600263],[-83.682016,37.600414],[-83.682088,37.600553],[-83.682137,37.600773],[-83.682125,37.601504],[-83.682144,37.601651],[-83.682185,37.601727],[-83.682268,37.60179],[-83.682391,37.601843],[-83.682712,37.601941],[-83.683101,37.602107],[-83.683552,37.602239],[-83.683678,37.602284],[-83.684322,37.602646],[-83.684794,37.602962],[-83.684936,37.603073],[-83.685066,37.603192],[-83.685226,37.603384],[-83.685401,37.603675],[-83.685479,37.603774],[-83.685613,37.603907],[-83.685764,37.604023],[-83.686362,37.604428],[-83.686484,37.604503],[-83.686589,37.604551],[-83.686758,37.604593]]}},{"type":"Feature","properties":{"osm_id":16269701,"highway":"residential","name":"Radio Station Loop","alt_name":null,"official_name":null,"surface":null,"tracktype":null,"service":null,"access":null,"motor_vehicle":null,"foot":null,"tiger_reviewed":"no","rrgh_part":0,"rrgh_tile_part":0},"geometry":{"type":"LineString","coordinates":[[-83.686758,37.604593],[-83.686931,37.604639],[-83.687032,37.604685],[-83.687084,37.604731],[-83.687127,37.604786],[-83.687143,37.60484],[-83.687141,37.604898],[-83.68768,37.605282],[-83.687821,37.605403],[-83.687895,37.605505],[-83.687919,37.605627],[-83.68788,37.605809],[-83.687912,37.605987],[-83.687959,37.606175],[-83.687948,37.606276],[-83.687934,37.606333],[-83.687888,37.606413],[-83.687852,37.606503],[-83.687838,37.606586],[-83.687858,37.606752],[-83.687877,37.606792],[-83.687885,37.606869],[-83.687867,37.606934],[-83.687717,37.607151],[-83.687591,37.607305],[-83.68751,37.607388],[-83.687351,37.607528],[-83.68724,37.607612],[-83.68706,37.60771],[-83.68685,37.607784],[-83.686625,37.607828],[-83.68632,37.607861]]}},{"type":"Feature","properties":{"osm_id":16269969,"highway":"unclassified","name":"Old State Hwy 11","alt_name":null,"official_name":null,"surface":null,"tracktype":null,"service":null,"access":null,"motor_vehicle":null,"foot":null,"tiger_reviewed":"no","rrgh_part":0,"rrgh_tile_part":0},"geometry":{"type":"LineString","coordinates":[[-83.684916,37.60857],[-83.686043,37.607578],[-83.686364,37.607252]]}},{"type":"Feature","properties":{"osm_id":16270120,"highway":"residential","name":"Maloney Ridge Road","alt_name":null,"official_name":null,"surface":null,"tracktype":null,"service":null,"access":null,"motor_vehicle":null,"foot":null,"tiger_reviewed":"no","rrgh_part":0,"rrgh_tile_part":0},"geometry":{"type":"LineString","coordinates":[[-83.684916,37.60857],[-83.684872,37.608557],[-83.684763,37.608551],[-83.684564,37.608579],[-83.684242,37.608667],[-83.683912,37.60878],[-83.68337,37.609016],[-83.682927,37.609147],[-83.682643,37.609204],[-83.682371,37.609244],[-83.682203,37.609259],[-83.682036,37.609261],[-83.681861,37.609242],[-83.68158,37.609185],[-83.681296,37.60911],[-83.680662,37.608923],[-83.680535,37.608873],[-83.680069,37.60861],[-83.679917,37.608543],[-83.679834,37.608521],[-83.679652,37.608498],[-83.679174,37.608477],[-83.678992,37.608443],[-83.678908,37.608414],[-83.678761,37.608335],[-83.678645,37.608239],[-83.678554,37.608135],[-83.678307,37.607799],[-83.678173,37.607656],[-83.677928,37.607487],[-83.677376,37.607158],[-83.676564,37.606734],[-83.676261,37.606603],[-83.675974,37.606496],[-83.675781,37.606439],[-83.675405,37.606354],[-83.675082,37.60625],[-83.67500000000001,37.606186701754396]]}},{"type":"Feature","properties":{"osm_id":16270274,"highway":"residential","name":"Spencer Road","alt_name":null,"official_name":null,"surface":null,"tracktype":null,"service":null,"access":null,"motor_vehicle":null,"foot":null,"tiger_reviewed":"no","rrgh_part":0,"rrgh_tile_part":0},"geometry":{"type":"LineString","coordinates":[[-83.68632,37.607861],[-83.686455,37.607275],[-83.686496,37.607097],[-83.686693,37.60501],[-83.686758,37.604593]]}},{"type":"Feature","properties":{"osm_id":16268973,"highway":"residential","name":"Old Ky 11 Loop No 1","alt_name":null,"official_name":null,"surface":null,"tracktype":null,"service":null,"access":null,"motor_vehicle":null,"foot":null,"tiger_reviewed":"no","rrgh_part":0,"rrgh_tile_part":0},"geometry":{"type":"LineString","coordinates":[[-83.687141,37.604898],[-83.687065,37.60511],[-83.68706,37.605175],[-83.687083,37.605291],[-83.687363,37.605913],[-83.687418,37.60611],[-83.687459,37.606388],[-83.687455,37.606528],[-83.687434,37.606669],[-83.687389,37.606813],[-83.687333,37.60692],[-83.68728,37.606994],[-83.687212,37.607101],[-83.68703,37.607342],[-83.686969,37.607375],[-83.686872,37.607382],[-83.686455,37.607275],[-83.686364,37.607252]]}},{"type":"Feature","properties":{"osm_id":16269471,"highway":"residential","name":"Cave Fork Road","alt_name":null,"official_name":null,"surface":"gravel","tracktype":null,"service":null,"access":null,"motor_vehicle":null,"foot":null,"tiger_reviewed":"no","rrgh_part":0,"rrgh_tile_part":0},"geometry":{"type":"LineString","coordinates":[[-83.729554,37.658244],[-83.729556,37.658131],[-83.729547,37.658101],[-83.729511,37.658057],[-83.729459,37.658032],[-83.729206,37.657853],[-83.729112,37.657776],[-83.72898,37.657706],[-83.728811,37.65764],[-83.7284183,37.6575217],[-83.7282338,37.6574314],[-83.7280362,37.6573732],[-83.7279349,37.6573676],[-83.727803,37.6573511],[-83.727659,37.657374],[-83.727489,37.657395],[-83.727309,37.657445],[-83.72659,37.657618],[-83.726483,37.65763],[-83.726236,37.65769],[-83.726053,37.657725],[-83.725864,37.657744],[-83.725667,37.657744],[-83.72532,37.657697],[-83.725184,37.657669],[-83.725011,37.657646],[-83.724794,37.657628],[-83.724736,37.657634],[-83.724503,37.657707],[-83.724381,37.657735],[-83.724068,37.657836],[-83.723946,37.657892],[-83.723661,37.658077],[-83.723517,37.658141],[-83.72334,37.658237],[-83.722862,37.658433],[-83.722768,37.658502],[-83.7227356,37.658537],[-83.722706,37.658569],[-83.722375,37.659062],[-83.722136,37.659313],[-83.721997,37.659481],[-83.721957,37.659588],[-83.721967,37.659815],[-83.721942,37.659921],[-83.72182,37.660109],[-83.721809,37.660149],[-83.721803,37.660195],[-83.721845,37.660388],[-83.721842,37.660486],[-83.721797,37.660567],[-83.721762,37.6606],[-83.721676,37.660648],[-83.721584,37.660676],[-83.7214459,37.6607108],[-83.7211974,37.6607412],[-83.72075,37.660751],[-83.720346,37.660762],[-83.7201791,37.6607698],[-83.7199053,37.6607467],[-83.719803,37.6607109],[-83.719686,37.660642],[-83.719605,37.660626],[-83.719302,37.660623],[-83.719036,37.660603],[-83.718874,37.660614],[-83.71876,37.660636],[-83.718595,37.660697],[-83.7180804,37.6610419],[-83.717801,37.6611807],[-83.7176598,37.6612597],[-83.717444,37.661486],[-83.717168,37.661708],[-83.7169553,37.6618476],[-83.7168163,37.6620544],[-83.716797,37.662094],[-83.716351,37.662425],[-83.7162643,37.6625069],[-83.716109,37.662654],[-83.716034,37.662746],[-83.715851,37.663031],[-83.715719,37.663214],[-83.715566,37.663381],[-83.715198,37.663744],[-83.71503,37.66389],[-83.713915,37.664646],[-83.71372,37.664848],[-83.713553,37.66497],[-83.713474,37.66504],[-83.713407,37.665116],[-83.713261,37.665352],[-83.713204,37.665414],[-83.713136,37.665465],[-83.713057,37.665504],[-83.712966,37.665528],[-83.712742,37.665549],[-83.712001,37.665556],[-83.7118672,37.6655642],[-83.7115084,37.6655431],[-83.711175,37.665629],[-83.710834,37.665707],[-83.710725,37.665751],[-83.710629,37.66581],[-83.710493,37.665945],[-83.710159,37.666325],[-83.7098814,37.6665108],[-83.709757,37.666547],[-83.709271,37.666705],[-83.709076,37.666742],[-83.708813,37.666643],[-83.708698,37.666619],[-83.708578,37.666621],[-83.708348,37.66665],[-83.70808,37.666701],[-83.707822,37.666758],[-83.707677,37.666802],[-83.707227,37.666858],[-83.707145,37.666901],[-83.707083,37.666957],[-83.706885,37.667178],[-83.7068169,37.6672333],[-83.706732,37.667275],[-83.706541,37.667311],[-83.706201,37.667343],[-83.705884,37.667398],[-83.705811,37.667411],[-83.705424,37.667495],[-83.705284,37.667503],[-83.705152,37.667487],[-83.704726,37.667477],[-83.704597,37.667486],[-83.704353,37.667525],[-83.70415,37.667589],[-83.703866,37.667821],[-83.703785,37.66787],[-83.703686,37.667913],[-83.703575,37.667947],[-83.703461,37.667969],[-83.703348,37.667973],[-83.703153,37.667944],[-83.7029777,37.6679005],[-83.702794,37.667855],[-83.702518,37.667774],[-83.702407,37.667753],[-83.702291,37.667744],[-83.7019837,37.6677301],[-83.701705,37.667688],[-83.701603,37.667644],[-83.701486,37.667573],[-83.701373,37.667486],[-83.701292,37.667399],[-83.701269,37.667352],[-83.701206,37.667285],[-83.701136,37.667232],[-83.701031,37.667183],[-83.700897,37.667153],[-83.700762,37.667108],[-83.700527,37.667067],[-83.700299,37.666974],[-83.699959,37.666888],[-83.699725,37.666809],[-83.699573,37.666745],[-83.699321,37.666684],[-83.699173,37.666677],[-83.699012,37.666745],[-83.698885,37.66685],[-83.698783,37.666905],[-83.698611,37.666949],[-83.698312,37.667094],[-83.698204,37.667135],[-83.698091,37.667151],[-83.6978996,37.667164],[-83.6978138,37.6671705],[-83.6977201,37.6671491],[-83.6976555,37.6671104],[-83.6975488,37.667031],[-83.6974321,37.666886],[-83.697332,37.666713],[-83.6968195,37.6660496],[-83.6967095,37.6658903],[-83.696516,37.6654691],[-83.6964343,37.6652775],[-83.696403,37.6651055],[-83.6963955,37.6649618],[-83.69645,37.66473],[-83.696527,37.6645],[-83.696658,37.664207],[-83.6966364,37.6638609],[-83.696641,37.663644],[-83.696596,37.663543],[-83.696497,37.663466],[-83.6963955,37.6634796],[-83.6962967,37.6635492],[-83.696217,37.663661],[-83.6961702,37.6637362],[-83.6961162,37.6638195],[-83.6960517,37.6638946],[-83.695993,37.663947],[-83.6958482,37.6640447],[-83.6955694,37.6641571],[-83.6949311,37.6642343],[-83.694639,37.664279],[-83.694499,37.66434],[-83.694143,37.6645764],[-83.694033,37.6646654],[-83.693973,37.6647424],[-83.693957,37.6647934],[-83.693966,37.6648404],[-83.693997,37.6648814],[-83.694043,37.6649164],[-83.694104,37.6649424],[-83.694337,37.6650014],[-83.6944072,37.6650294],[-83.6944651,37.6650708],[-83.694476,37.6651454],[-83.6944717,37.6652431],[-83.694411,37.665501],[-83.694346,37.665605],[-83.694301,37.665648],[-83.694233,37.665695],[-83.694164,37.665734],[-83.694074,37.665756],[-83.693978,37.665761],[-83.693863,37.665743],[-83.693687,37.665649],[-83.693526,37.665492],[-83.693264,37.66509],[-83.693172,37.664974],[-83.6930402,37.6647734],[-83.6930105,37.6647341],[-83.692967,37.664702],[-83.692801,37.664619],[-83.6927351,37.6645792]]}},{"type":"Feature","properties":{"osm_id":16269810,"highway":"unclassified","name":"Fixer Road","alt_name":null,"official_name":null,"surface":"gravel","tracktype":null,"service":null,"access":null,"motor_vehicle":null,"foot":null,"tiger_reviewed":"no","rrgh_part":0,"rrgh_tile_part":0},"geometry":{"type":"LineString","coordinates":[[-83.722471,37.674965],[-83.7225204,37.6749132],[-83.722676,37.67475],[-83.722749,37.674635],[-83.722783,37.674521],[-83.722749,37.674151],[-83.722758,37.674103],[-83.722781,37.67406],[-83.722815,37.67403],[-83.722859,37.67401],[-83.722909,37.674004],[-83.723132,37.67404],[-83.723183,37.674039],[-83.7233168,37.6740083],[-83.723436,37.673949],[-83.723704,37.673744],[-83.723849,37.673623],[-83.724016,37.673446],[-83.724124,37.673291],[-83.724306,37.673073],[-83.724403,37.672917],[-83.72452,37.672763],[-83.7246796,37.6726038],[-83.724955,37.672314],[-83.725155,37.672081],[-83.725237,37.671949],[-83.72529,37.671803],[-83.725445,37.671329],[-83.725479,37.67116],[-83.725526,37.671001],[-83.725692,37.670568],[-83.725725,37.670358],[-83.725763,37.669807],[-83.725808,37.669646],[-83.725842,37.669571],[-83.725886,37.669502],[-83.725996,37.669382],[-83.726141,37.669278],[-83.726315,37.669201],[-83.7265905,37.6691064],[-83.726676,37.669077],[-83.726847,37.669006],[-83.726982,37.668918],[-83.727027,37.668869],[-83.727076,37.66876],[-83.727094,37.668574],[-83.727118,37.66846],[-83.727113,37.668342],[-83.727084,37.668148],[-83.727079,37.66801],[-83.727088,37.667862],[-83.727123,37.667717],[-83.727188,37.667586],[-83.727333,37.667418],[-83.727578,37.667196],[-83.727728,37.667089],[-83.727977,37.666961],[-83.728678,37.666715],[-83.728885,37.666652],[-83.729093,37.666642],[-83.729581,37.666642],[-83.730106,37.666587],[-83.73062,37.666601],[-83.73071,37.666583],[-83.730739,37.66658],[-83.730867,37.666515],[-83.731065,37.66636],[-83.731188,37.666203],[-83.731229,37.666079],[-83.73123,37.666013],[-83.731103,37.665659],[-83.731094,37.665582],[-83.7311,37.665264],[-83.731187,37.664979],[-83.731287,37.664794],[-83.731536,37.664478],[-83.731587,37.664346],[-83.731772,37.663922],[-83.731793,37.663846],[-83.731845,37.663779],[-83.731987,37.663375],[-83.7320716,37.6631944],[-83.7321127,37.6631057],[-83.73221,37.662864],[-83.732521,37.661733],[-83.732532,37.661663],[-83.732521,37.661598],[-83.732494,37.661538],[-83.7324,37.66144],[-83.732259,37.661372],[-83.732097,37.661319],[-83.731405,37.661165],[-83.731316,37.661137],[-83.730769,37.66107],[-83.73001,37.660914],[-83.729907,37.660854],[-83.729861,37.66081],[-83.729786,37.660709],[-83.729727,37.660594],[-83.729685,37.660466],[-83.7296802,37.660433],[-83.729666,37.660335],[-83.729631,37.660201],[-83.729557,37.660068],[-83.729375,37.659813],[-83.729284,37.659615],[-83.729274,37.659544],[-83.729284,37.65932],[-83.729314,37.6591351],[-83.729408,37.658556],[-83.729446,37.658421],[-83.729506,37.658307],[-83.729554,37.658244]]}},{"type":"Feature","properties":{"osm_id":968812115,"highway":"service","name":null,"alt_name":null,"official_name":null,"surface":null,"tracktype":null,"service":null,"access":null,"motor_vehicle":null,"foot":null,"tiger_reviewed":null,"rrgh_part":0,"rrgh_tile_part":0},"geometry":{"type":"LineString","coordinates":[[-83.76,37.623429118918935],[-83.759971,37.6233643],[-83.7599755,37.6230995],[-83.7599868,37.622883],[-83.7599461,37.6227326],[-83.7598218,37.6226002],[-83.7595688,37.6223175],[-83.7594129,37.6220938],[-83.7592796,37.6217555],[-83.7592412,37.6214996],[-83.7593429,37.6210594],[-83.7593813,37.6207731],[-83.7593926,37.6203042],[-83.7593451,37.6200107],[-83.7594603,37.6195061],[-83.7594558,37.6192591]]}},{"type":"Feature","properties":{"osm_id":968812116,"highway":"service","name":null,"alt_name":null,"official_name":null,"surface":null,"tracktype":null,"service":null,"access":null,"motor_vehicle":null,"foot":null,"tiger_reviewed":null,"rrgh_part":0,"rrgh_tile_part":0},"geometry":{"type":"LineString","coordinates":[[-83.759655,37.62655],[-83.7597096,37.6264689],[-83.7596815,37.6262604],[-83.7596604,37.6260323],[-83.7595972,37.6256347],[-83.7596183,37.6254567],[-83.7596631,37.6254062],[-83.7597096,37.6253538],[-83.76,37.62510478036117]]}},{"type":"Feature","properties":{"osm_id":16269103,"highway":"residential","name":"Ratcliff Road","alt_name":null,"official_name":null,"surface":null,"tracktype":null,"service":null,"access":null,"motor_vehicle":null,"foot":null,"tiger_reviewed":"no","rrgh_part":0,"rrgh_tile_part":0},"geometry":{"type":"LineString","coordinates":[[-83.76,37.62421013880446],[-83.7599633,37.6242191],[-83.759898,37.624235],[-83.759712,37.624241],[-83.759592,37.624223],[-83.759473,37.624189],[-83.759248,37.624092],[-83.758907,37.623888],[-83.758794,37.623856],[-83.758726,37.62385],[-83.758656,37.623856],[-83.758585,37.623873],[-83.758207,37.624012],[-83.758102,37.62404],[-83.758008,37.624052],[-83.7579604,37.6240515],[-83.757918,37.624051],[-83.757819,37.624033],[-83.757621,37.62393],[-83.757517,37.623899],[-83.757463,37.623897],[-83.756691,37.623963],[-83.756612,37.62398],[-83.756578,37.623998],[-83.7565587,37.624018],[-83.756549,37.624028],[-83.756534,37.62407],[-83.756544,37.624182],[-83.756617,37.624427],[-83.756664,37.624543],[-83.756747,37.624706],[-83.756819,37.624813],[-83.757029,37.625051],[-83.757054,37.625104],[-83.757064,37.625161],[-83.757047,37.625273],[-83.757021,37.625326],[-83.75677,37.62567],[-83.756717,37.625777],[-83.756702,37.625833],[-83.756696,37.625943],[-83.756752,37.626171],[-83.756766,37.626288],[-83.756717,37.626644],[-83.756737,37.626773],[-83.756786,37.626898],[-83.756848,37.627017],[-83.756962,37.627186],[-83.757122,37.627381],[-83.757332,37.6276],[-83.75747,37.627773]]}},{"type":"Feature","properties":{"osm_id":16269612,"highway":"unclassified","name":"New Virginia Ridge Road","alt_name":null,"official_name":null,"surface":"unpaved","tracktype":null,"service":null,"access":null,"motor_vehicle":null,"foot":null,"tiger_reviewed":"no","rrgh_part":0,"rrgh_tile_part":0},"geometry":{"type":"LineString","coordinates":[[-83.7583466,37.6471146],[-83.758351,37.647083],[-83.758357,37.647011],[-83.758321,37.646949],[-83.758252,37.646881],[-83.758013,37.646701],[-83.757976,37.646651],[-83.757836,37.646583],[-83.757748,37.646567],[-83.757416,37.646471],[-83.756987,37.646284],[-83.75685,37.646171],[-83.756772,37.646075],[-83.756733,37.646004],[-83.756709,37.645926],[-83.756711,37.645812],[-83.756758,37.645572],[-83.756855,37.645234],[-83.756878,37.645026],[-83.756931,37.644748],[-83.756988,37.644609],[-83.757086,37.644463],[-83.757176,37.644353],[-83.757251,37.644221],[-83.757309,37.644008],[-83.75734,37.643757],[-83.757345,37.643602],[-83.757325,37.643425],[-83.757282,37.643294],[-83.757199,37.643171],[-83.757057,37.643025],[-83.756887,37.642823],[-83.75685,37.642797],[-83.756741,37.64278],[-83.756667,37.642784],[-83.756586,37.642805],[-83.756417,37.642864],[-83.75637,37.642872],[-83.756277,37.642863],[-83.756236,37.642842],[-83.756205,37.642812],[-83.756111,37.642594],[-83.755749,37.641944],[-83.755718,37.641868],[-83.755698,37.641766],[-83.755726,37.641683],[-83.755752,37.641649],[-83.75587,37.641543],[-83.756024,37.641464],[-83.756361,37.641328],[-83.756459,37.641266],[-83.756541,37.641178],[-83.756689,37.640977],[-83.756974,37.640725],[-83.757043,37.640626],[-83.757081,37.640514],[-83.75709,37.640455],[-83.757086,37.640394],[-83.757019,37.640213],[-83.75686,37.639891],[-83.756829,37.63979],[-83.756811,37.639649],[-83.7568152,37.639521],[-83.756937,37.639197],[-83.757004,37.63909],[-83.75709,37.638987],[-83.757245,37.638844],[-83.757408,37.638724],[-83.757731,37.638556],[-83.757898,37.638487],[-83.758495,37.638328],[-83.758687,37.638259],[-83.759045,37.638107],[-83.75943,37.637882],[-83.759542,37.637772],[-83.759594,37.637691],[-83.759605,37.637646],[-83.759601,37.637549],[-83.759563,37.63746],[-83.759494,37.637378],[-83.75926,37.637215],[-83.759168,37.637134],[-83.758965,37.636878],[-83.758878,37.63675],[-83.758831,37.636605],[-83.75881,37.63642],[-83.758849,37.636281],[-83.758893,37.636186],[-83.758916,37.636146],[-83.759023,37.636023],[-83.759212,37.635875],[-83.759584,37.635637],[-83.759786,37.635529],[-83.76,37.6354309490909]]}},{"type":"Feature","properties":{"osm_id":16269606,"highway":"service","name":"Cr-1353","alt_name":null,"official_name":null,"surface":null,"tracktype":null,"service":null,"access":null,"motor_vehicle":null,"foot":null,"tiger_reviewed":"no","rrgh_part":0,"rrgh_tile_part":0},"geometry":{"type":"LineString","coordinates":[[-83.755672,37.627895],[-83.755468,37.629053],[-83.755435,37.629312],[-83.755416,37.629696],[-83.75539,37.629867],[-83.755348,37.62998],[-83.755194,37.630239],[-83.755096,37.630434],[-83.755093,37.630503],[-83.755117,37.63068],[-83.755111,37.630751],[-83.755092,37.630808],[-83.755103,37.630892]]}},{"type":"Feature","properties":{"osm_id":16268907,"highway":"residential","name":"Left Fork Bear Track Road","alt_name":null,"official_name":null,"surface":null,"tracktype":null,"service":null,"access":null,"motor_vehicle":null,"foot":null,"tiger_reviewed":"no","rrgh_part":0,"rrgh_tile_part":0},"geometry":{"type":"LineString","coordinates":[[-83.750789,37.624071],[-83.750622,37.624033],[-83.750469,37.624028],[-83.750122,37.624058],[-83.749747,37.624102],[-83.749259,37.624135],[-83.749107,37.624175],[-83.748873,37.624276],[-83.748764,37.62431],[-83.748653,37.624333],[-83.748526,37.624341],[-83.748321,37.624309],[-83.747824,37.624138],[-83.747708,37.624078],[-83.747609,37.623989],[-83.747538,37.623877],[-83.747487,37.623748],[-83.747414,37.623418],[-83.747408,37.623282],[-83.747422,37.622776],[-83.747452,37.622446],[-83.747421,37.622074],[-83.747435,37.621926],[-83.747493,37.621667],[-83.747498,37.621467],[-83.747465,37.621249],[-83.74737,37.620949],[-83.747291,37.620561],[-83.747177,37.620137],[-83.74717,37.619953],[-83.747198,37.619788]]}},{"type":"Feature","properties":{"osm_id":16269848,"highway":"residential","name":"Bear Track Road","alt_name":null,"official_name":null,"surface":null,"tracktype":null,"service":null,"access":null,"motor_vehicle":null,"foot":null,"tiger_reviewed":"no","rrgh_part":0,"rrgh_tile_part":0},"geometry":{"type":"LineString","coordinates":[[-83.751534,37.627192],[-83.751427,37.626856],[-83.751376,37.626735],[-83.751304,37.626607],[-83.751257,37.626544],[-83.75114,37.626422],[-83.750852,37.626181],[-83.750786,37.626114],[-83.750733,37.626043],[-83.750701,37.625964],[-83.750686,37.625882],[-83.750689,37.625799],[-83.750779,37.625317],[-83.750869,37.624709],[-83.750854,37.624479],[-83.750782,37.624145],[-83.750789,37.624071],[-83.750829,37.623992],[-83.751077,37.623791],[-83.751122,37.623742],[-83.751179,37.623631],[-83.751185,37.623512],[-83.751168,37.623453],[-83.75112,37.623334],[-83.75102,37.623143],[-83.750978,37.622998],[-83.750977,37.62292],[-83.751008,37.622679],[-83.751029,37.622601],[-83.751064,37.622528],[-83.751115,37.622466],[-83.751246,37.622374],[-83.752066,37.621992],[-83.752131,37.621949],[-83.752183,37.621901],[-83.75222,37.621847],[-83.752256,37.621728],[-83.752257,37.621663],[-83.7522,37.621369],[-83.752197,37.62129],[-83.752226,37.621136],[-83.7523946,37.6205959],[-83.752428,37.620489],[-83.7524926,37.6203357],[-83.752597,37.620088],[-83.752653,37.619931],[-83.752687,37.619773],[-83.7527204,37.619508],[-83.752733,37.619408],[-83.752808,37.619133],[-83.752867,37.618997],[-83.752942,37.618866],[-83.753054,37.618734],[-83.75322,37.618595],[-83.753351,37.618468],[-83.753413,37.618363],[-83.753458,37.618245],[-83.753594,37.617496],[-83.753646,37.617104],[-83.753647,37.616953],[-83.753599,37.616666],[-83.753602,37.616596],[-83.753622,37.616527],[-83.753654,37.616463],[-83.753745,37.616342],[-83.754067,37.616032],[-83.754102,37.615975],[-83.754134,37.615858],[-83.754135,37.615801],[-83.754118,37.615744],[-83.754044,37.61563],[-83.75386,37.615457],[-83.753445,37.615124],[-83.753349,37.61501],[-83.753325,37.614946],[-83.753316,37.614881],[-83.753329,37.614816],[-83.75336,37.614755],[-83.753408,37.614704],[-83.753532,37.614634],[-83.753743,37.614569],[-83.753801,37.614534],[-83.753849,37.614488],[-83.753885,37.614432],[-83.753904,37.61437],[-83.753906,37.614305],[-83.753893,37.614241],[-83.753667,37.613585],[-83.7536197,37.6135133],[-83.753593,37.613473],[-83.75344,37.613331],[-83.753165,37.613116],[-83.753001,37.613022],[-83.752827,37.612949],[-83.752736,37.612921],[-83.752061,37.612735],[-83.751891,37.612663],[-83.751812,37.612618],[-83.751743,37.612565],[-83.751635,37.612446],[-83.751428,37.612111],[-83.751324,37.611965],[-83.75119,37.611833],[-83.751111,37.611779],[-83.7510444,37.6117476],[-83.750763,37.611615],[-83.750127,37.611376],[-83.749701,37.611199],[-83.74954,37.611121],[-83.749394,37.61102],[-83.74927,37.610901],[-83.749159,37.610771],[-83.74906,37.61063],[-83.74899,37.610485],[-83.748973,37.610414],[-83.748965,37.610282],[-83.748999,37.610007],[-83.749003,37.609794],[-83.748918,37.608995],[-83.748892,37.60891],[-83.748852,37.608833],[-83.748801,37.608768],[-83.74874,37.608714],[-83.748673,37.608667],[-83.748523,37.608589],[-83.747938,37.608332],[-83.747455,37.608169],[-83.747401,37.608139],[-83.747319,37.608072],[-83.747274,37.608008],[-83.74726,37.607969]]}},{"type":"Feature","properties":{"osm_id":16270457,"highway":"service","name":"Right Fork Mill Creek Road","alt_name":null,"official_name":null,"surface":null,"tracktype":null,"service":null,"access":null,"motor_vehicle":null,"foot":null,"tiger_reviewed":"no","rrgh_part":0,"rrgh_tile_part":0},"geometry":{"type":"LineString","coordinates":[[-83.737684,37.615938],[-83.737713,37.615922],[-83.737837,37.615836],[-83.737982,37.615751],[-83.73812,37.615709],[-83.73819,37.615703],[-83.738466,37.615726],[-83.7385854,37.6157031],[-83.738612,37.615698],[-83.738686,37.615669],[-83.738828,37.615589],[-83.738947,37.615487],[-83.738995,37.6154224],[-83.739031,37.615374],[-83.739284,37.614946],[-83.739313,37.61485],[-83.739328,37.614684],[-83.739411,37.614406],[-83.739464,37.614364],[-83.739597,37.614305],[-83.739749,37.614279],[-83.739975,37.614268],[-83.740047,37.614256],[-83.74018,37.614208],[-83.740237,37.614174],[-83.740323,37.614088],[-83.74049,37.613795],[-83.740724,37.613446],[-83.740851,37.613328],[-83.741007,37.613229],[-83.741122,37.613178],[-83.74124,37.613142],[-83.741364,37.613126],[-83.741705,37.613115],[-83.741859,37.61308],[-83.742583,37.612771],[-83.742628,37.61274],[-83.742648,37.612708]]}},{"type":"Feature","properties":{"osm_id":968812079,"highway":"track","name":null,"alt_name":null,"official_name":null,"surface":null,"tracktype":null,"service":null,"access":null,"motor_vehicle":null,"foot":null,"tiger_reviewed":null,"rrgh_part":0,"rrgh_tile_part":0},"geometry":{"type":"LineString","coordinates":[[-83.7384396,37.6193698],[-83.7384305,37.6193133],[-83.738591,37.6190937],[-83.7387515,37.6189743],[-83.7392111,37.6187528],[-83.7395928,37.6186603],[-83.7398846,37.6186025],[-83.7401351,37.6186603],[-83.7403637,37.6188029],[-83.7405606,37.6189088],[-83.7407722,37.6189473],[-83.7410324,37.6189435],[-83.7412634,37.6188934],[-83.7413728,37.6187971],[-83.7414919,37.6185968],[-83.7416962,37.6182154],[-83.7419102,37.6179843],[-83.7423916,37.6176145],[-83.7425667,37.617366],[-83.7427369,37.6171426]]}},{"type":"Feature","properties":{"osm_id":968812108,"highway":"service","name":null,"alt_name":null,"official_name":null,"surface":null,"tracktype":null,"service":null,"access":null,"motor_vehicle":null,"foot":null,"tiger_reviewed":null,"rrgh_part":0,"rrgh_tile_part":0},"geometry":{"type":"LineString","coordinates":[[-83.752733,37.619408],[-83.7526507,37.61941],[-83.7525002,37.6194861],[-83.7522411,37.6196053],[-83.7521378,37.6196484],[-83.7520363,37.6196555],[-83.751933,37.6196268],[-83.7518441,37.6195536],[-83.7517263,37.619367],[-83.7516321,37.6192335],[-83.7514255,37.6190095],[-83.7512968,37.6188731],[-83.751266,37.618787],[-83.7512696,37.6187023],[-83.7513222,37.6185415],[-83.7513185,37.618464],[-83.7511844,37.6183319],[-83.7506606,37.6180304]]}},{"type":"Feature","properties":{"osm_id":968812061,"highway":"service","name":null,"alt_name":null,"official_name":null,"surface":null,"tracktype":null,"service":null,"access":null,"motor_vehicle":null,"foot":null,"tiger_reviewed":null,"rrgh_part":0,"rrgh_tile_part":0},"geometry":{"type":"LineString","coordinates":[[-83.7368688,37.6108508],[-83.7372631,37.610935],[-83.7375391,37.6109886],[-83.7377842,37.6109328],[-83.7381391,37.6108146],[-83.7384123,37.6106807],[-83.7389305,37.6103929],[-83.7393417,37.6102456],[-83.7396403,37.6101095],[-83.7398008,37.6099422],[-83.7399054,37.6096474],[-83.7399219,37.6096008],[-83.7400149,37.6091188],[-83.7401275,37.6088734],[-83.7404599,37.60859]]}},{"type":"Feature","properties":{"osm_id":16269578,"highway":"service","name":"Resurrection Road","alt_name":null,"official_name":null,"surface":null,"tracktype":null,"service":null,"access":"private","motor_vehicle":null,"foot":null,"tiger_reviewed":"no","rrgh_part":0,"rrgh_tile_part":0},"geometry":{"type":"LineString","coordinates":[[-83.731448,37.609384],[-83.731152,37.609458],[-83.731055,37.609472],[-83.730951,37.609478],[-83.730633,37.609455],[-83.730479,37.609459],[-83.73028,37.609479],[-83.7301826,37.6095068],[-83.730126,37.609523],[-83.72998,37.60955],[-83.729889,37.609558],[-83.729733,37.609552],[-83.729575,37.60956],[-83.729297,37.60963],[-83.729237,37.609679],[-83.729216,37.609724],[-83.729253,37.609883],[-83.729342,37.610087],[-83.729376,37.610122]]}},{"type":"Feature","properties":{"osm_id":16269566,"highway":"service","name":"Fred Fox Road","alt_name":null,"official_name":null,"surface":null,"tracktype":null,"service":null,"access":null,"motor_vehicle":null,"foot":null,"tiger_reviewed":"no","rrgh_part":0,"rrgh_tile_part":0},"geometry":{"type":"LineString","coordinates":[[-83.729842,37.625658],[-83.729745,37.625559],[-83.729647,37.625498],[-83.729452,37.625404],[-83.729102,37.625277],[-83.728917,37.625186],[-83.728796,37.625096],[-83.728692,37.624999],[-83.728594,37.624882],[-83.728016,37.62464],[-83.727864,37.624545],[-83.727804,37.624491],[-83.727759,37.624422],[-83.727709,37.624271],[-83.727695,37.624135],[-83.7277,37.623902],[-83.727655,37.62376],[-83.727592,37.623617],[-83.727316,37.623206],[-83.727189,37.622934],[-83.727151,37.62287],[-83.727151,37.622731],[-83.727166,37.622668],[-83.727306,37.62238],[-83.727336,37.622271],[-83.727333,37.622215],[-83.727289,37.622097],[-83.727252,37.622038],[-83.727001,37.62177],[-83.7269661,37.6217187],[-83.726931,37.621667],[-83.726907,37.62161],[-83.726889,37.621553],[-83.726885,37.621496],[-83.726904,37.621373],[-83.726965,37.621123],[-83.726966,37.621028],[-83.726949,37.620971],[-83.726872,37.620826],[-83.726553,37.62036],[-83.726427,37.620193],[-83.726305,37.620054],[-83.726216,37.619922],[-83.72618,37.61989]]}},{"type":"Feature","properties":{"osm_id":16270454,"highway":"service","name":"Right Fork Mill Creek Road","alt_name":null,"official_name":null,"surface":null,"tracktype":null,"service":null,"access":null,"motor_vehicle":null,"foot":null,"tiger_reviewed":"no","rrgh_part":0,"rrgh_tile_part":0},"geometry":{"type":"LineString","coordinates":[[-83.735887,37.612977],[-83.735865,37.61338],[-83.735884,37.613956],[-83.73592,37.614245],[-83.735953,37.614393],[-83.735999,37.614524],[-83.736092,37.614689],[-83.736175,37.614774],[-83.7362211,37.614805],[-83.736337,37.614883],[-83.736716,37.615089],[-83.736902,37.61524],[-83.736952,37.615375],[-83.737015,37.61575],[-83.737077,37.615878],[-83.737144,37.615971],[-83.737208,37.616013],[-83.737297,37.616039],[-83.737395,37.616044],[-83.737521,37.616014],[-83.737609,37.615978],[-83.737684,37.615938]]}},{"type":"Feature","properties":{"osm_id":968812063,"highway":"service","name":null,"alt_name":null,"official_name":null,"surface":null,"tracktype":null,"service":null,"access":null,"motor_vehicle":null,"foot":null,"tiger_reviewed":null,"rrgh_part":0,"rrgh_tile_part":0},"geometry":{"type":"LineString","coordinates":[[-83.7297227,37.615869],[-83.7295772,37.6157117],[-83.7293706,37.6155882],[-83.7292039,37.6155265],[-83.7290371,37.6155452],[-83.7288033,37.615604],[-83.7286003,37.6156528],[-83.7283176,37.615683],[-83.7279424,37.6158036],[-83.7276506,37.6158725],[-83.7274549,37.6159113],[-83.7273099,37.6159199],[-83.727212,37.6158926],[-83.727125,37.6158136],[-83.7270743,37.6156715],[-83.7270598,37.6152623],[-83.7270127,37.6151073],[-83.7268659,37.614902],[-83.7267045,37.6147412],[-83.7265342,37.6145991],[-83.726478,37.6144799],[-83.7264979,37.6141899],[-83.7264707,37.6138137],[-83.7264436,37.6134749],[-83.7263276,37.6131504],[-83.7261826,37.6127915],[-83.7260611,37.6124584],[-83.7259995,37.6122976],[-83.7259089,37.6122531],[-83.7257693,37.6122388],[-83.7254159,37.6123077],[-83.7250081,37.6123967],[-83.7247562,37.6124096],[-83.7245387,37.6123551]]}},{"type":"Feature","properties":{"osm_id":968812066,"highway":"service","name":null,"alt_name":null,"official_name":null,"surface":null,"tracktype":null,"service":null,"access":null,"motor_vehicle":null,"foot":null,"tiger_reviewed":null,"rrgh_part":0,"rrgh_tile_part":0},"geometry":{"type":"LineString","coordinates":[[-83.729275,37.6166118],[-83.729187,37.6166281],[-83.7291038,37.6166435],[-83.7288479,37.6165928],[-83.7285363,37.6165074],[-83.7282416,37.616422],[-83.7280597,37.6164314],[-83.7277633,37.6165087],[-83.7273945,37.6165661],[-83.7272834,37.6165728],[-83.7271891,37.6165554],[-83.7269618,37.6164447],[-83.7267866,37.6163167],[-83.7266704,37.6161206],[-83.7265087,37.6158951],[-83.7263723,37.6157911]]}},{"type":"Feature","properties":{"osm_id":968812077,"highway":"service","name":null,"alt_name":null,"official_name":null,"surface":null,"tracktype":null,"service":null,"access":null,"motor_vehicle":null,"foot":null,"tiger_reviewed":null,"rrgh_part":0,"rrgh_tile_part":0},"geometry":{"type":"LineString","coordinates":[[-83.7362211,37.614805],[-83.7361891,37.6148822],[-83.7363886,37.6153012],[-83.7365712,37.616008],[-83.7366888,37.6163472],[-83.7366321,37.6165019],[-83.7364347,37.6167297],[-83.7362395,37.6171853],[-83.736124,37.617922],[-83.7360926,37.6180766],[-83.7358154,37.6185389],[-83.7356811,37.6187999],[-83.7356391,37.6190095],[-83.7357399,37.6192755],[-83.7358994,37.6197345],[-83.735916,37.6198444],[-83.7359393,37.6199989],[-83.7358928,37.6202867]]}},{"type":"Feature","properties":{"osm_id":968812078,"highway":"service","name":null,"alt_name":null,"official_name":null,"surface":null,"tracktype":null,"service":null,"access":null,"motor_vehicle":null,"foot":null,"tiger_reviewed":null,"rrgh_part":0,"rrgh_tile_part":0},"geometry":{"type":"LineString","coordinates":[[-83.735916,37.6198444],[-83.7361054,37.6198834],[-83.7363395,37.619885],[-83.7367764,37.6197845],[-83.7370417,37.6196996],[-83.7372914,37.6196316],[-83.7377459,37.6195605],[-83.7382569,37.6194385],[-83.7384396,37.6193698],[-83.7387212,37.6192639]]}},{"type":"Feature","properties":{"osm_id":968812068,"highway":"service","name":null,"alt_name":null,"official_name":null,"surface":null,"tracktype":null,"service":null,"access":null,"motor_vehicle":null,"foot":null,"tiger_reviewed":null,"rrgh_part":0,"rrgh_tile_part":0},"geometry":{"type":"LineString","coordinates":[[-83.7295388,37.6174733],[-83.7297067,37.6174557],[-83.7298988,37.6173922],[-83.7299474,37.6173344],[-83.7299523,37.6172169],[-83.7299256,37.6170801],[-83.729787,37.6170493],[-83.7295924,37.6170243],[-83.7295049,37.6170012],[-83.7294143,37.6170099]]}},{"type":"Feature","properties":{"osm_id":968812106,"highway":"service","name":null,"alt_name":null,"official_name":null,"surface":null,"tracktype":null,"service":null,"access":null,"motor_vehicle":null,"foot":null,"tiger_reviewed":null,"rrgh_part":0,"rrgh_tile_part":0},"geometry":{"type":"LineString","coordinates":[[-83.743794,37.62218],[-83.7439474,37.6221903],[-83.744553,37.6221635],[-83.7446966,37.6222126],[-83.7447811,37.6224178],[-83.7450628,37.6229912],[-83.7451585,37.6231384],[-83.7452881,37.6232655],[-83.7452796,37.6235533]]}},{"type":"Feature","properties":{"osm_id":16268939,"highway":"service","name":"Bear Track Lake Road","alt_name":null,"official_name":null,"surface":null,"tracktype":null,"service":null,"access":null,"motor_vehicle":null,"foot":null,"tiger_reviewed":"no","rrgh_part":0,"rrgh_tile_part":0},"geometry":{"type":"LineString","coordinates":[[-83.744015,37.628667],[-83.744033,37.628489],[-83.744044,37.628101],[-83.744063,37.627955],[-83.744159,37.627622],[-83.744217,37.627297],[-83.744241,37.627241],[-83.74435,37.627069],[-83.744406,37.626943],[-83.744428,37.626811],[-83.744399,37.626622],[-83.744345,37.626512],[-83.744121,37.626239],[-83.743964,37.626139],[-83.743944,37.626096],[-83.743931,37.625937],[-83.743907,37.625872],[-83.74384,37.625765],[-83.743721,37.625612],[-83.743632,37.625581],[-83.743545,37.625579],[-83.743467,37.625592],[-83.743207,37.625666],[-83.7431,37.62568],[-83.743029,37.625661],[-83.742991,37.62563],[-83.742957,37.625562],[-83.742947,37.625206],[-83.742929,37.625132],[-83.742931,37.625063],[-83.742951,37.624972],[-83.742947,37.624905],[-83.742809,37.624569],[-83.742783,37.624462],[-83.742787,37.624409],[-83.742809,37.624362],[-83.743147,37.623918],[-83.743211,37.623809],[-83.743255,37.623693],[-83.743293,37.623515],[-83.743322,37.623261],[-83.743297,37.622876],[-83.74327,37.622784],[-83.743224,37.622693],[-83.743216,37.622646],[-83.743222,37.622598],[-83.743267,37.62251],[-83.743377,37.622369],[-83.743498,37.622072],[-83.74352,37.621987],[-83.743511,37.62187],[-83.743547,37.621822],[-83.743582,37.621813],[-83.74365,37.621819],[-83.743683,37.621843],[-83.743718,37.621888],[-83.743751,37.621957],[-83.743794,37.62218]]}},{"type":"Feature","properties":{"osm_id":16269030,"highway":"residential","name":"Cr-1342F","alt_name":null,"official_name":null,"surface":null,"tracktype":null,"service":null,"access":null,"motor_vehicle":null,"foot":null,"tiger_reviewed":"no","rrgh_part":0,"rrgh_tile_part":0},"geometry":{"type":"LineString","coordinates":[[-83.7416,37.631531],[-83.741642,37.631567],[-83.741747,37.63162],[-83.742052,37.631698],[-83.74215,37.631733],[-83.742193,37.631756],[-83.742255,37.631814]]}},{"type":"Feature","properties":{"osm_id":1265562486,"highway":"unclassified","name":null,"alt_name":null,"official_name":null,"surface":"unpaved","tracktype":null,"service":null,"access":null,"motor_vehicle":null,"foot":null,"tiger_reviewed":null,"rrgh_part":0,"rrgh_tile_part":0},"geometry":{"type":"LineString","coordinates":[[-83.7465869,37.6374606],[-83.7463401,37.637382],[-83.7460969,37.6372107],[-83.7460263,37.6371611],[-83.7457849,37.636972],[-83.7455542,37.6367618],[-83.7451814,37.6366301],[-83.7446235,37.6365642],[-83.7440334,37.6363284],[-83.7435882,37.6359737],[-83.7431993,37.6356339],[-83.7428747,37.6351645],[-83.7428747,37.6350115],[-83.7423758,37.6345294],[-83.7421747,37.6345825],[-83.741665,37.6348331],[-83.7410642,37.6351602],[-83.7409489,37.6351942],[-83.7404661,37.6351156],[-83.7403239,37.6350137],[-83.7402059,37.6346738],[-83.7402944,37.6341576],[-83.7402918,37.6336266],[-83.7403217,37.6335318],[-83.7404607,37.6330913],[-83.7404638,37.6330659],[-83.7405036,37.6327323],[-83.740627,37.6324562],[-83.7408792,37.6321546],[-83.7409301,37.631785],[-83.740973,37.6314727],[-83.740973,37.6311583],[-83.7408505,37.6305709]]}},{"type":"Feature","properties":{"osm_id":968812105,"highway":"service","name":null,"alt_name":null,"official_name":null,"surface":null,"tracktype":null,"service":null,"access":null,"motor_vehicle":null,"foot":null,"tiger_reviewed":null,"rrgh_part":0,"rrgh_tile_part":0},"geometry":{"type":"LineString","coordinates":[[-83.7432752,37.6285642],[-83.743272,37.6284588],[-83.7429073,37.6283924],[-83.7427676,37.6284776]]}},{"type":"Feature","properties":{"osm_id":968812086,"highway":"service","name":null,"alt_name":null,"official_name":null,"surface":null,"tracktype":null,"service":null,"access":null,"motor_vehicle":null,"foot":null,"tiger_reviewed":null,"rrgh_part":0,"rrgh_tile_part":0},"geometry":{"type":"LineString","coordinates":[[-83.73506,37.626868],[-83.734891,37.6269517],[-83.734646,37.627023],[-83.7344122,37.6270208],[-83.7342122,37.6269338],[-83.7339954,37.626878],[-83.7339376,37.62682]]}},{"type":"Feature","properties":{"osm_id":16268953,"highway":"residential","name":"Bear Track Subdivision Road","alt_name":null,"official_name":null,"surface":null,"tracktype":null,"service":null,"access":null,"motor_vehicle":null,"foot":null,"tiger_reviewed":"no","rrgh_part":0,"rrgh_tile_part":0},"geometry":{"type":"LineString","coordinates":[[-83.736314,37.627842],[-83.735764,37.627966],[-83.735607,37.628013],[-83.735542,37.628045],[-83.735506,37.628115],[-83.735497,37.628291],[-83.735465,37.628384],[-83.73543,37.628424],[-83.735333,37.628482],[-83.735215,37.628515],[-83.7347983,37.628608],[-83.733983,37.62879],[-83.733421,37.628869],[-83.733209,37.628911],[-83.732762,37.628962],[-83.732222,37.628999],[-83.732155,37.62901],[-83.732096,37.629033],[-83.732057,37.629066],[-83.732038,37.629107],[-83.732035,37.629153],[-83.732102,37.629568],[-83.732094,37.629629],[-83.732015,37.629923],[-83.73195,37.630086],[-83.731909,37.630141],[-83.731756,37.630304],[-83.73168,37.630417],[-83.731667,37.630478],[-83.731669,37.630538],[-83.731722,37.63085],[-83.731708,37.631127],[-83.731715,37.631259],[-83.731738,37.631384],[-83.731947,37.632032],[-83.732107,37.632368],[-83.732317,37.633127]]}},{"type":"Feature","properties":{"osm_id":16269093,"highway":"service","name":"Newman Lane","alt_name":null,"official_name":null,"surface":null,"tracktype":null,"service":null,"access":null,"motor_vehicle":null,"foot":null,"tiger_reviewed":"no","rrgh_part":0,"rrgh_tile_part":0},"geometry":{"type":"LineString","coordinates":[[-83.736077,37.627436],[-83.735996,37.627454],[-83.7359626,37.6274408],[-83.73592,37.627424],[-83.735648,37.626994],[-83.73559,37.626938],[-83.735483,37.626879],[-83.735301,37.626859],[-83.73506,37.626868]]}},{"type":"Feature","properties":{"osm_id":16269332,"highway":"service","name":"Randa Smyth Road","alt_name":null,"official_name":null,"surface":null,"tracktype":null,"service":null,"access":null,"motor_vehicle":null,"foot":null,"tiger_reviewed":"no","rrgh_part":0,"rrgh_tile_part":0},"geometry":{"type":"LineString","coordinates":[[-83.730505,37.625256],[-83.730044,37.625552],[-83.729842,37.625658],[-83.729385,37.625828],[-83.729227,37.625903],[-83.729151,37.62595],[-83.72901,37.626062],[-83.728735,37.626345],[-83.728573,37.626497],[-83.728391,37.626641],[-83.727945,37.626944],[-83.727816,37.627049],[-83.727709,37.627161],[-83.727623,37.627302],[-83.727581,37.627466],[-83.727614,37.62762],[-83.727699,37.627767],[-83.727725,37.627842],[-83.72771,37.627927],[-83.727679,37.628009],[-83.727416,37.628314],[-83.727375,37.628375],[-83.727345,37.628486],[-83.727349,37.62858],[-83.727437,37.628747],[-83.727472,37.628854],[-83.727488,37.628971],[-83.727482,37.629163],[-83.727506,37.629262]]}},{"type":"Feature","properties":{"osm_id":16269850,"highway":"residential","name":"Rolling Acres Road","alt_name":null,"official_name":null,"surface":null,"tracktype":null,"service":null,"access":null,"motor_vehicle":null,"foot":null,"tiger_reviewed":"no","rrgh_part":0,"rrgh_tile_part":0},"geometry":{"type":"LineString","coordinates":[[-83.736652,37.628403],[-83.736566,37.628453],[-83.736508,37.62854],[-83.736407,37.628883],[-83.736392,37.629006],[-83.736428,37.629176],[-83.736677,37.629597],[-83.736728,37.629716],[-83.73674,37.62978],[-83.736734,37.629912],[-83.736659,37.63059],[-83.736627,37.630728],[-83.7365837,37.6308022],[-83.736557,37.630848],[-83.736331,37.631038],[-83.736238,37.631156],[-83.73606,37.631515],[-83.735701,37.632409],[-83.735638,37.632513],[-83.7356087,37.6325337],[-83.735556,37.632571],[-83.735434,37.632611],[-83.735273,37.632646],[-83.734924,37.632695],[-83.734478,37.632798],[-83.733932,37.632883],[-83.733776,37.632928],[-83.733625,37.632994],[-83.733495,37.633083],[-83.733391,37.633187],[-83.733261,37.633344],[-83.732959,37.633671]]}},{"type":"Feature","properties":{"osm_id":16269851,"highway":"residential","name":"Rolling Acres Road","alt_name":null,"official_name":null,"surface":null,"tracktype":null,"service":null,"access":null,"motor_vehicle":null,"foot":null,"tiger_reviewed":"no","rrgh_part":0,"rrgh_tile_part":0},"geometry":{"type":"LineString","coordinates":[[-83.732959,37.633671],[-83.73304,37.633782],[-83.733076,37.633864],[-83.733103,37.633989],[-83.733096,37.63411],[-83.733052,37.634283],[-83.7330548,37.6343239],[-83.733059,37.634384]]}},{"type":"Feature","properties":{"osm_id":16269029,"highway":"residential","name":"Cr-1342F","alt_name":null,"official_name":null,"surface":null,"tracktype":null,"service":null,"access":null,"motor_vehicle":null,"foot":null,"tiger_reviewed":"no","rrgh_part":0,"rrgh_tile_part":0},"geometry":{"type":"LineString","coordinates":[[-83.740954,37.628232],[-83.74093,37.628324],[-83.740813,37.628468],[-83.740751,37.628605],[-83.740728,37.628717],[-83.740699,37.629096],[-83.74064,37.629355],[-83.740623,37.629484],[-83.740617,37.629727],[-83.740642,37.629951],[-83.7406849,37.6302483],[-83.740726,37.630359],[-83.740809,37.630524],[-83.7408505,37.6305709],[-83.740909,37.630637]]}},{"type":"Feature","properties":{"osm_id":16269094,"highway":"residential","name":"Bea Lane","alt_name":null,"official_name":null,"surface":null,"tracktype":null,"service":null,"access":null,"motor_vehicle":null,"foot":null,"tiger_reviewed":"no","rrgh_part":0,"rrgh_tile_part":0},"geometry":{"type":"LineString","coordinates":[[-83.740909,37.630637],[-83.740936,37.630667],[-83.7411,37.630792],[-83.741299,37.63089],[-83.741419,37.63096],[-83.741511,37.631047],[-83.741542,37.631096],[-83.741567,37.631201],[-83.741545,37.631352],[-83.741549,37.631448],[-83.741568,37.631492],[-83.7416,37.631531]]}},{"type":"Feature","properties":{"osm_id":968812098,"highway":"track","name":null,"alt_name":null,"official_name":null,"surface":null,"tracktype":null,"service":null,"access":null,"motor_vehicle":null,"foot":null,"tiger_reviewed":null,"rrgh_part":0,"rrgh_tile_part":0},"geometry":{"type":"LineString","coordinates":[[-83.7356129,37.6327591],[-83.7356608,37.6328351],[-83.7357805,37.6332743],[-83.735795,37.6333518],[-83.7357496,37.633491],[-83.7357986,37.6335857],[-83.7358584,37.6336173],[-83.7361303,37.6336044]]}},{"type":"Feature","properties":{"osm_id":1265562487,"highway":"track","name":null,"alt_name":null,"official_name":null,"surface":null,"tracktype":null,"service":null,"access":null,"motor_vehicle":null,"foot":null,"tiger_reviewed":null,"rrgh_part":0,"rrgh_tile_part":0},"geometry":{"type":"LineString","coordinates":[[-83.7403217,37.6335318],[-83.740568,37.6334745],[-83.7406327,37.6333673],[-83.7405235,37.6331544],[-83.7404638,37.6330659]]}},{"type":"Feature","properties":{"osm_id":16269060,"highway":"residential","name":"Cr-1342G","alt_name":null,"official_name":null,"surface":null,"tracktype":null,"service":null,"access":null,"motor_vehicle":null,"foot":null,"tiger_reviewed":"no","rrgh_part":0,"rrgh_tile_part":0},"geometry":{"type":"LineString","coordinates":[[-83.733421,37.628869],[-83.733328,37.629424],[-83.733301,37.629498],[-83.733248,37.629562],[-83.733214,37.629587],[-83.732936,37.629757],[-83.732873,37.629805],[-83.732823,37.629892],[-83.732819,37.629976],[-83.732869,37.630143],[-83.732859,37.630216],[-83.732813,37.630315],[-83.732802,37.630375],[-83.732825,37.630491],[-83.732904,37.630724],[-83.732915,37.630876],[-83.73289,37.630972],[-83.732845,37.631066],[-83.732622,37.631374],[-83.732574,37.631459],[-83.732543,37.631555],[-83.732526,37.631667],[-83.732529,37.631779],[-83.732571,37.632019],[-83.732656,37.632318],[-83.732721,37.632617],[-83.732831,37.633034],[-83.732882,37.633543],[-83.732959,37.633671]]}},{"type":"Feature","properties":{"osm_id":16269313,"highway":"service","name":"Phillips Lane","alt_name":null,"official_name":null,"surface":null,"tracktype":null,"service":null,"access":null,"motor_vehicle":null,"foot":null,"tiger_reviewed":"no","rrgh_part":0,"rrgh_tile_part":0},"geometry":{"type":"LineString","coordinates":[[-83.734924,37.632695],[-83.734868,37.632554],[-83.734861,37.632466],[-83.73489,37.632357],[-83.735025,37.632031],[-83.73504,37.631944],[-83.73504,37.6318957],[-83.73504,37.631852],[-83.734946,37.631266],[-83.73491,37.631128],[-83.734841,37.630952],[-83.734817,37.630843]]}},{"type":"Feature","properties":{"osm_id":16268833,"highway":"track","name":null,"alt_name":null,"official_name":null,"surface":null,"tracktype":null,"service":null,"access":null,"motor_vehicle":null,"foot":null,"tiger_reviewed":"no","rrgh_part":0,"rrgh_tile_part":0},"geometry":{"type":"LineString","coordinates":[[-83.7568152,37.639521],[-83.756417,37.639334],[-83.755807,37.637899]]}},{"type":"Feature","properties":{"osm_id":16268918,"highway":"track","name":"Town Hollow Road","alt_name":null,"official_name":null,"surface":"unpaved","tracktype":null,"service":null,"access":null,"motor_vehicle":null,"foot":null,"tiger_reviewed":"no","rrgh_part":0,"rrgh_tile_part":0},"geometry":{"type":"LineString","coordinates":[[-83.7583466,37.6471146],[-83.758396,37.647424],[-83.758435,37.647834],[-83.7583627,37.6479747],[-83.7583665,37.6482449],[-83.758303,37.6484759],[-83.758123,37.648578],[-83.757883,37.648689],[-83.7573977,37.6487416],[-83.757236,37.648868],[-83.7571917,37.6491666],[-83.7567872,37.649388],[-83.7566865,37.6495367],[-83.7566689,37.6499157],[-83.7567321,37.6502777],[-83.7567829,37.6504003],[-83.7568805,37.6505301],[-83.757173,37.6505149],[-83.7573131,37.6502357],[-83.757277,37.6499181],[-83.7573665,37.6498152],[-83.7575097,37.6497481],[-83.7575295,37.6496379],[-83.7575278,37.6495492]]}},{"type":"Feature","properties":{"osm_id":16269615,"highway":"residential","name":"New Virginia Ridge Road","alt_name":null,"official_name":null,"surface":"gravel","tracktype":null,"service":null,"access":null,"motor_vehicle":null,"foot":null,"tiger_reviewed":"no","rrgh_part":0,"rrgh_tile_part":0},"geometry":{"type":"LineString","coordinates":[[-83.751051,37.640039],[-83.751071,37.640437],[-83.751068,37.640529],[-83.75105,37.640615],[-83.751002,37.640696],[-83.750964,37.64074],[-83.750774,37.640893],[-83.750727,37.640943],[-83.750659,37.64106],[-83.750648,37.641144],[-83.750655,37.64122],[-83.750729,37.641385],[-83.750814,37.641528],[-83.750894,37.641745],[-83.75099,37.642161],[-83.751056,37.642364],[-83.751088,37.642534],[-83.751093,37.642659],[-83.751029,37.643052],[-83.750698,37.643595],[-83.750652,37.643707],[-83.750603,37.644136],[-83.750613,37.644216],[-83.750635,37.644326],[-83.750663,37.644392],[-83.750817,37.644572],[-83.751134,37.644854],[-83.751399,37.645041],[-83.751619,37.645157],[-83.75176,37.645201],[-83.751911,37.645229],[-83.752109,37.645367],[-83.752249,37.645437],[-83.752482,37.645573],[-83.752553,37.645629],[-83.752618,37.645645],[-83.75269,37.645623],[-83.75284,37.645519],[-83.752923,37.645487],[-83.753053,37.645472],[-83.753095,37.645483],[-83.753181,37.645531],[-83.753223,37.645572],[-83.753401,37.645701],[-83.753513,37.645803],[-83.753704,37.646021],[-83.753809,37.646173],[-83.753889,37.646325],[-83.753919,37.646408],[-83.753938,37.646521],[-83.75398,37.64659],[-83.754103,37.646681],[-83.754386,37.646849],[-83.754686,37.646958],[-83.754768,37.647008],[-83.75485,37.647043],[-83.754944,37.647063],[-83.755055,37.647061],[-83.7551,37.647068],[-83.755184,37.647109],[-83.75522,37.647116],[-83.755301,37.647124],[-83.755728,37.647047],[-83.7560856,37.6470425],[-83.7565723,37.6470414],[-83.756746,37.647032],[-83.7573603,37.646927],[-83.7576748,37.646981],[-83.757981,37.64712]]}},{"type":"Feature","properties":{"osm_id":1265562492,"highway":"track","name":null,"alt_name":null,"official_name":null,"surface":null,"tracktype":null,"service":null,"access":null,"motor_vehicle":null,"foot":null,"tiger_reviewed":null,"rrgh_part":0,"rrgh_tile_part":0},"geometry":{"type":"LineString","coordinates":[[-83.755807,37.637899],[-83.755602,37.6377042],[-83.7549187,37.6374618],[-83.7544276,37.6373406],[-83.75394,37.6369686]]}},{"type":"Feature","properties":{"osm_id":1441993749,"highway":"track","name":null,"alt_name":null,"official_name":null,"surface":null,"tracktype":null,"service":null,"access":null,"motor_vehicle":null,"foot":null,"tiger_reviewed":null,"rrgh_part":0,"rrgh_tile_part":0},"geometry":{"type":"LineString","coordinates":[[-83.76,37.64020755303431],[-83.7598608,37.6401262],[-83.76,37.64036655835618]]}},{"type":"Feature","properties":{"osm_id":1441993754,"highway":"track","name":null,"alt_name":null,"official_name":null,"surface":null,"tracktype":null,"service":null,"access":null,"motor_vehicle":null,"foot":null,"tiger_reviewed":null,"rrgh_part":0,"rrgh_tile_part":0},"geometry":{"type":"LineString","coordinates":[[-83.76,37.646276109451804],[-83.759971,37.6462677],[-83.7597586,37.6462493],[-83.7594531,37.6461248],[-83.7592766,37.6461235]]}},{"type":"Feature","properties":{"osm_id":1441993756,"highway":"track","name":null,"alt_name":null,"official_name":null,"surface":null,"tracktype":null,"service":null,"access":null,"motor_vehicle":null,"foot":null,"tiger_reviewed":null,"rrgh_part":0,"rrgh_tile_part":0},"geometry":{"type":"LineString","coordinates":[[-83.7573958,37.6439583],[-83.7573905,37.6442035],[-83.7574273,37.6442937],[-83.7575089,37.6442681],[-83.7576334,37.644175],[-83.7577305,37.6441198],[-83.757952,37.6440008],[-83.7580724,37.6439038],[-83.7581304,37.6437069],[-83.7583179,37.6435748],[-83.7584745,37.6434664],[-83.7586008,37.6433772],[-83.7586851,37.6432469],[-83.7587983,37.643184],[-83.7589796,37.6431737],[-83.7592587,37.6432233],[-83.7594553,37.6432799],[-83.7596259,37.6433802],[-83.7597614,37.6435622],[-83.759813,37.6437673],[-83.7598885,37.6439568],[-83.7599491,37.6440877],[-83.76,37.644137341109634]]}},{"type":"Feature","properties":{"osm_id":1441993758,"highway":"track","name":null,"alt_name":null,"official_name":null,"surface":null,"tracktype":null,"service":null,"access":null,"motor_vehicle":null,"foot":null,"tiger_reviewed":null,"rrgh_part":0,"rrgh_tile_part":0},"geometry":{"type":"LineString","coordinates":[[-83.7599491,37.6440877],[-83.759964,37.6443305],[-83.759991,37.6444951],[-83.7599879,37.6447557],[-83.76,37.64479471252749]]}},{"type":"Feature","properties":{"osm_id":1441993761,"highway":"track","name":null,"alt_name":null,"official_name":null,"surface":null,"tracktype":null,"service":null,"access":null,"motor_vehicle":null,"foot":null,"tiger_reviewed":null,"rrgh_part":0,"rrgh_tile_part":0},"geometry":{"type":"LineString","coordinates":[[-83.76,37.64168367971458],[-83.7599503,37.641647],[-83.7599267,37.6415135],[-83.7599592,37.641409],[-83.7599721,37.6412337],[-83.7599125,37.641116],[-83.7598619,37.641012],[-83.7597315,37.640967],[-83.7596587,37.6408583],[-83.7595328,37.6407931],[-83.7594491,37.6407763],[-83.759295,37.6407761],[-83.759159,37.6408117],[-83.7589968,37.6408927],[-83.7588692,37.6409655],[-83.7587659,37.641115],[-83.7586532,37.64122],[-83.7585624,37.6412987],[-83.7583874,37.6413273],[-83.7582443,37.6413149],[-83.7580846,37.641235],[-83.7579627,37.6411545],[-83.7579262,37.6410462],[-83.7579516,37.6409479],[-83.7579895,37.6408649],[-83.7580101,37.6407403],[-83.7580231,37.6406303],[-83.7581584,37.6404714],[-83.7582294,37.6402376],[-83.7584705,37.6400876],[-83.7585431,37.6400106]]}},{"type":"Feature","properties":{"osm_id":16268917,"highway":"unclassified","name":"Cr-1341","alt_name":null,"official_name":null,"surface":"unpaved","tracktype":null,"service":null,"access":null,"motor_vehicle":null,"foot":null,"tiger_reviewed":"no","rrgh_part":0,"rrgh_tile_part":0},"geometry":{"type":"LineString","coordinates":[[-83.7583466,37.6471146],[-83.758244,37.647149],[-83.7582,37.647146],[-83.758161,37.647153],[-83.758075,37.647147],[-83.757981,37.64712]]}},{"type":"Feature","properties":{"osm_id":1441993746,"highway":"track","name":null,"alt_name":null,"official_name":null,"surface":null,"tracktype":null,"service":null,"access":null,"motor_vehicle":null,"foot":null,"tiger_reviewed":null,"rrgh_part":0,"rrgh_tile_part":0},"geometry":{"type":"LineString","coordinates":[[-83.7597315,37.640967],[-83.7597399,37.6411411],[-83.7596921,37.6413744],[-83.7595924,37.641539],[-83.7595669,37.6416704],[-83.7596108,37.6417831]]}},{"type":"Feature","properties":{"osm_id":886600276,"highway":"track","name":"Town Hollow Road","alt_name":null,"official_name":null,"surface":"unpaved","tracktype":null,"service":null,"access":null,"motor_vehicle":null,"foot":null,"tiger_reviewed":"no","rrgh_part":0,"rrgh_tile_part":0},"geometry":{"type":"LineString","coordinates":[[-83.7575278,37.6495492],[-83.7576626,37.649291],[-83.7579035,37.6491517],[-83.7590315,37.6492067],[-83.7594138,37.6492011],[-83.7596778,37.6491755],[-83.7597421,37.6491821],[-83.75978,37.6492125],[-83.7598223,37.6493088]]}},{"type":"Feature","properties":{"osm_id":16269250,"highway":"residential","name":"Cave Hollow Road","alt_name":null,"official_name":null,"surface":"unpaved","tracktype":null,"service":null,"access":null,"motor_vehicle":null,"foot":null,"tiger_reviewed":"no","rrgh_part":0,"rrgh_tile_part":0},"geometry":{"type":"LineString","coordinates":[[-83.75951,37.659606],[-83.7594683,37.6596332],[-83.7593863,37.6596913],[-83.759309,37.659737],[-83.7592226,37.6598271],[-83.759177,37.659909],[-83.759131,37.6600345],[-83.7591385,37.6601011],[-83.7591606,37.6601487],[-83.7591316,37.6605507],[-83.7591536,37.6606843],[-83.7591808,37.6607853],[-83.759433,37.661622],[-83.759624,37.66198],[-83.7598166,37.66227],[-83.7599438,37.6623771],[-83.76,37.66246839073171]]}},{"type":"Feature","properties":{"osm_id":1313308298,"highway":"track","name":null,"alt_name":null,"official_name":null,"surface":null,"tracktype":null,"service":null,"access":null,"motor_vehicle":null,"foot":null,"tiger_reviewed":null,"rrgh_part":0,"rrgh_tile_part":0},"geometry":{"type":"LineString","coordinates":[[-83.7591606,37.6601487],[-83.7593169,37.6600641],[-83.7594032,37.660022],[-83.7595051,37.6600225],[-83.7595544,37.6600254],[-83.7596831,37.6600445],[-83.759868,37.6600632],[-83.76,37.66008646779661]]}},{"type":"Feature","properties":{"osm_id":1313308298,"highway":"track","name":null,"alt_name":null,"official_name":null,"surface":null,"tracktype":null,"service":null,"access":null,"motor_vehicle":null,"foot":null,"tiger_reviewed":null,"rrgh_part":0,"rrgh_tile_part":1},"geometry":{"type":"LineString","coordinates":[[-83.76,37.66035183333333],[-83.7598771,37.6603928],[-83.7598018,37.6604457],[-83.7597515,37.66048],[-83.7597082,37.660554],[-83.7596527,37.6607276],[-83.7596267,37.6608485],[-83.7596164,37.6609565],[-83.759615,37.661106]]}},{"type":"Feature","properties":{"osm_id":1313308297,"highway":"track","name":null,"alt_name":null,"official_name":null,"surface":null,"tracktype":null,"service":null,"access":null,"motor_vehicle":null,"foot":null,"tiger_reviewed":null,"rrgh_part":0,"rrgh_tile_part":0},"geometry":{"type":"LineString","coordinates":[[-83.7594683,37.6596332],[-83.7595248,37.6596203],[-83.7596934,37.6596058],[-83.7599088,37.659584],[-83.76,37.659571521307015]]}},{"type":"Feature","properties":{"osm_id":1265562488,"highway":"track","name":null,"alt_name":null,"official_name":null,"surface":null,"tracktype":null,"service":null,"access":null,"motor_vehicle":null,"foot":null,"tiger_reviewed":null,"rrgh_part":0,"rrgh_tile_part":0},"geometry":{"type":"LineString","coordinates":[[-83.7460969,37.6372107],[-83.7465145,37.6369425],[-83.7467531,37.6366127],[-83.7469471,37.6363854],[-83.7472604,37.6363022]]}},{"type":"Feature","properties":{"osm_id":1265562489,"highway":"track","name":null,"alt_name":null,"official_name":null,"surface":"unpaved","tracktype":null,"service":null,"access":null,"motor_vehicle":null,"foot":null,"tiger_reviewed":null,"rrgh_part":0,"rrgh_tile_part":0},"geometry":{"type":"LineString","coordinates":[[-83.7466459,37.6380064],[-83.746662,37.6378726],[-83.7465869,37.6374606]]}},{"type":"Feature","properties":{"osm_id":1265562490,"highway":"track","name":null,"alt_name":null,"official_name":null,"surface":null,"tracktype":null,"service":null,"access":null,"motor_vehicle":null,"foot":null,"tiger_reviewed":null,"rrgh_part":0,"rrgh_tile_part":0},"geometry":{"type":"LineString","coordinates":[[-83.7465869,37.6374606],[-83.7468663,37.6375108],[-83.7473838,37.6377621],[-83.747782,37.6375556],[-83.7481216,37.6374596],[-83.7484006,37.6374243]]}},{"type":"Feature","properties":{"osm_id":1226864720,"highway":"track","name":"FR 226","alt_name":null,"official_name":null,"surface":null,"tracktype":null,"service":null,"access":null,"motor_vehicle":null,"foot":null,"tiger_reviewed":null,"rrgh_part":0,"rrgh_tile_part":0},"geometry":{"type":"LineString","coordinates":[[-83.750613,37.644216],[-83.7505002,37.6442092],[-83.7504894,37.644212],[-83.7504318,37.64423],[-83.7504358,37.6443088],[-83.7504925,37.6444464],[-83.75057,37.6445805],[-83.7506704,37.6447052],[-83.7508749,37.6449625],[-83.7510086,37.6451845],[-83.7511073,37.6453329],[-83.7511787,37.6454877],[-83.7511921,37.6456231],[-83.7511428,37.6457535],[-83.7510493,37.6458415],[-83.7506617,37.6460402],[-83.7504324,37.646125],[-83.750251,37.646222],[-83.7501319,37.6462849],[-83.7500544,37.646301],[-83.7499526,37.6463056],[-83.7498456,37.6462917],[-83.7496367,37.6462443],[-83.749244,37.6461362],[-83.7489449,37.6460355],[-83.7488628,37.64602],[-83.7487636,37.6460265],[-83.7485918,37.6460614],[-83.748362,37.6460926],[-83.748056,37.6461304],[-83.7478234,37.646181],[-83.7476413,37.6462132],[-83.7475492,37.6462046],[-83.7474467,37.6461774],[-83.7473356,37.6461204],[-83.7471228,37.6459608],[-83.7469199,37.6457719],[-83.7468315,37.645635],[-83.7467268,37.6455394],[-83.7465826,37.6455182],[-83.7464102,37.6455836],[-83.7462219,37.6456799],[-83.7461207,37.6457907],[-83.7460463,37.6459101],[-83.7460481,37.6460637],[-83.7460762,37.6462153],[-83.7460927,37.6463824],[-83.7460559,37.6465018],[-83.7459553,37.6465971],[-83.7458204,37.6466507],[-83.7456628,37.6467019],[-83.7454833,37.6467864],[-83.7453698,37.6469004],[-83.7452236,37.6470173],[-83.7451505,37.6470659],[-83.7449953,37.6470978],[-83.7448284,37.6470544],[-83.7447432,37.6469457],[-83.744718,37.6468702],[-83.744743,37.6467755],[-83.7448289,37.6466883],[-83.7449646,37.6466103],[-83.745053,37.6464941],[-83.7450816,37.6463892],[-83.7450309,37.6462585],[-83.7449839,37.6461486],[-83.7449734,37.6459749],[-83.7449717,37.6459387],[-83.7449512,37.6457027],[-83.74494,37.6455435],[-83.7449488,37.6452685],[-83.7448801,37.6451375],[-83.7447921,37.6450401],[-83.7447028,37.6449256],[-83.7446112,37.6448112],[-83.7445327,37.6447611],[-83.7444855,37.6447684],[-83.7444495,37.6447977],[-83.7444428,37.6448666],[-83.7445218,37.6449823],[-83.7446349,37.6451488],[-83.7446743,37.6452817],[-83.7446754,37.6455981],[-83.7446307,37.6458333],[-83.7445088,37.6460396],[-83.7443391,37.6462089],[-83.7441751,37.6463362],[-83.7440416,37.6464523],[-83.743912,37.6466648],[-83.7437068,37.6469437],[-83.7435787,37.6470749],[-83.7434303,37.6471411],[-83.7432753,37.6471745],[-83.7429852,37.6471699],[-83.7427423,37.647128],[-83.7425239,37.6470679],[-83.7423701,37.6470322],[-83.7421964,37.6470583],[-83.7419932,37.6471615],[-83.7418183,37.647218],[-83.7416245,37.6472566],[-83.7413778,37.647363],[-83.7411634,37.6475016],[-83.741002,37.6476504],[-83.7409894,37.6477736],[-83.7410088,37.6478728],[-83.7409918,37.648001],[-83.7409532,37.6481744],[-83.7409372,37.6482724],[-83.7409737,37.6484329],[-83.740938,37.6486019],[-83.7409815,37.6487013],[-83.741128,37.6488414],[-83.7412335,37.6489675],[-83.7413019,37.6490817],[-83.74133,37.6491716],[-83.7413467,37.6492499],[-83.7413079,37.6494414],[-83.7411989,37.6495915],[-83.7411445,37.6496778],[-83.7411102,37.6497285],[-83.7411017,37.649818],[-83.7410544,37.6499575],[-83.740931,37.6500779],[-83.7407798,37.6501845],[-83.7405444,37.6503432],[-83.7404021,37.6504289],[-83.740255,37.6504709],[-83.7400658,37.6505274],[-83.7399063,37.6505339],[-83.7397341,37.6505018],[-83.7396889,37.6504505],[-83.7393468,37.6502573]]}},{"type":"Feature","properties":{"osm_id":968812101,"highway":"service","name":null,"alt_name":null,"official_name":null,"surface":null,"tracktype":null,"service":null,"access":null,"motor_vehicle":null,"foot":null,"tiger_reviewed":null,"rrgh_part":0,"rrgh_tile_part":0},"geometry":{"type":"LineString","coordinates":[[-83.7326302,37.6390958],[-83.7324135,37.6388913],[-83.7323868,37.6388661],[-83.7322703,37.63853],[-83.7322333,37.6382953],[-83.7321794,37.6381633],[-83.7319402,37.6379273],[-83.7316388,37.6376592],[-83.7315976,37.6376269],[-83.7314367,37.6375005],[-83.7311269,37.6373432],[-83.7308456,37.6372231],[-83.7306014,37.6371778],[-83.7303876,37.6371098],[-83.7302899,37.6370098],[-83.7302023,37.6367857],[-83.7301771,37.6366137],[-83.7301013,37.6364297],[-83.7298891,37.636215],[-83.7297106,37.6360229],[-83.7296399,37.6358789],[-83.7296887,37.6357229],[-83.7298403,37.6355748],[-83.7301232,37.6353561],[-83.7303034,37.6352294],[-83.7304229,37.6349707],[-83.7304954,37.634824],[-83.7306031,37.6347253],[-83.7307362,37.634672],[-83.7308557,37.6346506],[-83.7310814,37.6346826],[-83.7313929,37.634788],[-83.7317415,37.6349414],[-83.7319234,37.6349254],[-83.7321996,37.6347533],[-83.7325785,37.6344826],[-83.7329608,37.6343292],[-83.7330548,37.6343239]]}},{"type":"Feature","properties":{"osm_id":1265561142,"highway":"track","name":null,"alt_name":null,"official_name":null,"surface":null,"tracktype":null,"service":null,"access":null,"motor_vehicle":null,"foot":null,"tiger_reviewed":null,"rrgh_part":0,"rrgh_tile_part":0},"geometry":{"type":"LineString","coordinates":[[-83.731701,37.6403232],[-83.7316646,37.6401455],[-83.7319234,37.6397997],[-83.7321437,37.6396669],[-83.7323459,37.6396621],[-83.7327594,37.6398626]]}},{"type":"Feature","properties":{"osm_id":1265561143,"highway":"track","name":null,"alt_name":null,"official_name":null,"surface":null,"tracktype":null,"service":null,"access":null,"motor_vehicle":null,"foot":null,"tiger_reviewed":null,"rrgh_part":0,"rrgh_tile_part":0},"geometry":{"type":"LineString","coordinates":[[-83.7326022,37.6401059],[-83.7328663,37.6400862],[-83.7330918,37.6399837],[-83.7332396,37.6397086],[-83.7329562,37.6394746],[-83.7328277,37.639357],[-83.7326819,37.6392236]]}},{"type":"Feature","properties":{"osm_id":1265561144,"highway":"track","name":null,"alt_name":null,"official_name":null,"surface":null,"tracktype":null,"service":null,"access":null,"motor_vehicle":null,"foot":null,"tiger_reviewed":null,"rrgh_part":0,"rrgh_tile_part":0},"geometry":{"type":"LineString","coordinates":[[-83.7327914,37.6398125],[-83.732848,37.6395445],[-83.7328277,37.639357]]}},{"type":"Feature","properties":{"osm_id":1265562485,"highway":"service","name":null,"alt_name":null,"official_name":null,"surface":null,"tracktype":null,"service":null,"access":null,"motor_vehicle":null,"foot":null,"tiger_reviewed":null,"rrgh_part":0,"rrgh_tile_part":0},"geometry":{"type":"LineString","coordinates":[[-83.7325893,37.6388385],[-83.7325101,37.6388982],[-83.7324135,37.6388913]]}},{"type":"Feature","properties":{"osm_id":968812099,"highway":"service","name":null,"alt_name":null,"official_name":null,"surface":null,"tracktype":null,"service":null,"access":null,"motor_vehicle":null,"foot":null,"tiger_reviewed":null,"rrgh_part":0,"rrgh_tile_part":0},"geometry":{"type":"LineString","coordinates":[[-83.733059,37.634384],[-83.7331012,37.634507],[-83.7332259,37.6347015],[-83.7332675,37.6349828],[-83.7333393,37.6353898],[-83.7334791,37.6355903],[-83.7336945,37.6358746],[-83.7337134,37.636105],[-83.7335282,37.636506],[-83.7334149,37.6367693],[-83.7333697,37.6367814],[-83.7332033,37.6368262],[-83.7330219,37.6368112],[-83.7328594,37.6367394],[-83.7325835,37.6365],[-83.732421,37.6364312],[-83.7322548,37.636479],[-83.7321603,37.6365927],[-83.7321981,37.6368262],[-83.7322888,37.6371912],[-83.7324059,37.6379872],[-83.7325533,37.6386126],[-83.7325893,37.6388385],[-83.7326302,37.6390958],[-83.7326819,37.6392236],[-83.7327045,37.6393068],[-83.7327914,37.6398125],[-83.7327594,37.6398626],[-83.7326289,37.6400669],[-83.7326022,37.6401059],[-83.7323833,37.6404259],[-83.7323417,37.6407012],[-83.7324135,37.6410094],[-83.7326364,37.6413086],[-83.7326667,37.6414852],[-83.7325986,37.6417425],[-83.7327536,37.6422452],[-83.7328858,37.6425953],[-83.7330143,37.6428586],[-83.733071,37.6434032],[-83.7331428,37.6435528],[-83.7334035,37.6436156],[-83.7336211,37.6436106],[-83.7336643,37.6436096],[-83.7342575,37.6436605],[-83.7345523,37.6437622]]}},{"type":"Feature","properties":{"osm_id":968812100,"highway":"track","name":null,"alt_name":null,"official_name":null,"surface":null,"tracktype":null,"service":null,"access":null,"motor_vehicle":null,"foot":null,"tiger_reviewed":null,"rrgh_part":0,"rrgh_tile_part":0},"geometry":{"type":"LineString","coordinates":[[-83.7345523,37.6437622],[-83.734629,37.6438579],[-83.734677,37.6439178],[-83.7347677,37.644229],[-83.7347957,37.6443235],[-83.7348395,37.6444713],[-83.7351153,37.6447077],[-83.7352291,37.644853],[-83.7353005,37.6449441],[-83.7355385,37.6454886],[-83.7357199,37.6456203],[-83.735924,37.6456712],[-83.7363585,37.6456113],[-83.7365853,37.6455246],[-83.737016,37.6455964],[-83.7372768,37.6457968],[-83.7375375,37.646126],[-83.7377113,37.6462486],[-83.7380363,37.6463653],[-83.7382026,37.6465389]]}},{"type":"Feature","properties":{"osm_id":968812102,"highway":"track","name":null,"alt_name":null,"official_name":null,"surface":null,"tracktype":null,"service":null,"access":null,"motor_vehicle":null,"foot":null,"tiger_reviewed":null,"rrgh_part":0,"rrgh_tile_part":0},"geometry":{"type":"LineString","coordinates":[[-83.7298403,37.6355748],[-83.7295412,37.6355811],[-83.7292178,37.6355098],[-83.7287947,37.6354713],[-83.7284518,37.6355002],[-83.7281308,37.6356042]]}},{"type":"Feature","properties":{"osm_id":969789365,"highway":"service","name":null,"alt_name":null,"official_name":null,"surface":null,"tracktype":null,"service":null,"access":null,"motor_vehicle":null,"foot":null,"tiger_reviewed":null,"rrgh_part":0,"rrgh_tile_part":0},"geometry":{"type":"LineString","coordinates":[[-83.7333697,37.6367814],[-83.7333136,37.6370939],[-83.7334091,37.6373612],[-83.7336199,37.6375816],[-83.7337993,37.6377237],[-83.7340578,37.6378619],[-83.7349914,37.6384487],[-83.7355101,37.6387551]]}},{"type":"Feature","properties":{"osm_id":1226864721,"highway":"track","name":null,"alt_name":null,"official_name":null,"surface":null,"tracktype":null,"service":null,"access":null,"motor_vehicle":null,"foot":null,"tiger_reviewed":null,"rrgh_part":0,"rrgh_tile_part":0},"geometry":{"type":"LineString","coordinates":[[-83.7411102,37.6497285],[-83.7408672,37.6496472],[-83.7406083,37.6495886],[-83.7403496,37.6494775],[-83.7402333,37.6494111],[-83.7400807,37.6493976],[-83.7397825,37.6494022],[-83.7395196,37.6492769],[-83.739348,37.6491559],[-83.7389671,37.6491516],[-83.7387767,37.6490794],[-83.7387633,37.6489584],[-83.7391924,37.6484699],[-83.7393002,37.6483782],[-83.7395492,37.6481662],[-83.7396645,37.6479411],[-83.7398844,37.6476651],[-83.7398388,37.6475206],[-83.7397557,37.6474675],[-83.7395787,37.6475907],[-83.739356,37.6477797],[-83.7390556,37.648007],[-83.7389644,37.6479624],[-83.7390664,37.6478498],[-83.739348,37.6475121],[-83.7394499,37.6473529],[-83.7394955,37.6471171],[-83.7394472,37.6468028],[-83.7395679,37.6464503],[-83.7396833,37.646308],[-83.7398791,37.6462315],[-83.7403324,37.6461763],[-83.7407669,37.6462103],[-83.7409734,37.6461975],[-83.741011,37.6460807],[-83.7408715,37.6459023],[-83.7407266,37.6457409],[-83.7407454,37.6454691],[-83.7408232,37.645244],[-83.7408768,37.6450762],[-83.7407347,37.6450103],[-83.7405389,37.645142],[-83.7401687,37.6454033],[-83.7400507,37.6455604],[-83.7397557,37.6456666],[-83.739517,37.6458301],[-83.7392595,37.6459937],[-83.7390422,37.6459469],[-83.738825,37.6458068],[-83.7386721,37.6455307],[-83.738782,37.6452185],[-83.7390476,37.6445346],[-83.7392192,37.6440419],[-83.7391951,37.6438656],[-83.7389778,37.6437446],[-83.7386667,37.6437318],[-83.7382778,37.6439569],[-83.7376877,37.6441842],[-83.7373551,37.6442203],[-83.7369769,37.6441629],[-83.7366926,37.6442521],[-83.7365209,37.6443541],[-83.7363362,37.6442317],[-83.7363309,37.6440597],[-83.7366018,37.6436668],[-83.7371007,37.6431613],[-83.7374145,37.64283],[-83.7373455,37.6425841],[-83.7371939,37.6425072]]}},{"type":"Feature","properties":{"osm_id":1265561136,"highway":"track","name":null,"alt_name":null,"official_name":null,"surface":null,"tracktype":null,"service":null,"access":null,"motor_vehicle":null,"foot":null,"tiger_reviewed":null,"rrgh_part":0,"rrgh_tile_part":0},"geometry":{"type":"LineString","coordinates":[[-83.734629,37.6438579],[-83.7351279,37.6435909],[-83.7352805,37.6435092],[-83.735421,37.643434],[-83.7360538,37.6429634],[-83.736361,37.642805],[-83.7365126,37.6428178],[-83.736638,37.6428738],[-83.7366299,37.6430195],[-83.7365288,37.6431267]]}},{"type":"Feature","properties":{"osm_id":1265561137,"highway":"track","name":null,"alt_name":null,"official_name":null,"surface":null,"tracktype":null,"service":null,"access":null,"motor_vehicle":null,"foot":null,"tiger_reviewed":null,"rrgh_part":0,"rrgh_tile_part":0},"geometry":{"type":"LineString","coordinates":[[-83.7347957,37.6443235],[-83.735162,37.6440629],[-83.7353551,37.6437168],[-83.7353712,37.6435808],[-83.7352805,37.6435092]]}},{"type":"Feature","properties":{"osm_id":1265561138,"highway":"track","name":null,"alt_name":null,"official_name":null,"surface":null,"tracktype":null,"service":null,"access":null,"motor_vehicle":null,"foot":null,"tiger_reviewed":null,"rrgh_part":0,"rrgh_tile_part":0},"geometry":{"type":"LineString","coordinates":[[-83.7352291,37.644853],[-83.7355884,37.6448042],[-83.7357494,37.6447511]]}},{"type":"Feature","properties":{"osm_id":1266984472,"highway":"track","name":null,"alt_name":null,"official_name":null,"surface":null,"tracktype":null,"service":null,"access":null,"motor_vehicle":null,"foot":null,"tiger_reviewed":null,"rrgh_part":0,"rrgh_tile_part":0},"geometry":{"type":"LineString","coordinates":[[-83.7310231,37.6469141],[-83.7308997,37.6468589],[-83.7305511,37.6468164],[-83.7301006,37.6468419],[-83.7295106,37.6469353],[-83.7293605,37.6469353],[-83.7291513,37.6468929],[-83.7290708,37.6468546],[-83.7288295,37.6466636],[-83.7286418,37.6465405],[-83.7282985,37.6464174],[-83.7280625,37.6462943],[-83.7279874,37.6462094],[-83.7279177,37.6460777],[-83.7277943,37.6458994],[-83.7276281,37.6457509],[-83.7270274,37.64539],[-83.7265769,37.6452839],[-83.726489,37.645242]]}},{"type":"Feature","properties":{"osm_id":1335265403,"highway":"track","name":null,"alt_name":null,"official_name":null,"surface":null,"tracktype":null,"service":null,"access":null,"motor_vehicle":null,"foot":null,"tiger_reviewed":null,"rrgh_part":0,"rrgh_tile_part":0},"geometry":{"type":"LineString","coordinates":[[-83.7227857,37.6470744],[-83.7229364,37.6471109],[-83.7230869,37.6471441],[-83.7232504,37.6472207],[-83.7234236,37.6472533],[-83.7235416,37.6472064],[-83.7237091,37.6470316],[-83.7237732,37.6469084],[-83.7238894,37.6467918],[-83.7240612,37.6467997],[-83.7243969,37.6471033],[-83.7245304,37.6472824],[-83.7245791,37.6473758],[-83.7247812,37.6475169],[-83.7249799,37.6476315],[-83.7251352,37.6477161],[-83.7253556,37.6477255],[-83.7255414,37.6477112],[-83.7258048,37.6475852],[-83.7259664,37.6474809],[-83.7261504,37.6474194],[-83.7263048,37.6473612],[-83.7264092,37.6473144],[-83.726447,37.6472118],[-83.7263937,37.6470186],[-83.726371,37.6468417],[-83.7263661,37.6467603],[-83.7263483,37.646618],[-83.7263719,37.646487],[-83.72648,37.6463998],[-83.7266565,37.6463432],[-83.7268786,37.6463374],[-83.7270987,37.6463283],[-83.7272657,37.6463885],[-83.7274058,37.6464638],[-83.727582,37.6465833],[-83.7276951,37.6466507],[-83.7278293,37.646715],[-83.7280689,37.6467412],[-83.7283276,37.6468487],[-83.7285299,37.6469786],[-83.7286414,37.6471425],[-83.7287872,37.6472898],[-83.7289299,37.6473652],[-83.7293885,37.6474948],[-83.7295263,37.6475551],[-83.7296521,37.6476224],[-83.7297752,37.6476619],[-83.729974,37.6476549],[-83.7300514,37.6476139],[-83.7301693,37.6476138],[-83.7304101,37.6476854],[-83.7306167,37.6477788],[-83.7306799,37.647905],[-83.7307889,37.6480395],[-83.7309222,37.6481244],[-83.7310375,37.6481954],[-83.731123,37.6482337],[-83.7311687,37.6482811],[-83.7312195,37.6483337],[-83.7312712,37.6484374],[-83.7312727,37.6485282],[-83.7312204,37.6486061],[-83.7312057,37.6487058],[-83.7312595,37.6487951],[-83.7313742,37.6488657],[-83.731511,37.6488909],[-83.7316502,37.6489064],[-83.7317191,37.6489167],[-83.7317252,37.6489316],[-83.7317316,37.6489516],[-83.7317163,37.6489773],[-83.7316899,37.6489907],[-83.731643,37.6490039],[-83.7315815,37.6490152],[-83.7314401,37.6490512],[-83.7312628,37.649049],[-83.7311303,37.649033]]}},{"type":"Feature","properties":{"osm_id":1442217484,"highway":"track","name":null,"alt_name":null,"official_name":null,"surface":null,"tracktype":null,"service":null,"access":null,"motor_vehicle":null,"foot":null,"tiger_reviewed":null,"rrgh_part":0,"rrgh_tile_part":0},"geometry":{"type":"LineString","coordinates":[[-83.7321713,37.6416485],[-83.7319033,37.6416099],[-83.7316888,37.6416563],[-83.7315132,37.6417707],[-83.7311729,37.6418749],[-83.731055,37.6419668],[-83.7311155,37.6420769],[-83.7312082,37.6422207],[-83.7313287,37.6424124],[-83.731382,37.6425219],[-83.7314753,37.6426386],[-83.7315819,37.6426744],[-83.7317265,37.6427032],[-83.7318803,37.6427534],[-83.7319123,37.6428449],[-83.7319254,37.6430946],[-83.7318824,37.6433596],[-83.7318019,37.6435357],[-83.7317499,37.6437194],[-83.731808,37.6440612],[-83.7319286,37.644475],[-83.7320162,37.6447586],[-83.7321248,37.6450144],[-83.7323106,37.6451937],[-83.732429,37.6453177],[-83.7326541,37.645521],[-83.7328703,37.6456824],[-83.7331136,37.6458157],[-83.733293,37.6459538],[-83.7332888,37.6461902],[-83.733403,37.6463692],[-83.733787,37.646918],[-83.7338637,37.6471369],[-83.7338378,37.6472757],[-83.733792,37.6474455],[-83.7338031,37.6475412],[-83.7339448,37.6476829],[-83.7340766,37.6478083],[-83.7341221,37.6478923],[-83.7341029,37.6479745],[-83.7341176,37.6480909],[-83.7343355,37.6481363],[-83.7345738,37.6481498],[-83.7348021,37.6481884],[-83.7350387,37.6481659],[-83.7354122,37.6480224],[-83.7356638,37.6479134],[-83.7359922,37.6477488],[-83.736188,37.6476069],[-83.7363192,37.6474181]]}},{"type":"Feature","properties":{"osm_id":1555169830,"highway":"track","name":null,"alt_name":null,"official_name":null,"surface":null,"tracktype":null,"service":null,"access":null,"motor_vehicle":null,"foot":null,"tiger_reviewed":null,"rrgh_part":0,"rrgh_tile_part":0},"geometry":{"type":"LineString","coordinates":[[-83.7305365,37.6476838],[-83.7309111,37.6476536],[-83.7311386,37.6477486],[-83.7314031,37.647797],[-83.7316645,37.6478524],[-83.7318873,37.6478267],[-83.7320589,37.6477905],[-83.7324071,37.6477611],[-83.7324141,37.6475881],[-83.7323835,37.6474175],[-83.7322996,37.6472943],[-83.7322674,37.647107],[-83.732238,37.6468611],[-83.7322642,37.6466704],[-83.7321183,37.6465035],[-83.7320046,37.6464156],[-83.7317762,37.6462734],[-83.7316367,37.6461202],[-83.7315865,37.6459604],[-83.7315265,37.6458704],[-83.7314119,37.6458234],[-83.7312199,37.6457981],[-83.7310907,37.6458019],[-83.7308888,37.6457764],[-83.7307189,37.6458042],[-83.7305581,37.6458516],[-83.7303591,37.6459074],[-83.7302068,37.6459546],[-83.7300704,37.6460732],[-83.7299365,37.6461652],[-83.7298195,37.6462692],[-83.7296738,37.6463363],[-83.7295106,37.6463803],[-83.7293232,37.6463556],[-83.7289371,37.6462666]]}},{"type":"Feature","properties":{"osm_id":1555169833,"highway":"track","name":null,"alt_name":null,"official_name":null,"surface":null,"tracktype":null,"service":null,"access":null,"motor_vehicle":null,"foot":null,"tiger_reviewed":null,"rrgh_part":0,"rrgh_tile_part":0},"geometry":{"type":"LineString","coordinates":[[-83.7340063,37.644334],[-83.7340504,37.6444154],[-83.7339904,37.6446],[-83.7338605,37.6447038],[-83.7337755,37.644823],[-83.7336887,37.6449596],[-83.7336793,37.6450669],[-83.7338067,37.6451155],[-83.7340199,37.6451103],[-83.7341811,37.6450831],[-83.734351,37.645105],[-83.7344671,37.6451918],[-83.7346046,37.6452616],[-83.7346513,37.6453496],[-83.7346604,37.6454687],[-83.7346308,37.6456468],[-83.7345505,37.6458188],[-83.7344641,37.6459972],[-83.7344542,37.6461195],[-83.7344399,37.6462532],[-83.7345415,37.6463553],[-83.7346692,37.6464186],[-83.7347487,37.6465381],[-83.7348148,37.6466871],[-83.7348919,37.6468966],[-83.7349069,37.6470133],[-83.7349583,37.6471473],[-83.7350824,37.6472086],[-83.7352276,37.6471949],[-83.7353695,37.6471531],[-83.7355854,37.6470565],[-83.735729,37.6469064],[-83.7359017,37.6467404],[-83.7360237,37.6466491],[-83.7362215,37.6465949],[-83.7363974,37.6466353],[-83.7366114,37.6467267],[-83.736755,37.6468609],[-83.7369059,37.6470233],[-83.7370474,37.6471144],[-83.7371861,37.6471818],[-83.7373072,37.647276],[-83.7374702,37.647431],[-83.7376864,37.6476802],[-83.7378656,37.6478864],[-83.7380434,37.6481743],[-83.7381645,37.6484],[-83.7382734,37.6484837],[-83.7384202,37.6485402],[-83.7385292,37.6485608],[-83.7386368,37.648575],[-83.7387574,37.6485748],[-83.7388795,37.6485424],[-83.7390725,37.6484834],[-83.7393002,37.6483782]]}},{"type":"Feature","properties":{"osm_id":1555169837,"highway":"track","name":null,"alt_name":null,"official_name":null,"surface":null,"tracktype":null,"service":null,"access":null,"motor_vehicle":null,"foot":null,"tiger_reviewed":null,"rrgh_part":0,"rrgh_tile_part":0},"geometry":{"type":"LineString","coordinates":[[-83.7273723,37.6471658],[-83.7275112,37.6472152],[-83.7277152,37.6473008],[-83.7278667,37.6472826],[-83.7280131,37.6473061],[-83.7281632,37.6474136],[-83.7283271,37.6474524],[-83.7285903,37.6475085],[-83.7287551,37.6475554],[-83.7290294,37.6476474],[-83.7293301,37.6477308],[-83.7295168,37.6478043],[-83.7297255,37.64786],[-83.7298551,37.6478886],[-83.7300271,37.6478242],[-83.7302329,37.6477485],[-83.7304101,37.6476854]]}},{"type":"Feature","properties":{"osm_id":1265561139,"highway":"track","name":null,"alt_name":null,"official_name":null,"surface":null,"tracktype":null,"service":null,"access":null,"motor_vehicle":null,"foot":null,"tiger_reviewed":null,"rrgh_part":0,"rrgh_tile_part":0},"geometry":{"type":"LineString","coordinates":[[-83.7365853,37.6455246],[-83.7365889,37.6453011],[-83.7364467,37.6450484],[-83.7364232,37.6448418],[-83.7365627,37.6446769],[-83.736777,37.6445937]]}},{"type":"Feature","properties":{"osm_id":1265561140,"highway":"track","name":null,"alt_name":null,"official_name":null,"surface":null,"tracktype":null,"service":null,"access":null,"motor_vehicle":null,"foot":null,"tiger_reviewed":null,"rrgh_part":0,"rrgh_tile_part":0},"geometry":{"type":"LineString","coordinates":[[-83.7336211,37.6436106],[-83.7338777,37.6433592],[-83.7341304,37.6430679],[-83.7343527,37.642943]]}},{"type":"Feature","properties":{"osm_id":1265561141,"highway":"track","name":null,"alt_name":null,"official_name":null,"surface":null,"tracktype":null,"service":null,"access":null,"motor_vehicle":null,"foot":null,"tiger_reviewed":null,"rrgh_part":0,"rrgh_tile_part":0},"geometry":{"type":"LineString","coordinates":[[-83.7336211,37.6436106],[-83.7335805,37.6434344],[-83.7335037,37.6431639],[-83.7335401,37.6429686],[-83.7337827,37.6425652],[-83.7338393,37.6423844],[-83.7337382,37.6421267],[-83.7337261,37.641997],[-83.7337867,37.6418625],[-83.7338534,37.6418113]]}},{"type":"Feature","properties":{"osm_id":1441993748,"highway":"track","name":null,"alt_name":null,"official_name":null,"surface":null,"tracktype":null,"service":null,"access":null,"motor_vehicle":null,"foot":null,"tiger_reviewed":null,"rrgh_part":0,"rrgh_tile_part":0},"geometry":{"type":"LineString","coordinates":[[-83.7440798,37.64895],[-83.7438193,37.6489193],[-83.7435436,37.6489289],[-83.7432167,37.6489794]]}},{"type":"Feature","properties":{"osm_id":1441993755,"highway":"track","name":null,"alt_name":null,"official_name":null,"surface":null,"tracktype":null,"service":null,"access":null,"motor_vehicle":null,"foot":null,"tiger_reviewed":null,"rrgh_part":0,"rrgh_tile_part":0},"geometry":{"type":"LineString","coordinates":[[-83.7443047,37.648923],[-83.7440798,37.64895],[-83.7439497,37.6490073],[-83.7437435,37.6490359],[-83.7435552,37.6490771],[-83.7434594,37.6491728],[-83.743397,37.6493284],[-83.743379,37.649572],[-83.7433331,37.6497759],[-83.7433666,37.6499576],[-83.7433655,37.6501347],[-83.7432914,37.6502664],[-83.7431609,37.6504637],[-83.7430529,37.6506791],[-83.7429848,37.6508646],[-83.7429374,37.6510132],[-83.7429289,37.6512332],[-83.7428988,37.6515061]]}},{"type":"Feature","properties":{"osm_id":1441993759,"highway":"track","name":null,"alt_name":null,"official_name":null,"surface":null,"tracktype":null,"service":null,"access":null,"motor_vehicle":null,"foot":null,"tiger_reviewed":null,"rrgh_part":0,"rrgh_tile_part":0},"geometry":{"type":"LineString","coordinates":[[-83.7428388,37.6529626],[-83.7427029,37.6529567],[-83.7425696,37.6529241],[-83.742454,37.6528446],[-83.7423926,37.65268],[-83.7424052,37.6525566],[-83.742333,37.6523237],[-83.7422979,37.6520106],[-83.7421671,37.6518344]]}},{"type":"Feature","properties":{"osm_id":1226864722,"highway":"track","name":null,"alt_name":null,"official_name":null,"surface":null,"tracktype":null,"service":null,"access":null,"motor_vehicle":null,"foot":null,"tiger_reviewed":null,"rrgh_part":0,"rrgh_tile_part":0},"geometry":{"type":"LineString","coordinates":[[-83.7397341,37.6505018],[-83.7397579,37.6505578],[-83.739764,37.650573],[-83.7398529,37.6506552],[-83.7399945,37.6507182],[-83.7401553,37.6507642],[-83.7403817,37.6508007],[-83.7405567,37.6507992],[-83.7406997,37.6507914],[-83.7408713,37.6507464],[-83.7409947,37.6506885],[-83.7411043,37.6506313],[-83.7413361,37.6505118],[-83.7414547,37.650455],[-83.7415912,37.6504122],[-83.7417191,37.6503952],[-83.7418726,37.6503772],[-83.7419662,37.6503448],[-83.7420754,37.6502331],[-83.7421813,37.6501456],[-83.7422903,37.6500863],[-83.7423432,37.6500056],[-83.7423762,37.6499357],[-83.7423912,37.6498564],[-83.7423654,37.649735],[-83.7423619,37.6496403],[-83.742319,37.6494948],[-83.7422761,37.6494025],[-83.7422374,37.6492868],[-83.7422561,37.6491422],[-83.7422945,37.6490012],[-83.7423609,37.6488601],[-83.7424521,37.6487526],[-83.7425546,37.6486604],[-83.7426689,37.6485885],[-83.7428202,37.6485089],[-83.7429784,37.6484646],[-83.7431827,37.6484422],[-83.7433907,37.6484249],[-83.7435882,37.6484033],[-83.7436473,37.6484],[-83.7437246,37.6483935],[-83.7438758,37.6484382],[-83.7440391,37.6484562],[-83.744182,37.6484563],[-83.7443622,37.648433],[-83.744503,37.6484262],[-83.7446521,37.6483914],[-83.7448145,37.6483127],[-83.7449234,37.648185],[-83.7450094,37.6480309],[-83.7450794,37.6479504],[-83.7451862,37.6478759],[-83.7452539,37.6478553],[-83.7453826,37.6478903],[-83.7454403,37.647976],[-83.7454904,37.6480612],[-83.7454787,37.648192],[-83.7454603,37.648277],[-83.7454307,37.6483595],[-83.7454407,37.6484062],[-83.7455006,37.6484386],[-83.7455809,37.6484365],[-83.7456184,37.6484231],[-83.7456881,37.6483973],[-83.7457612,37.648346],[-83.745832,37.6482713],[-83.7459239,37.6481878],[-83.7459626,37.6481322],[-83.7460322,37.6480745],[-83.7461084,37.6480562],[-83.7462028,37.6480331],[-83.746253,37.6480159],[-83.746287,37.6479818],[-83.7463105,37.6479213],[-83.7462889,37.6478745],[-83.7462985,37.6478071],[-83.7462899,37.6477758],[-83.7463245,37.6477325],[-83.7463956,37.6477403],[-83.7464821,37.647799],[-83.7465704,37.6478656],[-83.7466851,37.6479467],[-83.7467423,37.6479811],[-83.746848,37.6479872],[-83.7469291,37.6479896],[-83.7470221,37.648051],[-83.7471315,37.6480851],[-83.7472476,37.6481061],[-83.747494,37.6481075],[-83.7477272,37.6480438],[-83.7478447,37.6479203],[-83.7478979,37.6476999],[-83.7479101,37.647612],[-83.7479768,37.6475241],[-83.7480839,37.6474161]]}},{"type":"Feature","properties":{"osm_id":1226864723,"highway":"track","name":null,"alt_name":null,"official_name":null,"surface":null,"tracktype":null,"service":null,"access":null,"motor_vehicle":null,"foot":null,"tiger_reviewed":null,"rrgh_part":0,"rrgh_tile_part":0},"geometry":{"type":"LineString","coordinates":[[-83.7436473,37.6484],[-83.7437582,37.6484606],[-83.7440264,37.64863],[-83.7441603,37.6486871],[-83.7442582,37.6487724],[-83.7443047,37.648923],[-83.7443096,37.6490173],[-83.7443418,37.649298],[-83.7443606,37.6494635],[-83.7444581,37.649593],[-83.7445264,37.6496737],[-83.7446217,37.6497907],[-83.744656,37.6499163],[-83.7446516,37.650052],[-83.744609,37.6501824],[-83.7445539,37.6504014],[-83.7444937,37.6507099],[-83.7445107,37.6508569],[-83.7445484,37.6510798],[-83.7445814,37.6512933],[-83.7445873,37.6514453],[-83.7445493,37.6515882],[-83.7444654,37.6517346],[-83.74436,37.6519087],[-83.7442697,37.652066],[-83.7442014,37.6522324],[-83.7440509,37.6523945],[-83.7439389,37.6525884],[-83.7438398,37.6527749],[-83.7437869,37.6529022],[-83.7437523,37.6529544],[-83.7437123,37.6529773],[-83.7436843,37.65292],[-83.7436727,37.6527978],[-83.7435913,37.6526429],[-83.7435386,37.6524835],[-83.7435185,37.6523998],[-83.7434781,37.6522599],[-83.7433805,37.652489],[-83.7432119,37.6526946],[-83.7430065,37.6528576],[-83.7428388,37.6529626],[-83.7426924,37.6530002],[-83.7425146,37.6529967],[-83.7423631,37.6529463],[-83.742157,37.6529032],[-83.741959,37.6529402],[-83.7418055,37.6529949],[-83.7416513,37.6530095],[-83.7414468,37.6529687],[-83.7413167,37.6529326],[-83.7411728,37.6528541],[-83.7411069,37.6527367],[-83.7410897,37.6525503],[-83.7410208,37.6522846],[-83.740935,37.6521104]]}},{"type":"Feature","properties":{"osm_id":1265555688,"highway":"track","name":null,"alt_name":null,"official_name":null,"surface":null,"tracktype":null,"service":null,"access":null,"motor_vehicle":null,"foot":null,"tiger_reviewed":null,"rrgh_part":0,"rrgh_tile_part":0},"geometry":{"type":"LineString","coordinates":[[-83.7389038,37.6560256],[-83.7387219,37.6564466],[-83.7386612,37.6568146],[-83.7384631,37.6573284],[-83.7384207,37.6576884],[-83.7388614,37.6580629],[-83.7392273,37.6584694],[-83.7393465,37.6587031],[-83.7393748,37.6590551],[-83.7395952,37.6592296],[-83.74036,37.6596256],[-83.740647,37.6597148],[-83.7414624,37.6595046],[-83.7418299,37.6594642],[-83.7422564,37.6596192],[-83.743053,37.6597445],[-83.7432917,37.6599547],[-83.7433614,37.6601586],[-83.7433936,37.6605365],[-83.7436806,37.6609208],[-83.744099,37.6610461],[-83.7445121,37.6611247],[-83.7451692,37.661216],[-83.7457513,37.6614559],[-83.7462663,37.6616449],[-83.7462211,37.6618197],[-83.7459704,37.6625846],[-83.7458181,37.6628344],[-83.7453085,37.6632336],[-83.7450939,37.6634289],[-83.7449464,37.6638345],[-83.7450698,37.6642294],[-83.7456303,37.664635],[-83.7462365,37.6650193],[-83.746384,37.6659535],[-83.7463457,37.6667188],[-83.7464832,37.6675493],[-83.7464043,37.6681493],[-83.7462851,37.6687382],[-83.7460971,37.6690006],[-83.7453289,37.668775],[-83.7446922,37.6685672],[-83.7441584,37.6682148],[-83.7438553,37.6681617],[-83.7433109,37.6683209],[-83.7430748,37.6685205],[-83.7432358,37.669011],[-83.7432295,37.6693784],[-83.7429749,37.6698466],[-83.7428241,37.6700239]]}},{"type":"Feature","properties":{"osm_id":1441993747,"highway":"track","name":null,"alt_name":null,"official_name":null,"surface":null,"tracktype":null,"service":null,"access":null,"motor_vehicle":null,"foot":null,"tiger_reviewed":null,"rrgh_part":0,"rrgh_tile_part":0},"geometry":{"type":"LineString","coordinates":[[-83.7422511,37.651414],[-83.742068,37.6513525],[-83.741844,37.6514412],[-83.7416181,37.651521],[-83.7413806,37.6515854],[-83.7411971,37.6516716],[-83.7409832,37.6516893],[-83.7407898,37.6516273],[-83.740493,37.6516037],[-83.7402731,37.6516105],[-83.7401879,37.6517194],[-83.7401701,37.6518467],[-83.7401667,37.651984],[-83.7402154,37.6521601],[-83.740257,37.6522637],[-83.7403602,37.6526227],[-83.7404426,37.6528621],[-83.7404409,37.6530833],[-83.7404112,37.653236],[-83.7403236,37.6533552],[-83.7402706,37.6534753],[-83.7401581,37.6536042],[-83.7399798,37.6537999]]}},{"type":"Feature","properties":{"osm_id":1265554930,"highway":"track","name":null,"alt_name":null,"official_name":null,"surface":null,"tracktype":null,"service":null,"access":null,"motor_vehicle":null,"foot":null,"tiger_reviewed":null,"rrgh_part":0,"rrgh_tile_part":0},"geometry":{"type":"LineString","coordinates":[[-83.7383815,37.6508673],[-83.7382672,37.6506477],[-83.7378911,37.650341],[-83.737446,37.6505247],[-83.7372145,37.6507527],[-83.7374125,37.6507527]]}},{"type":"Feature","properties":{"osm_id":1265554931,"highway":"track","name":null,"alt_name":null,"official_name":null,"surface":null,"tracktype":null,"service":null,"access":null,"motor_vehicle":null,"foot":null,"tiger_reviewed":null,"rrgh_part":0,"rrgh_tile_part":0},"geometry":{"type":"LineString","coordinates":[[-83.7372145,37.6507527],[-83.7370362,37.6509915],[-83.7366661,37.6516927]]}},{"type":"Feature","properties":{"osm_id":1265555684,"highway":"track","name":null,"alt_name":null,"official_name":null,"surface":null,"tracktype":null,"service":null,"access":null,"motor_vehicle":null,"foot":null,"tiger_reviewed":null,"rrgh_part":0,"rrgh_tile_part":0},"geometry":{"type":"LineString","coordinates":[[-83.7376393,37.6532427],[-83.7375266,37.652971],[-83.737519,37.6526839],[-83.73758,37.6524523],[-83.7377506,37.6522557],[-83.7379669,37.6519674],[-83.7380538,37.651737]]}},{"type":"Feature","properties":{"osm_id":1266984463,"highway":"track","name":null,"alt_name":null,"official_name":null,"surface":null,"tracktype":null,"service":null,"access":null,"motor_vehicle":null,"foot":null,"tiger_reviewed":null,"rrgh_part":0,"rrgh_tile_part":0},"geometry":{"type":"LineString","coordinates":[[-83.731084,37.6509872],[-83.7311302,37.6504201],[-83.7310765,37.6501738],[-83.7311463,37.6500124],[-83.7313609,37.6497023],[-83.7314896,37.6495579],[-83.7316345,37.6494518],[-83.7317955,37.6493668],[-83.7324983,37.6491417],[-83.7329746,37.6490083],[-83.7332055,37.6489585],[-83.7333405,37.6489443],[-83.7334247,37.6489095],[-83.7334617,37.6488421],[-83.7334635,37.6487897],[-83.7334179,37.6487378]]}},{"type":"Feature","properties":{"osm_id":1266984466,"highway":"track","name":null,"alt_name":null,"official_name":null,"surface":null,"tracktype":null,"service":null,"access":null,"motor_vehicle":null,"foot":null,"tiger_reviewed":null,"rrgh_part":0,"rrgh_tile_part":0},"geometry":{"type":"LineString","coordinates":[[-83.731084,37.6509872],[-83.7310389,37.6510502],[-83.7308914,37.6512001],[-83.7308159,37.6512965],[-83.7307439,37.6514395],[-83.7306858,37.651526],[-83.7306525,37.6516804]]}},{"type":"Feature","properties":{"osm_id":1442217478,"highway":"track","name":null,"alt_name":null,"official_name":null,"surface":null,"tracktype":null,"service":null,"access":null,"motor_vehicle":null,"foot":null,"tiger_reviewed":null,"rrgh_part":0,"rrgh_tile_part":0},"geometry":{"type":"LineString","coordinates":[[-83.7341176,37.6480909],[-83.7340282,37.6480777],[-83.7340516,37.6481892],[-83.7340969,37.6482802],[-83.7342549,37.6484067],[-83.7346575,37.6485022],[-83.734856,37.6484939],[-83.7351511,37.6485463],[-83.7352371,37.6488057]]}},{"type":"Feature","properties":{"osm_id":1555169835,"highway":"track","name":null,"alt_name":null,"official_name":null,"surface":null,"tracktype":null,"service":null,"access":null,"motor_vehicle":null,"foot":null,"tiger_reviewed":null,"rrgh_part":0,"rrgh_tile_part":0},"geometry":{"type":"LineString","coordinates":[[-83.731123,37.6482337],[-83.7313551,37.6483076],[-83.7314793,37.6483426],[-83.7316878,37.6483487],[-83.731929,37.6483378],[-83.7321652,37.6483579],[-83.7325637,37.6483024],[-83.7329134,37.6482225]]}},{"type":"Feature","properties":{"osm_id":1560579969,"highway":"track","name":null,"alt_name":null,"official_name":null,"surface":null,"tracktype":null,"service":null,"access":null,"motor_vehicle":null,"foot":null,"tiger_reviewed":null,"rrgh_part":0,"rrgh_tile_part":0},"geometry":{"type":"LineString","coordinates":[[-83.7312918,37.6510616],[-83.73146,37.6509035],[-83.7315627,37.6508178],[-83.7316445,37.6507293],[-83.7317416,37.6505599]]}},{"type":"Feature","properties":{"osm_id":16268483,"highway":"track","name":"FR 226","alt_name":null,"official_name":null,"surface":"gravel","tracktype":null,"service":null,"access":null,"motor_vehicle":null,"foot":null,"tiger_reviewed":"no","rrgh_part":0,"rrgh_tile_part":0},"geometry":{"type":"LineString","coordinates":[[-83.7350994,37.6512154],[-83.735304,37.6511389],[-83.7356768,37.6509824],[-83.7359319,37.6506874],[-83.7360271,37.6504284],[-83.7359624,37.6497127],[-83.7361148,37.6493311],[-83.7360516,37.6490698],[-83.7361177,37.6489494],[-83.7362901,37.6489102],[-83.7385429,37.6497904],[-83.7389212,37.6500014],[-83.7391872,37.6501736],[-83.7393468,37.6502573]]}},{"type":"Feature","properties":{"osm_id":894763455,"highway":"unclassified","name":"Bald Rock Fork Road","alt_name":null,"official_name":null,"surface":"unpaved","tracktype":null,"service":null,"access":null,"motor_vehicle":null,"foot":null,"tiger_reviewed":"no","rrgh_part":0,"rrgh_tile_part":0},"geometry":{"type":"LineString","coordinates":[[-83.7311303,37.649033],[-83.731213,37.649075],[-83.73142,37.64911],[-83.731629,37.649098],[-83.731828,37.649046],[-83.732157,37.648942],[-83.732702,37.64884],[-83.7334179,37.6487378],[-83.733529,37.648722],[-83.733916,37.648681],[-83.734607,37.648659],[-83.734776,37.648669],[-83.734886,37.648691],[-83.734994,37.648725],[-83.7351004,37.6487533],[-83.7352371,37.6488057],[-83.7354717,37.6489095],[-83.7356058,37.6490189],[-83.7356784,37.6491392],[-83.735681,37.64949],[-83.735634,37.650107],[-83.735691,37.650336],[-83.735621,37.650568],[-83.7355357,37.6506974],[-83.735448,37.650806],[-83.735352,37.650882],[-83.735176,37.65105],[-83.735137,37.651098],[-83.73511,37.65115],[-83.7350994,37.6512154],[-83.7350506,37.651404],[-83.7350342,37.6514672],[-83.73498,37.651616],[-83.734983,37.651727],[-83.735006,37.651849],[-83.735065,37.651971],[-83.735159,37.652069],[-83.735444,37.652419],[-83.735531,37.652534],[-83.735657,37.652744],[-83.735671,37.65286],[-83.735639,37.652937],[-83.7355916,37.6530261],[-83.7354751,37.6530917],[-83.7352498,37.6531684],[-83.735024,37.653227],[-83.7348119,37.6532764],[-83.734768,37.6532865]]}},{"type":"Feature","properties":{"osm_id":894763456,"highway":"unclassified","name":"Bald Rock Fork Road","alt_name":null,"official_name":null,"surface":"unpaved","tracktype":null,"service":null,"access":null,"motor_vehicle":null,"foot":null,"tiger_reviewed":"no","rrgh_part":0,"rrgh_tile_part":0},"geometry":{"type":"LineString","coordinates":[[-83.7239455,37.6482377],[-83.724033,37.64827],[-83.724158,37.648352],[-83.724291,37.648505],[-83.72433,37.648537],[-83.7243867,37.6485621],[-83.724434,37.648583],[-83.7244634,37.6485916],[-83.724605,37.648633],[-83.724719,37.648676],[-83.724832,37.648704],[-83.724938,37.64875],[-83.725255,37.648931],[-83.7253006,37.6489494],[-83.725359,37.648973],[-83.725445,37.648978],[-83.725572,37.64895],[-83.725793,37.648879],[-83.726062,37.648817],[-83.726229,37.648767],[-83.726361,37.648695],[-83.726582,37.648613],[-83.726685,37.648589],[-83.726982,37.648636],[-83.727206,37.64865],[-83.727383,37.64869],[-83.727566,37.648765],[-83.727876,37.64895],[-83.728022,37.649004],[-83.728099,37.649011],[-83.728273,37.648998],[-83.728739,37.648861],[-83.7289,37.648828],[-83.729031,37.648822],[-83.729177,37.648842],[-83.729298,37.648893],[-83.729472,37.648945],[-83.729585,37.64895],[-83.729743,37.648924],[-83.729896,37.648869],[-83.730074,37.648822],[-83.730375,37.64881],[-83.730551,37.648828],[-83.730767,37.648889],[-83.730891,37.648928],[-83.731087,37.649011],[-83.7311303,37.649033]]}},{"type":"Feature","properties":{"osm_id":894791971,"highway":"unclassified","name":"Fixer Road","alt_name":null,"official_name":null,"surface":"gravel","tracktype":null,"service":null,"access":null,"motor_vehicle":null,"foot":null,"tiger_reviewed":"no","rrgh_part":0,"rrgh_tile_part":0},"geometry":{"type":"LineString","coordinates":[[-83.734768,37.6532865],[-83.73458,37.65333],[-83.73446,37.653355],[-83.7342901,37.6534022],[-83.7341432,37.6534813],[-83.734003,37.6535873],[-83.7338686,37.6537574],[-83.7338128,37.6539123],[-83.733788,37.654069],[-83.7337,37.654876],[-83.733697,37.655027],[-83.733642,37.655221],[-83.733426,37.655689],[-83.733389,37.655745],[-83.733321,37.655809],[-83.73323,37.655876],[-83.733121,37.655934],[-83.732787,37.656041],[-83.732716,37.656072],[-83.732454,37.656216],[-83.732079,37.656404],[-83.731818,37.656559],[-83.731295,37.656911],[-83.731039,37.657033],[-83.7307183,37.6571679],[-83.730397,37.657303],[-83.73002,37.657447],[-83.729982,37.657472],[-83.729939,37.657522],[-83.729797,37.657896],[-83.729554,37.658244]]}},{"type":"Feature","properties":{"osm_id":968853005,"highway":"track","name":null,"alt_name":null,"official_name":null,"surface":null,"tracktype":null,"service":null,"access":null,"motor_vehicle":null,"foot":null,"tiger_reviewed":null,"rrgh_part":0,"rrgh_tile_part":0},"geometry":{"type":"LineString","coordinates":[[-83.7301091,37.6590467],[-83.7303708,37.659082],[-83.730588,37.6592498],[-83.7307241,37.6593057],[-83.7311297,37.6593969],[-83.7314621,37.6593844],[-83.7320718,37.6594134],[-83.7323178,37.6594321],[-83.7325979,37.659372],[-83.7330846,37.659314],[-83.7334798,37.6592643],[-83.7337006,37.6591992],[-83.7341838,37.6594569],[-83.7345135,37.6596351],[-83.7348249,37.6597822],[-83.7351887,37.6599873],[-83.7353614,37.6601841],[-83.7354321,37.6604597],[-83.735508,37.6607083],[-83.7356964,37.6608947],[-83.7362198,37.6611641],[-83.7363533,37.6612531],[-83.7364471,37.661403],[-83.7366323,37.661564],[-83.7367114,37.6616892],[-83.7366736,37.6620764],[-83.7363835,37.6624752],[-83.7364294,37.6627093],[-83.7366726,37.662881],[-83.7369148,37.6629555],[-83.7370774,37.6629752]]}},{"type":"Feature","properties":{"osm_id":1265315801,"highway":"track","name":null,"alt_name":null,"official_name":null,"surface":null,"tracktype":null,"service":null,"access":null,"motor_vehicle":null,"foot":null,"tiger_reviewed":null,"rrgh_part":0,"rrgh_tile_part":0},"geometry":{"type":"LineString","coordinates":[[-83.7314379,37.6623076],[-83.7312922,37.6621265],[-83.7309439,37.6620396],[-83.7305533,37.6620613],[-83.7294787,37.6617254],[-83.7292106,37.6616903],[-83.7290501,37.661839],[-83.7289551,37.6621248],[-83.7287545,37.6624524],[-83.7283703,37.6629387],[-83.7280747,37.6633582],[-83.7279438,37.6634802],[-83.7274308,37.6636975],[-83.7270994,37.6638646],[-83.7269094,37.6638696],[-83.7267151,37.6637911],[-83.7267236,37.6636173],[-83.7268101,37.6634401],[-83.7271796,37.6630641],[-83.7272303,37.6629688],[-83.7271711,37.6628384],[-83.7269642,37.6628318],[-83.7261979,37.6629772],[-83.7258749,37.6629939],[-83.7257355,37.6628518],[-83.7257144,37.6627599],[-83.7258326,37.6626061],[-83.7262739,37.6621616],[-83.7265504,37.6618123],[-83.7268228,37.6614847],[-83.7269875,37.6613109],[-83.7276799,37.6607092],[-83.7278784,37.6604886],[-83.7279671,37.6601594],[-83.7278467,37.6599554],[-83.7276314,37.6597783],[-83.7272957,37.6596078],[-83.72715,37.6594942],[-83.7269769,37.6593738],[-83.7265884,37.659541],[-83.7261578,37.6599421]]}},{"type":"Feature","properties":{"osm_id":1265549800,"highway":"track","name":null,"alt_name":null,"official_name":null,"surface":null,"tracktype":null,"service":null,"access":null,"motor_vehicle":null,"foot":null,"tiger_reviewed":null,"rrgh_part":0,"rrgh_tile_part":0},"geometry":{"type":"LineString","coordinates":[[-83.7252451,37.660448],[-83.725626,37.6600912],[-83.7258245,37.6596878],[-83.7260632,37.6596071],[-83.7262402,37.6593969],[-83.7270771,37.6589786],[-83.7273319,37.658968],[-83.7279112,37.659123],[-83.7281044,37.6592737],[-83.728327,37.6594776],[-83.7286194,37.6597876],[-83.729196,37.6604012],[-83.7295007,37.6603638],[-83.7296802,37.660433]]}},{"type":"Feature","properties":{"osm_id":1265549804,"highway":"track","name":null,"alt_name":null,"official_name":null,"surface":null,"tracktype":null,"service":null,"access":null,"motor_vehicle":null,"foot":null,"tiger_reviewed":null,"rrgh_part":0,"rrgh_tile_part":0},"geometry":{"type":"LineString","coordinates":[[-83.7356621,37.656403],[-83.7352088,37.6561078],[-83.7350988,37.6556152],[-83.7350478,37.6552096],[-83.7350586,37.6550737],[-83.7351954,37.6550631],[-83.7352946,37.6551586],[-83.7354904,37.6554432],[-83.7357935,37.6556216],[-83.735941,37.6556534],[-83.7360242,37.6555727],[-83.7360054,37.6552393],[-83.7360671,37.6550482],[-83.7360722,37.6550219],[-83.7361207,37.6547722],[-83.7363165,37.6546001],[-83.7365472,37.6545747],[-83.736751,37.6545917],[-83.7369683,37.6546511]]}},{"type":"Feature","properties":{"osm_id":1265549806,"highway":"track","name":null,"alt_name":null,"official_name":null,"surface":null,"tracktype":null,"service":null,"access":null,"motor_vehicle":null,"foot":null,"tiger_reviewed":null,"rrgh_part":0,"rrgh_tile_part":0},"geometry":{"type":"LineString","coordinates":[[-83.7356621,37.656403],[-83.7357924,37.6563717],[-83.7361793,37.6564066],[-83.7363622,37.6563451],[-83.7365389,37.6561051],[-83.7366623,37.6558566],[-83.7367385,37.6556395],[-83.7367339,37.6554212],[-83.7367202,37.6553223],[-83.7367872,37.6552753],[-83.7368634,37.655297],[-83.7371559,37.6555201],[-83.7372778,37.6559145],[-83.7373052,37.6562414],[-83.7375079,37.65652],[-83.7378689,37.6566479],[-83.7380121,37.656631],[-83.7381448,37.6564575],[-83.7382148,37.6561448],[-83.7383423,37.6556757],[-83.7384835,37.6553685],[-83.7385708,37.6549739],[-83.7385949,37.6546458],[-83.7386373,37.6545065],[-83.738642,37.6544912],[-83.7386047,37.6540509],[-83.7386492,37.6537821],[-83.7386492,37.6536508],[-83.7385186,37.6535869],[-83.7384793,37.6535676],[-83.7380872,37.6535244],[-83.7378062,37.6534524],[-83.7376283,37.6532987],[-83.7376393,37.6532427],[-83.737691,37.6529802],[-83.7377961,37.6525849],[-83.7380528,37.6523176],[-83.738348,37.6521016],[-83.7385845,37.6517719],[-83.7387704,37.651439],[-83.7388325,37.6512436],[-83.7388493,37.6511909],[-83.7388756,37.6508836],[-83.7387138,37.6505795],[-83.7383399,37.6504322],[-83.7378911,37.650341],[-83.737667,37.6502577],[-83.7375596,37.6502178],[-83.7373978,37.6501986],[-83.7365994,37.650277],[-83.7364882,37.6503474],[-83.7362335,37.6506643],[-83.7360434,37.650938],[-83.7357827,37.6511829],[-83.7354512,37.6513141],[-83.7350506,37.651404]]}},{"type":"Feature","properties":{"osm_id":1265554929,"highway":"track","name":null,"alt_name":null,"official_name":null,"surface":null,"tracktype":null,"service":null,"access":null,"motor_vehicle":null,"foot":null,"tiger_reviewed":null,"rrgh_part":0,"rrgh_tile_part":0},"geometry":{"type":"LineString","coordinates":[[-83.7352442,37.6500655],[-83.7352982,37.6502892],[-83.7354038,37.6505237],[-83.7354658,37.6506846],[-83.7355357,37.6506974]]}},{"type":"Feature","properties":{"osm_id":1265554932,"highway":"track","name":null,"alt_name":null,"official_name":null,"surface":null,"tracktype":null,"service":null,"access":null,"motor_vehicle":null,"foot":null,"tiger_reviewed":null,"rrgh_part":0,"rrgh_tile_part":0},"geometry":{"type":"LineString","coordinates":[[-83.737667,37.6502577],[-83.7370499,37.6504506],[-83.7368174,37.6506474],[-83.736498,37.6510972],[-83.7362615,37.6515421],[-83.7361786,37.6516398],[-83.7359563,37.6517902],[-83.7358754,37.6519438],[-83.7359785,37.6522303],[-83.7361685,37.6527121],[-83.7361928,37.653045],[-83.7360857,37.6537012],[-83.7360937,37.6538196]]}},{"type":"Feature","properties":{"osm_id":1265554933,"highway":"track","name":null,"alt_name":null,"official_name":null,"surface":null,"tracktype":null,"service":null,"access":null,"motor_vehicle":null,"foot":null,"tiger_reviewed":null,"rrgh_part":0,"rrgh_tile_part":0},"geometry":{"type":"LineString","coordinates":[[-83.7355125,37.6535062],[-83.7349686,37.6534338],[-83.7348119,37.6532764]]}},{"type":"Feature","properties":{"osm_id":1265555685,"highway":"track","name":null,"alt_name":null,"official_name":null,"surface":null,"tracktype":null,"service":null,"access":null,"motor_vehicle":null,"foot":null,"tiger_reviewed":null,"rrgh_part":0,"rrgh_tile_part":0},"geometry":{"type":"LineString","coordinates":[[-83.7388325,37.6512436],[-83.7390826,37.6516796],[-83.7393079,37.6520958],[-83.7395037,37.6524993],[-83.7394849,37.652837],[-83.7396807,37.6529983],[-83.7397692,37.6532999],[-83.7400167,37.6535038],[-83.7400284,37.6536289],[-83.7399798,37.6537999],[-83.7398255,37.6543426],[-83.7398969,37.6545339]]}},{"type":"Feature","properties":{"osm_id":1265560016,"highway":"track","name":null,"alt_name":null,"official_name":null,"surface":null,"tracktype":null,"service":null,"access":null,"motor_vehicle":null,"foot":null,"tiger_reviewed":null,"rrgh_part":0,"rrgh_tile_part":0},"geometry":{"type":"LineString","coordinates":[[-83.7400053,37.6606339],[-83.7399676,37.6608419],[-83.7399476,37.6611033],[-83.7396557,37.6611312],[-83.7393983,37.6612334],[-83.7391516,37.661301],[-83.7388623,37.661284],[-83.7380899,37.6612309],[-83.7376803,37.6610535],[-83.7374676,37.6609613],[-83.7371055,37.6606513],[-83.7367595,37.6603094],[-83.7365396,37.6601162],[-83.7363598,37.6599378],[-83.7359575,37.659717],[-83.7357429,37.6597849],[-83.7355793,37.659821],[-83.7353701,37.6597871],[-83.734882,37.6595365],[-83.7345681,37.6594091],[-83.7342329,37.6592329],[-83.7339566,37.6591904],[-83.7337876,37.6591713],[-83.7337006,37.6591992]]}},{"type":"Feature","properties":{"osm_id":1266984464,"highway":"track","name":null,"alt_name":null,"official_name":null,"surface":null,"tracktype":null,"service":null,"access":null,"motor_vehicle":null,"foot":null,"tiger_reviewed":null,"rrgh_part":0,"rrgh_tile_part":0},"geometry":{"type":"LineString","coordinates":[[-83.731084,37.6509872],[-83.7311644,37.6508908],[-83.7312001,37.6508437],[-83.7312197,37.6507976],[-83.7312564,37.6507233],[-83.7313246,37.6506641],[-83.7314127,37.6506233],[-83.7315483,37.6505966],[-83.7317416,37.6505599],[-83.7318045,37.6505669],[-83.7318627,37.6506093],[-83.7318974,37.6507004],[-83.7319081,37.6507641],[-83.7319135,37.6508151],[-83.7318974,37.6508406],[-83.7318545,37.6508873],[-83.7316816,37.6509532],[-83.731603,37.6510347],[-83.7315436,37.6511343],[-83.7315134,37.6512627],[-83.7313448,37.6516943],[-83.7312536,37.6523271],[-83.731098,37.6525735],[-83.7309799,37.6529642],[-83.7309263,37.6530534],[-83.7308404,37.6531171],[-83.730658,37.6532063],[-83.7303683,37.653287],[-83.7301805,37.6533125],[-83.7298801,37.6533125],[-83.7296781,37.6534149],[-83.7296002,37.6534575],[-83.7295353,37.6536994],[-83.7295294,37.6538163],[-83.7294683,37.6539363],[-83.729375,37.6540254],[-83.7290739,37.6542185],[-83.7289462,37.6542591],[-83.728796,37.6542429],[-83.7287062,37.6541803],[-83.7286755,37.6540955],[-83.7286971,37.6539651],[-83.7287741,37.6537458],[-83.7288272,37.6535395],[-83.7287924,37.6533787],[-83.7286823,37.6532037],[-83.7285,37.6530142],[-83.7284859,37.6529383],[-83.7285534,37.6528703],[-83.7286787,37.6527704],[-83.7288919,37.6527443],[-83.7291028,37.6528183],[-83.7292019,37.6527975],[-83.7293459,37.6527223],[-83.7294616,37.6526457],[-83.7295367,37.6524036],[-83.7295313,37.6522379],[-83.729483,37.652102],[-83.7294348,37.6520213],[-83.7292202,37.6517835],[-83.7291021,37.6515796],[-83.729086,37.651414],[-83.7291289,37.6511506],[-83.7291128,37.6510657],[-83.7290431,37.6510105],[-83.7289465,37.6509808],[-83.7287641,37.6509553],[-83.7286514,37.6508873],[-83.7285334,37.6507854],[-83.7284315,37.6507302],[-83.7283295,37.6507302],[-83.7281453,37.6508045],[-83.7275659,37.6512162],[-83.7275123,37.6512779],[-83.7274806,37.6513505],[-83.7274074,37.6514187],[-83.7273249,37.6514974],[-83.7270877,37.6518658],[-83.7269966,37.6519064]]}},{"type":"Feature","properties":{"osm_id":1266984465,"highway":"track","name":null,"alt_name":null,"official_name":null,"surface":null,"tracktype":null,"service":null,"access":null,"motor_vehicle":null,"foot":null,"tiger_reviewed":null,"rrgh_part":0,"rrgh_tile_part":0},"geometry":{"type":"LineString","coordinates":[[-83.7267778,37.6562314],[-83.726913,37.6563996],[-83.7270636,37.6565978],[-83.7272273,37.6567573],[-83.7275437,37.6568817],[-83.7278076,37.6568988],[-83.7280505,37.6569551],[-83.7285278,37.657047],[-83.7283328,37.6567895],[-83.7281503,37.6566278],[-83.7280169,37.6565008],[-83.7278989,37.6564289],[-83.7277198,37.6564061],[-83.7278155,37.6563171],[-83.727973,37.6563222],[-83.7281308,37.656341],[-83.728432,37.6563586],[-83.7286988,37.6563403],[-83.7289531,37.6562709],[-83.7293978,37.6560897],[-83.7295786,37.6559576],[-83.7298918,37.6557607],[-83.7302963,37.6555838],[-83.7305125,37.6555282],[-83.7307579,37.6554905],[-83.7310202,37.6554602],[-83.7313633,37.6553741],[-83.7315536,37.6553131],[-83.7317911,37.6551855],[-83.7320261,37.6550112],[-83.7320672,37.6548508],[-83.732066,37.6547077],[-83.7320577,37.6545564],[-83.7320321,37.6544053],[-83.7319853,37.6542921],[-83.7318726,37.6542051],[-83.7317163,37.6541111],[-83.7316105,37.6540552],[-83.7315569,37.6539834],[-83.7315716,37.6538814],[-83.7317147,37.6537503],[-83.7320606,37.6536333],[-83.7322291,37.6535724],[-83.732451,37.6534899],[-83.7325807,37.6533675],[-83.7327018,37.6532161],[-83.7328459,37.6530897],[-83.7330677,37.6529643],[-83.733119,37.6529227],[-83.7331725,37.6528512],[-83.7331331,37.6527844],[-83.7330287,37.6527237],[-83.7329028,37.6526424],[-83.7327777,37.6525451],[-83.7326761,37.6524079],[-83.7327002,37.652299],[-83.7327849,37.652185],[-83.7329035,37.6520636],[-83.73303,37.6519583],[-83.7331441,37.6518786],[-83.7332774,37.6517448],[-83.7333402,37.6516515],[-83.733372,37.6514657],[-83.7333847,37.6512913],[-83.7333507,37.6510735],[-83.7334098,37.6508451],[-83.7335057,37.6507524],[-83.7336375,37.6506345],[-83.7337659,37.6504663],[-83.7337817,37.6503675],[-83.7337349,37.6503224],[-83.7336693,37.6503408],[-83.7335617,37.6504437],[-83.7334594,37.6505118],[-83.7332842,37.6506068],[-83.7330099,37.6507475],[-83.7327541,37.6508481],[-83.7325028,37.650917],[-83.7322101,37.6509501],[-83.7320905,37.6509935],[-83.7316489,37.651173],[-83.7315134,37.6512627]]}},{"type":"Feature","properties":{"osm_id":1266984470,"highway":"track","name":null,"alt_name":null,"official_name":null,"surface":null,"tracktype":null,"service":null,"access":null,"motor_vehicle":null,"foot":null,"tiger_reviewed":null,"rrgh_part":0,"rrgh_tile_part":0},"geometry":{"type":"LineString","coordinates":[[-83.7272911,37.6538984],[-83.7273625,37.6539598],[-83.7274215,37.6540787],[-83.7274698,37.6544736],[-83.7274966,37.6545713],[-83.7275878,37.6547411],[-83.7277058,37.6548685],[-83.727958,37.6549704],[-83.7281511,37.6551233],[-83.7283603,37.6551658],[-83.7285105,37.6551403],[-83.7292937,37.6547496],[-83.7296049,37.6546477]]}},{"type":"Feature","properties":{"osm_id":1337722699,"highway":"track","name":null,"alt_name":null,"official_name":null,"surface":null,"tracktype":null,"service":null,"access":null,"motor_vehicle":null,"foot":null,"tiger_reviewed":null,"rrgh_part":0,"rrgh_tile_part":0},"geometry":{"type":"LineString","coordinates":[[-83.7376248,37.6538915],[-83.7376996,37.6538343],[-83.7377744,37.6538101],[-83.7379007,37.6537806],[-83.7380665,37.6537597],[-83.7382223,37.6537275],[-83.7383621,37.6536655],[-83.7384531,37.6536195],[-83.7385186,37.6535869]]}},{"type":"Feature","properties":{"osm_id":1441993766,"highway":"track","name":null,"alt_name":null,"official_name":null,"surface":null,"tracktype":null,"service":null,"access":null,"motor_vehicle":null,"foot":null,"tiger_reviewed":null,"rrgh_part":0,"rrgh_tile_part":0},"geometry":{"type":"LineString","coordinates":[[-83.7370839,37.6597189],[-83.7369853,37.6597919],[-83.7369446,37.6598921],[-83.736984,37.6599945],[-83.737105,37.6600837],[-83.7372111,37.6602409],[-83.7373134,37.6603469],[-83.7373851,37.6605238],[-83.7375339,37.6607885],[-83.7376803,37.6610535]]}},{"type":"Feature","properties":{"osm_id":1442217469,"highway":"track","name":null,"alt_name":null,"official_name":null,"surface":null,"tracktype":null,"service":null,"access":null,"motor_vehicle":null,"foot":null,"tiger_reviewed":null,"rrgh_part":0,"rrgh_tile_part":0},"geometry":{"type":"LineString","coordinates":[[-83.7359922,37.6477488],[-83.7357927,37.647783],[-83.7355018,37.6477706],[-83.7352395,37.6477682],[-83.7349702,37.6477175],[-83.7346772,37.6477108]]}},{"type":"Feature","properties":{"osm_id":1265549805,"highway":"track","name":null,"alt_name":null,"official_name":null,"surface":null,"tracktype":null,"service":null,"access":null,"motor_vehicle":null,"foot":null,"tiger_reviewed":null,"rrgh_part":0,"rrgh_tile_part":0},"geometry":{"type":"LineString","coordinates":[[-83.7360722,37.6550219],[-83.7361704,37.6551488],[-83.7362411,37.6555153],[-83.7363098,37.6557073],[-83.7362613,37.6558385],[-83.7361016,37.6559254]]}},{"type":"Feature","properties":{"osm_id":1265555686,"highway":"track","name":null,"alt_name":null,"official_name":null,"surface":null,"tracktype":null,"service":null,"access":null,"motor_vehicle":null,"foot":null,"tiger_reviewed":null,"rrgh_part":0,"rrgh_tile_part":0},"geometry":{"type":"LineString","coordinates":[[-83.7386373,37.6545065],[-83.7387661,37.6547841],[-83.7392381,37.6550666],[-83.7396539,37.6553469],[-83.739957,37.655642],[-83.7400428,37.6561517],[-83.7401072,37.6563767],[-83.7401018,37.6567484]]}},{"type":"Feature","properties":{"osm_id":1265555687,"highway":"track","name":null,"alt_name":null,"official_name":null,"surface":null,"tracktype":null,"service":null,"access":null,"motor_vehicle":null,"foot":null,"tiger_reviewed":null,"rrgh_part":0,"rrgh_tile_part":0},"geometry":{"type":"LineString","coordinates":[[-83.7389038,37.6560256],[-83.7387825,37.6559184],[-83.7388108,37.6558128],[-83.7388917,37.6557568],[-83.7389584,37.6557696],[-83.7389685,37.6558208],[-83.7389038,37.6560256]]}},{"type":"Feature","properties":{"osm_id":1265560017,"highway":"track","name":null,"alt_name":null,"official_name":null,"surface":null,"tracktype":null,"service":null,"access":null,"motor_vehicle":null,"foot":null,"tiger_reviewed":null,"rrgh_part":0,"rrgh_tile_part":0},"geometry":{"type":"LineString","coordinates":[[-83.7365396,37.6601162],[-83.7364725,37.6597934],[-83.736671,37.659477],[-83.7371135,37.6592966],[-83.7375811,37.6592156],[-83.7377144,37.6591925],[-83.7378994,37.65908],[-83.7378377,37.6589483],[-83.7375588,37.6587954],[-83.7371833,37.6584897],[-83.7370009,37.6582773],[-83.7368051,37.6583304],[-83.7363464,37.6587976],[-83.7359548,37.6589165],[-83.7356276,37.6589143],[-83.7354318,37.6587678],[-83.7353567,37.6586171],[-83.7354372,37.6582922],[-83.7356169,37.6580013],[-83.73592,37.65767],[-83.7360782,37.6574534],[-83.7362065,37.6573175],[-83.7362767,37.6572432],[-83.7362767,37.6570351],[-83.7360514,37.6568759],[-83.7357832,37.6568079],[-83.7356625,37.6567463],[-83.7356249,37.6566104],[-83.7356621,37.656403]]}},{"type":"Feature","properties":{"osm_id":1265561132,"highway":"track","name":null,"alt_name":null,"official_name":null,"surface":null,"tracktype":null,"service":null,"access":null,"motor_vehicle":null,"foot":null,"tiger_reviewed":null,"rrgh_part":0,"rrgh_tile_part":0},"geometry":{"type":"LineString","coordinates":[[-83.7360929,37.6582406],[-83.7359756,37.6583126],[-83.7359453,37.6582566],[-83.7359716,37.6581558],[-83.7361495,37.6579157],[-83.7361374,37.6577365],[-83.7361697,37.6575797],[-83.7362065,37.6573175]]}},{"type":"Feature","properties":{"osm_id":1441993745,"highway":"track","name":null,"alt_name":null,"official_name":null,"surface":null,"tracktype":null,"service":null,"access":null,"motor_vehicle":null,"foot":null,"tiger_reviewed":null,"rrgh_part":0,"rrgh_tile_part":0},"geometry":{"type":"LineString","coordinates":[[-83.7386894,37.6595686],[-83.7384805,37.659483],[-83.7383082,37.6593927],[-83.7381377,37.6593053],[-83.7379811,37.659294],[-83.7375811,37.6592156]]}},{"type":"Feature","properties":{"osm_id":1265549803,"highway":"track","name":null,"alt_name":null,"official_name":null,"surface":null,"tracktype":null,"service":null,"access":null,"motor_vehicle":null,"foot":null,"tiger_reviewed":null,"rrgh_part":0,"rrgh_tile_part":0},"geometry":{"type":"LineString","coordinates":[[-83.7307183,37.6571679],[-83.7311078,37.6572415],[-83.7316172,37.6572511],[-83.7320134,37.6569886],[-83.7327674,37.6566669],[-83.7331171,37.6565997],[-83.7333678,37.6563725],[-83.7337135,37.6561852],[-83.733853,37.6560476],[-83.7338756,37.6560092]]}},{"type":"Feature","properties":{"osm_id":1265549803,"highway":"track","name":null,"alt_name":null,"official_name":null,"surface":null,"tracktype":null,"service":null,"access":null,"motor_vehicle":null,"foot":null,"tiger_reviewed":null,"rrgh_part":1,"rrgh_tile_part":0},"geometry":{"type":"LineString","coordinates":[[-83.7338756,37.6560092],[-83.733954,37.6558763],[-83.7339015,37.6557595],[-83.7338327,37.6558507],[-83.7338756,37.6560092]]}},{"type":"Feature","properties":{"osm_id":16270010,"highway":"residential","name":"Jennings Road","alt_name":null,"official_name":null,"surface":null,"tracktype":null,"service":null,"access":null,"motor_vehicle":null,"foot":null,"tiger_reviewed":"no","rrgh_part":0,"rrgh_tile_part":0},"geometry":{"type":"LineString","coordinates":[[-83.719474,37.609604],[-83.719333,37.609691],[-83.719376,37.609679],[-83.719485,37.60968],[-83.719537,37.609671],[-83.719564,37.609639],[-83.71956,37.609625],[-83.719525,37.609597],[-83.719474,37.609604]]}},{"type":"Feature","properties":{"osm_id":16270011,"highway":"residential","name":"Jennings Road","alt_name":null,"official_name":null,"surface":null,"tracktype":null,"service":null,"access":null,"motor_vehicle":null,"foot":null,"tiger_reviewed":"no","rrgh_part":0,"rrgh_tile_part":0},"geometry":{"type":"LineString","coordinates":[[-83.718101,37.610549],[-83.718378,37.610424],[-83.718522,37.610333],[-83.71865,37.610223],[-83.718874,37.609988],[-83.718943,37.609931],[-83.719099,37.609823],[-83.719333,37.609691]]}},{"type":"Feature","properties":{"osm_id":16269592,"highway":"residential","name":"Cr-1303","alt_name":null,"official_name":null,"surface":null,"tracktype":null,"service":null,"access":null,"motor_vehicle":null,"foot":null,"tiger_reviewed":"no","rrgh_part":0,"rrgh_tile_part":0},"geometry":{"type":"LineString","coordinates":[[-83.712088,37.613535],[-83.712168,37.613436],[-83.712377,37.613135],[-83.712544,37.612994],[-83.712675,37.612925],[-83.712899,37.612847],[-83.713275,37.612753],[-83.713668,37.61262],[-83.713901,37.612556],[-83.714115,37.61247],[-83.714186,37.612433],[-83.714325,37.61234],[-83.714483,37.612282],[-83.714829,37.61211],[-83.715015,37.612052],[-83.715206,37.612023],[-83.71558,37.611891],[-83.716228,37.611681],[-83.716343,37.611621],[-83.716448,37.611542],[-83.716549,37.611451],[-83.716727,37.611263],[-83.716895,37.611144],[-83.717105,37.611045],[-83.717488,37.61093],[-83.717638,37.610898],[-83.717772,37.61085],[-83.717832,37.610816],[-83.717884,37.610773],[-83.718101,37.610549]]}},{"type":"Feature","properties":{"osm_id":16269618,"highway":"residential","name":"Benny Road","alt_name":null,"official_name":null,"surface":null,"tracktype":null,"service":null,"access":null,"motor_vehicle":null,"foot":null,"tiger_reviewed":"no","rrgh_part":0,"rrgh_tile_part":0},"geometry":{"type":"LineString","coordinates":[[-83.721774,37.620591],[-83.721729,37.62069],[-83.721684,37.620848],[-83.721624,37.620977],[-83.721571,37.621055],[-83.721455,37.62118],[-83.721118,37.621447],[-83.720578,37.621786],[-83.720414,37.621915],[-83.720282,37.622049],[-83.720194,37.622186],[-83.720142,37.622328],[-83.720127,37.622399],[-83.720108,37.622672],[-83.720082,37.622723],[-83.720064,37.622735]]}},{"type":"Feature","properties":{"osm_id":16270275,"highway":"service","name":"Smith Road","alt_name":null,"official_name":null,"surface":null,"tracktype":null,"service":null,"access":null,"motor_vehicle":null,"foot":null,"tiger_reviewed":"no","rrgh_part":0,"rrgh_tile_part":0},"geometry":{"type":"LineString","coordinates":[[-83.727144,37.618795],[-83.727325,37.618925],[-83.727415,37.619038],[-83.727538,37.61943],[-83.727546,37.619554],[-83.72753,37.619645],[-83.727481,37.619785],[-83.727328,37.620121],[-83.727256,37.620509],[-83.727228,37.620605],[-83.727175,37.620729],[-83.727131,37.620798],[-83.727014,37.620942],[-83.726979,37.620967],[-83.726949,37.620971]]}},{"type":"Feature","properties":{"osm_id":969789311,"highway":"service","name":null,"alt_name":null,"official_name":null,"surface":null,"tracktype":null,"service":null,"access":null,"motor_vehicle":null,"foot":null,"tiger_reviewed":null,"rrgh_part":0,"rrgh_tile_part":0},"geometry":{"type":"LineString","coordinates":[[-83.721774,37.620591],[-83.722009,37.6203307],[-83.7221408,37.6202024],[-83.7222726,37.6201632],[-83.7224045,37.6201241],[-83.7227779,37.6201154],[-83.7230086,37.6200675],[-83.7231185,37.6200066],[-83.7233217,37.6198217],[-83.723665,37.6195346]]}},{"type":"Feature","properties":{"osm_id":16268504,"highway":"residential","name":"Miller Fork RP Road","alt_name":null,"official_name":null,"surface":"gravel","tracktype":null,"service":null,"access":null,"motor_vehicle":null,"foot":null,"tiger_reviewed":"no","rrgh_part":0,"rrgh_tile_part":0},"geometry":{"type":"LineString","coordinates":[[-83.67500000000001,37.63785063287715],[-83.6752536,37.6381305],[-83.675368,37.6382203],[-83.675608,37.6383527],[-83.6757025,37.6384701],[-83.675757,37.638672],[-83.6758796,37.6388505],[-83.6759657,37.6389063],[-83.6761716,37.6389554],[-83.6767342,37.6391047]]}},{"type":"Feature","properties":{"osm_id":16269066,"highway":"residential","name":"Charmane Oil Company Road","alt_name":null,"official_name":null,"surface":null,"tracktype":null,"service":null,"access":null,"motor_vehicle":null,"foot":null,"tiger_reviewed":"no","rrgh_part":0,"rrgh_tile_part":0},"geometry":{"type":"LineString","coordinates":[[-83.716349,37.657084],[-83.716007,37.657015],[-83.7158761,37.6570025],[-83.715735,37.656989],[-83.715176,37.657035],[-83.7148248,37.6570523],[-83.714729,37.657057],[-83.714392,37.657056],[-83.714245,37.657037],[-83.714119,37.656998],[-83.714007,37.656936],[-83.71396,37.656898],[-83.713881,37.656805],[-83.713764,37.65659],[-83.713629,37.656471],[-83.713506,37.656387],[-83.713287,37.656337],[-83.713126,37.656332],[-83.712954,37.656361],[-83.712462,37.656622],[-83.712273,37.656707],[-83.7116097,37.656958],[-83.711562,37.656976],[-83.7114351,37.6570391],[-83.711371,37.657071],[-83.711079,37.657248],[-83.710889,37.657327],[-83.7108222,37.6573405],[-83.71076,37.657353],[-83.710696,37.657355],[-83.710522,37.657317],[-83.71023,37.65719],[-83.709618,37.657017],[-83.709137,37.656852],[-83.708831,37.65679],[-83.708668,37.656787],[-83.708586,37.656796],[-83.708023,37.656936],[-83.707853,37.656959],[-83.707675,37.656956],[-83.707132,37.656908],[-83.7069907,37.6568772],[-83.706912,37.65686],[-83.706611,37.656734],[-83.706291,37.656544],[-83.705911,37.656233],[-83.705717,37.656032],[-83.705426,37.655702],[-83.705221,37.655506],[-83.705069,37.655407],[-83.704984,37.655375],[-83.704816,37.655334],[-83.704648,37.655324],[-83.704368,37.655344],[-83.703507,37.655496],[-83.703276,37.655529],[-83.703082,37.65558],[-83.702643,37.655651],[-83.702535,37.655652],[-83.702423,37.655641],[-83.702355,37.6556275],[-83.702121,37.655581]]}},{"type":"Feature","properties":{"osm_id":16269967,"highway":"residential","name":"Old State Hwy 11","alt_name":null,"official_name":null,"surface":null,"tracktype":null,"service":null,"access":null,"motor_vehicle":null,"foot":null,"tiger_reviewed":"no","rrgh_part":0,"rrgh_tile_part":0},"geometry":{"type":"LineString","coordinates":[[-83.698812,37.64315],[-83.698735,37.643119],[-83.698495,37.643037],[-83.69762,37.642671],[-83.697385,37.642539],[-83.697276,37.642466],[-83.696974,37.642237],[-83.69647,37.641721],[-83.696153,37.641373],[-83.695949,37.641097],[-83.695842,37.640887],[-83.6958,37.640775],[-83.69573,37.640554],[-83.695681,37.640327],[-83.695621,37.639779],[-83.695508,37.63807],[-83.695495,37.637955],[-83.695438,37.63774],[-83.695347,37.637547],[-83.695286,37.637457],[-83.695146,37.637293],[-83.695069,37.637221],[-83.694987,37.637156],[-83.694467,37.63682],[-83.694171,37.636647],[-83.693877,37.636503],[-83.693662,37.636371],[-83.691396,37.635071],[-83.689893,37.634226],[-83.689601,37.634009],[-83.689517,37.633926],[-83.68936,37.633752],[-83.689099,37.633396],[-83.689035,37.63323],[-83.688983,37.633043],[-83.688967,37.632941],[-83.688955,37.632614],[-83.688987,37.632027],[-83.689067,37.631136],[-83.689129,37.630304],[-83.689203,37.629501],[-83.689254,37.629026],[-83.689303,37.628349],[-83.689279,37.628156],[-83.689244,37.628065],[-83.689198,37.627986],[-83.689076,37.627834],[-83.688923,37.62771],[-83.688838,37.627659],[-83.688654,37.627572],[-83.6886102,37.6275558],[-83.687933,37.627305],[-83.687517,37.627129],[-83.687423,37.627081],[-83.687257,37.626966],[-83.687122,37.626826],[-83.687,37.626488],[-83.687013,37.62631],[-83.687046,37.626174],[-83.687118,37.62588],[-83.687126,37.625791],[-83.687124,37.625702],[-83.687104,37.625612],[-83.687034,37.625445],[-83.686918,37.625301],[-83.686776,37.625175],[-83.68654,37.625012],[-83.686204,37.624815],[-83.685882,37.624604],[-83.685719,37.624474],[-83.685563,37.624299],[-83.68549,37.624192],[-83.68541,37.624044],[-83.685358,37.623892],[-83.685335,37.623806],[-83.685283,37.623272],[-83.685256,37.622913],[-83.68523,37.622726],[-83.685176,37.622528],[-83.6851446,37.622435],[-83.6850972,37.6223476],[-83.6849813,37.6222235],[-83.684838,37.6221215],[-83.684638,37.622025],[-83.684207,37.62184],[-83.684111,37.621782],[-83.683941,37.621651],[-83.683831,37.62148],[-83.683791,37.62139],[-83.683767,37.621299],[-83.683763,37.62112],[-83.683787,37.620938],[-83.684101,37.619692],[-83.684197,37.619415],[-83.684275,37.619233],[-83.684418,37.618971],[-83.684581,37.618722]]}},{"type":"Feature","properties":{"osm_id":16269628,"highway":"residential","name":"Benny Road","alt_name":null,"official_name":null,"surface":null,"tracktype":null,"service":null,"access":null,"motor_vehicle":null,"foot":null,"tiger_reviewed":"no","rrgh_part":0,"rrgh_tile_part":0},"geometry":{"type":"LineString","coordinates":[[-83.717852,37.619207],[-83.717909,37.619205],[-83.717961,37.619193],[-83.718085,37.61915],[-83.718301,37.619036],[-83.718384,37.618979],[-83.718503,37.618875],[-83.718736,37.618639],[-83.719192,37.618325],[-83.719361,37.618197],[-83.719567,37.618021],[-83.719699,37.617883],[-83.719801,37.617706],[-83.7198593,37.6175642],[-83.720025,37.617161],[-83.72024,37.616775],[-83.720398,37.61653],[-83.720448,37.616427],[-83.720482,37.616258],[-83.720483,37.615994],[-83.720523,37.615663],[-83.720693,37.615022],[-83.720731,37.614893],[-83.720777,37.614784],[-83.720843,37.614689],[-83.720886,37.614663],[-83.720932,37.614652],[-83.721017,37.614674],[-83.721296,37.614806]]}},{"type":"Feature","properties":{"osm_id":16270117,"highway":"residential","name":"Lee County Adjustment Center","alt_name":null,"official_name":null,"surface":null,"tracktype":null,"service":null,"access":null,"motor_vehicle":null,"foot":null,"tiger_reviewed":"no","rrgh_part":0,"rrgh_tile_part":0},"geometry":{"type":"LineString","coordinates":[[-83.709705,37.608875],[-83.709642,37.608898],[-83.709537,37.608919],[-83.709331,37.608947],[-83.709178,37.608953],[-83.708411,37.608878],[-83.708103,37.60883],[-83.707956,37.608783],[-83.707825,37.608724],[-83.707398,37.608401],[-83.707205,37.608283],[-83.706858,37.6080931]]}},{"type":"Feature","properties":{"osm_id":968812082,"highway":"service","name":null,"alt_name":null,"official_name":null,"surface":null,"tracktype":null,"service":null,"access":null,"motor_vehicle":null,"foot":null,"tiger_reviewed":null,"rrgh_part":0,"rrgh_tile_part":0},"geometry":{"type":"LineString","coordinates":[[-83.7269661,37.6217187],[-83.7271091,37.6216697],[-83.7272866,37.621689],[-83.7275152,37.6217834],[-83.7277243,37.621845],[-83.7278775,37.6219297],[-83.7279358,37.6221108],[-83.728038,37.6224613],[-83.7280477,37.6226385],[-83.728162,37.6230198],[-83.7282544,37.6234763]]}},{"type":"Feature","properties":{"osm_id":16270207,"highway":"residential","name":"High Point Road","alt_name":null,"official_name":null,"surface":null,"tracktype":null,"service":null,"access":null,"motor_vehicle":null,"foot":null,"tiger_reviewed":"no","rrgh_part":0,"rrgh_tile_part":0},"geometry":{"type":"LineString","coordinates":[[-83.721634,37.633702],[-83.7213097,37.6335689],[-83.7209707,37.6334356],[-83.7205987,37.6332364],[-83.7204381,37.6331824],[-83.7200476,37.6330977],[-83.7199131,37.6330813],[-83.7198061,37.6330601],[-83.7192039,37.6330138],[-83.7190525,37.6330095],[-83.7189382,37.6330183],[-83.7187189,37.6330248],[-83.7186273,37.6330128],[-83.7185644,37.6330046],[-83.7182313,37.6329315],[-83.7179966,37.6328752],[-83.7178316,37.6328147],[-83.7176979,37.6327043],[-83.7176728,37.6326073],[-83.7177344,37.6323876],[-83.717895,37.6314939]]}},{"type":"Feature","properties":{"osm_id":969789315,"highway":"service","name":null,"alt_name":null,"official_name":null,"surface":null,"tracktype":null,"service":null,"access":null,"motor_vehicle":null,"foot":null,"tiger_reviewed":null,"rrgh_part":0,"rrgh_tile_part":0},"geometry":{"type":"LineString","coordinates":[[-83.721942,37.631287],[-83.7218319,37.6312384],[-83.7217988,37.6310517],[-83.7216733,37.6307133],[-83.721453,37.6305196],[-83.721182,37.6302911],[-83.7209044,37.6298218],[-83.7206643,37.6295199],[-83.7204506,37.6293088],[-83.7201136,37.6291937],[-83.7197105,37.6291658]]}},{"type":"Feature","properties":{"osm_id":1414276599,"highway":"track","name":null,"alt_name":null,"official_name":null,"surface":null,"tracktype":null,"service":null,"access":null,"motor_vehicle":null,"foot":null,"tiger_reviewed":null,"rrgh_part":0,"rrgh_tile_part":0},"geometry":{"type":"LineString","coordinates":[[-83.717895,37.6314939],[-83.7178946,37.6314075],[-83.717863,37.6313575],[-83.7178155,37.6313197],[-83.7177614,37.6312814],[-83.7176526,37.6312539],[-83.7175021,37.6312049],[-83.7174079,37.6311532],[-83.7172779,37.6310227],[-83.7172119,37.6309096],[-83.7171759,37.6307629],[-83.7171918,37.6306825],[-83.717204,37.6306362]]}},{"type":"Feature","properties":{"osm_id":16269644,"highway":"residential","name":"High Point Road","alt_name":null,"official_name":null,"surface":null,"tracktype":null,"service":null,"access":null,"motor_vehicle":null,"foot":null,"tiger_reviewed":"no","rrgh_part":0,"rrgh_tile_part":0},"geometry":{"type":"LineString","coordinates":[[-83.712653,37.634924],[-83.712641,37.634862],[-83.71239,37.634402],[-83.7123,37.6342],[-83.712202,37.634017],[-83.712129,37.63391],[-83.711998,37.633802],[-83.711884,37.633743],[-83.711772,37.633695],[-83.711541,37.633617],[-83.711405,37.633603],[-83.71122,37.633626],[-83.71093,37.633708],[-83.710861,37.633721],[-83.710703,37.633729],[-83.710076,37.633751],[-83.709999,37.633745],[-83.709912,37.633727],[-83.709769,37.633634],[-83.709612,37.633519]]}},{"type":"Feature","properties":{"osm_id":16269764,"highway":"residential","name":"Bobby York Road","alt_name":null,"official_name":null,"surface":null,"tracktype":null,"service":null,"access":null,"motor_vehicle":null,"foot":null,"tiger_reviewed":"no","rrgh_part":0,"rrgh_tile_part":0},"geometry":{"type":"LineString","coordinates":[[-83.712135,37.634935],[-83.711995,37.63476],[-83.711873,37.63456],[-83.7115786,37.6340628],[-83.7115155,37.6340147],[-83.711447,37.6339974],[-83.711368,37.633999],[-83.711257,37.634046],[-83.711155,37.634102],[-83.711007,37.634157],[-83.710903,37.634174],[-83.7106531,37.6341965],[-83.7104706,37.6342295],[-83.7103508,37.6342776],[-83.7101921,37.634339],[-83.710049,37.634378],[-83.709914,37.634411],[-83.70968,37.634432],[-83.709495,37.634429],[-83.709309,37.634405],[-83.70906,37.634357]]}},{"type":"Feature","properties":{"osm_id":969789321,"highway":"service","name":null,"alt_name":null,"official_name":null,"surface":null,"tracktype":null,"service":null,"access":null,"motor_vehicle":null,"foot":null,"tiger_reviewed":null,"rrgh_part":0,"rrgh_tile_part":0},"geometry":{"type":"LineString","coordinates":[[-83.707941,37.635059],[-83.7080673,37.6349055],[-83.7081665,37.6347594],[-83.7081554,37.634646],[-83.7079957,37.6345435],[-83.7078388,37.6343538],[-83.7076542,37.6338151],[-83.7076598,37.6336538],[-83.7075964,37.633536],[-83.7074092,37.6333266],[-83.707087,37.6330039]]}},{"type":"Feature","properties":{"osm_id":969789346,"highway":"service","name":null,"alt_name":null,"official_name":null,"surface":null,"tracktype":null,"service":null,"access":null,"motor_vehicle":null,"foot":null,"tiger_reviewed":null,"rrgh_part":0,"rrgh_tile_part":0},"geometry":{"type":"LineString","coordinates":[[-83.7016276,37.6344382],[-83.7018054,37.6343501],[-83.7021412,37.6340999],[-83.7023268,37.6339757],[-83.7028702,37.6335594],[-83.7029784,37.6334929],[-83.7031198,37.6334876]]}},{"type":"Feature","properties":{"osm_id":969789346,"highway":"service","name":null,"alt_name":null,"official_name":null,"surface":null,"tracktype":null,"service":null,"access":null,"motor_vehicle":null,"foot":null,"tiger_reviewed":null,"rrgh_part":1,"rrgh_tile_part":0},"geometry":{"type":"LineString","coordinates":[[-83.7031198,37.6334876],[-83.7032281,37.6336433],[-83.7035926,37.6339022],[-83.7037273,37.6339127],[-83.7040984,37.6337028],[-83.7041669,37.6335716],[-83.7041934,37.6334229],[-83.7041492,37.6333459],[-83.7040564,37.6333424],[-83.703904,37.6334037],[-83.7037604,37.6334719],[-83.7035881,37.6334666],[-83.7034247,37.6334474],[-83.7031198,37.6334876]]}},{"type":"Feature","properties":{"osm_id":16269132,"highway":"residential","name":"Three Mile Branch Road","alt_name":null,"official_name":null,"surface":null,"tracktype":null,"service":null,"access":null,"motor_vehicle":null,"foot":null,"tiger_reviewed":"no","rrgh_part":0,"rrgh_tile_part":0},"geometry":{"type":"LineString","coordinates":[[-83.69135,37.61355],[-83.691192,37.613579],[-83.691026,37.613627],[-83.690908,37.613685],[-83.690792,37.613763],[-83.690675,37.613863],[-83.690337,37.614189],[-83.690242,37.614304],[-83.690117,37.614488],[-83.689911,37.614714],[-83.689691,37.614925],[-83.689484,37.6151895],[-83.689451,37.615211],[-83.689337,37.615234],[-83.689095,37.61526],[-83.688624,37.61533],[-83.688395,37.615395],[-83.687953,37.61559],[-83.687883,37.615632],[-83.687823,37.615686],[-83.687767,37.61577],[-83.687751,37.61583],[-83.6877759,37.6162107],[-83.687817,37.616841],[-83.687817,37.617004],[-83.687797,37.617105],[-83.68772,37.617231],[-83.687617,37.617334],[-83.687468,37.617457],[-83.687384,37.617507],[-83.687296,37.617543],[-83.686966,37.617633]]}},{"type":"Feature","properties":{"osm_id":969789356,"highway":"service","name":null,"alt_name":null,"official_name":null,"surface":null,"tracktype":null,"service":null,"access":null,"motor_vehicle":null,"foot":null,"tiger_reviewed":null,"rrgh_part":0,"rrgh_tile_part":0},"geometry":{"type":"LineString","coordinates":[[-83.689484,37.6151895],[-83.6895332,37.6152119],[-83.68988,37.6151196],[-83.6903453,37.6148848],[-83.6909766,37.6145491],[-83.6911159,37.61442],[-83.6912967,37.6141946],[-83.6914716,37.6140021],[-83.6917442,37.6138331],[-83.6920465,37.6137274],[-83.6924615,37.613699],[-83.6928691,37.613867]]}},{"type":"Feature","properties":{"osm_id":969789360,"highway":"service","name":null,"alt_name":null,"official_name":null,"surface":"fine_gravel","tracktype":null,"service":null,"access":null,"motor_vehicle":null,"foot":null,"tiger_reviewed":null,"rrgh_part":0,"rrgh_tile_part":0},"geometry":{"type":"LineString","coordinates":[[-83.6871205,37.6122949],[-83.6872399,37.6122035],[-83.6875828,37.6117596],[-83.6876467,37.6116724],[-83.6877951,37.6113157],[-83.6880229,37.6109731],[-83.6881431,37.6106671],[-83.6882225,37.6102799],[-83.6883606,37.6100529],[-83.6888033,37.6097813],[-83.6892255,37.6096556],[-83.689773,37.6096211]]}},{"type":"Feature","properties":{"osm_id":969789360,"highway":"service","name":null,"alt_name":null,"official_name":null,"surface":"fine_gravel","tracktype":null,"service":null,"access":null,"motor_vehicle":null,"foot":null,"tiger_reviewed":null,"rrgh_part":1,"rrgh_tile_part":0},"geometry":{"type":"LineString","coordinates":[[-83.689773,37.6096211],[-83.6901108,37.6096799],[-83.6903283,37.6096556],[-83.6904485,37.6095401],[-83.6904844,37.6094387],[-83.6904127,37.6093738],[-83.6902183,37.6093718],[-83.6899342,37.6094529],[-83.689837,37.6095624],[-83.689773,37.6096211]]}},{"type":"Feature","properties":{"osm_id":16269101,"highway":"residential","name":"Cr-1076","alt_name":null,"official_name":null,"surface":null,"tracktype":null,"service":null,"access":null,"motor_vehicle":null,"foot":null,"tiger_reviewed":"no","rrgh_part":0,"rrgh_tile_part":0},"geometry":{"type":"LineString","coordinates":[[-83.685936,37.61331],[-83.68586,37.61331],[-83.685766,37.613324],[-83.685679,37.613363],[-83.685619,37.613428],[-83.685574,37.613559]]}},{"type":"Feature","properties":{"osm_id":16269437,"highway":"residential","name":"Cr-1007","alt_name":null,"official_name":null,"surface":null,"tracktype":null,"service":null,"access":null,"motor_vehicle":null,"foot":null,"tiger_reviewed":"no","rrgh_part":0,"rrgh_tile_part":0},"geometry":{"type":"LineString","coordinates":[[-83.684938,37.609861],[-83.685029,37.610001],[-83.685191,37.610193],[-83.6855,37.610519],[-83.685604,37.610601],[-83.685664,37.610631],[-83.685787,37.610661],[-83.68612,37.610679]]}},{"type":"Feature","properties":{"osm_id":16269703,"highway":"residential","name":"Pleasant Flat School Road","alt_name":null,"official_name":null,"surface":null,"tracktype":null,"service":null,"access":null,"motor_vehicle":null,"foot":null,"tiger_reviewed":"no","rrgh_part":0,"rrgh_tile_part":0},"geometry":{"type":"LineString","coordinates":[[-83.6860871,37.6111215],[-83.6861144,37.6111302],[-83.686211,37.611155],[-83.686266,37.611184]]}},{"type":"Feature","properties":{"osm_id":16270145,"highway":"residential","name":"Cr-1006C","alt_name":null,"official_name":null,"surface":null,"tracktype":null,"service":null,"access":null,"motor_vehicle":null,"foot":null,"tiger_reviewed":"no","rrgh_part":0,"rrgh_tile_part":0},"geometry":{"type":"LineString","coordinates":[[-83.686266,37.611184],[-83.686285,37.611194],[-83.686326,37.611228],[-83.6864,37.611468],[-83.686432,37.611511],[-83.68649,37.61156],[-83.686757,37.61181],[-83.687052,37.612161],[-83.687114,37.612268],[-83.6871205,37.6122949],[-83.687147,37.612404],[-83.687154,37.612717],[-83.687138,37.612815],[-83.68704,37.61297],[-83.686916,37.613112],[-83.686775,37.613218],[-83.68666,37.613275],[-83.68653,37.613323],[-83.686394,37.613353],[-83.686164,37.613371],[-83.685932,37.613366]]}},{"type":"Feature","properties":{"osm_id":16270168,"highway":"residential","name":"Little Maloney Road","alt_name":null,"official_name":null,"surface":null,"tracktype":null,"service":null,"access":null,"motor_vehicle":null,"foot":null,"tiger_reviewed":"no","rrgh_part":0,"rrgh_tile_part":0},"geometry":{"type":"LineString","coordinates":[[-83.683909,37.608058],[-83.684242,37.608667]]}},{"type":"Feature","properties":{"osm_id":16270014,"highway":"residential","name":"Tip Top Road","alt_name":null,"official_name":null,"surface":null,"tracktype":null,"service":null,"access":null,"motor_vehicle":null,"foot":null,"tiger_reviewed":"no","rrgh_part":0,"rrgh_tile_part":0},"geometry":{"type":"LineString","coordinates":[[-83.67500000000001,37.61299835999999],[-83.675207,37.612899],[-83.67535,37.612858],[-83.675517,37.612829],[-83.675707,37.612776],[-83.676107,37.612634],[-83.676412,37.61251],[-83.676611,37.612451],[-83.676916,37.612459],[-83.677013,37.61248],[-83.677197,37.612547],[-83.677277,37.612592],[-83.67743,37.612701],[-83.677885,37.613081],[-83.678344,37.613345],[-83.678554,37.613474],[-83.678753,37.613611],[-83.679146,37.613915],[-83.679355,37.614104],[-83.679469,37.614231],[-83.679553,37.61436],[-83.67961,37.614513],[-83.679651,37.614749],[-83.679695,37.614902],[-83.679797,37.615013],[-83.679916,37.615116],[-83.680093,37.615231],[-83.6807396,37.6155536],[-83.681923,37.616144],[-83.6820237,37.6162126],[-83.682058,37.616236],[-83.682105,37.616289],[-83.682162,37.616411],[-83.682288,37.616937],[-83.682335,37.617049],[-83.68237,37.617099],[-83.682454,37.617186],[-83.682552,37.61726],[-83.683037,37.617577]]}},{"type":"Feature","properties":{"osm_id":894626873,"highway":"residential","name":"Moores Branch Road","alt_name":"Moores Branch Road","official_name":null,"surface":"asphalt","tracktype":null,"service":null,"access":null,"motor_vehicle":null,"foot":null,"tiger_reviewed":null,"rrgh_part":0,"rrgh_tile_part":0},"geometry":{"type":"LineString","coordinates":[[-83.6754759,37.6201672],[-83.6755899,37.6202911],[-83.6757733,37.6204521],[-83.6759955,37.6205367],[-83.6761699,37.6205779],[-83.6764935,37.6206638],[-83.6766233,37.6207048],[-83.6768008,37.620754],[-83.6769322,37.6207682],[-83.6771838,37.6207458],[-83.6773543,37.6207273],[-83.6774965,37.620743],[-83.6776069,37.620829],[-83.6777001,37.6209102],[-83.6779103,37.6211714],[-83.6780212,37.6214142],[-83.6781558,37.6216476],[-83.6782841,37.621778],[-83.6786259,37.6219693],[-83.6789605,37.6221931],[-83.6791977,37.6223701],[-83.6795284,37.6225967],[-83.6798997,37.6229957],[-83.6799495,37.6230447],[-83.6799739,37.6231016],[-83.6799665,37.6233081],[-83.679953,37.6233848],[-83.6798893,37.623458],[-83.6797584,37.6234779]]}},{"type":"Feature","properties":{"osm_id":894791976,"highway":"residential","name":"Old State Hwy 11","alt_name":null,"official_name":null,"surface":null,"tracktype":null,"service":null,"access":null,"motor_vehicle":null,"foot":null,"tiger_reviewed":"no","rrgh_part":0,"rrgh_tile_part":0},"geometry":{"type":"LineString","coordinates":[[-83.685137,37.617798],[-83.685186,37.617635],[-83.6851937,37.617562],[-83.685284,37.616707],[-83.6852972,37.6165397],[-83.685421,37.614967],[-83.685574,37.613559],[-83.684938,37.609861],[-83.684869,37.609712],[-83.684822,37.60956],[-83.684801,37.609411],[-83.684801,37.609263],[-83.684817,37.609118],[-83.684857,37.608976],[-83.684991,37.608704],[-83.684993,37.608638],[-83.684976,37.608611],[-83.684916,37.60857]]}},{"type":"Feature","properties":{"osm_id":894791978,"highway":"residential","name":"Holly Road","alt_name":null,"official_name":null,"surface":"asphalt","tracktype":null,"service":null,"access":null,"motor_vehicle":null,"foot":null,"tiger_reviewed":"no","rrgh_part":0,"rrgh_tile_part":0},"geometry":{"type":"LineString","coordinates":[[-83.683037,37.617577],[-83.682847,37.61762],[-83.682778,37.617644],[-83.682704,37.617677],[-83.682551,37.617769],[-83.682468,37.617834],[-83.682321,37.617965],[-83.682255,37.618042],[-83.682138,37.618201],[-83.682044,37.618362],[-83.681928,37.618507],[-83.681773,37.618624],[-83.681581,37.618719],[-83.681257,37.618818],[-83.680914,37.618897],[-83.680432,37.618967],[-83.680181,37.618968],[-83.67994,37.618952],[-83.679711,37.618914],[-83.679393,37.618837],[-83.679185,37.618798],[-83.678964,37.618785],[-83.678734,37.618799],[-83.678506,37.618855],[-83.678308,37.618954],[-83.678008,37.619146],[-83.677762,37.619361],[-83.677566,37.619577],[-83.677503,37.619674],[-83.677357,37.619824],[-83.677097,37.620001],[-83.676826,37.620147],[-83.676557,37.620237],[-83.676383,37.62028],[-83.676299,37.620289],[-83.676061,37.62026],[-83.675985,37.620243],[-83.675781,37.620186],[-83.6756398,37.6201532]]}},{"type":"Feature","properties":{"osm_id":894637141,"highway":"residential","name":"Holly Road","alt_name":"Tip Top Road","official_name":null,"surface":"asphalt","tracktype":null,"service":null,"access":null,"motor_vehicle":null,"foot":null,"tiger_reviewed":"no","rrgh_part":0,"rrgh_tile_part":0},"geometry":{"type":"LineString","coordinates":[[-83.684581,37.618722],[-83.684317,37.618606],[-83.684182,37.618523],[-83.684118,37.618464],[-83.684064,37.618395],[-83.683909,37.618165],[-83.683762,37.61803],[-83.683418,37.617807],[-83.683037,37.617577]]}},{"type":"Feature","properties":{"osm_id":894791975,"highway":"residential","name":"Three Mile Branch Road","alt_name":null,"official_name":null,"surface":null,"tracktype":null,"service":null,"access":null,"motor_vehicle":null,"foot":null,"tiger_reviewed":"no","rrgh_part":0,"rrgh_tile_part":0},"geometry":{"type":"LineString","coordinates":[[-83.686966,37.617633],[-83.686142,37.617852],[-83.685969,37.617892],[-83.68588,37.617904],[-83.685706,37.617907],[-83.685547,37.61789],[-83.685313,37.617848],[-83.685137,37.617798]]}},{"type":"Feature","properties":{"osm_id":894791977,"highway":"residential","name":"Old State Hwy 11","alt_name":null,"official_name":null,"surface":null,"tracktype":null,"service":null,"access":null,"motor_vehicle":null,"foot":null,"tiger_reviewed":"no","rrgh_part":0,"rrgh_tile_part":0},"geometry":{"type":"LineString","coordinates":[[-83.685137,37.617798],[-83.684973,37.618145],[-83.684814,37.61839],[-83.684581,37.618722]]}},{"type":"Feature","properties":{"osm_id":969789355,"highway":"service","name":null,"alt_name":null,"official_name":null,"surface":null,"tracktype":null,"service":null,"access":null,"motor_vehicle":null,"foot":null,"tiger_reviewed":null,"rrgh_part":0,"rrgh_tile_part":0},"geometry":{"type":"LineString","coordinates":[[-83.6851937,37.617562],[-83.6853279,37.6175274],[-83.6854516,37.6174114],[-83.6854885,37.6172234],[-83.6855212,37.6168586],[-83.68549,37.6167043],[-83.6854089,37.6165973],[-83.6852972,37.6165397]]}},{"type":"Feature","properties":{"osm_id":1348303376,"highway":"service","name":null,"alt_name":null,"official_name":null,"surface":null,"tracktype":null,"service":null,"access":null,"motor_vehicle":null,"foot":null,"tiger_reviewed":null,"rrgh_part":0,"rrgh_tile_part":0},"geometry":{"type":"LineString","coordinates":[[-83.6867594,37.6171452],[-83.6869835,37.6170433],[-83.6870853,37.6169201],[-83.6871228,37.6168352],[-83.6872033,37.6165295],[-83.6873534,37.6163129],[-83.6875731,37.6162322],[-83.6877759,37.6162107]]}},{"type":"Feature","properties":{"osm_id":1348303377,"highway":"service","name":null,"alt_name":null,"official_name":null,"surface":null,"tracktype":null,"service":null,"access":null,"motor_vehicle":null,"foot":null,"tiger_reviewed":null,"rrgh_part":0,"rrgh_tile_part":0},"geometry":{"type":"LineString","coordinates":[[-83.6873534,37.6163129],[-83.6872534,37.6160099],[-83.6872749,37.615823],[-83.6875108,37.6157806],[-83.6876394,37.6157126],[-83.687823,37.615686]]}},{"type":"Feature","properties":{"osm_id":1348303379,"highway":"service","name":null,"alt_name":null,"official_name":null,"surface":null,"tracktype":null,"service":null,"access":null,"motor_vehicle":null,"foot":null,"tiger_reviewed":null,"rrgh_part":0,"rrgh_tile_part":0},"geometry":{"type":"LineString","coordinates":[[-83.6807396,37.6155536],[-83.6805931,37.61578],[-83.6805287,37.6159881],[-83.6805073,37.6161155]]}},{"type":"Feature","properties":{"osm_id":16270432,"highway":"residential","name":"Darling Drive","alt_name":null,"official_name":null,"surface":null,"tracktype":null,"service":null,"access":null,"motor_vehicle":null,"foot":null,"tiger_reviewed":"no","rrgh_part":0,"rrgh_tile_part":0},"geometry":{"type":"LineString","coordinates":[[-83.693843,37.627328],[-83.693995,37.627342],[-83.694249,37.627389],[-83.69432,37.627368],[-83.694702,37.627073],[-83.695193,37.626745],[-83.695292,37.62669],[-83.695566,37.626566],[-83.695651,37.626515],[-83.695812,37.626382],[-83.695841,37.626343]]}},{"type":"Feature","properties":{"osm_id":969789348,"highway":"service","name":null,"alt_name":null,"official_name":null,"surface":null,"tracktype":null,"service":null,"access":null,"motor_vehicle":null,"foot":null,"tiger_reviewed":null,"rrgh_part":0,"rrgh_tile_part":0},"geometry":{"type":"LineString","coordinates":[[-83.6923173,37.626143],[-83.69234,37.6260142],[-83.6922866,37.6258256],[-83.6922025,37.6255297],[-83.6922127,37.6253119],[-83.6925706,37.624766]]}},{"type":"Feature","properties":{"osm_id":969789349,"highway":"service","name":null,"alt_name":null,"official_name":null,"surface":null,"tracktype":null,"service":null,"access":null,"motor_vehicle":null,"foot":null,"tiger_reviewed":null,"rrgh_part":0,"rrgh_tile_part":0},"geometry":{"type":"LineString","coordinates":[[-83.6922025,37.6255297],[-83.6923249,37.6253942],[-83.6925348,37.6251545],[-83.6927866,37.6249463],[-83.6931091,37.6246576],[-83.6935134,37.6244074],[-83.6937056,37.6242377],[-83.6939221,37.6239893],[-83.694112,37.6236498],[-83.6942468,37.6232597]]}},{"type":"Feature","properties":{"osm_id":969789350,"highway":"service","name":null,"alt_name":null,"official_name":null,"surface":null,"tracktype":null,"service":null,"access":null,"motor_vehicle":null,"foot":null,"tiger_reviewed":null,"rrgh_part":0,"rrgh_tile_part":0},"geometry":{"type":"LineString","coordinates":[[-83.6925706,37.624766],[-83.6925174,37.6245553],[-83.6924735,37.6241263],[-83.6924602,37.6236807],[-83.692485,37.6234858],[-83.6924411,37.6232592],[-83.6924468,37.6230206],[-83.6926165,37.6224254]]}},{"type":"Feature","properties":{"osm_id":16269663,"highway":"residential","name":"Spencer Trail Road","alt_name":null,"official_name":null,"surface":null,"tracktype":null,"service":null,"access":null,"motor_vehicle":null,"foot":null,"tiger_reviewed":"no","rrgh_part":0,"rrgh_tile_part":0},"geometry":{"type":"LineString","coordinates":[[-83.698997,37.6304],[-83.699099,37.630297],[-83.699182,37.630153],[-83.699345,37.629689],[-83.699386,37.629531],[-83.699391,37.629435],[-83.699366,37.629342],[-83.699231,37.629145],[-83.699201,37.629066],[-83.699206,37.628971],[-83.699266,37.628772],[-83.699345,37.628623],[-83.699439,37.628372],[-83.699576,37.627883],[-83.699822,37.627394],[-83.699994,37.627116],[-83.700017,37.627047],[-83.700012,37.627014],[-83.699976,37.626956],[-83.699874,37.626883],[-83.699653,37.626821],[-83.699467,37.626757],[-83.699195,37.626643],[-83.699121,37.626594],[-83.699004,37.626464],[-83.698984,37.626392],[-83.698985,37.626286],[-83.699011,37.626223],[-83.699061,37.626149],[-83.699112,37.626091],[-83.699209,37.626027],[-83.699371,37.626005],[-83.699507,37.626013],[-83.699644,37.626042],[-83.699779,37.626087]]}},{"type":"Feature","properties":{"osm_id":16270148,"highway":"residential","name":"Cr-1076-71","alt_name":null,"official_name":null,"surface":null,"tracktype":null,"service":null,"access":null,"motor_vehicle":null,"foot":null,"tiger_reviewed":"no","rrgh_part":0,"rrgh_tile_part":0},"geometry":{"type":"LineString","coordinates":[[-83.689203,37.629501],[-83.689501,37.629467],[-83.690559,37.629283]]}},{"type":"Feature","properties":{"osm_id":16270191,"highway":"residential","name":"Old Hopewell Road South","alt_name":null,"official_name":null,"surface":null,"tracktype":null,"service":null,"access":null,"motor_vehicle":null,"foot":null,"tiger_reviewed":"no","rrgh_part":0,"rrgh_tile_part":0},"geometry":{"type":"LineString","coordinates":[[-83.690559,37.629283],[-83.690936,37.629193],[-83.690994,37.629151],[-83.69104,37.6291],[-83.691068,37.62904],[-83.691078,37.628974],[-83.691072,37.628905],[-83.690931,37.628306],[-83.690909,37.628149],[-83.690905,37.627822],[-83.690926,37.627577],[-83.690952,37.627421],[-83.691028,37.627186],[-83.691173,37.626898],[-83.691353,37.626588],[-83.691439,37.626468],[-83.691544,37.626345],[-83.69167,37.626234],[-83.691741,37.626189],[-83.691902,37.626125],[-83.692075,37.626103],[-83.692156,37.626112],[-83.6923173,37.626143],[-83.692453,37.626169],[-83.692759,37.626244],[-83.693017,37.626323],[-83.693184,37.6264],[-83.69335,37.626525],[-83.693425,37.626604],[-83.693518,37.626725],[-83.693792,37.62721],[-83.693843,37.627328],[-83.69386,37.627464],[-83.693847,37.627579],[-83.693701,37.628033],[-83.693663,37.628121],[-83.693561,37.62849],[-83.69342,37.628881],[-83.693378,37.629092],[-83.693417,37.629202],[-83.693708,37.62947],[-83.693962,37.629602],[-83.694801,37.629993],[-83.694893,37.630024],[-83.695233,37.630034],[-83.695458,37.630015],[-83.696169,37.629937],[-83.696586,37.629839],[-83.69678,37.629807],[-83.697089,37.629795],[-83.697298,37.629824],[-83.6973948,37.629848],[-83.697508,37.629876],[-83.698181,37.630006],[-83.698294,37.630037],[-83.698507,37.630117],[-83.698686,37.630203],[-83.698997,37.6304],[-83.699191,37.630564],[-83.699622,37.630969],[-83.699731,37.631088],[-83.699773,37.631155],[-83.699834,37.631295],[-83.699961,37.631759],[-83.700031,37.631917],[-83.700116,37.632061],[-83.700409,37.63239],[-83.700606,37.632639],[-83.700666,37.632699],[-83.70071,37.632763],[-83.700781,37.632826],[-83.700886,37.632961],[-83.70109,37.633389],[-83.7012672,37.6336909],[-83.7013517,37.6338349],[-83.701609,37.634356],[-83.7016276,37.6344382],[-83.701633,37.634462],[-83.701626,37.634517],[-83.701471,37.634887],[-83.701417,37.63511],[-83.701368,37.635854],[-83.701337,37.636044],[-83.701362,37.636124],[-83.701422,37.636163]]}},{"type":"Feature","properties":{"osm_id":969789352,"highway":"service","name":null,"alt_name":null,"official_name":null,"surface":null,"tracktype":null,"service":null,"access":null,"motor_vehicle":null,"foot":null,"tiger_reviewed":null,"rrgh_part":0,"rrgh_tile_part":0},"geometry":{"type":"LineString","coordinates":[[-83.6851445,37.6264827],[-83.6850365,37.6263299],[-83.6849106,37.62616],[-83.6847689,37.6260941],[-83.6845226,37.6260843],[-83.6844554,37.626071],[-83.6842816,37.6260365],[-83.6840725,37.6259243],[-83.6840016,37.6258106],[-83.6839236,37.6256408],[-83.6839325,37.6254078]]}},{"type":"Feature","properties":{"osm_id":16269699,"highway":"residential","name":"Liesegang Road","alt_name":null,"official_name":null,"surface":null,"tracktype":null,"service":null,"access":null,"motor_vehicle":null,"foot":null,"tiger_reviewed":"no","rrgh_part":0,"rrgh_tile_part":0},"geometry":{"type":"LineString","coordinates":[[-83.68028,37.626679],[-83.6803996,37.6265786],[-83.6804104,37.6265598],[-83.6803837,37.6265576],[-83.680038,37.626663],[-83.68,37.626703],[-83.680009,37.626752],[-83.680057,37.626782],[-83.680086,37.626785],[-83.680144,37.62677],[-83.68028,37.626679]]}},{"type":"Feature","properties":{"osm_id":16269226,"highway":"residential","name":"Couch Road","alt_name":null,"official_name":null,"surface":null,"tracktype":null,"service":null,"access":null,"motor_vehicle":null,"foot":null,"tiger_reviewed":"no","rrgh_part":0,"rrgh_tile_part":0},"geometry":{"type":"LineString","coordinates":[[-83.685283,37.623272],[-83.685068,37.623283],[-83.684568,37.623288],[-83.684406,37.6233],[-83.684323,37.623321],[-83.68422,37.623332],[-83.683872,37.623449],[-83.683758,37.623507],[-83.683612,37.623608],[-83.683417,37.623765],[-83.683234,37.623937],[-83.683089,37.624058],[-83.682635,37.624324],[-83.682586,37.624345],[-83.682426,37.624381],[-83.682311,37.624375],[-83.682202,37.624354],[-83.682002,37.624284],[-83.681845,37.624186],[-83.681682,37.624118],[-83.681513,37.624087],[-83.681272,37.624061]]}},{"type":"Feature","properties":{"osm_id":16269700,"highway":"residential","name":"Liesegang Road","alt_name":null,"official_name":null,"surface":null,"tracktype":null,"service":null,"access":null,"motor_vehicle":null,"foot":null,"tiger_reviewed":"no","rrgh_part":0,"rrgh_tile_part":0},"geometry":{"type":"LineString","coordinates":[[-83.687046,37.626174],[-83.686904,37.626214],[-83.686814,37.626257],[-83.686501,37.626457],[-83.686334,37.626512],[-83.686142,37.626536],[-83.685995,37.626536],[-83.6851445,37.6264827],[-83.684684,37.626475],[-83.68439,37.626507],[-83.6842176,37.6265514],[-83.684052,37.626594],[-83.683836,37.626616],[-83.68347,37.626482],[-83.683325,37.626447],[-83.683173,37.626426],[-83.682803,37.626415],[-83.682684,37.626391],[-83.682165,37.626251],[-83.68192,37.626229],[-83.681502,37.626224],[-83.681382,37.626242],[-83.68076,37.6264],[-83.680512,37.62651],[-83.6804104,37.6265598]]}},{"type":"Feature","properties":{"osm_id":16270243,"highway":"residential","name":"Sally Davis Road","alt_name":null,"official_name":null,"surface":null,"tracktype":null,"service":null,"access":null,"motor_vehicle":null,"foot":null,"tiger_reviewed":"no","rrgh_part":0,"rrgh_tile_part":0},"geometry":{"type":"LineString","coordinates":[[-83.679135,37.633452],[-83.679234,37.633468],[-83.679503,37.633577],[-83.679587,37.633624],[-83.679681,37.6337],[-83.679778,37.633808],[-83.679909,37.633918],[-83.679969,37.633994],[-83.680141,37.634282],[-83.680213,37.634348],[-83.680259,37.634376],[-83.680485,37.634413],[-83.680585,37.634416],[-83.680675,37.63443],[-83.680758,37.634465],[-83.680832,37.634515],[-83.681003,37.634684],[-83.681115,37.634823],[-83.681176,37.634927],[-83.681239,37.635125],[-83.681319,37.635215],[-83.68142,37.635262],[-83.681513,37.635263],[-83.681616,37.635226],[-83.681736,37.635147],[-83.681922,37.634992],[-83.682049,37.634922],[-83.682195,37.634874],[-83.682399,37.63485],[-83.68268,37.634852],[-83.683107,37.634906],[-83.683448,37.634902],[-83.683665,37.634918],[-83.683786,37.634955],[-83.684019,37.635098],[-83.684108,37.635127],[-83.684253,37.635148],[-83.684558,37.635159],[-83.684643,37.635157],[-83.68489,37.635153],[-83.685073,37.635131],[-83.685335,37.635083],[-83.685533,37.635074],[-83.685763,37.635107],[-83.685904,37.635154],[-83.686008,37.635175],[-83.686376,37.635224],[-83.686419,37.635237],[-83.686525,37.635241],[-83.686652,37.635222],[-83.686717,37.635201],[-83.686836,37.635144],[-83.686938,37.635079],[-83.687172,37.634882],[-83.687288,37.63481],[-83.687556,37.634667],[-83.687882,37.634526],[-83.688133,37.63441],[-83.688212,37.634342],[-83.688268,37.634269],[-83.688309,37.634176],[-83.688393,37.633838],[-83.688482,37.633669],[-83.688513,37.633637],[-83.688623,37.633551],[-83.688778,37.633463],[-83.689099,37.633396]]}},{"type":"Feature","properties":{"osm_id":1348306852,"highway":"service","name":null,"alt_name":null,"official_name":null,"surface":null,"tracktype":null,"service":null,"access":null,"motor_vehicle":null,"foot":null,"tiger_reviewed":null,"rrgh_part":0,"rrgh_tile_part":0},"geometry":{"type":"LineString","coordinates":[[-83.6842176,37.6265514],[-83.6842123,37.6265572],[-83.6838154,37.6272791],[-83.6835419,37.6274999],[-83.6832952,37.6276188],[-83.6826516,37.6278906],[-83.6823566,37.6279882],[-83.6822547,37.6280434],[-83.682185,37.6280986],[-83.6820509,37.6283025],[-83.6819651,37.6284681],[-83.6817935,37.6287016],[-83.6813805,37.6290923],[-83.6811928,37.6292239],[-83.6809676,37.6293131],[-83.6806297,37.6293131]]}},{"type":"Feature","properties":{"osm_id":1348306853,"highway":"service","name":null,"alt_name":null,"official_name":null,"surface":null,"tracktype":null,"service":null,"access":null,"motor_vehicle":null,"foot":null,"tiger_reviewed":null,"rrgh_part":0,"rrgh_tile_part":0},"geometry":{"type":"LineString","coordinates":[[-83.68,37.626703],[-83.6799249,37.6267139],[-83.6795925,37.6267776],[-83.6794156,37.6268328],[-83.6792386,37.6269601],[-83.6790885,37.6271003],[-83.6789598,37.6271682],[-83.6788258,37.6272191],[-83.6784451,37.6273253],[-83.6779625,37.6276904],[-83.6777481,37.6279027],[-83.6776355,37.6279707],[-83.6774692,37.6279749],[-83.6773888,37.6279409],[-83.6773513,37.6278178],[-83.6772655,37.627648],[-83.6771583,37.6275036],[-83.6770564,37.6274017],[-83.6769813,37.6273508],[-83.6767722,37.6272658],[-83.6765095,37.6272276],[-83.6761985,37.6272361],[-83.6757696,37.6272234],[-83.6755873,37.6271894],[-83.6753835,37.6271172],[-83.6752548,37.6271682],[-83.6752227,37.6272658],[-83.6752387,37.6274527],[-83.6753245,37.6277286]]}},{"type":"Feature","properties":{"osm_id":16269819,"highway":"service","name":"Cr-1086","alt_name":null,"official_name":null,"surface":null,"tracktype":null,"service":null,"access":"private","motor_vehicle":null,"foot":null,"tiger_reviewed":"no","rrgh_part":0,"rrgh_tile_part":0},"geometry":{"type":"LineString","coordinates":[[-83.689067,37.631136],[-83.688898,37.631135],[-83.688649,37.631117],[-83.688485,37.631126],[-83.688031,37.631216],[-83.68767,37.631273],[-83.687272,37.631365],[-83.687231,37.631381],[-83.687207,37.6314],[-83.687074,37.631571],[-83.686995,37.63165]]}},{"type":"Feature","properties":{"osm_id":969789351,"highway":"service","name":null,"alt_name":null,"official_name":null,"surface":null,"tracktype":null,"service":null,"access":null,"motor_vehicle":null,"foot":null,"tiger_reviewed":null,"rrgh_part":0,"rrgh_tile_part":0},"geometry":{"type":"LineString","coordinates":[[-83.6886102,37.6275558],[-83.6885804,37.6276012],[-83.6886147,37.6277256],[-83.688727,37.627939],[-83.688801,37.628098],[-83.6888036,37.6282058],[-83.6887666,37.628301],[-83.6886913,37.6284108],[-83.6885183,37.6285562],[-83.6882687,37.6286974],[-83.6879306,37.6288679],[-83.6876492,37.6290499],[-83.6873375,37.6292905]]}},{"type":"Feature","properties":{"osm_id":969789351,"highway":"service","name":null,"alt_name":null,"official_name":null,"surface":null,"tracktype":null,"service":null,"access":null,"motor_vehicle":null,"foot":null,"tiger_reviewed":null,"rrgh_part":1,"rrgh_tile_part":0},"geometry":{"type":"LineString","coordinates":[[-83.6873375,37.6292905],[-83.6872226,37.6293282],[-83.6869598,37.6293847],[-83.6869056,37.6294412],[-83.6868911,37.6295165],[-83.6869545,37.6295928],[-83.6870337,37.6296441],[-83.6871394,37.6296472],[-83.6872345,37.6296316],[-83.687282,37.6295719],[-83.6872873,37.6294014],[-83.6873375,37.6292905]]}},{"type":"Feature","properties":{"osm_id":16270260,"highway":"unclassified","name":"Bald Rock Fork Road","alt_name":null,"official_name":null,"surface":"gravel","tracktype":null,"service":null,"access":null,"motor_vehicle":null,"foot":null,"tiger_reviewed":"no","rrgh_part":0,"rrgh_tile_part":0},"geometry":{"type":"LineString","coordinates":[[-83.712342,37.641715],[-83.712278,37.641746],[-83.712233,37.641788],[-83.71219,37.641879],[-83.712174,37.641968],[-83.712177,37.642086],[-83.712185,37.642186],[-83.712217,37.642251],[-83.712258,37.642299],[-83.7123191,37.6423587],[-83.7123843,37.6423939],[-83.7124549,37.6424209],[-83.712568,37.6424421],[-83.712628,37.642473],[-83.712655,37.642517],[-83.712709,37.64273],[-83.712714,37.642814],[-83.712703,37.642909],[-83.712688,37.642959],[-83.71255,37.643189],[-83.712516,37.643291],[-83.712551,37.643456],[-83.71273,37.643757],[-83.71348,37.644293],[-83.7136398,37.6443901],[-83.7138747,37.6444666],[-83.7141904,37.6444969],[-83.7142585,37.644528],[-83.7143068,37.6445922],[-83.7143297,37.644648],[-83.7143472,37.6447098],[-83.7143531,37.6447468],[-83.7143591,37.644785],[-83.7143617,37.6448508],[-83.7143644,37.6449184],[-83.7143772,37.6449842],[-83.7144214,37.645074],[-83.7144698,37.6451333],[-83.7144881,37.6451558],[-83.7146259,37.6452922],[-83.714778,37.645406],[-83.7148889,37.6454736],[-83.7149775,37.6455235],[-83.7150603,37.6455807],[-83.715414,37.6458552],[-83.7155113,37.6459222],[-83.7156301,37.6459851],[-83.7158268,37.6460755],[-83.715998,37.646176],[-83.716311,37.646369],[-83.716473,37.646457],[-83.716762,37.646582],[-83.717089,37.646688],[-83.717511,37.646926],[-83.717643,37.646986],[-83.7178183,37.6470514],[-83.717852,37.647064],[-83.718024,37.647105],[-83.718255,37.647181],[-83.718397,37.647203],[-83.718533,37.647199],[-83.718648,37.647176],[-83.7188189,37.647121],[-83.7189864,37.6470849],[-83.7190821,37.6470449],[-83.7193861,37.6469954],[-83.719455,37.646944],[-83.7197724,37.6468635],[-83.719945,37.646844],[-83.720145,37.646889],[-83.720474,37.647049],[-83.720906,37.647302],[-83.721081,37.647386],[-83.721206,37.647421],[-83.721511,37.647475],[-83.721621,37.647513],[-83.721725,37.647574],[-83.721926,37.647715],[-83.721984,37.647742],[-83.722142,37.64778],[-83.722612,37.647846],[-83.72295,37.647927],[-83.723526,37.648083],[-83.7239455,37.6482377]]}},{"type":"Feature","properties":{"osm_id":16270278,"highway":"residential","name":"Spring Hollow Road","alt_name":null,"official_name":null,"surface":null,"tracktype":null,"service":null,"access":null,"motor_vehicle":null,"foot":null,"tiger_reviewed":"no","rrgh_part":0,"rrgh_tile_part":0},"geometry":{"type":"LineString","coordinates":[[-83.722232,37.635065],[-83.7223418,37.6350846],[-83.722554,37.635062],[-83.722674,37.635043],[-83.723185,37.634869],[-83.723376,37.634856],[-83.723463,37.634866],[-83.72361,37.634906],[-83.72371,37.634946],[-83.723806,37.635],[-83.724013,37.63517],[-83.724122,37.635283],[-83.724204,37.635415],[-83.724233,37.635485],[-83.724333,37.63599],[-83.724351,37.636141],[-83.724328,37.636563],[-83.724302,37.636732],[-83.72431,37.636824],[-83.724358,37.636993],[-83.724435,37.637176],[-83.724474,37.637429],[-83.724456,37.637608],[-83.724535,37.637917],[-83.724456,37.638149],[-83.72439,37.638245],[-83.724299,37.638343],[-83.724191,37.638422],[-83.724077,37.638471],[-83.723665,37.638543],[-83.723573,37.638568],[-83.723193,37.638703],[-83.723018,37.638844],[-83.722913,37.638983],[-83.722835,37.63919],[-83.722763,37.639327],[-83.722761,37.639401],[-83.722845,37.639558],[-83.722954,37.639677],[-83.72324,37.639856],[-83.723382,37.639931],[-83.723563,37.640072],[-83.723613,37.640128],[-83.723692,37.640265],[-83.723725,37.640422],[-83.723747,37.640686],[-83.723764,37.640762],[-83.723833,37.640909],[-83.723953,37.641053],[-83.724026,37.641109],[-83.724097,37.641184],[-83.724196,37.641334],[-83.724234,37.641414],[-83.724256,37.641605],[-83.724251,37.641771],[-83.724218,37.642062],[-83.724223,37.642154],[-83.724243,37.642247],[-83.724323,37.642435],[-83.724487,37.642713],[-83.724518,37.642804],[-83.724554,37.642984],[-83.724591,37.643388],[-83.724615,37.643494],[-83.724692,37.64369],[-83.725008,37.644391],[-83.72507,37.644473],[-83.725144,37.64455],[-83.725375,37.644757],[-83.725506,37.644895],[-83.725778,37.645118],[-83.726015,37.645287],[-83.726218,37.645331],[-83.726321,37.645326],[-83.726385,37.645304],[-83.726489,37.645242]]}},{"type":"Feature","properties":{"osm_id":293564447,"highway":"track","name":null,"alt_name":null,"official_name":null,"surface":null,"tracktype":null,"service":null,"access":null,"motor_vehicle":null,"foot":null,"tiger_reviewed":null,"rrgh_part":0,"rrgh_tile_part":0},"geometry":{"type":"LineString","coordinates":[[-83.7199178,37.646627],[-83.7199427,37.6466251],[-83.7199928,37.6466214],[-83.7201606,37.6466425],[-83.7202476,37.6466656],[-83.7203214,37.6466776],[-83.7204469,37.6466719],[-83.7206956,37.6466183],[-83.7209418,37.646605],[-83.7211422,37.6466241],[-83.7212387,37.6466967],[-83.7213425,37.6467407],[-83.7215091,37.6467521],[-83.7216057,37.6467884],[-83.7216974,37.6468649],[-83.7217964,37.6469184],[-83.7220812,37.6470255],[-83.7222911,37.6470558],[-83.7225646,37.647081],[-83.7227857,37.6470744]]}},{"type":"Feature","properties":{"osm_id":894763461,"highway":"unclassified","name":null,"alt_name":null,"official_name":null,"surface":"gravel","tracktype":null,"service":null,"access":null,"motor_vehicle":null,"foot":null,"tiger_reviewed":null,"rrgh_part":0,"rrgh_tile_part":0},"geometry":{"type":"LineString","coordinates":[[-83.7193861,37.6469954],[-83.7198087,37.6471418],[-83.7202083,37.647197],[-83.7204014,37.6472905],[-83.7205194,37.6474837],[-83.7205543,37.6480933],[-83.7203773,37.6484946],[-83.7202512,37.6488472],[-83.7202163,37.6491275],[-83.7202302,37.6493511]]}},{"type":"Feature","properties":{"osm_id":969789320,"highway":"service","name":null,"alt_name":null,"official_name":null,"surface":null,"tracktype":null,"service":null,"access":null,"motor_vehicle":null,"foot":null,"tiger_reviewed":null,"rrgh_part":0,"rrgh_tile_part":0},"geometry":{"type":"LineString","coordinates":[[-83.7154946,37.6377704],[-83.7156828,37.6378761],[-83.7158425,37.6380253],[-83.7159357,37.6380795],[-83.7161145,37.6381141],[-83.7163275,37.6381503],[-83.7167745,37.6385102]]}},{"type":"Feature","properties":{"osm_id":1105298350,"highway":"residential","name":"Beta Dr","alt_name":null,"official_name":null,"surface":null,"tracktype":null,"service":null,"access":null,"motor_vehicle":null,"foot":null,"tiger_reviewed":null,"rrgh_part":0,"rrgh_tile_part":0},"geometry":{"type":"LineString","coordinates":[[-83.7132846,37.6406444],[-83.7134607,37.6408258],[-83.7135994,37.6409742],[-83.7138269,37.6412834],[-83.714055,37.6415183],[-83.7142572,37.6416882],[-83.7143994,37.6417798],[-83.7146013,37.6418266],[-83.7147879,37.6418732],[-83.7150414,37.6419256],[-83.7152328,37.6419486],[-83.7154323,37.6419662],[-83.7156689,37.6419812],[-83.7158672,37.6419994],[-83.7159922,37.6420341],[-83.7161118,37.6420864],[-83.7162153,37.6421537],[-83.7163578,37.6422667],[-83.7165114,37.6424179],[-83.7165975,37.6425138],[-83.7166164,37.6425347],[-83.7167408,37.6426997],[-83.7168737,37.6428539],[-83.7169713,37.6430364],[-83.7170664,37.6432297],[-83.7171681,37.6434141],[-83.7172621,37.6435605],[-83.7171183,37.6438599],[-83.7171309,37.6438981],[-83.7173633,37.644601],[-83.7174398,37.6449493],[-83.7177111,37.6452217]]}},{"type":"Feature","properties":{"osm_id":1105304586,"highway":"track","name":null,"alt_name":null,"official_name":null,"surface":null,"tracktype":null,"service":null,"access":null,"motor_vehicle":null,"foot":null,"tiger_reviewed":null,"rrgh_part":0,"rrgh_tile_part":0},"geometry":{"type":"LineString","coordinates":[[-83.7165975,37.6425138],[-83.7166866,37.6424672],[-83.7167479,37.6424256],[-83.7167977,37.6423722],[-83.7168514,37.6422858],[-83.7171458,37.6418439],[-83.7170016,37.6418131],[-83.7168035,37.6417854],[-83.7166571,37.6417393],[-83.7165294,37.6416727],[-83.7163848,37.6415569],[-83.7162777,37.6413923],[-83.7161849,37.6412289],[-83.7160243,37.6410459],[-83.7158101,37.6408677],[-83.7157352,37.6407465],[-83.7162367,37.640486]]}},{"type":"Feature","properties":{"osm_id":1374564160,"highway":"unclassified","name":"Bald Rock Fork Road","alt_name":null,"official_name":null,"surface":"gravel","tracktype":null,"service":null,"access":null,"motor_vehicle":null,"foot":null,"tiger_reviewed":"no","rrgh_part":0,"rrgh_tile_part":0},"geometry":{"type":"LineString","coordinates":[[-83.71605,37.6362501],[-83.715982,37.636212],[-83.715945,37.636184],[-83.715695,37.635928],[-83.715611,37.635865],[-83.715511,37.635817],[-83.715402,37.635786],[-83.715288,37.635778],[-83.715175,37.635796],[-83.715066,37.635838],[-83.714967,37.635899],[-83.7148799,37.6359781],[-83.7146368,37.6362187],[-83.7144429,37.6364616],[-83.7142693,37.6366037],[-83.7141159,37.6367504],[-83.7139828,37.6368695],[-83.713801,37.636972],[-83.713747,37.63706],[-83.713717,37.63715],[-83.713705,37.637243],[-83.713735,37.637628],[-83.713732,37.637727],[-83.713694,37.638032],[-83.713698,37.638134],[-83.713724,37.63823],[-83.713768,37.638316],[-83.713827,37.638389],[-83.714016,37.638553],[-83.714137,37.638671],[-83.714187,37.638756],[-83.714199,37.638804],[-83.714217,37.638943],[-83.714215,37.639141],[-83.71418,37.639526],[-83.714209,37.639688],[-83.714263,37.639885],[-83.71427,37.639986],[-83.714254,37.640083],[-83.714207,37.640171],[-83.71413,37.640247],[-83.71403,37.640306],[-83.713778,37.640415],[-83.713486,37.640528],[-83.713387,37.640577],[-83.7132846,37.6406444],[-83.713181,37.64075],[-83.713114,37.640841],[-83.713068,37.640936],[-83.712931,37.641398],[-83.7129025,37.641468],[-83.71285,37.6415426],[-83.7127819,37.6416059],[-83.7126872,37.641649],[-83.7125619,37.6416736],[-83.7124428,37.6416923],[-83.712413,37.641695],[-83.712342,37.641715]]}},{"type":"Feature","properties":{"osm_id":1266984473,"highway":"track","name":null,"alt_name":null,"official_name":null,"surface":null,"tracktype":null,"service":null,"access":null,"motor_vehicle":null,"foot":null,"tiger_reviewed":null,"rrgh_part":0,"rrgh_tile_part":0},"geometry":{"type":"LineString","coordinates":[[-83.7265769,37.6452839],[-83.7267807,37.6451353],[-83.7275476,37.6448041],[-83.7276978,37.6447829],[-83.7280411,37.6448381]]}},{"type":"Feature","properties":{"osm_id":1266984474,"highway":"track","name":null,"alt_name":null,"official_name":null,"surface":null,"tracktype":null,"service":null,"access":null,"motor_vehicle":null,"foot":null,"tiger_reviewed":null,"rrgh_part":0,"rrgh_tile_part":0},"geometry":{"type":"LineString","coordinates":[[-83.7235305,37.6451947],[-83.7236324,37.6452329],[-83.7242223,37.6451607],[-83.7246299,37.6450164],[-83.7248123,37.6448933],[-83.72507,37.644473]]}},{"type":"Feature","properties":{"osm_id":16268525,"highway":"residential","name":"Hopewell Church Road","alt_name":null,"official_name":null,"surface":"gravel","tracktype":null,"service":null,"access":null,"motor_vehicle":null,"foot":null,"tiger_reviewed":"no","rrgh_part":0,"rrgh_tile_part":0},"geometry":{"type":"LineString","coordinates":[[-83.7123334,37.6349308],[-83.7125649,37.6350362],[-83.7127096,37.6351737],[-83.7127674,37.6353089],[-83.712753,37.6354304],[-83.7126141,37.6355312],[-83.7123681,37.6356435],[-83.71218,37.6356802],[-83.7121211,37.6356935],[-83.7120906,37.6357347],[-83.7120715,37.6358495],[-83.7120858,37.6359636],[-83.7121517,37.636105],[-83.7122258,37.6361952],[-83.7123132,37.636284],[-83.7124705,37.6364002],[-83.7126431,37.6364755],[-83.712975,37.63658],[-83.7134214,37.636771],[-83.7136616,37.6368237],[-83.7138323,37.6368168],[-83.7139828,37.6368695],[-83.714079,37.637181],[-83.7141352,37.637261],[-83.7146644,37.6374393],[-83.7151421,37.6376213],[-83.7154946,37.6377704]]}},{"type":"Feature","properties":{"osm_id":1335265929,"highway":"service","name":null,"alt_name":null,"official_name":null,"surface":null,"tracktype":null,"service":null,"access":null,"motor_vehicle":null,"foot":null,"tiger_reviewed":null,"rrgh_part":0,"rrgh_tile_part":0},"geometry":{"type":"LineString","coordinates":[[-83.7126431,37.6364755],[-83.7122592,37.6365019],[-83.7120816,37.6365258],[-83.7119678,37.6365765],[-83.7119035,37.636636],[-83.7118016,37.6367973],[-83.7117211,37.6371708],[-83.7116729,37.6373109],[-83.7112975,37.6378331],[-83.7110513,37.6380538],[-83.7108631,37.6382194],[-83.7107665,37.638334]]}},{"type":"Feature","properties":{"osm_id":16269125,"highway":"residential","name":"I Dickenson Road","alt_name":null,"official_name":null,"surface":null,"tracktype":null,"service":null,"access":null,"motor_vehicle":null,"foot":null,"tiger_reviewed":"no","rrgh_part":0,"rrgh_tile_part":0},"geometry":{"type":"LineString","coordinates":[[-83.708601,37.635124],[-83.708599,37.635205],[-83.70865,37.635432],[-83.708664,37.63555],[-83.708665,37.635669],[-83.708617,37.635843],[-83.708547,37.635917],[-83.708461,37.635956],[-83.708398,37.635971],[-83.708249,37.635973],[-83.7082,37.635961],[-83.708154,37.63593]]}},{"type":"Feature","properties":{"osm_id":969789322,"highway":"service","name":null,"alt_name":null,"official_name":null,"surface":null,"tracktype":null,"service":null,"access":null,"motor_vehicle":null,"foot":null,"tiger_reviewed":null,"rrgh_part":0,"rrgh_tile_part":0},"geometry":{"type":"LineString","coordinates":[[-83.7038058,37.6362491],[-83.7038517,37.636243],[-83.7040379,37.636379],[-83.7042136,37.6364867],[-83.7043655,37.6365139],[-83.7045306,37.6364867],[-83.7050206,37.63638],[-83.7052795,37.6363497],[-83.7055648,37.6363581],[-83.7057458,37.6364668],[-83.7059122,37.6366718],[-83.7059743,37.636813],[-83.7059875,37.636903],[-83.7059148,37.6370149],[-83.7057735,37.637154],[-83.7056797,37.6372502],[-83.7055542,37.6374479],[-83.7054076,37.6375975]]}},{"type":"Feature","properties":{"osm_id":969789340,"highway":"service","name":null,"alt_name":null,"official_name":null,"surface":null,"tracktype":null,"service":null,"access":null,"motor_vehicle":null,"foot":null,"tiger_reviewed":null,"rrgh_part":0,"rrgh_tile_part":0},"geometry":{"type":"LineString","coordinates":[[-83.7032572,37.6400861],[-83.7038898,37.6400273],[-83.7043574,37.6399477],[-83.7049403,37.639713]]}},{"type":"Feature","properties":{"osm_id":969789341,"highway":"track","name":null,"alt_name":null,"official_name":null,"surface":null,"tracktype":null,"service":null,"access":null,"motor_vehicle":null,"foot":null,"tiger_reviewed":null,"rrgh_part":0,"rrgh_tile_part":0},"geometry":{"type":"LineString","coordinates":[[-83.7049403,37.639713],[-83.7050937,37.6397529],[-83.7054004,37.6398884],[-83.705631,37.6399053],[-83.7057903,37.6398941]]}},{"type":"Feature","properties":{"osm_id":969789341,"highway":"track","name":null,"alt_name":null,"official_name":null,"surface":null,"tracktype":null,"service":null,"access":null,"motor_vehicle":null,"foot":null,"tiger_reviewed":null,"rrgh_part":1,"rrgh_tile_part":0},"geometry":{"type":"LineString","coordinates":[[-83.7057903,37.6398941],[-83.7060067,37.6398978],[-83.706273,37.6398959],[-83.7064299,37.6398602],[-83.7068483,37.639687],[-83.7071526,37.6395458],[-83.7073357,37.6394177],[-83.707552,37.6390732],[-83.7076424,37.6389038],[-83.7076804,37.6386026],[-83.707678,37.638307],[-83.7076329,37.638243],[-83.7074436,37.638315],[-83.707341,37.6384943],[-83.7070894,37.6386518],[-83.7067173,37.638832],[-83.7064713,37.6389919],[-83.7062779,37.63908],[-83.7060844,37.6392887],[-83.7059541,37.6396139],[-83.7058964,37.6397732],[-83.7057903,37.6398941]]}},{"type":"Feature","properties":{"osm_id":16269287,"highway":"residential","name":null,"alt_name":null,"official_name":null,"surface":null,"tracktype":null,"service":null,"access":null,"motor_vehicle":null,"foot":null,"tiger_reviewed":"no","rrgh_part":0,"rrgh_tile_part":0},"geometry":{"type":"LineString","coordinates":[[-83.702391,37.645438],[-83.703029,37.645164]]}},{"type":"Feature","properties":{"osm_id":16269581,"highway":"residential","name":"Jones Road","alt_name":null,"official_name":null,"surface":null,"tracktype":null,"service":null,"access":null,"motor_vehicle":null,"foot":null,"tiger_reviewed":"no","rrgh_part":0,"rrgh_tile_part":0},"geometry":{"type":"LineString","coordinates":[[-83.706956,37.64622],[-83.706885,37.646259],[-83.706733,37.646367],[-83.706479,37.646582],[-83.706272,37.646858],[-83.70601,37.647262],[-83.7057774,37.6477203],[-83.705666,37.647819],[-83.705575,37.647905],[-83.705455,37.648063],[-83.705363,37.648229],[-83.705287,37.648459],[-83.705244,37.648551],[-83.705192,37.648618],[-83.705125,37.648667],[-83.705081,37.648682],[-83.704714,37.648708],[-83.704479,37.648759],[-83.704329,37.648813],[-83.704242,37.648862],[-83.704141,37.648953],[-83.704076,37.649053],[-83.704047,37.649157],[-83.704033,37.649315],[-83.704032,37.649593],[-83.703991,37.649847],[-83.703975,37.650007],[-83.703908,37.650211],[-83.703839,37.650334],[-83.703746,37.650422],[-83.703626,37.650469],[-83.703491,37.650486],[-83.703283,37.650493],[-83.702834,37.650489]]}},{"type":"Feature","properties":{"osm_id":16270110,"highway":"residential","name":"Old Hopewell Road North","alt_name":null,"official_name":null,"surface":null,"tracktype":null,"service":null,"access":null,"motor_vehicle":null,"foot":null,"tiger_reviewed":"no","rrgh_part":0,"rrgh_tile_part":0},"geometry":{"type":"LineString","coordinates":[[-83.70294,37.635084],[-83.702904,37.635105],[-83.702896,37.635122],[-83.702912,37.635177],[-83.703004,37.635272],[-83.703138,37.635345],[-83.703291,37.635389],[-83.703528,37.635473],[-83.703635,37.635531],[-83.70366,37.635571],[-83.703674,37.635616],[-83.703671,37.635658],[-83.703631,37.635842],[-83.703651,37.635957],[-83.703687,37.63604],[-83.7038058,37.6362491],[-83.703862,37.636348],[-83.703951,37.636544],[-83.704028,37.636812],[-83.704091,37.637152],[-83.703987,37.637505],[-83.703805,37.63804],[-83.703716,37.638223],[-83.70361,37.638402],[-83.703369,37.638709],[-83.703306,37.638856],[-83.703235,37.639102],[-83.703214,37.639419],[-83.703171,37.639795],[-83.70319,37.639933],[-83.703233,37.640045],[-83.7032572,37.6400861],[-83.703313,37.640181],[-83.703425,37.640331],[-83.703567,37.640582],[-83.703709,37.64097],[-83.703732,37.641059],[-83.703739,37.641207],[-83.7037106,37.6412767],[-83.703686,37.641337],[-83.703481,37.641707],[-83.703303,37.642093],[-83.703279,37.642166],[-83.703269,37.642238],[-83.7032611,37.6424213],[-83.703253,37.642608],[-83.703088,37.643098],[-83.703058,37.643251],[-83.703039,37.643436],[-83.703013,37.644004],[-83.702994,37.644167],[-83.702953,37.644323],[-83.702888,37.644483],[-83.702787,37.644668],[-83.702765,37.644728],[-83.702761,37.644789],[-83.70277,37.644847],[-83.702797,37.644896],[-83.702943,37.645054],[-83.703029,37.645164],[-83.703159,37.645349],[-83.703256,37.645528],[-83.703352,37.645782],[-83.7033574,37.6458069],[-83.703393,37.645972],[-83.703415,37.646146],[-83.703418,37.646318],[-83.703352,37.646697],[-83.703312,37.646822],[-83.703322,37.646898]]}},{"type":"Feature","properties":{"osm_id":1335265930,"highway":"service","name":null,"alt_name":null,"official_name":null,"surface":null,"tracktype":null,"service":null,"access":null,"motor_vehicle":null,"foot":null,"tiger_reviewed":null,"rrgh_part":0,"rrgh_tile_part":0},"geometry":{"type":"LineString","coordinates":[[-83.7089062,37.6376972],[-83.7103488,37.638058],[-83.7105097,37.638075],[-83.7107349,37.6380623],[-83.7109548,37.6380029],[-83.7110513,37.6380538]]}},{"type":"Feature","properties":{"osm_id":1410360995,"highway":"track","name":null,"alt_name":null,"official_name":null,"surface":null,"tracktype":null,"service":null,"access":null,"motor_vehicle":null,"foot":null,"tiger_reviewed":null,"rrgh_part":0,"rrgh_tile_part":0},"geometry":{"type":"LineString","coordinates":[[-83.7037106,37.6412767],[-83.7038324,37.6412458],[-83.704105,37.6411301],[-83.7044097,37.6410459],[-83.7047046,37.6409363],[-83.7048612,37.6408249],[-83.7049336,37.6407162],[-83.7050687,37.6406275],[-83.7052945,37.6405715],[-83.7058558,37.6404756],[-83.7061136,37.6404561],[-83.7065315,37.6404164],[-83.7066909,37.6403673],[-83.7068896,37.6402222],[-83.7071201,37.6399804],[-83.7072562,37.6399258],[-83.7074321,37.6398682]]}},{"type":"Feature","properties":{"osm_id":1412928959,"highway":"service","name":null,"alt_name":null,"official_name":null,"surface":null,"tracktype":null,"service":null,"access":null,"motor_vehicle":null,"foot":null,"tiger_reviewed":null,"rrgh_part":0,"rrgh_tile_part":0},"geometry":{"type":"LineString","coordinates":[[-83.712342,37.641715],[-83.712283,37.6415169]]}},{"type":"Feature","properties":{"osm_id":1412928959,"highway":"service","name":null,"alt_name":null,"official_name":null,"surface":null,"tracktype":null,"service":null,"access":null,"motor_vehicle":null,"foot":null,"tiger_reviewed":null,"rrgh_part":1,"rrgh_tile_part":0},"geometry":{"type":"LineString","coordinates":[[-83.712283,37.6415169],[-83.7123634,37.6412851],[-83.7125876,37.6409828],[-83.7128703,37.6406841],[-83.7130794,37.6404678],[-83.7133055,37.6403359],[-83.7135032,37.6402537],[-83.7135704,37.6401932],[-83.7135877,37.6401107],[-83.7135391,37.64004],[-83.7134733,37.6400041],[-83.7134029,37.6399984],[-83.7132217,37.6400971],[-83.7128921,37.6403649],[-83.7124003,37.6407988],[-83.7122175,37.6410073],[-83.7121755,37.6411152],[-83.712283,37.6415169]]}},{"type":"Feature","properties":{"osm_id":1422286483,"highway":"track","name":null,"alt_name":null,"official_name":null,"surface":null,"tracktype":null,"service":null,"access":null,"motor_vehicle":null,"foot":null,"tiger_reviewed":null,"rrgh_part":0,"rrgh_tile_part":0},"geometry":{"type":"LineString","coordinates":[[-83.7121755,37.6411152],[-83.7121142,37.6409793],[-83.7121035,37.6407931],[-83.7121006,37.6406221],[-83.7121048,37.6404485],[-83.7121274,37.6403007],[-83.7121067,37.6401904],[-83.7120797,37.6400654],[-83.7120448,37.6399895],[-83.711996,37.639908],[-83.7120026,37.6397903],[-83.7120351,37.6396315]]}},{"type":"Feature","properties":{"osm_id":954012987,"highway":"service","name":null,"alt_name":null,"official_name":null,"surface":null,"tracktype":null,"service":null,"access":null,"motor_vehicle":null,"foot":null,"tiger_reviewed":null,"rrgh_part":0,"rrgh_tile_part":0},"geometry":{"type":"LineString","coordinates":[[-83.7124678,37.6417802],[-83.7124428,37.6416923]]}},{"type":"Feature","properties":{"osm_id":969789323,"highway":"service","name":null,"alt_name":null,"official_name":null,"surface":null,"tracktype":null,"service":null,"access":null,"motor_vehicle":null,"foot":null,"tiger_reviewed":null,"rrgh_part":0,"rrgh_tile_part":0},"geometry":{"type":"LineString","coordinates":[[-83.7033574,37.6458069],[-83.703154,37.6459385],[-83.7029609,37.6460353],[-83.702851,37.6460704],[-83.7027444,37.6460995]]}},{"type":"Feature","properties":{"osm_id":954012985,"highway":"service","name":null,"alt_name":null,"official_name":null,"surface":null,"tracktype":null,"service":null,"access":null,"motor_vehicle":null,"foot":null,"tiger_reviewed":null,"rrgh_part":0,"rrgh_tile_part":0},"geometry":{"type":"LineString","coordinates":[[-83.7244634,37.6485916],[-83.7245034,37.6485356],[-83.7245459,37.6484773],[-83.7245953,37.6484251],[-83.7246265,37.6483955],[-83.7247267,37.6483915],[-83.7248578,37.6484145],[-83.7249756,37.6484478],[-83.7250957,37.6484951],[-83.7251883,37.6485459],[-83.7252533,37.6486634],[-83.7252994,37.6487939],[-83.7253192,37.6488869],[-83.7253006,37.6489494]]}},{"type":"Feature","properties":{"osm_id":1266984467,"highway":"track","name":null,"alt_name":null,"official_name":null,"surface":null,"tracktype":null,"service":null,"access":null,"motor_vehicle":null,"foot":null,"tiger_reviewed":null,"rrgh_part":0,"rrgh_tile_part":0},"geometry":{"type":"LineString","coordinates":[[-83.7281453,37.6508045],[-83.7280887,37.6509922],[-83.7280029,37.6511025],[-83.7278581,37.6514845],[-83.7277026,37.6520872],[-83.7273808,37.6526007],[-83.7273057,37.6526644],[-83.7270363,37.6527732],[-83.7268551,37.6528537],[-83.726699,37.6529014],[-83.7265656,37.6529094],[-83.7264172,37.652936]]}},{"type":"Feature","properties":{"osm_id":1266984468,"highway":"track","name":null,"alt_name":null,"official_name":null,"surface":null,"tracktype":null,"service":null,"access":null,"motor_vehicle":null,"foot":null,"tiger_reviewed":null,"rrgh_part":0,"rrgh_tile_part":0},"geometry":{"type":"LineString","coordinates":[[-83.7253006,37.6489494],[-83.7253382,37.6489864],[-83.7254465,37.6490195],[-83.7255714,37.6490441],[-83.7257571,37.6490277],[-83.7259898,37.6490037],[-83.7260511,37.6490415],[-83.7260197,37.6491149],[-83.7258245,37.6491979],[-83.7256742,37.6492798],[-83.7256261,37.6494101],[-83.7256057,37.6496382],[-83.7255756,37.6496896],[-83.72567,37.6500202],[-83.7258095,37.6503513],[-83.7260347,37.6506653],[-83.7261527,37.6509455],[-83.726201,37.6509794],[-83.726276,37.6508903],[-83.7263136,37.6507248],[-83.7262777,37.6504711],[-83.7262967,37.6503971],[-83.7263551,37.6503641],[-83.7264457,37.6503547],[-83.7265442,37.6504064],[-83.7266032,37.6504616],[-83.726596,37.6505942],[-83.7265767,37.6506659],[-83.7265849,37.6508143],[-83.7265894,37.6509451],[-83.7266365,37.6510754],[-83.726807,37.6512511],[-83.7268809,37.6516942],[-83.7269207,37.6518166],[-83.7269966,37.6519064],[-83.7269518,37.6522018],[-83.7269405,37.6522758],[-83.7268836,37.6523551],[-83.7268132,37.6524003]]}},{"type":"Feature","properties":{"osm_id":1442217475,"highway":"track","name":null,"alt_name":null,"official_name":null,"surface":null,"tracktype":null,"service":null,"access":null,"motor_vehicle":null,"foot":null,"tiger_reviewed":null,"rrgh_part":0,"rrgh_tile_part":0},"geometry":{"type":"LineString","coordinates":[[-83.7286633,37.64922],[-83.7284574,37.6494308],[-83.728324,37.6495395],[-83.7281284,37.6496472],[-83.7280216,37.6498217],[-83.7279864,37.6501337],[-83.7278943,37.6504682],[-83.7278029,37.6506781],[-83.7277294,37.6509064],[-83.7276365,37.6510608],[-83.7275659,37.6512162]]}},{"type":"Feature","properties":{"osm_id":1560581291,"highway":"track","name":null,"alt_name":null,"official_name":null,"surface":null,"tracktype":null,"service":null,"access":null,"motor_vehicle":null,"foot":null,"tiger_reviewed":null,"rrgh_part":0,"rrgh_tile_part":0},"geometry":{"type":"LineString","coordinates":[[-83.7243867,37.6485621],[-83.7242516,37.6488246],[-83.7241348,37.6490784],[-83.7240051,37.6493073],[-83.7238815,37.6495365],[-83.7237908,37.6497788],[-83.7237371,37.6499841],[-83.7237176,37.650164],[-83.7237286,37.6503476],[-83.7236596,37.6505771],[-83.7235309,37.6507844],[-83.7234259,37.6511259],[-83.7232636,37.6514472],[-83.7235129,37.6512314],[-83.7236687,37.6510575],[-83.7238381,37.6508821],[-83.7239807,37.6507551],[-83.7241441,37.650611],[-83.7242697,37.6505082],[-83.7243369,37.650474],[-83.7244145,37.6504776],[-83.7244743,37.6505242],[-83.7244904,37.6506325],[-83.7245199,37.6508786],[-83.7244825,37.6510676],[-83.72444,37.6512608],[-83.7243952,37.6513608],[-83.7242916,37.6515126],[-83.7242261,37.6516356],[-83.724232,37.6518997]]}},{"type":"Feature","properties":{"osm_id":113302473,"highway":"unclassified","name":null,"alt_name":null,"official_name":null,"surface":"gravel","tracktype":null,"service":null,"access":null,"motor_vehicle":null,"foot":null,"tiger_reviewed":null,"rrgh_part":0,"rrgh_tile_part":0},"geometry":{"type":"LineString","coordinates":[[-83.7202302,37.6493511],[-83.7201457,37.6492926],[-83.7201091,37.6492443],[-83.7200661,37.6489342],[-83.7199133,37.6485414],[-83.7198835,37.6481985],[-83.7198703,37.6480826],[-83.7197952,37.6480126],[-83.7196075,37.6479658],[-83.7192883,37.6479658],[-83.7190147,37.6480126],[-83.7189047,37.648123],[-83.7189316,37.648278],[-83.7190818,37.6485626],[-83.7191247,37.6489597],[-83.7191488,37.6492316],[-83.7191354,37.6494397],[-83.7190308,37.6496605],[-83.7189557,37.6499706],[-83.7189664,37.6503104],[-83.7189691,37.650527],[-83.7188511,37.6507478],[-83.7186955,37.6509284],[-83.7185722,37.6510112],[-83.7184327,37.6510409],[-83.7183703,37.6510163],[-83.7183308,37.6509737],[-83.718261,37.6508519],[-83.7182047,37.6507224],[-83.7181242,37.6506141],[-83.7180223,37.6505695],[-83.7179252,37.6505641],[-83.7178453,37.6505949],[-83.7175634,37.6507575],[-83.717472,37.6508294],[-83.7173598,37.6509177],[-83.7171103,37.651162],[-83.7169467,37.6513297],[-83.7168126,37.6514869],[-83.7166866,37.6515612],[-83.7165685,37.6515357],[-83.7165053,37.6515036],[-83.7163667,37.651334],[-83.7163352,37.651257]]}},{"type":"Feature","properties":{"osm_id":293562349,"highway":"track","name":"The Gallery Trail","alt_name":null,"official_name":null,"surface":null,"tracktype":"grade2","service":null,"access":"private","motor_vehicle":null,"foot":null,"tiger_reviewed":null,"rrgh_part":0,"rrgh_tile_part":0},"geometry":{"type":"LineString","coordinates":[[-83.717472,37.6508294],[-83.7173553,37.651022],[-83.7172776,37.6510941],[-83.7172354,37.6511609],[-83.7172332,37.6512225],[-83.7172549,37.6513993],[-83.7173199,37.6514894],[-83.7173074,37.6515985],[-83.717179,37.6518313],[-83.7171763,37.6519274],[-83.7171928,37.6520442],[-83.7172256,37.6521238],[-83.7172599,37.6522124],[-83.7172322,37.6522779],[-83.7171838,37.6523739],[-83.7172455,37.6525323],[-83.7173541,37.6526073],[-83.7172126,37.6527658],[-83.7172438,37.6529109],[-83.7173774,37.6531268],[-83.7173286,37.6532089]]}},{"type":"Feature","properties":{"osm_id":293564449,"highway":"track","name":null,"alt_name":null,"official_name":null,"surface":null,"tracktype":null,"service":null,"access":null,"motor_vehicle":null,"foot":null,"tiger_reviewed":null,"rrgh_part":0,"rrgh_tile_part":0},"geometry":{"type":"LineString","coordinates":[[-83.7202302,37.6493511],[-83.720298,37.6494944],[-83.720358,37.6496251],[-83.7204105,37.6497469],[-83.7205756,37.6498895],[-83.7207557,37.6501509],[-83.7208607,37.6503083],[-83.7208544,37.6503767]]}},{"type":"Feature","properties":{"osm_id":894763459,"highway":"track","name":null,"alt_name":null,"official_name":null,"surface":"unpaved","tracktype":null,"service":null,"access":null,"motor_vehicle":null,"foot":null,"tiger_reviewed":null,"rrgh_part":0,"rrgh_tile_part":0},"geometry":{"type":"LineString","coordinates":[[-83.7217207,37.6487991],[-83.7216825,37.6488425],[-83.7216166,37.648901],[-83.7215948,37.64903],[-83.7216314,37.6490869],[-83.7217035,37.6492536],[-83.72169,37.6494274],[-83.7215861,37.6496022],[-83.7214866,37.6497543],[-83.7213988,37.6498795],[-83.7212779,37.6500612],[-83.7211911,37.6501957],[-83.7210762,37.6503367],[-83.7209839,37.6504172],[-83.7209262,37.6504041],[-83.7208544,37.6503767]]}},{"type":"Feature","properties":{"osm_id":894763460,"highway":"track","name":null,"alt_name":null,"official_name":null,"surface":null,"tracktype":null,"service":null,"access":"private","motor_vehicle":null,"foot":null,"tiger_reviewed":null,"rrgh_part":0,"rrgh_tile_part":0},"geometry":{"type":"LineString","coordinates":[[-83.7208544,37.6503767],[-83.7208457,37.6504716],[-83.7207744,37.6505696],[-83.7205606,37.650733]]}},{"type":"Feature","properties":{"osm_id":1266984471,"highway":"track","name":null,"alt_name":null,"official_name":null,"surface":null,"tracktype":null,"service":null,"access":null,"motor_vehicle":null,"foot":null,"tiger_reviewed":null,"rrgh_part":0,"rrgh_tile_part":0},"geometry":{"type":"LineString","coordinates":[[-83.719625,37.6503097],[-83.7195928,37.6506027],[-83.7193354,37.6512101],[-83.7193676,37.6515584],[-83.7193139,37.6517537],[-83.7192925,37.6519661],[-83.7193676,37.6524715],[-83.7193483,37.6526646]]}},{"type":"Feature","properties":{"osm_id":293562350,"highway":"track","name":null,"alt_name":null,"official_name":null,"surface":null,"tracktype":null,"service":null,"access":null,"motor_vehicle":"no","foot":"permissive","tiger_reviewed":null,"rrgh_part":0,"rrgh_tile_part":0},"geometry":{"type":"LineString","coordinates":[[-83.7166866,37.6515612],[-83.7166467,37.6516041],[-83.7166245,37.6517097],[-83.7166045,37.6517888],[-83.7165334,37.6519014],[-83.7165212,37.6519793],[-83.716509,37.6520579],[-83.7164924,37.6521645],[-83.7165668,37.6523586],[-83.7165683,37.6524454],[-83.716569,37.6524888],[-83.7166134,37.65283],[-83.7166201,37.6529425],[-83.7165557,37.6530515],[-83.7165201,37.6531307],[-83.7165734,37.6532696],[-83.7165389,37.6534061],[-83.7165457,37.6534889],[-83.7166908,37.6536185],[-83.7167597,37.6537345]]}},{"type":"Feature","properties":{"osm_id":894763457,"highway":"track","name":null,"alt_name":null,"official_name":null,"surface":null,"tracktype":null,"service":null,"access":null,"motor_vehicle":null,"foot":null,"tiger_reviewed":null,"rrgh_part":0,"rrgh_tile_part":0},"geometry":{"type":"LineString","coordinates":[[-83.7217207,37.6487991],[-83.7217421,37.6488108],[-83.7218473,37.6488583],[-83.7219311,37.6488965],[-83.7220757,37.6489621],[-83.7222052,37.6489877],[-83.7223892,37.6489962],[-83.7225737,37.6490218],[-83.722716,37.649076],[-83.7228627,37.649198],[-83.7229549,37.6493398],[-83.7230495,37.6496967],[-83.7232145,37.6502755],[-83.7232414,37.6505194]]}},{"type":"Feature","properties":{"osm_id":894763458,"highway":"track","name":null,"alt_name":null,"official_name":null,"surface":null,"tracktype":null,"service":null,"access":null,"motor_vehicle":null,"foot":null,"tiger_reviewed":null,"rrgh_part":0,"rrgh_tile_part":0},"geometry":{"type":"LineString","coordinates":[[-83.7239455,37.6482377],[-83.7237783,37.6482303],[-83.7234479,37.6482301],[-83.7231613,37.6482761],[-83.7227234,37.6483393],[-83.7225259,37.648396],[-83.722422,37.6484645],[-83.7222786,37.6485548],[-83.7221085,37.6485996],[-83.7219252,37.6485909],[-83.7218157,37.6485616],[-83.7216879,37.6485855],[-83.7216338,37.6486666],[-83.7216406,37.6487129],[-83.7216699,37.6487524],[-83.7217207,37.6487991]]}},{"type":"Feature","properties":{"osm_id":1265318409,"highway":"track","name":null,"alt_name":null,"official_name":null,"surface":null,"tracktype":null,"service":null,"access":null,"motor_vehicle":null,"foot":null,"tiger_reviewed":null,"rrgh_part":0,"rrgh_tile_part":0},"geometry":{"type":"LineString","coordinates":[[-83.7227356,37.658537],[-83.722846,37.6585698],[-83.7233779,37.6585099],[-83.7237149,37.658519],[-83.7237998,37.6586242],[-83.7237447,37.6588584],[-83.7237149,37.6590254],[-83.723841,37.6592795],[-83.7239877,37.6594192],[-83.7241666,37.6595299],[-83.7241551,37.6595735],[-83.7240244,37.6596806],[-83.7237883,37.6599201],[-83.723676,37.6600762],[-83.7236871,37.6603331],[-83.7237785,37.6604771],[-83.7239245,37.6606066],[-83.7239766,37.6607425],[-83.7240833,37.6609546],[-83.7241388,37.6611651],[-83.7241759,37.6613645],[-83.7241859,37.6616524],[-83.7243375,37.6619042],[-83.7243511,37.6621762],[-83.7243186,37.6624426],[-83.7243345,37.6627213],[-83.7243101,37.6629794],[-83.7244083,37.6632772],[-83.724404,37.6634737],[-83.7243838,37.6637674],[-83.7243948,37.664151],[-83.724556,37.6643368],[-83.7246316,37.6645077],[-83.7244342,37.6646894],[-83.7242356,37.6648007],[-83.7239446,37.6648325],[-83.7234337,37.665003],[-83.7232395,37.6651367],[-83.7231086,37.6652637],[-83.723057,37.6652759],[-83.7230093,37.6652871],[-83.7228742,37.6653472],[-83.7227222,37.6653138],[-83.7225322,37.6651768],[-83.7224499,37.6650531],[-83.7225554,37.6649111],[-83.7226293,37.6646386],[-83.7226631,37.6643479],[-83.7226821,37.6641908],[-83.7228067,37.6639902],[-83.7227961,37.6637663],[-83.72268,37.6636543],[-83.7224963,37.6636643],[-83.7223126,37.6637262],[-83.7220192,37.6638365],[-83.7217954,37.6638548],[-83.7216645,37.6637846],[-83.7216075,37.6636342],[-83.7218587,37.6629958],[-83.7221184,37.662598],[-83.7222261,37.6624175],[-83.7221606,37.6622471],[-83.7219812,37.6620933],[-83.7216814,37.6619613],[-83.7213584,37.6620499],[-83.7210565,37.6622203],[-83.7207461,37.6621669],[-83.7203323,37.6620265],[-83.719984,37.6618911],[-83.7197454,37.6619245],[-83.7195512,37.6622053],[-83.7192239,37.6625329],[-83.7191268,37.6627485],[-83.7191121,37.6629056],[-83.7191712,37.6631161],[-83.7194963,37.6632248],[-83.7197349,37.6633735],[-83.7200642,37.6636911],[-83.720231,37.6638431],[-83.7202986,37.664271],[-83.7202479,37.6644297],[-83.7200178,37.6646988],[-83.7197623,37.6647623],[-83.7196145,37.6649144],[-83.7197201,37.6650949],[-83.7198594,37.6651768],[-83.7200959,37.6651701],[-83.7204801,37.6651718],[-83.7206933,37.6650999],[-83.7209551,37.6651668],[-83.7209952,37.6654174],[-83.7209277,37.6657366],[-83.7209171,37.6659506],[-83.7208454,37.6662046],[-83.7208876,37.6663466],[-83.7210607,37.6665555],[-83.7213183,37.6668012],[-83.7214238,37.6670469],[-83.721466,37.6671672],[-83.7214872,37.6673159],[-83.7214618,37.6678072],[-83.721314,37.6680312],[-83.7211726,37.6684556],[-83.7210945,37.6686354]]}},{"type":"Feature","properties":{"osm_id":1265545869,"highway":"track","name":null,"alt_name":null,"official_name":null,"surface":null,"tracktype":null,"service":null,"access":null,"motor_vehicle":null,"foot":null,"tiger_reviewed":null,"rrgh_part":0,"rrgh_tile_part":0},"geometry":{"type":"LineString","coordinates":[[-83.717444,37.661486],[-83.7174476,37.6613267],[-83.7176834,37.6609863],[-83.7179218,37.6605961],[-83.7179424,37.660489],[-83.7177934,37.6603819],[-83.7176811,37.6601641],[-83.7176261,37.6599246],[-83.7174037,37.6596396],[-83.7171377,37.6592367],[-83.7171836,37.6590207]]}},{"type":"Feature","properties":{"osm_id":1265548345,"highway":"track","name":null,"alt_name":null,"official_name":null,"surface":null,"tracktype":null,"service":null,"access":null,"motor_vehicle":null,"foot":null,"tiger_reviewed":null,"rrgh_part":0,"rrgh_tile_part":0},"geometry":{"type":"LineString","coordinates":[[-83.722846,37.6585698],[-83.7226974,37.6589578],[-83.7225794,37.6592763],[-83.7224345,37.6598687],[-83.7223138,37.6600705],[-83.7221609,37.6602509],[-83.7221448,37.6603635],[-83.7222736,37.6605057],[-83.7224882,37.6608349],[-83.7229093,37.6610111],[-83.7230997,37.6612595],[-83.7233921,37.6616184],[-83.7235503,37.6623509],[-83.723435,37.6626227],[-83.7234243,37.663145],[-83.7236442,37.6634487],[-83.7237173,37.6641422],[-83.7236782,37.6643225],[-83.7234575,37.6645113],[-83.723284,37.6647671],[-83.7230587,37.6651938],[-83.723057,37.6652759]]}},{"type":"Feature","properties":{"osm_id":1266984469,"highway":"track","name":null,"alt_name":null,"official_name":null,"surface":null,"tracktype":null,"service":null,"access":null,"motor_vehicle":null,"foot":null,"tiger_reviewed":null,"rrgh_part":0,"rrgh_tile_part":0},"geometry":{"type":"LineString","coordinates":[[-83.7282926,37.6523504],[-83.7280082,37.6525203],[-83.7278634,37.6526731],[-83.7277775,37.6528387],[-83.7275844,37.6533186],[-83.7272911,37.6538984],[-83.7266723,37.6541724],[-83.7264215,37.6542623],[-83.72601,37.6543873],[-83.7257803,37.6544244],[-83.7255798,37.6544343],[-83.7254402,37.6544003],[-83.7250633,37.6542452],[-83.7248327,37.6541859],[-83.7246297,37.6542164],[-83.7242819,37.6543317],[-83.7232257,37.6546036],[-83.7230048,37.6546355],[-83.7227788,37.6546183],[-83.722574,37.6545596],[-83.7223465,37.654416],[-83.7219293,37.6539802],[-83.7213188,37.6536898],[-83.7206843,37.6533488],[-83.7202414,37.6530334],[-83.719957,37.6529074],[-83.7193483,37.6526646],[-83.7189083,37.6528302],[-83.7186884,37.6530553],[-83.718581,37.6532209],[-83.718302,37.6538282],[-83.7182859,37.6539598],[-83.7182484,37.654049],[-83.7182484,37.6542146],[-83.7182001,37.6545373],[-83.7181654,37.6552886],[-83.7181081,37.6554364],[-83.717905,37.6556753],[-83.7178503,37.6557877],[-83.7178347,37.6558878],[-83.7178681,37.6560387],[-83.7177387,37.6561764],[-83.7172558,37.6565629],[-83.717186,37.6565926],[-83.7171459,37.6566325],[-83.7170197,37.6567582],[-83.7168748,37.6568728],[-83.7166602,37.6570215],[-83.7165314,37.6570597],[-83.7164295,37.6570469],[-83.716349,37.657084]]}},{"type":"Feature","properties":{"osm_id":1409468061,"highway":"track","name":null,"alt_name":null,"official_name":null,"surface":null,"tracktype":null,"service":null,"access":null,"motor_vehicle":null,"foot":null,"tiger_reviewed":null,"rrgh_part":0,"rrgh_tile_part":0},"geometry":{"type":"LineString","coordinates":[[-83.7091441,37.6508304],[-83.7093064,37.6508438],[-83.7097588,37.6509396],[-83.7098369,37.6509635],[-83.7105362,37.6511656],[-83.7107572,37.6511673],[-83.7109891,37.6510853],[-83.7111798,37.6510316],[-83.7114496,37.6510125],[-83.711769,37.6509836],[-83.712056,37.6509574],[-83.7123593,37.6509453],[-83.7126552,37.6509184],[-83.7129929,37.6508676],[-83.7132275,37.6508258],[-83.7133976,37.6508175],[-83.7135132,37.6507696],[-83.7135888,37.6507426],[-83.7137958,37.6507613],[-83.7140195,37.6507648],[-83.7142352,37.6507401],[-83.7143533,37.6506761],[-83.7146796,37.6505036],[-83.7149905,37.6503239],[-83.7152161,37.6501579],[-83.7153911,37.6500048],[-83.7155182,37.6497445],[-83.7155833,37.649609],[-83.7157953,37.6495109],[-83.7158913,37.6493988]]}},{"type":"Feature","properties":{"osm_id":1549696143,"highway":"track","name":null,"alt_name":null,"official_name":null,"surface":null,"tracktype":null,"service":null,"access":null,"motor_vehicle":null,"foot":null,"tiger_reviewed":null,"rrgh_part":0,"rrgh_tile_part":0},"geometry":{"type":"LineString","coordinates":[[-83.7158761,37.6570025],[-83.7157227,37.6571192],[-83.7156219,37.6572166],[-83.7154477,37.6574124],[-83.7152964,37.6575995],[-83.7150961,37.6577105],[-83.7148469,37.6578299],[-83.7146667,37.6578845],[-83.7144632,37.6579738],[-83.7143009,37.6580613],[-83.7141646,37.6580929],[-83.7139965,37.6580589]]}},{"type":"Feature","properties":{"osm_id":1560579968,"highway":"track","name":null,"alt_name":null,"official_name":null,"surface":null,"tracktype":null,"service":null,"access":null,"motor_vehicle":null,"foot":null,"tiger_reviewed":null,"rrgh_part":0,"rrgh_tile_part":0},"geometry":{"type":"LineString","coordinates":[[-83.7236288,37.6520717],[-83.7234598,37.6524066],[-83.7233787,37.6526984],[-83.7231557,37.6530169],[-83.7230035,37.6533242],[-83.7227825,37.6535233],[-83.7225051,37.6537031],[-83.7222825,37.6538486],[-83.7221829,37.65389],[-83.7219293,37.6539802]]}},{"type":"Feature","properties":{"osm_id":1549696140,"highway":"track","name":null,"alt_name":null,"official_name":null,"surface":null,"tracktype":null,"service":null,"access":null,"motor_vehicle":null,"foot":null,"tiger_reviewed":null,"rrgh_part":0,"rrgh_tile_part":0},"geometry":{"type":"LineString","coordinates":[[-83.7172484,37.6558958],[-83.7172484,37.6557474],[-83.7172627,37.655688],[-83.717307,37.6556081],[-83.7173743,37.6555112],[-83.7174618,37.6554411]]}},{"type":"Feature","properties":{"osm_id":1549696144,"highway":"track","name":null,"alt_name":null,"official_name":null,"surface":null,"tracktype":null,"service":null,"access":null,"motor_vehicle":null,"foot":null,"tiger_reviewed":null,"rrgh_part":0,"rrgh_tile_part":0},"geometry":{"type":"LineString","coordinates":[[-83.7173253,37.6546248],[-83.7174724,37.6544844],[-83.7176194,37.6543965],[-83.7177613,37.6543146],[-83.7179762,37.6541725],[-83.7181778,37.6540476],[-83.7182484,37.654049]]}},{"type":"Feature","properties":{"osm_id":969789333,"highway":"service","name":null,"alt_name":null,"official_name":null,"surface":null,"tracktype":null,"service":null,"access":null,"motor_vehicle":null,"foot":null,"tiger_reviewed":null,"rrgh_part":0,"rrgh_tile_part":0},"geometry":{"type":"LineString","coordinates":[[-83.7026667,37.6517618],[-83.7029008,37.6517822],[-83.7031107,37.6518085],[-83.7032412,37.6518977],[-83.7033281,37.6520415],[-83.703323,37.6521914],[-83.7033,37.6523899],[-83.7033384,37.65255],[-83.7034612,37.6526573],[-83.7037478,37.6527688],[-83.7041418,37.6528336],[-83.7043209,37.652947],[-83.7044116,37.6530457],[-83.704486,37.6530682],[-83.7045764,37.6530472],[-83.7048386,37.6528563],[-83.7051576,37.6526782],[-83.7058611,37.6523162],[-83.7065327,37.6519584]]}},{"type":"Feature","properties":{"osm_id":16270292,"highway":"service","name":"Osborne Cemetery Road","alt_name":null,"official_name":null,"surface":null,"tracktype":null,"service":null,"access":null,"motor_vehicle":null,"foot":null,"tiger_reviewed":"no","rrgh_part":0,"rrgh_tile_part":0},"geometry":{"type":"LineString","coordinates":[[-83.702653,37.651866],[-83.702155,37.651908],[-83.702012,37.651912],[-83.701806,37.651894],[-83.70126,37.651813],[-83.701089,37.651803],[-83.700921,37.651821],[-83.70046,37.651934],[-83.700222,37.651975],[-83.699992,37.651993],[-83.699829,37.651967],[-83.699721,37.651932],[-83.699617,37.651879],[-83.699526,37.65181],[-83.699459,37.65173],[-83.699396,37.651598],[-83.699314,37.651291]]}},{"type":"Feature","properties":{"osm_id":969789332,"highway":"service","name":null,"alt_name":null,"official_name":null,"surface":null,"tracktype":null,"service":null,"access":null,"motor_vehicle":null,"foot":null,"tiger_reviewed":null,"rrgh_part":0,"rrgh_tile_part":0},"geometry":{"type":"LineString","coordinates":[[-83.702355,37.6556275],[-83.702379,37.6558166],[-83.7024694,37.6562936],[-83.7024889,37.6565251],[-83.7024198,37.6568267],[-83.7024127,37.6569333],[-83.7024552,37.6570231],[-83.7025775,37.6570764],[-83.7026785,37.6570947],[-83.7029036,37.6570652],[-83.7032385,37.6570049],[-83.7034458,37.6569895],[-83.7037063,37.6570484],[-83.7039455,37.6571676],[-83.7044116,37.6575885],[-83.7045728,37.6577681],[-83.704704,37.6578438],[-83.7049166,37.6578747],[-83.7051363,37.657841],[-83.705535,37.6576741],[-83.7060613,37.6573444],[-83.7063732,37.657155],[-83.7068357,37.6569852],[-83.7069907,37.6568772]]}},{"type":"Feature","properties":{"osm_id":969789334,"highway":"service","name":null,"alt_name":null,"official_name":null,"surface":null,"tracktype":null,"service":null,"access":null,"motor_vehicle":null,"foot":null,"tiger_reviewed":null,"rrgh_part":0,"rrgh_tile_part":0},"geometry":{"type":"LineString","coordinates":[[-83.705081,37.648682],[-83.7051909,37.6486974],[-83.7054792,37.6488302],[-83.7056188,37.6489326],[-83.7057091,37.6490285],[-83.7057707,37.6491617],[-83.7058322,37.6493454],[-83.7059616,37.6495599],[-83.7061299,37.6497565],[-83.7063495,37.6499418],[-83.7064193,37.650049],[-83.7065363,37.6502587],[-83.7066184,37.6504049],[-83.7067497,37.6505203],[-83.706918,37.6506178],[-83.7072054,37.65073],[-83.7074579,37.6508811],[-83.7077534,37.6510956],[-83.7080962,37.6513166],[-83.7082214,37.6513686],[-83.7083569,37.6513605],[-83.7084759,37.6513248],[-83.7085875,37.6512394],[-83.7087452,37.651026],[-83.7088639,37.6509071],[-83.7090414,37.6508659],[-83.7091441,37.6508304],[-83.7095007,37.650439],[-83.70962,37.6503228],[-83.7097431,37.6502308],[-83.7098288,37.6501337],[-83.7098204,37.6500815],[-83.7097034,37.6498231],[-83.7095576,37.6492673],[-83.7095371,37.6489293],[-83.7096274,37.6485978],[-83.7096869,37.6482858],[-83.7096582,37.6480469]]}},{"type":"Feature","properties":{"osm_id":969789335,"highway":"service","name":null,"alt_name":null,"official_name":null,"surface":null,"tracktype":null,"service":null,"access":null,"motor_vehicle":null,"foot":null,"tiger_reviewed":null,"rrgh_part":0,"rrgh_tile_part":0},"geometry":{"type":"LineString","coordinates":[[-83.7057774,37.6477203],[-83.7058464,37.647719],[-83.7060705,37.6477238],[-83.7063692,37.6478216],[-83.7066471,37.6478405],[-83.7071485,37.6478167],[-83.7073031,37.6477973],[-83.707567,37.6477351],[-83.7081217,37.6476535],[-83.7084911,37.6476292],[-83.7090716,37.6475573],[-83.7093956,37.6475164],[-83.7098558,37.6474922],[-83.7102387,37.6475038],[-83.7105148,37.6474834],[-83.7107639,37.6474348],[-83.7112794,37.6472716]]}},{"type":"Feature","properties":{"osm_id":1526861092,"highway":"track","name":null,"alt_name":null,"official_name":null,"surface":null,"tracktype":null,"service":null,"access":null,"motor_vehicle":null,"foot":null,"tiger_reviewed":null,"rrgh_part":0,"rrgh_tile_part":0},"geometry":{"type":"LineString","coordinates":[[-83.6987944,37.6598272],[-83.6991694,37.6599651],[-83.6993784,37.6600901],[-83.6995845,37.6604298],[-83.6998555,37.6608745],[-83.6999286,37.6613108],[-83.6999827,37.6617166],[-83.6999409,37.661839],[-83.6999722,37.6622129],[-83.7000439,37.6624501],[-83.700138,37.6626834],[-83.7001045,37.6630675],[-83.699919,37.6633951],[-83.6995719,37.6636443],[-83.699089,37.6638049],[-83.6988742,37.6639261],[-83.6988562,37.6640115],[-83.6990576,37.6641319],[-83.6995563,37.664543],[-83.6997737,37.6646493],[-83.7002678,37.664648],[-83.7005307,37.6647031],[-83.7009583,37.6650854],[-83.7013464,37.6655177],[-83.7016368,37.6659109],[-83.7018902,37.6660129],[-83.702048,37.6660495],[-83.7021358,37.6660645],[-83.7024511,37.6661185],[-83.7027497,37.6661285],[-83.7029135,37.6660369],[-83.7030157,37.6657943],[-83.7030479,37.6656255],[-83.703095,37.6654472],[-83.7031375,37.6651964],[-83.7031233,37.6650611],[-83.7030836,37.664701],[-83.7029633,37.6645397],[-83.7027732,37.6644048],[-83.7023844,37.6643124],[-83.702203,37.66426],[-83.7020898,37.6642018]]}},{"type":"Feature","properties":{"osm_id":1560581294,"highway":"track","name":null,"alt_name":null,"official_name":null,"surface":null,"tracktype":null,"service":null,"access":null,"motor_vehicle":null,"foot":null,"tiger_reviewed":null,"rrgh_part":0,"rrgh_tile_part":0},"geometry":{"type":"LineString","coordinates":[[-83.7145949,37.6553569],[-83.714802,37.6552696],[-83.7150561,37.655152],[-83.7151606,37.6550768],[-83.7152228,37.6550123],[-83.7153279,37.6549158],[-83.7153842,37.6548517],[-83.7154231,37.6547603],[-83.715448,37.6546602],[-83.7154541,37.6545098],[-83.7154356,37.6541786],[-83.7154133,37.6539221],[-83.7154274,37.6536912],[-83.7154234,37.653525]]}},{"type":"Feature","properties":{"osm_id":1410472044,"highway":"track","name":null,"alt_name":null,"official_name":null,"surface":null,"tracktype":null,"service":null,"access":null,"motor_vehicle":null,"foot":null,"tiger_reviewed":null,"rrgh_part":0,"rrgh_tile_part":0},"geometry":{"type":"LineString","coordinates":[[-83.7114012,37.6601088],[-83.7113315,37.6594378],[-83.7111546,37.6587796],[-83.7110903,37.6580322],[-83.7108222,37.6573405]]}},{"type":"Feature","properties":{"osm_id":1549696142,"highway":"track","name":null,"alt_name":null,"official_name":null,"surface":null,"tracktype":null,"service":null,"access":null,"motor_vehicle":null,"foot":null,"tiger_reviewed":null,"rrgh_part":0,"rrgh_tile_part":0},"geometry":{"type":"LineString","coordinates":[[-83.7141368,37.6570709],[-83.7141509,37.6571794],[-83.7141668,37.6572868],[-83.7142169,37.6574149],[-83.714273,37.65753],[-83.7143647,37.6576396],[-83.7144742,37.6577477],[-83.7145477,37.6578136],[-83.7146214,37.6578714],[-83.7146667,37.6578845]]}},{"type":"Feature","properties":{"osm_id":1560581290,"highway":"track","name":null,"alt_name":null,"official_name":null,"surface":null,"tracktype":null,"service":null,"access":null,"motor_vehicle":null,"foot":null,"tiger_reviewed":null,"rrgh_part":0,"rrgh_tile_part":0},"geometry":{"type":"LineString","coordinates":[[-83.7114598,37.6569069],[-83.7114592,37.6569701],[-83.7114351,37.6570391]]}},{"type":"Feature","properties":{"osm_id":1560581292,"highway":"track","name":null,"alt_name":null,"official_name":null,"surface":null,"tracktype":null,"service":null,"access":null,"motor_vehicle":null,"foot":null,"tiger_reviewed":null,"rrgh_part":0,"rrgh_tile_part":0},"geometry":{"type":"LineString","coordinates":[[-83.7129366,37.6563156],[-83.7130488,37.656167],[-83.7131816,37.6560735],[-83.7133248,37.6559798],[-83.7134495,37.6558839],[-83.7135492,37.6558012],[-83.7136461,37.65575],[-83.7137847,37.6557597],[-83.7138982,37.6557459],[-83.7139784,37.6557083],[-83.7140813,37.6556399],[-83.7142279,37.655534],[-83.7143737,37.6554325],[-83.7145095,37.6553738],[-83.7145949,37.6553569],[-83.7146694,37.6553705],[-83.7147407,37.6554385],[-83.7148075,37.6555317],[-83.7148715,37.6556389],[-83.7149036,37.6558095],[-83.714898,37.6560153],[-83.7148797,37.6562403],[-83.7148394,37.6565882],[-83.7148248,37.6570523]]}},{"type":"Feature","properties":{"osm_id":1560581293,"highway":"track","name":null,"alt_name":null,"official_name":null,"surface":null,"tracktype":null,"service":null,"access":null,"motor_vehicle":null,"foot":null,"tiger_reviewed":null,"rrgh_part":0,"rrgh_tile_part":0},"geometry":{"type":"LineString","coordinates":[[-83.7116097,37.656958],[-83.7115228,37.6569376],[-83.7114598,37.6569069],[-83.7113202,37.6567304],[-83.7112202,37.6566155],[-83.7111146,37.6565217],[-83.711031,37.6564259],[-83.7109927,37.6563631],[-83.7109956,37.6562488],[-83.7110595,37.6560838],[-83.7110943,37.6559635],[-83.7111021,37.6558521],[-83.7111245,37.6556482],[-83.7111709,37.655466],[-83.7112009,37.6552924],[-83.7113153,37.6553202],[-83.7113452,37.6554173],[-83.7114598,37.6555355],[-83.7116123,37.655673],[-83.7117811,37.6558165],[-83.7119467,37.6559944],[-83.7120795,37.6561142],[-83.712197,37.6561644],[-83.712278,37.6561785]]}},{"type":"Feature","properties":{"osm_id":1560581295,"highway":"track","name":null,"alt_name":null,"official_name":null,"surface":null,"tracktype":null,"service":null,"access":null,"motor_vehicle":null,"foot":null,"tiger_reviewed":null,"rrgh_part":0,"rrgh_tile_part":0},"geometry":{"type":"LineString","coordinates":[[-83.712462,37.656622],[-83.7123427,37.6564378],[-83.7122871,37.6563096],[-83.712278,37.6561785],[-83.7122898,37.6560984],[-83.7122569,37.656008],[-83.7123738,37.6558945],[-83.7124897,37.6557795],[-83.7125763,37.6557009],[-83.7127253,37.6556132],[-83.7128816,37.6555524],[-83.7130173,37.6555386],[-83.7131955,37.6555442],[-83.7133183,37.6555647],[-83.7134087,37.6556272],[-83.7135037,37.6556943],[-83.7136461,37.65575]]}},{"type":"Feature","properties":{"osm_id":16270161,"highway":"residential","name":"Cr-1076-72","alt_name":null,"official_name":null,"surface":null,"tracktype":null,"service":null,"access":null,"motor_vehicle":null,"foot":null,"tiger_reviewed":"no","rrgh_part":0,"rrgh_tile_part":0},"geometry":{"type":"LineString","coordinates":[[-83.694171,37.636647],[-83.694788,37.636264]]}},{"type":"Feature","properties":{"osm_id":16269507,"highway":"service","name":"Serenity Point","alt_name":null,"official_name":null,"surface":null,"tracktype":null,"service":null,"access":null,"motor_vehicle":null,"foot":null,"tiger_reviewed":"no","rrgh_part":0,"rrgh_tile_part":0},"geometry":{"type":"LineString","coordinates":[[-83.698962,37.643209],[-83.698918,37.643281],[-83.698845,37.643497],[-83.698806,37.643577],[-83.698737,37.643665],[-83.698505,37.643905],[-83.698439,37.643987],[-83.698306,37.644228],[-83.698165,37.64455],[-83.698094,37.644646],[-83.6980645,37.6446695],[-83.697995,37.644725],[-83.697642,37.644911],[-83.697317,37.645114],[-83.697189,37.64517],[-83.697117,37.64519],[-83.696955,37.645214],[-83.69687,37.645218],[-83.696157,37.645174],[-83.695467,37.645095],[-83.695281,37.64506],[-83.694927,37.644973],[-83.694664,37.644934],[-83.694412,37.644919],[-83.694094,37.644916],[-83.693939,37.6449],[-83.693668,37.644844],[-83.693486,37.644779],[-83.693375,37.644711],[-83.693148,37.644477],[-83.693097,37.644442],[-83.692979,37.644392],[-83.692841,37.64438],[-83.6926367,37.6443916],[-83.692401,37.644405],[-83.692025,37.644373],[-83.691865,37.644372],[-83.691641,37.6444],[-83.691505,37.644446],[-83.691435,37.64448],[-83.690935,37.644782],[-83.690792,37.644854],[-83.690652,37.644903],[-83.690517,37.644918],[-83.690453,37.644912],[-83.690317,37.64489],[-83.690092,37.644828],[-83.68994,37.644811],[-83.689808,37.644824],[-83.689636,37.64489],[-83.689534,37.644955],[-83.689465,37.645043],[-83.689345,37.645377],[-83.689313,37.645437],[-83.689261,37.645497],[-83.689129,37.645608],[-83.688972,37.645702],[-83.688768,37.645794],[-83.688624,37.645836],[-83.688479,37.645861],[-83.688337,37.645867],[-83.688195,37.645848],[-83.688062,37.645808],[-83.687942,37.645749],[-83.687839,37.645683],[-83.687759,37.645612],[-83.6876533,37.6454912],[-83.687629,37.6454397]]}},{"type":"Feature","properties":{"osm_id":969789325,"highway":"service","name":"Serenity Court","alt_name":null,"official_name":null,"surface":null,"tracktype":null,"service":null,"access":null,"motor_vehicle":null,"foot":null,"tiger_reviewed":null,"rrgh_part":0,"rrgh_tile_part":0},"geometry":{"type":"LineString","coordinates":[[-83.689808,37.644824],[-83.6896317,37.6446746],[-83.6896055,37.6445184],[-83.6895366,37.6436957],[-83.6894367,37.6433399],[-83.6894795,37.6431234],[-83.6895723,37.6428486],[-83.6895841,37.6426942],[-83.6895033,37.6425944],[-83.6893654,37.6425229],[-83.6890563,37.6424702]]}},{"type":"Feature","properties":{"osm_id":969789327,"highway":"service","name":null,"alt_name":null,"official_name":null,"surface":null,"tracktype":null,"service":null,"access":null,"motor_vehicle":null,"foot":null,"tiger_reviewed":null,"rrgh_part":0,"rrgh_tile_part":0},"geometry":{"type":"LineString","coordinates":[[-83.6926367,37.6443916],[-83.6926013,37.6445318],[-83.692465,37.6448463],[-83.6923494,37.6450387],[-83.6923612,37.6452405],[-83.6925035,37.645386],[-83.6929332,37.6456606],[-83.6930518,37.645961],[-83.693114,37.6462309],[-83.6931407,37.6463904],[-83.6930903,37.6465852],[-83.6928917,37.6467729],[-83.6925865,37.6469794],[-83.6923583,37.6470334],[-83.6921597,37.6470968],[-83.6919641,37.6472211],[-83.6918337,37.6473408],[-83.6917448,37.6475778],[-83.6916677,37.6477351],[-83.6915462,37.6478195],[-83.6913713,37.6478594],[-83.6911461,37.6478148],[-83.6908853,37.647782],[-83.6907341,37.6477984],[-83.6906008,37.6478665]]}},{"type":"Feature","properties":{"osm_id":16269102,"highway":"residential","name":"Old State Hwy 11","alt_name":null,"official_name":null,"surface":null,"tracktype":null,"service":null,"access":null,"motor_vehicle":null,"foot":null,"tiger_reviewed":"no","rrgh_part":0,"rrgh_tile_part":0},"geometry":{"type":"LineString","coordinates":[[-83.698812,37.64315],[-83.698962,37.643209],[-83.699249,37.64332],[-83.699611,37.643475],[-83.700228,37.643713],[-83.700295,37.643744],[-83.70041,37.643824],[-83.70083,37.64427],[-83.701061,37.644501],[-83.701283,37.644696],[-83.701803,37.645121],[-83.701872,37.645158],[-83.701945,37.645168],[-83.70205,37.645141],[-83.70215,37.645087]]}},{"type":"Feature","properties":{"osm_id":969789338,"highway":"residential","name":"Lawson Hill","alt_name":null,"official_name":null,"surface":null,"tracktype":null,"service":null,"access":null,"motor_vehicle":null,"foot":null,"tiger_reviewed":null,"rrgh_part":0,"rrgh_tile_part":0},"geometry":{"type":"LineString","coordinates":[[-83.702272,37.645258],[-83.7020745,37.6453532],[-83.7017417,37.6454943],[-83.7015773,37.6455621],[-83.7013302,37.6457227],[-83.7010979,37.6459534],[-83.7009689,37.6461031],[-83.7009797,37.6462317],[-83.7012446,37.6465084]]}},{"type":"Feature","properties":{"osm_id":16270244,"highway":"service","name":null,"alt_name":null,"official_name":null,"surface":null,"tracktype":null,"service":null,"access":null,"motor_vehicle":null,"foot":null,"tiger_reviewed":"no","rrgh_part":0,"rrgh_tile_part":0},"geometry":{"type":"LineString","coordinates":[[-83.687296,37.638804],[-83.686778,37.638672],[-83.686092,37.63847],[-83.685683,37.638092],[-83.685466,37.637803],[-83.685369,37.637481],[-83.685307,37.636787],[-83.684991,37.636328],[-83.684845,37.635897],[-83.684699,37.635574],[-83.684643,37.635157]]}},{"type":"Feature","properties":{"osm_id":1348306855,"highway":"service","name":null,"alt_name":null,"official_name":null,"surface":null,"tracktype":null,"service":null,"access":null,"motor_vehicle":null,"foot":null,"tiger_reviewed":null,"rrgh_part":0,"rrgh_tile_part":0},"geometry":{"type":"LineString","coordinates":[[-83.686376,37.635224],[-83.6862244,37.6353039],[-83.6860368,37.6354101]]}},{"type":"Feature","properties":{"osm_id":1348306856,"highway":"service","name":null,"alt_name":null,"official_name":null,"surface":null,"tracktype":null,"service":null,"access":null,"motor_vehicle":null,"foot":null,"tiger_reviewed":null,"rrgh_part":0,"rrgh_tile_part":0},"geometry":{"type":"LineString","coordinates":[[-83.6861172,37.6360638],[-83.6860421,37.6358388],[-83.6860207,37.6356096],[-83.6860368,37.6354101],[-83.685892,37.635236],[-83.685904,37.635154]]}},{"type":"Feature","properties":{"osm_id":937273092,"highway":"track","name":"Miller Fork RP Road","alt_name":null,"official_name":null,"surface":"unpaved","tracktype":null,"service":null,"access":null,"motor_vehicle":null,"foot":null,"tiger_reviewed":"no","rrgh_part":0,"rrgh_tile_part":0},"geometry":{"type":"LineString","coordinates":[[-83.6767342,37.6391047],[-83.6770495,37.6392044],[-83.6771778,37.639245],[-83.6773922,37.639335],[-83.6774885,37.6393884],[-83.6776168,37.6394531],[-83.6778681,37.6395221],[-83.678007,37.639699],[-83.6782337,37.640095],[-83.6783761,37.6402211],[-83.6785293,37.6403387],[-83.6786372,37.6403964],[-83.6787238,37.6405402],[-83.6787494,37.6405827],[-83.6788339,37.6406947],[-83.6789645,37.6407883],[-83.6789351,37.6409286],[-83.6789973,37.6411512],[-83.6789415,37.6413376],[-83.679188,37.6417043],[-83.6794523,37.6421338],[-83.6794741,37.6422336],[-83.679559,37.6423814]]}},{"type":"Feature","properties":{"osm_id":953745419,"highway":"track","name":"Bowman Road","alt_name":null,"official_name":null,"surface":null,"tracktype":null,"service":null,"access":null,"motor_vehicle":null,"foot":null,"tiger_reviewed":null,"rrgh_part":0,"rrgh_tile_part":0},"geometry":{"type":"LineString","coordinates":[[-83.6789645,37.6407883],[-83.6790722,37.6407459],[-83.679173,37.6407028],[-83.6792448,37.640659],[-83.6792834,37.6406318],[-83.6793264,37.6406005],[-83.679434,37.640522],[-83.6795279,37.6405083],[-83.6796408,37.6404749],[-83.6796602,37.6403829],[-83.6796934,37.640343],[-83.6797211,37.6403266],[-83.6797525,37.6403158],[-83.6797866,37.6403137],[-83.6798182,37.6403036],[-83.6799597,37.6402285],[-83.6800202,37.6402022],[-83.6800962,37.6401665],[-83.6801673,37.6401722],[-83.6802337,37.6401787],[-83.6803086,37.6401746],[-83.6803791,37.6401705],[-83.6805184,37.6401596],[-83.6806192,37.6401489],[-83.6807166,37.6401386],[-83.6808448,37.6401183],[-83.6808991,37.6401603],[-83.6810196,37.6402121],[-83.6811385,37.6402376],[-83.6813161,37.6402714],[-83.6814622,37.6402943],[-83.6815755,37.6403155],[-83.6817771,37.6403584],[-83.68196,37.6403549],[-83.6820313,37.6403559],[-83.682098,37.6403998],[-83.6822099,37.6404783],[-83.6822759,37.6405149],[-83.682371,37.6405484],[-83.6824382,37.6405975],[-83.6825667,37.6406318],[-83.6827212,37.6407068],[-83.6828382,37.6407563],[-83.6830545,37.6408262],[-83.6833648,37.64091],[-83.6834545,37.6409509],[-83.6835639,37.6409799],[-83.6837226,37.6410099],[-83.6838234,37.6410312],[-83.6839395,37.641039],[-83.6841882,37.6410562],[-83.6842798,37.6410936],[-83.6843317,37.6411294],[-83.6843653,37.641136],[-83.6843921,37.641152],[-83.6844237,37.6411622],[-83.6844446,37.6411832],[-83.6844755,37.6411887],[-83.6845016,37.6412048],[-83.6845668,37.6412226],[-83.6845957,37.6412377],[-83.6846295,37.6412397],[-83.6846552,37.6412567],[-83.6846895,37.6412578],[-83.6849201,37.6413158],[-83.684989,37.641317],[-83.6850178,37.6413241]]}},{"type":"Feature","properties":{"osm_id":969789326,"highway":"service","name":null,"alt_name":null,"official_name":null,"surface":null,"tracktype":null,"service":null,"access":null,"motor_vehicle":null,"foot":null,"tiger_reviewed":null,"rrgh_part":0,"rrgh_tile_part":0},"geometry":{"type":"LineString","coordinates":[[-83.687629,37.6454397],[-83.6876211,37.6452827],[-83.6876145,37.6451987],[-83.6875659,37.6451304],[-83.68748,37.6450333],[-83.6872124,37.644799],[-83.6870864,37.6446897],[-83.6869441,37.6445719],[-83.6868742,37.6445381],[-83.6867759,37.644519],[-83.6866801,37.6445244],[-83.6863217,37.6446003],[-83.6859251,37.644633],[-83.6854818,37.6445915],[-83.6850935,37.6444651],[-83.6847961,37.6443102],[-83.6844574,37.6440639],[-83.6842205,37.643776],[-83.684014,37.6434489],[-83.683802,37.6432309],[-83.683612,37.6430848],[-83.6833283,37.6429474],[-83.682761,37.6428297],[-83.682348,37.6426814],[-83.6812217,37.6418746]]}},{"type":"Feature","properties":{"osm_id":1289358254,"highway":"residential","name":null,"alt_name":null,"official_name":null,"surface":"unpaved","tracktype":null,"service":null,"access":null,"motor_vehicle":null,"foot":null,"tiger_reviewed":null,"rrgh_part":0,"rrgh_tile_part":0},"geometry":{"type":"LineString","coordinates":[[-83.6844635,37.6581295],[-83.6844242,37.657976],[-83.6844282,37.657644],[-83.6844,37.6574829],[-83.6842891,37.6571884],[-83.6841899,37.6569235],[-83.6841245,37.6567465],[-83.6840662,37.6566562],[-83.6839883,37.6565805],[-83.6838733,37.6565041],[-83.6836805,37.6564362],[-83.6835273,37.656401],[-83.6834169,37.6563449],[-83.6833241,37.6562925],[-83.68324,37.6562117],[-83.6831345,37.6560812],[-83.6829786,37.6558148],[-83.6827291,37.6555245],[-83.6826678,37.6554242],[-83.68266,37.6553116],[-83.6827052,37.6550877],[-83.6827357,37.6549946],[-83.682736,37.6548719],[-83.682686,37.6547134],[-83.6826332,37.654577],[-83.6825331,37.6544146],[-83.6825026,37.6542894],[-83.6825193,37.654075],[-83.6825118,37.6539358],[-83.6824858,37.6537742],[-83.6824409,37.6536493],[-83.6823668,37.6535076],[-83.6822409,37.6533969],[-83.6817005,37.6529826],[-83.681572,37.6528963],[-83.6814538,37.6528374],[-83.6812968,37.6527832],[-83.6811175,37.6526982],[-83.6809383,37.6526278],[-83.6806917,37.6525388],[-83.6804838,37.6525001],[-83.680346,37.6524623],[-83.6802379,37.6524121],[-83.6801763,37.6522816],[-83.6800439,37.6521621],[-83.679992,37.6520938],[-83.679883,37.6519884],[-83.6798075,37.6518914],[-83.6798241,37.65174],[-83.679879,37.651548],[-83.6798833,37.6514016],[-83.6798405,37.6512286],[-83.6798031,37.6510102],[-83.6797801,37.6508199],[-83.6797561,37.6506302],[-83.6797277,37.6504767],[-83.6796639,37.6502044],[-83.6796945,37.6500109],[-83.6797003,37.6498409],[-83.6796379,37.6496282],[-83.6796487,37.6495179],[-83.6795994,37.6494111],[-83.6795555,37.6492502],[-83.6794284,37.6491265],[-83.6793351,37.6490077],[-83.6793318,37.6488665],[-83.6793206,37.6487635],[-83.6792613,37.6486482],[-83.6792527,37.648544],[-83.6792413,37.6484518],[-83.6791986,37.648393],[-83.6790952,37.6483248],[-83.6790027,37.648237],[-83.6789123,37.6481184],[-83.6788454,37.6480282],[-83.6788079,37.6479337],[-83.6788139,37.647812],[-83.6788427,37.6477081],[-83.6789077,37.6475647],[-83.6789585,37.6474184],[-83.6790299,37.6472788],[-83.6790963,37.6471732],[-83.679156,37.647088],[-83.679171,37.6470252],[-83.6790875,37.6469212],[-83.6790669,37.6468723],[-83.6791091,37.6467772],[-83.6792192,37.6466436],[-83.6793449,37.6465658],[-83.6794973,37.6463817],[-83.6795805,37.6462909],[-83.6796137,37.6461492],[-83.6795806,37.6456019],[-83.6795453,37.6454671],[-83.6796333,37.645248],[-83.6799198,37.6450792],[-83.6801012,37.6450188],[-83.6802052,37.6449904]]}},{"type":"Feature","properties":{"osm_id":1315233465,"highway":"track","name":null,"alt_name":null,"official_name":null,"surface":null,"tracktype":null,"service":null,"access":null,"motor_vehicle":null,"foot":null,"tiger_reviewed":null,"rrgh_part":0,"rrgh_tile_part":0},"geometry":{"type":"LineString","coordinates":[[-83.6867836,37.6489155],[-83.6866483,37.6487593],[-83.6865443,37.6486107],[-83.6864167,37.6484853],[-83.6863678,37.6482797],[-83.6860439,37.6479336],[-83.6858974,37.6477705],[-83.6859189,37.6475351],[-83.685751,37.6473969],[-83.6854796,37.6472023],[-83.6854934,37.647011],[-83.6854554,37.6468762],[-83.6856115,37.6467555],[-83.6855468,37.6465821],[-83.6853641,37.6463253],[-83.6852532,37.6461599],[-83.6851392,37.6460609],[-83.6849091,37.6460051],[-83.6846289,37.6458914],[-83.6843235,37.6456257],[-83.6842085,37.6455212],[-83.6841808,37.6454237],[-83.6838485,37.6451932],[-83.683678,37.6450702],[-83.6834073,37.6449821],[-83.6830729,37.644894],[-83.6828942,37.6447615],[-83.6824764,37.6443087],[-83.6820688,37.6438412],[-83.6816576,37.643545],[-83.6811927,37.6431574],[-83.680817,37.6428281],[-83.6803836,37.6426385],[-83.6799634,37.6424103],[-83.6796629,37.6421908],[-83.6794741,37.6422336]]}},{"type":"Feature","properties":{"osm_id":1395249488,"highway":"track","name":null,"alt_name":null,"official_name":null,"surface":null,"tracktype":null,"service":null,"access":null,"motor_vehicle":null,"foot":null,"tiger_reviewed":null,"rrgh_part":0,"rrgh_tile_part":0},"geometry":{"type":"LineString","coordinates":[[-83.6872355,37.6459726],[-83.6874165,37.6456424],[-83.6875471,37.6454967],[-83.687629,37.6454397]]}},{"type":"Feature","properties":{"osm_id":969789329,"highway":"service","name":null,"alt_name":null,"official_name":null,"surface":null,"tracktype":null,"service":null,"access":null,"motor_vehicle":null,"foot":null,"tiger_reviewed":null,"rrgh_part":0,"rrgh_tile_part":0},"geometry":{"type":"LineString","coordinates":[[-83.699314,37.651291],[-83.6993066,37.6510858],[-83.6993029,37.6509337],[-83.6992805,37.6508794],[-83.6992371,37.6508006],[-83.6991505,37.6507286],[-83.6990719,37.6507022],[-83.6989861,37.6507006],[-83.6988554,37.6507327],[-83.6986485,37.6507618],[-83.6985004,37.6507722],[-83.6983509,37.650765],[-83.6981607,37.6507412],[-83.6978741,37.6506814],[-83.6977004,37.6505851],[-83.6975703,37.650508],[-83.6973789,37.6504314],[-83.6971503,37.6503854],[-83.6969529,37.650394],[-83.6967306,37.6503827],[-83.696514,37.6503313],[-83.6965345,37.6501369]]}},{"type":"Feature","properties":{"osm_id":16269290,"highway":"residential","name":"Old 11 Road","alt_name":null,"official_name":null,"surface":null,"tracktype":null,"service":null,"access":null,"motor_vehicle":null,"foot":null,"tiger_reviewed":"no","rrgh_part":0,"rrgh_tile_part":0},"geometry":{"type":"LineString","coordinates":[[-83.6987944,37.6598272],[-83.698777,37.659911],[-83.6987507,37.6600544],[-83.698717,37.66027],[-83.698667,37.66042],[-83.698594,37.660569],[-83.698495,37.660701],[-83.698435,37.66076],[-83.69829,37.660854],[-83.698136,37.660925],[-83.698054,37.660952],[-83.697744,37.66101],[-83.697498,37.661028],[-83.697318,37.661019],[-83.697132,37.660995],[-83.697042,37.660974],[-83.6969579,37.6609457],[-83.69688,37.660912],[-83.6967168,37.6608114],[-83.6965008,37.6606375]]}},{"type":"Feature","properties":{"osm_id":16270075,"highway":"residential","name":"Crawford Road","alt_name":null,"official_name":null,"surface":null,"tracktype":null,"service":null,"access":null,"motor_vehicle":null,"foot":null,"tiger_reviewed":"no","rrgh_part":0,"rrgh_tile_part":0},"geometry":{"type":"LineString","coordinates":[[-83.698601,37.659301],[-83.698507,37.659169],[-83.698479,37.659112],[-83.698483,37.659061],[-83.698511,37.659021],[-83.698561,37.65898],[-83.698694,37.658897],[-83.699273,37.658559],[-83.699337,37.658511],[-83.699356,37.658482],[-83.699365,37.65845],[-83.699347,37.658385],[-83.699276,37.658299],[-83.699136,37.658216],[-83.698981,37.658145]]}},{"type":"Feature","properties":{"osm_id":16270226,"highway":"track","name":"Gabbard Drive","alt_name":null,"official_name":null,"surface":"unpaved","tracktype":null,"service":null,"access":null,"motor_vehicle":null,"foot":null,"tiger_reviewed":"no","rrgh_part":0,"rrgh_tile_part":0},"geometry":{"type":"LineString","coordinates":[[-83.6887377,37.6489775],[-83.6883088,37.6495163],[-83.6882418,37.6495401],[-83.6881435,37.6495121],[-83.6880011,37.6494179],[-83.6876522,37.6491501],[-83.6873411,37.6490158],[-83.6868851,37.6488844],[-83.6867836,37.6489155],[-83.6866596,37.6490657],[-83.6866415,37.6492318],[-83.6866281,37.6494262],[-83.6867513,37.6496199],[-83.687036,37.6502186],[-83.6872969,37.6507222],[-83.6874487,37.6510151],[-83.6875194,37.6513153],[-83.6872671,37.6517471],[-83.6871687,37.6521363],[-83.6870798,37.6523187],[-83.6868177,37.652579],[-83.6860512,37.6530129],[-83.6858705,37.6532746],[-83.6858683,37.6537288],[-83.6858252,37.6543946],[-83.6855287,37.6552128],[-83.6853864,37.6554124],[-83.6848674,37.6556978],[-83.6847764,37.6559689],[-83.6845628,37.6563469],[-83.6845428,37.6566216],[-83.6846579,37.656938],[-83.6847021,37.6571549],[-83.6846677,37.6573911],[-83.6845928,37.6576854],[-83.6844635,37.6581295]]}},{"type":"Feature","properties":{"osm_id":1315233463,"highway":"residential","name":"Gabbard Drive","alt_name":null,"official_name":null,"surface":"unpaved","tracktype":null,"service":null,"access":null,"motor_vehicle":null,"foot":null,"tiger_reviewed":"no","rrgh_part":0,"rrgh_tile_part":0},"geometry":{"type":"LineString","coordinates":[[-83.6844635,37.6581295],[-83.684487,37.6582544],[-83.6845516,37.6583781],[-83.6846543,37.6585031],[-83.6847928,37.658616],[-83.6848996,37.6587217],[-83.6850286,37.6588712],[-83.6851326,37.6590535],[-83.6851874,37.6592175],[-83.6852713,37.6595639],[-83.6853568,37.6598211],[-83.6854173,37.65992],[-83.6856334,37.660114],[-83.6857399,37.660223],[-83.6859119,37.6604197],[-83.6860677,37.6605546],[-83.6861843,37.6606505],[-83.6864503,37.6607992],[-83.6866007,37.6609091],[-83.6867654,37.6610497],[-83.6869585,37.6611971],[-83.6871072,37.6612675],[-83.6872834,37.6613386],[-83.687394,37.661399],[-83.687635,37.6616637],[-83.6878343,37.6619622],[-83.687911,37.6620967],[-83.6879237,37.6621797],[-83.6879596,37.6622833],[-83.6880452,37.6624119],[-83.6884296,37.6627621],[-83.6884693,37.6628412],[-83.6884649,37.6629283],[-83.688421,37.6630133],[-83.6883602,37.6630794],[-83.6882422,37.6631468],[-83.688079,37.663204],[-83.6873581,37.6631943],[-83.6872136,37.66321],[-83.6870827,37.6632505],[-83.6869782,37.663312],[-83.6869156,37.6633936],[-83.6869078,37.6635796],[-83.6869613,37.6639198],[-83.6869394,37.6640804],[-83.6868873,37.664195],[-83.6868598,37.6642825],[-83.686857,37.6643566],[-83.6869209,37.6645564],[-83.6873051,37.6650301],[-83.6874544,37.6650989],[-83.6875591,37.665122],[-83.6876749,37.6651316],[-83.6878965,37.6651151],[-83.6882677,37.6650874],[-83.6883007,37.6652703],[-83.6883623,37.6655078],[-83.6884048,37.6656262],[-83.6885022,37.665738]]}},{"type":"Feature","properties":{"osm_id":968853002,"highway":"service","name":null,"alt_name":null,"official_name":null,"surface":null,"tracktype":null,"service":null,"access":null,"motor_vehicle":null,"foot":null,"tiger_reviewed":null,"rrgh_part":0,"rrgh_tile_part":0},"geometry":{"type":"LineString","coordinates":[[-83.7547353,37.6686194],[-83.7550772,37.6685452],[-83.7555881,37.6684903],[-83.7561464,37.6687098],[-83.7566625,37.66906],[-83.7571154,37.6692851],[-83.7576316,37.6695631],[-83.7579651,37.669752],[-83.7582285,37.6700522],[-83.758548,37.6703023],[-83.758871,37.6706108],[-83.7589482,37.6712889],[-83.7590009,37.6715224],[-83.7590838,37.6716097],[-83.7593309,37.6718697],[-83.7599243,37.6723339],[-83.76,37.67237665180241]]}},{"type":"Feature","properties":{"osm_id":968853008,"highway":"service","name":null,"alt_name":null,"official_name":null,"surface":null,"tracktype":null,"service":null,"access":null,"motor_vehicle":null,"foot":null,"tiger_reviewed":null,"rrgh_part":0,"rrgh_tile_part":0},"geometry":{"type":"LineString","coordinates":[[-83.7536091,37.6728782],[-83.7537477,37.6728114],[-83.7539689,37.6726575],[-83.7542121,37.6725709],[-83.7544747,37.672542],[-83.75473,37.6725035],[-83.755051,37.6724073],[-83.7552261,37.6723745],[-83.7555349,37.6724015],[-83.7558607,37.6725381],[-83.7560601,37.6726228],[-83.7561623,37.6727268],[-83.7561112,37.6728538],[-83.7560869,37.672975],[-83.756172,37.6731386],[-83.7563179,37.6732214],[-83.7564662,37.6732888],[-83.7565051,37.6733965]]}},{"type":"Feature","properties":{"osm_id":16268873,"highway":"service","name":null,"alt_name":null,"official_name":null,"surface":null,"tracktype":null,"service":null,"access":"private","motor_vehicle":null,"foot":null,"tiger_reviewed":"no","rrgh_part":0,"rrgh_tile_part":0},"geometry":{"type":"LineString","coordinates":[[-83.7485379,37.6723208],[-83.7490377,37.6723668],[-83.7496018,37.6723732],[-83.7502615,37.6725668],[-83.7512183,37.672602],[-83.752401,37.672775],[-83.752983,37.672935],[-83.7532875,37.6730929],[-83.7535374,37.6734092]]}},{"type":"Feature","properties":{"osm_id":968853003,"highway":"track","name":null,"alt_name":null,"official_name":null,"surface":null,"tracktype":null,"service":null,"access":null,"motor_vehicle":null,"foot":null,"tiger_reviewed":null,"rrgh_part":0,"rrgh_tile_part":0},"geometry":{"type":"LineString","coordinates":[[-83.7311599,37.6669749],[-83.7311909,37.6668636],[-83.7311387,37.6667138],[-83.7311713,37.6665589],[-83.7312561,37.6664504],[-83.7313671,37.6663755],[-83.731429,37.6662257],[-83.7315334,37.6660191],[-83.7316346,37.6658461],[-83.7317422,37.6656912],[-83.7317227,37.6655466],[-83.7317063,37.665309],[-83.7317161,37.6651514],[-83.7318532,37.6648648],[-83.7320587,37.6645213],[-83.7321794,37.6643405],[-83.7323034,37.6642527],[-83.7324534,37.6642424],[-83.7326133,37.6643431],[-83.7329134,37.6646065],[-83.7330079,37.6646603],[-83.7333984,37.6648824],[-83.7338724,37.6652298],[-83.734392,37.6657051],[-83.7347677,37.6659747],[-83.7350767,37.6663416],[-83.7354769,37.6667307],[-83.7357168,37.6668921],[-83.7362629,37.6674727],[-83.7366491,37.6677043],[-83.7367882,37.667796],[-83.7369149,37.6676578],[-83.7370332,37.6675508],[-83.7371374,37.6675396],[-83.7371937,37.6676957],[-83.7373289,37.6678607],[-83.7377824,37.6680412],[-83.7386105,37.6681995],[-83.7391963,37.6683177],[-83.7395175,37.6684314],[-83.7398892,37.6685629],[-83.7402048,37.6686248],[-83.7404375,37.6688752],[-83.7405178,37.6690958],[-83.7407504,37.6697344],[-83.7408916,37.6699554],[-83.7410905,37.6699947],[-83.7413774,37.6699626],[-83.7418451,37.6698642],[-83.7420936,37.6698624],[-83.7425658,37.6699679],[-83.742733,37.6699657],[-83.7428241,37.6700239]]}},{"type":"Feature","properties":{"osm_id":1265555691,"highway":"track","name":null,"alt_name":null,"official_name":null,"surface":null,"tracktype":null,"service":null,"access":null,"motor_vehicle":null,"foot":null,"tiger_reviewed":null,"rrgh_part":0,"rrgh_tile_part":0},"geometry":{"type":"LineString","coordinates":[[-83.7428241,37.6700239],[-83.7424066,37.6703188],[-83.7418755,37.6706352],[-83.7415295,37.6707371],[-83.7411164,37.6707986],[-83.7407758,37.6706118],[-83.7405814,37.6703576]]}},{"type":"Feature","properties":{"osm_id":1265555693,"highway":"track","name":null,"alt_name":null,"official_name":null,"surface":null,"tracktype":null,"service":null,"access":null,"motor_vehicle":null,"foot":null,"tiger_reviewed":null,"rrgh_part":0,"rrgh_tile_part":0},"geometry":{"type":"LineString","coordinates":[[-83.7401847,37.6724205],[-83.7405105,37.6724611],[-83.7406553,37.6725274],[-83.7407764,37.6727079],[-83.7410831,37.6729151],[-83.7413519,37.6729912],[-83.7416599,37.673022],[-83.7420437,37.6730112],[-83.7423456,37.6730935]]}},{"type":"Feature","properties":{"osm_id":1265557954,"highway":"track","name":null,"alt_name":null,"official_name":null,"surface":null,"tracktype":null,"service":null,"access":null,"motor_vehicle":null,"foot":null,"tiger_reviewed":null,"rrgh_part":0,"rrgh_tile_part":0},"geometry":{"type":"LineString","coordinates":[[-83.7428241,37.6700239],[-83.7435609,37.6705439],[-83.7443011,37.6707498],[-83.7450709,37.6710938],[-83.7454169,37.6715247],[-83.7455001,37.6720852],[-83.7453633,37.6723973],[-83.7451997,37.6725778],[-83.7451004,37.6731807],[-83.745361,37.6738888],[-83.745394,37.6746214],[-83.7450493,37.6749129],[-83.745010105,37.675]]}},{"type":"Feature","properties":{"osm_id":1442150376,"highway":"track","name":null,"alt_name":null,"official_name":null,"surface":null,"tracktype":null,"service":null,"access":null,"motor_vehicle":null,"foot":null,"tiger_reviewed":null,"rrgh_part":0,"rrgh_tile_part":0},"geometry":{"type":"LineString","coordinates":[[-83.7412172,37.6657419],[-83.7414951,37.6660136],[-83.7416471,37.6662325],[-83.7417315,37.6665609],[-83.7417452,37.6669065],[-83.7418669,37.6671235],[-83.7420169,37.6675215],[-83.7420228,37.667824],[-83.7421431,37.6681091],[-83.7423856,37.6683727],[-83.7424986,37.668483]]}},{"type":"Feature","properties":{"osm_id":1442150377,"highway":"track","name":null,"alt_name":null,"official_name":null,"surface":null,"tracktype":null,"service":null,"access":null,"motor_vehicle":null,"foot":null,"tiger_reviewed":null,"rrgh_part":0,"rrgh_tile_part":0},"geometry":{"type":"LineString","coordinates":[[-83.7399129,37.6667991],[-83.7401149,37.6669284],[-83.7404009,37.6672375],[-83.7406126,37.6674771],[-83.7409186,37.6677691],[-83.7412863,37.6680828],[-83.7415651,37.6683446],[-83.7417803,37.6686348],[-83.7419195,37.6688045],[-83.7419885,37.6689099],[-83.7419784,37.6690289],[-83.741915,37.6690735],[-83.7417524,37.6691535],[-83.7416415,37.6692434],[-83.7415835,37.6693969],[-83.7415112,37.6695453],[-83.7413819,37.6696539],[-83.7412183,37.6697204],[-83.7410727,37.6697109],[-83.7409147,37.6696052],[-83.7408059,37.6695057],[-83.7407216,37.6693359],[-83.7405178,37.6690958]]}},{"type":"Feature","properties":{"osm_id":1410470448,"highway":"service","name":null,"alt_name":null,"official_name":null,"surface":null,"tracktype":null,"service":null,"access":null,"motor_vehicle":null,"foot":null,"tiger_reviewed":null,"rrgh_part":0,"rrgh_tile_part":0},"geometry":{"type":"LineString","coordinates":[[-83.7546367,37.6686408],[-83.7547353,37.6686194]]}},{"type":"Feature","properties":{"osm_id":1410470449,"highway":"service","name":null,"alt_name":null,"official_name":null,"surface":null,"tracktype":null,"service":null,"access":null,"motor_vehicle":null,"foot":null,"tiger_reviewed":null,"rrgh_part":0,"rrgh_tile_part":0},"geometry":{"type":"LineString","coordinates":[[-83.754608,37.668647],[-83.7546367,37.6686408]]}},{"type":"Feature","properties":{"osm_id":1410470453,"highway":"service","name":null,"alt_name":null,"official_name":null,"surface":null,"tracktype":null,"service":null,"access":null,"motor_vehicle":null,"foot":null,"tiger_reviewed":null,"rrgh_part":0,"rrgh_tile_part":0},"geometry":{"type":"LineString","coordinates":[[-83.7535357,37.6729043],[-83.7536091,37.6728782]]}},{"type":"Feature","properties":{"osm_id":1410470454,"highway":"service","name":null,"alt_name":null,"official_name":null,"surface":null,"tracktype":null,"service":null,"access":null,"motor_vehicle":null,"foot":null,"tiger_reviewed":null,"rrgh_part":0,"rrgh_tile_part":0},"geometry":{"type":"LineString","coordinates":[[-83.7535107,37.6729122],[-83.7535357,37.6729043]]}},{"type":"Feature","properties":{"osm_id":1265560014,"highway":"track","name":null,"alt_name":null,"official_name":null,"surface":null,"tracktype":null,"service":null,"access":null,"motor_vehicle":null,"foot":null,"tiger_reviewed":null,"rrgh_part":0,"rrgh_tile_part":0},"geometry":{"type":"LineString","coordinates":[[-83.7380628,37.6644346],[-83.7381968,37.6642349],[-83.7379906,37.663798],[-83.7380443,37.6632566],[-83.7384761,37.6627194],[-83.7386075,37.6626026],[-83.7387953,37.6624667],[-83.7390018,37.6623818],[-83.7393639,37.6624434]]}},{"type":"Feature","properties":{"osm_id":1265560015,"highway":"track","name":null,"alt_name":null,"official_name":null,"surface":null,"tracktype":null,"service":null,"access":null,"motor_vehicle":null,"foot":null,"tiger_reviewed":null,"rrgh_part":0,"rrgh_tile_part":0},"geometry":{"type":"LineString","coordinates":[[-83.7386075,37.6626026],[-83.738629,37.6622735],[-83.7380711,37.6620378],[-83.7376902,37.661887],[-83.7374944,37.6618658],[-83.7371645,37.6618679],[-83.7370626,37.6617957],[-83.7368212,37.6614751],[-83.7365154,37.6612861],[-83.7363533,37.6612531]]}},{"type":"Feature","properties":{"osm_id":1265561133,"highway":"track","name":null,"alt_name":null,"official_name":null,"surface":null,"tracktype":null,"service":null,"access":null,"motor_vehicle":null,"foot":null,"tiger_reviewed":null,"rrgh_part":0,"rrgh_tile_part":0},"geometry":{"type":"LineString","coordinates":[[-83.7390286,37.6645876],[-83.7390866,37.6641749],[-83.7390967,37.6638628]]}},{"type":"Feature","properties":{"osm_id":1441993757,"highway":"track","name":null,"alt_name":null,"official_name":null,"surface":null,"tracktype":null,"service":null,"access":null,"motor_vehicle":null,"foot":null,"tiger_reviewed":null,"rrgh_part":0,"rrgh_tile_part":0},"geometry":{"type":"LineString","coordinates":[[-83.7373826,37.6652625],[-83.7372335,37.6654455],[-83.7369016,37.6656579],[-83.7367119,37.6658273],[-83.7364979,37.665935],[-83.7362349,37.6661128]]}},{"type":"Feature","properties":{"osm_id":1441993765,"highway":"track","name":null,"alt_name":null,"official_name":null,"surface":null,"tracktype":null,"service":null,"access":null,"motor_vehicle":null,"foot":null,"tiger_reviewed":null,"rrgh_part":0,"rrgh_tile_part":0},"geometry":{"type":"LineString","coordinates":[[-83.7373897,37.6650134],[-83.7373826,37.6652625],[-83.737288,37.6656118],[-83.7372173,37.6658467],[-83.7370276,37.6661107]]}},{"type":"Feature","properties":{"osm_id":1265315798,"highway":"track","name":null,"alt_name":null,"official_name":null,"surface":null,"tracktype":null,"service":null,"access":null,"motor_vehicle":null,"foot":null,"tiger_reviewed":null,"rrgh_part":0,"rrgh_tile_part":0},"geometry":{"type":"LineString","coordinates":[[-83.7307375,37.6656758],[-83.7307339,37.6658562],[-83.7302598,37.6660033]]}},{"type":"Feature","properties":{"osm_id":1265315799,"highway":"track","name":null,"alt_name":null,"official_name":null,"surface":null,"tracktype":null,"service":null,"access":null,"motor_vehicle":null,"foot":null,"tiger_reviewed":null,"rrgh_part":0,"rrgh_tile_part":0},"geometry":{"type":"LineString","coordinates":[[-83.7302438,37.6657665],[-83.7301067,37.6656141]]}},{"type":"Feature","properties":{"osm_id":1265315800,"highway":"track","name":null,"alt_name":null,"official_name":null,"surface":null,"tracktype":null,"service":null,"access":null,"motor_vehicle":null,"foot":null,"tiger_reviewed":null,"rrgh_part":0,"rrgh_tile_part":0},"geometry":{"type":"LineString","coordinates":[[-83.7321127,37.6631057],[-83.7319644,37.6630213],[-83.731823,37.6629399],[-83.7318246,37.6626552],[-83.7316814,37.6624877],[-83.7314379,37.6623076],[-83.7314538,37.6625557]]}},{"type":"Feature","properties":{"osm_id":1265549802,"highway":"track","name":null,"alt_name":null,"official_name":null,"surface":null,"tracktype":null,"service":null,"access":null,"motor_vehicle":null,"foot":null,"tiger_reviewed":null,"rrgh_part":0,"rrgh_tile_part":0},"geometry":{"type":"LineString","coordinates":[[-83.7291268,37.6605166],[-83.7290776,37.6607774],[-83.7292636,37.6609038],[-83.7294536,37.6612159],[-83.7297265,37.6612687]]}},{"type":"Feature","properties":{"osm_id":1265561134,"highway":"track","name":null,"alt_name":null,"official_name":null,"surface":null,"tracktype":null,"service":null,"access":null,"motor_vehicle":null,"foot":null,"tiger_reviewed":null,"rrgh_part":0,"rrgh_tile_part":0},"geometry":{"type":"LineString","coordinates":[[-83.7339541,37.6663769],[-83.733879,37.6659884],[-83.7337127,37.6655892],[-83.7334794,37.6652198],[-83.7332138,37.6648673],[-83.7330079,37.6646603]]}},{"type":"Feature","properties":{"osm_id":1441993744,"highway":"track","name":null,"alt_name":null,"official_name":null,"surface":null,"tracktype":null,"service":null,"access":null,"motor_vehicle":null,"foot":null,"tiger_reviewed":null,"rrgh_part":0,"rrgh_tile_part":0},"geometry":{"type":"LineString","coordinates":[[-83.7339356,37.6631034],[-83.7339414,37.662749],[-83.7338932,37.6625208],[-83.7338395,37.662307],[-83.733761,37.6621547],[-83.7336386,37.662038],[-83.7335723,37.6618923],[-83.733534,37.6617729],[-83.7335363,37.661611],[-83.7336004,37.6614984],[-83.7336554,37.6613537],[-83.7335974,37.6612211],[-83.7334502,37.6610939],[-83.7333214,37.6610396],[-83.7330845,37.660978],[-83.7328211,37.6609502],[-83.7325795,37.6609626],[-83.7323229,37.6609876],[-83.7321344,37.6610383],[-83.7319087,37.6611172],[-83.7317631,37.6611492],[-83.731405,37.661165]]}},{"type":"Feature","properties":{"osm_id":1441993762,"highway":"track","name":null,"alt_name":null,"official_name":null,"surface":null,"tracktype":null,"service":null,"access":null,"motor_vehicle":null,"foot":null,"tiger_reviewed":null,"rrgh_part":0,"rrgh_tile_part":0},"geometry":{"type":"LineString","coordinates":[[-83.732917,37.6614628],[-83.7329805,37.661713],[-83.7329656,37.66197],[-83.7330475,37.6621936],[-83.7331324,37.6624515],[-83.7331679,37.6626291],[-83.7332001,37.6628504],[-83.7330672,37.6630337],[-83.7329614,37.6631753],[-83.7329162,37.6634539],[-83.7330243,37.6637866]]}},{"type":"Feature","properties":{"osm_id":16268387,"highway":"unclassified","name":null,"alt_name":null,"official_name":null,"surface":"unpaved","tracktype":null,"service":null,"access":null,"motor_vehicle":null,"foot":null,"tiger_reviewed":"no","rrgh_part":0,"rrgh_tile_part":0},"geometry":{"type":"LineString","coordinates":[[-83.730739,37.66658],[-83.7311599,37.6669749],[-83.7312525,37.667048],[-83.7315271,37.667573],[-83.7318898,37.6680391],[-83.7322515,37.6683292],[-83.7323731,37.668858],[-83.7325291,37.669084],[-83.7327391,37.669479],[-83.7328321,37.669759],[-83.7328541,37.670126],[-83.7329973,37.6704732],[-83.7330051,37.6704921],[-83.7330168,37.6707277],[-83.7330451,37.6709726],[-83.733137,37.6712249],[-83.7332947,37.6714568],[-83.7334125,37.6716539],[-83.7335699,37.6718365],[-83.7336998,37.6719157]]}},{"type":"Feature","properties":{"osm_id":894725394,"highway":"track","name":null,"alt_name":null,"official_name":null,"surface":null,"tracktype":null,"service":null,"access":null,"motor_vehicle":null,"foot":null,"tiger_reviewed":null,"rrgh_part":0,"rrgh_tile_part":0},"geometry":{"type":"LineString","coordinates":[[-83.7336998,37.6719157],[-83.7337809,37.671915],[-83.7338654,37.6719378],[-83.7339263,37.6719759],[-83.7339986,37.6719979],[-83.7340532,37.6719924],[-83.7340906,37.6719838],[-83.7340982,37.6719606],[-83.7340911,37.6718995],[-83.7340637,37.6717899],[-83.7340269,37.6715095],[-83.734007,37.6713347],[-83.7339423,37.6711503],[-83.7338809,37.671004],[-83.7338567,37.6708652],[-83.7338532,37.6707331],[-83.7338558,37.6706716],[-83.7338551,37.6706511],[-83.7338486,37.6704452],[-83.7338221,37.6702428],[-83.7338209,37.6700939],[-83.7337581,37.6699148],[-83.7337083,37.6697019],[-83.7337024,37.6695506],[-83.733696,37.6693903],[-83.7336525,37.6691779],[-83.7336286,37.6689985],[-83.7336762,37.6688716],[-83.7337517,37.668724],[-83.7337861,37.6685962],[-83.7338277,37.6684906],[-83.7338655,37.6684502],[-83.7339098,37.6684165],[-83.7339434,37.6684123],[-83.7339615,37.6684088],[-83.7340522,37.6684452],[-83.7340989,37.6685072],[-83.7341226,37.6686077],[-83.7341152,37.6687567],[-83.7341006,37.6688949],[-83.7341171,37.6689223],[-83.7341958,37.6689778],[-83.7343025,37.669113],[-83.7343764,37.6692385],[-83.7343975,37.6693429],[-83.734427,37.6695286],[-83.7344508,37.6696801],[-83.7344845,37.6698539],[-83.7345312,37.6699353],[-83.7346446,37.6700732],[-83.7347674,37.6701987],[-83.7349002,37.6702974],[-83.7350547,37.6703208],[-83.7351458,37.670309],[-83.7352992,37.6702366],[-83.7354356,37.6700926],[-83.7355267,37.6698951],[-83.7356609,37.6696042],[-83.7357548,37.6694646],[-83.7357994,37.6693615],[-83.7358579,37.6692958],[-83.7359252,37.6692668],[-83.7359835,37.6692657],[-83.7360414,37.6693179],[-83.7360962,37.6693844],[-83.7361574,37.6694784],[-83.7361861,37.6695162]]}},{"type":"Feature","properties":{"osm_id":894725395,"highway":"track","name":null,"alt_name":null,"official_name":null,"surface":null,"tracktype":null,"service":null,"access":null,"motor_vehicle":null,"foot":null,"tiger_reviewed":null,"rrgh_part":0,"rrgh_tile_part":0},"geometry":{"type":"LineString","coordinates":[[-83.7338551,37.6706511],[-83.7339121,37.670672],[-83.7339351,37.6707411],[-83.7339943,37.6708516],[-83.7341066,37.6709347],[-83.7343242,37.671106],[-83.7344382,37.671166],[-83.734492,37.6712061],[-83.7345775,37.6713099],[-83.7346421,37.6714033],[-83.7347293,37.6715325],[-83.7348353,37.6716213],[-83.7348825,37.6717108],[-83.7349662,37.6718256],[-83.7351161,37.6719546],[-83.7352256,37.6720787],[-83.7353938,37.6722851],[-83.7354628,37.6724141],[-83.7354331,37.6725936],[-83.7353989,37.6727929],[-83.7354198,37.672937],[-83.7354756,37.673037],[-83.735493,37.6731601],[-83.7354915,37.6732657],[-83.7355125,37.6734891],[-83.7355954,37.67368],[-83.7357132,37.6739225],[-83.7358236,37.6741612],[-83.7358682,37.6743285],[-83.7358556,37.6743758],[-83.7357275,37.6746502],[-83.7356142,37.6748639],[-83.7355536,37.6749703],[-83.7354819,37.6749929],[-83.7354031,37.6749915],[-83.7353776,37.6749402],[-83.7354077,37.6748477],[-83.7353878,37.674761],[-83.7352699,37.6745977],[-83.735076,37.6743822],[-83.7349684,37.6742415],[-83.7348385,37.6741505],[-83.7347485,37.6739827],[-83.7346108,37.6738409],[-83.7346037,37.6737606],[-83.7346779,37.6735925],[-83.7346908,37.6732759],[-83.7347275,37.6731658],[-83.7347305,37.6730598],[-83.7346681,37.6729811],[-83.7345887,37.6728675],[-83.7345224,37.6727411],[-83.734434,37.6725662],[-83.7344046,37.6724425],[-83.7343576,37.6723538],[-83.7342458,37.6722155],[-83.7341348,37.6721064],[-83.7340532,37.6719924]]}},{"type":"Feature","properties":{"osm_id":968853006,"highway":"track","name":null,"alt_name":null,"official_name":null,"surface":null,"tracktype":null,"service":null,"access":null,"motor_vehicle":null,"foot":null,"tiger_reviewed":null,"rrgh_part":0,"rrgh_tile_part":0},"geometry":{"type":"LineString","coordinates":[[-83.7370774,37.6629752],[-83.7372943,37.6628178],[-83.7373666,37.662757],[-83.7374932,37.6627212],[-83.7375768,37.6627785],[-83.737579,37.6628661],[-83.7376261,37.663015],[-83.7375415,37.6632117],[-83.7372757,37.6636329],[-83.737387,37.663823],[-83.7378953,37.6640108],[-83.7380628,37.6644346],[-83.7384647,37.6646797],[-83.7387403,37.664728],[-83.7390286,37.6645876],[-83.7389451,37.6647813],[-83.7386918,37.664943],[-83.7384014,37.6649623],[-83.7382139,37.6649104],[-83.7381145,37.6649766],[-83.7380332,37.6655167],[-83.7377168,37.6658422],[-83.7376084,37.665962],[-83.7375542,37.666055],[-83.7375655,37.6661713],[-83.7377168,37.666207],[-83.737988,37.6661552],[-83.7385342,37.6659425],[-83.7387506,37.6659964],[-83.7390619,37.6661369],[-83.7396552,37.6664603],[-83.73993,37.6666797],[-83.7399129,37.6667991],[-83.7397379,37.6668761],[-83.7395117,37.6669165],[-83.7393002,37.6668992],[-83.7389889,37.6668934],[-83.7382351,37.6669916],[-83.7377561,37.6671321],[-83.737457,37.6672649],[-83.7371374,37.6675396],[-83.7370682,37.6676156],[-83.7370614,37.6677345],[-83.7371729,37.6678841],[-83.7373522,37.6681593],[-83.7374523,37.6684154],[-83.73745,37.6687241],[-83.7373641,37.6688752]]}},{"type":"Feature","properties":{"osm_id":1265315797,"highway":"track","name":null,"alt_name":null,"official_name":null,"surface":null,"tracktype":null,"service":null,"access":null,"motor_vehicle":null,"foot":null,"tiger_reviewed":null,"rrgh_part":0,"rrgh_tile_part":0},"geometry":{"type":"LineString","coordinates":[[-83.7260814,37.6687301],[-83.7262437,37.6685223],[-83.7261928,37.6680928],[-83.7260114,37.6679001],[-83.7260735,37.6678095],[-83.7264171,37.6676231],[-83.7265699,37.6674215],[-83.7267354,37.667191],[-83.7269565,37.6669744],[-83.7274068,37.6667162],[-83.7277473,37.6665512],[-83.7279971,37.6663686],[-83.7280242,37.6662451],[-83.728029,37.6661079],[-83.7280974,37.6660008],[-83.7282215,37.6660008],[-83.7284936,37.6660776],[-83.7289359,37.666123],[-83.7292223,37.6661897],[-83.7295167,37.6661897],[-83.7297808,37.6661759],[-83.7302598,37.6660033],[-83.7302741,37.6659492],[-83.7302438,37.6657665],[-83.7303059,37.6655789],[-83.73036,37.6652992]]}},{"type":"Feature","properties":{"osm_id":1265315803,"highway":"track","name":null,"alt_name":null,"official_name":null,"surface":null,"tracktype":null,"service":null,"access":null,"motor_vehicle":null,"foot":null,"tiger_reviewed":null,"rrgh_part":0,"rrgh_tile_part":0},"geometry":{"type":"LineString","coordinates":[[-83.7175602,37.6638985],[-83.7172686,37.6642861],[-83.7172592,37.6642987],[-83.7176346,37.6647753],[-83.7179394,37.6650372],[-83.7184969,37.6656403],[-83.7188202,37.6657345],[-83.7190581,37.6658904],[-83.7192811,37.6661434],[-83.7193778,37.6665524],[-83.7193332,37.6669584],[-83.7194781,37.6670172],[-83.7197383,37.667032],[-83.7200579,37.6673173],[-83.72011,37.667591],[-83.720411,37.6679234],[-83.720582,37.6680029],[-83.7207976,37.6683942],[-83.7209388,37.6686354],[-83.7210945,37.6686354],[-83.7213477,37.6686354],[-83.7218086,37.668556],[-83.7221542,37.6680029],[-83.7222063,37.6677351],[-83.7221505,37.6672173],[-83.722259,37.6670064],[-83.722314,37.6668996],[-83.7222955,37.6665553],[-83.7222769,37.6661405],[-83.7225928,37.6658227],[-83.7229533,37.6656874],[-83.723146,37.665587],[-83.7234105,37.6654491],[-83.7240572,37.6651813],[-83.7242951,37.6652019],[-83.7249009,37.6651401],[-83.7250552,37.6650057],[-83.7252317,37.6647429],[-83.7253656,37.6645282],[-83.7255068,37.6642634],[-83.7260532,37.6641957],[-83.7271905,37.6641251],[-83.7277071,37.6640898],[-83.7281526,37.6642133],[-83.7283427,37.6642692],[-83.728536,37.6641515],[-83.7287999,37.6638603],[-83.7291567,37.6634042]]}},{"type":"Feature","properties":{"osm_id":1265316570,"highway":"track","name":null,"alt_name":null,"official_name":null,"surface":null,"tracktype":null,"service":null,"access":null,"motor_vehicle":null,"foot":null,"tiger_reviewed":null,"rrgh_part":0,"rrgh_tile_part":0},"geometry":{"type":"LineString","coordinates":[[-83.7272507,37.6644217],[-83.7275,37.6644594],[-83.7280127,37.6647299],[-83.7284637,37.6648253],[-83.7286289,37.664914],[-83.7290071,37.6650138],[-83.7292536,37.6649672],[-83.7294226,37.6646273],[-83.7294497,37.6644648],[-83.7293224,37.6643074],[-83.7292444,37.6640857],[-83.7292762,37.6639144],[-83.7294162,37.6637569],[-83.7294624,37.6635075],[-83.7295563,37.6633174],[-83.7296979,37.6631624],[-83.7297217,37.6630642],[-83.7296215,37.6628299],[-83.7293701,37.6627606],[-83.7291219,37.6629886],[-83.7289994,37.6632166],[-83.7286398,37.663374],[-83.7283804,37.6635378],[-83.7281147,37.6637129],[-83.7277312,37.6637897],[-83.7272364,37.6638678],[-83.7270994,37.6638646]]}},{"type":"Feature","properties":{"osm_id":1265316571,"highway":"track","name":null,"alt_name":null,"official_name":null,"surface":null,"tracktype":null,"service":null,"access":null,"motor_vehicle":null,"foot":null,"tiger_reviewed":null,"rrgh_part":0,"rrgh_tile_part":0},"geometry":{"type":"LineString","coordinates":[[-83.7292536,37.6649672],[-83.728985,37.6651348],[-83.728415,37.6653687],[-83.7280793,37.6653737],[-83.7277542,37.6653069],[-83.7275325,37.6652735],[-83.7274375,37.6653721],[-83.7274649,37.6656578],[-83.7274696,37.6656708],[-83.7275388,37.6658634],[-83.7274797,37.6660489],[-83.7270722,37.6662478],[-83.7264959,37.666455],[-83.726289,37.6665503],[-83.7262151,37.6666856],[-83.7261982,37.6670182],[-83.7261496,37.6672839],[-83.7259533,37.6674527],[-83.7257084,37.6676349],[-83.725814,37.6677819],[-83.7260114,37.6679001]]}},{"type":"Feature","properties":{"osm_id":1265322133,"highway":"track","name":null,"alt_name":null,"official_name":null,"surface":null,"tracktype":null,"service":null,"access":null,"motor_vehicle":null,"foot":null,"tiger_reviewed":null,"rrgh_part":0,"rrgh_tile_part":0},"geometry":{"type":"LineString","coordinates":[[-83.7246796,37.6726038],[-83.7249039,37.6725531],[-83.7252556,37.6723617],[-83.7254958,37.6722446],[-83.72562,37.6721577],[-83.7257568,37.6721614],[-83.7257998,37.6722068],[-83.7257854,37.6724133],[-83.7259493,37.6724876],[-83.7260607,37.6727231],[-83.7262548,37.6728869],[-83.7266287,37.673077],[-83.7268324,37.6732559],[-83.727044,37.6733931],[-83.7273066,37.6735921],[-83.7274068,37.673669],[-83.7276678,37.6737231],[-83.7277855,37.6738289],[-83.7281976,37.6738188],[-83.7285397,37.6737823],[-83.7288961,37.6735506],[-83.729138,37.6733566],[-83.7294578,37.6731438],[-83.7296774,37.6730581],[-83.7298795,37.6730103]]}},{"type":"Feature","properties":{"osm_id":1265322134,"highway":"track","name":null,"alt_name":null,"official_name":null,"surface":null,"tracktype":null,"service":null,"access":null,"motor_vehicle":null,"foot":null,"tiger_reviewed":null,"rrgh_part":0,"rrgh_tile_part":0},"geometry":{"type":"LineString","coordinates":[[-83.7311698,37.6744227],[-83.7310136,37.6742473],[-83.7310052,37.6739749],[-83.7311213,37.673482],[-83.731134,37.6733182],[-83.7310242,37.6730508],[-83.7310326,37.6727801],[-83.7310474,37.6725061],[-83.7309038,37.6723657],[-83.7306547,37.6722487],[-83.7306651,37.672218],[-83.7306716,37.6721986],[-83.7307286,37.6721568],[-83.7309186,37.6720582],[-83.7311215,37.6719965],[-83.73121,37.6719697],[-83.7318032,37.6717708],[-83.7320291,37.6716304],[-83.7321642,37.6714316],[-83.7321853,37.6713263],[-83.7324155,37.6711675],[-83.7326519,37.6709704],[-83.732825,37.6707247],[-83.7329973,37.6704732]]}},{"type":"Feature","properties":{"osm_id":1265549801,"highway":"track","name":null,"alt_name":null,"official_name":null,"surface":null,"tracktype":null,"service":null,"access":null,"motor_vehicle":null,"foot":null,"tiger_reviewed":null,"rrgh_part":0,"rrgh_tile_part":0},"geometry":{"type":"LineString","coordinates":[[-83.729196,37.6604012],[-83.7291933,37.6604883],[-83.7291268,37.6605166],[-83.7289439,37.6605945],[-83.7286784,37.660947],[-83.7283029,37.6612994],[-83.7281526,37.6615479],[-83.7278737,37.6617135],[-83.7273426,37.6618388],[-83.7268598,37.6621424]]}},{"type":"Feature","properties":{"osm_id":1265557955,"highway":"track","name":null,"alt_name":null,"official_name":null,"surface":null,"tracktype":null,"service":null,"access":null,"motor_vehicle":null,"foot":null,"tiger_reviewed":null,"rrgh_part":0,"rrgh_tile_part":0},"geometry":{"type":"LineString","coordinates":[[-83.7341006,37.6688949],[-83.7341359,37.6691192],[-83.7341923,37.669393],[-83.7340445,37.6696535],[-83.7340857,37.6698283],[-83.7342715,37.67009],[-83.734369,37.6703252],[-83.7344848,37.6704687],[-83.7344437,37.6705495],[-83.7345336,37.6706833],[-83.7348093,37.6708642],[-83.7350074,37.6711645],[-83.7350958,37.6713828],[-83.7351841,37.671467],[-83.7353797,37.6715687],[-83.7354678,37.6716823]]}},{"type":"Feature","properties":{"osm_id":1265560013,"highway":"track","name":null,"alt_name":null,"official_name":null,"surface":null,"tracktype":null,"service":null,"access":null,"motor_vehicle":null,"foot":null,"tiger_reviewed":null,"rrgh_part":0,"rrgh_tile_part":0},"geometry":{"type":"LineString","coordinates":[[-83.7320716,37.6631944],[-83.7328044,37.6636923],[-83.7330243,37.6637866],[-83.7333542,37.663928],[-83.7340757,37.664013],[-83.7344942,37.6639747],[-83.7348294,37.6639386],[-83.7352318,37.6640979],[-83.7353337,37.6642125],[-83.7353525,37.6645395],[-83.7354624,37.6648155],[-83.7353525,37.6650661],[-83.7353632,37.6651659],[-83.73539,37.6655013],[-83.7355912,37.6656988],[-83.735897,37.6658602],[-83.7362054,37.665943],[-83.7362349,37.6661128],[-83.7362081,37.6663697],[-83.7362296,37.6665162]]}},{"type":"Feature","properties":{"osm_id":1313750824,"highway":"track","name":null,"alt_name":null,"official_name":null,"surface":null,"tracktype":null,"service":null,"access":null,"motor_vehicle":null,"foot":null,"tiger_reviewed":null,"rrgh_part":0,"rrgh_tile_part":0},"geometry":{"type":"LineString","coordinates":[[-83.7340969,37.6683651],[-83.7343058,37.6682994],[-83.7345918,37.6682159],[-83.7347823,37.6681737],[-83.7350642,37.6681304],[-83.7351992,37.6680967],[-83.7353032,37.6680565],[-83.735369,37.6679963],[-83.7354479,37.6678971],[-83.7355133,37.6677871],[-83.7355636,37.6676723],[-83.7355712,37.6675543],[-83.7356007,37.6674216],[-83.7356186,37.6672783],[-83.7356321,37.6671425],[-83.7355861,37.6670067],[-83.735533,37.6669007],[-83.735496,37.6668031],[-83.7354769,37.6667307]]}},{"type":"Feature","properties":{"osm_id":1313750825,"highway":"track","name":null,"alt_name":null,"official_name":null,"surface":null,"tracktype":null,"service":null,"access":null,"motor_vehicle":null,"foot":null,"tiger_reviewed":null,"rrgh_part":0,"rrgh_tile_part":0},"geometry":{"type":"LineString","coordinates":[[-83.7392034,37.6726384],[-83.7392997,37.6726844],[-83.7393764,37.6728721],[-83.739427,37.6730595],[-83.7393143,37.6734381],[-83.7393156,37.6735549],[-83.7393477,37.6736777],[-83.7394807,37.6738148],[-83.73956,37.6739021],[-83.7396128,37.6739603],[-83.7398548,37.674101],[-83.7400669,37.6742251],[-83.7402074,37.6744541],[-83.7404057,37.674803],[-83.74049046588094,37.675]]}},{"type":"Feature","properties":{"osm_id":1313750825,"highway":"track","name":null,"alt_name":null,"official_name":null,"surface":null,"tracktype":null,"service":null,"access":null,"motor_vehicle":null,"foot":null,"tiger_reviewed":null,"rrgh_part":0,"rrgh_tile_part":1},"geometry":{"type":"LineString","coordinates":[[-83.74007154848272,37.675],[-83.7400068,37.6749434],[-83.7398133,37.674807],[-83.7396115,37.6747323],[-83.7394748,37.6748022]]}},{"type":"Feature","properties":{"osm_id":1441993751,"highway":"track","name":null,"alt_name":null,"official_name":null,"surface":null,"tracktype":null,"service":null,"access":null,"motor_vehicle":null,"foot":null,"tiger_reviewed":null,"rrgh_part":0,"rrgh_tile_part":0},"geometry":{"type":"LineString","coordinates":[[-83.7345425,37.6622625],[-83.7344385,37.6624264],[-83.7343427,37.6625438],[-83.7341257,37.6627684],[-83.7340344,37.6628965],[-83.7339356,37.6631034],[-83.7339672,37.6632748],[-83.7340011,37.6634475],[-83.7341051,37.663609],[-83.734261,37.663688],[-83.7344185,37.6637094],[-83.7345437,37.6636504],[-83.7346608,37.6635749],[-83.734814,37.6635054],[-83.7349879,37.6634606],[-83.7351381,37.6634437],[-83.7352813,37.6634955],[-83.7354781,37.6637189]]}},{"type":"Feature","properties":{"osm_id":1441993753,"highway":"track","name":null,"alt_name":null,"official_name":null,"surface":null,"tracktype":null,"service":null,"access":null,"motor_vehicle":null,"foot":null,"tiger_reviewed":null,"rrgh_part":0,"rrgh_tile_part":0},"geometry":{"type":"LineString","coordinates":[[-83.7357163,37.6630201],[-83.7356248,37.6628897],[-83.7354526,37.6627778],[-83.7352285,37.6626949],[-83.7350519,37.6626547],[-83.7348923,37.6627148],[-83.7347723,37.6628346],[-83.7346915,37.6628943],[-83.7345655,37.662944],[-83.7344645,37.6629193],[-83.7344827,37.6627921],[-83.7345114,37.6626556],[-83.7345383,37.6625292],[-83.7345425,37.6622625],[-83.7345217,37.6620561],[-83.7344659,37.6618604],[-83.7343934,37.6616746]]}},{"type":"Feature","properties":{"osm_id":1441993760,"highway":"track","name":null,"alt_name":null,"official_name":null,"surface":null,"tracktype":null,"service":null,"access":null,"motor_vehicle":null,"foot":null,"tiger_reviewed":null,"rrgh_part":0,"rrgh_tile_part":0},"geometry":{"type":"LineString","coordinates":[[-83.7353337,37.6642125],[-83.7354657,37.6639443],[-83.7354781,37.6637189],[-83.7354617,37.6634718],[-83.7353646,37.6632682],[-83.7353072,37.6631047],[-83.7354413,37.6629983],[-83.7357163,37.6630201],[-83.7359075,37.6632392],[-83.7360357,37.6634424],[-83.7361352,37.6637352],[-83.7362153,37.6639029],[-83.7362049,37.6642356],[-83.7361952,37.6644309],[-83.7362751,37.6646816],[-83.7363142,37.6649278],[-83.7364386,37.6649701],[-83.7367142,37.6649108],[-83.736969,37.6648763],[-83.7372344,37.6649255],[-83.7373897,37.6650134],[-83.7375292,37.6651475],[-83.7376337,37.665272],[-83.7376755,37.6653677],[-83.7376129,37.6656646],[-83.7375542,37.666055]]}},{"type":"Feature","properties":{"osm_id":968853007,"highway":"track","name":null,"alt_name":null,"official_name":null,"surface":null,"tracktype":null,"service":null,"access":null,"motor_vehicle":null,"foot":null,"tiger_reviewed":null,"rrgh_part":0,"rrgh_tile_part":0},"geometry":{"type":"LineString","coordinates":[[-83.7367882,37.667796],[-83.7370142,37.667985],[-83.7372809,37.6684433],[-83.7373641,37.6688752],[-83.7375128,37.6692826],[-83.7375733,37.669466],[-83.7376041,37.6696108],[-83.737694,37.6701003],[-83.7382747,37.6709393],[-83.7391941,37.6716473],[-83.739698,37.672113],[-83.7401847,37.6724205]]}},{"type":"Feature","properties":{"osm_id":1265555692,"highway":"track","name":null,"alt_name":null,"official_name":null,"surface":null,"tracktype":null,"service":null,"access":null,"motor_vehicle":null,"foot":null,"tiger_reviewed":null,"rrgh_part":0,"rrgh_tile_part":0},"geometry":{"type":"LineString","coordinates":[[-83.7405814,37.6703576],[-83.7405011,37.6709888],[-83.7405387,37.6712987]]}},{"type":"Feature","properties":{"osm_id":1265555694,"highway":"track","name":null,"alt_name":null,"official_name":null,"surface":null,"tracktype":null,"service":null,"access":null,"motor_vehicle":null,"foot":null,"tiger_reviewed":null,"rrgh_part":0,"rrgh_tile_part":0},"geometry":{"type":"LineString","coordinates":[[-83.7391941,37.6716473],[-83.7392536,37.6721005],[-83.7392094,37.6725395],[-83.7392034,37.6726384],[-83.7389626,37.6727143],[-83.7388135,37.6727632],[-83.7387676,37.6727783],[-83.7386381,37.6727264],[-83.7385132,37.6724611],[-83.7383258,37.6722682],[-83.7381491,37.672191],[-83.7379739,37.6722187],[-83.7378169,37.6723058],[-83.7375579,37.6725865],[-83.7373309,37.6727324],[-83.7371466,37.6728205],[-83.7375762,37.6728337],[-83.7378246,37.6728398]]}},{"type":"Feature","properties":{"osm_id":1265555695,"highway":"track","name":null,"alt_name":null,"official_name":null,"surface":null,"tracktype":null,"service":null,"access":null,"motor_vehicle":null,"foot":null,"tiger_reviewed":null,"rrgh_part":0,"rrgh_tile_part":0},"geometry":{"type":"LineString","coordinates":[[-83.7388135,37.6727632],[-83.7387294,37.6726856],[-83.7386465,37.6721528],[-83.7384302,37.6719368],[-83.7381411,37.6717176]]}},{"type":"Feature","properties":{"osm_id":1265555696,"highway":"track","name":null,"alt_name":null,"official_name":null,"surface":null,"tracktype":null,"service":null,"access":null,"motor_vehicle":null,"foot":null,"tiger_reviewed":null,"rrgh_part":0,"rrgh_tile_part":0},"geometry":{"type":"LineString","coordinates":[[-83.7375733,37.669466],[-83.7379344,37.6692888],[-83.7382321,37.6691508],[-83.7384065,37.6691338],[-83.7385003,37.6692888],[-83.7385701,37.6697687],[-83.7387551,37.6701635],[-83.7390153,37.6704098]]}},{"type":"Feature","properties":{"osm_id":1265557953,"highway":"track","name":null,"alt_name":null,"official_name":null,"surface":null,"tracktype":null,"service":null,"access":null,"motor_vehicle":null,"foot":null,"tiger_reviewed":null,"rrgh_part":0,"rrgh_tile_part":0},"geometry":{"type":"LineString","coordinates":[[-83.7389869,37.6693682],[-83.7393983,37.6692476],[-83.7395004,37.6690957],[-83.7395415,37.668834],[-83.7395583,37.6687194],[-83.7395175,37.6684314]]}},{"type":"Feature","properties":{"osm_id":1442150375,"highway":"track","name":null,"alt_name":null,"official_name":null,"surface":null,"tracktype":null,"service":null,"access":null,"motor_vehicle":null,"foot":null,"tiger_reviewed":null,"rrgh_part":0,"rrgh_tile_part":0},"geometry":{"type":"LineString","coordinates":[[-83.7417803,37.6686348],[-83.7417509,37.6684852],[-83.741694,37.6683042],[-83.7416363,37.6681404],[-83.7414665,37.6679531]]}},{"type":"Feature","properties":{"osm_id":1264881650,"highway":"track","name":null,"alt_name":null,"official_name":null,"surface":null,"tracktype":null,"service":null,"access":null,"motor_vehicle":null,"foot":null,"tiger_reviewed":null,"rrgh_part":0,"rrgh_tile_part":0},"geometry":{"type":"LineString","coordinates":[[-83.7306103,37.6682973],[-83.7306157,37.6681807],[-83.7306237,37.6680732],[-83.7306446,37.6679664],[-83.730664,37.6677731],[-83.7306826,37.6676647],[-83.7307066,37.6675265],[-83.7307318,37.6674283],[-83.7307444,37.6673138],[-83.7307441,37.6672407],[-83.7306982,37.6671764],[-83.7306245,37.667103],[-83.7305302,37.666974],[-83.7304144,37.6668702],[-83.7303764,37.6668687],[-83.7298864,37.6669873],[-83.7294824,37.6670311],[-83.7293998,37.6670349],[-83.7292842,37.6671075],[-83.7291775,37.6671654],[-83.729072,37.6672253],[-83.7290118,37.667238],[-83.7289014,37.6672989]]}},{"type":"Feature","properties":{"osm_id":1265322135,"highway":"track","name":null,"alt_name":null,"official_name":null,"surface":null,"tracktype":null,"service":null,"access":null,"motor_vehicle":null,"foot":null,"tiger_reviewed":null,"rrgh_part":0,"rrgh_tile_part":0},"geometry":{"type":"LineString","coordinates":[[-83.7311215,37.6719965],[-83.7307399,37.6719448],[-83.730571,37.6717794],[-83.7304844,37.671629],[-83.7303972,37.6713355],[-83.7302285,37.6711],[-83.7301617,37.6711592],[-83.7301235,37.6715622],[-83.7299757,37.67194]]}},{"type":"Feature","properties":{"osm_id":1265560012,"highway":"track","name":null,"alt_name":null,"official_name":null,"surface":null,"tracktype":null,"service":null,"access":null,"motor_vehicle":null,"foot":null,"tiger_reviewed":null,"rrgh_part":0,"rrgh_tile_part":0},"geometry":{"type":"LineString","coordinates":[[-83.7298795,37.6730103],[-83.7300713,37.672955],[-83.7300759,37.6729023],[-83.7298658,37.6727397],[-83.729782,37.6726242],[-83.7296407,37.6723161],[-83.7296534,37.6721425],[-83.7296924,37.6719308],[-83.7297027,37.6717817],[-83.7297326,37.6716199],[-83.7297854,37.6715954],[-83.72986,37.6716172],[-83.7299289,37.6716936],[-83.7299703,37.6719235],[-83.7299757,37.67194],[-83.7300208,37.6720771],[-83.730146,37.6721716],[-83.73058,37.672218],[-83.7306651,37.672218]]}},{"type":"Feature","properties":{"osm_id":1313750823,"highway":"track","name":null,"alt_name":null,"official_name":null,"surface":null,"tracktype":null,"service":null,"access":null,"motor_vehicle":null,"foot":null,"tiger_reviewed":null,"rrgh_part":0,"rrgh_tile_part":0},"geometry":{"type":"LineString","coordinates":[[-83.7339615,37.6684088],[-83.7339823,37.6683437],[-83.7340969,37.6683651],[-83.7342283,37.6684258],[-83.7343633,37.6685228],[-83.7344403,37.6686262],[-83.734497,37.6687342],[-83.7345255,37.6687695],[-83.7345757,37.6687905]]}},{"type":"Feature","properties":{"osm_id":16268331,"highway":"track","name":null,"alt_name":null,"official_name":null,"surface":null,"tracktype":null,"service":null,"access":null,"motor_vehicle":null,"foot":null,"tiger_reviewed":"no","rrgh_part":0,"rrgh_tile_part":0},"geometry":{"type":"LineString","coordinates":[[-83.723183,37.674039],[-83.7232329,37.6741013],[-83.7234054,37.674069],[-83.7237945,37.6738611],[-83.7240692,37.6737404],[-83.7243507,37.6737165],[-83.724532,37.6737663],[-83.7245652,37.6737833],[-83.7251954,37.6741048],[-83.7255913,37.6743896],[-83.7258786,37.6747122],[-83.72622887219744,37.675]]}},{"type":"Feature","properties":{"osm_id":1265322136,"highway":"track","name":null,"alt_name":null,"official_name":null,"surface":null,"tracktype":null,"service":null,"access":null,"motor_vehicle":null,"foot":null,"tiger_reviewed":null,"rrgh_part":0,"rrgh_tile_part":0},"geometry":{"type":"LineString","coordinates":[[-83.72974826963086,37.675],[-83.7297128,37.6746457],[-83.7296938,37.6745121],[-83.729679,37.674238],[-83.7296726,37.6740542],[-83.7295333,37.6740074],[-83.7293918,37.6740007],[-83.7292272,37.6740442],[-83.7291132,37.6741795],[-83.7290266,37.6743851],[-83.7290351,37.6746524],[-83.72881854500828,37.675]]}},{"type":"Feature","properties":{"osm_id":1265322136,"highway":"track","name":null,"alt_name":null,"official_name":null,"surface":null,"tracktype":null,"service":null,"access":null,"motor_vehicle":null,"foot":null,"tiger_reviewed":null,"rrgh_part":0,"rrgh_tile_part":1},"geometry":{"type":"LineString","coordinates":[[-83.72723732364904,37.675],[-83.7269956,37.6746992],[-83.7268816,37.6745706]]}},{"type":"Feature","properties":{"osm_id":1265322137,"highway":"track","name":null,"alt_name":null,"official_name":null,"surface":null,"tracktype":null,"service":null,"access":null,"motor_vehicle":null,"foot":null,"tiger_reviewed":null,"rrgh_part":0,"rrgh_tile_part":0},"geometry":{"type":"LineString","coordinates":[[-83.7292272,37.6740442],[-83.7289326,37.6740759],[-83.7286581,37.6741978],[-83.7283055,37.6744652],[-83.7280733,37.6744853],[-83.7279868,37.6744251],[-83.7277841,37.6742496],[-83.7276426,37.6740642]]}},{"type":"Feature","properties":{"osm_id":1265557956,"highway":"track","name":null,"alt_name":null,"official_name":null,"surface":null,"tracktype":null,"service":null,"access":null,"motor_vehicle":null,"foot":null,"tiger_reviewed":null,"rrgh_part":0,"rrgh_tile_part":0},"geometry":{"type":"LineString","coordinates":[[-83.7311698,37.6744227],[-83.7314344,37.6745519],[-83.7317397,37.6749567],[-83.73175595986571,37.675]]}},{"type":"Feature","properties":{"osm_id":1265318406,"highway":"track","name":null,"alt_name":null,"official_name":null,"surface":null,"tracktype":null,"service":null,"access":null,"motor_vehicle":null,"foot":null,"tiger_reviewed":null,"rrgh_part":0,"rrgh_tile_part":0},"geometry":{"type":"LineString","coordinates":[[-83.7267206,37.6654975],[-83.7266024,37.665429],[-83.7267713,37.665185],[-83.7268579,37.664819],[-83.7268868,37.6646889],[-83.726987,37.6645542],[-83.7271032,37.6644685],[-83.7272507,37.6644217]]}},{"type":"Feature","properties":{"osm_id":1265318407,"highway":"track","name":null,"alt_name":null,"official_name":null,"surface":null,"tracktype":null,"service":null,"access":null,"motor_vehicle":null,"foot":null,"tiger_reviewed":null,"rrgh_part":0,"rrgh_tile_part":0},"geometry":{"type":"LineString","coordinates":[[-83.7266692,37.6659467],[-83.726327,37.6658234],[-83.7263127,37.6658927],[-83.7262731,37.6659722]]}},{"type":"Feature","properties":{"osm_id":1265318408,"highway":"track","name":null,"alt_name":null,"official_name":null,"surface":null,"tracktype":null,"service":null,"access":null,"motor_vehicle":null,"foot":null,"tiger_reviewed":null,"rrgh_part":0,"rrgh_tile_part":0},"geometry":{"type":"LineString","coordinates":[[-83.726327,37.6658234],[-83.7258576,37.6655136],[-83.7257303,37.6654141],[-83.7258374,37.6652251],[-83.7261168,37.6651624],[-83.7264322,37.6651102]]}},{"type":"Feature","properties":{"osm_id":1265318412,"highway":"track","name":null,"alt_name":null,"official_name":null,"surface":null,"tracktype":null,"service":null,"access":null,"motor_vehicle":null,"foot":null,"tiger_reviewed":null,"rrgh_part":0,"rrgh_tile_part":0},"geometry":{"type":"LineString","coordinates":[[-83.7175602,37.6638985],[-83.7175769,37.6639026],[-83.7178237,37.6639632],[-83.7182354,37.6639599],[-83.7185014,37.6638813],[-83.7188266,37.6635989],[-83.718987,37.6633565],[-83.7190799,37.6632028],[-83.7191712,37.6631161]]}},{"type":"Feature","properties":{"osm_id":1265318413,"highway":"track","name":null,"alt_name":null,"official_name":null,"surface":null,"tracktype":null,"service":null,"access":null,"motor_vehicle":null,"foot":null,"tiger_reviewed":null,"rrgh_part":0,"rrgh_tile_part":0},"geometry":{"type":"LineString","coordinates":[[-83.7175769,37.6639026],[-83.7172854,37.6636156],[-83.7171123,37.6632864],[-83.7171249,37.6630958],[-83.7173128,37.6629337],[-83.7174796,37.6628117],[-83.7175662,37.6626981],[-83.7175408,37.6625527],[-83.7172917,37.6625025],[-83.7169413,37.6624942],[-83.7165781,37.6625627],[-83.716443,37.6625677],[-83.7162643,37.6625069]]}},{"type":"Feature","properties":{"osm_id":1265316575,"highway":"track","name":null,"alt_name":null,"official_name":null,"surface":null,"tracktype":null,"service":null,"access":null,"motor_vehicle":null,"foot":null,"tiger_reviewed":null,"rrgh_part":0,"rrgh_tile_part":0},"geometry":{"type":"LineString","coordinates":[[-83.725189,37.6678304],[-83.7249337,37.667763],[-83.7246378,37.6677643],[-83.7244898,37.6678184],[-83.7244516,37.6678751],[-83.7244819,37.6679368],[-83.7245328,37.6679809],[-83.7248001,37.6680955],[-83.7248701,37.6681497],[-83.7248987,37.6682328],[-83.7248605,37.6683298],[-83.7247014,37.6683588],[-83.724458,37.6682605],[-83.7240729,37.6681371],[-83.723944,37.6679519],[-83.7238502,37.6678676],[-83.723621,37.6678159],[-83.7234142,37.6677933],[-83.723263,37.6676396],[-83.7231437,37.6675099],[-83.7231357,37.6672945],[-83.7232264,37.6670552],[-83.7232837,37.6667844],[-83.7233251,37.6665451],[-83.7233887,37.6662995],[-83.7236108,37.6659672],[-83.7238557,37.6657967],[-83.7241407,37.6657816],[-83.7247213,37.6659053],[-83.7251182,37.6662145],[-83.7253885,37.666395],[-83.7255616,37.6664368],[-83.7256988,37.6663248],[-83.7258339,37.6662178],[-83.7260556,37.6660457],[-83.7262731,37.6659722],[-83.7266467,37.6659471],[-83.7266692,37.6659467],[-83.7269845,37.6659404],[-83.7270669,37.6658335],[-83.7269803,37.6656713],[-83.7267882,37.6655644],[-83.7267206,37.6654975],[-83.7268367,37.665429],[-83.7272273,37.6654925],[-83.7274696,37.6656708]]}},{"type":"Feature","properties":{"osm_id":1265318410,"highway":"track","name":null,"alt_name":null,"official_name":null,"surface":null,"tracktype":null,"service":null,"access":null,"motor_vehicle":null,"foot":null,"tiger_reviewed":null,"rrgh_part":0,"rrgh_tile_part":0},"geometry":{"type":"LineString","coordinates":[[-83.7221542,37.6680029],[-83.7226089,37.6680232],[-83.7229478,37.6679993],[-83.7230958,37.6680295]]}},{"type":"Feature","properties":{"osm_id":1265318410,"highway":"track","name":null,"alt_name":null,"official_name":null,"surface":null,"tracktype":null,"service":null,"access":null,"motor_vehicle":null,"foot":null,"tiger_reviewed":null,"rrgh_part":1,"rrgh_tile_part":0},"geometry":{"type":"LineString","coordinates":[[-83.7230958,37.6680295],[-83.7233647,37.6682034],[-83.7234856,37.6682273],[-83.7235525,37.6681593],[-83.7234681,37.6680459],[-83.7233218,37.6679955],[-83.7230958,37.6680295]]}},{"type":"Feature","properties":{"osm_id":1265318411,"highway":"track","name":null,"alt_name":null,"official_name":null,"surface":null,"tracktype":null,"service":null,"access":null,"motor_vehicle":null,"foot":null,"tiger_reviewed":null,"rrgh_part":0,"rrgh_tile_part":0},"geometry":{"type":"LineString","coordinates":[[-83.7218086,37.668556],[-83.7214381,37.6690854],[-83.7212692,37.6694363],[-83.7210813,37.6695082],[-83.7208512,37.6695032],[-83.7207182,37.6694029],[-83.7205387,37.6690403],[-83.7204416,37.66892],[-83.7202685,37.6688347],[-83.7199919,37.6684922],[-83.7197069,37.6683117],[-83.7194515,37.6682231],[-83.719006,37.6682047],[-83.7184972,37.6682064],[-83.7183283,37.6681312],[-83.7182396,37.6678454],[-83.7180517,37.6675179],[-83.7180475,37.6671719],[-83.7181151,37.6670199],[-83.7181995,37.6669129],[-83.718284,37.666826],[-83.7182798,37.6666405],[-83.7181151,37.666572],[-83.7177182,37.6664968],[-83.7174986,37.6663531],[-83.7173382,37.6661188],[-83.7173593,37.6659637],[-83.7174268,37.6657564],[-83.7175049,37.6655241],[-83.7174395,37.6654005],[-83.7171883,37.6651264],[-83.71707,37.6648155],[-83.7169201,37.6646066],[-83.7167344,37.6644897],[-83.716595,37.6643626],[-83.7166309,37.6642791],[-83.7166942,37.6642122],[-83.7168568,37.6641888],[-83.7170489,37.6642289],[-83.7172686,37.6642861]]}},{"type":"Feature","properties":{"osm_id":1265322132,"highway":"track","name":null,"alt_name":null,"official_name":null,"surface":null,"tracktype":null,"service":null,"access":null,"motor_vehicle":null,"foot":null,"tiger_reviewed":null,"rrgh_part":0,"rrgh_tile_part":0},"geometry":{"type":"LineString","coordinates":[[-83.7190038,37.6731485],[-83.7193063,37.6729798],[-83.7197306,37.6725387],[-83.7200959,37.6722897],[-83.7203788,37.6722295],[-83.7206828,37.6722529],[-83.7212021,37.6724819],[-83.7212589,37.6725239],[-83.7213309,37.6725771],[-83.7215188,37.6732305],[-83.7217553,37.6736449],[-83.7219685,37.6739624],[-83.7222113,37.674203],[-83.7223126,37.6744119],[-83.7223241,37.6745643],[-83.7223291,37.6747128],[-83.7224134,37.6748563],[-83.7225204,37.6749132]]}},{"type":"Feature","properties":{"osm_id":1265328934,"highway":"track","name":null,"alt_name":null,"official_name":null,"surface":null,"tracktype":null,"service":null,"access":null,"motor_vehicle":null,"foot":null,"tiger_reviewed":null,"rrgh_part":0,"rrgh_tile_part":0},"geometry":{"type":"LineString","coordinates":[[-83.7191679,37.6747788],[-83.7191404,37.6746391],[-83.7192206,37.6745193],[-83.7191656,37.6744521],[-83.7187231,37.6746518],[-83.7182738,37.6746209],[-83.7175378,37.6748568],[-83.71723298450846,37.675]]}},{"type":"Feature","properties":{"osm_id":1265328934,"highway":"track","name":null,"alt_name":null,"official_name":null,"surface":null,"tracktype":null,"service":null,"access":null,"motor_vehicle":null,"foot":null,"tiger_reviewed":null,"rrgh_part":0,"rrgh_tile_part":1},"geometry":{"type":"LineString","coordinates":[[-83.71637199999998,37.675],[-83.716309,37.6749856],[-83.7160591,37.6747661],[-83.7159674,37.6745338],[-83.7160476,37.6743959],[-83.7163892,37.674091],[-83.7167285,37.6739368],[-83.7171068,37.6736446],[-83.7175791,37.6733543],[-83.7177969,37.6731674],[-83.7178608,37.672976]]}},{"type":"Feature","properties":{"osm_id":1265328937,"highway":"track","name":null,"alt_name":null,"official_name":null,"surface":null,"tracktype":null,"service":null,"access":null,"motor_vehicle":null,"foot":null,"tiger_reviewed":null,"rrgh_part":0,"rrgh_tile_part":0},"geometry":{"type":"LineString","coordinates":[[-83.7212589,37.6725239],[-83.720693,37.6729407],[-83.7203651,37.6731856],[-83.7201152,37.6733054],[-83.7197782,37.6735812],[-83.7195329,37.6739405],[-83.7193358,37.6742127],[-83.7191656,37.6744521]]}},{"type":"Feature","properties":{"osm_id":1265328938,"highway":"track","name":null,"alt_name":null,"official_name":null,"surface":null,"tracktype":null,"service":null,"access":null,"motor_vehicle":null,"foot":null,"tiger_reviewed":null,"rrgh_part":0,"rrgh_tile_part":0},"geometry":{"type":"LineString","coordinates":[[-83.7205852,37.6724471],[-83.7201863,37.6725052],[-83.7200281,37.6725941],[-83.7196384,37.6729588],[-83.719267,37.6734143],[-83.7187832,37.6737881],[-83.7184164,37.6740204],[-83.7177584,37.6743615],[-83.7170225,37.674592],[-83.716713,37.6746337],[-83.7165777,37.6745938],[-83.7165833,37.6744904],[-83.716862,37.6743117],[-83.7174214,37.6740422],[-83.7177159,37.673973],[-83.7182016,37.6737889]]}},{"type":"Feature","properties":{"osm_id":1265328939,"highway":"track","name":null,"alt_name":null,"official_name":null,"surface":null,"tracktype":null,"service":null,"access":null,"motor_vehicle":null,"foot":null,"tiger_reviewed":null,"rrgh_part":0,"rrgh_tile_part":0},"geometry":{"type":"LineString","coordinates":[[-83.7206448,37.671265],[-83.7209057,37.6711747],[-83.7210647,37.6711789],[-83.7213308,37.6712732],[-83.7216574,37.6709559],[-83.7217127,37.6708547],[-83.7219338,37.6707303],[-83.7222206,37.6707179],[-83.7226284,37.6708629]]}},{"type":"Feature","properties":{"osm_id":1265328940,"highway":"track","name":null,"alt_name":null,"official_name":null,"surface":null,"tracktype":null,"service":null,"access":null,"motor_vehicle":null,"foot":null,"tiger_reviewed":null,"rrgh_part":0,"rrgh_tile_part":0},"geometry":{"type":"LineString","coordinates":[[-83.7227459,37.6712937],[-83.7224055,37.6712021],[-83.7219615,37.6712322],[-83.7217507,37.6714428],[-83.7216228,37.6715987],[-83.7211597,37.6716562],[-83.7209697,37.6716507],[-83.7208504,37.6716876],[-83.7209282,37.6717273],[-83.7215191,37.6717642],[-83.7217524,37.671704],[-83.7220807,37.671555],[-83.7223606,37.6714866]]}},{"type":"Feature","properties":{"osm_id":1265548346,"highway":"track","name":null,"alt_name":null,"official_name":null,"surface":null,"tracktype":null,"service":null,"access":null,"motor_vehicle":null,"foot":null,"tiger_reviewed":null,"rrgh_part":0,"rrgh_tile_part":0},"geometry":{"type":"LineString","coordinates":[[-83.723146,37.665587],[-83.7230134,37.6658547],[-83.7229753,37.6660826],[-83.7229174,37.666249],[-83.7228032,37.6664709],[-83.7226615,37.6668231],[-83.722259,37.6670064]]}},{"type":"Feature","properties":{"osm_id":1265548347,"highway":"track","name":null,"alt_name":null,"official_name":null,"surface":null,"tracktype":null,"service":null,"access":null,"motor_vehicle":null,"foot":null,"tiger_reviewed":null,"rrgh_part":0,"rrgh_tile_part":0},"geometry":{"type":"LineString","coordinates":[[-83.7222769,37.6661405],[-83.7221221,37.6659548],[-83.7218174,37.6657305],[-83.7217672,37.6656062],[-83.7216986,37.6652384],[-83.7214929,37.664838]]}},{"type":"Feature","properties":{"osm_id":1360804622,"highway":"track","name":null,"alt_name":null,"official_name":null,"surface":null,"tracktype":null,"service":null,"access":null,"motor_vehicle":null,"foot":null,"tiger_reviewed":null,"rrgh_part":0,"rrgh_tile_part":0},"geometry":{"type":"LineString","coordinates":[[-83.7251532,37.6687612],[-83.7247237,37.6687995],[-83.7238781,37.6687045],[-83.7233555,37.6686671],[-83.7227718,37.6685846],[-83.7224119,37.6687031],[-83.7222096,37.6691223],[-83.7219966,37.6696089],[-83.7221988,37.6700265],[-83.7225497,37.6701307],[-83.722879,37.6701832],[-83.7231361,37.6701351],[-83.7234063,37.6700498],[-83.7239081,37.6700843],[-83.7242432,37.6702195],[-83.7243848,37.6704412],[-83.7243986,37.6708403]]}},{"type":"Feature","properties":{"osm_id":1360921439,"highway":"track","name":null,"alt_name":null,"official_name":null,"surface":null,"tracktype":null,"service":null,"access":null,"motor_vehicle":null,"foot":null,"tiger_reviewed":null,"rrgh_part":0,"rrgh_tile_part":0},"geometry":{"type":"LineString","coordinates":[[-83.7152088,37.6643767],[-83.7152044,37.6645928],[-83.7150557,37.6648436],[-83.7150574,37.6649951],[-83.7151393,37.6652382],[-83.7152366,37.6655683],[-83.7154492,37.6657924],[-83.7158186,37.6659467],[-83.716217,37.6662207],[-83.7163548,37.6665077],[-83.716613,37.6667563],[-83.7167424,37.6671696],[-83.7167112,37.6676055],[-83.716993,37.6679179],[-83.7171616,37.6682262],[-83.7171806,37.6684619],[-83.717202,37.6686587],[-83.7172879,37.6689379],[-83.7172898,37.6693277],[-83.71708,37.6699088],[-83.7167559,37.6708425],[-83.7165602,37.6714872],[-83.7165397,37.671909],[-83.7162424,37.6730926],[-83.7159248,37.6738536],[-83.7155417,37.6741748],[-83.7153456,37.6747843],[-83.71542188322208,37.675]]}},{"type":"Feature","properties":{"osm_id":1265316572,"highway":"track","name":null,"alt_name":null,"official_name":null,"surface":null,"tracktype":null,"service":null,"access":null,"motor_vehicle":null,"foot":null,"tiger_reviewed":null,"rrgh_part":0,"rrgh_tile_part":0},"geometry":{"type":"LineString","coordinates":[[-83.7261928,37.6680928],[-83.7259512,37.6681496],[-83.725947,37.6684203]]}},{"type":"Feature","properties":{"osm_id":1265316573,"highway":"track","name":null,"alt_name":null,"official_name":null,"surface":null,"tracktype":null,"service":null,"access":null,"motor_vehicle":null,"foot":null,"tiger_reviewed":null,"rrgh_part":0,"rrgh_tile_part":0},"geometry":{"type":"LineString","coordinates":[[-83.7259512,37.6681496],[-83.7257844,37.6679891],[-83.7254339,37.6678655],[-83.725189,37.6678304],[-83.7252207,37.6679507],[-83.7254867,37.6681045],[-83.7255353,37.6683551],[-83.7254487,37.668549],[-83.7251532,37.6687612],[-83.7248766,37.6688815],[-83.7245589,37.6689741],[-83.7242284,37.6689885],[-83.7238505,37.6689551],[-83.7234895,37.6689751],[-83.723232,37.6692041],[-83.7231855,37.6693444],[-83.7232298,37.6694531],[-83.7233629,37.6694848],[-83.7235761,37.6694781],[-83.7237344,37.6694731],[-83.7240511,37.6695951],[-83.7243319,37.6697472],[-83.7245831,37.6700095],[-83.7245705,37.6702335],[-83.7245198,37.6706245],[-83.7243986,37.6708403],[-83.724258,37.6710907],[-83.7241672,37.671318],[-83.7241609,37.6717274],[-83.7239469,37.6720623],[-83.7235535,37.6722514],[-83.7232222,37.6721969],[-83.7229671,37.6721129],[-83.722797,37.6719376],[-83.7226348,37.6717314],[-83.7224585,37.671532],[-83.7223606,37.6714866]]}},{"type":"Feature","properties":{"osm_id":1265316574,"highway":"track","name":null,"alt_name":null,"official_name":null,"surface":null,"tracktype":null,"service":null,"access":null,"motor_vehicle":null,"foot":null,"tiger_reviewed":null,"rrgh_part":0,"rrgh_tile_part":0},"geometry":{"type":"LineString","coordinates":[[-83.7251726,37.6701388],[-83.7251996,37.6698227],[-83.7251566,37.6696376],[-83.7251503,37.669567],[-83.7252792,37.6694436],[-83.7253571,37.6692534],[-83.7256165,37.6690355],[-83.7258536,37.6688567],[-83.7260814,37.6687301]]}},{"type":"Feature","properties":{"osm_id":1265328932,"highway":"track","name":null,"alt_name":null,"official_name":null,"surface":null,"tracktype":null,"service":null,"access":null,"motor_vehicle":null,"foot":null,"tiger_reviewed":null,"rrgh_part":0,"rrgh_tile_part":0},"geometry":{"type":"LineString","coordinates":[[-83.7268444,37.671999],[-83.7266587,37.6717885],[-83.7265693,37.6715961],[-83.7263492,37.6713838],[-83.7262942,37.6712023],[-83.7262758,37.6708666],[-83.7263606,37.6704801],[-83.7263836,37.6700337],[-83.7264753,37.6699411],[-83.7267045,37.6698576],[-83.7269475,37.6698468],[-83.7269842,37.6697814],[-83.7269246,37.6697106],[-83.7267137,37.6696163],[-83.7266885,37.6695219],[-83.7265905,37.6691064]]}},{"type":"Feature","properties":{"osm_id":1265328933,"highway":"track","name":null,"alt_name":null,"official_name":null,"surface":null,"tracktype":null,"service":null,"access":null,"motor_vehicle":null,"foot":null,"tiger_reviewed":null,"rrgh_part":0,"rrgh_tile_part":0},"geometry":{"type":"LineString","coordinates":[[-83.7269842,37.6697814],[-83.7274726,37.6699829],[-83.7277935,37.6699992],[-83.7282131,37.6699538],[-83.7285684,37.6700464],[-83.7287771,37.6701335]]}},{"type":"Feature","properties":{"osm_id":1265322131,"highway":"track","name":null,"alt_name":null,"official_name":null,"surface":null,"tracktype":null,"service":null,"access":null,"motor_vehicle":null,"foot":null,"tiger_reviewed":null,"rrgh_part":0,"rrgh_tile_part":0},"geometry":{"type":"LineString","coordinates":[[-83.7199338,37.6698829],[-83.7198805,37.6695547],[-83.7197797,37.6692155],[-83.7194744,37.668956],[-83.719057,37.6688075],[-83.71862,37.6687809],[-83.7181774,37.6693685],[-83.7179953,37.6695436],[-83.7178693,37.669741],[-83.7179841,37.6700935],[-83.718141,37.6705059],[-83.718155,37.6708585],[-83.7181662,37.6711046],[-83.7180317,37.6712243],[-83.7174547,37.6712953],[-83.717239,37.6714172],[-83.7171014,37.67166],[-83.7170681,37.6717188],[-83.7170793,37.6721068],[-83.7169224,37.6725148],[-83.7168944,37.6727409],[-83.7169196,37.6728429],[-83.7174211,37.6730136],[-83.7178608,37.672976],[-83.7181074,37.6726744],[-83.7183735,37.6723817],[-83.7187797,37.6722509],[-83.7190144,37.6723397],[-83.7191178,37.6725469],[-83.719122,37.6727792],[-83.7190785,37.6729151],[-83.7190038,37.6731485]]}},{"type":"Feature","properties":{"osm_id":1265328935,"highway":"track","name":null,"alt_name":null,"official_name":null,"surface":null,"tracktype":null,"service":null,"access":null,"motor_vehicle":null,"foot":null,"tiger_reviewed":null,"rrgh_part":0,"rrgh_tile_part":0},"geometry":{"type":"LineString","coordinates":[[-83.7174211,37.6730136],[-83.7171089,37.6730197],[-83.7168958,37.6730136]]}},{"type":"Feature","properties":{"osm_id":1265328936,"highway":"track","name":null,"alt_name":null,"official_name":null,"surface":null,"tracktype":null,"service":null,"access":null,"motor_vehicle":null,"foot":null,"tiger_reviewed":null,"rrgh_part":0,"rrgh_tile_part":0},"geometry":{"type":"LineString","coordinates":[[-83.7171014,37.67166],[-83.7174512,37.6715634],[-83.7178822,37.671567],[-83.7185288,37.6717013],[-83.7189231,37.6718283],[-83.7192418,37.6719698],[-83.7194664,37.672164],[-83.7195146,37.6724126],[-83.7192257,37.6727955],[-83.7190785,37.6729151]]}},{"type":"Feature","properties":{"osm_id":1265328941,"highway":"track","name":null,"alt_name":null,"official_name":null,"surface":null,"tracktype":null,"service":null,"access":null,"motor_vehicle":null,"foot":null,"tiger_reviewed":null,"rrgh_part":0,"rrgh_tile_part":0},"geometry":{"type":"LineString","coordinates":[[-83.7217127,37.6708547],[-83.7212772,37.6710079],[-83.7210889,37.67096],[-83.7207174,37.6707945],[-83.7203632,37.6707015],[-83.7202682,37.6703583],[-83.7201558,37.6701805]]}},{"type":"Feature","properties":{"osm_id":1360804631,"highway":"track","name":null,"alt_name":null,"official_name":null,"surface":null,"tracktype":null,"service":null,"access":null,"motor_vehicle":null,"foot":null,"tiger_reviewed":null,"rrgh_part":0,"rrgh_tile_part":0},"geometry":{"type":"LineString","coordinates":[[-83.7208504,37.6716876],[-83.7205251,37.6717069],[-83.7195794,37.6710751]]}},{"type":"Feature","properties":{"osm_id":16268531,"highway":"residential","name":"Bird Song Trail","alt_name":null,"official_name":null,"surface":"unpaved","tracktype":null,"service":null,"access":"no","motor_vehicle":"yes","foot":"yes","tiger_reviewed":"no","rrgh_part":0,"rrgh_tile_part":0},"geometry":{"type":"LineString","coordinates":[[-83.70852919852126,37.675],[-83.7091675,37.6717727],[-83.7088204,37.6702953]]}},{"type":"Feature","properties":{"osm_id":16268618,"highway":"track","name":null,"alt_name":null,"official_name":null,"surface":null,"tracktype":null,"service":null,"access":null,"motor_vehicle":null,"foot":null,"tiger_reviewed":"no","rrgh_part":0,"rrgh_tile_part":0},"geometry":{"type":"LineString","coordinates":[[-83.7098814,37.6665108],[-83.7103999,37.6664271],[-83.7108376,37.6664627],[-83.7111887,37.6666316],[-83.711349,37.6669205],[-83.7113594,37.667313],[-83.7114609,37.667739],[-83.711709,37.668182],[-83.7121183,37.6688823],[-83.712484,37.6693427],[-83.712916,37.6698351],[-83.7130285,37.6700629],[-83.7135126,37.6704645],[-83.7134977,37.670816],[-83.7134935,37.6709163],[-83.7137422,37.6715138],[-83.7137758,37.6718059],[-83.7138029,37.6721419],[-83.7137504,37.6723254],[-83.7136838,37.6724656],[-83.7136243,37.6726351],[-83.7136426,37.6728062],[-83.7137243,37.6729668],[-83.7138459,37.6730952],[-83.713927,37.6732344],[-83.7138454,37.6733736],[-83.7137824,37.6735298],[-83.7137369,37.6736789],[-83.7137674,37.6738603],[-83.713878,37.6740046],[-83.7139431,37.6741532],[-83.7139954,37.6742838],[-83.7141195,37.6743675],[-83.714486,37.6745494],[-83.7145996,37.6746696],[-83.71467,37.6748337],[-83.7147129,37.674971],[-83.71471606321656,37.675]]}},{"type":"Feature","properties":{"osm_id":16268771,"highway":"track","name":null,"alt_name":null,"official_name":null,"surface":null,"tracktype":null,"service":null,"access":null,"motor_vehicle":null,"foot":null,"tiger_reviewed":"no","rrgh_part":0,"rrgh_tile_part":0},"geometry":{"type":"LineString","coordinates":[[-83.705811,37.667411],[-83.7057716,37.6676585],[-83.7057311,37.667919],[-83.705766,37.6685528],[-83.7057777,37.6691782],[-83.7059742,37.6698512],[-83.7061429,37.670468],[-83.7061963,37.6706653],[-83.7062635,37.6709134],[-83.7062376,37.6710403],[-83.7061071,37.6712282],[-83.705976,37.671532],[-83.7059382,37.6717233],[-83.7057706,37.6723582],[-83.7057009,37.6727131],[-83.7057458,37.6731196],[-83.705658,37.6735164],[-83.7054089,37.6739929],[-83.7053051,37.6742199],[-83.7053123,37.6744042],[-83.7053158,37.6744923],[-83.7053419,37.6747228],[-83.70520849631903,37.675]]}},{"type":"Feature","properties":{"osm_id":1265545865,"highway":"track","name":null,"alt_name":null,"official_name":null,"surface":null,"tracktype":null,"service":null,"access":null,"motor_vehicle":null,"foot":null,"tiger_reviewed":null,"rrgh_part":0,"rrgh_tile_part":0},"geometry":{"type":"LineString","coordinates":[[-83.7029777,37.6679005],[-83.7029026,37.6679698],[-83.7028597,37.6680022],[-83.7026375,37.66809],[-83.7023212,37.6682715],[-83.7021309,37.668335],[-83.7021047,37.6683405],[-83.7018305,37.6683985],[-83.7014316,37.6683096],[-83.7011772,37.6681408],[-83.7011627,37.6681273],[-83.700925,37.6679049],[-83.7006865,37.6676509],[-83.7004664,37.667571],[-83.6999414,37.667493],[-83.6996008,37.667431],[-83.6995057,37.6673899],[-83.6993729,37.6673351],[-83.6990955,37.6672915],[-83.6988922,37.6671221],[-83.698792,37.6670396],[-83.698611,37.666949]]}},{"type":"Feature","properties":{"osm_id":1265545867,"highway":"track","name":null,"alt_name":null,"official_name":null,"surface":null,"tracktype":null,"service":null,"access":null,"motor_vehicle":null,"foot":null,"tiger_reviewed":null,"rrgh_part":0,"rrgh_tile_part":0},"geometry":{"type":"LineString","coordinates":[[-83.7024748,37.6695309],[-83.702445,37.6692769],[-83.7024794,37.6690228],[-83.702406,37.6688304],[-83.7021997,37.6687978],[-83.7020575,37.6688486],[-83.7016468,37.6691406],[-83.7017058,37.6695349],[-83.7019002,37.6702966],[-83.7020984,37.6708682],[-83.7023024,37.6712523],[-83.7023917,37.6717001],[-83.7025548,37.671929],[-83.7025724,37.6721254],[-83.7026966,37.672309],[-83.7027017,37.6727655],[-83.7026482,37.6729555],[-83.7025357,37.6730797],[-83.7024083,37.6731484]]}},{"type":"Feature","properties":{"osm_id":1360993997,"highway":"track","name":null,"alt_name":null,"official_name":null,"surface":null,"tracktype":null,"service":null,"access":null,"motor_vehicle":null,"foot":null,"tiger_reviewed":null,"rrgh_part":0,"rrgh_tile_part":0},"geometry":{"type":"LineString","coordinates":[[-83.71298359021395,37.675],[-83.7130878,37.6746751],[-83.7130571,37.6743364],[-83.7129646,37.6741251],[-83.7130919,37.6737775],[-83.7130521,37.6736419],[-83.7130543,37.673323],[-83.7130056,37.6730475],[-83.712937,37.6728101],[-83.7129761,37.672596],[-83.7130227,37.6723014],[-83.7130323,37.6720856],[-83.7130611,37.6718214],[-83.7130981,37.671542],[-83.7131754,37.6713314],[-83.7132305,37.671098],[-83.7134977,37.670816]]}},{"type":"Feature","properties":{"osm_id":1454923859,"highway":"track","name":null,"alt_name":null,"official_name":null,"surface":null,"tracktype":null,"service":null,"access":null,"motor_vehicle":null,"foot":null,"tiger_reviewed":null,"rrgh_part":0,"rrgh_tile_part":0},"geometry":{"type":"LineString","coordinates":[[-83.7062376,37.6710403],[-83.7063732,37.6712332],[-83.706705,37.6714867],[-83.7069877,37.6716791],[-83.7071398,37.6718537],[-83.7072199,37.6721002],[-83.7072023,37.6723277],[-83.707168,37.6724894],[-83.707123,37.6725403],[-83.7070101,37.6727687],[-83.7069799,37.6729795],[-83.706943,37.6732369],[-83.7069406,37.6735004],[-83.7069915,37.6737285],[-83.7069178,37.6739101],[-83.7068441,37.6740718],[-83.7068693,37.6741933],[-83.706827,37.6742494],[-83.7066742,37.674238],[-83.7064604,37.6741604],[-83.7063603,37.674163],[-83.7063234,37.6742167],[-83.7064057,37.6743679],[-83.7065425,37.6745845],[-83.7065922,37.6748821],[-83.70660009275,37.675]]}},{"type":"Feature","properties":{"osm_id":1454923857,"highway":"service","name":null,"alt_name":null,"official_name":null,"surface":"gravel","tracktype":null,"service":null,"access":null,"motor_vehicle":null,"foot":null,"tiger_reviewed":null,"rrgh_part":0,"rrgh_tile_part":0},"geometry":{"type":"LineString","coordinates":[[-83.705152,37.667487],[-83.7050428,37.6673346],[-83.7046332,37.6673415]]}},{"type":"Feature","properties":{"osm_id":1454923863,"highway":"track","name":null,"alt_name":null,"official_name":null,"surface":null,"tracktype":null,"service":null,"access":null,"motor_vehicle":null,"foot":null,"tiger_reviewed":null,"rrgh_part":0,"rrgh_tile_part":0},"geometry":{"type":"LineString","coordinates":[[-83.707168,37.6724894],[-83.7073005,37.6727773],[-83.7075571,37.6731001],[-83.7077699,37.6732335],[-83.7079697,37.6732994],[-83.7080835,37.6732752],[-83.7081524,37.6731855],[-83.7081759,37.6730835],[-83.7081195,37.672867],[-83.707981,37.6726927],[-83.7078388,37.672524],[-83.7078679,37.6722779],[-83.7080654,37.6720526],[-83.7082494,37.6718404]]}},{"type":"Feature","properties":{"osm_id":1454923864,"highway":"track","name":null,"alt_name":null,"official_name":null,"surface":null,"tracktype":null,"service":null,"access":null,"motor_vehicle":null,"foot":null,"tiger_reviewed":null,"rrgh_part":0,"rrgh_tile_part":0},"geometry":{"type":"LineString","coordinates":[[-83.7061963,37.6706653],[-83.7066629,37.6707873]]}},{"type":"Feature","properties":{"osm_id":1265314522,"highway":"track","name":null,"alt_name":null,"official_name":null,"surface":null,"tracktype":null,"service":null,"access":null,"motor_vehicle":null,"foot":null,"tiger_reviewed":null,"rrgh_part":0,"rrgh_tile_part":0},"geometry":{"type":"LineString","coordinates":[[-83.7245652,37.6737833],[-83.7242238,37.6738837],[-83.7240672,37.674025],[-83.723983,37.6742835],[-83.7238955,37.6743767],[-83.7236127,37.6744967],[-83.7235521,37.6746765],[-83.7235436,37.6749204],[-83.72354556059113,37.675]]}},{"type":"Feature","properties":{"osm_id":1265315796,"highway":"unclassified","name":"Fixer Road","alt_name":null,"official_name":null,"surface":"paved","tracktype":null,"service":null,"access":null,"motor_vehicle":null,"foot":null,"tiger_reviewed":"no","rrgh_part":0,"rrgh_tile_part":0},"geometry":{"type":"LineString","coordinates":[[-83.72243587704918,37.675],[-83.722471,37.674965]]}},{"type":"Feature","properties":{"osm_id":1454923860,"highway":"track","name":null,"alt_name":null,"official_name":null,"surface":null,"tracktype":null,"service":null,"access":null,"motor_vehicle":null,"foot":null,"tiger_reviewed":"no","rrgh_part":0,"rrgh_tile_part":0},"geometry":{"type":"LineString","coordinates":[[-83.7064604,37.6741604],[-83.7063597,37.6741004],[-83.7062417,37.6740978],[-83.7061536,37.6741159],[-83.70605,37.6742149],[-83.7059933,37.6743178],[-83.7058492,37.6745794],[-83.7058271,37.6748386],[-83.70581530175438,37.675]]}},{"type":"Feature","properties":{"osm_id":1454923862,"highway":"track","name":null,"alt_name":null,"official_name":null,"surface":null,"tracktype":null,"service":null,"access":null,"motor_vehicle":null,"foot":null,"tiger_reviewed":null,"rrgh_part":0,"rrgh_tile_part":0},"geometry":{"type":"LineString","coordinates":[[-83.7053123,37.6744042],[-83.7054906,37.674388],[-83.7055163,37.6744076],[-83.7055437,37.6743828],[-83.7055621,37.6743776],[-83.7059933,37.6743178]]}},{"type":"Feature","properties":{"osm_id":1526861090,"highway":"track","name":null,"alt_name":null,"official_name":null,"surface":null,"tracktype":null,"service":null,"access":null,"motor_vehicle":null,"foot":null,"tiger_reviewed":null,"rrgh_part":0,"rrgh_tile_part":0},"geometry":{"type":"LineString","coordinates":[[-83.6963447,37.6610903],[-83.6964728,37.6613075],[-83.6964927,37.661621],[-83.6965332,37.661788],[-83.6965311,37.6619537],[-83.6964544,37.6620898],[-83.6964118,37.6622211],[-83.6965328,37.6623844],[-83.6966115,37.662466],[-83.6966756,37.6625014],[-83.6967804,37.6625231],[-83.6969275,37.6624658],[-83.6972891,37.6622485],[-83.6976659,37.6620835],[-83.6980242,37.6619022],[-83.6984364,37.6616869],[-83.6987506,37.6614764],[-83.6988681,37.6614241],[-83.6990367,37.6614492],[-83.6992162,37.6615841]]}},{"type":"Feature","properties":{"osm_id":1526861091,"highway":"track","name":null,"alt_name":null,"official_name":null,"surface":null,"tracktype":null,"service":null,"access":null,"motor_vehicle":null,"foot":null,"tiger_reviewed":null,"rrgh_part":0,"rrgh_tile_part":0},"geometry":{"type":"LineString","coordinates":[[-83.699621,37.6610414],[-83.6995358,37.661196],[-83.6994544,37.6613572],[-83.6993271,37.6614785],[-83.6992162,37.6615841],[-83.6990632,37.6617538],[-83.698845,37.6619415],[-83.6986384,37.6621163],[-83.6986086,37.6622782],[-83.6987195,37.6624121],[-83.6990076,37.6627169],[-83.6991358,37.6627591],[-83.6992289,37.6627189],[-83.6993029,37.662595],[-83.699453,37.6623731],[-83.6995666,37.6621873],[-83.699671,37.6620673],[-83.6998088,37.6619369],[-83.6999409,37.661839]]}},{"type":"Feature","properties":{"osm_id":16268378,"highway":"track","name":null,"alt_name":null,"official_name":null,"surface":null,"tracktype":null,"service":null,"access":null,"motor_vehicle":null,"foot":null,"tiger_reviewed":null,"rrgh_part":0,"rrgh_tile_part":0},"geometry":{"type":"LineString","coordinates":[[-83.6933151,37.6644554],[-83.6936257,37.6640391],[-83.6939878,37.6635314],[-83.6940875,37.6634009],[-83.6941617,37.6633164],[-83.6941994,37.6631591],[-83.6942555,37.6630872],[-83.6943477,37.6630648],[-83.6945572,37.6631474],[-83.6946054,37.663122],[-83.694659,37.6630626],[-83.694718,37.6629395],[-83.6947394,37.6628164],[-83.6947287,37.6627316],[-83.6946805,37.6626255],[-83.6946001,37.6625661],[-83.6944172,37.6624961],[-83.694217,37.662459]]}},{"type":"Feature","properties":{"osm_id":894791972,"highway":"residential","name":"Ashland Camp Loop","alt_name":null,"official_name":null,"surface":null,"tracktype":null,"service":null,"access":null,"motor_vehicle":null,"foot":null,"tiger_reviewed":"no","rrgh_part":0,"rrgh_tile_part":0},"geometry":{"type":"LineString","coordinates":[[-83.6927351,37.6645792],[-83.692894,37.664354],[-83.693297,37.663808],[-83.693759,37.66313],[-83.694189,37.662532],[-83.694217,37.662459],[-83.694207,37.662379],[-83.694149,37.662273],[-83.694083,37.662179]]}},{"type":"Feature","properties":{"osm_id":1410473013,"highway":"residential","name":null,"alt_name":null,"official_name":null,"surface":"gravel","tracktype":null,"service":null,"access":null,"motor_vehicle":null,"foot":null,"tiger_reviewed":null,"rrgh_part":0,"rrgh_tile_part":0},"geometry":{"type":"LineString","coordinates":[[-83.692057,37.665088],[-83.6922775,37.6650937],[-83.6923974,37.6650569],[-83.6927168,37.6648986],[-83.6930402,37.6647734]]}},{"type":"Feature","properties":{"osm_id":1486525299,"highway":"residential","name":null,"alt_name":null,"official_name":null,"surface":"unpaved","tracktype":null,"service":null,"access":"private","motor_vehicle":null,"foot":null,"tiger_reviewed":"no","rrgh_part":0,"rrgh_tile_part":0},"geometry":{"type":"LineString","coordinates":[[-83.6930105,37.6647341],[-83.69306,37.6646979],[-83.6932385,37.6645439],[-83.6933151,37.6644554]]}},{"type":"Feature","properties":{"osm_id":16268529,"highway":"track","name":null,"alt_name":null,"official_name":null,"surface":"gravel","tracktype":null,"service":null,"access":null,"motor_vehicle":null,"foot":null,"tiger_reviewed":"no","rrgh_part":0,"rrgh_tile_part":0},"geometry":{"type":"LineString","coordinates":[[-83.6977201,37.6671491],[-83.6977294,37.6672493],[-83.6977926,37.6673315],[-83.6978594,37.6675],[-83.6978053,37.6678627],[-83.6976829,37.6680685],[-83.6976005,37.6682901],[-83.6975954,37.6685084],[-83.6976272,37.6685927],[-83.6977448,37.66863],[-83.6979442,37.6686494],[-83.6982091,37.6687032],[-83.6983643,37.6687603],[-83.6984382,37.6688069],[-83.6984433,37.6688406],[-83.6984537,37.6689089],[-83.6982922,37.669326],[-83.698238,37.6695214],[-83.6982531,37.6697699],[-83.6983033,37.6699893],[-83.6985796,37.6703793],[-83.6991714,37.67083],[-83.6991924,37.6709566],[-83.699166,37.6710696],[-83.6991273,37.6715356],[-83.6991045,37.6715949],[-83.699028,37.6716479],[-83.6989077,37.6716433],[-83.6987938,37.6715978],[-83.6986346,37.671507],[-83.6985355,37.6714079],[-83.6983576,37.6711353],[-83.6980859,37.6708013],[-83.6976406,37.6705439],[-83.6971273,37.6706618],[-83.6968164,37.670845],[-83.6967948,37.6711009],[-83.6968449,37.6716547],[-83.6969243,37.6717565],[-83.697108,37.6719919],[-83.6969794,37.67221],[-83.697174,37.672682],[-83.6972979,37.6728199],[-83.6972534,37.6730213],[-83.6968987,37.6730638],[-83.6967324,37.6732104],[-83.6967651,37.6735656],[-83.6968951,37.6737618],[-83.6970921,37.6739942],[-83.6971187,37.6743831],[-83.6967456,37.6744918],[-83.6962264,37.6748431],[-83.6961405436671,37.675]]}},{"type":"Feature","properties":{"osm_id":16270065,"highway":"residential","name":"Ashland Camp Loop","alt_name":null,"official_name":null,"surface":null,"tracktype":null,"service":null,"access":null,"motor_vehicle":null,"foot":null,"tiger_reviewed":"no","rrgh_part":0,"rrgh_tile_part":0},"geometry":{"type":"LineString","coordinates":[[-83.6927351,37.6645792],[-83.69251,37.664792],[-83.692373,37.664902],[-83.692221,37.665003],[-83.692057,37.665088],[-83.691806,37.665197],[-83.691702,37.665256],[-83.691338,37.665393],[-83.69107,37.665472],[-83.690781,37.66559],[-83.690588,37.665684],[-83.690301,37.665851],[-83.690004,37.666047],[-83.68973,37.666245],[-83.689235,37.666626],[-83.688934,37.666884],[-83.6887586,37.6670154],[-83.688703,37.667057],[-83.68836,37.667273],[-83.688163,37.667374],[-83.687946,37.667468],[-83.687581,37.667583],[-83.68734,37.667639],[-83.68722,37.667656],[-83.687104,37.66766],[-83.686996,37.667651],[-83.686898,37.667632],[-83.686808,37.667601],[-83.686728,37.667558],[-83.686262,37.667165]]}},{"type":"Feature","properties":{"osm_id":1315238482,"highway":"track","name":null,"alt_name":null,"official_name":null,"surface":null,"tracktype":null,"service":null,"access":null,"motor_vehicle":null,"foot":null,"tiger_reviewed":null,"rrgh_part":0,"rrgh_tile_part":0},"geometry":{"type":"LineString","coordinates":[[-83.6887586,37.6670154],[-83.6889731,37.6670757],[-83.6895684,37.6671097],[-83.6899116,37.6671733],[-83.6905497,37.6672285],[-83.691204,37.6670205],[-83.691397,37.6669781],[-83.6914989,37.6669696],[-83.6919901,37.6672692],[-83.6920138,37.6672836],[-83.6928718,37.6679371],[-83.6934724,37.6684675],[-83.6935529,37.6685863],[-83.6938746,37.6687476],[-83.6938961,37.6687858],[-83.6940838,37.6689682],[-83.6942515,37.6690274],[-83.6945236,37.6690158],[-83.6948663,37.6691124],[-83.6950314,37.6692566],[-83.6953179,37.669266],[-83.6956408,37.6693433]]}},{"type":"Feature","properties":{"osm_id":1315238484,"highway":"track","name":null,"alt_name":null,"official_name":null,"surface":null,"tracktype":null,"service":null,"access":null,"motor_vehicle":null,"foot":null,"tiger_reviewed":null,"rrgh_part":0,"rrgh_tile_part":0},"geometry":{"type":"LineString","coordinates":[[-83.6919901,37.6672692],[-83.6926998,37.6665631],[-83.6927373,37.6665419],[-83.6929196,37.6663552]]}},{"type":"Feature","properties":{"osm_id":1526863036,"highway":"track","name":null,"alt_name":null,"official_name":null,"surface":null,"tracktype":null,"service":null,"access":null,"motor_vehicle":null,"foot":null,"tiger_reviewed":null,"rrgh_part":0,"rrgh_tile_part":0},"geometry":{"type":"LineString","coordinates":[[-83.6969243,37.6717565],[-83.6969233,37.6715732],[-83.6969517,37.6712882],[-83.6970191,37.6710389],[-83.6972645,37.6708867],[-83.6976003,37.6708764],[-83.697876,37.6709933],[-83.6980194,37.6711915],[-83.6981549,37.6715185],[-83.6982187,37.6717199],[-83.6982889,37.6718996],[-83.6984381,37.6720648],[-83.6985632,37.672239],[-83.6986251,37.6723661],[-83.6986531,37.6725465],[-83.698676,37.6727888],[-83.6987246,37.6729162],[-83.6988536,37.673017],[-83.6990023,37.673109],[-83.6990321,37.6731921],[-83.699006,37.6732786],[-83.6990041,37.6733787],[-83.6990343,37.6734316],[-83.6990921,37.6734816],[-83.6991382,37.6735453],[-83.6991053,37.6736516],[-83.6990946,37.6737657],[-83.6990931,37.6738994],[-83.6991613,37.6739926],[-83.6992078,37.6740843],[-83.6992107,37.6741603],[-83.6991959,37.6742569],[-83.6992405,37.6743441],[-83.6992706,37.6744597],[-83.6992774,37.6746121],[-83.6992877,37.6747679],[-83.6993083,37.6749633],[-83.6993160410929,37.675]]}},{"type":"Feature","properties":{"osm_id":1265545862,"highway":"track","name":null,"alt_name":null,"official_name":null,"surface":null,"tracktype":null,"service":null,"access":null,"motor_vehicle":null,"foot":null,"tiger_reviewed":null,"rrgh_part":0,"rrgh_tile_part":0},"geometry":{"type":"LineString","coordinates":[[-83.6984433,37.6688406],[-83.6986019,37.6688057],[-83.6987415,37.6687607],[-83.6988335,37.6687056],[-83.6989344,37.6685931],[-83.6990078,37.6682665],[-83.6990342,37.6682055],[-83.6991264,37.6681033],[-83.6995017,37.6680453],[-83.6996143,37.6680791],[-83.6998977,37.6680618],[-83.7002242,37.6681307],[-83.7005781,37.6682072],[-83.7007662,37.6682654],[-83.7008745,37.668401],[-83.7009929,37.6687029]]}},{"type":"Feature","properties":{"osm_id":1265545866,"highway":"track","name":null,"alt_name":null,"official_name":null,"surface":null,"tracktype":null,"service":null,"access":null,"motor_vehicle":null,"foot":null,"tiger_reviewed":null,"rrgh_part":0,"rrgh_tile_part":0},"geometry":{"type":"LineString","coordinates":[[-83.7011627,37.6681273],[-83.7010327,37.6686],[-83.7009929,37.6687029],[-83.7008401,37.6690972],[-83.7006751,37.6696108],[-83.7007691,37.6697578],[-83.7008631,37.6699665]]}},{"type":"Feature","properties":{"osm_id":1265545868,"highway":"track","name":null,"alt_name":null,"official_name":null,"surface":null,"tracktype":null,"service":null,"access":null,"motor_vehicle":null,"foot":null,"tiger_reviewed":null,"rrgh_part":0,"rrgh_tile_part":0},"geometry":{"type":"LineString","coordinates":[[-83.7013593,37.6691765],[-83.7013624,37.6689782],[-83.7017482,37.6687889],[-83.7019762,37.6684885],[-83.7021047,37.6683405]]}},{"type":"Feature","properties":{"osm_id":1526863034,"highway":"track","name":null,"alt_name":null,"official_name":null,"surface":null,"tracktype":null,"service":null,"access":null,"motor_vehicle":null,"foot":null,"tiger_reviewed":null,"rrgh_part":0,"rrgh_tile_part":0},"geometry":{"type":"LineString","coordinates":[[-83.6995057,37.6673899],[-83.6996771,37.6671313]]}},{"type":"Feature","properties":{"osm_id":1315238483,"highway":"track","name":null,"alt_name":null,"official_name":null,"surface":null,"tracktype":null,"service":null,"access":null,"motor_vehicle":null,"foot":null,"tiger_reviewed":null,"rrgh_part":0,"rrgh_tile_part":0},"geometry":{"type":"LineString","coordinates":[[-83.6905497,37.6672285],[-83.6909412,37.6675128],[-83.6919065,37.6680177],[-83.6922819,37.6681917],[-83.692727,37.6683572],[-83.6930595,37.6685396],[-83.6932686,37.668599],[-83.6935529,37.6685863]]}},{"type":"Feature","properties":{"osm_id":1315233462,"highway":"service","name":null,"alt_name":null,"official_name":null,"surface":null,"tracktype":null,"service":null,"access":null,"motor_vehicle":null,"foot":null,"tiger_reviewed":null,"rrgh_part":0,"rrgh_tile_part":0},"geometry":{"type":"LineString","coordinates":[[-83.6882677,37.6650874],[-83.6882617,37.6650576],[-83.6882205,37.6648495],[-83.6881454,37.6646203]]}},{"type":"Feature","properties":{"osm_id":16269466,"highway":"residential","name":"Cr-1056","alt_name":"Zoe Post Office Road","official_name":null,"surface":null,"tracktype":null,"service":null,"access":null,"motor_vehicle":null,"foot":null,"tiger_reviewed":"no","rrgh_part":0,"rrgh_tile_part":0},"geometry":{"type":"LineString","coordinates":[[-83.679895,37.672492],[-83.679897,37.672431],[-83.679882,37.672368],[-83.679844,37.672308],[-83.679786,37.672266],[-83.679718,37.672245],[-83.679458,37.672201],[-83.67921,37.672171],[-83.679122,37.672179],[-83.679085,37.67219],[-83.679021,37.672231],[-83.67897,37.672289],[-83.678931,37.672354],[-83.678888,37.672445],[-83.678877,37.672503],[-83.678941,37.672748],[-83.679146,37.673303],[-83.679215,37.673629],[-83.679267,37.674072],[-83.679262,37.674465],[-83.679242,37.674583],[-83.679223,37.67464],[-83.679158,37.674747],[-83.679114,37.674794],[-83.678964,37.674913],[-83.678854,37.674977],[-83.6787893125,37.675]]}},{"type":"Feature","properties":{"osm_id":16270429,"highway":"residential","name":"Zoe Post Office Road","alt_name":null,"official_name":null,"surface":null,"tracktype":null,"service":null,"access":null,"motor_vehicle":null,"foot":null,"tiger_reviewed":"no","rrgh_part":0,"rrgh_tile_part":0},"geometry":{"type":"LineString","coordinates":[[-83.6838133,37.6691019],[-83.6835772,37.6696759],[-83.6834262,37.669959],[-83.6829993,37.6702522],[-83.6824957,37.6704479],[-83.6822977,37.6704955],[-83.681126,37.670915],[-83.6808479,37.670996],[-83.6800893,37.6714663]]}},{"type":"Feature","properties":{"osm_id":1336983540,"highway":"service","name":null,"alt_name":null,"official_name":null,"surface":null,"tracktype":null,"service":null,"access":null,"motor_vehicle":null,"foot":null,"tiger_reviewed":null,"rrgh_part":0,"rrgh_tile_part":0},"geometry":{"type":"LineString","coordinates":[[-83.6841284,37.6685226],[-83.6839568,37.6682873],[-83.6839139,37.6680197],[-83.6839729,37.667714],[-83.6837638,37.6666396],[-83.6837746,37.6663338]]}},{"type":"Feature","properties":{"osm_id":16269570,"highway":"residential","name":"Proffitt Road","alt_name":"Gabbard Drive","official_name":null,"surface":null,"tracktype":null,"service":null,"access":null,"motor_vehicle":null,"foot":null,"tiger_reviewed":"no","rrgh_part":0,"rrgh_tile_part":0},"geometry":{"type":"LineString","coordinates":[[-83.680278,37.667719],[-83.680322,37.667781],[-83.680434,37.667855],[-83.680614,37.668161],[-83.680841,37.668445],[-83.680918,37.668581],[-83.68093,37.668624],[-83.680924,37.66871],[-83.680841,37.668934],[-83.680809,37.669076],[-83.680795,37.669209],[-83.680797,37.669372],[-83.680827,37.669479],[-83.680862,37.669546],[-83.680911,37.669606],[-83.681041,37.669731],[-83.681098,37.669831],[-83.681103,37.669915],[-83.681054,37.670088],[-83.681054,37.670201],[-83.681094,37.670297],[-83.681186,37.670403]]}},{"type":"Feature","properties":{"osm_id":599451164,"highway":"residential","name":"Proffitt Road","alt_name":null,"official_name":null,"surface":null,"tracktype":null,"service":null,"access":null,"motor_vehicle":null,"foot":null,"tiger_reviewed":"no","rrgh_part":0,"rrgh_tile_part":0},"geometry":{"type":"LineString","coordinates":[[-83.6818502,37.6699784],[-83.6822977,37.6704955]]}},{"type":"Feature","properties":{"osm_id":1395249486,"highway":"residential","name":"Proffitt Road","alt_name":null,"official_name":null,"surface":null,"tracktype":null,"service":null,"access":null,"motor_vehicle":null,"foot":null,"tiger_reviewed":null,"rrgh_part":0,"rrgh_tile_part":0},"geometry":{"type":"LineString","coordinates":[[-83.6795143,37.6714886],[-83.67893,37.671056],[-83.6788389,37.6708353],[-83.6787907,37.6704789],[-83.6781581,37.6698212]]}},{"type":"Feature","properties":{"osm_id":16268890,"highway":"track","name":null,"alt_name":null,"official_name":null,"surface":null,"tracktype":null,"service":null,"access":null,"motor_vehicle":null,"foot":null,"tiger_reviewed":"no","rrgh_part":0,"rrgh_tile_part":0},"geometry":{"type":"LineString","coordinates":[[-83.701718,37.673782],[-83.701171,37.674628],[-83.7012,37.674949],[-83.70123741240876,37.675]]}},{"type":"Feature","properties":{"osm_id":16270341,"highway":"track","name":null,"alt_name":null,"official_name":null,"surface":null,"tracktype":null,"service":null,"access":null,"motor_vehicle":null,"foot":null,"tiger_reviewed":"no","rrgh_part":0,"rrgh_tile_part":0},"geometry":{"type":"LineString","coordinates":[[-83.68646000806011,37.675],[-83.6867607,37.6747915],[-83.6870422,37.6747622],[-83.6874504,37.674701],[-83.6879992,37.6743871],[-83.6888854,37.6737337]]}},{"type":"Feature","properties":{"osm_id":16269080,"highway":"residential","name":"Holly Road","alt_name":null,"official_name":null,"surface":"asphalt","tracktype":null,"service":null,"access":null,"motor_vehicle":null,"foot":null,"tiger_reviewed":"no","rrgh_part":0,"rrgh_tile_part":0},"geometry":{"type":"LineString","coordinates":[[-83.6756398,37.6201532],[-83.6754856,37.6201078],[-83.6753853,37.6200564],[-83.6753371,37.6200202],[-83.6753064,37.6199754],[-83.6752814,37.6199286],[-83.675289,37.619847],[-83.675304,37.619782],[-83.675459,37.619284],[-83.675452,37.61916],[-83.67543,37.619109],[-83.675393,37.619065],[-83.67500000000001,37.61878372568579]]}},{"type":"Feature","properties":{"osm_id":16269082,"highway":"residential","name":"Holly Road","alt_name":"Frailey Farm Road","official_name":null,"surface":"asphalt","tracktype":null,"service":null,"access":null,"motor_vehicle":null,"foot":null,"tiger_reviewed":"no","rrgh_part":0,"rrgh_tile_part":0},"geometry":{"type":"LineString","coordinates":[[-83.6756398,37.6201532],[-83.6754759,37.6201672],[-83.675363,37.620187],[-83.6751712,37.6202432],[-83.6751,37.620264],[-83.67500000000001,37.62027476923077]]}},{"type":"Feature","properties":{"osm_id":1348303380,"highway":"residential","name":null,"alt_name":null,"official_name":null,"surface":"gravel","tracktype":null,"service":null,"access":null,"motor_vehicle":null,"foot":null,"tiger_reviewed":null,"rrgh_part":0,"rrgh_tile_part":0},"geometry":{"type":"LineString","coordinates":[[-83.6752814,37.6199286],[-83.6752662,37.6199543],[-83.6751712,37.6202432]]}},{"type":"Feature","properties":{"osm_id":1336991854,"highway":"track","name":null,"alt_name":null,"official_name":null,"surface":null,"tracktype":null,"service":null,"access":null,"motor_vehicle":null,"foot":null,"tiger_reviewed":null,"rrgh_part":0,"rrgh_tile_part":0},"geometry":{"type":"LineString","coordinates":[[-83.6757902,37.663105],[-83.67500000000001,37.663692216293896]]}},{"type":"Feature","properties":{"osm_id":1336991851,"highway":"residential","name":"Kim Rose Lane","alt_name":null,"official_name":null,"surface":null,"tracktype":null,"service":null,"access":null,"motor_vehicle":null,"foot":null,"tiger_reviewed":null,"rrgh_part":0,"rrgh_tile_part":0},"geometry":{"type":"LineString","coordinates":[[-83.6755704,37.6666641],[-83.67500000000001,37.666764411096935]]}},{"type":"Feature","properties":{"osm_id":1336991852,"highway":"service","name":null,"alt_name":null,"official_name":null,"surface":null,"tracktype":null,"service":null,"access":null,"motor_vehicle":null,"foot":null,"tiger_reviewed":null,"rrgh_part":0,"rrgh_tile_part":0},"geometry":{"type":"LineString","coordinates":[[-83.6754042,37.6700722],[-83.6755168,37.6699017],[-83.6755168,37.6695835],[-83.6754686,37.6694604],[-83.6753989,37.6693756],[-83.6752595,37.6692695],[-83.6750236,37.6690106]]}}],"rrgh_tile":{"id":"r3c3","bounds":[37.6,-83.76,37.675,-83.67500000000001]}}
