{"type":"FeatureCollection","features":[{"type":"Feature","properties":{"osm_id":16269997,"highway":"residential","name":"Blankey Branch Road","alt_name":null,"official_name":null,"surface":null,"tracktype":null,"service":null,"access":null,"motor_vehicle":null,"foot":null,"tiger_reviewed":"no","rrgh_part":0,"rrgh_tile_part":0},"geometry":{"type":"LineString","coordinates":[[-83.59,37.60502125615051],[-83.589781,37.604994],[-83.589592,37.604987],[-83.589497,37.605002],[-83.589154,37.6051],[-83.589065,37.605173],[-83.588829,37.605312],[-83.58868,37.605385],[-83.588454,37.605469],[-83.588319,37.605533],[-83.588253,37.605576],[-83.588055,37.605738],[-83.58794,37.60587],[-83.587655,37.606237],[-83.587587,37.606308],[-83.587142,37.606683],[-83.586652,37.607034],[-83.5865,37.607162],[-83.58637,37.607289],[-83.586203,37.607477],[-83.586122,37.607599],[-83.586066,37.607707],[-83.586002,37.60789],[-83.585924,37.608091],[-83.585862,37.608425],[-83.585837,37.608711],[-83.585847,37.608937],[-83.585883,37.609204],[-83.585877,37.609395],[-83.585846,37.609586],[-83.585807,37.609735],[-83.585795,37.609865],[-83.585801,37.609967],[-83.585824,37.61005],[-83.585914,37.610181],[-83.586078,37.610475],[-83.586154,37.610712],[-83.58618,37.61085],[-83.586204,37.611467],[-83.586192,37.61188],[-83.586155,37.612269],[-83.58607,37.612554],[-83.585859,37.612995],[-83.585501,37.61351],[-83.585322,37.61374],[-83.585142,37.613941],[-83.584936,37.614145],[-83.584678,37.614441],[-83.584607,37.614507],[-83.584449,37.614622],[-83.584204,37.614771],[-83.583995,37.614936],[-83.583872,37.615054],[-83.583617,37.615331],[-83.583475,37.61546],[-83.583398,37.61552],[-83.582941,37.615732],[-83.582766,37.615823],[-83.582679,37.615895],[-83.582573,37.61602],[-83.582505,37.61613],[-83.582367,37.6163],[-83.582216,37.61643],[-83.581978,37.616602],[-83.581838,37.616716],[-83.581449,37.617131],[-83.581317,37.617249],[-83.581178,37.617354],[-83.581115,37.617448]]}},{"type":"Feature","properties":{"osm_id":16384734,"highway":"unclassified","name":"Sandy Ridge Road","alt_name":null,"official_name":null,"surface":null,"tracktype":null,"service":null,"access":null,"motor_vehicle":null,"foot":null,"tiger_reviewed":"no","rrgh_part":0,"rrgh_tile_part":0},"geometry":{"type":"LineString","coordinates":[[-83.59,37.661690833617456],[-83.589758,37.661791],[-83.589605,37.661843],[-83.589443,37.661884],[-83.589181,37.661933],[-83.588998,37.661979],[-83.588748,37.662048],[-83.588582,37.662102],[-83.588428,37.662167],[-83.588278,37.662241],[-83.587982,37.662424],[-83.587758,37.662589],[-83.587627,37.662702],[-83.587496,37.662831],[-83.587362,37.662945],[-83.587229,37.663044],[-83.58716,37.663085],[-83.58709,37.663119],[-83.58694,37.663177],[-83.586863,37.66319],[-83.58671,37.66319],[-83.586637,37.663175],[-83.586565,37.663153],[-83.586498,37.663126],[-83.586435,37.663093],[-83.586245,37.662974],[-83.586183,37.662942],[-83.586062,37.662903],[-83.585987,37.662894],[-83.585913,37.662897],[-83.585843,37.662909],[-83.585705,37.662955],[-83.585644,37.662991],[-83.585545,37.663087],[-83.585372,37.663237],[-83.585114,37.663492],[-83.585022,37.663578],[-83.584966,37.663619],[-83.584903,37.663655],[-83.584679,37.663762],[-83.584598,37.663794],[-83.584362,37.663899],[-83.584209,37.663979],[-83.584067,37.664069],[-83.583915,37.664154],[-83.583846,37.664205],[-83.583697,37.664304],[-83.583482,37.664467],[-83.583415,37.664527],[-83.583302,37.664658],[-83.583261,37.664729],[-83.583229,37.664803],[-83.583205,37.664879],[-83.583169,37.665032],[-83.583117,37.665337],[-83.583065,37.665548],[-83.583001,37.665744],[-83.58296,37.66585],[-83.582882,37.666026],[-83.582779,37.6662],[-83.582577,37.666409],[-83.582541,37.666457],[-83.582517,37.666511],[-83.582504,37.666566],[-83.582506,37.666622],[-83.582549,37.666731],[-83.582588,37.666787],[-83.582684,37.666893],[-83.582739,37.666943],[-83.583125,37.667259],[-83.583186,37.667318],[-83.583281,37.667439],[-83.583321,37.667507],[-83.583376,37.667633],[-83.583411,37.667752],[-83.583466,37.667881],[-83.583501,37.667943],[-83.583544,37.668003],[-83.583593,37.668062],[-83.583711,37.668171],[-83.583779,37.668222],[-83.583851,37.668269],[-83.584212,37.668475],[-83.584274,37.668518],[-83.584328,37.668563],[-83.584419,37.668657],[-83.584487,37.668759],[-83.584515,37.668815],[-83.584605,37.669056],[-83.584694,37.669249],[-83.584778,37.669387],[-83.585228,37.669982],[-83.5852724,37.6700341],[-83.585379,37.670159],[-83.585584,37.67037],[-83.58569,37.670463],[-83.585916,37.670642],[-83.586014,37.670737],[-83.586055,37.670786],[-83.586089,37.670838],[-83.586137,37.67094],[-83.586163,37.671036],[-83.586164,37.671085],[-83.586151,37.671188],[-83.586136,37.67124],[-83.586096,37.671344],[-83.585953,37.671624],[-83.585905,37.67175],[-83.585859,37.671946],[-83.585837,37.672081],[-83.585814,37.67235],[-83.585785,37.672489],[-83.585762,37.672558],[-83.585734,37.672624],[-83.5857,37.672686],[-83.585662,37.672742],[-83.585535,37.672892],[-83.585304,37.673123],[-83.585217,37.673221],[-83.585139,37.673329],[-83.585107,37.673388],[-83.58508,37.673452],[-83.585047,37.673593],[-83.58504,37.673739],[-83.585063,37.673935],[-83.585126,37.674296],[-83.58513,37.67436],[-83.585128,37.674498],[-83.585109,37.67464],[-83.585076,37.674778],[-83.585052,37.674843],[-83.585021,37.674906],[-83.58495256140351,37.675]]}},{"type":"Feature","properties":{"osm_id":16268579,"highway":"service","name":null,"alt_name":null,"official_name":null,"surface":null,"tracktype":null,"service":null,"access":"private","motor_vehicle":null,"foot":null,"tiger_reviewed":"no","rrgh_part":0,"rrgh_tile_part":0},"geometry":{"type":"LineString","coordinates":[[-83.589781,37.634046],[-83.589713,37.63436],[-83.589706,37.63462],[-83.58996,37.634863],[-83.59,37.63489001421801]]}},{"type":"Feature","properties":{"osm_id":16270336,"highway":"residential","name":"Union Road","alt_name":null,"official_name":null,"surface":null,"tracktype":null,"service":null,"access":null,"motor_vehicle":null,"foot":null,"tiger_reviewed":"no","rrgh_part":0,"rrgh_tile_part":0},"geometry":{"type":"LineString","coordinates":[[-83.59,37.63399021428572],[-83.589943,37.634016],[-83.589844,37.63404],[-83.589781,37.634046],[-83.589508,37.63407],[-83.589388,37.634087],[-83.589271,37.634118],[-83.588692,37.634352],[-83.588496,37.634446],[-83.588416,37.634494],[-83.588302,37.634637],[-83.588268,37.634722],[-83.588189,37.635016],[-83.588124,37.635346],[-83.588066,37.635574],[-83.587982,37.635797],[-83.587922,37.635902],[-83.587848,37.636001],[-83.587757,37.636095],[-83.587345,37.63642],[-83.587256,37.636505],[-83.587182,37.636598],[-83.58699,37.636899],[-83.586917,37.636996],[-83.586641,37.637322],[-83.58661,37.637398],[-83.586601,37.637486],[-83.586637,37.637672],[-83.586705,37.637862],[-83.586757,37.637954],[-83.586827,37.638035],[-83.586915,37.638111],[-83.587106,37.638249],[-83.58718,37.638323],[-83.587226,37.638407],[-83.587241,37.638497],[-83.587232,37.638587],[-83.587098,37.639074],[-83.586958,37.639767],[-83.58694,37.640156],[-83.586955,37.640239],[-83.587011,37.640373],[-83.587116,37.640548],[-83.587184,37.640715],[-83.587198,37.640803],[-83.587168,37.641209],[-83.587182,37.641405]]}},{"type":"Feature","properties":{"osm_id":16269654,"highway":"residential","name":"D Abner Road","alt_name":null,"official_name":null,"surface":null,"tracktype":null,"service":null,"access":null,"motor_vehicle":null,"foot":null,"tiger_reviewed":"no","rrgh_part":0,"rrgh_tile_part":0},"geometry":{"type":"LineString","coordinates":[[-83.587182,37.641405],[-83.587261,37.641391],[-83.587415,37.641365],[-83.587664,37.641355],[-83.587734,37.641343],[-83.587924,37.641266],[-83.588205,37.641105],[-83.588312,37.641067],[-83.588529,37.641015],[-83.588569,37.641006],[-83.588678,37.640966],[-83.588891,37.640853],[-83.589487,37.640513],[-83.589641,37.64041],[-83.589749,37.64028],[-83.589942,37.639933],[-83.58999,37.639878],[-83.59,37.639870321428575]]}},{"type":"Feature","properties":{"osm_id":1450154093,"highway":"track","name":null,"alt_name":null,"official_name":null,"surface":null,"tracktype":null,"service":null,"access":null,"motor_vehicle":null,"foot":null,"tiger_reviewed":null,"rrgh_part":2,"rrgh_tile_part":0},"geometry":{"type":"LineString","coordinates":[[-83.59,37.64751041942646],[-83.5898856,37.6475482],[-83.5896846,37.6475942],[-83.5894896,37.6475855],[-83.5893197,37.6474953],[-83.5890005,37.6473115],[-83.5887811,37.6472151],[-83.5885486,37.6471397],[-83.5882899,37.6470823],[-83.5881531,37.6469486],[-83.5879396,37.6467314],[-83.587776,37.646533]]}},{"type":"Feature","properties":{"osm_id":16268697,"highway":"track","name":null,"alt_name":null,"official_name":null,"surface":null,"tracktype":null,"service":null,"access":null,"motor_vehicle":null,"foot":null,"tiger_reviewed":"no","rrgh_part":0,"rrgh_tile_part":0},"geometry":{"type":"LineString","coordinates":[[-83.5865155,37.6559524],[-83.5868526,37.6549822],[-83.5869027,37.6547874],[-83.5868271,37.6542546],[-83.5870755,37.6539863],[-83.5873167,37.6539429],[-83.5877787,37.6540814],[-83.5881659,37.6545745],[-83.5887798,37.6547329],[-83.59,37.65517808536754]]}},{"type":"Feature","properties":{"osm_id":1525650328,"highway":"track","name":null,"alt_name":null,"official_name":null,"surface":null,"tracktype":null,"service":null,"access":null,"motor_vehicle":null,"foot":null,"tiger_reviewed":null,"rrgh_part":0,"rrgh_tile_part":0},"geometry":{"type":"LineString","coordinates":[[-83.59,37.65948739927007],[-83.589978,37.6594821],[-83.5897904,37.6592954],[-83.5896778,37.659202]]}},{"type":"Feature","properties":{"osm_id":16381422,"highway":"service","name":null,"alt_name":null,"official_name":null,"surface":null,"tracktype":null,"service":null,"access":"private","motor_vehicle":null,"foot":null,"tiger_reviewed":"no","rrgh_part":0,"rrgh_tile_part":0},"geometry":{"type":"LineString","coordinates":[[-83.5852724,37.6700341],[-83.585458,37.6697251],[-83.5856258,37.669271],[-83.5868904,37.6685599],[-83.5875691,37.6680993],[-83.5879065,37.6678841],[-83.5887895,37.6683028],[-83.5893629,37.6684292],[-83.5897859,37.6685189],[-83.59,37.66829383735252]]}},{"type":"Feature","properties":{"osm_id":16269873,"highway":"residential","name":"Shady Banks Hollow Road","alt_name":null,"official_name":null,"surface":null,"tracktype":null,"service":null,"access":null,"motor_vehicle":null,"foot":null,"tiger_reviewed":"no","rrgh_part":0,"rrgh_tile_part":0},"geometry":{"type":"LineString","coordinates":[[-83.577489,37.606316],[-83.577671,37.606239],[-83.578098,37.606],[-83.578711,37.605525],[-83.578947,37.605337],[-83.579241,37.605294],[-83.57926,37.605276],[-83.5793,37.605263],[-83.57941,37.60525],[-83.579655,37.605202],[-83.579793,37.605189],[-83.579937,37.605194],[-83.580398,37.605271],[-83.580727,37.605343],[-83.581033,37.605456],[-83.581166,37.605522],[-83.581268,37.605589],[-83.581429,37.605734],[-83.581531,37.605804],[-83.582067,37.606096],[-83.582374,37.606186],[-83.58257,37.60626],[-83.582987,37.606363],[-83.58386,37.606696],[-83.584101,37.606848],[-83.584465,37.607049],[-83.58461,37.607077],[-83.584729,37.607065],[-83.584829,37.607088],[-83.585363,37.607245],[-83.585472,37.607287],[-83.586066,37.607707]]}},{"type":"Feature","properties":{"osm_id":16270348,"highway":"residential","name":"Spencer Hollow Road","alt_name":null,"official_name":null,"surface":null,"tracktype":null,"service":null,"access":null,"motor_vehicle":null,"foot":null,"tiger_reviewed":"no","rrgh_part":0,"rrgh_tile_part":0},"geometry":{"type":"LineString","coordinates":[[-83.588454,37.605469],[-83.588453,37.605412],[-83.588449,37.605156],[-83.588458,37.605092],[-83.588512,37.604915],[-83.588508,37.604865],[-83.588465,37.604782],[-83.588419,37.604726],[-83.588333,37.60464],[-83.588227,37.60458],[-83.587707,37.60451],[-83.587608,37.604489],[-83.587462,37.604442],[-83.586724,37.604142],[-83.58646,37.604074],[-83.586026,37.603902],[-83.585785,37.603831],[-83.585353,37.603742],[-83.585242,37.603707],[-83.585077,37.603642],[-83.5848,37.603485],[-83.584535,37.603419],[-83.584333,37.603404],[-83.584143,37.603416],[-83.583912,37.603476],[-83.583578,37.603597]]}},{"type":"Feature","properties":{"osm_id":16269182,"highway":"residential","name":"Flatwood Road","alt_name":null,"official_name":null,"surface":null,"tracktype":null,"service":null,"access":null,"motor_vehicle":null,"foot":null,"tiger_reviewed":"no","rrgh_part":0,"rrgh_tile_part":0},"geometry":{"type":"LineString","coordinates":[[-83.574794,37.631356],[-83.574566,37.631521],[-83.574303,37.63173],[-83.573971,37.632016],[-83.573666,37.632247],[-83.573551,37.632323],[-83.57319,37.632515],[-83.572974,37.63266],[-83.572799,37.632798],[-83.572512,37.632975],[-83.571829,37.633176],[-83.571707,37.633199],[-83.571528,37.633198],[-83.571148,37.633137],[-83.570991,37.6331],[-83.570839,37.633085],[-83.570313,37.6331],[-83.569822,37.633142],[-83.569641,37.633195],[-83.569553,37.633231],[-83.569393,37.633315],[-83.569082,37.633511],[-83.569026,37.633555],[-83.56876,37.63382],[-83.568596,37.633901],[-83.568412,37.633959],[-83.567938,37.634213],[-83.567762,37.634291],[-83.567581,37.634399],[-83.567408,37.634548],[-83.567187,37.634783],[-83.566914,37.634992],[-83.566817,37.635096],[-83.566733,37.635208],[-83.5666912,37.6352559],[-83.5665431,37.6354257],[-83.566344,37.635501],[-83.566175,37.635585],[-83.565921,37.635752],[-83.565565,37.635964],[-83.565455,37.636093],[-83.565359,37.636243],[-83.565246,37.636532],[-83.56511,37.636972],[-83.565108,37.637037],[-83.565131,37.637138],[-83.56516,37.637191],[-83.565199,37.637224],[-83.565248,37.637285],[-83.565257,37.637318],[-83.565256,37.637366],[-83.565234,37.63741],[-83.565198,37.637448],[-83.56502,37.637546],[-83.564926,37.637627],[-83.564883,37.63768],[-83.56482,37.637814],[-83.564652,37.638107],[-83.564499,37.638425],[-83.56445,37.638498],[-83.56421,37.638767],[-83.564065,37.638975],[-83.563859,37.639318],[-83.563257,37.640156],[-83.562812,37.64073],[-83.562393,37.641453],[-83.562068,37.641975],[-83.561954,37.642226],[-83.5617746,37.6426849],[-83.56146,37.643052],[-83.560916,37.643573],[-83.560499,37.644007],[-83.560339,37.644174],[-83.560244,37.644287],[-83.559747,37.644777],[-83.559511,37.645051],[-83.559098,37.645487],[-83.558413,37.6461],[-83.558117,37.646402],[-83.558027,37.646516],[-83.557951,37.646648],[-83.557892,37.646796],[-83.557795,37.647198],[-83.557668,37.647598],[-83.557651,37.647761],[-83.557664,37.648108],[-83.557619,37.648593],[-83.557604,37.64895],[-83.557514,37.649165]]}},{"type":"Feature","properties":{"osm_id":16268963,"highway":"residential","name":"Cole Lane","alt_name":null,"official_name":null,"surface":null,"tracktype":null,"service":null,"access":null,"motor_vehicle":null,"foot":null,"tiger_reviewed":"no","rrgh_part":0,"rrgh_tile_part":0},"geometry":{"type":"LineString","coordinates":[[-83.58618,37.61085],[-83.58643,37.610846],[-83.5865,37.610823],[-83.58656,37.6107],[-83.586593,37.610459]]}},{"type":"Feature","properties":{"osm_id":16270349,"highway":"residential","name":"Cr-1420","alt_name":null,"official_name":null,"surface":null,"tracktype":null,"service":null,"access":null,"motor_vehicle":null,"foot":null,"tiger_reviewed":"no","rrgh_part":0,"rrgh_tile_part":0},"geometry":{"type":"LineString","coordinates":[[-83.572112,37.624139],[-83.57213,37.624419],[-83.572149,37.624493],[-83.572183,37.624569],[-83.572433,37.624902],[-83.572556,37.624998],[-83.572606,37.625017],[-83.572711,37.625034],[-83.572821,37.625023],[-83.573274,37.624896],[-83.573475,37.624851],[-83.57362,37.624784],[-83.573705,37.624755],[-83.574253,37.624671],[-83.575393,37.624406]]}},{"type":"Feature","properties":{"osm_id":16268535,"highway":"residential","name":null,"alt_name":null,"official_name":null,"surface":null,"tracktype":null,"service":null,"access":null,"motor_vehicle":null,"foot":null,"tiger_reviewed":"no","rrgh_part":0,"rrgh_tile_part":0},"geometry":{"type":"LineString","coordinates":[[-83.570591,37.623179],[-83.570854,37.623019],[-83.571248,37.622785],[-83.57165,37.62247]]}},{"type":"Feature","properties":{"osm_id":16269084,"highway":"residential","name":"Cr-1405","alt_name":null,"official_name":null,"surface":null,"tracktype":null,"service":null,"access":null,"motor_vehicle":null,"foot":null,"tiger_reviewed":"no","rrgh_part":0,"rrgh_tile_part":0},"geometry":{"type":"LineString","coordinates":[[-83.574796,37.623102],[-83.574831,37.62311],[-83.574917,37.623319],[-83.57505,37.623673],[-83.575144,37.623984],[-83.575203,37.624136],[-83.575325,37.624366],[-83.575343,37.624386],[-83.575393,37.624406],[-83.575537,37.624409],[-83.576387,37.624194],[-83.576625,37.624155],[-83.576794,37.624168],[-83.576886,37.624201],[-83.576949,37.624198],[-83.577044,37.62416],[-83.577156,37.624084],[-83.577224,37.624065],[-83.577334,37.624017],[-83.577488,37.623933],[-83.577652,37.62388],[-83.577873,37.623834],[-83.578004,37.623793],[-83.578141,37.623739],[-83.578249,37.623717],[-83.578719,37.623679],[-83.57891,37.623645],[-83.57917,37.623633],[-83.579211,37.623619],[-83.579279,37.623559],[-83.579291,37.623497],[-83.579285,37.623362],[-83.579208,37.622923],[-83.579182,37.622878],[-83.578985,37.622727],[-83.578953,37.62268],[-83.578957,37.622639]]}},{"type":"Feature","properties":{"osm_id":1015943907,"highway":"service","name":null,"alt_name":null,"official_name":null,"surface":null,"tracktype":null,"service":null,"access":null,"motor_vehicle":null,"foot":null,"tiger_reviewed":null,"rrgh_part":0,"rrgh_tile_part":0},"geometry":{"type":"LineString","coordinates":[[-83.570839,37.633085],[-83.5708775,37.6329934],[-83.5709068,37.6325848],[-83.5708738,37.6323617],[-83.5709543,37.6320198],[-83.5709617,37.6319155],[-83.5709214,37.6316692],[-83.570958,37.6315272],[-83.5711263,37.6313968],[-83.5713166,37.6312867],[-83.5716203,37.6311736],[-83.572063,37.6310577],[-83.5721947,37.6309882],[-83.5721947,37.6309128]]}},{"type":"Feature","properties":{"osm_id":16269014,"highway":"residential","name":"Primrose Union Road","alt_name":null,"official_name":null,"surface":null,"tracktype":null,"service":null,"access":null,"motor_vehicle":null,"foot":null,"tiger_reviewed":"no","rrgh_part":0,"rrgh_tile_part":0},"geometry":{"type":"LineString","coordinates":[[-83.587182,37.641405],[-83.586985,37.641416],[-83.586711,37.641451],[-83.586022,37.641622],[-83.585252,37.641876],[-83.585053,37.641971],[-83.584876,37.642097],[-83.584195,37.642771],[-83.583813,37.643112],[-83.583728,37.643204],[-83.583079,37.644023],[-83.582649,37.64454],[-83.582415,37.64481],[-83.582082,37.645154],[-83.581923,37.645337],[-83.581659,37.645712],[-83.581237,37.646395],[-83.581155,37.64658],[-83.58102,37.646981],[-83.580954,37.64714]]}},{"type":"Feature","properties":{"osm_id":16269054,"highway":"service","name":"Cr-1450","alt_name":null,"official_name":null,"surface":null,"tracktype":null,"service":null,"access":"private","motor_vehicle":null,"foot":null,"tiger_reviewed":"no","rrgh_part":0,"rrgh_tile_part":0},"geometry":{"type":"LineString","coordinates":[[-83.587011,37.640373],[-83.586798,37.640433],[-83.586518,37.64056],[-83.586332,37.64063],[-83.586184,37.640662],[-83.585965,37.640681]]}},{"type":"Feature","properties":{"osm_id":16269636,"highway":"residential","name":"Grays Bend Road","alt_name":null,"official_name":null,"surface":null,"tracktype":null,"service":null,"access":null,"motor_vehicle":null,"foot":null,"tiger_reviewed":"no","rrgh_part":0,"rrgh_tile_part":0},"geometry":{"type":"LineString","coordinates":[[-83.588529,37.641015],[-83.587164,37.640268]]}},{"type":"Feature","properties":{"osm_id":16270428,"highway":"residential","name":"Cr-1045","alt_name":null,"official_name":null,"surface":null,"tracktype":null,"service":null,"access":null,"motor_vehicle":null,"foot":null,"tiger_reviewed":"no","rrgh_part":0,"rrgh_tile_part":0},"geometry":{"type":"LineString","coordinates":[[-83.586001,37.645564],[-83.586035,37.645648],[-83.58604,37.645734],[-83.586017,37.645812],[-83.585994,37.645852],[-83.585914,37.645926],[-83.585747,37.646005],[-83.585368,37.646155],[-83.585286,37.646205],[-83.585229,37.646271],[-83.585207,37.646449],[-83.585244,37.646705],[-83.585247,37.64682],[-83.585182,37.647099],[-83.585177,37.647154],[-83.58519,37.647269],[-83.585386,37.647898],[-83.585451,37.648012],[-83.585502,37.648071],[-83.585582,37.648134]]}},{"type":"Feature","properties":{"osm_id":16268245,"highway":"residential","name":"Collier Road","alt_name":null,"official_name":null,"surface":null,"tracktype":null,"service":null,"access":null,"motor_vehicle":null,"foot":null,"tiger_reviewed":"no","rrgh_part":0,"rrgh_tile_part":0},"geometry":{"type":"LineString","coordinates":[[-83.586001,37.645564],[-83.586356,37.645506],[-83.586463,37.645501],[-83.586631,37.645526],[-83.586906,37.645592],[-83.586979,37.645642],[-83.586992,37.645675],[-83.586975,37.645831]]}},{"type":"Feature","properties":{"osm_id":16268246,"highway":"residential","name":"Collier Road","alt_name":null,"official_name":null,"surface":null,"tracktype":null,"service":null,"access":null,"motor_vehicle":null,"foot":null,"tiger_reviewed":"no","rrgh_part":0,"rrgh_tile_part":0},"geometry":{"type":"LineString","coordinates":[[-83.587182,37.641405],[-83.587258,37.641675],[-83.587288,37.641911],[-83.587277,37.642086],[-83.587293,37.642344],[-83.587269,37.642467],[-83.58724,37.642525],[-83.587203,37.64258],[-83.586876,37.642901],[-83.586603,37.643222],[-83.586536,37.643286],[-83.586459,37.643345],[-83.586372,37.643396],[-83.585926,37.643578],[-83.585857,37.643616],[-83.585738,37.643711],[-83.585641,37.643828],[-83.585524,37.644027],[-83.585423,37.644234],[-83.585374,37.644366],[-83.585349,37.644574],[-83.58537,37.64473],[-83.5854,37.644812],[-83.585504,37.644973],[-83.585958,37.645503],[-83.586001,37.645564]]}},{"type":"Feature","properties":{"osm_id":16269776,"highway":"residential","name":"Cr-1416","alt_name":null,"official_name":null,"surface":null,"tracktype":null,"service":null,"access":null,"motor_vehicle":null,"foot":null,"tiger_reviewed":"no","rrgh_part":0,"rrgh_tile_part":0},"geometry":{"type":"LineString","coordinates":[[-83.586975,37.645831],[-83.586972,37.646019],[-83.587008,37.646102],[-83.587073,37.646198],[-83.587184,37.646288],[-83.587353,37.646379],[-83.587557,37.646453],[-83.587693,37.646488],[-83.587776,37.646533]]}},{"type":"Feature","properties":{"osm_id":16268850,"highway":"residential","name":"Right Fork Grays Bend Road","alt_name":null,"official_name":null,"surface":null,"tracktype":null,"service":null,"access":null,"motor_vehicle":null,"foot":null,"tiger_reviewed":"no","rrgh_part":0,"rrgh_tile_part":0},"geometry":{"type":"LineString","coordinates":[[-83.580954,37.64714],[-83.580865,37.647218],[-83.580633,37.647341],[-83.580555,37.647382],[-83.580327,37.647526],[-83.580191,37.647652],[-83.579987,37.647871],[-83.579895,37.647955],[-83.579795,37.648032],[-83.579678,37.648098],[-83.579485,37.648168],[-83.579108,37.64826],[-83.57869,37.648322],[-83.578372,37.648356],[-83.578302,37.64836],[-83.578188,37.648349],[-83.57807,37.648297],[-83.577955,37.648199],[-83.577863,37.648089],[-83.577752,37.647983],[-83.577543,37.647859],[-83.57745,37.647821],[-83.57736,37.647799],[-83.577158,37.647791],[-83.577054,37.64777],[-83.576964,37.64772],[-83.576928,37.647687],[-83.576773,37.647493],[-83.5766398,37.6474268],[-83.5764531,37.6473014],[-83.5762495,37.6470602],[-83.5758428,37.6466304],[-83.5758545,37.6459349],[-83.57585,37.64536],[-83.5757926,37.6452394]]}},{"type":"Feature","properties":{"osm_id":16269637,"highway":"residential","name":"Grays Bend Road","alt_name":null,"official_name":null,"surface":null,"tracktype":null,"service":null,"access":null,"motor_vehicle":null,"foot":null,"tiger_reviewed":"no","rrgh_part":0,"rrgh_tile_part":0},"geometry":{"type":"LineString","coordinates":[[-83.580954,37.64714],[-83.5808928,37.6474107],[-83.5808774,37.647494],[-83.580805,37.647745],[-83.580759,37.647857],[-83.580477,37.648417],[-83.580445,37.648471],[-83.580356,37.648575],[-83.580176,37.648713],[-83.580032,37.64878],[-83.579622,37.648943],[-83.579199,37.649047],[-83.579092,37.649092],[-83.578994,37.649155],[-83.5789,37.64925],[-83.578668,37.649544],[-83.578336,37.650023],[-83.578172,37.650312],[-83.578069,37.650425],[-83.577737,37.650679],[-83.577334,37.650961],[-83.577138,37.651081],[-83.576818,37.651248],[-83.576587,37.651412],[-83.576572,37.651437],[-83.576571,37.651464],[-83.576615,37.651581],[-83.576623,37.651669],[-83.576584,37.651835],[-83.576503,37.651946],[-83.576338,37.652077],[-83.57622,37.652208],[-83.576143,37.652355],[-83.576119,37.652457],[-83.576121,37.652562],[-83.576133,37.652615],[-83.576335,37.653211]]}},{"type":"Feature","properties":{"osm_id":16268541,"highway":"residential","name":null,"alt_name":null,"official_name":null,"surface":null,"tracktype":null,"service":null,"access":null,"motor_vehicle":null,"foot":null,"tiger_reviewed":"no","rrgh_part":0,"rrgh_tile_part":0},"geometry":{"type":"LineString","coordinates":[[-83.580633,37.647341],[-83.5808774,37.647494]]}},{"type":"Feature","properties":{"osm_id":16269820,"highway":"residential","name":"Left Fork Grays Bend Road","alt_name":null,"official_name":null,"surface":null,"tracktype":null,"service":null,"access":null,"motor_vehicle":null,"foot":null,"tiger_reviewed":"no","rrgh_part":0,"rrgh_tile_part":0},"geometry":{"type":"LineString","coordinates":[[-83.5811276,37.6476746],[-83.5811533,37.6477217],[-83.5811623,37.6477866],[-83.5810977,37.6481105],[-83.5810279,37.648436],[-83.5810295,37.6485088],[-83.5810729,37.6485794],[-83.5814165,37.6490711],[-83.5817282,37.6493992],[-83.5818445,37.6494862],[-83.5819775,37.6495422],[-83.5821403,37.6495438],[-83.5823763,37.6494972],[-83.5825677,37.6495169],[-83.5826826,37.6495695],[-83.5828176,37.6496967],[-83.5829256,37.6499556],[-83.5830239,37.6503122]]}},{"type":"Feature","properties":{"osm_id":16269821,"highway":"residential","name":"Left Fork Grays Bend Road","alt_name":null,"official_name":null,"surface":null,"tracktype":null,"service":null,"access":null,"motor_vehicle":null,"foot":null,"tiger_reviewed":"no","rrgh_part":0,"rrgh_tile_part":0},"geometry":{"type":"LineString","coordinates":[[-83.5808774,37.647494],[-83.5811276,37.6476746],[-83.5818767,37.647512],[-83.5821516,37.6474864],[-83.5823599,37.6474775],[-83.582512,37.6475166]]}},{"type":"Feature","properties":{"osm_id":16268453,"highway":"residential","name":null,"alt_name":null,"official_name":null,"surface":null,"tracktype":null,"service":null,"access":null,"motor_vehicle":null,"foot":null,"tiger_reviewed":"no","rrgh_part":0,"rrgh_tile_part":0},"geometry":{"type":"LineString","coordinates":[[-83.577752,37.647983],[-83.576716,37.648663],[-83.576209,37.649091],[-83.575834,37.649293],[-83.575428,37.649449]]}},{"type":"Feature","properties":{"osm_id":16269078,"highway":"residential","name":"Primrose Union Rd Right Fork","alt_name":null,"official_name":null,"surface":null,"tracktype":null,"service":null,"access":null,"motor_vehicle":null,"foot":null,"tiger_reviewed":"no","rrgh_part":0,"rrgh_tile_part":0},"geometry":{"type":"LineString","coordinates":[[-83.575428,37.649449],[-83.573874,37.650411]]}},{"type":"Feature","properties":{"osm_id":16269079,"highway":"residential","name":"Primrose Union Rd Right Fork","alt_name":null,"official_name":null,"surface":null,"tracktype":null,"service":null,"access":null,"motor_vehicle":null,"foot":null,"tiger_reviewed":"no","rrgh_part":0,"rrgh_tile_part":0},"geometry":{"type":"LineString","coordinates":[[-83.574758,37.648989],[-83.575042,37.64928],[-83.575428,37.649449]]}},{"type":"Feature","properties":{"osm_id":16268222,"highway":"residential","name":"Cr-1096","alt_name":null,"official_name":null,"surface":null,"tracktype":null,"service":null,"access":null,"motor_vehicle":null,"foot":null,"tiger_reviewed":"no","rrgh_part":0,"rrgh_tile_part":0},"geometry":{"type":"LineString","coordinates":[[-83.559883,37.602079],[-83.559984,37.602039],[-83.560023,37.602046],[-83.56007,37.602049],[-83.560104,37.602038],[-83.560161,37.601992],[-83.560341,37.601944],[-83.560637,37.601847],[-83.560906,37.601781],[-83.561051,37.601734],[-83.561254,37.601686],[-83.561391,37.601666],[-83.561485,37.601635],[-83.561573,37.601628],[-83.561604,37.601591],[-83.561589,37.601545],[-83.561565,37.601524],[-83.561485,37.601491],[-83.5612942,37.6014604]]}},{"type":"Feature","properties":{"osm_id":16269061,"highway":"residential","name":"Angel-Deaton Graveyard Road","alt_name":null,"official_name":null,"surface":null,"tracktype":null,"service":null,"access":null,"motor_vehicle":null,"foot":null,"tiger_reviewed":"no","rrgh_part":0,"rrgh_tile_part":0},"geometry":{"type":"LineString","coordinates":[[-83.561753,37.605808],[-83.561861,37.605841],[-83.561911,37.605878],[-83.562078,37.606061],[-83.562195,37.606291],[-83.562261,37.606374],[-83.562353,37.606425],[-83.562489,37.606469],[-83.562613,37.606482],[-83.562778,37.606485],[-83.563096,37.606414]]}},{"type":"Feature","properties":{"osm_id":16269127,"highway":"residential","name":"Deaton Graveyard Road","alt_name":null,"official_name":null,"surface":null,"tracktype":null,"service":null,"access":null,"motor_vehicle":null,"foot":null,"tiger_reviewed":"no","rrgh_part":0,"rrgh_tile_part":0},"geometry":{"type":"LineString","coordinates":[[-83.5612942,37.6014604],[-83.56115,37.6014],[-83.561121,37.601401],[-83.561093,37.601428],[-83.561108,37.601463],[-83.561128,37.601472],[-83.5612942,37.6014604]]}},{"type":"Feature","properties":{"osm_id":16269490,"highway":"residential","name":"Rock Lick Road","alt_name":null,"official_name":null,"surface":null,"tracktype":null,"service":null,"access":null,"motor_vehicle":null,"foot":null,"tiger_reviewed":"no","rrgh_part":0,"rrgh_tile_part":0},"geometry":{"type":"LineString","coordinates":[[-83.54424637500001,37.6],[-83.544337,37.600029],[-83.544503,37.600118],[-83.545324,37.60061],[-83.545618,37.600765],[-83.546247,37.60107],[-83.546889,37.601451],[-83.547079,37.60159],[-83.547255,37.601747],[-83.547786,37.60217],[-83.547878,37.602319],[-83.547945,37.602554]]}},{"type":"Feature","properties":{"osm_id":16269600,"highway":"residential","name":"Brush Creek","alt_name":null,"official_name":null,"surface":null,"tracktype":null,"service":null,"access":null,"motor_vehicle":null,"foot":null,"tiger_reviewed":"no","rrgh_part":0,"rrgh_tile_part":0},"geometry":{"type":"LineString","coordinates":[[-83.550635,37.604303],[-83.55057,37.604376],[-83.550335,37.604572],[-83.550229,37.60464],[-83.550008,37.604854],[-83.549946,37.604976],[-83.549871,37.605245],[-83.549779,37.605373],[-83.549649,37.605506],[-83.549143,37.605873],[-83.548969,37.606011],[-83.548847,37.606144],[-83.548761,37.606295],[-83.548719,37.606459],[-83.548642,37.60657],[-83.548602,37.606687],[-83.548598,37.606828],[-83.548631,37.606952],[-83.548634,37.607111],[-83.548599,37.607292],[-83.548618,37.607405],[-83.548603,37.607634],[-83.548622,37.607763],[-83.548603,37.607904],[-83.548576,37.608051],[-83.548506,37.608179],[-83.548414,37.608301],[-83.5483,37.608399],[-83.548158,37.608467],[-83.548038,37.6085],[-83.547746,37.608636],[-83.547582,37.608674],[-83.547442,37.608653],[-83.547341,37.608587],[-83.547285,37.60848],[-83.547302,37.608398]]}},{"type":"Feature","properties":{"osm_id":16269771,"highway":"residential","name":"Brush Creek Road","alt_name":null,"official_name":null,"surface":null,"tracktype":null,"service":null,"access":null,"motor_vehicle":null,"foot":null,"tiger_reviewed":"no","rrgh_part":0,"rrgh_tile_part":0},"geometry":{"type":"LineString","coordinates":[[-83.550268,37.60383],[-83.550277,37.603888],[-83.550302,37.603952],[-83.550423,37.604132],[-83.550499,37.604219],[-83.550635,37.604303],[-83.550912,37.604437],[-83.551025,37.604503],[-83.55113,37.60459],[-83.551214,37.60471],[-83.551268,37.604844],[-83.55132,37.605112],[-83.55137,37.605287],[-83.551425,37.605366],[-83.551566,37.605517],[-83.551621,37.605602],[-83.551635,37.605686],[-83.551628,37.605918],[-83.55164,37.606048],[-83.551669,37.606151],[-83.55174,37.60625],[-83.551803,37.606308],[-83.551828,37.606347],[-83.551867,37.606411],[-83.551884,37.606498],[-83.551892,37.606758],[-83.551974,37.607178],[-83.55197,37.607321],[-83.551943,37.607502],[-83.551985,37.607696],[-83.551979,37.607884],[-83.551906,37.60859],[-83.551876,37.608703],[-83.551836,37.608796],[-83.55171,37.609288],[-83.551706,37.609412],[-83.55168,37.609544],[-83.551572,37.609906],[-83.551475,37.610082],[-83.551389,37.61032],[-83.551306,37.610505],[-83.551219,37.610814],[-83.551052,37.611184],[-83.550999,37.611484],[-83.550831,37.611872],[-83.55076,37.612012],[-83.550633,37.612143],[-83.550507,37.612303],[-83.550421,37.612453],[-83.550355,37.612631],[-83.550322,37.612856],[-83.550328,37.613088],[-83.5503,37.613429],[-83.550255,37.613571],[-83.550184,37.613794],[-83.550037,37.614379],[-83.549985,37.614474],[-83.549883,37.614611],[-83.549819,37.61465],[-83.549726,37.61467],[-83.549639,37.614705],[-83.549551,37.614767],[-83.549437,37.614922],[-83.549362,37.615068],[-83.549288,37.615263],[-83.549265,37.615663],[-83.549288,37.615842],[-83.549408,37.616235],[-83.549422,37.616406],[-83.549281,37.616835],[-83.549171,37.616974],[-83.549123,37.617053],[-83.549042,37.617228],[-83.548736,37.618638],[-83.548708,37.618822],[-83.548674,37.618937],[-83.548602,37.619065],[-83.548471,37.619235],[-83.548359,37.619334],[-83.54822,37.619409],[-83.548097,37.619462],[-83.547694,37.619601],[-83.547622,37.619644],[-83.547545,37.619715],[-83.547451,37.619833],[-83.547436,37.619915],[-83.547444,37.62007],[-83.547502,37.620233],[-83.547531,37.620403],[-83.547522,37.620479],[-83.547448,37.620717],[-83.547415,37.620799]]}},{"type":"Feature","properties":{"osm_id":16269815,"highway":"service","name":"Cr-1037","alt_name":null,"official_name":null,"surface":null,"tracktype":null,"service":null,"access":"private","motor_vehicle":null,"foot":null,"tiger_reviewed":"no","rrgh_part":0,"rrgh_tile_part":0},"geometry":{"type":"LineString","coordinates":[[-83.551828,37.606347],[-83.552123,37.606647],[-83.552177,37.606701],[-83.552467,37.607062],[-83.552541,37.607118],[-83.552593,37.607141],[-83.552712,37.607163],[-83.553238,37.607123],[-83.553432,37.607134],[-83.553914,37.607234],[-83.554329,37.607319],[-83.554646,37.607431],[-83.554789,37.607442],[-83.554832,37.607423]]}},{"type":"Feature","properties":{"osm_id":16268434,"highway":"service","name":null,"alt_name":null,"official_name":null,"surface":null,"tracktype":null,"service":null,"access":"private","motor_vehicle":null,"foot":null,"tiger_reviewed":"no","rrgh_part":0,"rrgh_tile_part":0},"geometry":{"type":"LineString","coordinates":[[-83.553914,37.607234],[-83.55406,37.60758],[-83.554118,37.607832]]}},{"type":"Feature","properties":{"osm_id":16107742,"highway":"residential","name":"Wide Creek Road","alt_name":null,"official_name":null,"surface":null,"tracktype":null,"service":null,"access":null,"motor_vehicle":null,"foot":null,"tiger_reviewed":"no","rrgh_part":0,"rrgh_tile_part":0},"geometry":{"type":"LineString","coordinates":[[-83.536575,37.60687],[-83.536353,37.606954],[-83.536173,37.607035],[-83.536076,37.607083],[-83.535875,37.607194],[-83.535673,37.607313],[-83.53558,37.607375],[-83.535415,37.6075],[-83.535345,37.607559],[-83.535285,37.607616],[-83.535176,37.60773],[-83.535093,37.607822],[-83.534569,37.608432],[-83.53442,37.608612],[-83.534351,37.608703],[-83.534158,37.608996],[-83.533822,37.609479],[-83.5336749,37.609715],[-83.533566,37.609895],[-83.533327,37.610308],[-83.53327,37.610391],[-83.533205,37.610464],[-83.53314,37.610528],[-83.532932,37.610708],[-83.532773,37.610836],[-83.532755,37.610867],[-83.532742,37.610909],[-83.532706,37.611072],[-83.532626,37.611401],[-83.532601,37.611491],[-83.532567,37.611579],[-83.532523,37.611664],[-83.532465,37.611744],[-83.532396,37.611822],[-83.532323,37.611897],[-83.53226,37.611973],[-83.532211,37.612051],[-83.532175,37.612136],[-83.53214,37.61223],[-83.531964,37.612793],[-83.531931,37.612916],[-83.531878,37.613159],[-83.531842,37.613273],[-83.531758,37.613497],[-83.531726,37.613605],[-83.531716,37.613716],[-83.531735,37.614053],[-83.531734,37.614171],[-83.531714,37.614617],[-83.531707,37.61471],[-83.531647,37.615211],[-83.531632,37.61531],[-83.531589,37.615496],[-83.531546,37.615642],[-83.531538,37.615714],[-83.531546,37.615774],[-83.53157,37.615835],[-83.531667,37.615976],[-83.531893,37.616237],[-83.53201,37.61638],[-83.53206,37.616448],[-83.532209,37.616677]]}},{"type":"Feature","properties":{"osm_id":16110673,"highway":"residential","name":"Childers Cemetery Road","alt_name":null,"official_name":null,"surface":null,"tracktype":null,"service":null,"access":null,"motor_vehicle":null,"foot":null,"tiger_reviewed":"no","rrgh_part":0,"rrgh_tile_part":0},"geometry":{"type":"LineString","coordinates":[[-83.530092,37.605718],[-83.530205,37.605706],[-83.530251,37.605696],[-83.530311,37.605689],[-83.530397,37.605655],[-83.530503,37.605596],[-83.530571,37.605563],[-83.530651,37.605532],[-83.530775,37.605494],[-83.530954,37.605427],[-83.531093,37.605366],[-83.531171,37.605326],[-83.531327,37.605231],[-83.531396,37.605174],[-83.531594,37.605027],[-83.531679,37.604972],[-83.531724,37.604948],[-83.531771,37.604928],[-83.531819,37.604912],[-83.531864,37.604901],[-83.531909,37.604896],[-83.531951,37.604899],[-83.53199,37.604908],[-83.532096,37.604957],[-83.532148,37.604997],[-83.532197,37.605044],[-83.532333,37.605186],[-83.532385,37.605228],[-83.532439,37.605265],[-83.532601,37.605363],[-83.532647,37.605405],[-83.532725,37.605501],[-83.532757,37.605551],[-83.532782,37.605602],[-83.532816,37.605709],[-83.532846,37.605827],[-83.532914,37.606006],[-83.532931,37.606059],[-83.532963,37.606187],[-83.532978,37.606215],[-83.533001,37.606237],[-83.533032,37.606255],[-83.533073,37.606267],[-83.53324,37.606271],[-83.533308,37.606279],[-83.533377,37.606296],[-83.533446,37.606322],[-83.533515,37.606358],[-83.533585,37.606404],[-83.533888,37.606637],[-83.534124,37.60683],[-83.534348,37.607031],[-83.534755,37.607414],[-83.534916,37.607557],[-83.535002,37.607626],[-83.535062,37.607669],[-83.535121,37.607705],[-83.535176,37.60773]]}},{"type":"Feature","properties":{"osm_id":16269087,"highway":"residential","name":"Happy Acres","alt_name":null,"official_name":null,"surface":null,"tracktype":null,"service":null,"access":null,"motor_vehicle":null,"foot":null,"tiger_reviewed":"no","rrgh_part":0,"rrgh_tile_part":0},"geometry":{"type":"LineString","coordinates":[[-83.543162,37.604316],[-83.543179,37.604382],[-83.543211,37.604714],[-83.543195,37.604751],[-83.543022,37.604937],[-83.542943,37.605051],[-83.542906,37.60513],[-83.542898,37.605221],[-83.542916,37.60546],[-83.542903,37.605577],[-83.542849,37.605679],[-83.542753,37.60582],[-83.542726,37.605912],[-83.542723,37.60596],[-83.542736,37.60606],[-83.542753,37.606112],[-83.542867,37.606377],[-83.542946,37.606609],[-83.543031,37.60677],[-83.543159,37.606976],[-83.54325,37.607158],[-83.543308,37.607419],[-83.54334,37.60764],[-83.543331,37.607747],[-83.543296,37.60785],[-83.543162,37.608095],[-83.543135,37.608203],[-83.543141,37.608316],[-83.543158,37.608372],[-83.543336,37.608683],[-83.543455,37.608848],[-83.543638,37.609065],[-83.543694,37.609168],[-83.543706,37.609223],[-83.543706,37.609277],[-83.543692,37.609329],[-83.54358,37.609521],[-83.543514,37.609692],[-83.543453,37.609885],[-83.543429,37.610012],[-83.543439,37.610136],[-83.543587,37.610452],[-83.543606,37.610521],[-83.543606,37.610657],[-83.543569,37.610773],[-83.543505,37.610865],[-83.54341,37.610948],[-83.543347,37.610979]]}},{"type":"Feature","properties":{"osm_id":16270057,"highway":"residential","name":"Spencer's Mountain","alt_name":null,"official_name":null,"surface":null,"tracktype":null,"service":null,"access":null,"motor_vehicle":null,"foot":null,"tiger_reviewed":"no","rrgh_part":0,"rrgh_tile_part":0},"geometry":{"type":"LineString","coordinates":[[-83.543162,37.604316],[-83.543021,37.604051],[-83.542673,37.602996],[-83.542658,37.602894],[-83.542662,37.602739],[-83.542688,37.602682],[-83.54275,37.602632],[-83.543782,37.60251],[-83.544236,37.602478],[-83.544387,37.602497]]}},{"type":"Feature","properties":{"osm_id":16106525,"highway":"service","name":null,"alt_name":null,"official_name":null,"surface":null,"tracktype":null,"service":null,"access":"private","motor_vehicle":null,"foot":null,"tiger_reviewed":"no","rrgh_part":0,"rrgh_tile_part":0},"geometry":{"type":"LineString","coordinates":[[-83.518475,37.609943],[-83.518599,37.609803],[-83.51907,37.609607],[-83.519347,37.609389],[-83.519512,37.609058],[-83.519545,37.608816],[-83.519538,37.60863],[-83.51959,37.608445],[-83.519857,37.608194],[-83.520002,37.607927],[-83.520026,37.607629],[-83.5201,37.607378],[-83.520315,37.607216],[-83.520643,37.607078],[-83.52094,37.607044],[-83.521136,37.607075],[-83.521269,37.606994]]}},{"type":"Feature","properties":{"osm_id":16268236,"highway":"residential","name":"Decoursey Road","alt_name":null,"official_name":null,"surface":null,"tracktype":null,"service":null,"access":null,"motor_vehicle":null,"foot":null,"tiger_reviewed":"no","rrgh_part":0,"rrgh_tile_part":0},"geometry":{"type":"LineString","coordinates":[[-83.569073,37.613961],[-83.56904,37.613955],[-83.568853,37.613855],[-83.568777,37.613832],[-83.568562,37.613865],[-83.56829,37.613941],[-83.568106,37.614009],[-83.567746,37.614167],[-83.566633,37.614533],[-83.566391,37.614632],[-83.566279,37.614686],[-83.566057,37.614843],[-83.565973,37.61489],[-83.565879,37.614915],[-83.565494,37.614963],[-83.565419,37.614979],[-83.563614,37.615764],[-83.563104,37.615916]]}},{"type":"Feature","properties":{"osm_id":16105220,"highway":"residential","name":null,"alt_name":null,"official_name":null,"surface":null,"tracktype":null,"service":null,"access":null,"motor_vehicle":null,"foot":null,"tiger_reviewed":"no","rrgh_part":0,"rrgh_tile_part":0},"geometry":{"type":"LineString","coordinates":[[-83.519217,37.618288],[-83.516785,37.618313],[-83.516014,37.618854],[-83.515874,37.619374],[-83.51539,37.620029],[-83.515321,37.620323],[-83.515216,37.620757],[-83.514806,37.621511],[-83.514742,37.622219],[-83.514388,37.623179],[-83.513893,37.623795],[-83.512963,37.624586],[-83.512769,37.625078],[-83.512689,37.625601],[-83.512705,37.627063],[-83.512567,37.62846],[-83.512609,37.631414],[-83.512756,37.632192],[-83.513561,37.632496],[-83.514165,37.632478],[-83.515228,37.632279],[-83.51701,37.632269],[-83.5170257,37.6322823],[-83.517495,37.63249],[-83.517664,37.632759],[-83.517489,37.63312],[-83.516964,37.633635],[-83.516902,37.634062]]}},{"type":"Feature","properties":{"osm_id":16116927,"highway":"residential","name":"Spencer Bend Road","alt_name":null,"official_name":null,"surface":null,"tracktype":null,"service":null,"access":null,"motor_vehicle":null,"foot":null,"tiger_reviewed":"no","rrgh_part":0,"rrgh_tile_part":0},"geometry":{"type":"LineString","coordinates":[[-83.518475,37.609943],[-83.518513,37.609947],[-83.518604,37.60996],[-83.518654,37.609961],[-83.518767,37.60995],[-83.518825,37.60994],[-83.518882,37.609928],[-83.519021,37.609884],[-83.519191,37.609824],[-83.519276,37.609799],[-83.519363,37.609782],[-83.519407,37.609779],[-83.519457,37.609784],[-83.519553,37.609811],[-83.519825,37.609896],[-83.520154,37.610026],[-83.52024,37.610057],[-83.520326,37.610083],[-83.520415,37.610104],[-83.520605,37.610138],[-83.520905,37.61017],[-83.521223,37.610215],[-83.521517,37.610277],[-83.521707,37.610312],[-83.521803,37.610333],[-83.521896,37.610364],[-83.522166,37.610499],[-83.522261,37.610539],[-83.522354,37.610569],[-83.522543,37.61062],[-83.522641,37.610652],[-83.522945,37.610767],[-83.523045,37.6108],[-83.523244,37.610859],[-83.523336,37.610891],[-83.523419,37.610927],[-83.523496,37.610973],[-83.523561,37.611031],[-83.523667,37.611161],[-83.523728,37.611221],[-83.523798,37.611272],[-83.523874,37.611312],[-83.524041,37.611381],[-83.524121,37.611422],[-83.524189,37.611471],[-83.524236,37.611524],[-83.524273,37.611581],[-83.524364,37.611708],[-83.524469,37.611834],[-83.524637,37.612023],[-83.524691,37.612095],[-83.524819,37.612333],[-83.524965,37.612553],[-83.525004,37.612628],[-83.525022,37.612705],[-83.525029,37.612787],[-83.525029,37.612952],[-83.525034,37.613034],[-83.525048,37.613115],[-83.52507,37.613196],[-83.525102,37.613277],[-83.525143,37.613359],[-83.525284,37.61361],[-83.5253,37.613677],[-83.525272,37.613802],[-83.525281,37.613874],[-83.525302,37.613942],[-83.525327,37.614003],[-83.525356,37.614058],[-83.525392,37.614107],[-83.525437,37.614149],[-83.525486,37.614186],[-83.525539,37.614216],[-83.5256,37.61424],[-83.525665,37.614254],[-83.525804,37.614265],[-83.52596,37.614263],[-83.52615,37.614248],[-83.526276,37.614224],[-83.526412,37.614187],[-83.52654,37.614123],[-83.526599,37.614083],[-83.526652,37.614038],[-83.526744,37.61394],[-83.526773,37.613901],[-83.526819,37.613849],[-83.526855,37.61378],[-83.526925,37.613669],[-83.526962,37.613617],[-83.527137,37.613417],[-83.527229,37.613283],[-83.527395,37.613013],[-83.527457,37.612884],[-83.527539,37.612745],[-83.527619,37.612596],[-83.527694,37.612443],[-83.527764,37.612284],[-83.527813,37.612125],[-83.52783,37.612041],[-83.527854,37.611884],[-83.527871,37.611819],[-83.527908,37.611748],[-83.527947,37.611689],[-83.527986,37.611632],[-83.528031,37.611577],[-83.528086,37.611523],[-83.528148,37.61147],[-83.528217,37.611421],[-83.528287,37.61138],[-83.52843,37.611301],[-83.528591,37.611217],[-83.528683,37.611174],[-83.52888,37.611092],[-83.529086,37.611016],[-83.529385,37.61092],[-83.529477,37.610898],[-83.52957,37.610882],[-83.529726,37.610875],[-83.529897,37.610892],[-83.529992,37.610906],[-83.530093,37.610915],[-83.530188,37.61093],[-83.530493,37.610964],[-83.530693,37.610979],[-83.531205,37.611007],[-83.53183,37.611006],[-83.532032,37.611009],[-83.532211,37.611017],[-83.532296,37.611016],[-83.532377,37.611008],[-83.532451,37.610992],[-83.532516,37.610974],[-83.532573,37.610953],[-83.532671,37.61091],[-83.532755,37.610867]]}},{"type":"Feature","properties":{"osm_id":16269626,"highway":"residential","name":"Wide Creek Road","alt_name":null,"official_name":null,"surface":null,"tracktype":null,"service":null,"access":null,"motor_vehicle":null,"foot":null,"tiger_reviewed":"no","rrgh_part":0,"rrgh_tile_part":0},"geometry":{"type":"LineString","coordinates":[[-83.532209,37.616677],[-83.532242,37.616905],[-83.532247,37.617038],[-83.53223,37.617102],[-83.532207,37.617298],[-83.53222,37.617487],[-83.532245,37.61758],[-83.532329,37.617761],[-83.532634,37.618054],[-83.532703,37.618157],[-83.532761,37.618271],[-83.532795,37.618388],[-83.532811,37.618511],[-83.532814,37.618641],[-83.532806,37.618772],[-83.532768,37.618912],[-83.53276,37.619027],[-83.532771,37.619196],[-83.532805,37.619354],[-83.532982,37.619694],[-83.533012,37.619785],[-83.533042,37.619969],[-83.533063,37.620594],[-83.533082,37.62081],[-83.533156,37.621345],[-83.533167,37.621561],[-83.533161,37.621668],[-83.533111,37.62198],[-83.533047,37.62217],[-83.533,37.622262],[-83.532829,37.622522],[-83.53259,37.622805],[-83.532542,37.622875],[-83.532518,37.622946],[-83.532516,37.623021],[-83.532528,37.623097],[-83.5326,37.623331],[-83.53269,37.623488],[-83.532806,37.623631],[-83.533038,37.623842],[-83.533191,37.623957],[-83.533299,37.624057],[-83.533459,37.624291],[-83.533837,37.624914],[-83.533847,37.625034],[-83.533953,37.625278],[-83.533998,37.625411],[-83.534107,37.625969],[-83.534248,37.626357],[-83.534254,37.626524],[-83.534281,37.626663],[-83.534357,37.627236],[-83.5343786,37.6273554],[-83.534505,37.6275984],[-83.5346581,37.6279539],[-83.5346643,37.6280405],[-83.534705,37.628138],[-83.534673,37.628249],[-83.534535,37.62841],[-83.534507,37.628442],[-83.534412,37.628517],[-83.534304,37.628584],[-83.533695,37.628904],[-83.532972,37.629229],[-83.532611,37.629341],[-83.531653,37.629602],[-83.53146,37.62967],[-83.53137,37.629715],[-83.53121,37.629827],[-83.531052,37.629954],[-83.530899,37.630084],[-83.530765,37.630224],[-83.530665,37.630381],[-83.530477,37.630747],[-83.530342,37.630943],[-83.530243,37.631064],[-83.530029,37.631253],[-83.52978,37.631451],[-83.529442,37.631779],[-83.529197,37.631963],[-83.529013,37.632083],[-83.528948,37.632113],[-83.528804,37.632142],[-83.528724,37.632139],[-83.528305,37.632078],[-83.528121,37.632082],[-83.528035,37.632103],[-83.527886,37.632181],[-83.527828,37.632231],[-83.527814,37.632247],[-83.527354,37.632768],[-83.527221,37.632936],[-83.527075,37.63315],[-83.526941,37.633741],[-83.526838,37.634196],[-83.526811,37.634398],[-83.526824,37.634825],[-83.526793,37.63496],[-83.526725,37.635087],[-83.526601,37.635269],[-83.526401,37.63552],[-83.526296,37.635624],[-83.526181,37.635691],[-83.525952,37.635798],[-83.525723,37.635895],[-83.525648,37.635918],[-83.524328,37.636175],[-83.524027,37.636226],[-83.52383,37.636269],[-83.523795,37.636275],[-83.523747,37.636276],[-83.523698,37.636273],[-83.523637,37.636255],[-83.52337,37.63614]]}},{"type":"Feature","properties":{"osm_id":16383020,"highway":"residential","name":"Little Bloody Creek Road","alt_name":null,"official_name":null,"surface":null,"tracktype":null,"service":null,"access":null,"motor_vehicle":null,"foot":null,"tiger_reviewed":"no","rrgh_part":0,"rrgh_tile_part":0},"geometry":{"type":"LineString","coordinates":[[-83.536677,37.6673],[-83.5367,37.667038],[-83.536695,37.666982],[-83.536681,37.666924],[-83.536655,37.666866],[-83.536618,37.666811],[-83.536524,37.666714],[-83.536426,37.66663],[-83.536346,37.666534],[-83.536314,37.666475],[-83.536295,37.666408],[-83.536283,37.666338],[-83.53629,37.666114],[-83.536292,37.666032],[-83.536305,37.665957],[-83.536307,37.665916],[-83.536308,37.665886],[-83.536302,37.665817],[-83.536227,37.665467],[-83.536186,37.665333],[-83.536075,37.665163],[-83.535994,37.665063],[-83.535898,37.664955],[-83.535678,37.664766],[-83.535551,37.664641],[-83.535286,37.664324],[-83.535225,37.664234],[-83.535174,37.664133],[-83.535076,37.663707],[-83.535082,37.663292],[-83.535107,37.663068],[-83.53517,37.662811],[-83.535268,37.66252],[-83.535272,37.662488],[-83.535223,37.66235],[-83.535147,37.662228],[-83.534896,37.661888],[-83.534834,37.661824],[-83.534688,37.661691],[-83.534649,37.661649],[-83.534511,37.66146],[-83.534433,37.661316],[-83.534214,37.660993],[-83.534109,37.660864],[-83.534024,37.660712],[-83.533765,37.660365],[-83.533705,37.660295],[-83.533445,37.660032],[-83.533327,37.659897],[-83.533165,37.659686],[-83.533066,37.659542],[-83.532967,37.65941],[-83.532845,37.659273],[-83.532774,37.659216],[-83.532698,37.659162],[-83.532622,37.659116],[-83.532399,37.658931],[-83.532266,37.658794],[-83.532145,37.658643],[-83.531931,37.658398],[-83.531864,37.658294],[-83.531643,37.657991],[-83.531533,37.657883],[-83.531446,37.657808],[-83.530898,37.657521],[-83.530644,37.65737],[-83.530562,37.657315],[-83.530365,37.657108],[-83.53035,37.657002],[-83.530304,37.656827],[-83.53027,37.656741],[-83.530191,37.656461],[-83.530159,37.656367],[-83.530116,37.656273],[-83.530055,37.656184],[-83.529982,37.656094],[-83.529899,37.656002],[-83.529512,37.655649],[-83.529423,37.655552],[-83.52916,37.655295],[-83.529082,37.655205],[-83.528769,37.654898],[-83.528185,37.654322],[-83.52807,37.654193],[-83.527745,37.653808],[-83.527666,37.65375],[-83.527576,37.653707],[-83.52749,37.653654],[-83.527414,37.653592],[-83.527364,37.653521],[-83.527339,37.653446],[-83.527335,37.653369],[-83.527352,37.653299],[-83.527413,37.653106],[-83.527428,37.653043],[-83.527435,37.652978],[-83.527429,37.652842],[-83.527416,37.652768],[-83.527394,37.652694],[-83.527361,37.65262],[-83.527319,37.652545],[-83.527267,37.65247],[-83.527206,37.652396],[-83.527062,37.652249],[-83.526829,37.652029],[-83.526676,37.651872],[-83.526321,37.651481],[-83.526237,37.651423],[-83.526062,37.651318],[-83.525992,37.651258],[-83.525942,37.651185],[-83.525776,37.650862],[-83.525611,37.650605],[-83.525429,37.650335],[-83.525251,37.650123],[-83.525178,37.650052],[-83.524758,37.64961],[-83.524415,37.649333],[-83.524237,37.649184],[-83.524164,37.649102],[-83.524049,37.648953],[-83.52393,37.648828],[-83.523635,37.648591],[-83.523565,37.648512],[-83.523495,37.648442],[-83.523441,37.648357],[-83.523341,37.648219],[-83.523282,37.648136],[-83.523164,37.647998],[-83.523035,37.647886],[-83.522982,37.647827],[-83.522945,37.647739],[-83.522691,37.647376],[-83.522481,37.647115],[-83.522291,37.646939],[-83.522067,37.646749],[-83.521882,37.646623],[-83.521541,37.6464],[-83.521366,37.646299],[-83.521228,37.646242],[-83.521108,37.646159],[-83.521006,37.646057],[-83.520946,37.645944],[-83.520891,37.645809],[-83.520756,37.645595],[-83.520677,37.645489],[-83.520631,37.645437],[-83.520578,37.645388],[-83.520466,37.645311],[-83.520375,37.645231],[-83.520339,37.645188],[-83.52031,37.645145],[-83.520272,37.645049],[-83.520204,37.64483],[-83.520155,37.644703],[-83.520092,37.644575],[-83.520014,37.64445],[-83.519842,37.644196],[-83.519768,37.644065],[-83.5197,37.643926],[-83.519606,37.643716],[-83.519571,37.643647],[-83.519491,37.643515],[-83.519389,37.6434],[-83.51933,37.64335],[-83.518819,37.642991],[-83.51876,37.642944],[-83.518706,37.642894],[-83.518617,37.642785],[-83.518297,37.642322],[-83.518138,37.642164],[-83.517955,37.64202],[-83.517781,37.641903],[-83.51761,37.641828],[-83.517549,37.641815],[-83.517486,37.641808],[-83.517354,37.641808],[-83.517217,37.641826],[-83.517007,37.641867],[-83.516262,37.642049],[-83.515976,37.642107],[-83.515843,37.642142],[-83.515771,37.642156],[-83.515525,37.642266],[-83.515412,37.642337],[-83.5153,37.642416],[-83.51516,37.64247],[-83.515091,37.642492],[-83.515032,37.642505],[-83.514975,37.642525],[-83.514881,37.642572],[-83.514716,37.642696],[-83.514636,37.642777],[-83.514361,37.643201],[-83.514236,37.643384],[-83.514002,37.643601],[-83.51393,37.643655],[-83.513889,37.643677],[-83.513642,37.643762],[-83.513368,37.643875],[-83.513312,37.643906],[-83.513263,37.643944],[-83.513217,37.643987],[-83.51314,37.644083],[-83.513068,37.644212],[-83.513021,37.644296],[-83.512948,37.644478],[-83.512915,37.644529],[-83.512877,37.644577],[-83.512792,37.644662],[-83.512589,37.644826],[-83.512203,37.64512],[-83.512036,37.645323],[-83.512019,37.64535],[-83.511968,37.645409],[-83.511962,37.645435]]}},{"type":"Feature","properties":{"osm_id":16269105,"highway":"residential","name":"Kidd Drive","alt_name":null,"official_name":null,"surface":null,"tracktype":null,"service":null,"access":null,"motor_vehicle":null,"foot":null,"tiger_reviewed":"no","rrgh_part":0,"rrgh_tile_part":0},"geometry":{"type":"LineString","coordinates":[[-83.548708,37.618822],[-83.548842,37.618845],[-83.548935,37.618851],[-83.549004,37.618843],[-83.549079,37.618816],[-83.549152,37.618763],[-83.549318,37.618573],[-83.549431,37.618477],[-83.549565,37.618409],[-83.54966,37.618394],[-83.550472,37.61863],[-83.550899,37.618768],[-83.551026,37.618795],[-83.55116,37.618809],[-83.551485,37.61882],[-83.551668,37.618841],[-83.551793,37.618879],[-83.551907,37.618936],[-83.552201,37.619098],[-83.55233,37.619187],[-83.552616,37.619453],[-83.552658,37.619508]]}},{"type":"Feature","properties":{"osm_id":16269787,"highway":"residential","name":"Cr-1036","alt_name":null,"official_name":null,"surface":null,"tracktype":null,"service":null,"access":null,"motor_vehicle":null,"foot":null,"tiger_reviewed":"no","rrgh_part":0,"rrgh_tile_part":0},"geometry":{"type":"LineString","coordinates":[[-83.547415,37.620799],[-83.547366,37.620923],[-83.547206,37.621232],[-83.546951,37.621595],[-83.546716,37.621863]]}},{"type":"Feature","properties":{"osm_id":16269826,"highway":"residential","name":"Nick Spencer Road","alt_name":null,"official_name":null,"surface":null,"tracktype":null,"service":null,"access":null,"motor_vehicle":null,"foot":null,"tiger_reviewed":"no","rrgh_part":0,"rrgh_tile_part":0},"geometry":{"type":"LineString","coordinates":[[-83.550255,37.613571],[-83.551345,37.613548],[-83.551999,37.613849],[-83.552345,37.61423],[-83.552514,37.614436],[-83.553842,37.615732],[-83.553863,37.615796]]}},{"type":"Feature","properties":{"osm_id":16270370,"highway":"residential","name":"Glen Eden Road","alt_name":null,"official_name":null,"surface":null,"tracktype":null,"service":null,"access":null,"motor_vehicle":null,"foot":null,"tiger_reviewed":"no","rrgh_part":0,"rrgh_tile_part":0},"geometry":{"type":"LineString","coordinates":[[-83.570375,37.623039],[-83.570279,37.623099],[-83.569925,37.623168],[-83.56983,37.623199],[-83.569745,37.623242],[-83.569675,37.623296],[-83.569623,37.623364],[-83.569601,37.623406]]}},{"type":"Feature","properties":{"osm_id":16270373,"highway":"residential","name":"Glen Eden Community Center Road","alt_name":null,"official_name":null,"surface":null,"tracktype":null,"service":null,"access":null,"motor_vehicle":null,"foot":null,"tiger_reviewed":"no","rrgh_part":0,"rrgh_tile_part":0},"geometry":{"type":"LineString","coordinates":[[-83.569601,37.623406],[-83.569572,37.623463],[-83.569546,37.623564],[-83.56959,37.623659],[-83.569809,37.623904],[-83.569922,37.624069],[-83.569996,37.624196],[-83.570297,37.624799],[-83.570381,37.625065]]}},{"type":"Feature","properties":{"osm_id":16268391,"highway":"residential","name":null,"alt_name":null,"official_name":null,"surface":null,"tracktype":null,"service":null,"access":null,"motor_vehicle":null,"foot":null,"tiger_reviewed":"no","rrgh_part":0,"rrgh_tile_part":0},"geometry":{"type":"LineString","coordinates":[[-83.557119,37.624084],[-83.557062,37.624381],[-83.556659,37.62469],[-83.556498,37.625087],[-83.55625,37.625489],[-83.556106,37.62569],[-83.555991,37.626788],[-83.554553,37.627932],[-83.554092,37.628481],[-83.553977,37.628801],[-83.554035,37.62919],[-83.554322,37.629465],[-83.554581,37.629579],[-83.555531,37.62935],[-83.555905,37.62919],[-83.556106,37.629213],[-83.55625,37.629396],[-83.555185,37.63006],[-83.555041,37.630517],[-83.555099,37.630815],[-83.555761,37.631593],[-83.55678,37.633229],[-83.556953,37.633321],[-83.558536,37.633022],[-83.559774,37.632884],[-83.560839,37.632608],[-83.561962,37.632102],[-83.56271,37.631619],[-83.564293,37.631136],[-83.565272,37.630676],[-83.565531,37.630446],[-83.565473,37.630078],[-83.56507,37.629779],[-83.564926,37.629549],[-83.565416,37.629296],[-83.56625,37.62948],[-83.566596,37.629411],[-83.566826,37.629204],[-83.56697,37.628951],[-83.567719,37.628652],[-83.568122,37.627939],[-83.569532,37.627364],[-83.570079,37.62695],[-83.570424,37.626559],[-83.570453,37.626053],[-83.570381,37.625065]]}},{"type":"Feature","properties":{"osm_id":16269170,"highway":"residential","name":"Flat Mary Road","alt_name":null,"official_name":null,"surface":null,"tracktype":null,"service":null,"access":null,"motor_vehicle":null,"foot":null,"tiger_reviewed":"no","rrgh_part":0,"rrgh_tile_part":0},"geometry":{"type":"LineString","coordinates":[[-83.547417,37.632805],[-83.548137,37.632988],[-83.548482,37.633331],[-83.548453,37.633583],[-83.548108,37.633697],[-83.547302,37.633628],[-83.54713,37.633674],[-83.546669,37.634132],[-83.546324,37.634269],[-83.545835,37.634223],[-83.545144,37.633994],[-83.543879,37.63404],[-83.542644,37.633742],[-83.542584,37.633742],[-83.541957,37.633697],[-83.541852,37.63371],[-83.541802,37.633726],[-83.541585,37.633885],[-83.541493,37.633968],[-83.54134,37.634137],[-83.541315,37.634225],[-83.5413,37.634399],[-83.541314,37.634782],[-83.541338,37.634966],[-83.541395,37.635135],[-83.541421,37.635255],[-83.541407,37.63564],[-83.541435,37.635705],[-83.541521,37.635815],[-83.541634,37.635908],[-83.541706,37.635947],[-83.541826,37.635987],[-83.542024,37.636073],[-83.542499,37.636256],[-83.542702,37.636347],[-83.542892,37.636498],[-83.542959,37.636539],[-83.543125,37.636692],[-83.543179,37.636747],[-83.543387,37.637016],[-83.543517,37.63715],[-83.543672,37.637248],[-83.544013,37.637441],[-83.544231,37.637588],[-83.544281,37.63763],[-83.544354,37.63773],[-83.544366,37.637845],[-83.544343,37.637903],[-83.544257,37.638008],[-83.54398,37.638237],[-83.543942,37.638284],[-83.54391,37.638348],[-83.543877,37.638485],[-83.543888,37.638632],[-83.543924,37.638757],[-83.543962,37.638891],[-83.543967,37.639208],[-83.543993,37.639466],[-83.544133,37.640101],[-83.544146,37.640359],[-83.54412,37.64064],[-83.544123,37.640997],[-83.544144,37.641322],[-83.544267,37.642107],[-83.544325,37.642325],[-83.544346,37.642486],[-83.544433,37.642748],[-83.544509,37.642922],[-83.544612,37.643086],[-83.544675,37.643159],[-83.54483,37.643271],[-83.544998,37.643344],[-83.545174,37.643401],[-83.545256,37.643439],[-83.545324,37.643492],[-83.545402,37.643594],[-83.545418,37.643615],[-83.545448,37.643671],[-83.545498,37.643808],[-83.545508,37.643877],[-83.545496,37.644025],[-83.545443,37.644176],[-83.545354,37.644325],[-83.545237,37.644466],[-83.545098,37.644595],[-83.545021,37.64465],[-83.544858,37.64474],[-83.544543,37.644875],[-83.544479,37.644915],[-83.54442,37.644972]]}},{"type":"Feature","properties":{"osm_id":1177609885,"highway":"service","name":null,"alt_name":null,"official_name":null,"surface":null,"tracktype":null,"service":null,"access":null,"motor_vehicle":null,"foot":null,"tiger_reviewed":null,"rrgh_part":0,"rrgh_tile_part":0},"geometry":{"type":"LineString","coordinates":[[-83.5339873,37.6098194],[-83.5341311,37.6096836]]}},{"type":"Feature","properties":{"osm_id":1177609884,"highway":"service","name":null,"alt_name":null,"official_name":null,"surface":null,"tracktype":null,"service":null,"access":null,"motor_vehicle":null,"foot":null,"tiger_reviewed":null,"rrgh_part":0,"rrgh_tile_part":0},"geometry":{"type":"LineString","coordinates":[[-83.5381894,37.6150954],[-83.5380396,37.6149156],[-83.5379628,37.6147878],[-83.5379644,37.6147243],[-83.5379724,37.6146195],[-83.5380039,37.6145058],[-83.537995,37.6144227],[-83.5379531,37.6142278],[-83.5379412,37.6139093],[-83.5379298,37.6138385],[-83.5378741,37.6137561],[-83.537803,37.6136741],[-83.5376562,37.6135336],[-83.537394,37.6132837],[-83.5369931,37.6129195],[-83.5368374,37.6127073],[-83.536581,37.6123135],[-83.5364707,37.6121894],[-83.5363111,37.6119914],[-83.5361463,37.6118102],[-83.5359625,37.6115579],[-83.5357337,37.611287],[-83.535533,37.6110603],[-83.5354528,37.6109584],[-83.5352351,37.6106752],[-83.5351431,37.6106041],[-83.5350703,37.6105208],[-83.5349424,37.6103577],[-83.5346062,37.6101071],[-83.534465,37.6100058],[-83.5343797,37.6099568],[-83.5339873,37.6098194],[-83.5336749,37.609715]]}},{"type":"Feature","properties":{"osm_id":16105004,"highway":"residential","name":null,"alt_name":null,"official_name":null,"surface":null,"tracktype":null,"service":null,"access":null,"motor_vehicle":null,"foot":null,"tiger_reviewed":"no","rrgh_part":0,"rrgh_tile_part":0},"geometry":{"type":"LineString","coordinates":[[-83.515842,37.61523],[-83.515886,37.615874],[-83.515973,37.616007],[-83.516865,37.616515],[-83.517338,37.616862],[-83.518869,37.617752],[-83.519186,37.618033],[-83.519217,37.618288],[-83.519188,37.618582],[-83.51893,37.618875],[-83.518441,37.619235],[-83.518327,37.620073],[-83.517266,37.622493],[-83.517324,37.623421],[-83.517123,37.623828],[-83.516302,37.625051],[-83.516084,37.62557],[-83.515997,37.626169],[-83.516141,37.626468],[-83.516371,37.627482],[-83.515997,37.627921],[-83.515997,37.628035],[-83.5164,37.628383],[-83.516515,37.630616],[-83.516481,37.630924],[-83.516421,37.631428],[-83.516643,37.631895],[-83.51701,37.632269]]}},{"type":"Feature","properties":{"osm_id":16106605,"highway":"residential","name":null,"alt_name":null,"official_name":null,"surface":null,"tracktype":null,"service":null,"access":null,"motor_vehicle":null,"foot":null,"tiger_reviewed":"no","rrgh_part":0,"rrgh_tile_part":0},"geometry":{"type":"LineString","coordinates":[[-83.516865,37.616515],[-83.517132,37.616068],[-83.517395,37.615678],[-83.517917,37.615241],[-83.518542,37.614931],[-83.519049,37.614654],[-83.519207,37.614192],[-83.519287,37.613657],[-83.519348,37.613355],[-83.519304,37.613091]]}},{"type":"Feature","properties":{"osm_id":16268226,"highway":"residential","name":"Cr-1097","alt_name":null,"official_name":null,"surface":null,"tracktype":null,"service":null,"access":null,"motor_vehicle":null,"foot":null,"tiger_reviewed":"no","rrgh_part":0,"rrgh_tile_part":0},"geometry":{"type":"LineString","coordinates":[[-83.530342,37.630943],[-83.530409,37.630894],[-83.530475,37.630861],[-83.530746,37.630754],[-83.530898,37.630718],[-83.531048,37.630707],[-83.531999,37.630835],[-83.532205,37.630883],[-83.532474,37.630965],[-83.53277,37.631032],[-83.533815,37.631186],[-83.53395,37.631188],[-83.53415,37.631155],[-83.534398,37.631075],[-83.534554,37.630999],[-83.534662,37.630903],[-83.534942,37.630512],[-83.535166,37.630239],[-83.535371,37.629869],[-83.535621,37.62951],[-83.535801,37.629369],[-83.535889,37.62925],[-83.535909,37.629116],[-83.535908,37.628977],[-83.535864,37.628908],[-83.53551,37.628651],[-83.535394,37.628578],[-83.535318,37.62854],[-83.535235,37.628518],[-83.534717,37.628456],[-83.534591,37.628431],[-83.534535,37.62841]]}},{"type":"Feature","properties":{"osm_id":16269827,"highway":"residential","name":"Cr-1039","alt_name":null,"official_name":null,"surface":null,"tracktype":null,"service":null,"access":null,"motor_vehicle":null,"foot":null,"tiger_reviewed":"no","rrgh_part":0,"rrgh_tile_part":0},"geometry":{"type":"LineString","coordinates":[[-83.542644,37.633742],[-83.542751,37.633725],[-83.542842,37.63369],[-83.542918,37.633634],[-83.542974,37.633573],[-83.542995,37.63351]]}},{"type":"Feature","properties":{"osm_id":16268653,"highway":"residential","name":null,"alt_name":null,"official_name":null,"surface":null,"tracktype":null,"service":null,"access":null,"motor_vehicle":null,"foot":null,"tiger_reviewed":"no","rrgh_part":0,"rrgh_tile_part":0},"geometry":{"type":"LineString","coordinates":[[-83.526941,37.633741],[-83.528152,37.634095],[-83.528465,37.634355],[-83.528708,37.634388],[-83.529165,37.634488],[-83.529402,37.634666],[-83.529789,37.634943]]}},{"type":"Feature","properties":{"osm_id":16268623,"highway":"residential","name":null,"alt_name":null,"official_name":null,"surface":null,"tracktype":null,"service":null,"access":null,"motor_vehicle":null,"foot":null,"tiger_reviewed":"no","rrgh_part":0,"rrgh_tile_part":0},"geometry":{"type":"LineString","coordinates":[[-83.527814,37.632247],[-83.527304,37.6317828],[-83.5270472,37.6315959],[-83.5269014,37.6314715],[-83.526697,37.631221],[-83.526537,37.630965],[-83.526397,37.630756],[-83.526226,37.630492]]}},{"type":"Feature","properties":{"osm_id":16268542,"highway":"service","name":null,"alt_name":null,"official_name":null,"surface":null,"tracktype":null,"service":null,"access":null,"motor_vehicle":null,"foot":null,"tiger_reviewed":"no","rrgh_part":0,"rrgh_tile_part":0},"geometry":{"type":"LineString","coordinates":[[-83.555041,37.634567],[-83.555875,37.637656],[-83.555961,37.637702],[-83.555961,37.637884],[-83.55648,37.638685],[-83.557919,37.63992],[-83.55835,37.640584],[-83.558523,37.641499],[-83.558724,37.641819],[-83.55891,37.641989],[-83.559365,37.642164],[-83.559893,37.642645],[-83.560148,37.643005],[-83.560315,37.643861],[-83.560499,37.644007],[-83.561167,37.644641],[-83.561299,37.644864],[-83.561419,37.645117],[-83.5616236,37.6454686],[-83.5618105,37.6456847],[-83.5619523,37.6457221]]}},{"type":"Feature","properties":{"osm_id":16268667,"highway":"track","name":null,"alt_name":null,"official_name":null,"surface":null,"tracktype":null,"service":null,"access":null,"motor_vehicle":null,"foot":null,"tiger_reviewed":"no","rrgh_part":0,"rrgh_tile_part":0},"geometry":{"type":"LineString","coordinates":[[-83.558724,37.641819],[-83.557401,37.641796],[-83.556221,37.642185],[-83.555817,37.64246],[-83.555213,37.643421],[-83.554839,37.643764],[-83.554235,37.644061],[-83.552652,37.644496]]}},{"type":"Feature","properties":{"osm_id":1015943891,"highway":"service","name":null,"alt_name":null,"official_name":null,"surface":null,"tracktype":null,"service":null,"access":null,"motor_vehicle":null,"foot":null,"tiger_reviewed":"no","rrgh_part":0,"rrgh_tile_part":0},"geometry":{"type":"LineString","coordinates":[[-83.5617746,37.6426849],[-83.562153,37.642864],[-83.5627689,37.6433734],[-83.5632673,37.6437012],[-83.5635953,37.6439883]]}},{"type":"Feature","properties":{"osm_id":16269031,"highway":"residential","name":"Cr-1401","alt_name":null,"official_name":null,"surface":null,"tracktype":null,"service":null,"access":null,"motor_vehicle":null,"foot":null,"tiger_reviewed":"no","rrgh_part":0,"rrgh_tile_part":0},"geometry":{"type":"LineString","coordinates":[[-83.544146,37.640359],[-83.544238,37.639906],[-83.544294,37.639567],[-83.544337,37.639467],[-83.544491,37.639182],[-83.544542,37.639132],[-83.544692,37.639034],[-83.544728,37.638999],[-83.544724,37.638954],[-83.544657,37.638845],[-83.544654,37.638789],[-83.544692,37.63872],[-83.544836,37.638625],[-83.544904,37.638611],[-83.545176,37.638463],[-83.545446,37.638336],[-83.5457917,37.638105]]}},{"type":"Feature","properties":{"osm_id":16383492,"highway":"residential","name":"Mill Creek Road","alt_name":null,"official_name":null,"surface":null,"tracktype":null,"service":null,"access":null,"motor_vehicle":null,"foot":null,"tiger_reviewed":"no","rrgh_part":0,"rrgh_tile_part":0},"geometry":{"type":"LineString","coordinates":[[-83.544353,37.645037],[-83.544324,37.645179],[-83.544301,37.645296],[-83.544279,37.645475],[-83.544282,37.645537],[-83.544294,37.645601],[-83.544399,37.646021],[-83.544419,37.646159],[-83.544451,37.646641],[-83.54448,37.646864],[-83.544481,37.646929],[-83.544495,37.646986],[-83.544542,37.647286],[-83.544585,37.647455],[-83.544623,37.647566],[-83.544673,37.647673],[-83.544781,37.647835],[-83.54515,37.648299],[-83.545234,37.648418],[-83.545311,37.64854],[-83.545341,37.648603],[-83.545363,37.648668],[-83.54538,37.648736],[-83.545405,37.648874],[-83.545424,37.648946],[-83.545445,37.649083],[-83.545487,37.649278],[-83.54549,37.649367]]}},{"type":"Feature","properties":{"osm_id":16269074,"highway":"residential","name":"Flat Road","alt_name":null,"official_name":null,"surface":null,"tracktype":null,"service":null,"access":null,"motor_vehicle":null,"foot":null,"tiger_reviewed":"no","rrgh_part":0,"rrgh_tile_part":0},"geometry":{"type":"LineString","coordinates":[[-83.545719,37.64366],[-83.5458786,37.6431609],[-83.5460467,37.6428954],[-83.546081,37.642512],[-83.5462348,37.6421946],[-83.5465099,37.641982],[-83.5466078,37.6419406],[-83.5468599,37.6418715],[-83.546982,37.6418461],[-83.5470852,37.6418068],[-83.5472354,37.6417314],[-83.5473602,37.641639],[-83.5475479,37.6414298],[-83.5476458,37.6413278],[-83.5477866,37.6412599],[-83.5478979,37.6412344],[-83.5480213,37.6412312],[-83.5481514,37.6412227],[-83.548252,37.641196],[-83.5483727,37.641142],[-83.548476,37.641074],[-83.5485511,37.6409657]]}},{"type":"Feature","properties":{"osm_id":16270140,"highway":"residential","name":"Mill Branch Road","alt_name":null,"official_name":null,"surface":null,"tracktype":null,"service":null,"access":null,"motor_vehicle":null,"foot":null,"tiger_reviewed":"no","rrgh_part":0,"rrgh_tile_part":0},"geometry":{"type":"LineString","coordinates":[[-83.545496,37.644025],[-83.545686,37.643739],[-83.545719,37.64366]]}},{"type":"Feature","properties":{"osm_id":16270141,"highway":"residential","name":"Mill Branch Road","alt_name":null,"official_name":null,"surface":null,"tracktype":null,"service":null,"access":null,"motor_vehicle":null,"foot":null,"tiger_reviewed":"no","rrgh_part":0,"rrgh_tile_part":0},"geometry":{"type":"LineString","coordinates":[[-83.545719,37.64366],[-83.545402,37.643594]]}},{"type":"Feature","properties":{"osm_id":16381133,"highway":"service","name":null,"alt_name":null,"official_name":null,"surface":null,"tracktype":null,"service":null,"access":"private","motor_vehicle":null,"foot":null,"tiger_reviewed":"no","rrgh_part":0,"rrgh_tile_part":0},"geometry":{"type":"LineString","coordinates":[[-83.557227,37.661003],[-83.557622,37.660534],[-83.558411,37.659751],[-83.559447,37.659204],[-83.561026,37.658617],[-83.561093,37.658596],[-83.562653,37.658108],[-83.562797,37.657996]]}},{"type":"Feature","properties":{"osm_id":16381134,"highway":"service","name":null,"alt_name":null,"official_name":null,"surface":null,"tracktype":null,"service":null,"access":"private","motor_vehicle":null,"foot":null,"tiger_reviewed":"no","rrgh_part":0,"rrgh_tile_part":0},"geometry":{"type":"LineString","coordinates":[[-83.561124,37.660925],[-83.561026,37.660103],[-83.561026,37.659478],[-83.561093,37.658596]]}},{"type":"Feature","properties":{"osm_id":16381145,"highway":"service","name":null,"alt_name":null,"official_name":null,"surface":null,"tracktype":null,"service":null,"access":"private","motor_vehicle":null,"foot":null,"tiger_reviewed":"no","rrgh_part":0,"rrgh_tile_part":0},"geometry":{"type":"LineString","coordinates":[[-83.566402,37.661394],[-83.566839,37.659643]]}},{"type":"Feature","properties":{"osm_id":1015943867,"highway":"service","name":null,"alt_name":null,"official_name":null,"surface":null,"tracktype":null,"service":null,"access":null,"motor_vehicle":null,"foot":null,"tiger_reviewed":"no","rrgh_part":0,"rrgh_tile_part":0},"geometry":{"type":"LineString","coordinates":[[-83.557452,37.649278],[-83.5575461,37.6493173],[-83.5578504,37.6494793],[-83.558013,37.6494793],[-83.5581599,37.6494294],[-83.5584328,37.64923],[-83.5586479,37.6492197],[-83.558916,37.6491533],[-83.5594846,37.6492161],[-83.5599339,37.6495462],[-83.5600324,37.6495107],[-83.5602207,37.649517],[-83.5603555,37.6495503],[-83.56058,37.6496037],[-83.5610228,37.6498407]]}},{"type":"Feature","properties":{"osm_id":16381150,"highway":"service","name":null,"alt_name":null,"official_name":null,"surface":null,"tracktype":null,"service":null,"access":"private","motor_vehicle":null,"foot":null,"tiger_reviewed":"no","rrgh_part":0,"rrgh_tile_part":0},"geometry":{"type":"LineString","coordinates":[[-83.569954,37.659673],[-83.568178,37.659086],[-83.568048,37.659004]]}},{"type":"Feature","properties":{"osm_id":1525654253,"highway":"service","name":null,"alt_name":null,"official_name":null,"surface":null,"tracktype":null,"service":null,"access":null,"motor_vehicle":null,"foot":null,"tiger_reviewed":null,"rrgh_part":0,"rrgh_tile_part":0},"geometry":{"type":"LineString","coordinates":[[-83.548486,37.649179],[-83.5489704,37.6495194],[-83.5491955,37.6498462],[-83.5492116,37.6499268],[-83.549158,37.649999],[-83.5487774,37.650207],[-83.5484987,37.6504234]]}},{"type":"Feature","properties":{"osm_id":16382783,"highway":"residential","name":"Flat Road","alt_name":null,"official_name":null,"surface":null,"tracktype":null,"service":null,"access":null,"motor_vehicle":null,"foot":null,"tiger_reviewed":"no","rrgh_part":0,"rrgh_tile_part":0},"geometry":{"type":"LineString","coordinates":[[-83.546192,37.654297],[-83.546098,37.654092],[-83.54605,37.653973],[-83.545865,37.653466],[-83.545833,37.653393],[-83.545792,37.653324],[-83.545744,37.653257],[-83.545626,37.653126],[-83.545494,37.652996],[-83.545346,37.65287],[-83.544946,37.652576],[-83.544788,37.652454],[-83.54464,37.652326],[-83.544508,37.652187],[-83.544455,37.652111],[-83.54439,37.652035],[-83.544316,37.651967],[-83.544262,37.651889],[-83.544158,37.651631],[-83.544112,37.651475],[-83.544098,37.651393],[-83.54409,37.65131],[-83.544088,37.65122],[-83.544092,37.651123],[-83.544089,37.65102],[-83.544096,37.650802],[-83.544112,37.650697],[-83.544142,37.650597],[-83.544189,37.650506],[-83.544254,37.650424],[-83.544334,37.650356],[-83.544589,37.650198],[-83.544737,37.650098],[-83.544874,37.649994],[-83.545178,37.649732],[-83.54535,37.649595],[-83.545398,37.649549],[-83.545437,37.649501],[-83.545465,37.64945],[-83.54549,37.649367],[-83.545577,37.649354],[-83.545666,37.649326],[-83.545751,37.649294],[-83.54581,37.649279],[-83.546133,37.649253],[-83.546274,37.649231],[-83.547036,37.649054],[-83.54728,37.64901],[-83.547379,37.648972],[-83.547488,37.648954],[-83.547551,37.648953],[-83.547632,37.648963],[-83.547706,37.649002],[-83.547775,37.64903],[-83.547843,37.649045],[-83.547923,37.64905],[-83.548041,37.649045],[-83.548253,37.649049],[-83.548303,37.649065],[-83.548376,37.649107],[-83.548486,37.649179]]}},{"type":"Feature","properties":{"osm_id":16384742,"highway":"residential","name":"Flat Mary Road","alt_name":null,"official_name":null,"surface":null,"tracktype":null,"service":null,"access":null,"motor_vehicle":null,"foot":null,"tiger_reviewed":"no","rrgh_part":0,"rrgh_tile_part":0},"geometry":{"type":"LineString","coordinates":[[-83.546192,37.654297],[-83.546182,37.654343],[-83.546105,37.654518],[-83.546066,37.654585],[-83.545981,37.654703],[-83.545901,37.65479],[-83.545767,37.654912],[-83.545366,37.655223],[-83.545163,37.655394],[-83.544449,37.656043],[-83.544189,37.656345],[-83.543975,37.656664],[-83.543701,37.657015],[-83.543654,37.657091],[-83.543517,37.657239],[-83.543381,37.657399],[-83.543148,37.657703],[-83.542945,37.657952],[-83.542807,37.658105],[-83.542769,37.658155],[-83.542702,37.65829],[-83.542682,37.658342],[-83.542657,37.65843],[-83.5426347,37.6585302],[-83.542604,37.658671],[-83.542559,37.658789],[-83.542512,37.658872],[-83.542344,37.659081],[-83.542298,37.659146],[-83.542253,37.659244],[-83.542234,37.659344],[-83.542236,37.659413],[-83.542298,37.65969],[-83.542326,37.659965],[-83.542324,37.6600867],[-83.542305,37.660436],[-83.542305,37.660819],[-83.542301,37.660905],[-83.542314,37.660982],[-83.542349,37.66106],[-83.542467,37.661287],[-83.5425,37.661376],[-83.542503,37.661461],[-83.542487,37.661548],[-83.542434,37.661734],[-83.542388,37.661861],[-83.542344,37.662016],[-83.542303,37.662275],[-83.542297,37.662432],[-83.542306,37.662507],[-83.542324,37.662581],[-83.542505,37.662921],[-83.542548,37.663037],[-83.542587,37.663274],[-83.542588,37.663425],[-83.54258,37.66348],[-83.542563,37.663533],[-83.542525,37.663609],[-83.542471,37.66368],[-83.542405,37.663735],[-83.542265,37.663816],[-83.542193,37.663868],[-83.542156,37.663907],[-83.542092,37.664006],[-83.542046,37.664109],[-83.542024,37.664173],[-83.541951,37.664478],[-83.541909,37.664768],[-83.541903,37.664879],[-83.54191,37.664974]]}},{"type":"Feature","properties":{"osm_id":16384748,"highway":"residential","name":"Flat Mary Road","alt_name":null,"official_name":null,"surface":null,"tracktype":null,"service":null,"access":null,"motor_vehicle":null,"foot":null,"tiger_reviewed":"no","rrgh_part":0,"rrgh_tile_part":0},"geometry":{"type":"LineString","coordinates":[[-83.557514,37.649165],[-83.557471,37.649252],[-83.557452,37.649278],[-83.557368,37.649388],[-83.557235,37.649526],[-83.557126,37.649647],[-83.557107,37.6496732],[-83.557052,37.649749],[-83.557003,37.649807],[-83.556933,37.64991],[-83.556834,37.650042],[-83.556676,37.650208],[-83.556541,37.650316],[-83.556018,37.650678],[-83.555865,37.650771],[-83.555649,37.650921],[-83.555594,37.650967],[-83.555481,37.651051],[-83.555368,37.651128],[-83.555219,37.651252],[-83.555103,37.651364],[-83.554824,37.651615],[-83.554584,37.651792],[-83.554457,37.651865],[-83.554391,37.651896],[-83.554337,37.651937],[-83.554272,37.651968],[-83.554029,37.652129],[-83.55392,37.652211],[-83.55383,37.652296],[-83.5537834,37.6523654],[-83.553732,37.652455],[-83.5537,37.652491],[-83.553616,37.652562],[-83.553403,37.652706],[-83.553192,37.652874],[-83.552933,37.65314],[-83.552816,37.65325],[-83.552649,37.653382],[-83.552555,37.653441],[-83.552453,37.653491],[-83.552398,37.65351],[-83.552038,37.653605],[-83.551454,37.653804],[-83.551324,37.653861],[-83.55108,37.653979],[-83.550914,37.654076],[-83.550692,37.654225],[-83.550526,37.654321],[-83.5505082,37.6543284],[-83.55042,37.654365],[-83.550351,37.654383],[-83.550287,37.654392],[-83.550219,37.654396],[-83.549844,37.654375],[-83.5491633,37.6543504],[-83.548986,37.654344],[-83.548712,37.654325],[-83.548454,37.65429],[-83.548297,37.654259],[-83.548072,37.654221],[-83.547893,37.654206],[-83.547774,37.654203],[-83.547543,37.654218],[-83.547337,37.654241],[-83.547207,37.654265],[-83.547073,37.654301],[-83.546852,37.654351],[-83.546803,37.654354],[-83.546719,37.654348],[-83.546479,37.654301],[-83.546381,37.654292],[-83.546192,37.654297]]}},{"type":"Feature","properties":{"osm_id":1015943920,"highway":"living_street","name":null,"alt_name":null,"official_name":null,"surface":null,"tracktype":null,"service":null,"access":null,"motor_vehicle":null,"foot":null,"tiger_reviewed":null,"rrgh_part":0,"rrgh_tile_part":0},"geometry":{"type":"LineString","coordinates":[[-83.5505082,37.6543284],[-83.550385,37.6541558]]}},{"type":"Feature","properties":{"osm_id":1015943921,"highway":"service","name":null,"alt_name":null,"official_name":null,"surface":null,"tracktype":null,"service":null,"access":null,"motor_vehicle":null,"foot":null,"tiger_reviewed":null,"rrgh_part":0,"rrgh_tile_part":0},"geometry":{"type":"LineString","coordinates":[[-83.5505082,37.6543284],[-83.5506821,37.6543077],[-83.5510057,37.6542318],[-83.5512878,37.6541856],[-83.5514778,37.6542005],[-83.551664,37.6542749],[-83.551743,37.654409],[-83.5517674,37.6546055],[-83.5517543,37.6548051],[-83.5516753,37.6551595],[-83.5516301,37.6553292],[-83.551617,37.6555035],[-83.5516301,37.6557373],[-83.5516433,37.6559457],[-83.5516414,37.6561572],[-83.5516376,37.6566128],[-83.5516207,37.6568466],[-83.5515549,37.6572144],[-83.5514552,37.6575912],[-83.55138,37.6578383],[-83.5513706,37.6580796],[-83.5513837,37.6583104],[-83.5513499,37.6585248],[-83.5512314,37.6586871],[-83.5511053,37.6588807],[-83.5510489,37.658967],[-83.551064,37.6590415]]}},{"type":"Feature","properties":{"osm_id":16269073,"highway":"residential","name":"Flat Road","alt_name":null,"official_name":null,"surface":null,"tracktype":null,"service":null,"access":null,"motor_vehicle":null,"foot":null,"tiger_reviewed":"no","rrgh_part":0,"rrgh_tile_part":0},"geometry":{"type":"LineString","coordinates":[[-83.543924,37.638757],[-83.543735,37.638674],[-83.543137,37.639182],[-83.54264,37.639529],[-83.542295,37.639698],[-83.541879,37.640086]]}},{"type":"Feature","properties":{"osm_id":16270147,"highway":"residential","name":"Trails End Road","alt_name":null,"official_name":null,"surface":null,"tracktype":null,"service":null,"access":null,"motor_vehicle":null,"foot":null,"tiger_reviewed":"no","rrgh_part":0,"rrgh_tile_part":0},"geometry":{"type":"LineString","coordinates":[[-83.541706,37.635947],[-83.541199,37.636011],[-83.540993,37.63605],[-83.540771,37.636109],[-83.540656,37.636155],[-83.540487,37.636257],[-83.540378,37.636338],[-83.540287,37.636436],[-83.540248,37.636488],[-83.540189,37.636609],[-83.539978,37.63727],[-83.539904,37.637608],[-83.539861,37.637954],[-83.539836,37.638064],[-83.539795,37.638145],[-83.539764,37.638182],[-83.539675,37.638254],[-83.53956,37.638305],[-83.539441,37.638322],[-83.538861,37.63828],[-83.538575,37.63828],[-83.538421,37.63829],[-83.538279,37.638318],[-83.538222,37.638345],[-83.538173,37.638377],[-83.538098,37.638456],[-83.538038,37.638553],[-83.537959,37.638731],[-83.537801,37.639141],[-83.537682,37.639321],[-83.537516,37.63949],[-83.537505,37.639568],[-83.537557,37.639649],[-83.537769,37.639869],[-83.538047,37.640224],[-83.5382,37.640376]]}},{"type":"Feature","properties":{"osm_id":16381085,"highway":"residential","name":null,"alt_name":null,"official_name":null,"surface":null,"tracktype":null,"service":null,"access":null,"motor_vehicle":null,"foot":null,"tiger_reviewed":"no","rrgh_part":0,"rrgh_tile_part":0},"geometry":{"type":"LineString","coordinates":[[-83.535964,37.643625],[-83.536769,37.643808],[-83.537489,37.643763],[-83.538122,37.643534],[-83.538553,37.643534],[-83.539186,37.643878],[-83.539532,37.643901],[-83.540169,37.643774]]}},{"type":"Feature","properties":{"osm_id":16269075,"highway":"residential","name":"Flat Road","alt_name":null,"official_name":null,"surface":null,"tracktype":null,"service":null,"access":null,"motor_vehicle":null,"foot":null,"tiger_reviewed":"no","rrgh_part":0,"rrgh_tile_part":0},"geometry":{"type":"LineString","coordinates":[[-83.54442,37.644972],[-83.544372,37.645013],[-83.544353,37.645037]]}},{"type":"Feature","properties":{"osm_id":16270142,"highway":"residential","name":"Mill Branch Road","alt_name":null,"official_name":null,"surface":null,"tracktype":null,"service":null,"access":null,"motor_vehicle":null,"foot":null,"tiger_reviewed":"no","rrgh_part":0,"rrgh_tile_part":0},"geometry":{"type":"LineString","coordinates":[[-83.540169,37.643774],[-83.540281,37.643777],[-83.540424,37.643754],[-83.540777,37.643665],[-83.540912,37.643649],[-83.541117,37.64365],[-83.541549,37.643684],[-83.542084,37.643653],[-83.542539,37.64365],[-83.542854,37.643631],[-83.543004,37.643629],[-83.54315,37.643644],[-83.543221,37.643663],[-83.543393,37.643764],[-83.543957,37.644408],[-83.544238,37.644708],[-83.54442,37.644972]]}},{"type":"Feature","properties":{"osm_id":1525654259,"highway":"service","name":null,"alt_name":null,"official_name":null,"surface":null,"tracktype":null,"service":null,"access":null,"motor_vehicle":null,"foot":null,"tiger_reviewed":null,"rrgh_part":0,"rrgh_tile_part":0},"geometry":{"type":"LineString","coordinates":[[-83.522481,37.647115],[-83.5218583,37.6469994],[-83.5218101,37.6470036],[-83.5217082,37.6469527]]}},{"type":"Feature","properties":{"osm_id":1525654254,"highway":"service","name":null,"alt_name":null,"official_name":null,"surface":null,"tracktype":null,"service":null,"access":null,"motor_vehicle":null,"foot":null,"tiger_reviewed":null,"rrgh_part":0,"rrgh_tile_part":0},"geometry":{"type":"LineString","coordinates":[[-83.542559,37.658789],[-83.5421209,37.6587819],[-83.5414991,37.6589219],[-83.5412471,37.6590407],[-83.5410917,37.6590917],[-83.5400999,37.659185]]}},{"type":"Feature","properties":{"osm_id":16382163,"highway":"service","name":null,"alt_name":null,"official_name":null,"surface":null,"tracktype":null,"service":null,"access":"private","motor_vehicle":null,"foot":null,"tiger_reviewed":"no","rrgh_part":0,"rrgh_tile_part":0},"geometry":{"type":"LineString","coordinates":[[-83.523341,37.648219],[-83.522962,37.64852],[-83.522564,37.649119],[-83.521449,37.650635],[-83.521103,37.650724],[-83.520725,37.65079],[-83.520532,37.650912],[-83.520338,37.651333],[-83.520121,37.651876]]}},{"type":"Feature","properties":{"osm_id":16384121,"highway":"residential","name":"Big Bloody Creek Road","alt_name":null,"official_name":null,"surface":"gravel","tracktype":null,"service":null,"access":null,"motor_vehicle":null,"foot":null,"tiger_reviewed":"no","rrgh_part":0,"rrgh_tile_part":0},"geometry":{"type":"LineString","coordinates":[[-83.51319,37.658004],[-83.513234,37.658117],[-83.51324,37.658154],[-83.51324,37.658249],[-83.51329,37.658558],[-83.513294,37.658614],[-83.513304,37.658669],[-83.513321,37.658876],[-83.513338,37.658979],[-83.513353,37.65902],[-83.513369,37.659085],[-83.513389,37.659133],[-83.513417,37.659176],[-83.51348,37.659257],[-83.51351,37.659317],[-83.513535,37.659435],[-83.513543,37.65958],[-83.513528,37.659741],[-83.513486,37.659906],[-83.513424,37.660068],[-83.51338,37.660231],[-83.513368,37.660312],[-83.513363,37.660475],[-83.513384,37.660874],[-83.513399,37.660944],[-83.513415,37.661081],[-83.513438,37.661209],[-83.513443,37.661272],[-83.51346,37.661336],[-83.513564,37.661598],[-83.51363,37.661737],[-83.513837,37.662101],[-83.513968,37.662289],[-83.51423,37.662599],[-83.514264,37.662653],[-83.514311,37.662707],[-83.514348,37.662762],[-83.514522,37.662987],[-83.514953,37.663518],[-83.515143,37.663781],[-83.515275,37.664017],[-83.515347,37.664105],[-83.515421,37.664184],[-83.515564,37.664319],[-83.515689,37.664399],[-83.51583,37.664466],[-83.515971,37.664553],[-83.516105,37.664644],[-83.516226,37.664746],[-83.516332,37.664855],[-83.516481,37.665071],[-83.516558,37.665199],[-83.516587,37.665275],[-83.516745,37.665541],[-83.516812,37.665678],[-83.516851,37.665747],[-83.516884,37.665818],[-83.516958,37.665953],[-83.517023,37.666091],[-83.517276,37.666594],[-83.517326,37.66672],[-83.517402,37.666966],[-83.517448,37.667145],[-83.517469,37.667201],[-83.517486,37.667263],[-83.51753,37.66747],[-83.517561,37.66765],[-83.517591,37.66776],[-83.517631,37.667868],[-83.517678,37.667958],[-83.517707,37.668001],[-83.517775,37.668083],[-83.517897,37.668197],[-83.518363,37.668691],[-83.518465,37.668786],[-83.518685,37.66897],[-83.518789,37.669072],[-83.518889,37.669182],[-83.519089,37.669468],[-83.519155,37.669512],[-83.519255,37.669609],[-83.519314,37.669657],[-83.519444,37.669748],[-83.519619,37.669863],[-83.519789,37.669959],[-83.519951,37.670062],[-83.520011,37.670095],[-83.520069,37.670134],[-83.520192,37.670205],[-83.520323,37.670269],[-83.52046,37.670322],[-83.520787,37.670459],[-83.520849,37.670479],[-83.521024,37.670546],[-83.521439,37.670684],[-83.521556,37.670735]]}},{"type":"Feature","properties":{"osm_id":16385311,"highway":"service","name":"Troy Deaton Road","alt_name":null,"official_name":null,"surface":null,"tracktype":null,"service":null,"access":null,"motor_vehicle":null,"foot":null,"tiger_reviewed":"no","rrgh_part":0,"rrgh_tile_part":0},"geometry":{"type":"LineString","coordinates":[[-83.528769,37.654898],[-83.528847,37.654855],[-83.528884,37.654825],[-83.528895,37.654809],[-83.528904,37.654764],[-83.528902,37.654712],[-83.528888,37.654632],[-83.528831,37.654521],[-83.528765,37.654421],[-83.528666,37.654325],[-83.528612,37.654244],[-83.528589,37.654167],[-83.528529,37.653812],[-83.52851,37.653743],[-83.528468,37.653666],[-83.528412,37.653586],[-83.528372,37.653542],[-83.528347,37.653504],[-83.528316,37.653418],[-83.528308,37.653273],[-83.528328,37.653145],[-83.528328,37.653005],[-83.528309,37.652854],[-83.528267,37.652725],[-83.528204,37.652615],[-83.528073,37.652448],[-83.527945,37.652264]]}},{"type":"Feature","properties":{"osm_id":1339894591,"highway":"track","name":null,"alt_name":null,"official_name":null,"surface":null,"tracktype":null,"service":null,"access":null,"motor_vehicle":null,"foot":null,"tiger_reviewed":null,"rrgh_part":0,"rrgh_tile_part":0},"geometry":{"type":"LineString","coordinates":[[-83.5059788,37.6171137],[-83.5060712,37.6171478],[-83.5062499,37.6171771],[-83.5070325,37.6171967],[-83.5073714,37.6173187],[-83.5075809,37.6176848],[-83.507735,37.6180704],[-83.5077411,37.6183974],[-83.507507,37.6188318],[-83.5074207,37.6189929],[-83.5072913,37.6191198],[-83.5071064,37.6190905],[-83.5068168,37.6189294],[-83.5066812,37.618905],[-83.5065888,37.618944],[-83.5065272,37.6192613],[-83.506595,37.6194321],[-83.5066812,37.6195981],[-83.506786,37.6201691],[-83.506749,37.6204278],[-83.5066073,37.6205938],[-83.5063916,37.6207304],[-83.5060219,37.6208037],[-83.5057446,37.6208378],[-83.5055967,37.6208866],[-83.5054796,37.6209842],[-83.5052393,37.6212624],[-83.505,37.621427841103575]]}},{"type":"Feature","properties":{"osm_id":1339894593,"highway":"track","name":null,"alt_name":null,"official_name":null,"surface":null,"tracktype":null,"service":null,"access":null,"motor_vehicle":null,"foot":null,"tiger_reviewed":null,"rrgh_part":0,"rrgh_tile_part":0},"geometry":{"type":"LineString","coordinates":[[-83.5059788,37.6171137],[-83.5052886,37.617099],[-83.505,37.61711620225734]]}},{"type":"Feature","properties":{"osm_id":16106604,"highway":"residential","name":null,"alt_name":null,"official_name":null,"surface":null,"tracktype":null,"service":null,"access":null,"motor_vehicle":null,"foot":null,"tiger_reviewed":"no","rrgh_part":0,"rrgh_tile_part":0},"geometry":{"type":"LineString","coordinates":[[-83.515321,37.620323],[-83.514798,37.620162],[-83.513125,37.619962]]}},{"type":"Feature","properties":{"osm_id":16383986,"highway":"residential","name":"Cave Branch Road","alt_name":null,"official_name":null,"surface":null,"tracktype":null,"service":null,"access":null,"motor_vehicle":null,"foot":null,"tiger_reviewed":"no","rrgh_part":0,"rrgh_tile_part":0},"geometry":{"type":"LineString","coordinates":[[-83.505,37.666557684563756],[-83.505013,37.666561],[-83.505153,37.666608],[-83.505548,37.666777],[-83.505679,37.666844],[-83.505797,37.666921],[-83.505896,37.667004],[-83.505974,37.667088],[-83.506039,37.667168],[-83.506076,37.667204],[-83.506127,37.667229],[-83.506182,37.667241],[-83.506246,37.667244],[-83.506303,37.667232],[-83.506413,37.667193],[-83.506527,37.667172],[-83.506586,37.66717],[-83.506789,37.667191],[-83.507173,37.667251],[-83.507375,37.667303],[-83.507515,37.66733],[-83.507774,37.66737],[-83.507988,37.667384],[-83.508088,37.667404],[-83.508172,37.66743]]}},{"type":"Feature","properties":{"osm_id":1339894592,"highway":"track","name":null,"alt_name":null,"official_name":null,"surface":null,"tracktype":null,"service":null,"access":null,"motor_vehicle":null,"foot":null,"tiger_reviewed":null,"rrgh_part":0,"rrgh_tile_part":0},"geometry":{"type":"LineString","coordinates":[[-83.5059788,37.6171137],[-83.5061513,37.6170844],[-83.5072728,37.6170405],[-83.5075131,37.6170844],[-83.5079691,37.6172699],[-83.5083204,37.6174065],[-83.5085175,37.6174358],[-83.5087209,37.6174114],[-83.5090043,37.6173968],[-83.5101505,37.617509]]}},{"type":"Feature","properties":{"osm_id":16105003,"highway":"residential","name":null,"alt_name":null,"official_name":null,"surface":null,"tracktype":null,"service":null,"access":null,"motor_vehicle":null,"foot":null,"tiger_reviewed":"no","rrgh_part":0,"rrgh_tile_part":0},"geometry":{"type":"LineString","coordinates":[[-83.512756,37.632192],[-83.512065,37.632764],[-83.511893,37.633038],[-83.511892,37.633724],[-83.512323,37.634272],[-83.512437,37.63457],[-83.51235,37.635348],[-83.512062,37.635942],[-83.512062,37.636764],[-83.511831,37.637085],[-83.510882,37.637747],[-83.510766,37.638204],[-83.509787,37.639072],[-83.509642,37.639667],[-83.508404,37.641107]]}},{"type":"Feature","properties":{"osm_id":16105038,"highway":"residential","name":null,"alt_name":null,"official_name":null,"surface":null,"tracktype":null,"service":null,"access":null,"motor_vehicle":null,"foot":null,"tiger_reviewed":"no","rrgh_part":0,"rrgh_tile_part":0},"geometry":{"type":"LineString","coordinates":[[-83.516481,37.630924],[-83.517294,37.631102],[-83.518934,37.631274]]}},{"type":"Feature","properties":{"osm_id":16105212,"highway":"residential","name":null,"alt_name":null,"official_name":null,"surface":null,"tracktype":null,"service":null,"access":null,"motor_vehicle":null,"foot":null,"tiger_reviewed":"no","rrgh_part":0,"rrgh_tile_part":0},"geometry":{"type":"LineString","coordinates":[[-83.505,37.63722631026059],[-83.505991,37.637905],[-83.507365,37.638587],[-83.507861,37.639177],[-83.507988,37.639748],[-83.50796,37.640739],[-83.508151,37.641023],[-83.508404,37.641107],[-83.508788,37.64188],[-83.509008,37.642243],[-83.50926,37.642497]]}},{"type":"Feature","properties":{"osm_id":16382523,"highway":"service","name":"Talbert Drive","alt_name":null,"official_name":null,"surface":null,"tracktype":null,"service":null,"access":null,"motor_vehicle":null,"foot":null,"tiger_reviewed":"no","rrgh_part":0,"rrgh_tile_part":0},"geometry":{"type":"LineString","coordinates":[[-83.511865,37.647601],[-83.512004,37.647546],[-83.512076,37.647505],[-83.5124111,37.6471345],[-83.512751,37.647197],[-83.513284,37.647222],[-83.513777,37.647368]]}},{"type":"Feature","properties":{"osm_id":16384115,"highway":"residential","name":"Big Bloody Creek Road","alt_name":null,"official_name":null,"surface":null,"tracktype":null,"service":null,"access":null,"motor_vehicle":null,"foot":null,"tiger_reviewed":"no","rrgh_part":0,"rrgh_tile_part":0},"geometry":{"type":"LineString","coordinates":[[-83.511962,37.645435],[-83.5119594,37.6456581],[-83.511955,37.646031],[-83.5119896,37.6464433],[-83.5118695,37.6470242],[-83.511819,37.6473482],[-83.511865,37.647601],[-83.5119739,37.6480281],[-83.5117486,37.6483401],[-83.5114679,37.6487933],[-83.511745,37.649442],[-83.511853,37.650194],[-83.5118444,37.6504935],[-83.5116743,37.6508993],[-83.5112902,37.6513558],[-83.5109479,37.6519262],[-83.510654,37.652106],[-83.5105697,37.6524401],[-83.5112571,37.6526143],[-83.5114423,37.6529577],[-83.5115865,37.6534541],[-83.511757,37.653833],[-83.5119079,37.6543959],[-83.5118399,37.6545865],[-83.5116834,37.6547483],[-83.5115722,37.6548582],[-83.5116215,37.6550632],[-83.5118227,37.655111],[-83.5120232,37.6554419],[-83.5122997,37.6562808],[-83.5123451,37.6569583],[-83.5124864,37.6571551],[-83.5128855,37.65752],[-83.5130857,37.6577647],[-83.51319,37.658004]]}},{"type":"Feature","properties":{"osm_id":16106248,"highway":"residential","name":null,"alt_name":null,"official_name":null,"surface":null,"tracktype":null,"service":null,"access":null,"motor_vehicle":null,"foot":null,"tiger_reviewed":"no","rrgh_part":0,"rrgh_tile_part":0},"geometry":{"type":"LineString","coordinates":[[-83.513725,37.641091],[-83.513592,37.641067],[-83.513184,37.641014]]}},{"type":"Feature","properties":{"osm_id":16382434,"highway":"residential","name":null,"alt_name":null,"official_name":null,"surface":null,"tracktype":null,"service":null,"access":null,"motor_vehicle":null,"foot":null,"tiger_reviewed":"no","rrgh_part":0,"rrgh_tile_part":0},"geometry":{"type":"LineString","coordinates":[[-83.513068,37.644212],[-83.51278,37.64407],[-83.5127,37.64388],[-83.512748,37.643578],[-83.512938,37.643261],[-83.513397,37.642703],[-83.513424,37.642403],[-83.513772,37.641806],[-83.514118,37.641322],[-83.514052,37.641148],[-83.513725,37.641091]]}},{"type":"Feature","properties":{"osm_id":1525654257,"highway":"service","name":null,"alt_name":null,"official_name":null,"surface":null,"tracktype":null,"service":null,"access":null,"motor_vehicle":null,"foot":null,"tiger_reviewed":null,"rrgh_part":0,"rrgh_tile_part":0},"geometry":{"type":"LineString","coordinates":[[-83.512792,37.644662],[-83.5128539,37.6449256],[-83.5128003,37.6452442]]}},{"type":"Feature","properties":{"osm_id":1525654258,"highway":"service","name":null,"alt_name":null,"official_name":null,"surface":null,"tracktype":null,"service":null,"access":null,"motor_vehicle":null,"foot":null,"tiger_reviewed":null,"rrgh_part":0,"rrgh_tile_part":0},"geometry":{"type":"LineString","coordinates":[[-83.5138832,37.644709],[-83.513851,37.6446113],[-83.5138296,37.6444457],[-83.5138885,37.643987],[-83.5138885,37.6438087],[-83.513889,37.643677]]}},{"type":"Feature","properties":{"osm_id":16381658,"highway":"residential","name":"Puckett Ben Road","alt_name":null,"official_name":null,"surface":null,"tracktype":null,"service":null,"access":null,"motor_vehicle":null,"foot":null,"tiger_reviewed":"no","rrgh_part":0,"rrgh_tile_part":0},"geometry":{"type":"LineString","coordinates":[[-83.50926,37.642497],[-83.509817,37.643132],[-83.510468,37.643634],[-83.511976,37.644325],[-83.5121302,37.6444814],[-83.5120759,37.6449296],[-83.511962,37.645435]]}},{"type":"Feature","properties":{"osm_id":1525654256,"highway":"service","name":null,"alt_name":null,"official_name":null,"surface":null,"tracktype":null,"service":null,"access":null,"motor_vehicle":null,"foot":null,"tiger_reviewed":null,"rrgh_part":0,"rrgh_tile_part":0},"geometry":{"type":"LineString","coordinates":[[-83.5119594,37.6456581],[-83.511601,37.6457048],[-83.5110489,37.6458618],[-83.5108613,37.6459467],[-83.5105718,37.646142],[-83.510159,37.646282],[-83.5101001,37.6462651],[-83.5097677,37.6462438],[-83.5096766,37.6462608],[-83.50943,37.64635]]}},{"type":"Feature","properties":{"osm_id":16382234,"highway":"service","name":null,"alt_name":null,"official_name":null,"surface":null,"tracktype":null,"service":null,"access":null,"motor_vehicle":null,"foot":null,"tiger_reviewed":"no","rrgh_part":0,"rrgh_tile_part":0},"geometry":{"type":"LineString","coordinates":[[-83.51348,37.659257],[-83.513666,37.659087],[-83.513838,37.65881],[-83.514002,37.658574],[-83.514205,37.658467],[-83.514641,37.658447],[-83.515209,37.658797],[-83.515494,37.658947],[-83.516164,37.659249]]}},{"type":"Feature","properties":{"osm_id":16381394,"highway":"track","name":null,"alt_name":null,"official_name":null,"surface":null,"tracktype":null,"service":null,"access":null,"motor_vehicle":null,"foot":null,"tiger_reviewed":"no","rrgh_part":0,"rrgh_tile_part":0},"geometry":{"type":"LineString","coordinates":[[-83.5823976,37.6697006],[-83.5821879,37.6693716],[-83.5822715,37.6693154],[-83.58362,37.6696167],[-83.5844512,37.6699736],[-83.5849137,37.6699896],[-83.585228,37.669982]]}},{"type":"Feature","properties":{"osm_id":16381420,"highway":"service","name":null,"alt_name":null,"official_name":null,"surface":null,"tracktype":null,"service":null,"access":"private","motor_vehicle":null,"foot":null,"tiger_reviewed":"no","rrgh_part":0,"rrgh_tile_part":0},"geometry":{"type":"LineString","coordinates":[[-83.583001,37.665744],[-83.58289,37.665721],[-83.582834,37.665701],[-83.582676,37.665692],[-83.582582,37.665692],[-83.582407,37.665677],[-83.582239,37.665687],[-83.582057,37.665717],[-83.581676,37.665824],[-83.581604,37.665833],[-83.581455,37.665826],[-83.581318,37.665808],[-83.581209,37.665786],[-83.580992,37.665713],[-83.580772,37.665611],[-83.580714,37.665576],[-83.580611,37.665492],[-83.58051,37.665373],[-83.580359,37.665161],[-83.580329,37.665108],[-83.580343,37.664945],[-83.580332,37.664845],[-83.58032,37.664793],[-83.580303,37.664762],[-83.580279,37.664738]]}},{"type":"Feature","properties":{"osm_id":1525641486,"highway":"track","name":null,"alt_name":null,"official_name":null,"surface":null,"tracktype":null,"service":null,"access":null,"motor_vehicle":null,"foot":null,"tiger_reviewed":null,"rrgh_part":0,"rrgh_tile_part":0},"geometry":{"type":"LineString","coordinates":[[-83.57585871393218,37.675],[-83.5758627,37.6749904],[-83.5759584,37.6748748],[-83.576186,37.674567],[-83.5762586,37.6744654],[-83.5763365,37.6743081],[-83.5763944,37.674107],[-83.5765343,37.6738947],[-83.5766124,37.6737548],[-83.5764613,37.6735891],[-83.5761579,37.6732898],[-83.5760051,37.6731327],[-83.5758105,37.6730857],[-83.5754878,37.6730926],[-83.5751378,37.6731314],[-83.5746927,37.6732164],[-83.5744387,37.6733101],[-83.5743143,37.6734349],[-83.5742794,37.6735695],[-83.5743827,37.6737291],[-83.5746028,37.6739103],[-83.5747288,37.6740387],[-83.5749128,37.6742368]]}},{"type":"Feature","properties":{"osm_id":1525641488,"highway":"track","name":null,"alt_name":null,"official_name":null,"surface":null,"tracktype":null,"service":null,"access":null,"motor_vehicle":null,"foot":null,"tiger_reviewed":null,"rrgh_part":0,"rrgh_tile_part":0},"geometry":{"type":"LineString","coordinates":[[-83.5766124,37.6737548],[-83.5771384,37.673532],[-83.5772992,37.6735192],[-83.5776316,37.673532],[-83.5777388,37.6735277],[-83.5778514,37.673498],[-83.5778943,37.673464],[-83.5779002,37.6734112],[-83.5779006,37.6733292],[-83.5778889,37.6732263],[-83.5773207,37.6726278],[-83.5766023,37.6718255],[-83.5763611,37.6716048],[-83.5760824,37.6713883],[-83.575691,37.6712058],[-83.5753286,37.6709752],[-83.575134,37.6706232],[-83.5749371,37.6702634],[-83.5744583,37.6699837],[-83.5740903,37.6697388],[-83.5740399,37.6695931],[-83.5740614,37.6695125],[-83.5741096,37.6694361],[-83.5742651,37.6693257],[-83.5743937,37.669262],[-83.5745278,37.6692195],[-83.5747315,37.6691813],[-83.574962,37.6691813],[-83.5751978,37.6692917],[-83.5755195,37.6693724],[-83.5757285,37.6694743],[-83.5759323,37.6696695],[-83.5760019,37.6697757],[-83.5761199,37.669971],[-83.5761681,37.6700304],[-83.5764147,37.670179],[-83.5768704,37.6705568],[-83.5770312,37.670646],[-83.5772617,37.6707478],[-83.5776316,37.670837],[-83.5777602,37.6708243],[-83.5778621,37.6707776],[-83.5781194,37.6705313],[-83.5783017,37.6702851],[-83.5783821,37.6701195],[-83.5783821,37.6699582],[-83.5783606,37.6697587],[-83.5783499,37.6691983],[-83.5782695,37.668986],[-83.5781784,37.6688544],[-83.5779211,37.6685785],[-83.5778675,37.6685021],[-83.5776584,37.6679757],[-83.5775619,37.6678356],[-83.5767417,37.6672709],[-83.5763718,37.6669865],[-83.5759376,37.6667658],[-83.5752997,37.66632]]}},{"type":"Feature","properties":{"osm_id":1525641485,"highway":"track","name":null,"alt_name":null,"official_name":null,"surface":null,"tracktype":null,"service":null,"access":null,"motor_vehicle":null,"foot":null,"tiger_reviewed":null,"rrgh_part":0,"rrgh_tile_part":0},"geometry":{"type":"LineString","coordinates":[[-83.57908402596516,37.675],[-83.5789009,37.6748231],[-83.5785508,37.6744528],[-83.5783907,37.6740388]]}},{"type":"Feature","properties":{"osm_id":1525641489,"highway":"track","name":null,"alt_name":null,"official_name":null,"surface":null,"tracktype":null,"service":null,"access":null,"motor_vehicle":null,"foot":null,"tiger_reviewed":null,"rrgh_part":0,"rrgh_tile_part":0},"geometry":{"type":"LineString","coordinates":[[-83.5766124,37.6737548],[-83.5767349,37.6738085],[-83.5768661,37.6739296]]}},{"type":"Feature","properties":{"osm_id":16381434,"highway":"residential","name":null,"alt_name":null,"official_name":null,"surface":null,"tracktype":null,"service":null,"access":null,"motor_vehicle":null,"foot":null,"tiger_reviewed":"no","rrgh_part":0,"rrgh_tile_part":0},"geometry":{"type":"LineString","coordinates":[[-83.56022,37.672914],[-83.560911,37.672708],[-83.560997,37.672845],[-83.560623,37.673234],[-83.560681,37.673394],[-83.561429,37.673371],[-83.561573,37.673257],[-83.562178,37.673303],[-83.563214,37.673737],[-83.563703,37.674195]]}},{"type":"Feature","properties":{"osm_id":16381492,"highway":"residential","name":null,"alt_name":null,"official_name":null,"surface":null,"tracktype":null,"service":null,"access":null,"motor_vehicle":null,"foot":null,"tiger_reviewed":"no","rrgh_part":0,"rrgh_tile_part":0},"geometry":{"type":"LineString","coordinates":[[-83.564281,37.671483],[-83.563936,37.671556],[-83.563814,37.671701],[-83.563571,37.672185],[-83.563409,37.672645],[-83.56348,37.673097],[-83.563602,37.67346],[-83.563552,37.673807],[-83.563703,37.674195],[-83.56399022087379,37.675]]}},{"type":"Feature","properties":{"osm_id":16381562,"highway":"residential","name":null,"alt_name":null,"official_name":null,"surface":null,"tracktype":null,"service":null,"access":null,"motor_vehicle":null,"foot":null,"tiger_reviewed":"no","rrgh_part":0,"rrgh_tile_part":0},"geometry":{"type":"LineString","coordinates":[[-83.561429,37.673371],[-83.561976,37.674538],[-83.561947,37.674675],[-83.561573,37.674836],[-83.560825,37.674881]]}},{"type":"Feature","properties":{"osm_id":16381125,"highway":"residential","name":"Lancette Lane","alt_name":null,"official_name":null,"surface":null,"tracktype":null,"service":null,"access":null,"motor_vehicle":null,"foot":null,"tiger_reviewed":"no","rrgh_part":0,"rrgh_tile_part":0},"geometry":{"type":"LineString","coordinates":[[-83.542505,37.662921],[-83.542643,37.662883],[-83.542742,37.662878],[-83.543799,37.662951],[-83.54397,37.662955],[-83.544023,37.662952],[-83.544418,37.662986],[-83.544609,37.662962],[-83.544677,37.662949],[-83.544811,37.662936],[-83.544938,37.662938],[-83.545121,37.662957],[-83.545345,37.663001],[-83.545478,37.663037],[-83.546072,37.663253],[-83.54637,37.663331],[-83.546572,37.663392],[-83.546636,37.663402],[-83.546705,37.663408],[-83.546941,37.663391],[-83.54702,37.663381],[-83.547289,37.663318],[-83.547359,37.663305],[-83.54743,37.663298],[-83.547726,37.663305],[-83.547983,37.663325],[-83.548067,37.663317],[-83.548157,37.663317],[-83.548247,37.66331],[-83.548607,37.66324],[-83.548781,37.66322],[-83.548864,37.663218],[-83.548944,37.663223],[-83.549023,37.663234],[-83.549256,37.663296],[-83.549572,37.66339],[-83.549648,37.663409],[-83.549798,37.663433],[-83.549867,37.663422],[-83.549936,37.663403],[-83.549998,37.663374],[-83.550049,37.663338],[-83.550091,37.663293],[-83.550188,37.663145],[-83.550227,37.663102],[-83.550273,37.663069],[-83.550329,37.663048],[-83.550387,37.663042],[-83.550443,37.663047],[-83.550496,37.663061],[-83.550543,37.663083],[-83.550622,37.663138],[-83.550769,37.663259],[-83.550812,37.663284],[-83.55086,37.663304],[-83.550911,37.66332],[-83.550966,37.66333],[-83.551385,37.663361],[-83.551551,37.663383],[-83.551596,37.663386],[-83.551634,37.663382],[-83.551662,37.66337],[-83.551675,37.663354]]}},{"type":"Feature","properties":{"osm_id":16383640,"highway":"residential","name":"Morton Gilbert Road","alt_name":null,"official_name":null,"surface":null,"tracktype":null,"service":null,"access":null,"motor_vehicle":null,"foot":null,"tiger_reviewed":"no","rrgh_part":0,"rrgh_tile_part":0},"geometry":{"type":"LineString","coordinates":[[-83.548086,37.665389],[-83.548171,37.665359],[-83.548203,37.665336],[-83.548224,37.665305],[-83.548253,37.66517],[-83.548277,37.665116],[-83.548311,37.665076],[-83.548381,37.665029],[-83.548441,37.665009],[-83.548506,37.664999],[-83.548656,37.664995],[-83.549186,37.665023],[-83.549674,37.66503],[-83.549838,37.665046],[-83.550036,37.665085],[-83.550134,37.665111],[-83.550308,37.665177],[-83.550348,37.665202],[-83.550369,37.665234],[-83.550378,37.665305],[-83.550375,37.665401],[-83.550385,37.665469],[-83.550409,37.665545],[-83.550452,37.665628],[-83.550546,37.665757],[-83.550897,37.666183],[-83.550961,37.666279],[-83.551013,37.66638],[-83.551044,37.666483],[-83.551054,37.666533],[-83.551057,37.666581],[-83.551067,37.66662],[-83.551085,37.666653],[-83.551112,37.666675],[-83.551146,37.666683],[-83.551179,37.666679],[-83.551209,37.666665],[-83.551234,37.666643],[-83.551299,37.666517],[-83.551323,37.666398],[-83.55135,37.66631],[-83.551413,37.66618],[-83.551438,37.666137],[-83.551527,37.666038],[-83.551611,37.665981],[-83.551653,37.665957],[-83.551752,37.665919],[-83.551905,37.665884],[-83.552015,37.665874],[-83.552127,37.665876],[-83.552237,37.665889],[-83.552292,37.6659],[-83.552395,37.665937],[-83.552485,37.665991],[-83.552525,37.666024],[-83.552592,37.6661],[-83.552722,37.666335],[-83.5528,37.666562],[-83.552922,37.666863],[-83.553028,37.667086],[-83.55307,37.66719],[-83.553115,37.667346],[-83.553146,37.667549],[-83.55315,37.667695],[-83.553128,37.667978],[-83.55311,37.668067],[-83.553094,37.66811],[-83.55307,37.66815],[-83.553037,37.668187],[-83.552976,37.668228],[-83.552933,37.668245]]}},{"type":"Feature","properties":{"osm_id":16383809,"highway":"residential","name":"County Road 1253","alt_name":null,"official_name":null,"surface":null,"tracktype":null,"service":null,"access":null,"motor_vehicle":null,"foot":null,"tiger_reviewed":"no","rrgh_part":0,"rrgh_tile_part":0},"geometry":{"type":"LineString","coordinates":[[-83.548086,37.665389],[-83.548264,37.665528],[-83.54835,37.665602],[-83.548439,37.665692],[-83.548474,37.665734],[-83.548584,37.665838],[-83.548839,37.666105],[-83.549023,37.666289],[-83.54917,37.666463],[-83.549245,37.666563],[-83.549338,37.666729],[-83.549361,37.666791],[-83.549397,37.666979],[-83.549399,37.667101],[-83.54939,37.667172],[-83.549293,37.667559],[-83.549264,37.667751],[-83.549274,37.667947],[-83.549313,37.668191],[-83.549307,37.668313],[-83.549283,37.668435],[-83.549199,37.668728],[-83.54917,37.668851],[-83.54915,37.668979],[-83.549129,37.669043],[-83.549041,37.669696],[-83.549016,37.669965],[-83.548926,37.6706],[-83.548902,37.670868],[-83.548892,37.671475],[-83.548937,37.672045],[-83.548934,37.672112],[-83.548923,37.672181],[-83.548903,37.67225],[-83.548875,37.672318],[-83.548839,37.672381],[-83.5488,37.672438],[-83.548513,37.672769],[-83.548388,37.672894],[-83.548192,37.673062],[-83.548157,37.673121],[-83.547895,37.673518],[-83.547761,37.673704],[-83.547697,37.673803],[-83.547613,37.673901],[-83.547551,37.674006],[-83.547456,37.674153],[-83.547381,37.674295],[-83.54732,37.674445],[-83.547266,37.674614],[-83.547191,37.674907],[-83.547174197479,37.675]]}},{"type":"Feature","properties":{"osm_id":16384909,"highway":"residential","name":"Umbers Fork Road","alt_name":null,"official_name":null,"surface":null,"tracktype":null,"service":null,"access":null,"motor_vehicle":null,"foot":null,"tiger_reviewed":"no","rrgh_part":0,"rrgh_tile_part":0},"geometry":{"type":"LineString","coordinates":[[-83.54191,37.664974],[-83.542275,37.664804],[-83.542512,37.664721],[-83.542986,37.6646],[-83.543188,37.664539],[-83.543331,37.66448],[-83.543415,37.664435],[-83.543576,37.664323],[-83.543671,37.66427],[-83.543782,37.664226],[-83.543844,37.66421],[-83.543911,37.664199],[-83.544041,37.664192],[-83.544175,37.664206],[-83.544314,37.664207],[-83.54438,37.664201],[-83.544445,37.664185],[-83.544504,37.664165],[-83.544558,37.664138],[-83.544654,37.664076],[-83.544843,37.663939],[-83.545003,37.663841],[-83.545121,37.663784],[-83.545183,37.663759],[-83.545314,37.663721],[-83.545443,37.663696],[-83.545507,37.663688],[-83.545638,37.663685],[-83.545757,37.663699],[-83.545816,37.663711],[-83.545871,37.66373],[-83.545975,37.663785],[-83.546283,37.664002],[-83.546396,37.664069],[-83.546523,37.664121],[-83.546589,37.664141],[-83.546657,37.664156],[-83.546863,37.664168],[-83.547376,37.66416],[-83.547452,37.664163],[-83.547525,37.664171],[-83.547592,37.664183],[-83.547654,37.664203],[-83.547708,37.66423],[-83.547749,37.664266],[-83.54777,37.664313],[-83.547774,37.664363],[-83.54775,37.664461],[-83.547704,37.664611],[-83.54769,37.664723],[-83.547695,37.664833],[-83.547706,37.664889],[-83.547729,37.664942],[-83.547796,37.665049],[-83.547961,37.665265],[-83.548048,37.665357],[-83.548086,37.665389]]}},{"type":"Feature","properties":{"osm_id":16381502,"highway":"residential","name":null,"alt_name":null,"official_name":null,"surface":null,"tracktype":null,"service":null,"access":null,"motor_vehicle":null,"foot":null,"tiger_reviewed":"no","rrgh_part":0,"rrgh_tile_part":0},"geometry":{"type":"LineString","coordinates":[[-83.55871366141733,37.675],[-83.559055,37.674745],[-83.559441,37.674801],[-83.559837,37.674752],[-83.560161,37.674809],[-83.560568,37.674784],[-83.560825,37.674881],[-83.56084714401294,37.675]]}},{"type":"Feature","properties":{"osm_id":16381462,"highway":"service","name":"Martha Moore Road","alt_name":null,"official_name":null,"surface":null,"tracktype":null,"service":null,"access":"private","motor_vehicle":null,"foot":null,"tiger_reviewed":"no","rrgh_part":0,"rrgh_tile_part":0},"geometry":{"type":"LineString","coordinates":[[-83.53629,37.666114],[-83.536188,37.665901],[-83.536142,37.665831],[-83.53604,37.665731],[-83.535872,37.665592],[-83.535814,37.665553],[-83.535657,37.665482],[-83.535468,37.665415],[-83.535319,37.665355],[-83.535215,37.6653],[-83.535053,37.665235],[-83.535009,37.665222],[-83.534714,37.665089],[-83.534661,37.665055],[-83.534618,37.66501],[-83.534543,37.664881],[-83.534502,37.664837],[-83.534436,37.664798],[-83.534399,37.664786],[-83.534359,37.664778],[-83.534285,37.664779],[-83.534181,37.664796],[-83.534008,37.664841],[-83.533894,37.664886],[-83.533718,37.664976],[-83.533365,37.665167],[-83.533031,37.665363],[-83.533006,37.665384],[-83.532988,37.665406],[-83.532979,37.665428],[-83.532979,37.665447],[-83.532989,37.665467],[-83.533008,37.665482],[-83.533035,37.665491],[-83.53306,37.665494]]}},{"type":"Feature","properties":{"osm_id":16380933,"highway":"residential","name":"Flat Mary Road","alt_name":null,"official_name":null,"surface":null,"tracktype":null,"service":null,"access":null,"motor_vehicle":null,"foot":null,"tiger_reviewed":"no","rrgh_part":0,"rrgh_tile_part":0},"geometry":{"type":"LineString","coordinates":[[-83.54191,37.664974],[-83.541713,37.665065],[-83.54158,37.665113],[-83.540918,37.665306],[-83.54069,37.665381],[-83.540433,37.665483],[-83.539777,37.665767],[-83.5396548,37.6658249],[-83.539435,37.665929],[-83.539312,37.666002],[-83.539255,37.666042],[-83.53918,37.666107],[-83.53911,37.666179],[-83.539051,37.666252],[-83.538914,37.666491],[-83.53883,37.666607],[-83.538797,37.666635],[-83.538735,37.666672],[-83.538658,37.66671],[-83.538569,37.666729],[-83.538414,37.666736],[-83.537997,37.666741],[-83.537733,37.666761],[-83.537608,37.666776],[-83.537525,37.666795],[-83.537427,37.666825],[-83.537244,37.666908],[-83.537014,37.667039],[-83.536814,37.667186],[-83.536677,37.6673]]}},{"type":"Feature","properties":{"osm_id":16382996,"highway":"service","name":"Little Bloody Creek Road","alt_name":null,"official_name":null,"surface":null,"tracktype":null,"service":null,"access":null,"motor_vehicle":null,"foot":null,"tiger_reviewed":"no","rrgh_part":0,"rrgh_tile_part":0},"geometry":{"type":"LineString","coordinates":[[-83.534688,37.661691],[-83.534647,37.661749],[-83.53464,37.661767],[-83.534639,37.661788],[-83.534702,37.662106],[-83.534707,37.662173],[-83.5347,37.662325],[-83.534581,37.663067],[-83.534571,37.663197],[-83.534582,37.663271],[-83.534644,37.663473],[-83.534659,37.663557],[-83.534697,37.663888],[-83.534696,37.663935],[-83.534684,37.663973],[-83.534659,37.664007],[-83.534603,37.664052],[-83.534505,37.664077],[-83.534394,37.664083],[-83.534034,37.664086],[-83.53387,37.664104],[-83.533342,37.664225],[-83.533156,37.664273],[-83.533026,37.664291],[-83.532959,37.664294],[-83.532828,37.664286],[-83.532469,37.664236],[-83.532305,37.66423],[-83.532054,37.664234],[-83.531796,37.664244],[-83.531549,37.664236],[-83.530905,37.664186],[-83.530605,37.664138],[-83.530549,37.664133],[-83.5303,37.66414],[-83.530154,37.66413],[-83.530026,37.664121],[-83.529952,37.664126],[-83.529885,37.664145],[-83.529864,37.664157],[-83.529849,37.664171],[-83.529842,37.664201]]}},{"type":"Feature","properties":{"osm_id":16383026,"highway":"service","name":"Little Bloody Creek Road","alt_name":null,"official_name":null,"surface":null,"tracktype":null,"service":null,"access":null,"motor_vehicle":null,"foot":null,"tiger_reviewed":"no","rrgh_part":0,"rrgh_tile_part":0},"geometry":{"type":"LineString","coordinates":[[-83.530154,37.66413],[-83.529897,37.663846],[-83.529592,37.663631],[-83.529328,37.663521],[-83.529033,37.663414],[-83.528839,37.663214],[-83.527729,37.662431]]}},{"type":"Feature","properties":{"osm_id":16383815,"highway":"residential","name":"King Road","alt_name":null,"official_name":null,"surface":null,"tracktype":null,"service":null,"access":null,"motor_vehicle":null,"foot":null,"tiger_reviewed":"no","rrgh_part":0,"rrgh_tile_part":0},"geometry":{"type":"LineString","coordinates":[[-83.522899,37.672573],[-83.522731,37.673005],[-83.522709,37.673083],[-83.522699,37.673165],[-83.522706,37.673292],[-83.522722,37.673425],[-83.522716,37.673489],[-83.522724,37.67363],[-83.522713,37.673728],[-83.522685,37.673829],[-83.522641,37.673935],[-83.522447,37.674174],[-83.522391,37.674213],[-83.522189,37.674418],[-83.521996,37.674573],[-83.521788,37.674723],[-83.521707,37.674777],[-83.52139189130436,37.675]]}},{"type":"Feature","properties":{"osm_id":1525655467,"highway":"residential","name":"Big Bloody Creek Road","alt_name":null,"official_name":null,"surface":null,"tracktype":null,"service":null,"access":null,"motor_vehicle":null,"foot":null,"tiger_reviewed":"no","rrgh_part":0,"rrgh_tile_part":0},"geometry":{"type":"LineString","coordinates":[[-83.521556,37.670735],[-83.52166,37.670801],[-83.521793,37.670923],[-83.521894,37.671056],[-83.52196,37.671171],[-83.521976,37.671222],[-83.52198,37.671387],[-83.521992,37.671543],[-83.522029,37.671648],[-83.522073,37.671747],[-83.52217,37.671887],[-83.52231,37.671992],[-83.522425,37.672031],[-83.522499,37.672072],[-83.52257,37.672163],[-83.522592,37.672211],[-83.522747,37.672455],[-83.522827,37.672533],[-83.522869,37.672561],[-83.522899,37.672573],[-83.522972,37.672591],[-83.523233,37.672628],[-83.5233,37.672651],[-83.523438,37.672709],[-83.523506,37.672744],[-83.523582,37.672777],[-83.523721,37.672845],[-83.523936,37.67293],[-83.524128,37.672986],[-83.524259,37.673016],[-83.524797,37.673118],[-83.525101,37.673156],[-83.52535,37.673173],[-83.525578,37.673171],[-83.525656,37.673167],[-83.526112,37.673099],[-83.526181,37.673082],[-83.526382,37.67302],[-83.526514,37.672998],[-83.526583,37.67299],[-83.526654,37.672988],[-83.526725,37.672992],[-83.526929,37.673016],[-83.527185,37.673059],[-83.527493,37.673124],[-83.527697,37.673161],[-83.527925,37.67321],[-83.527977,37.673232],[-83.528012,37.673255],[-83.528064,37.673313],[-83.528083,37.673344],[-83.528124,37.673454],[-83.528192,37.67375]]}},{"type":"Feature","properties":{"osm_id":1525655466,"highway":"service","name":null,"alt_name":null,"official_name":null,"surface":null,"tracktype":null,"service":null,"access":null,"motor_vehicle":null,"foot":null,"tiger_reviewed":null,"rrgh_part":0,"rrgh_tile_part":0},"geometry":{"type":"LineString","coordinates":[[-83.522425,37.672031],[-83.5224774,37.6719372],[-83.5224614,37.6717336],[-83.5223809,37.6715044]]}},{"type":"Feature","properties":{"osm_id":16384584,"highway":"residential","name":"Taulbee-Burton Cemetery Road","alt_name":null,"official_name":null,"surface":null,"tracktype":null,"service":null,"access":null,"motor_vehicle":null,"foot":null,"tiger_reviewed":"no","rrgh_part":0,"rrgh_tile_part":0},"geometry":{"type":"LineString","coordinates":[[-83.5273636597938,37.675],[-83.527362,37.674993],[-83.527327,37.674903],[-83.527284,37.674856],[-83.527254,37.674841],[-83.527225,37.674833],[-83.527176,37.674832],[-83.527062,37.674865],[-83.527002,37.674867]]}},{"type":"Feature","properties":{"osm_id":16381401,"highway":"service","name":null,"alt_name":null,"official_name":null,"surface":null,"tracktype":null,"service":null,"access":"private","motor_vehicle":null,"foot":null,"tiger_reviewed":"no","rrgh_part":0,"rrgh_tile_part":0},"geometry":{"type":"LineString","coordinates":[[-83.521707,37.674777],[-83.521753,37.674837],[-83.52184,37.674988],[-83.5218444295302,37.675]]}},{"type":"Feature","properties":{"osm_id":16382301,"highway":"residential","name":null,"alt_name":null,"official_name":null,"surface":null,"tracktype":null,"service":null,"access":null,"motor_vehicle":null,"foot":null,"tiger_reviewed":"no","rrgh_part":0,"rrgh_tile_part":0},"geometry":{"type":"LineString","coordinates":[[-83.51434287007874,37.675],[-83.514003,37.674501],[-83.51378,37.674243],[-83.513617,37.673977],[-83.513506,37.673654]]}}],"rrgh_tile":{"id":"r3c5","bounds":[37.6,-83.59,37.675,-83.505]}}
