{"type":"FeatureCollection","features":[{"type":"Feature","properties":{"osm_id":16107536,"highway":"residential","name":"Cedar Bend Road","alt_name":null,"official_name":null,"surface":null,"tracktype":null,"service":null,"access":null,"motor_vehicle":null,"foot":null,"tiger_reviewed":"no","rrgh_part":0,"rrgh_tile_part":0},"geometry":{"type":"LineString","coordinates":[[-83.482633,37.603905],[-83.48269,37.604019],[-83.482717,37.604072],[-83.482741,37.604189],[-83.482744,37.604239],[-83.482741,37.604359],[-83.482746,37.604473],[-83.482746,37.605049],[-83.482741,37.605121],[-83.482742,37.605364],[-83.482724,37.605454],[-83.482696,37.605514],[-83.482624,37.605637],[-83.48253,37.605771],[-83.482488,37.605842],[-83.482432,37.605915],[-83.482219,37.606138],[-83.482153,37.606215],[-83.482091,37.60628],[-83.482033,37.606356],[-83.481967,37.606428],[-83.481816,37.60657],[-83.48165,37.606714],[-83.481565,37.606781],[-83.481418,37.606916],[-83.481273,37.607058],[-83.481104,37.6072],[-83.481028,37.607272],[-83.480942,37.607339],[-83.480769,37.607447],[-83.480381,37.607676],[-83.48018,37.607778],[-83.479962,37.607864],[-83.479845,37.607904],[-83.479723,37.607939],[-83.479143,37.608125],[-83.478795,37.60823],[-83.478572,37.608285],[-83.478462,37.608308],[-83.478009,37.608417],[-83.477624,37.608545],[-83.477369,37.608622],[-83.476994,37.608725],[-83.476742,37.608823],[-83.476223,37.609001],[-83.475963,37.609096],[-83.475854,37.609131],[-83.475718,37.609167],[-83.47535,37.609287],[-83.475033,37.609418],[-83.474783,37.609532],[-83.474365,37.609703],[-83.474271,37.609745],[-83.474184,37.609795],[-83.474016,37.609908],[-83.47393,37.609961],[-83.473834,37.610008],[-83.473724,37.610034],[-83.473617,37.610077],[-83.473397,37.610152],[-83.473285,37.610194],[-83.473063,37.610285],[-83.472741,37.610411],[-83.472441,37.610558],[-83.47234,37.6106],[-83.472237,37.610635],[-83.472045,37.610692],[-83.471966,37.61072],[-83.471903,37.61075],[-83.471854,37.610785],[-83.471818,37.610825],[-83.471789,37.610868],[-83.471752,37.610911],[-83.471701,37.610953],[-83.471634,37.610988],[-83.471393,37.611073],[-83.470912,37.611259],[-83.47036,37.611452],[-83.47006,37.611563],[-83.469889,37.611621],[-83.469533,37.611758],[-83.469324,37.611831],[-83.468986,37.611958],[-83.468748,37.612049],[-83.468517,37.612143],[-83.4684,37.612186],[-83.468279,37.612226],[-83.468154,37.612262],[-83.46779,37.612355],[-83.467318,37.612488],[-83.466953,37.61257],[-83.466825,37.612588],[-83.466696,37.612613],[-83.466566,37.612645],[-83.466057,37.612792],[-83.465801,37.612873],[-83.465408,37.613007],[-83.465039,37.61314],[-83.464611,37.613308],[-83.464508,37.613354],[-83.464305,37.613464],[-83.463717,37.613757],[-83.463434,37.613888],[-83.46298,37.614077],[-83.462849,37.614116],[-83.462589,37.614224],[-83.462033,37.614437],[-83.461887,37.614485],[-83.461741,37.61454],[-83.461446,37.614643],[-83.461158,37.614736],[-83.460916,37.61478],[-83.460748,37.614849],[-83.46059,37.614909],[-83.460024,37.615088],[-83.45989,37.615145],[-83.459756,37.615196],[-83.459626,37.61524],[-83.459394,37.615327],[-83.459281,37.61536],[-83.459168,37.615402],[-83.458946,37.615499],[-83.458718,37.615592],[-83.458496,37.615672],[-83.458288,37.615752],[-83.458078,37.615828],[-83.45773,37.615941],[-83.457621,37.615973],[-83.457515,37.616012],[-83.457303,37.616107],[-83.457188,37.616152],[-83.457066,37.616195],[-83.456691,37.616317],[-83.456563,37.616352],[-83.456307,37.616433],[-83.456181,37.616485],[-83.455828,37.616611],[-83.455718,37.616654],[-83.455597,37.616687],[-83.455352,37.616762],[-83.455232,37.616806],[-83.455006,37.61691],[-83.454584,37.617122],[-83.454375,37.617237],[-83.454276,37.6173],[-83.454182,37.617366],[-83.45409,37.617435],[-83.453762,37.617698],[-83.453567,37.617834],[-83.453486,37.617902],[-83.45341,37.617972],[-83.453342,37.618044],[-83.453285,37.618118],[-83.453175,37.618285],[-83.453127,37.618368],[-83.452975,37.618592],[-83.452933,37.618669],[-83.452893,37.618749],[-83.452864,37.618828],[-83.45275,37.619091],[-83.452615,37.619444],[-83.45259,37.619531],[-83.452522,37.619851],[-83.452499,37.620016],[-83.452487,37.620195],[-83.452483,37.620474],[-83.452494,37.620668],[-83.452507,37.620762],[-83.452526,37.620851],[-83.452576,37.621009],[-83.452591,37.621085],[-83.452597,37.621162],[-83.452595,37.621258],[-83.452601,37.621344],[-83.452613,37.621422],[-83.452623,37.621619],[-83.452634,37.621719],[-83.452697,37.622131],[-83.452794,37.622543],[-83.452816,37.62262],[-83.452845,37.622696],[-83.452964,37.622936],[-83.452995,37.623022],[-83.453016,37.623111],[-83.453039,37.62329],[-83.453054,37.623374],[-83.453074,37.623455],[-83.453155,37.623663],[-83.453213,37.623787],[-83.453269,37.623928],[-83.453319,37.624022],[-83.453401,37.624144],[-83.453531,37.624297],[-83.453649,37.624422],[-83.453744,37.624509],[-83.453918,37.624652],[-83.454006,37.624712],[-83.454089,37.624775],[-83.454185,37.624829],[-83.454398,37.62493],[-83.454538,37.624983],[-83.454671,37.625026],[-83.454784,37.625049],[-83.455056,37.625068],[-83.455225,37.625058],[-83.455505,37.625033]]}},{"type":"Feature","properties":{"osm_id":16113590,"highway":"residential","name":"Mount Carmel Road","alt_name":null,"official_name":null,"surface":null,"tracktype":null,"service":null,"access":null,"motor_vehicle":null,"foot":null,"tiger_reviewed":"no","rrgh_part":0,"rrgh_tile_part":0},"geometry":{"type":"LineString","coordinates":[[-83.480201,37.60398],[-83.479968,37.60383],[-83.479825,37.603714],[-83.479685,37.603606],[-83.479615,37.603562],[-83.479383,37.603444],[-83.479084,37.603305],[-83.478874,37.603218],[-83.478768,37.603182],[-83.478665,37.603158],[-83.47849,37.603134],[-83.478417,37.603115],[-83.478353,37.603079],[-83.478296,37.603025],[-83.478247,37.602962],[-83.478212,37.602892],[-83.478197,37.602816],[-83.478193,37.602738],[-83.47817,37.60258],[-83.478137,37.602415],[-83.478132,37.602333],[-83.478144,37.602185],[-83.478131,37.602123],[-83.478101,37.602071],[-83.478056,37.602036],[-83.477997,37.60201],[-83.477918,37.60199],[-83.477694,37.601964],[-83.477291,37.601932],[-83.476423,37.601886],[-83.476136,37.601879],[-83.475997,37.601885],[-83.475865,37.601898],[-83.475737,37.60192],[-83.475495,37.601967],[-83.47537,37.601978],[-83.475241,37.601983],[-83.475111,37.601983],[-83.474838,37.601968],[-83.474694,37.601971],[-83.474404,37.601984],[-83.474257,37.601982],[-83.473679,37.601965],[-83.473277,37.60198],[-83.473143,37.601992],[-83.473006,37.601998],[-83.472735,37.601997],[-83.4726,37.602003],[-83.47247,37.602017],[-83.47204,37.602096],[-83.47169,37.602165],[-83.471323,37.602244],[-83.471201,37.602272],[-83.471078,37.602307],[-83.470956,37.602349],[-83.470718,37.602449],[-83.470596,37.602491],[-83.470331,37.602556],[-83.469906,37.602693],[-83.469617,37.602792],[-83.468977,37.603029],[-83.468583,37.603161],[-83.468177,37.603287],[-83.467764,37.603421],[-83.467487,37.603506],[-83.467219,37.603586],[-83.466713,37.603727],[-83.466312,37.603825],[-83.466197,37.603858],[-83.465846,37.603982],[-83.465728,37.604015],[-83.465606,37.604036],[-83.465257,37.60406],[-83.465002,37.604085],[-83.46472,37.604117],[-83.464289,37.604177],[-83.464131,37.604189],[-83.463997,37.604218],[-83.463875,37.604257],[-83.46345,37.60434],[-83.463308,37.604375],[-83.462864,37.604441],[-83.46271,37.604471],[-83.462556,37.604509],[-83.462399,37.604543],[-83.462243,37.604571],[-83.461792,37.604643],[-83.461653,37.604662],[-83.461514,37.604673],[-83.461365,37.604672],[-83.461063,37.604641],[-83.460914,37.604633],[-83.460531,37.604634],[-83.460423,37.604639],[-83.46031,37.60465],[-83.460188,37.604667],[-83.460059,37.604689],[-83.459924,37.604702],[-83.459785,37.604696],[-83.459385,37.604669],[-83.459264,37.604665],[-83.458868,37.60466],[-83.458726,37.604649],[-83.458578,37.604625],[-83.458248,37.604564],[-83.457906,37.604493],[-83.457207,37.60437],[-83.456869,37.604316],[-83.456697,37.604272],[-83.456365,37.604152],[-83.456037,37.604046],[-83.455553,37.603914],[-83.455067,37.603773],[-83.454595,37.603624],[-83.45444,37.603578],[-83.454112,37.603492],[-83.453943,37.603453],[-83.453442,37.603348],[-83.452585,37.603157],[-83.452243,37.603078],[-83.451732,37.602968],[-83.451408,37.602906],[-83.451246,37.602879],[-83.450849,37.602823],[-83.449955,37.602695],[-83.449195,37.602575],[-83.448602,37.602492],[-83.448159,37.602434],[-83.448015,37.602412],[-83.447586,37.602337],[-83.446956,37.60225],[-83.446829,37.60223],[-83.446731,37.60221],[-83.446644,37.602186],[-83.446502,37.602131],[-83.446421,37.602095],[-83.446357,37.602062]]}},{"type":"Feature","properties":{"osm_id":16104694,"highway":"residential","name":"Lucas Drive","alt_name":null,"official_name":null,"surface":null,"tracktype":null,"service":null,"access":null,"motor_vehicle":null,"foot":null,"tiger_reviewed":"no","rrgh_part":0,"rrgh_tile_part":0},"geometry":{"type":"LineString","coordinates":[[-83.486686,37.601796],[-83.48681,37.601787],[-83.486867,37.601774],[-83.487008,37.601769],[-83.487071,37.601771],[-83.487135,37.601789],[-83.487196,37.601822],[-83.48725,37.601866],[-83.487304,37.601918],[-83.487371,37.601967],[-83.487446,37.602017],[-83.487532,37.60206],[-83.487629,37.602094],[-83.487802,37.602176],[-83.487899,37.602215],[-83.488016,37.602246],[-83.488128,37.60229],[-83.48824,37.602341],[-83.48873,37.602576],[-83.488805,37.602623],[-83.488859,37.602673],[-83.488897,37.602719],[-83.488951,37.602824],[-83.488988,37.602881],[-83.489188,37.603313],[-83.489245,37.603415],[-83.489299,37.603488],[-83.489437,37.60373],[-83.489546,37.603909],[-83.489884,37.604489],[-83.489926,37.604605],[-83.489955,37.604686],[-83.489987,37.604853],[-83.489985,37.604961],[-83.489943,37.605134],[-83.4899,37.605222],[-83.489673,37.605653],[-83.489621,37.605733],[-83.489563,37.605813],[-83.489465,37.605969],[-83.48944,37.606039],[-83.489424,37.606227],[-83.489422,37.606332],[-83.489433,37.606439],[-83.489452,37.606549],[-83.489488,37.606654],[-83.489537,37.606904],[-83.489574,37.607023],[-83.489597,37.607136],[-83.489628,37.607488],[-83.489621,37.607603],[-83.489604,37.607711],[-83.489582,37.607806],[-83.489525,37.607949],[-83.489512,37.608002],[-83.489518,37.608049],[-83.489549,37.608093],[-83.489604,37.608128],[-83.489681,37.608152],[-83.489774,37.608171],[-83.489997,37.608196],[-83.490105,37.608215],[-83.490207,37.608241],[-83.4903,37.60828],[-83.490379,37.608325],[-83.490442,37.608374],[-83.490494,37.608433],[-83.490537,37.6085],[-83.490601,37.60862],[-83.490623,37.608697],[-83.49063,37.608745],[-83.49067,37.608774],[-83.490739,37.608814],[-83.49079,37.60884],[-83.490904,37.608891],[-83.491043,37.608967],[-83.491124,37.609021],[-83.491315,37.609139],[-83.491377,37.609168],[-83.491438,37.609186],[-83.491496,37.609198],[-83.491564,37.609197],[-83.491635,37.609187],[-83.491941,37.609117],[-83.491988,37.609098],[-83.49203,37.609075],[-83.492066,37.609042],[-83.492089,37.609006],[-83.492104,37.608957],[-83.492115,37.608862],[-83.49215,37.608754],[-83.492173,37.608702],[-83.492202,37.608653],[-83.492237,37.608611],[-83.492284,37.608575],[-83.492341,37.608546],[-83.492407,37.608525],[-83.492549,37.608488],[-83.492771,37.608436],[-83.492895,37.608417],[-83.492959,37.608415],[-83.493027,37.608418],[-83.493202,37.608434],[-83.493414,37.608436],[-83.493551,37.608432],[-83.493618,37.608434],[-83.493681,37.608442],[-83.493793,37.608469],[-83.49384,37.608486],[-83.493887,37.608508],[-83.493937,37.608538],[-83.493986,37.608576],[-83.494035,37.60862],[-83.494246,37.608848],[-83.494328,37.608923],[-83.494373,37.608951],[-83.494458,37.608986],[-83.494522,37.609016],[-83.494638,37.609088]]}},{"type":"Feature","properties":{"osm_id":16105728,"highway":"service","name":null,"alt_name":null,"official_name":null,"surface":null,"tracktype":null,"service":null,"access":"private","motor_vehicle":null,"foot":null,"tiger_reviewed":"no","rrgh_part":0,"rrgh_tile_part":0},"geometry":{"type":"LineString","coordinates":[[-83.48692,37.600426],[-83.486981,37.600417],[-83.487042,37.600406],[-83.487213,37.600394],[-83.487265,37.600387],[-83.487318,37.600374],[-83.487372,37.600355],[-83.487422,37.600331],[-83.487469,37.600301],[-83.487558,37.600225],[-83.4876,37.600181],[-83.487718,37.600042],[-83.487758,37.600001],[-83.48775920588236,37.6]]}},{"type":"Feature","properties":{"osm_id":16105728,"highway":"service","name":null,"alt_name":null,"official_name":null,"surface":null,"tracktype":null,"service":null,"access":"private","motor_vehicle":null,"foot":null,"tiger_reviewed":"no","rrgh_part":0,"rrgh_tile_part":1},"geometry":{"type":"LineString","coordinates":[[-83.48887833333335,37.6],[-83.488918,37.600012],[-83.489016,37.600054],[-83.489067,37.600082],[-83.489154,37.600115],[-83.489202,37.600129],[-83.489254,37.600138],[-83.489309,37.600143],[-83.489498,37.600139],[-83.489567,37.60014],[-83.489638,37.600146],[-83.489921,37.600192],[-83.490196,37.600224],[-83.490335,37.60026],[-83.490446,37.600275],[-83.490702,37.600284],[-83.490815,37.600281],[-83.490875,37.600273],[-83.490935,37.60026],[-83.490992,37.600245],[-83.491066,37.60022],[-83.491157,37.600194],[-83.491216,37.600187],[-83.491246,37.600189],[-83.491272,37.600198],[-83.491342,37.600243]]}},{"type":"Feature","properties":{"osm_id":16115553,"highway":"residential","name":"Nelson Trent Cemetery Road","alt_name":null,"official_name":null,"surface":null,"tracktype":null,"service":null,"access":null,"motor_vehicle":null,"foot":null,"tiger_reviewed":"no","rrgh_part":0,"rrgh_tile_part":0},"geometry":{"type":"LineString","coordinates":[[-83.48870849999999,37.6],[-83.488698,37.600003],[-83.488617,37.600018],[-83.488366,37.600045],[-83.488299,37.600067],[-83.488208,37.600111],[-83.488133,37.600137]]}},{"type":"Feature","properties":{"osm_id":16113425,"highway":"residential","name":"Lucas Drive","alt_name":null,"official_name":null,"surface":null,"tracktype":null,"service":null,"access":null,"motor_vehicle":null,"foot":null,"tiger_reviewed":"no","rrgh_part":0,"rrgh_tile_part":0},"geometry":{"type":"LineString","coordinates":[[-83.489926,37.604605],[-83.489926,37.604678],[-83.489925,37.604725],[-83.489905,37.604782],[-83.489842,37.604881],[-83.489053,37.605662],[-83.488959,37.605776],[-83.488908,37.605875],[-83.488862,37.60598],[-83.48883,37.606066],[-83.488821,37.606166],[-83.488839,37.606353],[-83.488843,37.60643],[-83.488839,37.60654],[-83.488842,37.60667],[-83.488815,37.606765],[-83.488752,37.606855],[-83.488665,37.606916],[-83.488537,37.60697],[-83.488476,37.606976],[-83.488407,37.606975],[-83.488334,37.606964],[-83.488107,37.606912],[-83.488014,37.606897],[-83.487941,37.606895],[-83.487868,37.606915],[-83.4878,37.606956],[-83.487723,37.60701],[-83.487643,37.607074],[-83.487581,37.607153],[-83.487495,37.607294],[-83.487438,37.607438],[-83.487367,37.607715],[-83.487372,37.607799],[-83.487388,37.607885],[-83.487516,37.608092],[-83.487573,37.608164],[-83.487649,37.608243],[-83.487729,37.608301],[-83.48781,37.608335],[-83.488168,37.608454],[-83.48846,37.608543],[-83.488728,37.608616],[-83.488777,37.608633],[-83.488898,37.608666],[-83.489031,37.608709]]}},{"type":"Feature","properties":{"osm_id":16105978,"highway":"service","name":null,"alt_name":null,"official_name":null,"surface":null,"tracktype":null,"service":null,"access":"private","motor_vehicle":null,"foot":null,"tiger_reviewed":"no","rrgh_part":0,"rrgh_tile_part":0},"geometry":{"type":"LineString","coordinates":[[-83.470536,37.600883],[-83.47101167614534,37.6]]}},{"type":"Feature","properties":{"osm_id":16105972,"highway":"residential","name":null,"alt_name":null,"official_name":null,"surface":null,"tracktype":null,"service":null,"access":null,"motor_vehicle":null,"foot":null,"tiger_reviewed":"no","rrgh_part":0,"rrgh_tile_part":0},"geometry":{"type":"LineString","coordinates":[[-83.478417,37.603115],[-83.478444,37.603153],[-83.478536,37.603264],[-83.478629,37.603346],[-83.478696,37.603393],[-83.478867,37.603496],[-83.479048,37.60362],[-83.47927,37.60378],[-83.479377,37.60387],[-83.47942,37.603922],[-83.47945,37.603971],[-83.479465,37.604021],[-83.479471,37.604071],[-83.479471,37.604118],[-83.479464,37.604161],[-83.479473,37.604281],[-83.479509,37.604354],[-83.479532,37.604383],[-83.479562,37.604405]]}},{"type":"Feature","properties":{"osm_id":16117107,"highway":"residential","name":"Banks Road","alt_name":null,"official_name":null,"surface":null,"tracktype":null,"service":null,"access":null,"motor_vehicle":null,"foot":null,"tiger_reviewed":"no","rrgh_part":0,"rrgh_tile_part":0},"geometry":{"type":"LineString","coordinates":[[-83.47204,37.602096],[-83.472043,37.602137],[-83.472046,37.602162],[-83.472044,37.602223],[-83.472034,37.602252],[-83.472025,37.60227],[-83.471968,37.602348],[-83.471932,37.60241],[-83.471877,37.602485],[-83.471831,37.602563],[-83.471481,37.602903],[-83.471444,37.602921],[-83.471409,37.602927],[-83.471378,37.602924]]}},{"type":"Feature","properties":{"osm_id":1339894591,"highway":"track","name":null,"alt_name":null,"official_name":null,"surface":null,"tracktype":null,"service":null,"access":null,"motor_vehicle":null,"foot":null,"tiger_reviewed":null,"rrgh_part":0,"rrgh_tile_part":0},"geometry":{"type":"LineString","coordinates":[[-83.505,37.621427841103575],[-83.5049004,37.6214967],[-83.5045122,37.621731],[-83.5041856,37.6218628],[-83.5033044,37.6221361],[-83.5025773,37.622468],[-83.5024479,37.6225802],[-83.5023801,37.6227559],[-83.5024047,37.6229707],[-83.5025004,37.6232265],[-83.5024817,37.6234741],[-83.5024817,37.6236101],[-83.5025729,37.6238183],[-83.5027714,37.6239925],[-83.5030182,37.6240392],[-83.5035332,37.624018],[-83.5037746,37.6240817],[-83.5040052,37.6241964],[-83.504134,37.6243324],[-83.5041394,37.6245575],[-83.5038604,37.6249994],[-83.5035815,37.6253521],[-83.5028304,37.6259001],[-83.5025354,37.6261083],[-83.502294,37.6264057],[-83.5022296,37.6266649],[-83.5020597,37.6271047],[-83.5018727,37.6273655],[-83.5017426,37.6275136],[-83.5015719,37.6276359],[-83.5013483,37.6278001],[-83.5011125,37.6281447],[-83.5008197,37.6287049],[-83.5008644,37.6290554],[-83.5009661,37.629416],[-83.501088,37.6298282],[-83.5011612,37.630163],[-83.5011653,37.6303755],[-83.5011043,37.6305108],[-83.5008441,37.6307265],[-83.5006937,37.6309551],[-83.5005961,37.6312159],[-83.5005392,37.6315475],[-83.5005026,37.6316892],[-83.5003359,37.6319628],[-83.5000961,37.632288],[-83.5000717,37.63242],[-83.5000879,37.6325263],[-83.5002058,37.6326905]]}},{"type":"Feature","properties":{"osm_id":1339894593,"highway":"track","name":null,"alt_name":null,"official_name":null,"surface":null,"tracktype":null,"service":null,"access":null,"motor_vehicle":null,"foot":null,"tiger_reviewed":null,"rrgh_part":0,"rrgh_tile_part":0},"geometry":{"type":"LineString","coordinates":[[-83.505,37.61711620225734],[-83.5036495,37.6171967],[-83.5031996,37.6171234],[-83.5026759,37.6173333],[-83.5018563,37.61747],[-83.5011353,37.617387],[-83.5007964,37.6172552],[-83.5005315,37.6172308],[-83.5001925,37.6173236],[-83.4998721,37.6172943],[-83.499601,37.6171332],[-83.4990895,37.6165524],[-83.4988184,37.6164108],[-83.4986828,37.616401],[-83.498387,37.6163083],[-83.4980666,37.6161277],[-83.497512,37.6159129],[-83.4963782,37.6155224],[-83.4960146,37.6154053],[-83.495704,37.615252]]}},{"type":"Feature","properties":{"osm_id":16383986,"highway":"residential","name":"Cave Branch Road","alt_name":null,"official_name":null,"surface":null,"tracktype":null,"service":null,"access":null,"motor_vehicle":null,"foot":null,"tiger_reviewed":"no","rrgh_part":0,"rrgh_tile_part":0},"geometry":{"type":"LineString","coordinates":[[-83.474983,37.633909],[-83.475039,37.633928],[-83.475093,37.633936],[-83.475195,37.633933],[-83.475291,37.633921],[-83.475349,37.633909],[-83.475407,37.633904],[-83.475648,37.633846],[-83.476026,37.63374],[-83.476364,37.633662],[-83.47643,37.633642],[-83.476493,37.633616],[-83.476612,37.633549],[-83.476671,37.63351],[-83.476725,37.633467],[-83.476773,37.633422],[-83.47681,37.633374],[-83.476839,37.633324],[-83.476872,37.633229],[-83.476879,37.633136],[-83.476873,37.633093],[-83.476839,37.632852],[-83.476833,37.632664],[-83.476832,37.632643],[-83.476846,37.632532],[-83.476889,37.63242],[-83.47692,37.632359],[-83.476958,37.632311],[-83.477029,37.632262],[-83.477155,37.632198],[-83.477453,37.632101],[-83.478026,37.631941],[-83.478664,37.631748],[-83.479027,37.631608],[-83.47936,37.631452],[-83.479436,37.631422],[-83.479592,37.631389],[-83.479943,37.631366],[-83.48063,37.631278],[-83.480815,37.631251],[-83.481542,37.631208],[-83.481835,37.631211],[-83.482191,37.631232],[-83.482355,37.631252],[-83.482549,37.631292],[-83.48268,37.631327],[-83.482834,37.631357],[-83.482991,37.631378],[-83.483145,37.63139],[-83.483446,37.631406],[-83.483684,37.631427],[-83.483881,37.63145],[-83.484123,37.631494],[-83.484289,37.631534],[-83.484372,37.631559],[-83.484512,37.631616],[-83.484588,37.631653],[-83.484657,37.631694],[-83.484722,37.631741],[-83.484845,37.63185],[-83.485358,37.632443],[-83.485511,37.632607],[-83.485566,37.632659],[-83.485664,37.632765],[-83.48612,37.633206],[-83.486256,37.633348],[-83.486538,37.63366],[-83.48658,37.633713],[-83.486615,37.633768],[-83.486639,37.633826],[-83.486653,37.633886],[-83.486655,37.634012],[-83.48664,37.634171],[-83.486619,37.634263],[-83.486572,37.634385],[-83.486536,37.634443],[-83.48644,37.63455],[-83.486383,37.634596],[-83.486324,37.634636],[-83.486196,37.634705],[-83.486129,37.634737],[-83.486003,37.634815],[-83.485948,37.63486],[-83.485855,37.634958],[-83.48561,37.635277],[-83.485493,37.635456],[-83.485416,37.635625],[-83.485406,37.635676],[-83.485411,37.635771],[-83.485428,37.635875],[-83.485433,37.636262],[-83.485399,37.636479],[-83.485296,37.636781],[-83.485289,37.636845],[-83.485292,37.636908],[-83.485325,37.637039],[-83.485319,37.637368],[-83.485229,37.637681],[-83.485159,37.638021],[-83.485139,37.638183],[-83.485118,37.638674],[-83.485125,37.638794],[-83.485149,37.638914],[-83.485166,37.638959],[-83.485224,37.639082],[-83.485321,37.639182],[-83.485384,37.63928],[-83.485427,37.639379],[-83.485488,37.63956],[-83.48552,37.639696],[-83.485528,37.639793],[-83.485528,37.639835],[-83.485519,37.639906],[-83.485502,37.639976],[-83.485398,37.640245],[-83.485348,37.640428],[-83.485319,37.640597],[-83.485295,37.640829],[-83.485268,37.641011],[-83.485231,37.641168],[-83.485207,37.641255],[-83.485185,37.641309],[-83.485111,37.641563],[-83.485093,37.641693],[-83.485092,37.64176],[-83.485097,37.641827],[-83.485126,37.641965],[-83.485213,37.642233],[-83.485238,37.642366],[-83.485243,37.642562],[-83.485237,37.642691],[-83.485213,37.642832],[-83.485179,37.64299],[-83.485154,37.643156],[-83.485137,37.643318],[-83.485129,37.643474],[-83.485133,37.643628],[-83.485152,37.643775],[-83.485282,37.644373],[-83.48531,37.644665],[-83.485341,37.645068],[-83.485396,37.645542],[-83.485407,37.645689],[-83.485401,37.645907],[-83.485375,37.646051],[-83.485376,37.64619],[-83.485389,37.646261],[-83.485431,37.646393],[-83.48549,37.646527],[-83.485565,37.64666],[-83.485653,37.646778],[-83.485703,37.646836],[-83.486073,37.647132],[-83.486207,37.647223],[-83.486349,37.647313],[-83.486474,37.647393],[-83.486533,37.64744],[-83.486586,37.647492],[-83.48663,37.647548],[-83.486661,37.647608],[-83.486678,37.647668],[-83.486684,37.64773],[-83.486681,37.647792],[-83.486649,37.64805],[-83.486641,37.648183],[-83.486647,37.64825],[-83.486661,37.648316],[-83.486729,37.648513],[-83.486746,37.648579],[-83.48675,37.648643],[-83.48674,37.648703],[-83.48671,37.648757],[-83.486666,37.648802],[-83.486617,37.648842],[-83.48652,37.648933],[-83.486476,37.648982],[-83.486439,37.649032],[-83.486396,37.649142],[-83.486397,37.649258],[-83.486408,37.649319],[-83.486432,37.649382],[-83.486509,37.649496],[-83.486647,37.649739],[-83.486667,37.649804],[-83.486691,37.649936],[-83.486707,37.650204],[-83.486727,37.650322],[-83.486747,37.650386],[-83.486775,37.650445],[-83.486846,37.650563],[-83.487036,37.650784],[-83.487231,37.651049],[-83.487321,37.651189],[-83.487421,37.651406],[-83.487456,37.651473],[-83.487676,37.652007],[-83.487736,37.652133],[-83.487881,37.652381],[-83.487971,37.652508],[-83.488123,37.652693],[-83.488285,37.652863],[-83.488384,37.652982],[-83.488579,37.653244],[-83.488693,37.653372],[-83.488755,37.653432],[-83.489027,37.653747],[-83.489256,37.65398],[-83.489659,37.654301],[-83.490016,37.654605],[-83.490307,37.654831],[-83.490451,37.654936],[-83.490917,37.655251],[-83.491069,37.655358],[-83.491334,37.655581],[-83.491442,37.655692],[-83.49155,37.655792],[-83.491611,37.655842],[-83.492026,37.656096],[-83.492158,37.656182],[-83.492409,37.656401],[-83.492504,37.656503],[-83.492592,37.656624],[-83.492644,37.65668],[-83.492695,37.656744],[-83.492759,37.656801],[-83.492908,37.6569],[-83.492977,37.656957],[-83.493127,37.657058],[-83.493261,37.657159],[-83.493432,37.657298],[-83.49349,37.657339],[-83.49355,37.657375],[-83.493614,37.657406],[-83.49376,37.657461],[-83.493988,37.657565],[-83.494337,37.657772],[-83.494564,37.657885],[-83.494638,37.657918],[-83.4951,37.658094],[-83.495324,37.658194],[-83.49546,37.658274],[-83.495523,37.65832],[-83.495638,37.658416],[-83.495699,37.658457],[-83.496003,37.658621],[-83.496246,37.658779],[-83.49633,37.658842],[-83.496417,37.658915],[-83.496538,37.659027],[-83.496579,37.659073],[-83.496678,37.659149],[-83.496782,37.659215],[-83.496846,37.659247],[-83.496921,37.659268],[-83.496976,37.659312],[-83.497241,37.6595],[-83.497332,37.65956],[-83.497538,37.659679],[-83.497631,37.659739],[-83.497677,37.659761],[-83.497725,37.659775],[-83.497775,37.659778],[-83.497825,37.65977],[-83.498079,37.659683],[-83.498192,37.659655],[-83.498249,37.659649],[-83.49831,37.65965],[-83.498369,37.659663],[-83.498472,37.659716],[-83.4989,37.660032],[-83.49899,37.660108],[-83.499109,37.66023],[-83.499174,37.660319],[-83.499256,37.660454],[-83.499269,37.660498],[-83.499288,37.660542],[-83.499298,37.660586],[-83.499299,37.660633],[-83.49927,37.660782],[-83.499268,37.660831],[-83.499273,37.660882],[-83.499319,37.66097],[-83.499382,37.661048],[-83.499422,37.661085],[-83.499514,37.661157],[-83.499619,37.661228],[-83.499829,37.661356],[-83.500076,37.661496],[-83.500203,37.661576],[-83.500327,37.661645],[-83.500494,37.661754],[-83.500527,37.661804],[-83.500575,37.66191],[-83.500658,37.662062],[-83.500719,37.66214],[-83.500843,37.662387],[-83.500931,37.662538],[-83.501133,37.662803],[-83.501178,37.662856],[-83.501316,37.663079],[-83.501398,37.663183],[-83.501456,37.663237],[-83.501515,37.663269],[-83.501572,37.66332],[-83.501717,37.663481],[-83.501815,37.66357],[-83.501859,37.663619],[-83.501968,37.663763],[-83.502003,37.663858],[-83.502013,37.663903],[-83.502023,37.664042],[-83.502033,37.664091],[-83.502051,37.664138],[-83.502084,37.664189],[-83.50213,37.664232],[-83.502184,37.664268],[-83.502241,37.664294],[-83.502296,37.664312],[-83.502402,37.664332],[-83.502499,37.66436],[-83.50254,37.66438],[-83.502579,37.664405],[-83.502696,37.664506],[-83.502779,37.664591],[-83.502862,37.664685],[-83.503185,37.665074],[-83.503502,37.665508],[-83.503609,37.665665],[-83.503629,37.66572],[-83.503637,37.665846],[-83.503611,37.665954],[-83.5036,37.666051],[-83.503602,37.666094],[-83.503622,37.66613],[-83.503656,37.666154],[-83.503718,37.666165],[-83.503825,37.666151],[-83.503937,37.666116],[-83.503998,37.666102],[-83.504058,37.666097],[-83.504176,37.666104],[-83.504235,37.666119],[-83.50429,37.666141],[-83.504397,37.666203],[-83.504558,37.666322],[-83.504709,37.666441],[-83.504723,37.666456],[-83.50479,37.666496],[-83.504864,37.666523],[-83.505,37.666557684563756]]}},{"type":"Feature","properties":{"osm_id":16106691,"highway":"service","name":null,"alt_name":null,"official_name":null,"surface":null,"tracktype":null,"service":null,"access":"private","motor_vehicle":null,"foot":null,"tiger_reviewed":"no","rrgh_part":0,"rrgh_tile_part":0},"geometry":{"type":"LineString","coordinates":[[-83.495704,37.615252],[-83.495592,37.61519],[-83.495511,37.615139],[-83.495348,37.615023],[-83.495197,37.614903],[-83.495172,37.614871],[-83.495152,37.61484],[-83.495119,37.614743],[-83.495049,37.614591],[-83.494972,37.614359],[-83.494958,37.614331],[-83.494939,37.614306],[-83.494914,37.614283],[-83.494885,37.614265],[-83.494835,37.61424],[-83.494657,37.614163],[-83.49445,37.614061],[-83.494399,37.614019],[-83.494358,37.613969],[-83.494324,37.613909],[-83.494302,37.613852],[-83.494285,37.613791],[-83.494277,37.613728],[-83.494276,37.613661],[-83.494301,37.613439],[-83.494304,37.613351],[-83.494318,37.613289],[-83.494386,37.61311],[-83.494416,37.613051],[-83.49447,37.612929],[-83.494512,37.612737],[-83.494532,37.612668],[-83.494582,37.612522],[-83.494621,37.612439],[-83.494637,37.612379],[-83.494667,37.612316],[-83.494703,37.61226],[-83.494741,37.612211],[-83.494783,37.612171],[-83.494818,37.612127],[-83.494903,37.611978],[-83.494934,37.61193],[-83.495054,37.611764],[-83.495075,37.611729],[-83.495093,37.611688],[-83.495104,37.61164],[-83.495105,37.611605],[-83.495101,37.611573],[-83.495091,37.611558],[-83.495077,37.611543],[-83.49506,37.611534],[-83.495041,37.611527],[-83.494992,37.61152],[-83.49497,37.611523],[-83.494949,37.61153],[-83.494915,37.611553],[-83.49488,37.611584],[-83.494735,37.611745],[-83.494492,37.612006],[-83.494229,37.612316],[-83.494134,37.612438],[-83.494048,37.612574],[-83.494016,37.612612],[-83.49393,37.612762],[-83.493865,37.612903],[-83.493804,37.613054],[-83.493776,37.613174],[-83.493753,37.613233],[-83.493674,37.613387],[-83.49366,37.6134],[-83.493645,37.613404],[-83.493496,37.613396],[-83.493396,37.613382],[-83.493328,37.613376],[-83.49329,37.613369],[-83.493261,37.613356],[-83.493238,37.613336],[-83.49319,37.613223],[-83.493168,37.613162],[-83.493139,37.613103],[-83.493105,37.613052],[-83.493048,37.61295],[-83.493013,37.612895],[-83.492982,37.612831],[-83.492943,37.612714],[-83.492847,37.612552],[-83.492717,37.612218],[-83.492663,37.612116],[-83.49263,37.612065],[-83.492603,37.612012],[-83.492572,37.611966],[-83.492535,37.611925],[-83.492314,37.611633],[-83.492162,37.611466],[-83.491937,37.611234],[-83.49189,37.61119],[-83.491107,37.610695],[-83.491015,37.610645],[-83.49098,37.610617],[-83.490956,37.610585],[-83.490943,37.610551],[-83.490947,37.610506],[-83.490961,37.610471],[-83.490978,37.610406],[-83.490986,37.610344],[-83.490984,37.610285],[-83.490959,37.610178],[-83.490953,37.609997],[-83.490964,37.609936],[-83.490974,37.609847],[-83.491025,37.609555],[-83.491037,37.609464],[-83.491033,37.609401],[-83.490998,37.609302],[-83.49095,37.609192],[-83.490804,37.609007],[-83.490722,37.608917],[-83.490685,37.60887],[-83.490657,37.608825],[-83.49064,37.608784],[-83.49063,37.608745]]}},{"type":"Feature","properties":{"osm_id":16117170,"highway":"residential","name":"War Creek Road","alt_name":null,"official_name":null,"surface":null,"tracktype":null,"service":null,"access":null,"motor_vehicle":null,"foot":null,"tiger_reviewed":"no","rrgh_part":0,"rrgh_tile_part":0},"geometry":{"type":"LineString","coordinates":[[-83.492089,37.609006],[-83.492155,37.609022],[-83.492341,37.609057],[-83.492459,37.609094],[-83.492661,37.609168],[-83.492727,37.609199],[-83.492966,37.609336],[-83.49313,37.609412],[-83.493285,37.609472],[-83.493336,37.609488],[-83.49342,37.609508],[-83.493602,37.60954],[-83.493726,37.609554],[-83.493792,37.609568],[-83.493855,37.609586],[-83.493911,37.609607],[-83.493955,37.60963],[-83.493993,37.609656],[-83.494023,37.609683],[-83.494046,37.609712],[-83.494072,37.609755],[-83.494072,37.609832],[-83.494054,37.60991],[-83.493992,37.610337],[-83.493972,37.610387],[-83.49394,37.610431],[-83.493897,37.610465],[-83.493828,37.610535],[-83.493751,37.610626],[-83.493723,37.610666]]}},{"type":"Feature","properties":{"osm_id":16384216,"highway":"residential","name":"Turnip Road","alt_name":null,"official_name":null,"surface":null,"tracktype":null,"service":null,"access":null,"motor_vehicle":null,"foot":null,"tiger_reviewed":"no","rrgh_part":0,"rrgh_tile_part":0},"geometry":{"type":"LineString","coordinates":[[-83.494467,37.629861],[-83.494305,37.62977],[-83.494043,37.629663],[-83.493911,37.629602],[-83.493728,37.629497],[-83.493591,37.629429],[-83.493438,37.629376],[-83.493246,37.629327],[-83.493075,37.629297],[-83.492933,37.629282],[-83.492785,37.629279],[-83.492645,37.629292],[-83.492461,37.629323],[-83.492202,37.629389],[-83.492075,37.62944],[-83.491918,37.629515],[-83.491861,37.629556],[-83.491786,37.629634],[-83.4915614,37.629952],[-83.491524,37.630005],[-83.491241,37.630469],[-83.49118,37.630601],[-83.491117,37.63072],[-83.491035,37.630835],[-83.490763,37.631145],[-83.490635,37.631308],[-83.490539,37.631406],[-83.490359,37.63154],[-83.490222,37.631652],[-83.490067,37.63181],[-83.489952,37.631954],[-83.489885,37.632058],[-83.48984,37.632151],[-83.489795,37.632295],[-83.489736,37.632459],[-83.489693,37.632513],[-83.489644,37.632562],[-83.489503,37.632671],[-83.489372,37.632745],[-83.489265,37.632789],[-83.489107,37.63283],[-83.488988,37.632852],[-83.488859,37.632854],[-83.48865,37.632837],[-83.488469,37.632828],[-83.488407,37.632833],[-83.488331,37.632849],[-83.488305,37.632858],[-83.488157,37.632892],[-83.488069,37.632926],[-83.488013,37.632936],[-83.487877,37.632928],[-83.487788,37.632927],[-83.487685,37.632946],[-83.487591,37.632981],[-83.487538,37.633012],[-83.487499,37.633045],[-83.487448,37.633112],[-83.487369,37.63325],[-83.487335,37.633282],[-83.487313,37.633293],[-83.487289,37.633299],[-83.487003,37.633322],[-83.486749,37.633333],[-83.486638,37.633332],[-83.486558,37.633326],[-83.48647,37.633307],[-83.486395,37.633298],[-83.486351,37.633304],[-83.486256,37.633348]]}},{"type":"Feature","properties":{"osm_id":16110098,"highway":"residential","name":"Shelton Drive","alt_name":null,"official_name":null,"surface":null,"tracktype":null,"service":null,"access":null,"motor_vehicle":null,"foot":null,"tiger_reviewed":"no","rrgh_part":0,"rrgh_tile_part":0},"geometry":{"type":"LineString","coordinates":[[-83.490998,37.609302],[-83.490949,37.609294],[-83.490909,37.609287],[-83.490881,37.609276],[-83.490849,37.609255],[-83.490774,37.609195],[-83.490727,37.609162],[-83.490673,37.609133],[-83.490615,37.609108],[-83.490552,37.609091],[-83.490487,37.609085],[-83.490415,37.609095],[-83.490343,37.609119],[-83.490275,37.609158],[-83.490206,37.609209],[-83.49014,37.609265],[-83.490077,37.609322],[-83.489855,37.609537],[-83.489795,37.60958],[-83.489733,37.609619],[-83.489668,37.609648],[-83.489547,37.609684],[-83.4895,37.609706],[-83.489462,37.609735],[-83.489397,37.60982]]}},{"type":"Feature","properties":{"osm_id":16108781,"highway":"residential","name":"Holly Creek Rose Bend Road","alt_name":null,"official_name":null,"surface":null,"tracktype":null,"service":null,"access":null,"motor_vehicle":null,"foot":null,"tiger_reviewed":"no","rrgh_part":0,"rrgh_tile_part":0},"geometry":{"type":"LineString","coordinates":[[-83.4899155,37.6171071],[-83.490017,37.617555],[-83.490068,37.6177],[-83.4901,37.617771],[-83.490136,37.617838],[-83.490214,37.617959],[-83.490244,37.618027],[-83.490269,37.618098],[-83.49029,37.618165],[-83.490301,37.61823],[-83.490299,37.618297],[-83.490288,37.61836],[-83.490256,37.618482],[-83.490187,37.618686],[-83.490154,37.618799],[-83.49014,37.618862],[-83.490081,37.619045],[-83.490038,37.619241],[-83.489987,37.619446],[-83.489893,37.619717],[-83.489829,37.619862],[-83.489754,37.620006],[-83.489663,37.620149],[-83.489612,37.620216],[-83.48951,37.620362],[-83.489363,37.620578],[-83.489319,37.620648],[-83.489212,37.620839],[-83.489127,37.621016],[-83.489065,37.621158],[-83.489016,37.621296],[-83.488976,37.621441],[-83.488944,37.621705],[-83.488939,37.62202]]}},{"type":"Feature","properties":{"osm_id":16109730,"highway":"residential","name":"Lucas Family Cemetery Road","alt_name":null,"official_name":null,"surface":null,"tracktype":null,"service":null,"access":null,"motor_vehicle":null,"foot":null,"tiger_reviewed":"no","rrgh_part":0,"rrgh_tile_part":0},"geometry":{"type":"LineString","coordinates":[[-83.488777,37.608633],[-83.488459,37.608824],[-83.488376,37.608877],[-83.488329,37.6089],[-83.488282,37.608918],[-83.488234,37.608928],[-83.488179,37.608938],[-83.487988,37.608952],[-83.487715,37.608981],[-83.48718,37.609084],[-83.485928,37.609569]]}},{"type":"Feature","properties":{"osm_id":1182192630,"highway":"residential","name":"Holly Creek Rose Bend Road","alt_name":null,"official_name":null,"surface":null,"tracktype":null,"service":null,"access":null,"motor_vehicle":null,"foot":null,"tiger_reviewed":"no","rrgh_part":0,"rrgh_tile_part":0},"geometry":{"type":"LineString","coordinates":[[-83.490287,37.613349],[-83.490284,37.613461],[-83.490305,37.613558],[-83.490352,37.613845],[-83.490358,37.613889],[-83.490353,37.613934],[-83.490339,37.613981],[-83.490318,37.61403],[-83.490293,37.614078],[-83.490236,37.614173],[-83.490212,37.61422],[-83.490195,37.61427],[-83.490171,37.614426],[-83.490147,37.614538],[-83.490119,37.61465],[-83.490058,37.614861],[-83.489988,37.615299],[-83.489969,37.615396],[-83.489913,37.6156],[-83.489892,37.615707],[-83.489886,37.615804],[-83.489888,37.616052],[-83.489878,37.61618],[-83.489838,37.616493],[-83.489831,37.616619],[-83.489832,37.616686],[-83.489837,37.616756],[-83.489861,37.616898],[-83.4899155,37.6171071]]}},{"type":"Feature","properties":{"osm_id":16105741,"highway":"service","name":null,"alt_name":null,"official_name":null,"surface":null,"tracktype":null,"service":null,"access":"private","motor_vehicle":null,"foot":null,"tiger_reviewed":"no","rrgh_part":0,"rrgh_tile_part":0},"geometry":{"type":"LineString","coordinates":[[-83.467658,37.620496],[-83.467661,37.620508],[-83.467665,37.620536],[-83.467565,37.620914],[-83.467542,37.621397],[-83.467857,37.62188],[-83.46841,37.622312],[-83.46842,37.622827],[-83.468013,37.623298],[-83.467621,37.623833],[-83.467704,37.624567],[-83.467729,37.624925],[-83.467675,37.625097]]}},{"type":"Feature","properties":{"osm_id":16105940,"highway":"residential","name":null,"alt_name":null,"official_name":null,"surface":null,"tracktype":null,"service":null,"access":null,"motor_vehicle":null,"foot":null,"tiger_reviewed":"no","rrgh_part":0,"rrgh_tile_part":0},"geometry":{"type":"LineString","coordinates":[[-83.473227,37.621304],[-83.473211,37.621288],[-83.473183,37.62127],[-83.473158,37.621262],[-83.473086,37.621251],[-83.473041,37.621248],[-83.472939,37.62125],[-83.472884,37.621255],[-83.472708,37.62128],[-83.472467,37.621323],[-83.472293,37.621367],[-83.472179,37.621408],[-83.472127,37.62143],[-83.472036,37.621478],[-83.471949,37.621536],[-83.471804,37.621663],[-83.471761,37.621713],[-83.47173,37.621765],[-83.471714,37.62182],[-83.471707,37.621874],[-83.471711,37.621929],[-83.471761,37.622131],[-83.471771,37.622188],[-83.471776,37.622242],[-83.471764,37.622288],[-83.471737,37.622334],[-83.471697,37.622361],[-83.471644,37.622369],[-83.471591,37.622359],[-83.47154,37.622333],[-83.471495,37.622301],[-83.471336,37.622177],[-83.471278,37.622136],[-83.470998,37.621959],[-83.470918,37.621891],[-83.470883,37.621855],[-83.470821,37.621771],[-83.470793,37.621724],[-83.470742,37.621623],[-83.470697,37.621514],[-83.470515,37.621042],[-83.470495,37.620999],[-83.470436,37.620896]]}},{"type":"Feature","properties":{"osm_id":16107272,"highway":"residential","name":"Cedar Road","alt_name":null,"official_name":null,"surface":null,"tracktype":null,"service":null,"access":null,"motor_vehicle":null,"foot":null,"tiger_reviewed":"no","rrgh_part":0,"rrgh_tile_part":0},"geometry":{"type":"LineString","coordinates":[[-83.473711,37.619381],[-83.473667,37.619055],[-83.473552,37.618618],[-83.472925,37.618694]]}},{"type":"Feature","properties":{"osm_id":16112547,"highway":"residential","name":"George Griffith Road","alt_name":null,"official_name":null,"surface":null,"tracktype":null,"service":null,"access":null,"motor_vehicle":null,"foot":null,"tiger_reviewed":"no","rrgh_part":0,"rrgh_tile_part":0},"geometry":{"type":"LineString","coordinates":[[-83.464953,37.623062],[-83.465293,37.623319],[-83.465607,37.623331],[-83.465891,37.623159],[-83.466032,37.622967],[-83.466082,37.622722],[-83.466221,37.622202],[-83.466562,37.62159],[-83.466522,37.621108],[-83.466511,37.621018],[-83.466501,37.62099],[-83.466487,37.620963],[-83.466467,37.62094],[-83.466444,37.620921],[-83.466415,37.620909],[-83.466381,37.620902],[-83.466271,37.620905],[-83.466241,37.620903],[-83.466215,37.620895],[-83.466193,37.620881],[-83.46618,37.62086],[-83.466173,37.620834],[-83.466172,37.620801],[-83.466178,37.620763],[-83.466194,37.620724],[-83.46622,37.620686],[-83.466256,37.62065],[-83.466301,37.620623],[-83.466352,37.620607],[-83.466404,37.620604],[-83.466456,37.620609],[-83.466509,37.620624],[-83.466619,37.620668],[-83.466679,37.620677],[-83.466727,37.620674],[-83.466783,37.620659],[-83.466824,37.620638],[-83.466884,37.620596],[-83.466942,37.620576],[-83.466982,37.620572],[-83.467077,37.620579],[-83.467131,37.620586],[-83.467192,37.620588],[-83.467257,37.620585],[-83.467324,37.620576],[-83.467397,37.620561],[-83.467658,37.620496],[-83.468127,37.620381],[-83.468533,37.620289],[-83.468803,37.620224],[-83.468953,37.620179],[-83.469149,37.620101],[-83.469198,37.62009],[-83.469245,37.620086],[-83.469396,37.620101],[-83.469462,37.620088],[-83.469525,37.620062],[-83.469641,37.619995],[-83.469701,37.619966],[-83.46977,37.619946],[-83.469844,37.619929],[-83.470319,37.619851],[-83.470719,37.619775],[-83.471047,37.619701],[-83.471296,37.619637],[-83.47138,37.619625],[-83.471635,37.619599],[-83.471801,37.619575],[-83.471969,37.619547],[-83.472056,37.619537],[-83.472323,37.619492],[-83.472576,37.619439],[-83.472939,37.619375],[-83.473067,37.619347],[-83.473127,37.619338],[-83.473365,37.619322],[-83.473512,37.61932],[-83.473554,37.619326],[-83.473589,37.619338],[-83.473616,37.619355],[-83.473636,37.619379],[-83.47365,37.619408],[-83.473669,37.619487],[-83.473676,37.619536],[-83.473678,37.619639],[-83.473663,37.619742],[-83.47362,37.619936],[-83.473613,37.619985],[-83.473613,37.620256],[-83.47359,37.62039],[-83.473542,37.620572],[-83.47351,37.620659],[-83.47349,37.620699],[-83.473441,37.62077],[-83.473345,37.620873],[-83.473315,37.620916],[-83.473281,37.620956],[-83.473228,37.621042],[-83.47321,37.621086],[-83.473198,37.621128],[-83.473194,37.621167],[-83.473195,37.621202],[-83.4732,37.621231],[-83.473227,37.621304],[-83.473306,37.621397],[-83.473337,37.621445],[-83.473367,37.621503],[-83.473394,37.621568],[-83.473418,37.621639],[-83.473436,37.621715],[-83.473452,37.621793],[-83.473462,37.621874],[-83.473471,37.622051],[-83.473475,37.622243],[-83.47348,37.622336],[-83.47349,37.622426],[-83.473522,37.622597],[-83.473599,37.622893],[-83.473714,37.623215],[-83.473767,37.623389],[-83.473799,37.623481],[-83.473845,37.623572],[-83.473951,37.623751],[-83.473996,37.623842],[-83.474179,37.624289],[-83.474217,37.624374],[-83.4743,37.624531],[-83.47435,37.624604],[-83.474406,37.624671],[-83.474471,37.624733],[-83.474544,37.624791],[-83.474623,37.624844],[-83.474795,37.624952],[-83.475032,37.625095],[-83.475105,37.62515],[-83.475312,37.625324],[-83.475501,37.625475],[-83.475811,37.625712],[-83.4760455,37.6258876]]}},{"type":"Feature","properties":{"osm_id":16104656,"highway":"service","name":null,"alt_name":null,"official_name":null,"surface":null,"tracktype":null,"service":null,"access":"private","motor_vehicle":null,"foot":null,"tiger_reviewed":"no","rrgh_part":0,"rrgh_tile_part":0},"geometry":{"type":"LineString","coordinates":[[-83.473636,37.619379],[-83.473711,37.619381],[-83.473842,37.619378],[-83.473884,37.619379],[-83.475689,37.61912],[-83.477248,37.618852],[-83.478001,37.618689]]}},{"type":"Feature","properties":{"osm_id":16383989,"highway":"service","name":null,"alt_name":null,"official_name":null,"surface":null,"tracktype":null,"service":null,"access":null,"motor_vehicle":null,"foot":null,"tiger_reviewed":"no","rrgh_part":0,"rrgh_tile_part":0},"geometry":{"type":"LineString","coordinates":[[-83.476873,37.633093],[-83.47697,37.633117],[-83.477538,37.633573],[-83.477825,37.633573],[-83.478228,37.633459],[-83.478659,37.633207],[-83.479407,37.633184],[-83.479925,37.633344],[-83.480505,37.634128],[-83.48114,37.635676],[-83.481267,37.636168],[-83.481656,37.638308]]}},{"type":"Feature","properties":{"osm_id":16384155,"highway":"residential","name":"Rose Bend Road","alt_name":null,"official_name":null,"surface":null,"tracktype":null,"service":null,"access":null,"motor_vehicle":null,"foot":null,"tiger_reviewed":"no","rrgh_part":0,"rrgh_tile_part":0},"geometry":{"type":"LineString","coordinates":[[-83.488939,37.62202],[-83.488959,37.622217],[-83.488979,37.622272],[-83.489033,37.622463],[-83.4891,37.622673],[-83.489111,37.622772],[-83.489107,37.622825],[-83.489081,37.622992],[-83.489063,37.623058],[-83.488945,37.623403],[-83.488931,37.623472],[-83.488923,37.623542],[-83.488923,37.623754],[-83.488945,37.624029],[-83.488946,37.624238],[-83.488927,37.624378],[-83.488909,37.624448],[-83.488854,37.624588],[-83.488815,37.624658],[-83.488728,37.624797],[-83.488517,37.625052],[-83.488419,37.625177],[-83.488382,37.625244],[-83.48836,37.625315],[-83.488352,37.625388],[-83.488354,37.625465],[-83.488393,37.625829],[-83.488405,37.626022],[-83.488405,37.626196],[-83.488396,37.626274],[-83.488374,37.626347],[-83.488339,37.626415],[-83.488294,37.626481],[-83.488244,37.626542],[-83.48819,37.626599],[-83.488133,37.626651],[-83.488071,37.626693],[-83.488005,37.626726],[-83.487935,37.626751],[-83.487858,37.626768],[-83.48772,37.6267821],[-83.487427,37.626812],[-83.487246,37.626847],[-83.487063,37.626899],[-83.486977,37.62693],[-83.486815,37.626999],[-83.486279,37.627266],[-83.485808,37.627494],[-83.48561,37.627576],[-83.485537,37.627599],[-83.485461,37.627614],[-83.485382,37.627619],[-83.485303,37.627613],[-83.485225,37.627596],[-83.48515,37.627574],[-83.484964,37.627497],[-83.484908,37.627479],[-83.484853,37.627468],[-83.4848,37.627465],[-83.484751,37.627469],[-83.484633,37.627497],[-83.484391,37.62761],[-83.484088,37.627793],[-83.483524,37.628366],[-83.483433,37.628442],[-83.483257,37.628579],[-83.482907,37.628816],[-83.482685,37.628959],[-83.482537,37.629042],[-83.482377,37.629116],[-83.48229,37.629149],[-83.481901,37.629261],[-83.48116,37.6294528],[-83.481055,37.62948],[-83.480325,37.629646],[-83.479891,37.629751],[-83.479274,37.629929],[-83.478995,37.630001],[-83.478761,37.630037],[-83.478642,37.630043],[-83.478596,37.630039],[-83.478486,37.630021]]}},{"type":"Feature","properties":{"osm_id":16384264,"highway":"residential","name":"Tom Henson Road","alt_name":null,"official_name":null,"surface":null,"tracktype":null,"service":null,"access":null,"motor_vehicle":null,"foot":null,"tiger_reviewed":"no","rrgh_part":0,"rrgh_tile_part":0},"geometry":{"type":"LineString","coordinates":[[-83.488331,37.632849],[-83.488487,37.633031],[-83.488566,37.633177],[-83.488612,37.633341],[-83.488621,37.633499],[-83.488593,37.633842],[-83.488593,37.633982],[-83.488572,37.634038],[-83.488509,37.634136],[-83.488332,37.634325],[-83.488273,37.634408],[-83.488248,37.634463],[-83.488237,37.634508]]}},{"type":"Feature","properties":{"osm_id":1525655476,"highway":"service","name":"June Bug Lane","alt_name":null,"official_name":null,"surface":null,"tracktype":null,"service":null,"access":null,"motor_vehicle":null,"foot":null,"tiger_reviewed":null,"rrgh_part":0,"rrgh_tile_part":0},"geometry":{"type":"LineString","coordinates":[[-83.48772,37.6267821],[-83.4882614,37.627269],[-83.4883954,37.6272775],[-83.4888779,37.6271543],[-83.4890494,37.6271543],[-83.4896552,37.6276426]]}},{"type":"Feature","properties":{"osm_id":444464675,"highway":"residential","name":"Ty Blake Drive","alt_name":null,"official_name":null,"surface":null,"tracktype":null,"service":null,"access":null,"motor_vehicle":null,"foot":null,"tiger_reviewed":null,"rrgh_part":0,"rrgh_tile_part":0},"geometry":{"type":"LineString","coordinates":[[-83.4725305,37.6258289],[-83.4725077,37.6257131],[-83.4725144,37.6256132],[-83.4725546,37.6254603],[-83.4727383,37.6252871],[-83.4727678,37.6252425],[-83.4727652,37.6251937],[-83.472729,37.6251533],[-83.4725519,37.625011],[-83.4724809,37.6249398],[-83.4723829,37.6247826],[-83.4723239,37.6246148],[-83.4722247,37.6243768],[-83.4721617,37.6241612],[-83.4721268,37.6239498],[-83.4720906,37.6237937],[-83.4719994,37.6236407],[-83.4719364,37.6234867],[-83.4719203,37.6234113],[-83.4719122,37.6232987],[-83.4718988,37.6230151],[-83.4718626,37.6228494],[-83.4718398,37.6227665],[-83.4718452,37.6226614],[-83.4718881,37.6225084],[-83.4718814,37.6224298],[-83.471771,37.622188]]}},{"type":"Feature","properties":{"osm_id":16383290,"highway":"residential","name":"Pence Bridge","alt_name":null,"official_name":null,"surface":null,"tracktype":null,"service":null,"access":null,"motor_vehicle":null,"foot":null,"tiger_reviewed":"no","rrgh_part":0,"rrgh_tile_part":0},"geometry":{"type":"LineString","coordinates":[[-83.470242,37.6337],[-83.470336,37.633787],[-83.470411,37.633857],[-83.470674,37.634137],[-83.470853,37.634313],[-83.470912,37.634358],[-83.470977,37.634397],[-83.471045,37.634427],[-83.471114,37.634449],[-83.471241,37.634482],[-83.471364,37.634505],[-83.472177,37.634614],[-83.472667,37.634668],[-83.472911,37.634682],[-83.473065,37.634686],[-83.473329,37.634682],[-83.473632,37.634672],[-83.473995,37.634639],[-83.474099,37.63464],[-83.474146,37.634647],[-83.474299,37.634686]]}},{"type":"Feature","properties":{"osm_id":16382281,"highway":"service","name":null,"alt_name":null,"official_name":null,"surface":null,"tracktype":null,"service":null,"access":"private","motor_vehicle":null,"foot":null,"tiger_reviewed":"no","rrgh_part":0,"rrgh_tile_part":0},"geometry":{"type":"LineString","coordinates":[[-83.476833,37.632664],[-83.476683,37.632671],[-83.476679,37.632587]]}},{"type":"Feature","properties":{"osm_id":16381531,"highway":"service","name":null,"alt_name":null,"official_name":null,"surface":null,"tracktype":null,"service":null,"access":"private","motor_vehicle":null,"foot":null,"tiger_reviewed":"no","rrgh_part":0,"rrgh_tile_part":0},"geometry":{"type":"LineString","coordinates":[[-83.470336,37.633787],[-83.470295,37.633601],[-83.470236,37.632926],[-83.470616,37.632399]]}},{"type":"Feature","properties":{"osm_id":16105212,"highway":"residential","name":null,"alt_name":null,"official_name":null,"surface":null,"tracktype":null,"service":null,"access":null,"motor_vehicle":null,"foot":null,"tiger_reviewed":"no","rrgh_part":0,"rrgh_tile_part":0},"geometry":{"type":"LineString","coordinates":[[-83.502555,37.644502],[-83.502642,37.644304],[-83.502702,37.643136],[-83.502646,37.642849],[-83.502158,37.642391],[-83.500867,37.641458],[-83.500626,37.641107],[-83.500555,37.64071],[-83.500529,37.639695],[-83.500147,37.639322],[-83.499692,37.638952],[-83.499363,37.638248],[-83.499306,37.637652],[-83.499421,37.637234],[-83.500153,37.636071],[-83.50061,37.635659],[-83.500855,37.635575],[-83.501274,37.635634],[-83.502299,37.635716],[-83.502969,37.636191],[-83.504763,37.637064],[-83.505,37.63722631026059]]}},{"type":"Feature","properties":{"osm_id":16382099,"highway":"residential","name":null,"alt_name":null,"official_name":null,"surface":null,"tracktype":null,"service":null,"access":null,"motor_vehicle":null,"foot":null,"tiger_reviewed":"no","rrgh_part":0,"rrgh_tile_part":0},"geometry":{"type":"LineString","coordinates":[[-83.492282,37.64103],[-83.492566,37.641054],[-83.493184,37.6412118],[-83.4937679,37.6412515],[-83.4945236,37.6411573],[-83.4955421,37.6411027],[-83.4958522,37.6408639],[-83.4959366,37.6406855],[-83.4960244,37.6403575]]}},{"type":"Feature","properties":{"osm_id":16384837,"highway":"track","name":null,"alt_name":null,"official_name":null,"surface":null,"tracktype":null,"service":null,"access":null,"motor_vehicle":null,"foot":null,"tiger_reviewed":"no","rrgh_part":0,"rrgh_tile_part":0},"geometry":{"type":"LineString","coordinates":[[-83.486349,37.647313],[-83.486498,37.647232],[-83.486516,37.647217],[-83.486547,37.647079],[-83.48681,37.646916],[-83.4871682,37.6466276],[-83.48824,37.647041],[-83.491717,37.647724],[-83.494665,37.648112],[-83.495542,37.64838],[-83.496769,37.648827]]}},{"type":"Feature","properties":{"osm_id":16381334,"highway":"service","name":"Dickey Road","alt_name":null,"official_name":null,"surface":null,"tracktype":null,"service":null,"access":"private","motor_vehicle":null,"foot":null,"tiger_reviewed":"no","rrgh_part":0,"rrgh_tile_part":0},"geometry":{"type":"LineString","coordinates":[[-83.48664,37.634171],[-83.486653,37.634191],[-83.486664,37.634227],[-83.486675,37.63433],[-83.486649,37.634624],[-83.486655,37.634744],[-83.48668,37.634964],[-83.486683,37.635079],[-83.486709,37.635389],[-83.486705,37.635628],[-83.486714,37.635696],[-83.486737,37.635755],[-83.486863,37.635945],[-83.486948,37.636106],[-83.487019,37.636266],[-83.487041,37.636344],[-83.487065,37.636387]]}},{"type":"Feature","properties":{"osm_id":16381545,"highway":"service","name":null,"alt_name":null,"official_name":null,"surface":null,"tracktype":null,"service":null,"access":"private","motor_vehicle":null,"foot":null,"tiger_reviewed":"no","rrgh_part":0,"rrgh_tile_part":0},"geometry":{"type":"LineString","coordinates":[[-83.485231,37.641168],[-83.485205,37.641098],[-83.485179,37.640999],[-83.48518,37.640686],[-83.485173,37.640609],[-83.485179,37.64057],[-83.485177,37.640517]]}},{"type":"Feature","properties":{"osm_id":16383692,"highway":"residential","name":"Tom Rose Branch Road","alt_name":null,"official_name":null,"surface":null,"tracktype":null,"service":null,"access":null,"motor_vehicle":null,"foot":null,"tiger_reviewed":"no","rrgh_part":0,"rrgh_tile_part":0},"geometry":{"type":"LineString","coordinates":[[-83.485528,37.639793],[-83.485646,37.639803],[-83.486095,37.639864],[-83.486393,37.639926],[-83.4867551,37.6400172],[-83.486921,37.640059],[-83.48789,37.640319],[-83.488059,37.640368],[-83.488362,37.640473],[-83.488804,37.640576],[-83.489048,37.640658],[-83.489483,37.640829],[-83.489895,37.640964],[-83.49008,37.641017],[-83.490207,37.641048],[-83.490517,37.6411],[-83.490648,37.641089],[-83.490768,37.641063],[-83.490948,37.641014],[-83.491127,37.640985],[-83.491303,37.640974],[-83.491483,37.640973],[-83.491836,37.64099],[-83.492282,37.64103]]}},{"type":"Feature","properties":{"osm_id":1525655477,"highway":"service","name":"Copperhead Lane","alt_name":null,"official_name":null,"surface":null,"tracktype":null,"service":null,"access":null,"motor_vehicle":null,"foot":null,"tiger_reviewed":null,"rrgh_part":0,"rrgh_tile_part":0},"geometry":{"type":"LineString","coordinates":[[-83.4867551,37.6400172],[-83.4864173,37.6410302],[-83.4863316,37.6415017],[-83.4864066,37.6422025],[-83.4865299,37.6425508]]}},{"type":"Feature","properties":{"osm_id":16381373,"highway":"residential","name":null,"alt_name":null,"official_name":null,"surface":null,"tracktype":null,"service":null,"access":null,"motor_vehicle":null,"foot":null,"tiger_reviewed":"no","rrgh_part":0,"rrgh_tile_part":0},"geometry":{"type":"LineString","coordinates":[[-83.474932,37.644165],[-83.474845,37.644351],[-83.474848,37.64476],[-83.47405,37.645248],[-83.472593,37.646713],[-83.47228,37.64687],[-83.47181,37.646872],[-83.471467,37.646869],[-83.470953,37.647206]]}},{"type":"Feature","properties":{"osm_id":16383472,"highway":"residential","name":"Pence Branch Road","alt_name":null,"official_name":null,"surface":null,"tracktype":null,"service":null,"access":null,"motor_vehicle":null,"foot":null,"tiger_reviewed":"no","rrgh_part":0,"rrgh_tile_part":0},"geometry":{"type":"LineString","coordinates":[[-83.474049,37.635411],[-83.473746,37.63539],[-83.473659,37.635396],[-83.473565,37.635412],[-83.47321,37.63552],[-83.473152,37.635529],[-83.473024,37.635531],[-83.472895,37.635505],[-83.472773,37.635475],[-83.472712,37.635467],[-83.472589,37.635476],[-83.472465,37.635504],[-83.471949,37.635576],[-83.471715,37.635601],[-83.471634,37.635614],[-83.471504,37.635661],[-83.471298,37.635721],[-83.471039,37.635755],[-83.470758,37.635745],[-83.470591,37.635761],[-83.470455,37.635781],[-83.469921,37.635828],[-83.469781,37.635848],[-83.469441,37.635911],[-83.468867,37.63606],[-83.468732,37.636092],[-83.468389,37.6362],[-83.468093,37.636305],[-83.467786,37.63639],[-83.46763,37.636441],[-83.467397,37.636497],[-83.467238,37.63654],[-83.467098,37.636592],[-83.466679,37.63672],[-83.4666,37.636739],[-83.46655,37.63676],[-83.465973,37.636893],[-83.465595,37.637009],[-83.465348,37.63707],[-83.465115,37.637148],[-83.464529,37.637388],[-83.464306,37.637471],[-83.463922,37.637623],[-83.463855,37.637646],[-83.463642,37.637697],[-83.463574,37.637709],[-83.463432,37.637742],[-83.463154,37.637769],[-83.462999,37.63779],[-83.462699,37.637856],[-83.462624,37.637868],[-83.462549,37.637873],[-83.462477,37.637872],[-83.462414,37.637863],[-83.462244,37.637827],[-83.462049,37.637795],[-83.461902,37.637779],[-83.46167,37.63777],[-83.461513,37.637788],[-83.461362,37.637827],[-83.461075,37.637927],[-83.460949,37.637966],[-83.460628,37.63805],[-83.460351,37.638134],[-83.460205,37.63816],[-83.459984,37.638184],[-83.459732,37.638197],[-83.45954,37.638228],[-83.45943,37.638265],[-83.459375,37.63829],[-83.459164,37.63842],[-83.459033,37.638522],[-83.458997,37.63856],[-83.45888,37.638659],[-83.458845,37.638695],[-83.458787,37.638788],[-83.458715,37.638938],[-83.458653,37.639035],[-83.458569,37.639112],[-83.458523,37.639142],[-83.458474,37.639166],[-83.458369,37.639202],[-83.458312,37.639214],[-83.458257,37.639231],[-83.458158,37.639286],[-83.457852,37.639515],[-83.457613,37.639752],[-83.457301,37.64005],[-83.45714,37.64022],[-83.457004,37.640334],[-83.456869,37.64043],[-83.456825,37.640451],[-83.456745,37.640469],[-83.456693,37.64046],[-83.45665,37.64044],[-83.456521,37.640343],[-83.456422,37.64029],[-83.456396,37.640283],[-83.45638,37.640285]]}},{"type":"Feature","properties":{"osm_id":16381370,"highway":"residential","name":null,"alt_name":null,"official_name":null,"surface":null,"tracktype":null,"service":null,"access":null,"motor_vehicle":null,"foot":null,"tiger_reviewed":"no","rrgh_part":0,"rrgh_tile_part":0},"geometry":{"type":"LineString","coordinates":[[-83.474034,37.64304],[-83.474183,37.642688],[-83.47409,37.642074],[-83.474279,37.642077],[-83.474436,37.642039],[-83.474937,37.642039],[-83.475298,37.641805],[-83.475766,37.641371],[-83.476064,37.641161],[-83.476365,37.640992]]}},{"type":"Feature","properties":{"osm_id":16384081,"highway":"residential","name":"County Road 1174","alt_name":null,"official_name":null,"surface":null,"tracktype":null,"service":null,"access":null,"motor_vehicle":null,"foot":null,"tiger_reviewed":"no","rrgh_part":0,"rrgh_tile_part":0},"geometry":{"type":"LineString","coordinates":[[-83.475228,37.649211],[-83.475178,37.649137],[-83.475152,37.649113],[-83.475085,37.649079],[-83.475047,37.649081],[-83.47501,37.649091],[-83.474974,37.649114],[-83.474834,37.649226],[-83.474729,37.649352],[-83.474655,37.64943],[-83.474476,37.649584],[-83.474418,37.649644],[-83.474396,37.649678],[-83.474386,37.649706],[-83.474347,37.649898]]}},{"type":"Feature","properties":{"osm_id":16384274,"highway":"residential","name":"Bethany Link Road","alt_name":null,"official_name":null,"surface":null,"tracktype":null,"service":null,"access":null,"motor_vehicle":null,"foot":null,"tiger_reviewed":"no","rrgh_part":0,"rrgh_tile_part":0},"geometry":{"type":"LineString","coordinates":[[-83.474708,37.650313],[-83.47457,37.650275],[-83.474479,37.650255],[-83.474363,37.650221],[-83.47422,37.650192]]}},{"type":"Feature","properties":{"osm_id":16384275,"highway":"residential","name":"Bethany Link Road","alt_name":null,"official_name":null,"surface":null,"tracktype":null,"service":null,"access":null,"motor_vehicle":null,"foot":null,"tiger_reviewed":"no","rrgh_part":0,"rrgh_tile_part":0},"geometry":{"type":"LineString","coordinates":[[-83.47422,37.650192],[-83.474237,37.650116],[-83.474267,37.650042],[-83.474339,37.64993],[-83.474347,37.649898]]}},{"type":"Feature","properties":{"osm_id":16385186,"highway":"residential","name":"County Road 1052","alt_name":null,"official_name":null,"surface":null,"tracktype":null,"service":null,"access":null,"motor_vehicle":null,"foot":null,"tiger_reviewed":"no","rrgh_part":0,"rrgh_tile_part":0},"geometry":{"type":"LineString","coordinates":[[-83.474479,37.650255],[-83.474434,37.650295],[-83.474327,37.650414],[-83.474242,37.650535],[-83.474151,37.6507],[-83.474122,37.650735],[-83.47409,37.650752],[-83.47403,37.650762],[-83.474007,37.650758],[-83.473987,37.650748],[-83.473952,37.650712],[-83.47394,37.650678],[-83.473961,37.65062],[-83.474002,37.65055],[-83.474108,37.650407],[-83.474212,37.650223],[-83.47422,37.650192]]}},{"type":"Feature","properties":{"osm_id":16385187,"highway":"residential","name":"County Road 1052","alt_name":null,"official_name":null,"surface":null,"tracktype":null,"service":null,"access":null,"motor_vehicle":null,"foot":null,"tiger_reviewed":"no","rrgh_part":0,"rrgh_tile_part":0},"geometry":{"type":"LineString","coordinates":[[-83.474347,37.649898],[-83.47438,37.649887],[-83.474448,37.649856],[-83.474792,37.64957],[-83.47491,37.649481],[-83.474966,37.649434],[-83.475026,37.649392],[-83.475182,37.649258],[-83.475228,37.649211],[-83.475271,37.649163],[-83.475366,37.649026],[-83.475403,37.648958],[-83.475497,37.648825],[-83.475563,37.648743],[-83.475641,37.648668],[-83.475672,37.648655],[-83.475772,37.648637]]}},{"type":"Feature","properties":{"osm_id":16381017,"highway":"residential","name":"Bethany Bird Holler","alt_name":null,"official_name":null,"surface":null,"tracktype":null,"service":null,"access":null,"motor_vehicle":null,"foot":null,"tiger_reviewed":"no","rrgh_part":0,"rrgh_tile_part":0},"geometry":{"type":"LineString","coordinates":[[-83.4734774,37.6513265],[-83.4732951,37.6515911],[-83.4730551,37.6517081],[-83.4725941,37.6517281],[-83.4708291,37.6518301],[-83.4703171,37.6520271],[-83.4700061,37.6521541],[-83.4698111,37.6521811],[-83.4697371,37.6521111],[-83.4697211,37.6517021]]}},{"type":"Feature","properties":{"osm_id":16383883,"highway":"residential","name":"Mattie Graham Road","alt_name":null,"official_name":null,"surface":null,"tracktype":null,"service":null,"access":null,"motor_vehicle":null,"foot":null,"tiger_reviewed":"no","rrgh_part":0,"rrgh_tile_part":0},"geometry":{"type":"LineString","coordinates":[[-83.475666,37.658552],[-83.475576,37.658585],[-83.475522,37.658593],[-83.475458,37.658589],[-83.475381,37.65857],[-83.475247,37.658515],[-83.474949,37.658362],[-83.474789,37.6583],[-83.474679,37.65827],[-83.47452,37.658245],[-83.474412,37.658237],[-83.474299,37.658236],[-83.474187,37.658249],[-83.47408,37.658271],[-83.474024,37.658287],[-83.473888,37.658346],[-83.473759,37.658422],[-83.473682,37.658477],[-83.473612,37.658542],[-83.473409,37.658772],[-83.473136,37.659026],[-83.473054,37.659123],[-83.473,37.659211],[-83.472952,37.659259],[-83.472885,37.659305],[-83.472823,37.659335],[-83.472665,37.659384],[-83.472456,37.659438],[-83.472367,37.65947],[-83.472277,37.659511],[-83.472143,37.659588],[-83.471962,37.659717],[-83.471373,37.660155],[-83.471245,37.660279],[-83.471015,37.660526],[-83.470835,37.660737],[-83.470717,37.660858],[-83.470596,37.661011],[-83.470541,37.661099],[-83.470421,37.661355],[-83.470299,37.661578],[-83.470228,37.661744],[-83.470159,37.661924],[-83.470066,37.662121],[-83.469906,37.662439],[-83.469847,37.66259],[-83.469795,37.662781],[-83.469766,37.662938],[-83.469768,37.663],[-83.469781,37.663025]]}},{"type":"Feature","properties":{"osm_id":16384039,"highway":"residential","name":"County Road 1171","alt_name":null,"official_name":null,"surface":null,"tracktype":null,"service":null,"access":null,"motor_vehicle":null,"foot":null,"tiger_reviewed":"no","rrgh_part":0,"rrgh_tile_part":0},"geometry":{"type":"LineString","coordinates":[[-83.473952,37.650712],[-83.47391,37.650727],[-83.473749,37.650761],[-83.473628,37.650782],[-83.473338,37.650812],[-83.472898,37.650845],[-83.472697,37.650872],[-83.472258,37.65095],[-83.472094,37.650961],[-83.472011,37.650957],[-83.471822,37.650917]]}},{"type":"Feature","properties":{"osm_id":16384273,"highway":"residential","name":"Bethany Link Road","alt_name":null,"official_name":null,"surface":null,"tracktype":null,"service":null,"access":null,"motor_vehicle":null,"foot":null,"tiger_reviewed":"no","rrgh_part":0,"rrgh_tile_part":0},"geometry":{"type":"LineString","coordinates":[[-83.474347,37.649898],[-83.474266,37.64993],[-83.473611,37.650255],[-83.473476,37.650309],[-83.473362,37.650349],[-83.47304,37.650472],[-83.472948,37.650502],[-83.472592,37.650604],[-83.472495,37.650641],[-83.471975,37.650816],[-83.471837,37.650903],[-83.471822,37.650917],[-83.471792,37.650952],[-83.471762,37.650999],[-83.471729,37.651087]]}},{"type":"Feature","properties":{"osm_id":16384994,"highway":"residential","name":"Spring Branch Road","alt_name":null,"official_name":null,"surface":null,"tracktype":null,"service":null,"access":null,"motor_vehicle":null,"foot":null,"tiger_reviewed":"no","rrgh_part":0,"rrgh_tile_part":0},"geometry":{"type":"LineString","coordinates":[[-83.46746,37.665125],[-83.467357,37.665114],[-83.467254,37.665097],[-83.467132,37.665065],[-83.466985,37.66504],[-83.46666,37.665007],[-83.466307,37.664991],[-83.465251,37.664989],[-83.465026,37.665],[-83.464917,37.665009],[-83.464809,37.665024],[-83.464482,37.665094],[-83.464274,37.665151],[-83.464074,37.665216],[-83.46373,37.665349],[-83.463646,37.665368],[-83.463561,37.665382],[-83.463477,37.665384],[-83.463395,37.665372],[-83.46332,37.665349],[-83.463113,37.665256],[-83.462956,37.66521],[-83.462557,37.665117],[-83.462488,37.665097],[-83.462352,37.665047],[-83.462085,37.664968],[-83.462,37.664948],[-83.461908,37.664935],[-83.46181,37.664932],[-83.461716,37.664943],[-83.461504,37.664956],[-83.461399,37.664968],[-83.461186,37.664981],[-83.460974,37.665006],[-83.46087,37.665014],[-83.460771,37.665017],[-83.460676,37.665013],[-83.460586,37.665],[-83.460501,37.66498],[-83.460419,37.664951],[-83.460343,37.664912],[-83.460266,37.664866],[-83.460181,37.664822],[-83.460083,37.664784],[-83.459132,37.664514],[-83.459039,37.664491],[-83.45895,37.664475],[-83.458863,37.664468],[-83.458605,37.664476],[-83.458517,37.664465],[-83.458432,37.664439],[-83.458357,37.664401],[-83.458298,37.664351],[-83.458247,37.664298],[-83.458217,37.664237],[-83.4582,37.664172],[-83.458134,37.663983],[-83.458066,37.663934],[-83.457993,37.66389],[-83.457908,37.66386],[-83.457809,37.663846],[-83.457714,37.663842],[-83.457031,37.663879],[-83.456916,37.66389],[-83.456803,37.663907],[-83.456244,37.66402],[-83.456132,37.664038],[-83.45571,37.66409],[-83.455235,37.664167],[-83.455135,37.664174],[-83.455033,37.664174],[-83.454931,37.664166],[-83.454633,37.66411],[-83.454535,37.664096],[-83.454432,37.664092],[-83.454225,37.664107],[-83.453717,37.6642],[-83.453069,37.664288],[-83.45286,37.664305],[-83.452753,37.664307],[-83.452646,37.664299],[-83.45244,37.664264],[-83.452166,37.664201],[-83.451988,37.664172],[-83.451632,37.664136],[-83.451546,37.664124],[-83.45146,37.664107],[-83.451377,37.664085],[-83.451298,37.664057],[-83.45115,37.663988],[-83.451071,37.663963],[-83.450982,37.663953],[-83.450886,37.663958],[-83.450786,37.663977],[-83.450685,37.664006],[-83.450585,37.66404],[-83.449779,37.664377],[-83.449684,37.664423],[-83.449506,37.664517],[-83.449349,37.664614],[-83.449272,37.664656],[-83.449056,37.664758],[-83.448987,37.664786],[-83.448858,37.66482],[-83.4488,37.66483],[-83.448685,37.664837],[-83.448382,37.664831],[-83.448042,37.66482],[-83.44789,37.664834],[-83.447809,37.66485],[-83.447585,37.664918],[-83.447324,37.664974],[-83.447231,37.664989],[-83.446734,37.665034],[-83.446653,37.665047],[-83.446631,37.665054],[-83.446503,37.665125],[-83.446451,37.665179],[-83.446403,37.665237],[-83.446279,37.665537],[-83.44612,37.665955],[-83.44604,37.666118],[-83.445822,37.666506],[-83.445618,37.666899],[-83.445497,37.667144],[-83.445426,37.667309],[-83.445334,37.667459],[-83.445156,37.667669],[-83.445014,37.667806],[-83.444381,37.66836],[-83.444313,37.668426],[-83.444251,37.668494],[-83.444197,37.668561],[-83.444151,37.668628],[-83.444119,37.668701],[-83.444112,37.668776],[-83.444118,37.668851],[-83.444159,37.668997],[-83.444219,37.66914],[-83.444345,37.669408],[-83.444384,37.669534],[-83.444396,37.669597],[-83.444398,37.669662],[-83.44437,37.669946],[-83.444373,37.6701],[-83.444334,37.670639],[-83.44427,37.671159],[-83.444199,37.671462],[-83.444178,37.671606],[-83.444183,37.671654],[-83.444206,37.671769],[-83.444206,37.6719],[-83.444182,37.672153],[-83.44418,37.672214],[-83.444167,37.672278],[-83.444092,37.672473],[-83.444024,37.672603],[-83.443984,37.672668],[-83.443934,37.672737],[-83.443746,37.673065],[-83.443601,37.673332],[-83.443558,37.673393],[-83.443507,37.673449],[-83.443447,37.673498],[-83.443381,37.673538],[-83.443313,37.673573],[-83.443163,37.673629],[-83.442935,37.673699],[-83.4428,37.673758],[-83.442322,37.673982],[-83.441792,37.674276],[-83.441658,37.674358],[-83.441405,37.674536],[-83.441284,37.674631],[-83.440885,37.674962],[-83.44083222222223,37.675]]}},{"type":"Feature","properties":{"osm_id":16383560,"highway":"residential","name":"Whetstone Road","alt_name":null,"official_name":null,"surface":null,"tracktype":null,"service":null,"access":null,"motor_vehicle":null,"foot":null,"tiger_reviewed":"no","rrgh_part":0,"rrgh_tile_part":0},"geometry":{"type":"LineString","coordinates":[[-83.486026,37.668664],[-83.486304,37.668579],[-83.486374,37.668554],[-83.486518,37.668488],[-83.486662,37.668412],[-83.486792,37.66833],[-83.486905,37.66824],[-83.487008,37.668149],[-83.487064,37.668105],[-83.487127,37.668068],[-83.487195,37.668034],[-83.487266,37.668005],[-83.487423,37.66796],[-83.487595,37.667928],[-83.48787,37.667889],[-83.488133,37.667857],[-83.488348,37.667838],[-83.489064,37.667814],[-83.489988,37.667812],[-83.490361,37.667825],[-83.490491,37.667837],[-83.490615,37.667862],[-83.490678,37.667881],[-83.490739,37.667907],[-83.490797,37.667941],[-83.490849,37.667982],[-83.490989,37.668124],[-83.491042,37.668162],[-83.491099,37.668194],[-83.491166,37.668217],[-83.491319,37.668252],[-83.491753,37.668328],[-83.492249,37.668402],[-83.49241,37.668432],[-83.492489,37.668454],[-83.492788,37.668565],[-83.492931,37.668599],[-83.493082,37.668628],[-83.493148,37.668636],[-83.493427,37.668704],[-83.493787,37.668769],[-83.493963,37.668811],[-83.494043,37.668838],[-83.494116,37.668869],[-83.494247,37.66894],[-83.494363,37.669017],[-83.494501,37.669124],[-83.494627,37.669099],[-83.495071,37.668961],[-83.495618,37.66881],[-83.495764,37.66878],[-83.495838,37.668771],[-83.495982,37.668766],[-83.496214,37.668773],[-83.496292,37.668772],[-83.496442,37.668758],[-83.496841,37.668671],[-83.496978,37.668651],[-83.497124,37.668639],[-83.497275,37.668643],[-83.49735,37.668654],[-83.497496,37.668686],[-83.497645,37.668706],[-83.498096,37.668734],[-83.49825,37.668757],[-83.498325,37.668773],[-83.498397,37.668795],[-83.49874,37.668936],[-83.498824,37.668958],[-83.499054,37.669041],[-83.499307,37.669157],[-83.499445,37.669211],[-83.499585,37.669256],[-83.499787,37.66933],[-83.499856,37.669349],[-83.499924,37.669358],[-83.50019,37.669341],[-83.500249,37.669351],[-83.5003,37.669373],[-83.500388,37.669434],[-83.500456,37.669495],[-83.50053,37.669543],[-83.500574,37.669564],[-83.500817,37.669642],[-83.500968,37.669709],[-83.501162,37.669803],[-83.501399,37.669947],[-83.501441,37.669966],[-83.501487,37.669981],[-83.501582,37.669998],[-83.501759,37.670015],[-83.501863,37.670036],[-83.501941,37.670063],[-83.502112,37.670133],[-83.502195,37.670183],[-83.502291,37.67027],[-83.502338,37.670357],[-83.502443,37.670444],[-83.502514,37.670492],[-83.502763,37.670617],[-83.502884,37.670686],[-83.502975,37.670733],[-83.50307,37.670792],[-83.503113,37.670835],[-83.503169,37.670881],[-83.503336,37.671131],[-83.503385,37.671196],[-83.503494,37.67132],[-83.503552,37.671373],[-83.503611,37.671416],[-83.503666,37.67145],[-83.503756,37.671484],[-83.504009,37.671558],[-83.504033,37.671569],[-83.504049,37.671582]]}},{"type":"Feature","properties":{"osm_id":16384642,"highway":"residential","name":"Whetstone Branch Road","alt_name":null,"official_name":null,"surface":null,"tracktype":null,"service":null,"access":null,"motor_vehicle":null,"foot":null,"tiger_reviewed":"no","rrgh_part":0,"rrgh_tile_part":0},"geometry":{"type":"LineString","coordinates":[[-83.494501,37.669124],[-83.494578,37.66925],[-83.494616,37.669349],[-83.494651,37.669464],[-83.494721,37.669614],[-83.494788,37.669727],[-83.494946,37.66997],[-83.495044,37.670173],[-83.495143,37.670356],[-83.49518,37.670445],[-83.495206,37.670529],[-83.495246,37.670608],[-83.495276,37.670646],[-83.495506,37.670859],[-83.495887,37.671293],[-83.495972,37.671384],[-83.496013,37.671445],[-83.496186,37.671759],[-83.496271,37.67189],[-83.496336,37.671964],[-83.496551,37.672166],[-83.496648,37.672288],[-83.496681,37.672345],[-83.49674,37.672419],[-83.496777,37.672454],[-83.496813,37.672476],[-83.496904,37.672507],[-83.497025,37.672537],[-83.497129,37.672569],[-83.497205,37.672601],[-83.497278,37.672647],[-83.497543,37.672852],[-83.497732,37.672979],[-83.497825,37.673023],[-83.498046,37.673104],[-83.49812,37.673137],[-83.498192,37.673163],[-83.498445,37.673281],[-83.498716,37.673373]]}},{"type":"Feature","properties":{"osm_id":1525655469,"highway":"service","name":null,"alt_name":null,"official_name":null,"surface":null,"tracktype":null,"service":null,"access":null,"motor_vehicle":null,"foot":null,"tiger_reviewed":null,"rrgh_part":0,"rrgh_tile_part":0},"geometry":{"type":"LineString","coordinates":[[-83.4839609,37.6608794],[-83.4836124,37.6610025],[-83.4835374,37.6610619],[-83.4834516,37.6611638],[-83.48328,37.661485]]}},{"type":"Feature","properties":{"osm_id":16383564,"highway":"residential","name":"Hurricane Hollow Road","alt_name":null,"official_name":null,"surface":null,"tracktype":null,"service":null,"access":null,"motor_vehicle":null,"foot":null,"tiger_reviewed":"no","rrgh_part":0,"rrgh_tile_part":0},"geometry":{"type":"LineString","coordinates":[[-83.479708,37.66246],[-83.47984,37.662243],[-83.480003,37.661996],[-83.480041,37.661955],[-83.480095,37.661918],[-83.480142,37.661903],[-83.48019,37.661899],[-83.480227,37.661904],[-83.480265,37.661916],[-83.48034,37.661949],[-83.480527,37.662014],[-83.480637,37.662033],[-83.480768,37.662034],[-83.481034,37.662014],[-83.481452,37.662005],[-83.481491,37.662002],[-83.481565,37.661991],[-83.48167,37.661964],[-83.481764,37.661926],[-83.481902,37.661863],[-83.482048,37.661813],[-83.482291,37.661753],[-83.482622,37.661691],[-83.48276,37.661669],[-83.482818,37.661657],[-83.482982,37.661614],[-83.483123,37.66156],[-83.48328,37.661485]]}},{"type":"Feature","properties":{"osm_id":16385216,"highway":"residential","name":"Harvest Church Loop Road","alt_name":null,"official_name":null,"surface":null,"tracktype":null,"service":null,"access":null,"motor_vehicle":null,"foot":null,"tiger_reviewed":"no","rrgh_part":0,"rrgh_tile_part":0},"geometry":{"type":"LineString","coordinates":[[-83.48506,37.667441],[-83.484995,37.667475],[-83.484961,37.667488],[-83.484875,37.667502],[-83.48477,37.6675],[-83.484645,37.667485],[-83.484426,37.667442],[-83.48435,37.667422],[-83.484204,37.667361],[-83.483931,37.667219],[-83.483768,37.667142],[-83.483677,37.667085],[-83.483634,37.66705],[-83.483442,37.666841],[-83.483402,37.666804],[-83.483306,37.666735],[-83.48282,37.666453],[-83.482712,37.666378],[-83.482666,37.666337],[-83.482631,37.666294],[-83.482602,37.666244],[-83.48258,37.666192],[-83.482507,37.66597],[-83.482478,37.665916],[-83.482443,37.665863],[-83.482398,37.665815],[-83.482289,37.665725],[-83.481848,37.665402],[-83.481752,37.665315],[-83.481712,37.665264],[-83.481679,37.665212],[-83.481635,37.665099],[-83.481587,37.664928],[-83.481544,37.664817],[-83.481495,37.664707],[-83.481405,37.664476],[-83.481348,37.664374],[-83.481209,37.664223],[-83.481082,37.664103],[-83.480927,37.663986],[-83.480765,37.663885],[-83.480587,37.663742],[-83.48044,37.663615],[-83.480294,37.663466],[-83.480083,37.663204],[-83.479988,37.663123],[-83.47984,37.663014],[-83.479758,37.66294],[-83.479731,37.662901],[-83.479716,37.662862],[-83.479715,37.662821],[-83.479726,37.662783],[-83.479745,37.66275],[-83.479786,37.662704],[-83.479893,37.662631]]}},{"type":"Feature","properties":{"osm_id":16385227,"highway":"residential","name":"Hunting Fork Lane","alt_name":null,"official_name":null,"surface":null,"tracktype":null,"service":null,"access":null,"motor_vehicle":null,"foot":null,"tiger_reviewed":"no","rrgh_part":0,"rrgh_tile_part":0},"geometry":{"type":"LineString","coordinates":[[-83.484819,37.667183],[-83.484959,37.667142],[-83.485196,37.667065],[-83.485248,37.66704],[-83.485326,37.666988],[-83.485401,37.666927],[-83.485624,37.666703],[-83.485786,37.666565],[-83.48592,37.666466],[-83.48603,37.666401],[-83.486149,37.666346],[-83.486316,37.666286],[-83.486519,37.666225],[-83.486556,37.666219],[-83.487158,37.666056],[-83.48737,37.665973],[-83.487411,37.665948],[-83.487562,37.665887],[-83.487649,37.665858],[-83.488251,37.665706],[-83.488313,37.665699],[-83.488352,37.665706],[-83.48839,37.665725],[-83.488465,37.665831],[-83.48856,37.665935],[-83.488574,37.665959]]}},{"type":"Feature","properties":{"osm_id":1525655468,"highway":"residential","name":"Hurricane Hollow Road","alt_name":null,"official_name":null,"surface":null,"tracktype":null,"service":null,"access":null,"motor_vehicle":null,"foot":null,"tiger_reviewed":null,"rrgh_part":0,"rrgh_tile_part":0},"geometry":{"type":"LineString","coordinates":[[-83.48328,37.661485],[-83.4842826,37.6619619],[-83.4851512,37.6622039],[-83.4858536,37.6623779],[-83.4865667,37.6627006],[-83.4866686,37.6627473],[-83.4867383,37.6627388],[-83.4869581,37.662777],[-83.4875264,37.6627218],[-83.4876819,37.6626029],[-83.487698,37.6625393],[-83.4877516,37.6625265],[-83.4881109,37.6620553]]}},{"type":"Feature","properties":{"osm_id":16110043,"highway":"residential","name":"White Oak Creek Road","alt_name":null,"official_name":null,"surface":null,"tracktype":null,"service":null,"access":null,"motor_vehicle":null,"foot":null,"tiger_reviewed":"no","rrgh_part":0,"rrgh_tile_part":0},"geometry":{"type":"LineString","coordinates":[[-83.4396835,37.6065659],[-83.439714,37.606802],[-83.439726,37.606873],[-83.439743,37.606945],[-83.439762,37.607017],[-83.439787,37.607089],[-83.439819,37.607161],[-83.439859,37.607232],[-83.439957,37.607366],[-83.440001,37.607433],[-83.440036,37.607494],[-83.440055,37.607553],[-83.440064,37.607616],[-83.440062,37.607683],[-83.440049,37.607753],[-83.440017,37.607894],[-83.439991,37.607965],[-83.43995,37.608098],[-83.439919,37.60823],[-83.439898,37.608376],[-83.439893,37.608527],[-83.439896,37.608606],[-83.439904,37.608688],[-83.439913,37.608944],[-83.439905,37.609041],[-83.439904,37.609227],[-83.439891,37.609525],[-83.439874,37.609623],[-83.439786,37.609907],[-83.439745,37.610001],[-83.439718,37.610081],[-83.439627,37.610239],[-83.439576,37.610311],[-83.439521,37.610378],[-83.439408,37.610493],[-83.439366,37.610544],[-83.439338,37.610586],[-83.43932,37.61062],[-83.439185,37.610964],[-83.439125,37.611091],[-83.439062,37.61125],[-83.438973,37.611417],[-83.43892,37.611501],[-83.438837,37.611654],[-83.438813,37.61172],[-83.4388,37.611783],[-83.438798,37.611846],[-83.438793,37.611882],[-83.438745,37.612166],[-83.438727,37.612238],[-83.438648,37.612442],[-83.438614,37.612502],[-83.438395,37.612713],[-83.438183,37.61293],[-83.437814,37.613292],[-83.437695,37.613414],[-83.437645,37.613482],[-83.437594,37.613544],[-83.437467,37.613736],[-83.437375,37.61386],[-83.437323,37.613919],[-83.437257,37.613979],[-83.437033,37.614157],[-83.436961,37.61422],[-83.436908,37.61428],[-83.436811,37.614405],[-83.436753,37.614469],[-83.436624,37.614601],[-83.436576,37.614663],[-83.436521,37.614726],[-83.4364,37.614845],[-83.436273,37.614954],[-83.436184,37.615],[-83.436119,37.615048],[-83.435851,37.615228],[-83.435747,37.615315],[-83.435702,37.615359],[-83.435597,37.615441],[-83.43554,37.615475],[-83.435477,37.615502],[-83.435377,37.615567],[-83.435312,37.615649],[-83.435273,37.61569],[-83.435231,37.615761],[-83.435202,37.615823],[-83.435162,37.615931],[-83.435086,37.616047],[-83.434995,37.616201],[-83.434892,37.616357],[-83.434852,37.616412],[-83.434672,37.616577],[-83.434355,37.616937],[-83.434236,37.617065],[-83.434202,37.617112],[-83.43418,37.61716],[-83.434155,37.617263],[-83.434137,37.617319],[-83.434106,37.617372],[-83.434063,37.61742],[-83.433963,37.617513],[-83.433923,37.617563],[-83.433896,37.617618],[-83.433889,37.617674],[-83.433889,37.617726],[-83.433915,37.617785],[-83.433961,37.61784],[-83.434019,37.61793],[-83.43407,37.618022],[-83.434134,37.618163],[-83.434176,37.618267],[-83.434251,37.618478],[-83.434285,37.618562],[-83.434328,37.618653],[-83.434361,37.618741],[-83.434384,37.618832],[-83.434398,37.618922],[-83.434407,37.619011],[-83.434423,37.619268],[-83.434441,37.619441],[-83.43449,37.619774],[-83.434508,37.619855],[-83.434588,37.620078],[-83.434634,37.620227],[-83.434641,37.620306],[-83.434641,37.620455],[-83.434654,37.620603],[-83.434654,37.620676],[-83.434638,37.620746],[-83.434607,37.620815],[-83.434525,37.62095],[-83.434396,37.621146],[-83.434321,37.621271],[-83.434289,37.62133],[-83.434263,37.621387],[-83.434204,37.621557],[-83.434107,37.621886],[-83.434083,37.62201],[-83.434049,37.622136],[-83.434026,37.622199],[-83.433999,37.622256],[-83.433865,37.622495],[-83.433821,37.622607],[-83.433806,37.62267],[-83.433788,37.622804],[-83.433771,37.622878],[-83.433722,37.623015],[-83.43368,37.623078],[-83.433631,37.623135],[-83.433578,37.623187],[-83.433525,37.623233],[-83.433485,37.623281],[-83.433369,37.623445],[-83.433327,37.623495],[-83.433282,37.623538],[-83.433248,37.623576],[-83.43322,37.62361],[-83.433211,37.623626]]}},{"type":"Feature","properties":{"osm_id":16116480,"highway":"residential","name":"Mill Creek Lawson Road","alt_name":null,"official_name":null,"surface":null,"tracktype":null,"service":null,"access":null,"motor_vehicle":null,"foot":null,"tiger_reviewed":"no","rrgh_part":0,"rrgh_tile_part":0},"geometry":{"type":"LineString","coordinates":[[-83.45744879545455,37.6],[-83.457468,37.600025],[-83.457591,37.600162],[-83.457689,37.600295],[-83.457734,37.600371],[-83.45777,37.600425],[-83.457797,37.600493],[-83.45784,37.600607],[-83.457858,37.600815],[-83.457857,37.600947],[-83.457839,37.60109],[-83.457835,37.601169],[-83.457824,37.601216],[-83.457792,37.601452],[-83.457764,37.601582],[-83.457757,37.601646],[-83.457742,37.601703],[-83.457717,37.601857],[-83.457709,37.601895],[-83.457695,37.601935]]}},{"type":"Feature","properties":{"osm_id":16105690,"highway":"residential","name":null,"alt_name":null,"official_name":null,"surface":null,"tracktype":null,"service":null,"access":null,"motor_vehicle":null,"foot":null,"tiger_reviewed":"no","rrgh_part":0,"rrgh_tile_part":0},"geometry":{"type":"LineString","coordinates":[[-83.44524472500001,37.6],[-83.445525,37.600111],[-83.445599,37.600144],[-83.445777,37.600216],[-83.44596,37.600284],[-83.446153,37.60034],[-83.446459,37.600421],[-83.446569,37.600448],[-83.446793,37.600492],[-83.446902,37.600504],[-83.447012,37.600509],[-83.44712,37.600512],[-83.447319,37.600511],[-83.447425,37.600515],[-83.447525,37.600529],[-83.447718,37.600583],[-83.447918,37.600653],[-83.44824,37.600753],[-83.448286,37.600777],[-83.448314,37.600804],[-83.448358,37.600892]]}},{"type":"Feature","properties":{"osm_id":16107691,"highway":"residential","name":"Cemetery Lane","alt_name":null,"official_name":null,"surface":null,"tracktype":null,"service":null,"access":null,"motor_vehicle":null,"foot":null,"tiger_reviewed":"no","rrgh_part":0,"rrgh_tile_part":0},"geometry":{"type":"LineString","coordinates":[[-83.45969628954997,37.6],[-83.4596597,37.6000973],[-83.45959,37.6002352],[-83.459491,37.6003976]]}},{"type":"Feature","properties":{"osm_id":16107697,"highway":"residential","name":"Cemetery Lane","alt_name":null,"official_name":null,"surface":null,"tracktype":null,"service":null,"access":null,"motor_vehicle":null,"foot":null,"tiger_reviewed":"no","rrgh_part":0,"rrgh_tile_part":0},"geometry":{"type":"LineString","coordinates":[[-83.459279,37.600461],[-83.459215,37.600408],[-83.459183,37.600389],[-83.45914,37.600373],[-83.45909,37.600372],[-83.459035,37.600375],[-83.458912,37.600399],[-83.458846,37.600406],[-83.458636,37.600447],[-83.458502,37.600485],[-83.458381,37.600508],[-83.458278,37.600524],[-83.458228,37.600526],[-83.458177,37.600524],[-83.458032,37.600503],[-83.457957,37.600496],[-83.457797,37.600493]]}},{"type":"Feature","properties":{"osm_id":16116576,"highway":"residential","name":"Dawson Road","alt_name":null,"official_name":null,"surface":null,"tracktype":null,"service":null,"access":null,"motor_vehicle":null,"foot":null,"tiger_reviewed":"no","rrgh_part":0,"rrgh_tile_part":0},"geometry":{"type":"LineString","coordinates":[[-83.4561002,37.6004473],[-83.4560073,37.6006313],[-83.4558956,37.6008785]]}},{"type":"Feature","properties":{"osm_id":16116584,"highway":"residential","name":"Dawson Road","alt_name":null,"official_name":null,"surface":null,"tracktype":null,"service":null,"access":null,"motor_vehicle":null,"foot":null,"tiger_reviewed":"no","rrgh_part":0,"rrgh_tile_part":0},"geometry":{"type":"LineString","coordinates":[[-83.45596867857142,37.6],[-83.455987,37.600036],[-83.456009,37.60009],[-83.456054,37.600232],[-83.4561002,37.6004473]]}},{"type":"Feature","properties":{"osm_id":16117609,"highway":"residential","name":"Paulo Memorial Road","alt_name":null,"official_name":null,"surface":null,"tracktype":null,"service":null,"access":null,"motor_vehicle":null,"foot":null,"tiger_reviewed":"no","rrgh_part":0,"rrgh_tile_part":0},"geometry":{"type":"LineString","coordinates":[[-83.457734,37.600371],[-83.457705,37.600368],[-83.45747,37.600333],[-83.457322,37.600318],[-83.456886,37.600291],[-83.456798,37.600287],[-83.4565818,37.6003054],[-83.456446,37.60033],[-83.456289,37.600367],[-83.456226,37.600386],[-83.4561002,37.6004473]]}},{"type":"Feature","properties":{"osm_id":16105974,"highway":"residential","name":null,"alt_name":null,"official_name":null,"surface":null,"tracktype":null,"service":null,"access":null,"motor_vehicle":null,"foot":null,"tiger_reviewed":"no","rrgh_part":0,"rrgh_tile_part":0},"geometry":{"type":"LineString","coordinates":[[-83.459528,37.60212],[-83.459532,37.60203],[-83.459538,37.601878],[-83.459532,37.601799],[-83.459519,37.60171],[-83.45947,37.601423],[-83.45943,37.601222],[-83.459407,37.601123],[-83.45926,37.60058],[-83.459257,37.600528],[-83.459262,37.600496],[-83.459279,37.600461]]}},{"type":"Feature","properties":{"osm_id":16108256,"highway":"residential","name":"Alumni Road","alt_name":null,"official_name":null,"surface":null,"tracktype":null,"service":null,"access":null,"motor_vehicle":null,"foot":null,"tiger_reviewed":"no","rrgh_part":0,"rrgh_tile_part":0},"geometry":{"type":"LineString","coordinates":[[-83.457824,37.601216],[-83.4576305,37.6013492],[-83.4574479,37.6013883],[-83.4573206,37.6014712],[-83.4570887,37.6014663],[-83.4570087,37.6014078],[-83.4569204,37.6013037],[-83.4568794,37.6012061],[-83.4566701,37.6006533],[-83.4565818,37.6003054]]}},{"type":"Feature","properties":{"osm_id":16117529,"highway":"residential","name":"Dogwood Drive","alt_name":null,"official_name":null,"surface":null,"tracktype":null,"service":null,"access":null,"motor_vehicle":null,"foot":null,"tiger_reviewed":"no","rrgh_part":0,"rrgh_tile_part":0},"geometry":{"type":"LineString","coordinates":[[-83.459279,37.600461],[-83.459294,37.600443],[-83.45933,37.600416],[-83.459377,37.6004],[-83.459431,37.600394],[-83.459491,37.6003976],[-83.459788,37.600451],[-83.45991,37.600467],[-83.460147,37.600485],[-83.460373,37.600498],[-83.460479,37.600508],[-83.460579,37.600524],[-83.460694,37.600553],[-83.461107,37.600701],[-83.461232,37.600736],[-83.461366,37.600763],[-83.461507,37.600784],[-83.46165,37.600797],[-83.461787,37.600805],[-83.461913,37.600807],[-83.46203,37.600804],[-83.462604,37.600756],[-83.462724,37.600751],[-83.462846,37.60075],[-83.46297,37.600755],[-83.463332,37.600779],[-83.463553,37.600786],[-83.463874,37.600802],[-83.464311,37.600812],[-83.464423,37.600827],[-83.464738,37.600893],[-83.464945,37.600904],[-83.465051,37.600905],[-83.465273,37.600896],[-83.465622,37.600868],[-83.465838,37.600863],[-83.466139,37.600868],[-83.466393,37.600853],[-83.46662,37.600836]]}},{"type":"Feature","properties":{"osm_id":16104616,"highway":"residential","name":null,"alt_name":null,"official_name":null,"surface":null,"tracktype":null,"service":null,"access":null,"motor_vehicle":null,"foot":null,"tiger_reviewed":"no","rrgh_part":0,"rrgh_tile_part":0},"geometry":{"type":"LineString","coordinates":[[-83.462678,37.602668],[-83.462702,37.60272],[-83.462707,37.602742],[-83.462704,37.602769],[-83.462694,37.602795],[-83.462676,37.602818],[-83.46265,37.602838],[-83.462621,37.602852],[-83.4625,37.602881],[-83.46238,37.602922],[-83.462318,37.60295],[-83.462262,37.60298],[-83.462242,37.603002],[-83.462235,37.603028],[-83.462235,37.603057],[-83.462241,37.603086],[-83.462254,37.603113],[-83.462291,37.60317],[-83.462323,37.603235]]}},{"type":"Feature","properties":{"osm_id":16105493,"highway":"residential","name":null,"alt_name":null,"official_name":null,"surface":null,"tracktype":null,"service":null,"access":null,"motor_vehicle":null,"foot":null,"tiger_reviewed":"no","rrgh_part":0,"rrgh_tile_part":0},"geometry":{"type":"LineString","coordinates":[[-83.440297,37.604384],[-83.440355,37.604482],[-83.4404,37.604572],[-83.440465,37.604688],[-83.440484,37.604741],[-83.440513,37.604794],[-83.44054,37.604835],[-83.440564,37.604863],[-83.440595,37.604873],[-83.440635,37.604876],[-83.440681,37.604874],[-83.440731,37.604868],[-83.440947,37.604824],[-83.441007,37.604816],[-83.441074,37.604811],[-83.441249,37.604788],[-83.441346,37.604767],[-83.441476,37.604716],[-83.441566,37.60469]]}},{"type":"Feature","properties":{"osm_id":16110046,"highway":"residential","name":"White Oak Creek Road","alt_name":null,"official_name":null,"surface":null,"tracktype":null,"service":null,"access":null,"motor_vehicle":null,"foot":null,"tiger_reviewed":"no","rrgh_part":0,"rrgh_tile_part":0},"geometry":{"type":"LineString","coordinates":[[-83.440697,37.602591],[-83.440714,37.602637],[-83.440739,37.602739],[-83.440745,37.602837],[-83.440741,37.602893],[-83.440731,37.602957],[-83.440704,37.603087],[-83.440686,37.603152],[-83.440662,37.60322],[-83.440627,37.603287],[-83.440585,37.603353],[-83.440492,37.603484],[-83.440452,37.603553],[-83.440418,37.603624],[-83.440389,37.603697],[-83.440365,37.603772],[-83.440333,37.603935],[-83.44031,37.604117],[-83.440303,37.604212],[-83.440297,37.604384],[-83.440304,37.604494],[-83.440331,37.604675],[-83.440337,37.60478],[-83.440323,37.604874],[-83.44027,37.605042],[-83.440252,37.605125],[-83.44023,37.605296],[-83.440215,37.605385],[-83.440194,37.605478],[-83.440168,37.605567],[-83.440045,37.605901],[-83.439946,37.606219],[-83.439923,37.606267],[-83.439899,37.606307],[-83.439873,37.606345],[-83.439829,37.606397]]}},{"type":"Feature","properties":{"osm_id":16104500,"highway":"residential","name":null,"alt_name":null,"official_name":null,"surface":null,"tracktype":null,"service":null,"access":null,"motor_vehicle":null,"foot":null,"tiger_reviewed":"no","rrgh_part":0,"rrgh_tile_part":0},"geometry":{"type":"LineString","coordinates":[[-83.450849,37.602823],[-83.450806,37.602868],[-83.450772,37.602884],[-83.450732,37.602891],[-83.450556,37.602878],[-83.450476,37.602883],[-83.450302,37.602905],[-83.450109,37.602937],[-83.450011,37.602955],[-83.449912,37.602978],[-83.449558,37.60307],[-83.449321,37.603121],[-83.449083,37.603164],[-83.448786,37.603205]]}},{"type":"Feature","properties":{"osm_id":16105526,"highway":"residential","name":null,"alt_name":null,"official_name":null,"surface":null,"tracktype":null,"service":null,"access":null,"motor_vehicle":null,"foot":null,"tiger_reviewed":"no","rrgh_part":0,"rrgh_tile_part":0},"geometry":{"type":"LineString","coordinates":[[-83.446956,37.60225],[-83.446949,37.602349],[-83.44693,37.602574],[-83.446912,37.602691],[-83.446884,37.602812],[-83.446846,37.602936],[-83.446814,37.603068],[-83.446789,37.603214],[-83.44677,37.603362],[-83.446755,37.603432],[-83.446733,37.603493],[-83.446707,37.603543],[-83.446679,37.603586],[-83.446648,37.603622],[-83.446612,37.603653],[-83.446528,37.60371],[-83.446478,37.60374],[-83.446296,37.603839],[-83.446181,37.603913],[-83.446089,37.603996],[-83.446047,37.604042],[-83.446012,37.60409],[-83.445953,37.604199],[-83.44592,37.604252],[-83.44588,37.604301],[-83.445824,37.604338],[-83.445756,37.604355],[-83.445613,37.604348],[-83.445453,37.604332],[-83.44537,37.604329],[-83.4450238,37.6043356],[-83.4449568,37.6043244]]}},{"type":"Feature","properties":{"osm_id":16113146,"highway":"residential","name":"Cox Drive","alt_name":null,"official_name":null,"surface":null,"tracktype":null,"service":null,"access":null,"motor_vehicle":null,"foot":null,"tiger_reviewed":"no","rrgh_part":0,"rrgh_tile_part":0},"geometry":{"type":"LineString","coordinates":[[-83.4449568,37.6043244],[-83.444898,37.604247],[-83.444873,37.604204],[-83.444843,37.604111],[-83.444825,37.604067],[-83.444797,37.604035],[-83.444765,37.604018],[-83.444738,37.604016],[-83.444715,37.604022],[-83.444694,37.604035],[-83.444681,37.604056],[-83.444678,37.604086],[-83.444687,37.604119],[-83.444707,37.604156],[-83.444735,37.604191],[-83.444772,37.604225],[-83.444821,37.604258],[-83.4449568,37.6043244]]}},{"type":"Feature","properties":{"osm_id":16111629,"highway":"residential","name":"Arie Taulbee Cemetery Road","alt_name":null,"official_name":null,"surface":null,"tracktype":null,"service":null,"access":null,"motor_vehicle":null,"foot":null,"tiger_reviewed":"no","rrgh_part":0,"rrgh_tile_part":0},"geometry":{"type":"LineString","coordinates":[[-83.4289719375,37.6],[-83.428881,37.60003],[-83.428725,37.600065],[-83.428588,37.600082],[-83.428479,37.600086]]}},{"type":"Feature","properties":{"osm_id":16105492,"highway":"residential","name":null,"alt_name":null,"official_name":null,"surface":null,"tracktype":null,"service":null,"access":null,"motor_vehicle":null,"foot":null,"tiger_reviewed":"no","rrgh_part":0,"rrgh_tile_part":0},"geometry":{"type":"LineString","coordinates":[[-83.439829,37.606397],[-83.439807,37.606422],[-83.43977,37.606458],[-83.439739,37.606496],[-83.439718,37.606535],[-83.439713,37.606553],[-83.439692,37.60656],[-83.4396835,37.6065659],[-83.439652,37.606596],[-83.43964,37.606621],[-83.439619,37.606683],[-83.439616,37.606707],[-83.439626,37.606896],[-83.439641,37.607007],[-83.439656,37.607163],[-83.439648,37.607245],[-83.439632,37.607286],[-83.439603,37.607324],[-83.439566,37.607357],[-83.439523,37.607382],[-83.439441,37.607414],[-83.439346,37.607438],[-83.439331,37.607447],[-83.439322,37.607461],[-83.439316,37.607479],[-83.439309,37.607539],[-83.4393,37.607575],[-83.439282,37.607614],[-83.439259,37.607653],[-83.439232,37.60769],[-83.439203,37.607724],[-83.439166,37.607755],[-83.43907,37.607813],[-83.438897,37.607904],[-83.438783,37.607973],[-83.438615,37.608092],[-83.438352,37.608291],[-83.438307,37.608311],[-83.438206,37.608332],[-83.438113,37.608355]]}},{"type":"Feature","properties":{"osm_id":16116987,"highway":"residential","name":"Shoal Branch Road","alt_name":null,"official_name":null,"surface":null,"tracktype":null,"service":null,"access":null,"motor_vehicle":null,"foot":null,"tiger_reviewed":"no","rrgh_part":0,"rrgh_tile_part":0},"geometry":{"type":"LineString","coordinates":[[-83.426716,37.603437],[-83.426686,37.60351],[-83.426636,37.603601],[-83.426607,37.60364],[-83.426507,37.603758],[-83.426482,37.603794],[-83.426354,37.60394],[-83.426254,37.604047],[-83.426171,37.60415],[-83.426146,37.604194],[-83.426121,37.604223],[-83.426025,37.604361],[-83.425913,37.604584],[-83.425851,37.604728],[-83.425835,37.604779],[-83.425727,37.604996],[-83.425687,37.605064],[-83.425628,37.605181],[-83.425598,37.605259],[-83.42555,37.605411],[-83.425533,37.605548],[-83.425531,37.605677],[-83.425513,37.605886],[-83.425503,37.606192],[-83.425489,37.606407],[-83.425492,37.606543],[-83.425487,37.60694],[-83.425481,37.607026],[-83.425473,37.607284],[-83.425449,37.607437],[-83.425423,37.607511],[-83.425386,37.60764],[-83.42534,37.607754],[-83.425329,37.607809],[-83.425312,37.607927],[-83.4253,37.608236],[-83.425287,37.608381],[-83.425277,37.608451],[-83.42523,37.608582],[-83.425217,37.608641],[-83.425215,37.608694],[-83.425224,37.60875],[-83.425262,37.608871],[-83.425308,37.608995],[-83.425322,37.60906],[-83.425356,37.60918],[-83.425363,37.609238],[-83.425357,37.609307],[-83.425291,37.609536],[-83.425297,37.609607],[-83.425324,37.609677],[-83.425359,37.609747],[-83.425373,37.609829],[-83.425368,37.609913],[-83.425345,37.609988],[-83.425279,37.610136],[-83.425255,37.610204],[-83.425244,37.610282],[-83.425239,37.610363],[-83.425265,37.610441],[-83.425309,37.610523],[-83.425333,37.6106],[-83.425346,37.610677],[-83.425366,37.610749],[-83.425395,37.610814],[-83.425418,37.610882],[-83.425421,37.610961],[-83.425407,37.61105],[-83.425411,37.611138],[-83.425435,37.611226],[-83.425485,37.611294],[-83.425625,37.611411],[-83.425697,37.611454],[-83.425774,37.611481],[-83.425845,37.611496],[-83.426057,37.611528],[-83.426487,37.611581],[-83.426576,37.611601],[-83.426658,37.611627],[-83.426733,37.611657],[-83.426809,37.61168],[-83.426889,37.61169],[-83.426972,37.611687],[-83.427058,37.61167],[-83.427146,37.611642],[-83.427238,37.611626],[-83.42765,37.611585],[-83.427965,37.611571],[-83.428065,37.611569],[-83.428161,37.611563],[-83.428252,37.611566],[-83.428335,37.611587],[-83.428474,37.611641],[-83.428534,37.611652],[-83.42859,37.611644],[-83.42864,37.611625],[-83.428819,37.611537],[-83.42888,37.61151],[-83.429016,37.611459]]}},{"type":"Feature","properties":{"osm_id":16106242,"highway":"residential","name":null,"alt_name":null,"official_name":null,"surface":null,"tracktype":null,"service":null,"access":null,"motor_vehicle":null,"foot":null,"tiger_reviewed":"no","rrgh_part":0,"rrgh_tile_part":0},"geometry":{"type":"LineString","coordinates":[[-83.438648,37.602755],[-83.438696,37.60281],[-83.43872,37.602852],[-83.438743,37.60288],[-83.438781,37.602903],[-83.438834,37.602917],[-83.438969,37.602925],[-83.439039,37.602937],[-83.439101,37.60296],[-83.439153,37.602994],[-83.439196,37.603039],[-83.439225,37.603094],[-83.43925,37.603157],[-83.439267,37.603228],[-83.439282,37.603383],[-83.439289,37.603544],[-83.439286,37.603696],[-83.439267,37.603766],[-83.439246,37.60382],[-83.439218,37.603861],[-83.439175,37.603894],[-83.439124,37.603918],[-83.439067,37.603923],[-83.439006,37.603916],[-83.438944,37.603898],[-83.438884,37.603874],[-83.438827,37.603842],[-83.438783,37.603811],[-83.43874,37.603773],[-83.438683,37.6037],[-83.438651,37.603669],[-83.438609,37.603646],[-83.438557,37.603631],[-83.438498,37.603624],[-83.438438,37.603623],[-83.438376,37.60363],[-83.438313,37.603646],[-83.43825,37.603671],[-83.438185,37.603701],[-83.437947,37.60383],[-83.437758,37.603926],[-83.437689,37.603966],[-83.437511,37.604084],[-83.437463,37.60411],[-83.437422,37.60413],[-83.43721,37.604215],[-83.437159,37.604242],[-83.437112,37.604279],[-83.437071,37.604323],[-83.437034,37.604376],[-83.436884,37.604602],[-83.436853,37.604659],[-83.436835,37.604716],[-83.436838,37.604836],[-83.436831,37.604857],[-83.436817,37.604876],[-83.436777,37.604911],[-83.436739,37.604934],[-83.436485,37.605059],[-83.436406,37.605106],[-83.436328,37.605157],[-83.436192,37.60526],[-83.436091,37.605344],[-83.436059,37.605374],[-83.43604,37.605399]]}},{"type":"Feature","properties":{"osm_id":16106564,"highway":"residential","name":null,"alt_name":null,"official_name":null,"surface":null,"tracktype":null,"service":null,"access":null,"motor_vehicle":null,"foot":null,"tiger_reviewed":"no","rrgh_part":0,"rrgh_tile_part":0},"geometry":{"type":"LineString","coordinates":[[-83.434865,37.602122],[-83.435123,37.602242],[-83.435219,37.602285],[-83.435489,37.602392],[-83.435568,37.60243],[-83.435648,37.602475],[-83.435727,37.602525],[-83.435797,37.602576],[-83.435857,37.602632],[-83.435904,37.602692],[-83.435939,37.602751],[-83.435962,37.602808],[-83.435969,37.602861],[-83.435962,37.602908],[-83.435908,37.603049],[-83.435905,37.603078],[-83.435916,37.603149],[-83.43594,37.603237],[-83.435957,37.60333],[-83.435963,37.603378],[-83.435961,37.603477],[-83.435953,37.603526],[-83.43594,37.603572],[-83.435893,37.603675],[-83.435863,37.603727],[-83.43579,37.603832],[-83.4357,37.603939],[-83.435651,37.60399],[-83.435599,37.604037],[-83.435544,37.60408],[-83.435489,37.604118],[-83.435336,37.604209],[-83.435208,37.604309],[-83.435181,37.604323],[-83.43515,37.604328],[-83.435124,37.604326],[-83.435102,37.604318],[-83.435083,37.604301],[-83.435073,37.604277],[-83.435075,37.604243],[-83.435084,37.604205],[-83.435236,37.603828],[-83.435301,37.603647]]}},{"type":"Feature","properties":{"osm_id":16111528,"highway":"residential","name":"Old Ky 15 Loop Number 2 Road","alt_name":null,"official_name":null,"surface":null,"tracktype":null,"service":null,"access":null,"motor_vehicle":null,"foot":null,"tiger_reviewed":"no","rrgh_part":0,"rrgh_tile_part":0},"geometry":{"type":"LineString","coordinates":[[-83.424375,37.603029],[-83.424251,37.603158],[-83.42414,37.603284],[-83.424066,37.603348],[-83.423774,37.603672],[-83.423235,37.604326],[-83.423188,37.60444],[-83.423136,37.604541],[-83.423078,37.604628],[-83.422924,37.604914],[-83.422856,37.605004],[-83.422698,37.605157],[-83.422613,37.60523],[-83.422524,37.6053],[-83.422449,37.605388],[-83.422369,37.605474],[-83.422285,37.605557],[-83.42211,37.605721],[-83.422027,37.605805],[-83.421932,37.605878],[-83.421756,37.60603],[-83.421677,37.606109],[-83.421609,37.606197],[-83.421536,37.606281],[-83.421457,37.606364],[-83.421371,37.606448],[-83.421183,37.606617],[-83.420978,37.606774],[-83.42077,37.606943],[-83.420354,37.607258],[-83.42024,37.60732],[-83.420122,37.607375],[-83.420014,37.607439],[-83.42,37.6074478490566]]}},{"type":"Feature","properties":{"osm_id":16117080,"highway":"residential","name":"Airplane Hollow","alt_name":null,"official_name":null,"surface":null,"tracktype":null,"service":null,"access":null,"motor_vehicle":null,"foot":null,"tiger_reviewed":"no","rrgh_part":0,"rrgh_tile_part":0},"geometry":{"type":"LineString","coordinates":[[-83.423568,37.6018],[-83.423405,37.601853],[-83.423198,37.601906],[-83.423149,37.601914],[-83.422747,37.601959],[-83.422529,37.60198],[-83.422198,37.602],[-83.422112,37.602017],[-83.422012,37.602042],[-83.421724,37.602133],[-83.421426,37.602246],[-83.420528,37.602492],[-83.420409,37.60251],[-83.420322,37.602518],[-83.420235,37.602518],[-83.420142,37.602504],[-83.420068,37.602488],[-83.42,37.6024688952381]]}},{"type":"Feature","properties":{"osm_id":16104660,"highway":"residential","name":null,"alt_name":null,"official_name":null,"surface":null,"tracktype":null,"service":null,"access":null,"motor_vehicle":null,"foot":null,"tiger_reviewed":"no","rrgh_part":0,"rrgh_tile_part":0},"geometry":{"type":"LineString","coordinates":[[-83.466082,37.622722],[-83.465807,37.622801],[-83.465513,37.622661],[-83.465357,37.622548],[-83.465283,37.622449],[-83.465273,37.62235]]}},{"type":"Feature","properties":{"osm_id":16112554,"highway":"residential","name":"George Griffith Road","alt_name":null,"official_name":null,"surface":null,"tracktype":null,"service":null,"access":null,"motor_vehicle":null,"foot":null,"tiger_reviewed":"no","rrgh_part":0,"rrgh_tile_part":0},"geometry":{"type":"LineString","coordinates":[[-83.466522,37.621108],[-83.463993,37.62174]]}},{"type":"Feature","properties":{"osm_id":16115571,"highway":"residential","name":"Left Fork White Oak Creek Road","alt_name":null,"official_name":null,"surface":null,"tracktype":null,"service":null,"access":null,"motor_vehicle":null,"foot":null,"tiger_reviewed":"no","rrgh_part":0,"rrgh_tile_part":0},"geometry":{"type":"LineString","coordinates":[[-83.438793,37.611882],[-83.438813,37.612042],[-83.438813,37.612158],[-83.438802,37.61228],[-83.438777,37.612403],[-83.438739,37.612511],[-83.438713,37.612561],[-83.438601,37.612733],[-83.43858,37.612775],[-83.438566,37.612818],[-83.438562,37.61286],[-83.43857,37.612904],[-83.4386,37.612955],[-83.438643,37.612996],[-83.438681,37.613023],[-83.438735,37.613044],[-83.438831,37.613066],[-83.438908,37.613094],[-83.438948,37.613113],[-83.43899,37.613146]]}},{"type":"Feature","properties":{"osm_id":16105742,"highway":"service","name":null,"alt_name":null,"official_name":null,"surface":null,"tracktype":null,"service":null,"access":"private","motor_vehicle":null,"foot":null,"tiger_reviewed":"no","rrgh_part":0,"rrgh_tile_part":0},"geometry":{"type":"LineString","coordinates":[[-83.43319,37.62366],[-83.433211,37.623626]]}},{"type":"Feature","properties":{"osm_id":16381657,"highway":"service","name":null,"alt_name":null,"official_name":null,"surface":null,"tracktype":null,"service":null,"access":"private","motor_vehicle":null,"foot":null,"tiger_reviewed":"no","rrgh_part":0,"rrgh_tile_part":0},"geometry":{"type":"LineString","coordinates":[[-83.463154,37.637769],[-83.463117,37.637861],[-83.463017,37.638025],[-83.462991,37.638087],[-83.462987,37.638109],[-83.463039,37.638248]]}},{"type":"Feature","properties":{"osm_id":16381355,"highway":"residential","name":null,"alt_name":null,"official_name":null,"surface":null,"tracktype":null,"service":null,"access":null,"motor_vehicle":null,"foot":null,"tiger_reviewed":"no","rrgh_part":0,"rrgh_tile_part":0},"geometry":{"type":"LineString","coordinates":[[-83.455938,37.658588],[-83.456398,37.659276],[-83.456571,37.660008],[-83.456658,37.660053],[-83.456658,37.660352],[-83.456802,37.660672],[-83.457205,37.662435],[-83.45781,37.663558],[-83.457809,37.663846]]}},{"type":"Feature","properties":{"osm_id":16104390,"highway":"residential","name":"Will Hayes Hollow Road","alt_name":null,"official_name":null,"surface":null,"tracktype":null,"service":null,"access":null,"motor_vehicle":null,"foot":null,"tiger_reviewed":"no","rrgh_part":0,"rrgh_tile_part":0},"geometry":{"type":"LineString","coordinates":[[-83.430531,37.635842],[-83.430664,37.635836],[-83.430713,37.635837],[-83.430893,37.635859],[-83.430969,37.635874],[-83.431121,37.635873],[-83.431194,37.635864],[-83.431258,37.635835],[-83.431344,37.63581],[-83.431648,37.635769],[-83.431874,37.635715],[-83.432147,37.635632],[-83.43242,37.635522],[-83.432674,37.635411],[-83.432948,37.63528],[-83.433156,37.635164],[-83.433412,37.634991],[-83.433594,37.634848],[-83.433789,37.634726],[-83.433957,37.634602],[-83.434078,37.634504],[-83.434101,37.634492]]}},{"type":"Feature","properties":{"osm_id":16104373,"highway":"residential","name":"Tasha Lane","alt_name":null,"official_name":null,"surface":null,"tracktype":null,"service":null,"access":null,"motor_vehicle":null,"foot":null,"tiger_reviewed":"no","rrgh_part":0,"rrgh_tile_part":0},"geometry":{"type":"LineString","coordinates":[[-83.436501,37.643353],[-83.436588,37.643324],[-83.436659,37.643304],[-83.436737,37.643292],[-83.436781,37.643291],[-83.436884,37.643303],[-83.437008,37.643329],[-83.43714,37.643368],[-83.437207,37.643389],[-83.437505,37.643499],[-83.43763,37.643539],[-83.437765,37.643571],[-83.437906,37.643596],[-83.438339,37.643644],[-83.438631,37.643695],[-83.438698,37.643703],[-83.438758,37.643704],[-83.438811,37.643696],[-83.438899,37.643658],[-83.438935,37.64363],[-83.438998,37.643563],[-83.439061,37.643489],[-83.439122,37.643414],[-83.439268,37.643221],[-83.439335,37.643154],[-83.439373,37.643123],[-83.439483,37.643044]]}},{"type":"Feature","properties":{"osm_id":16116719,"highway":"residential","name":"Hedgeapple Road","alt_name":null,"official_name":null,"surface":null,"tracktype":null,"service":null,"access":null,"motor_vehicle":null,"foot":null,"tiger_reviewed":"no","rrgh_part":0,"rrgh_tile_part":0},"geometry":{"type":"LineString","coordinates":[[-83.421398,37.657104],[-83.421576,37.65711],[-83.421724,37.657124],[-83.421955,37.65718],[-83.422049,37.657187],[-83.422267,37.657191],[-83.422476,37.657202],[-83.42258,37.657226],[-83.422647,37.657276],[-83.422721,37.657349],[-83.422779,37.657435],[-83.422824,37.657494],[-83.422888,37.657562],[-83.423079,37.657722],[-83.423274,37.657852],[-83.423504,37.657978],[-83.423782,37.658138],[-83.424227,37.658358],[-83.424673,37.65854],[-83.425015,37.658688],[-83.425493,37.65887],[-83.426571,37.659218],[-83.427066,37.659382],[-83.427379,37.659469]]}},{"type":"Feature","properties":{"osm_id":16106945,"highway":"residential","name":"R L Smith Lane","alt_name":null,"official_name":null,"surface":null,"tracktype":null,"service":null,"access":null,"motor_vehicle":null,"foot":null,"tiger_reviewed":"no","rrgh_part":0,"rrgh_tile_part":0},"geometry":{"type":"LineString","coordinates":[[-83.420044,37.654267],[-83.420117,37.654217],[-83.420202,37.654151],[-83.420281,37.654101],[-83.420361,37.654043],[-83.420438,37.653979],[-83.420552,37.653876],[-83.420654,37.653807],[-83.420749,37.653758],[-83.420847,37.653716],[-83.420896,37.653698],[-83.421112,37.653632],[-83.421163,37.653612],[-83.421209,37.653588],[-83.42128,37.653541],[-83.421382,37.653446],[-83.421402,37.653407],[-83.421431,37.653378],[-83.421468,37.653347],[-83.421553,37.653288],[-83.421818,37.653208],[-83.422143,37.653132],[-83.422198,37.653126],[-83.422254,37.653113],[-83.422312,37.653104],[-83.422499,37.653089],[-83.42256,37.65308],[-83.422628,37.653063],[-83.423266,37.652937],[-83.423356,37.652923],[-83.423437,37.652923],[-83.423554,37.652933],[-83.423637,37.652935],[-83.423721,37.652931],[-83.423857,37.652917],[-83.424001,37.652908],[-83.42428,37.65292],[-83.424324,37.652918],[-83.424456,37.652899],[-83.424579,37.652868],[-83.424811,37.652832],[-83.424946,37.652816],[-83.424985,37.652808],[-83.42506,37.652801],[-83.425163,37.652785],[-83.425221,37.652773],[-83.425339,37.652765],[-83.425513,37.652767],[-83.425556,37.652764],[-83.425639,37.652752],[-83.425742,37.652714],[-83.425815,37.652684],[-83.425865,37.652654],[-83.42588,37.65264]]}},{"type":"Feature","properties":{"osm_id":16383143,"highway":"residential","name":"Pryce Folk Road","alt_name":null,"official_name":null,"surface":null,"tracktype":null,"service":null,"access":null,"motor_vehicle":null,"foot":null,"tiger_reviewed":"no","rrgh_part":0,"rrgh_tile_part":0},"geometry":{"type":"LineString","coordinates":[[-83.443564,37.661869],[-83.443546,37.662157],[-83.443533,37.662533],[-83.443537,37.66258],[-83.443547,37.662627],[-83.443564,37.662677],[-83.443589,37.662727],[-83.443655,37.662826],[-83.443697,37.662872],[-83.443788,37.662958],[-83.443969,37.663142],[-83.444052,37.663237],[-83.44429,37.663531],[-83.444509,37.663831],[-83.444681,37.664097],[-83.444725,37.664129],[-83.44503,37.664257],[-83.445146,37.664296],[-83.445324,37.664368],[-83.445492,37.664462],[-83.445591,37.664537],[-83.445671,37.664614],[-83.445794,37.664783],[-83.445829,37.664869],[-83.4459,37.664943],[-83.445943,37.664971],[-83.445988,37.664994],[-83.446036,37.665011],[-83.446247,37.665063],[-83.446353,37.665079],[-83.44646,37.665084],[-83.446541,37.665074],[-83.446631,37.665054]]}},{"type":"Feature","properties":{"osm_id":16383149,"highway":"residential","name":"Pryce Folk Road","alt_name":null,"official_name":null,"surface":null,"tracktype":null,"service":null,"access":null,"motor_vehicle":null,"foot":null,"tiger_reviewed":"no","rrgh_part":0,"rrgh_tile_part":0},"geometry":{"type":"LineString","coordinates":[[-83.443688,37.661427],[-83.443696,37.661445],[-83.443699,37.661467],[-83.443696,37.661489],[-83.443659,37.661611],[-83.443585,37.661777],[-83.443564,37.661869]]}}],"rrgh_tile":{"id":"r3c6","bounds":[37.6,-83.505,37.675,-83.42]}}
