{"type":"FeatureCollection","features":[{"type":"Feature","properties":{"osm_id":16159172,"highway":"residential","name":"Campbells Branch","alt_name":null,"official_name":null,"surface":null,"tracktype":null,"service":null,"access":null,"motor_vehicle":null,"foot":null,"tiger_reviewed":"no","rrgh_part":0,"rrgh_tile_part":0},"geometry":{"type":"LineString","coordinates":[[-83.927005,37.70088],[-83.927267,37.701203],[-83.92775,37.701696],[-83.928162,37.702089],[-83.928553,37.702431],[-83.928649,37.702481],[-83.928701,37.702488],[-83.929113,37.702403],[-83.929528,37.70229],[-83.929651,37.702282],[-83.929708,37.702288],[-83.929766,37.702303],[-83.929858,37.702354],[-83.93,37.70248923809524]]}},{"type":"Feature","properties":{"osm_id":16161580,"highway":"track","name":"Wagers Mountain Road","alt_name":null,"official_name":null,"surface":null,"tracktype":null,"service":null,"access":null,"motor_vehicle":null,"foot":null,"tiger_reviewed":"no","rrgh_part":0,"rrgh_tile_part":0},"geometry":{"type":"LineString","coordinates":[[-83.9134219,37.6906747],[-83.9125087,37.6909528],[-83.9115769,37.6910875],[-83.9097148,37.6910962],[-83.90933,37.691388],[-83.908955,37.691687],[-83.908438,37.692492],[-83.907863,37.692928],[-83.906076,37.6937872],[-83.9052711,37.6944831],[-83.9049437,37.694573],[-83.9042425,37.6943834],[-83.903291,37.694297],[-83.903031,37.694366],[-83.902878,37.694577],[-83.902723,37.694746],[-83.902548,37.694908],[-83.902326,37.695062],[-83.90207,37.695175],[-83.901898,37.695208],[-83.901808,37.695211],[-83.901714,37.695204],[-83.901362,37.69514],[-83.901331,37.695138],[-83.900981,37.695113],[-83.900363,37.695103],[-83.900244,37.695108],[-83.900114,37.695127],[-83.89978,37.695232],[-83.8992,37.695377],[-83.898984,37.695439],[-83.898773,37.695515],[-83.898474,37.695642],[-83.897841,37.695953],[-83.897659,37.696021],[-83.897325,37.696165],[-83.897238,37.696212],[-83.897106,37.696284],[-83.896953,37.696394],[-83.896882,37.696455],[-83.896444,37.696905],[-83.896115,37.697166],[-83.895858,37.697337],[-83.895322,37.697634],[-83.894938,37.697891],[-83.894595,37.698063],[-83.894071,37.69843],[-83.893897,37.698539],[-83.893592,37.698704],[-83.893556,37.698736],[-83.893501,37.698809],[-83.893481,37.698846],[-83.89347,37.698909],[-83.89346,37.699023],[-83.893433,37.699105],[-83.89317,37.699598],[-83.892923,37.699943],[-83.892872,37.70003],[-83.892843,37.700125],[-83.892826,37.70022],[-83.89283,37.700293],[-83.892898,37.700611],[-83.892884,37.700776],[-83.892739,37.701161],[-83.892654,37.701287],[-83.892594,37.701341],[-83.892444,37.701428],[-83.892182,37.701533],[-83.892099,37.701581],[-83.892026,37.701643],[-83.89197,37.70172],[-83.891838,37.701993],[-83.891464,37.702711],[-83.891408,37.702809],[-83.891351,37.70288],[-83.89119,37.703054],[-83.89111,37.703128],[-83.890932,37.70325],[-83.890737,37.703344],[-83.890064,37.703627],[-83.889819,37.703744],[-83.889579,37.703885],[-83.889439,37.703981],[-83.888451,37.704687],[-83.887824,37.705159],[-83.88775,37.705203],[-83.887676,37.705238],[-83.887422,37.705304],[-83.88725,37.705328],[-83.886688,37.705352],[-83.886574,37.705367],[-83.886529,37.705386],[-83.886482,37.705432],[-83.886481,37.705508]]}},{"type":"Feature","properties":{"osm_id":16161862,"highway":"residential","name":"Ticky Fork Drive","alt_name":null,"official_name":null,"surface":null,"tracktype":null,"service":null,"access":null,"motor_vehicle":null,"foot":null,"tiger_reviewed":"no","rrgh_part":0,"rrgh_tile_part":0},"geometry":{"type":"LineString","coordinates":[[-83.922546,37.703437],[-83.922451,37.703498],[-83.922395,37.703552],[-83.92221,37.703771],[-83.922133,37.703845],[-83.921952,37.703962],[-83.921766,37.704046],[-83.921628,37.704144],[-83.921575,37.704204],[-83.921532,37.70427],[-83.92144,37.704473],[-83.921164,37.70522],[-83.921098,37.705356],[-83.921047,37.705405],[-83.920982,37.705439],[-83.920883,37.705438],[-83.920761,37.70542],[-83.920479,37.705321],[-83.920362,37.705296],[-83.920307,37.705302],[-83.920194,37.705344],[-83.920125,37.705385],[-83.919992,37.705502],[-83.919816,37.705751],[-83.919406,37.706433],[-83.919187,37.706737],[-83.91914,37.706826],[-83.918995,37.707239],[-83.918938,37.707533],[-83.918914,37.707603],[-83.918689,37.707943],[-83.918655,37.708011],[-83.918637,37.708108],[-83.918637,37.708219],[-83.918672,37.708354],[-83.918805,37.708671],[-83.918834,37.70881],[-83.918867,37.708905],[-83.918888,37.709055],[-83.918914,37.710012],[-83.9189008,37.7101246],[-83.918882,37.710285],[-83.918833,37.710508],[-83.91885,37.710629],[-83.918928,37.710824],[-83.918935,37.710925],[-83.918781,37.711682],[-83.918748,37.711739],[-83.91866,37.711842],[-83.91848,37.712032],[-83.91842,37.712147],[-83.918369,37.712427],[-83.918203,37.712818],[-83.918124,37.713159],[-83.917982,37.713567],[-83.917972,37.713635],[-83.917988,37.713781],[-83.918018,37.713858],[-83.918176,37.714157],[-83.918263,37.714366],[-83.918285,37.714587],[-83.918201,37.715245],[-83.918218,37.715475],[-83.918254,37.71563],[-83.91826,37.715788],[-83.918249,37.715867],[-83.9182311,37.71593],[-83.918205,37.716022],[-83.918172,37.716098],[-83.918056,37.716301],[-83.918039,37.716371],[-83.918044,37.716439],[-83.918074,37.716506],[-83.918245,37.716761],[-83.918264,37.716836],[-83.918261,37.71691],[-83.918235,37.717055],[-83.917977,37.718005],[-83.917944,37.718086],[-83.917855,37.718234],[-83.917414,37.71879],[-83.917301,37.718948],[-83.917257,37.719027],[-83.917225,37.719107],[-83.917149,37.719402],[-83.917017,37.719664],[-83.91699,37.719733],[-83.916958,37.719878],[-83.916894,37.720023],[-83.916844,37.720081],[-83.916776,37.720127],[-83.916558,37.720242],[-83.916396,37.720358],[-83.916304,37.720466],[-83.916272,37.720533],[-83.916255,37.720607],[-83.916264,37.720761],[-83.916331,37.720987],[-83.91634,37.721062],[-83.916323,37.721221],[-83.9162493,37.7215874],[-83.916212,37.721773],[-83.916225,37.721923],[-83.916253,37.721994],[-83.91637,37.722176],[-83.916433,37.722318],[-83.916555,37.7225],[-83.916628,37.722636],[-83.916686,37.722798],[-83.916727,37.722959],[-83.91675,37.723113],[-83.916764,37.723528],[-83.91682,37.724031],[-83.916856,37.724188],[-83.916889,37.724263],[-83.916975,37.724406],[-83.917524,37.725089],[-83.917742,37.725419],[-83.917817,37.725559],[-83.917835,37.725627],[-83.917838,37.725699],[-83.917825,37.725771],[-83.9177641,37.7259886]]}},{"type":"Feature","properties":{"osm_id":16162015,"highway":"residential","name":"Pitts Road","alt_name":null,"official_name":null,"surface":null,"tracktype":null,"service":null,"access":null,"motor_vehicle":null,"foot":null,"tiger_reviewed":"no","rrgh_part":0,"rrgh_tile_part":0},"geometry":{"type":"LineString","coordinates":[[-83.908729,37.704282],[-83.908593,37.704525],[-83.90852,37.704707],[-83.908461,37.705016],[-83.908456,37.705395],[-83.908491,37.705577],[-83.908523,37.705672],[-83.908605,37.70586],[-83.908651,37.705943],[-83.908706,37.706021],[-83.908969,37.706236],[-83.909183,37.706416],[-83.909542,37.706733],[-83.910156,37.707292],[-83.910494,37.707656],[-83.910514,37.707729],[-83.910513,37.707778],[-83.910492,37.70784],[-83.910455,37.707903],[-83.910355,37.708032],[-83.910105,37.708309],[-83.909953,37.708455],[-83.90968,37.708681],[-83.909491,37.708814],[-83.909388,37.708875],[-83.90914,37.708993],[-83.908606,37.709225],[-83.907951,37.709465],[-83.907731,37.709566],[-83.906689,37.710296],[-83.906499,37.710419],[-83.906307,37.710528],[-83.905642,37.710854],[-83.905314,37.711062],[-83.904837,37.711297],[-83.904098,37.71169],[-83.9037429,37.7118608],[-83.903314,37.712067],[-83.902535,37.712387],[-83.902441,37.712441],[-83.902362,37.712501],[-83.902221,37.712636],[-83.902141,37.712698],[-83.902042,37.712753],[-83.900836,37.713216],[-83.900506,37.713352],[-83.900405,37.713404],[-83.899699,37.713866],[-83.899483,37.713986],[-83.899268,37.714086],[-83.899071,37.714205],[-83.89874,37.7144611],[-83.898695,37.714496],[-83.898232,37.71481],[-83.897833,37.715176],[-83.897635,37.715321],[-83.897413,37.715444],[-83.897296,37.715496],[-83.896566,37.715764],[-83.896456,37.715814],[-83.896245,37.71594],[-83.895726,37.71631],[-83.895276,37.716681],[-83.895088,37.716795],[-83.89479,37.716941],[-83.89458,37.717058],[-83.894378,37.7172],[-83.894196,37.717352],[-83.89404,37.717511],[-83.893974,37.717594],[-83.893787,37.717928],[-83.893666,37.718085],[-83.8936385,37.7181112],[-83.893116,37.718608],[-83.892703,37.718971],[-83.892573,37.719101],[-83.892513,37.719174],[-83.892356,37.719414],[-83.89223,37.719584],[-83.891753,37.720133],[-83.891496,37.72045],[-83.891291,37.72067],[-83.891144,37.720775],[-83.890857,37.720904],[-83.890155,37.721159],[-83.890073,37.721195],[-83.89001,37.721239],[-83.88999,37.721267],[-83.889971,37.721292],[-83.889956,37.721353],[-83.889978,37.72197],[-83.89001,37.722137],[-83.890444,37.723235],[-83.890691,37.724116],[-83.89094,37.724697],[-83.891057,37.725038],[-83.891101,37.725321],[-83.891145,37.726056],[-83.891158,37.726157],[-83.891206,37.726354],[-83.891279,37.726536],[-83.891396,37.726775],[-83.891509,37.727066],[-83.891702,37.72735],[-83.891777,37.727496],[-83.89179,37.727571],[-83.891784,37.727644],[-83.891763,37.727713],[-83.891606,37.728067],[-83.891545,37.728289],[-83.891533,37.728615],[-83.891491,37.729044],[-83.891499,37.729129],[-83.891557,37.729474],[-83.89155,37.729509],[-83.891526,37.729552],[-83.891477,37.729597],[-83.891365,37.729659],[-83.891096,37.729756],[-83.890972,37.729828],[-83.890929,37.729869],[-83.890863,37.729973],[-83.890845,37.73003],[-83.89084,37.730095],[-83.890851,37.730166],[-83.890901,37.730331],[-83.891021,37.730599],[-83.891055,37.730788],[-83.891077,37.731197],[-83.891141,37.731466],[-83.891156,37.731574],[-83.891164,37.731742],[-83.891151,37.732016],[-83.891157,37.73212],[-83.891184,37.73227],[-83.891215,37.732373],[-83.891307,37.732537],[-83.891709,37.733027],[-83.892195,37.733745],[-83.892494,37.734139],[-83.892568,37.734315],[-83.89266,37.734577],[-83.892761,37.734739],[-83.892798,37.734824]]}},{"type":"Feature","properties":{"osm_id":16161923,"highway":"residential","name":"Mt Scratchum Road","alt_name":null,"official_name":null,"surface":null,"tracktype":null,"service":null,"access":null,"motor_vehicle":null,"foot":null,"tiger_reviewed":"no","rrgh_part":0,"rrgh_tile_part":0},"geometry":{"type":"LineString","coordinates":[[-83.93,37.6831037076923],[-83.929988,37.683117],[-83.929891,37.683246],[-83.929814,37.683383],[-83.92978,37.683478],[-83.929751,37.683796],[-83.92976,37.683848],[-83.929784,37.683895],[-83.929919,37.684038],[-83.929947,37.684097],[-83.929968,37.684185],[-83.92997,37.684304],[-83.929951,37.684453],[-83.929971,37.684563],[-83.93,37.68464054347828]]}},{"type":"Feature","properties":{"osm_id":16161923,"highway":"residential","name":"Mt Scratchum Road","alt_name":null,"official_name":null,"surface":null,"tracktype":null,"service":null,"access":null,"motor_vehicle":null,"foot":null,"tiger_reviewed":"no","rrgh_part":1,"rrgh_tile_part":0},"geometry":{"type":"LineString","coordinates":[[-83.93,37.68603603174602],[-83.929884,37.686164],[-83.929821,37.686243],[-83.929785,37.686306],[-83.929747,37.686414],[-83.929729,37.686736],[-83.929713,37.686823],[-83.929686,37.686877],[-83.929604,37.686973],[-83.929586,37.687015],[-83.929566,37.687085],[-83.929559,37.687313],[-83.929544,37.687436],[-83.929491,37.687555],[-83.92909,37.688023],[-83.928949,37.688188],[-83.928595,37.688571],[-83.92845,37.68871],[-83.928323,37.688854],[-83.928083,37.689092],[-83.927818,37.689321],[-83.927595,37.68954],[-83.927443,37.689656],[-83.927042,37.6899],[-83.927003,37.689942],[-83.926976,37.689971],[-83.926955,37.690011],[-83.926947,37.690056],[-83.926954,37.690103],[-83.926971,37.690152],[-83.927115,37.69039],[-83.927143,37.690508],[-83.927141,37.690571],[-83.927108,37.690697],[-83.926848,37.691329],[-83.926815,37.691458],[-83.926812,37.691663],[-83.926848,37.691771],[-83.927025,37.692064],[-83.9270848,37.6921216]]}},{"type":"Feature","properties":{"osm_id":895929005,"highway":"service","name":null,"alt_name":null,"official_name":null,"surface":null,"tracktype":null,"service":null,"access":null,"motor_vehicle":null,"foot":null,"tiger_reviewed":null,"rrgh_part":0,"rrgh_tile_part":0},"geometry":{"type":"LineString","coordinates":[[-83.93,37.68203039809524],[-83.9297506,37.6819247],[-83.9296567,37.681904],[-83.9297236,37.6815851]]}},{"type":"Feature","properties":{"osm_id":1410464273,"highway":"service","name":null,"alt_name":null,"official_name":null,"surface":null,"tracktype":null,"service":null,"access":null,"motor_vehicle":null,"foot":null,"tiger_reviewed":null,"rrgh_part":0,"rrgh_tile_part":0},"geometry":{"type":"LineString","coordinates":[[-83.93,37.682163558041964],[-83.9297858,37.6821812],[-83.9296678,37.6821685]]}},{"type":"Feature","properties":{"osm_id":16160248,"highway":"service","name":"Cr-1155","alt_name":null,"official_name":null,"surface":null,"tracktype":null,"service":null,"access":null,"motor_vehicle":null,"foot":null,"tiger_reviewed":"no","rrgh_part":0,"rrgh_tile_part":0},"geometry":{"type":"LineString","coordinates":[[-83.911923,37.679571],[-83.9117548,37.6796653],[-83.911705,37.679691],[-83.911646,37.679696],[-83.911613,37.679685],[-83.911363,37.679534],[-83.9111398,37.679407],[-83.9110443,37.6794232]]}},{"type":"Feature","properties":{"osm_id":16161101,"highway":"service","name":"Broaddus Branch Road","alt_name":null,"official_name":null,"surface":null,"tracktype":null,"service":null,"access":null,"motor_vehicle":null,"foot":null,"tiger_reviewed":"no","rrgh_part":0,"rrgh_tile_part":0},"geometry":{"type":"LineString","coordinates":[[-83.9111398,37.679407],[-83.9102383,37.6788457]]}},{"type":"Feature","properties":{"osm_id":16163679,"highway":"service","name":"Broaddus Crossing","alt_name":null,"official_name":null,"surface":null,"tracktype":null,"service":null,"access":null,"motor_vehicle":null,"foot":null,"tiger_reviewed":"no","rrgh_part":0,"rrgh_tile_part":0},"geometry":{"type":"LineString","coordinates":[[-83.9102383,37.6788457],[-83.9100302,37.6792741],[-83.9099189,37.6795018],[-83.9095701,37.6797774],[-83.9093151,37.6796439]]}},{"type":"Feature","properties":{"osm_id":16160339,"highway":"residential","name":"Stone Fox Lane","alt_name":null,"official_name":null,"surface":null,"tracktype":null,"service":null,"access":null,"motor_vehicle":null,"foot":null,"tiger_reviewed":null,"rrgh_part":0,"rrgh_tile_part":0},"geometry":{"type":"LineString","coordinates":[[-83.90341964913112,37.675],[-83.9033939,37.6750488],[-83.9033554,37.675112],[-83.9032948,37.6751992],[-83.9032239,37.6752845],[-83.9030834,37.675446],[-83.902957,37.675559],[-83.902821,37.675661],[-83.902664,37.67575],[-83.902512,37.675821]]}},{"type":"Feature","properties":{"osm_id":16161474,"highway":"track","name":"Tipton Road","alt_name":null,"official_name":null,"surface":null,"tracktype":null,"service":null,"access":null,"motor_vehicle":null,"foot":null,"tiger_reviewed":"no","rrgh_part":0,"rrgh_tile_part":0},"geometry":{"type":"LineString","coordinates":[[-83.9022643,37.6802295],[-83.9021229,37.6801967],[-83.9018801,37.6801381],[-83.9016714,37.6801662],[-83.901371,37.6802091],[-83.9010408,37.6802015],[-83.9008278,37.6801961],[-83.9006977,37.6802431],[-83.9001189,37.6803935],[-83.8998284,37.6804636],[-83.8996312,37.6805397],[-83.8994925,37.6805686],[-83.899331,37.6805517],[-83.8990569,37.6805185],[-83.8987924,37.6804896],[-83.8985617,37.6804105],[-83.8983987,37.6802932],[-83.8981964,37.6802149],[-83.8979986,37.6800826],[-83.8977782,37.6798836],[-83.8974762,37.6796986],[-83.8972277,37.6795222],[-83.8969013,37.6794401],[-83.8965942,37.6794458],[-83.8962432,37.6795397],[-83.8958418,37.6795972],[-83.8955818,37.6797082],[-83.8953337,37.6799956],[-83.8951839,37.6802168],[-83.8951442,37.6803668],[-83.8951319,37.6806883],[-83.8950539,37.6810237],[-83.8948963,37.6812427],[-83.8945862,37.6815414],[-83.8945544,37.6821216],[-83.8943399,37.6823161],[-83.8940916,37.6824497],[-83.893816,37.682886],[-83.893989,37.68339],[-83.894421,37.68385],[-83.895428,37.684172],[-83.896062,37.684495],[-83.896724,37.684954],[-83.89681,37.685115],[-83.89707,37.686904],[-83.897185,37.687363],[-83.898394,37.688557],[-83.899056,37.688718],[-83.900612,37.688905],[-83.900986,37.689135],[-83.9010592,37.689313],[-83.9012293,37.6901086],[-83.9023455,37.6909491],[-83.9024835,37.6912405],[-83.9028369,37.6916851],[-83.903664,37.6923552],[-83.9032044,37.6930296],[-83.903117,37.6933906],[-83.9030162,37.6936764],[-83.903031,37.694366]]}},{"type":"Feature","properties":{"osm_id":1435796605,"highway":"service","name":null,"alt_name":null,"official_name":null,"surface":"unpaved","tracktype":null,"service":null,"access":null,"motor_vehicle":null,"foot":null,"tiger_reviewed":null,"rrgh_part":0,"rrgh_tile_part":0},"geometry":{"type":"LineString","coordinates":[[-83.8813252,37.6762118],[-83.8810966,37.6761612],[-83.8808899,37.6760523],[-83.8808955,37.6759399],[-83.8809493,37.6758864],[-83.881216,37.6760908],[-83.8813252,37.6762118]]}},{"type":"Feature","properties":{"osm_id":1435796605,"highway":"service","name":null,"alt_name":null,"official_name":null,"surface":"unpaved","tracktype":null,"service":null,"access":null,"motor_vehicle":null,"foot":null,"tiger_reviewed":null,"rrgh_part":1,"rrgh_tile_part":0},"geometry":{"type":"LineString","coordinates":[[-83.8813252,37.6762118],[-83.8814523,37.6763528],[-83.8817548,37.6765261],[-83.8824334,37.6768645],[-83.8827209,37.6770382],[-83.883198,37.6773117],[-83.8834664,37.6775265],[-83.8836658,37.6777293],[-83.8839514,37.6779333],[-83.8841977,37.6780877],[-83.8843992,37.678147],[-83.8846423,37.6781501],[-83.8848096,37.6781278],[-83.8850886,37.6779782],[-83.885334,37.6778719],[-83.8854695,37.6778157],[-83.8856225,37.6777018],[-83.8857157,37.677645],[-83.8859915,37.6775311],[-83.8861487,37.6774134],[-83.8863056,37.677332],[-83.8867516,37.6772113],[-83.8871201,37.6770117],[-83.8872895,37.676925],[-83.8874641,37.6768571],[-83.8877129,37.6768534],[-83.8879558,37.6768554],[-83.8881652,37.6768722],[-83.8885473,37.6768536],[-83.8889004,37.6768057],[-83.8892201,37.676706],[-83.8894948,37.676586],[-83.8896314,37.676537],[-83.8897924,37.6765463],[-83.8899408,37.6766113],[-83.8902306,37.6768228],[-83.8903943,37.6769311],[-83.8907356,37.6773169],[-83.8910212,37.6775558],[-83.8911822,37.6777325],[-83.8912887,37.6778252],[-83.8914637,37.6778774],[-83.8916314,37.677889],[-83.8918679,37.6780096],[-83.8920771,37.6782121],[-83.8923294,37.6784134],[-83.8925751,37.6785937],[-83.8927408,37.6787544],[-83.8929563,37.6789296],[-83.8932242,37.6790801],[-83.8936383,37.6793735],[-83.8939354,37.6795597],[-83.894522,37.6798431],[-83.8948323,37.680023],[-83.8951839,37.6802168]]}},{"type":"Feature","properties":{"osm_id":1354806321,"highway":"residential","name":"Mt Scratchum Road","alt_name":null,"official_name":null,"surface":null,"tracktype":null,"service":null,"access":null,"motor_vehicle":null,"foot":null,"tiger_reviewed":"no","rrgh_part":0,"rrgh_tile_part":0},"geometry":{"type":"LineString","coordinates":[[-83.9270848,37.6921216],[-83.9272259,37.6922336]]}},{"type":"Feature","properties":{"osm_id":16159668,"highway":"residential","name":null,"alt_name":null,"official_name":null,"surface":null,"tracktype":null,"service":null,"access":null,"motor_vehicle":null,"foot":null,"tiger_reviewed":"no","rrgh_part":0,"rrgh_tile_part":0},"geometry":{"type":"LineString","coordinates":[[-83.924065,37.689613],[-83.925789,37.689598],[-83.926302,37.689631],[-83.927003,37.689942]]}},{"type":"Feature","properties":{"osm_id":16160854,"highway":"residential","name":"Ticky Fk Drive","alt_name":null,"official_name":null,"surface":null,"tracktype":null,"service":null,"access":null,"motor_vehicle":null,"foot":null,"tiger_reviewed":"no","rrgh_part":0,"rrgh_tile_part":0},"geometry":{"type":"LineString","coordinates":[[-83.929376,37.696842],[-83.929334,37.697218],[-83.929217,37.697746],[-83.9292,37.697906],[-83.929179,37.699043],[-83.929185,37.699209],[-83.929199,37.699292],[-83.929285,37.699589],[-83.929293,37.699649],[-83.929286,37.699704],[-83.92926,37.699757],[-83.929155,37.699877],[-83.929076,37.69995],[-83.928991,37.700011]]}},{"type":"Feature","properties":{"osm_id":16161150,"highway":"residential","name":"Barnes Grist Mill Road","alt_name":null,"official_name":null,"surface":null,"tracktype":null,"service":null,"access":null,"motor_vehicle":null,"foot":null,"tiger_reviewed":"no","rrgh_part":0,"rrgh_tile_part":0},"geometry":{"type":"LineString","coordinates":[[-83.926033,37.699822],[-83.925969,37.6997],[-83.925902,37.699115],[-83.925851,37.698805],[-83.925765,37.698392],[-83.925753,37.698254],[-83.925758,37.698],[-83.925722,37.697931],[-83.925656,37.697887],[-83.925586,37.69786],[-83.925464,37.697593],[-83.925127,37.696913]]}},{"type":"Feature","properties":{"osm_id":1354806320,"highway":"residential","name":"Mt Scratchum Road","alt_name":null,"official_name":null,"surface":null,"tracktype":null,"service":null,"access":null,"motor_vehicle":null,"foot":null,"tiger_reviewed":"no","rrgh_part":0,"rrgh_tile_part":0},"geometry":{"type":"LineString","coordinates":[[-83.9272259,37.6922336],[-83.9273088,37.6923106],[-83.927603,37.692593],[-83.927982,37.693065],[-83.928292,37.693476],[-83.929097,37.694577],[-83.929957,37.695723],[-83.93,37.695791390476195]]}},{"type":"Feature","properties":{"osm_id":16162994,"highway":"residential","name":"Ginter Spur","alt_name":null,"official_name":null,"surface":null,"tracktype":null,"service":null,"access":null,"motor_vehicle":null,"foot":null,"tiger_reviewed":"no","rrgh_part":0,"rrgh_tile_part":0},"geometry":{"type":"LineString","coordinates":[[-83.917424,37.7006],[-83.917333,37.700559],[-83.917282,37.700547],[-83.917171,37.700542],[-83.916955,37.700565],[-83.916916,37.700557],[-83.916866,37.70052],[-83.916844,37.700488],[-83.916664,37.699929],[-83.916501,37.699515],[-83.916329,37.698984],[-83.916277,37.698915],[-83.916219,37.698867]]}},{"type":"Feature","properties":{"osm_id":16163132,"highway":"residential","name":"Ginter Road","alt_name":null,"official_name":null,"surface":null,"tracktype":null,"service":null,"access":null,"motor_vehicle":null,"foot":null,"tiger_reviewed":"no","rrgh_part":0,"rrgh_tile_part":0},"geometry":{"type":"LineString","coordinates":[[-83.917424,37.7006],[-83.91745,37.700536],[-83.917484,37.700508],[-83.917574,37.700471],[-83.917869,37.700393],[-83.917979,37.700324],[-83.918193,37.700088],[-83.918437,37.699777],[-83.918558,37.699647],[-83.918696,37.69947],[-83.918791,37.699398],[-83.919018,37.699284],[-83.91922,37.699205],[-83.919484,37.699126],[-83.920285,37.698916],[-83.920407,37.698877],[-83.920461,37.69885],[-83.920544,37.698785],[-83.920636,37.698638],[-83.920768,37.698514],[-83.921,37.698402],[-83.921151,37.698344],[-83.921253,37.698278],[-83.921307,37.698204],[-83.921333,37.698025]]}},{"type":"Feature","properties":{"osm_id":16159198,"highway":"residential","name":"Howell Hollow","alt_name":null,"official_name":null,"surface":null,"tracktype":null,"service":null,"access":null,"motor_vehicle":null,"foot":null,"tiger_reviewed":"no","rrgh_part":0,"rrgh_tile_part":0},"geometry":{"type":"LineString","coordinates":[[-83.929076,37.69995],[-83.929148,37.700074],[-83.929484,37.700526],[-83.929645,37.700848]]}},{"type":"Feature","properties":{"osm_id":16160019,"highway":"service","name":null,"alt_name":null,"official_name":null,"surface":null,"tracktype":null,"service":null,"access":null,"motor_vehicle":null,"foot":null,"tiger_reviewed":"no","rrgh_part":0,"rrgh_tile_part":0},"geometry":{"type":"LineString","coordinates":[[-83.925987,37.701457],[-83.926419,37.701801],[-83.926741,37.702193]]}},{"type":"Feature","properties":{"osm_id":16161865,"highway":"residential","name":"Ticky Fork Road","alt_name":null,"official_name":null,"surface":null,"tracktype":null,"service":null,"access":null,"motor_vehicle":null,"foot":null,"tiger_reviewed":"no","rrgh_part":0,"rrgh_tile_part":0},"geometry":{"type":"LineString","coordinates":[[-83.928991,37.700011],[-83.928911,37.700068],[-83.928814,37.700137],[-83.928639,37.700276],[-83.928495,37.700359],[-83.927403,37.700727],[-83.927005,37.70088],[-83.926708,37.701026],[-83.925987,37.701457]]}},{"type":"Feature","properties":{"osm_id":16160858,"highway":"residential","name":"Ticky Fork Drive","alt_name":null,"official_name":null,"surface":null,"tracktype":null,"service":null,"access":null,"motor_vehicle":null,"foot":null,"tiger_reviewed":"no","rrgh_part":0,"rrgh_tile_part":0},"geometry":{"type":"LineString","coordinates":[[-83.925987,37.701457],[-83.925593,37.701691],[-83.924902,37.702131],[-83.92471,37.70228],[-83.924415,37.702557],[-83.924103,37.702766],[-83.923852,37.702955],[-83.923736,37.703017],[-83.92359,37.703075],[-83.923158,37.703199],[-83.922546,37.703437]]}},{"type":"Feature","properties":{"osm_id":16161868,"highway":"residential","name":"Creekside Trail","alt_name":null,"official_name":null,"surface":null,"tracktype":null,"service":null,"access":null,"motor_vehicle":null,"foot":null,"tiger_reviewed":"no","rrgh_part":0,"rrgh_tile_part":0},"geometry":{"type":"LineString","coordinates":[[-83.925987,37.701457],[-83.925682,37.701137],[-83.925428,37.700833],[-83.925317,37.700725],[-83.925165,37.700598]]}},{"type":"Feature","properties":{"osm_id":1354806309,"highway":"track","name":null,"alt_name":null,"official_name":null,"surface":null,"tracktype":null,"service":null,"access":null,"motor_vehicle":null,"foot":null,"tiger_reviewed":null,"rrgh_part":0,"rrgh_tile_part":0},"geometry":{"type":"LineString","coordinates":[[-83.9251755,37.7099636],[-83.9253238,37.709862],[-83.9254951,37.7096444],[-83.9257656,37.7095718],[-83.9258152,37.7094218],[-83.926037,37.7093682],[-83.9262811,37.7092423],[-83.9266434,37.7091453],[-83.9268824,37.7092093],[-83.926977,37.7093824],[-83.9270623,37.7098308],[-83.9272929,37.7101505],[-83.9277201,37.7104378],[-83.9280553,37.7106477],[-83.9280222,37.7110029],[-83.9279029,37.7113597],[-83.927811,37.7114967],[-83.9278077,37.7117185],[-83.9277597,37.7119797],[-83.9278104,37.7121609],[-83.9278892,37.7124468],[-83.9280739,37.7126822],[-83.9283357,37.7128155],[-83.9284746,37.713135],[-83.928469,37.7135641],[-83.928442,37.7138315],[-83.9282718,37.7139791],[-83.9280264,37.7141302],[-83.9279375,37.7143139],[-83.9278439,37.714756],[-83.92762,37.7150597],[-83.9274305,37.7152393],[-83.9271309,37.7153211],[-83.9271537,37.715391],[-83.9271424,37.7157751],[-83.9271475,37.7160851],[-83.9273041,37.7165307],[-83.9275633,37.7170557],[-83.9277495,37.7174553],[-83.9279925,37.7179849],[-83.9282327,37.7184631],[-83.928396,37.7189294],[-83.9285637,37.7194128],[-83.9286329,37.7198122],[-83.9287658,37.7199297],[-83.9288605,37.7201204],[-83.9290495,37.7203959],[-83.9294045,37.7206167],[-83.929859,37.7207846],[-83.93,37.72087254897004]]}},{"type":"Feature","properties":{"osm_id":1354806310,"highway":"track","name":null,"alt_name":null,"official_name":null,"surface":null,"tracktype":null,"service":null,"access":null,"motor_vehicle":null,"foot":null,"tiger_reviewed":null,"rrgh_part":0,"rrgh_tile_part":0},"geometry":{"type":"LineString","coordinates":[[-83.9271309,37.7153211],[-83.9268503,37.7149141],[-83.9265076,37.7146169],[-83.9261368,37.7145052],[-83.9257915,37.7143007],[-83.9254796,37.7141043],[-83.9251652,37.7139907],[-83.9250058,37.7139354],[-83.9248835,37.7138384],[-83.9248874,37.7136895],[-83.9250481,37.7135229],[-83.9252995,37.7133556],[-83.9254438,37.7131844],[-83.925503,37.7129839],[-83.9255439,37.7127591],[-83.9256729,37.7125157],[-83.9255968,37.7123427],[-83.9255284,37.7121766],[-83.925424,37.7120124],[-83.9253839,37.7117639],[-83.9252807,37.7115772],[-83.9250555,37.7114335],[-83.9249378,37.7112009]]}},{"type":"Feature","properties":{"osm_id":16160310,"highway":"residential","name":"Ticky Fork Connector","alt_name":null,"official_name":null,"surface":null,"tracktype":null,"service":null,"access":null,"motor_vehicle":null,"foot":null,"tiger_reviewed":"no","rrgh_part":0,"rrgh_tile_part":0},"geometry":{"type":"LineString","coordinates":[[-83.922181,37.70252],[-83.922228,37.702711],[-83.922283,37.702868],[-83.922546,37.703437]]}},{"type":"Feature","properties":{"osm_id":16161930,"highway":"residential","name":"Cr-1003J","alt_name":null,"official_name":null,"surface":null,"tracktype":null,"service":null,"access":null,"motor_vehicle":null,"foot":null,"tiger_reviewed":"no","rrgh_part":0,"rrgh_tile_part":0},"geometry":{"type":"LineString","coordinates":[[-83.917705,37.702836],[-83.917712,37.702598],[-83.917691,37.702203],[-83.91764,37.701777],[-83.917626,37.70157],[-83.917421,37.700659],[-83.917424,37.7006]]}},{"type":"Feature","properties":{"osm_id":16160230,"highway":"residential","name":"Cow Creek Cemetery","alt_name":null,"official_name":null,"surface":null,"tracktype":null,"service":null,"access":null,"motor_vehicle":null,"foot":null,"tiger_reviewed":"no","rrgh_part":0,"rrgh_tile_part":0},"geometry":{"type":"LineString","coordinates":[[-83.912226,37.706939],[-83.912629,37.706985],[-83.912659,37.707],[-83.912672,37.707027],[-83.912655,37.707048],[-83.912628,37.707062]]}},{"type":"Feature","properties":{"osm_id":16161745,"highway":"residential","name":"Willowtree Lane","alt_name":null,"official_name":null,"surface":null,"tracktype":null,"service":null,"access":null,"motor_vehicle":null,"foot":null,"tiger_reviewed":"no","rrgh_part":0,"rrgh_tile_part":0},"geometry":{"type":"LineString","coordinates":[[-83.910514,37.707729],[-83.910955,37.707448],[-83.911583,37.707139],[-83.911878,37.707028],[-83.912226,37.706939],[-83.912872,37.70678],[-83.913058,37.706755],[-83.913176,37.70676],[-83.913409,37.706799],[-83.913708,37.706881],[-83.914216,37.707065],[-83.914382,37.707155],[-83.914796,37.707432],[-83.915005,37.707555],[-83.915117,37.707637],[-83.915218,37.707741],[-83.915356,37.707915],[-83.915585,37.70824],[-83.9156783,37.7084296]]}},{"type":"Feature","properties":{"osm_id":1354806304,"highway":"track","name":"Willowtree Lane","alt_name":null,"official_name":null,"surface":null,"tracktype":null,"service":null,"access":null,"motor_vehicle":null,"foot":null,"tiger_reviewed":"no","rrgh_part":0,"rrgh_tile_part":0},"geometry":{"type":"LineString","coordinates":[[-83.9156783,37.7084296],[-83.915775,37.708525],[-83.915816,37.708561],[-83.9158713,37.7085985],[-83.9159581,37.7086303],[-83.916119,37.7086461],[-83.91629,37.7086182],[-83.916846,37.708506],[-83.917166,37.708514],[-83.917473,37.708492]]}},{"type":"Feature","properties":{"osm_id":16159662,"highway":"track","name":null,"alt_name":null,"official_name":null,"surface":null,"tracktype":null,"service":null,"access":null,"motor_vehicle":null,"foot":null,"tiger_reviewed":"no","rrgh_part":0,"rrgh_tile_part":0},"geometry":{"type":"LineString","coordinates":[[-83.901331,37.695138],[-83.901295,37.694983],[-83.9012442,37.6948624],[-83.9010955,37.6947099],[-83.900602,37.694596],[-83.899251,37.694463],[-83.898618,37.694487],[-83.897842,37.69481],[-83.897382,37.695201],[-83.897238,37.695477],[-83.897181,37.69612],[-83.897238,37.696212]]}},{"type":"Feature","properties":{"osm_id":16159913,"highway":"residential","name":null,"alt_name":null,"official_name":null,"surface":null,"tracktype":null,"service":null,"access":null,"motor_vehicle":null,"foot":null,"tiger_reviewed":"no","rrgh_part":0,"rrgh_tile_part":0},"geometry":{"type":"LineString","coordinates":[[-83.910621,37.700072],[-83.910087,37.699761],[-83.909806,37.699406],[-83.909356,37.699606],[-83.908485,37.699983],[-83.907838,37.700295],[-83.906967,37.70085],[-83.905927,37.700984],[-83.905174,37.701367]]}},{"type":"Feature","properties":{"osm_id":16159881,"highway":"track","name":null,"alt_name":null,"official_name":null,"surface":null,"tracktype":null,"service":null,"access":null,"motor_vehicle":null,"foot":null,"tiger_reviewed":"no","rrgh_part":0,"rrgh_tile_part":0},"geometry":{"type":"LineString","coordinates":[[-83.9010955,37.6947099],[-83.9005816,37.6932614]]}},{"type":"Feature","properties":{"osm_id":16159780,"highway":"residential","name":null,"alt_name":null,"official_name":null,"surface":null,"tracktype":null,"service":null,"access":null,"motor_vehicle":null,"foot":null,"tiger_reviewed":"no","rrgh_part":0,"rrgh_tile_part":0},"geometry":{"type":"LineString","coordinates":[[-83.888278,37.697977],[-83.888076,37.69832],[-83.888047,37.698778],[-83.887269,37.699715],[-83.886635,37.701248],[-83.88664,37.701588]]}},{"type":"Feature","properties":{"osm_id":16160207,"highway":"residential","name":"Grey Cem Road","alt_name":null,"official_name":null,"surface":null,"tracktype":null,"service":null,"access":null,"motor_vehicle":null,"foot":null,"tiger_reviewed":"no","rrgh_part":0,"rrgh_tile_part":0},"geometry":{"type":"LineString","coordinates":[[-83.884636,37.699127],[-83.885085,37.698919],[-83.885975,37.699282],[-83.886421,37.70052],[-83.886449,37.700617],[-83.886434,37.700661],[-83.886428,37.700833],[-83.886441,37.700912],[-83.886607,37.701438],[-83.88664,37.701588],[-83.886687,37.701734],[-83.88672,37.701788],[-83.886825,37.701904],[-83.886973,37.702033],[-83.887013,37.702095],[-83.8871,37.702344],[-83.887298,37.703002],[-83.887366,37.703124],[-83.887469,37.703235],[-83.887603,37.703324],[-83.888179,37.703612],[-83.888249,37.703638],[-83.888389,37.703665],[-83.888456,37.703698],[-83.888639,37.703715],[-83.888816,37.703744],[-83.888976,37.703802],[-83.889089,37.703826],[-83.889248,37.703831],[-83.889295,37.703847],[-83.889362,37.703899],[-83.889439,37.703981]]}},{"type":"Feature","properties":{"osm_id":16162537,"highway":"residential","name":"Cr-1016","alt_name":null,"official_name":null,"surface":null,"tracktype":null,"service":null,"access":null,"motor_vehicle":null,"foot":null,"tiger_reviewed":"no","rrgh_part":0,"rrgh_tile_part":0},"geometry":{"type":"LineString","coordinates":[[-83.886449,37.700617],[-83.886512,37.700428],[-83.88661,37.700261],[-83.886732,37.699828],[-83.886913,37.699372],[-83.887003,37.699092],[-83.887002,37.698972],[-83.886732,37.6983],[-83.88669,37.698157],[-83.886728,37.698052],[-83.886862,37.697859],[-83.88688,37.69781],[-83.886869,37.697714],[-83.886835,37.697666],[-83.886798,37.697658],[-83.886758,37.697664],[-83.886732,37.697689],[-83.886713,37.69772],[-83.886703,37.697844],[-83.886725,37.697942]]}},{"type":"Feature","properties":{"osm_id":16159912,"highway":"residential","name":null,"alt_name":null,"official_name":null,"surface":null,"tracktype":null,"service":null,"access":null,"motor_vehicle":null,"foot":null,"tiger_reviewed":"no","rrgh_part":0,"rrgh_tile_part":0},"geometry":{"type":"LineString","coordinates":[[-83.90909,37.704091],[-83.908496,37.703613],[-83.908158,37.703389],[-83.907747,37.70327],[-83.907358,37.703143],[-83.907009,37.703049],[-83.906439,37.702087],[-83.906048,37.70192],[-83.905628,37.701687],[-83.905174,37.701367],[-83.904974,37.701227],[-83.904711,37.701017]]}},{"type":"Feature","properties":{"osm_id":968894212,"highway":"service","name":null,"alt_name":null,"official_name":null,"surface":null,"tracktype":null,"service":null,"access":null,"motor_vehicle":null,"foot":null,"tiger_reviewed":null,"rrgh_part":0,"rrgh_tile_part":0},"geometry":{"type":"LineString","coordinates":[[-83.9037429,37.7118608],[-83.9036515,37.7117604]]}},{"type":"Feature","properties":{"osm_id":968894212,"highway":"service","name":null,"alt_name":null,"official_name":null,"surface":null,"tracktype":null,"service":null,"access":null,"motor_vehicle":null,"foot":null,"tiger_reviewed":null,"rrgh_part":1,"rrgh_tile_part":0},"geometry":{"type":"LineString","coordinates":[[-83.9036515,37.7117604],[-83.9040781,37.7115906],[-83.9043921,37.7114602],[-83.9044759,37.7113132],[-83.9043869,37.7111828],[-83.9042246,37.7109737],[-83.9040964,37.7108577],[-83.9039551,37.7108391],[-83.90373,37.7108991],[-83.9033924,37.7111124],[-83.9032904,37.7113836],[-83.9033767,37.7115161],[-83.9036515,37.7117604]]}},{"type":"Feature","properties":{"osm_id":16159751,"highway":"track","name":"FR 2036","alt_name":null,"official_name":null,"surface":null,"tracktype":null,"service":null,"access":null,"motor_vehicle":null,"foot":null,"tiger_reviewed":"no","rrgh_part":0,"rrgh_tile_part":0},"geometry":{"type":"LineString","coordinates":[[-83.93,37.73273254734263],[-83.9297708,37.7327629]]}},{"type":"Feature","properties":{"osm_id":16159188,"highway":"track","name":"Horse Ridge Road","alt_name":"Forest Road 230 (closed)","official_name":null,"surface":null,"tracktype":null,"service":null,"access":null,"motor_vehicle":null,"foot":null,"tiger_reviewed":"no","rrgh_part":0,"rrgh_tile_part":0},"geometry":{"type":"LineString","coordinates":[[-83.9164427,37.7304865],[-83.9164826,37.7306474],[-83.9165749,37.7311518],[-83.9166323,37.7315857],[-83.9167144,37.7324306],[-83.9166234,37.732628],[-83.9165731,37.7328566],[-83.9164633,37.733022],[-83.9163632,37.7336197],[-83.9162548,37.7338919],[-83.916053,37.734058],[-83.915707,37.734264],[-83.9154672,37.7345423],[-83.9153262,37.7348897],[-83.9151195,37.7358698],[-83.9149541,37.736684],[-83.9150152,37.7371401],[-83.9151327,37.737375],[-83.915591,37.737901],[-83.91585,37.738496],[-83.9158496,37.7387133],[-83.915908,37.738885],[-83.916052,37.739915],[-83.9161212,37.740258],[-83.916023,37.740601],[-83.9153579,37.7417574],[-83.9153153,37.7419502],[-83.9153929,37.7421879],[-83.915936,37.742705],[-83.9164733,37.7431629],[-83.9175497,37.7437627],[-83.9184598,37.74396],[-83.918845,37.74417],[-83.9196534,37.7448241],[-83.919911,37.745245],[-83.9200444,37.745533],[-83.920055,37.745817],[-83.9199063,37.746211],[-83.9199397,37.7463959],[-83.9200089,37.7465609],[-83.9201621,37.7467284],[-83.9207061,37.7471466],[-83.9208681,37.7473119],[-83.9211096,37.7477227],[-83.9211866,37.7482737],[-83.9211491,37.748658],[-83.9207664,37.7490174],[-83.9206303,37.7493244],[-83.9208654,37.7496959],[-83.92084658729634,37.75]]}},{"type":"Feature","properties":{"osm_id":16160223,"highway":"residential","name":"Betsy Ridge Road","alt_name":null,"official_name":null,"surface":null,"tracktype":null,"service":null,"access":null,"motor_vehicle":null,"foot":null,"tiger_reviewed":"no","rrgh_part":0,"rrgh_tile_part":0},"geometry":{"type":"LineString","coordinates":[[-83.9015237,37.7334151],[-83.901539,37.733493],[-83.901588,37.733614],[-83.901627,37.73367],[-83.901995,37.73404],[-83.902148,37.734246],[-83.902226,37.734382],[-83.902417,37.734669],[-83.902533,37.734809],[-83.902674,37.734934],[-83.903155,37.735205],[-83.903373,37.735356],[-83.903507,37.735481],[-83.90381,37.735824],[-83.903956,37.736049],[-83.904007,37.736218],[-83.904043,37.736339],[-83.9041,37.736577],[-83.904179,37.736807],[-83.904222,37.737068],[-83.904219,37.737142],[-83.904192,37.737219],[-83.904094,37.737352],[-83.904027,37.737407],[-83.903878,37.737503],[-83.903817,37.737563],[-83.90377,37.737623],[-83.903655,37.737768],[-83.903624,37.737836],[-83.90361,37.737906],[-83.9036206,37.7380788],[-83.903756,37.738313],[-83.903869,37.738573],[-83.903945,37.738748],[-83.904041,37.738876],[-83.904215,37.739065],[-83.904367,37.739303],[-83.904431,37.739456],[-83.904499,37.739668],[-83.904536,37.739829],[-83.904541,37.739969],[-83.904524,37.740241],[-83.904557,37.740401],[-83.90462,37.740542],[-83.904748,37.740753],[-83.904781,37.74083],[-83.904798,37.740907],[-83.9048,37.740984],[-83.904765,37.741127],[-83.904712,37.741269],[-83.90457,37.741514],[-83.90433,37.7420053],[-83.904281,37.742039],[-83.904162,37.742161],[-83.904027,37.742269],[-83.903727,37.74247],[-83.903484,37.742717],[-83.903333,37.742929],[-83.903081,37.743343],[-83.902943,37.743513],[-83.90285,37.743668],[-83.902805,37.743743],[-83.902658,37.743929],[-83.902567,37.744081],[-83.902529,37.744174],[-83.902482,37.744255],[-83.902066,37.744834],[-83.902002,37.744893],[-83.901561,37.745177],[-83.9014739,37.7452432],[-83.90144,37.745269],[-83.90136,37.745408],[-83.90131,37.745553],[-83.901291,37.74575],[-83.901311,37.745946],[-83.901358,37.746226],[-83.901376,37.746483],[-83.901434,37.746713],[-83.901478,37.746825],[-83.901554,37.746942],[-83.901601,37.746997],[-83.901654,37.747049],[-83.901894,37.747237],[-83.902024,37.747376],[-83.902691,37.748444],[-83.902773,37.748588],[-83.902905,37.74882],[-83.9029716,37.7489297],[-83.903501,37.749802],[-83.90359647572815,37.75]]}},{"type":"Feature","properties":{"osm_id":16161505,"highway":"unclassified","name":"Marbleyard Road","alt_name":null,"official_name":null,"surface":"gravel","tracktype":null,"service":null,"access":null,"motor_vehicle":null,"foot":null,"tiger_reviewed":"no","rrgh_part":0,"rrgh_tile_part":0},"geometry":{"type":"LineString","coordinates":[[-83.93,37.74646783870965],[-83.929988,37.746499],[-83.929947,37.746786],[-83.92992,37.746895],[-83.929875,37.746981],[-83.929809,37.747056],[-83.929586,37.747189],[-83.929062,37.747395],[-83.928948,37.747454],[-83.928875,37.747504],[-83.928816,37.747559],[-83.92874,37.747652],[-83.928687,37.74774],[-83.928663,37.747814],[-83.928652,37.747914],[-83.928662,37.748],[-83.928708,37.748171],[-83.928777,37.748537],[-83.92890789022842,37.75]]}},{"type":"Feature","properties":{"osm_id":1226870605,"highway":"track","name":"Pitts Road","alt_name":null,"official_name":null,"surface":null,"tracktype":null,"service":null,"access":null,"motor_vehicle":null,"foot":null,"tiger_reviewed":"no","rrgh_part":0,"rrgh_tile_part":0},"geometry":{"type":"LineString","coordinates":[[-83.892798,37.734824],[-83.8928767,37.7352246],[-83.8932128,37.7364442],[-83.8933685,37.7367464],[-83.8936013,37.7372429],[-83.8936802,37.7378782],[-83.8938604,37.7383415],[-83.8941442,37.7386849],[-83.8944084,37.7389087],[-83.8945539,37.7394453],[-83.894735,37.74039],[-83.894821,37.740482],[-83.894735,37.740985],[-83.894331,37.741671],[-83.894014,37.742655],[-83.894042,37.743227],[-83.893956,37.743662],[-83.8938817,37.7451106],[-83.8937606,37.7455323],[-83.8937991,37.746009],[-83.894127,37.746681],[-83.8944992,37.7472965],[-83.8946164,37.7474461],[-83.8948087,37.7475264],[-83.8950706,37.7475852],[-83.895243,37.7476537],[-83.8955068,37.74789],[-83.8957444,37.748087],[-83.8959238,37.7482861],[-83.895951,37.7486213],[-83.8958914,37.7489072],[-83.8957636,37.7490893],[-83.8956542,37.7494524],[-83.8954338,37.7498562],[-83.89538800416203,37.75]]}},{"type":"Feature","properties":{"osm_id":16159788,"highway":"service","name":null,"alt_name":null,"official_name":null,"surface":null,"tracktype":null,"service":null,"access":null,"motor_vehicle":null,"foot":null,"tiger_reviewed":"no","rrgh_part":0,"rrgh_tile_part":0},"geometry":{"type":"LineString","coordinates":[[-83.9182311,37.71593],[-83.9192607,37.7162267]]}},{"type":"Feature","properties":{"osm_id":16159924,"highway":"service","name":null,"alt_name":null,"official_name":null,"surface":null,"tracktype":null,"service":null,"access":null,"motor_vehicle":null,"foot":null,"tiger_reviewed":"no","rrgh_part":0,"rrgh_tile_part":0},"geometry":{"type":"LineString","coordinates":[[-83.9162493,37.7215874],[-83.9160972,37.7216534],[-83.9158888,37.7221007]]}},{"type":"Feature","properties":{"osm_id":1226871561,"highway":"track","name":"FR 2037","alt_name":null,"official_name":null,"surface":null,"tracktype":null,"service":null,"access":null,"motor_vehicle":null,"foot":null,"tiger_reviewed":null,"rrgh_part":0,"rrgh_tile_part":0},"geometry":{"type":"LineString","coordinates":[[-83.93,37.73567656749565],[-83.9297254,37.7356317],[-83.9292225,37.7355385],[-83.9288571,37.7353533],[-83.9283831,37.7351152],[-83.9281862,37.7349276],[-83.9278386,37.7347223],[-83.9273475,37.7344909],[-83.9269545,37.7342924],[-83.9266896,37.7342253],[-83.926353,37.7341285],[-83.9258688,37.7339759],[-83.9252738,37.7338048],[-83.9249181,37.7336842],[-83.9245878,37.7335503],[-83.9243833,37.7332656],[-83.9242046,37.7330399],[-83.9239203,37.7328331],[-83.9236017,37.7325304],[-83.9233446,37.732274],[-83.9232035,37.7320099],[-83.9232045,37.7317739],[-83.923179,37.7316423],[-83.9230835,37.7315827],[-83.9229398,37.7315495],[-83.9227357,37.7314857],[-83.9226379,37.7314334],[-83.9225794,37.7312827],[-83.9226111,37.73111],[-83.9226527,37.7308695],[-83.9226379,37.7305904],[-83.922688,37.730312],[-83.9227247,37.7301356],[-83.9227663,37.7296852],[-83.9227962,37.7294205],[-83.9228516,37.7293137],[-83.9231765,37.7293121],[-83.9234265,37.7293238],[-83.9236364,37.7292506],[-83.9236727,37.7291778],[-83.9236486,37.7290739],[-83.923555,37.728999]]}},{"type":"Feature","properties":{"osm_id":1354806307,"highway":"track","name":null,"alt_name":null,"official_name":null,"surface":null,"tracktype":null,"service":null,"access":null,"motor_vehicle":null,"foot":null,"tiger_reviewed":null,"rrgh_part":0,"rrgh_tile_part":0},"geometry":{"type":"LineString","coordinates":[[-83.923555,37.728999],[-83.9237561,37.7290955],[-83.9239677,37.7291561],[-83.9242182,37.7291356],[-83.9244477,37.7290697],[-83.9248945,37.7290411],[-83.9250452,37.7289722],[-83.9252892,37.7288955],[-83.9259338,37.7286924],[-83.9264774,37.7285087],[-83.9268077,37.7284924],[-83.9269329,37.7285108],[-83.9270779,37.7284942],[-83.9272331,37.7284091],[-83.9275364,37.7282048],[-83.9277901,37.7280612],[-83.928018,37.7279862],[-83.9281771,37.7279852],[-83.9282402,37.7279966],[-83.9282437,37.7280193],[-83.9281656,37.7280418],[-83.9279974,37.7281205],[-83.9279689,37.728201]]}},{"type":"Feature","properties":{"osm_id":1354806316,"highway":"residential","name":"Wise Farm Lane","alt_name":null,"official_name":null,"surface":null,"tracktype":null,"service":null,"access":null,"motor_vehicle":null,"foot":null,"tiger_reviewed":"no","rrgh_part":0,"rrgh_tile_part":0},"geometry":{"type":"LineString","coordinates":[[-83.921568,37.7288484],[-83.921619,37.7288592],[-83.921826,37.72886],[-83.922189,37.728933],[-83.922535,37.728939],[-83.922813,37.728984],[-83.922916,37.728992],[-83.92339,37.728964],[-83.923555,37.728999]]}},{"type":"Feature","properties":{"osm_id":1354806317,"highway":"residential","name":"Wise Farm Lane","alt_name":null,"official_name":null,"surface":null,"tracktype":null,"service":null,"access":null,"motor_vehicle":null,"foot":null,"tiger_reviewed":"no","rrgh_part":0,"rrgh_tile_part":0},"geometry":{"type":"LineString","coordinates":[[-83.9214838,37.7288314],[-83.921568,37.7288484]]}},{"type":"Feature","properties":{"osm_id":16159741,"highway":"service","name":null,"alt_name":null,"official_name":null,"surface":null,"tracktype":null,"service":null,"access":"private","motor_vehicle":null,"foot":null,"tiger_reviewed":"no","rrgh_part":0,"rrgh_tile_part":0},"geometry":{"type":"LineString","coordinates":[[-83.9142252,37.7271195],[-83.91379,37.727588]]}},{"type":"Feature","properties":{"osm_id":1354806305,"highway":"residential","name":"Ticky Fork Drive","alt_name":null,"official_name":null,"surface":null,"tracktype":null,"service":null,"access":null,"motor_vehicle":null,"foot":null,"tiger_reviewed":"no","rrgh_part":0,"rrgh_tile_part":0},"geometry":{"type":"LineString","coordinates":[[-83.9134942,37.7277363],[-83.913584,37.727675],[-83.91379,37.727588],[-83.914045,37.727527],[-83.914744,37.727435],[-83.914807,37.727419],[-83.914921,37.727355],[-83.915175,37.727137],[-83.915413,37.727014],[-83.915695,37.7269],[-83.915912,37.726799],[-83.916056,37.726746],[-83.916204,37.72672],[-83.916344,37.726709],[-83.916478,37.726727],[-83.91679,37.726789],[-83.916915,37.726826],[-83.916969,37.726852],[-83.917191,37.727004],[-83.917242,37.727021]]}},{"type":"Feature","properties":{"osm_id":1354806314,"highway":"residential","name":"Ticky Fork Drive","alt_name":null,"official_name":null,"surface":null,"tracktype":null,"service":null,"access":null,"motor_vehicle":null,"foot":null,"tiger_reviewed":"no","rrgh_part":0,"rrgh_tile_part":0},"geometry":{"type":"LineString","coordinates":[[-83.9177384,37.726059],[-83.917697,37.726194],[-83.9176,37.726554],[-83.917518,37.72681],[-83.917468,37.726895],[-83.917388,37.726978],[-83.917356,37.726998],[-83.917305,37.727014],[-83.917242,37.727021]]}},{"type":"Feature","properties":{"osm_id":1354806315,"highway":"residential","name":"Ticky Fork Drive","alt_name":null,"official_name":null,"surface":null,"tracktype":null,"service":null,"access":null,"motor_vehicle":null,"foot":null,"tiger_reviewed":"no","rrgh_part":0,"rrgh_tile_part":0},"geometry":{"type":"LineString","coordinates":[[-83.9177641,37.7259886],[-83.9177384,37.726059]]}},{"type":"Feature","properties":{"osm_id":16160238,"highway":"residential","name":"Ticky Fork Drive","alt_name":null,"official_name":null,"surface":null,"tracktype":null,"service":null,"access":null,"motor_vehicle":null,"foot":null,"tiger_reviewed":"no","rrgh_part":0,"rrgh_tile_part":0},"geometry":{"type":"LineString","coordinates":[[-83.9134942,37.7277363],[-83.913477,37.727768],[-83.913358,37.727953],[-83.913306,37.728014],[-83.913029,37.728276],[-83.912953,37.72838],[-83.91289,37.728499],[-83.91272,37.728908],[-83.912643,37.729052],[-83.912484,37.729302],[-83.91235,37.729458],[-83.912239,37.729539],[-83.91219,37.729587],[-83.912065,37.729743],[-83.912006,37.729853],[-83.911965,37.729979],[-83.911924,37.730286],[-83.911894,37.730386],[-83.911633,37.730855],[-83.91136,37.731307],[-83.911114,37.731878],[-83.910842,37.732408],[-83.910808,37.732524],[-83.910779,37.732726],[-83.910721,37.732855],[-83.91064,37.732972],[-83.910592,37.733024],[-83.910348,37.733264],[-83.910209,37.733379]]}},{"type":"Feature","properties":{"osm_id":16160593,"highway":"residential","name":"Parks County Lane","alt_name":null,"official_name":null,"surface":null,"tracktype":null,"service":null,"access":null,"motor_vehicle":null,"foot":null,"tiger_reviewed":"no","rrgh_part":0,"rrgh_tile_part":0},"geometry":{"type":"LineString","coordinates":[[-83.917242,37.727021],[-83.917283,37.727077],[-83.917563,37.727237],[-83.918239,37.727668],[-83.918455,37.727794],[-83.918741,37.727937],[-83.919018,37.728115],[-83.919164,37.728179],[-83.919236,37.728193],[-83.919459,37.728198],[-83.91954,37.728216],[-83.919737,37.728284],[-83.919865,37.728348],[-83.92001,37.728463],[-83.920089,37.728542],[-83.920146,37.728625],[-83.920295,37.728939],[-83.920702,37.72967],[-83.920761,37.729759],[-83.920801,37.729797],[-83.92115,37.729995],[-83.921335,37.730148]]}},{"type":"Feature","properties":{"osm_id":16162010,"highway":"residential","name":"Wise Farm Lane","alt_name":null,"official_name":null,"surface":null,"tracktype":null,"service":null,"access":null,"motor_vehicle":null,"foot":null,"tiger_reviewed":"no","rrgh_part":0,"rrgh_tile_part":0},"geometry":{"type":"LineString","coordinates":[[-83.917697,37.726194],[-83.917887,37.726217],[-83.917992,37.726241],[-83.918096,37.72628],[-83.91819,37.726335],[-83.918276,37.726399],[-83.918431,37.72656],[-83.918519,37.726635],[-83.91897,37.726896],[-83.919142,37.727031],[-83.919469,37.727326],[-83.919837,37.727601],[-83.920444,37.727906],[-83.920555,37.727948],[-83.920795,37.728013],[-83.920908,37.728064],[-83.920996,37.728133],[-83.921088,37.728241],[-83.921167,37.72837],[-83.921332,37.728598],[-83.9213876,37.72875],[-83.9214341,37.7288034],[-83.9214838,37.7288314]]}},{"type":"Feature","properties":{"osm_id":1226871562,"highway":"track","name":"FR 247A","alt_name":null,"official_name":null,"surface":null,"tracktype":null,"service":null,"access":null,"motor_vehicle":null,"foot":null,"tiger_reviewed":"no","rrgh_part":0,"rrgh_tile_part":0},"geometry":{"type":"LineString","coordinates":[[-83.921335,37.730148],[-83.9214542,37.7302625],[-83.9216405,37.7304689],[-83.9216903,37.7306903],[-83.921681,37.7311555],[-83.921689,37.7312676],[-83.9217204,37.7313847],[-83.9217805,37.7315039],[-83.9218318,37.7318009],[-83.9218525,37.7319019],[-83.9219868,37.7320201],[-83.9220767,37.7321552],[-83.9221909,37.7323943],[-83.9221893,37.7327761],[-83.9222601,37.7331336],[-83.9222158,37.7334946]]}},{"type":"Feature","properties":{"osm_id":1354806306,"highway":"service","name":null,"alt_name":null,"official_name":null,"surface":null,"tracktype":null,"service":null,"access":"private","motor_vehicle":null,"foot":null,"tiger_reviewed":"no","rrgh_part":0,"rrgh_tile_part":0},"geometry":{"type":"LineString","coordinates":[[-83.9134942,37.7277363],[-83.9131869,37.7277957],[-83.9129493,37.7279165],[-83.9125328,37.728347],[-83.9122971,37.7282712],[-83.9116635,37.7280672],[-83.911533,37.728039]]}},{"type":"Feature","properties":{"osm_id":1318244724,"highway":"track","name":null,"alt_name":null,"official_name":null,"surface":null,"tracktype":null,"service":null,"access":null,"motor_vehicle":null,"foot":null,"tiger_reviewed":null,"rrgh_part":0,"rrgh_tile_part":0},"geometry":{"type":"LineString","coordinates":[[-83.9005816,37.7233187],[-83.9016167,37.7234502],[-83.9020511,37.7236114],[-83.9022227,37.7237005],[-83.9022924,37.7238066],[-83.9023514,37.7240399],[-83.9024479,37.7242096],[-83.9026088,37.724375],[-83.9029038,37.7246338],[-83.9030754,37.7248459],[-83.9031237,37.7250029],[-83.9031344,37.7251895],[-83.9031827,37.725444],[-83.9032738,37.7257961],[-83.9034884,37.7263179],[-83.9038102,37.726933],[-83.9039121,37.7272215],[-83.9039603,37.7275736],[-83.9039657,37.7278748],[-83.9039389,37.7280063],[-83.9038262,37.7283202],[-83.9035205,37.728825],[-83.9033811,37.7291474],[-83.9032846,37.7293129],[-83.903138,37.729508]]}},{"type":"Feature","properties":{"osm_id":16161837,"highway":"residential","name":"Mc Intosh Hollow Road","alt_name":null,"official_name":null,"surface":null,"tracktype":null,"service":null,"access":null,"motor_vehicle":null,"foot":null,"tiger_reviewed":"no","rrgh_part":0,"rrgh_tile_part":0},"geometry":{"type":"LineString","coordinates":[[-83.88999,37.721267],[-83.889397,37.721452],[-83.888781,37.721632],[-83.888035,37.721896],[-83.887707,37.721988],[-83.887232,37.722106],[-83.887043,37.722128],[-83.8866,37.722158],[-83.886359,37.722186],[-83.886249,37.722219],[-83.886106,37.722298],[-83.886017,37.722369],[-83.885938,37.722451],[-83.885714,37.722649],[-83.885443,37.722869]]}},{"type":"Feature","properties":{"osm_id":16161315,"highway":"service","name":"Cr-1052","alt_name":null,"official_name":null,"surface":null,"tracktype":null,"service":null,"access":"private","motor_vehicle":null,"foot":null,"tiger_reviewed":"no","rrgh_part":0,"rrgh_tile_part":0},"geometry":{"type":"LineString","coordinates":[[-83.902639,37.730179],[-83.902745,37.730047],[-83.902884,37.729844],[-83.903079,37.729603],[-83.903138,37.729508]]}},{"type":"Feature","properties":{"osm_id":16159483,"highway":"track","name":null,"alt_name":null,"official_name":null,"surface":null,"tracktype":null,"service":null,"access":null,"motor_vehicle":null,"foot":null,"tiger_reviewed":"no","rrgh_part":0,"rrgh_tile_part":0},"geometry":{"type":"LineString","coordinates":[[-83.903869,37.738573],[-83.903282,37.740733],[-83.903111,37.741033],[-83.902862,37.741225],[-83.902656,37.741388],[-83.90236,37.741516],[-83.902004,37.741579],[-83.90177,37.741594]]}},{"type":"Feature","properties":{"osm_id":16160028,"highway":"track","name":null,"alt_name":null,"official_name":null,"surface":null,"tracktype":null,"service":null,"access":null,"motor_vehicle":null,"foot":null,"tiger_reviewed":"no","rrgh_part":0,"rrgh_tile_part":0},"geometry":{"type":"LineString","coordinates":[[-83.8971922,37.7319679],[-83.897883,37.732255],[-83.899505,37.732407],[-83.9002135,37.732534],[-83.9008107,37.7329103],[-83.9015237,37.7334151]]}},{"type":"Feature","properties":{"osm_id":1408630792,"highway":"residential","name":"Betsy Ridge Road","alt_name":null,"official_name":null,"surface":"gravel","tracktype":null,"service":null,"access":null,"motor_vehicle":null,"foot":null,"tiger_reviewed":"no","rrgh_part":0,"rrgh_tile_part":0},"geometry":{"type":"LineString","coordinates":[[-83.902639,37.730179],[-83.902569,37.730265],[-83.902481,37.730397],[-83.902377,37.730597],[-83.902351,37.73074],[-83.902351,37.730821],[-83.902394,37.731008],[-83.902428,37.731108],[-83.902683,37.731468],[-83.9027,37.731572],[-83.902667,37.731727],[-83.902619,37.731884],[-83.902371,37.73232],[-83.902282,37.732457],[-83.902226,37.73252],[-83.90204,37.732807],[-83.901947,37.732937],[-83.901759,37.733163],[-83.9015613,37.7333389],[-83.9015237,37.7334151]]}},{"type":"Feature","properties":{"osm_id":16159296,"highway":"service","name":null,"alt_name":null,"official_name":null,"surface":null,"tracktype":null,"service":null,"access":"private","motor_vehicle":null,"foot":null,"tiger_reviewed":"no","rrgh_part":0,"rrgh_tile_part":0},"geometry":{"type":"LineString","coordinates":[[-83.904007,37.736218],[-83.89932,37.734391]]}},{"type":"Feature","properties":{"osm_id":16159746,"highway":"track","name":null,"alt_name":null,"official_name":null,"surface":null,"tracktype":null,"service":null,"access":null,"motor_vehicle":null,"foot":null,"tiger_reviewed":"no","rrgh_part":0,"rrgh_tile_part":0},"geometry":{"type":"LineString","coordinates":[[-83.90377,37.737623],[-83.903531,37.7376107],[-83.9028716,37.737686],[-83.901823,37.73751],[-83.900007,37.737349],[-83.899719,37.737166],[-83.899633,37.736983]]}},{"type":"Feature","properties":{"osm_id":16159384,"highway":"residential","name":null,"alt_name":null,"official_name":null,"surface":null,"tracktype":null,"service":null,"access":null,"motor_vehicle":null,"foot":null,"tiger_reviewed":"no","rrgh_part":0,"rrgh_tile_part":0},"geometry":{"type":"LineString","coordinates":[[-83.892798,37.734824],[-83.892605,37.735528],[-83.892597,37.735985],[-83.892533,37.736337],[-83.893177,37.738567],[-83.893362,37.738793],[-83.893937,37.739321],[-83.894058,37.739485],[-83.894194,37.739779],[-83.894385,37.740209],[-83.894735,37.74039]]}},{"type":"Feature","properties":{"osm_id":16159386,"highway":"residential","name":null,"alt_name":null,"official_name":null,"surface":null,"tracktype":null,"service":null,"access":null,"motor_vehicle":null,"foot":null,"tiger_reviewed":"no","rrgh_part":0,"rrgh_tile_part":0},"geometry":{"type":"LineString","coordinates":[[-83.894014,37.742655],[-83.893835,37.742582],[-83.893639,37.742357],[-83.8935878,37.7408625],[-83.8934222,37.7406018],[-83.8926976,37.7396412],[-83.892431,37.7393304],[-83.8920297,37.7390866],[-83.8915497,37.7388948],[-83.8912662,37.7386641],[-83.8906976,37.7386255],[-83.8903227,37.7386848],[-83.88996,37.7387227],[-83.889555,37.7389601],[-83.8892318,37.7390829],[-83.8885229,37.7388002],[-83.8886297,37.7392991],[-83.888715,37.739725],[-83.8886207,37.7400008],[-83.88834,37.740228],[-83.888138,37.7404299],[-83.888068,37.740795],[-83.887389,37.741303],[-83.8871759,37.7415133],[-83.886928,37.741829],[-83.8867875,37.7421245]]}},{"type":"Feature","properties":{"osm_id":16159486,"highway":"track","name":null,"alt_name":null,"official_name":null,"surface":null,"tracktype":null,"service":null,"access":null,"motor_vehicle":null,"foot":null,"tiger_reviewed":"no","rrgh_part":0,"rrgh_tile_part":0},"geometry":{"type":"LineString","coordinates":[[-83.90285,37.743668],[-83.902809,37.743121],[-83.902822,37.74185],[-83.902906,37.741547],[-83.902922,37.741419],[-83.902862,37.741225]]}},{"type":"Feature","properties":{"osm_id":1318244723,"highway":"track","name":"FR 231A","alt_name":null,"official_name":null,"surface":null,"tracktype":null,"service":null,"access":null,"motor_vehicle":null,"foot":null,"tiger_reviewed":null,"rrgh_part":0,"rrgh_tile_part":0},"geometry":{"type":"LineString","coordinates":[[-83.91042582120645,37.75],[-83.9103812,37.7497411],[-83.910072,37.7495246]]}},{"type":"Feature","properties":{"osm_id":16159701,"highway":"residential","name":null,"alt_name":null,"official_name":null,"surface":null,"tracktype":null,"service":null,"access":null,"motor_vehicle":null,"foot":null,"tiger_reviewed":"no","rrgh_part":0,"rrgh_tile_part":0},"geometry":{"type":"LineString","coordinates":[[-83.894735,37.74039],[-83.894528,37.740604],[-83.894306,37.74072],[-83.8941423,37.7408806],[-83.894082,37.7410138],[-83.8939959,37.7411401],[-83.8938901,37.7411543],[-83.8937776,37.7410728],[-83.8935878,37.7408625]]}},{"type":"Feature","properties":{"osm_id":16159700,"highway":"residential","name":null,"alt_name":null,"official_name":null,"surface":null,"tracktype":null,"service":null,"access":null,"motor_vehicle":null,"foot":null,"tiger_reviewed":"no","rrgh_part":0,"rrgh_tile_part":0},"geometry":{"type":"LineString","coordinates":[[-83.894042,37.743227],[-83.893525,37.743786],[-83.891735,37.744742]]}},{"type":"Feature","properties":{"osm_id":16160166,"highway":"residential","name":null,"alt_name":null,"official_name":null,"surface":null,"tracktype":null,"service":null,"access":null,"motor_vehicle":null,"foot":null,"tiger_reviewed":"no","rrgh_part":0,"rrgh_tile_part":0},"geometry":{"type":"LineString","coordinates":[[-83.8871759,37.7415133],[-83.8875743,37.7416683],[-83.8879613,37.7417033],[-83.8883145,37.7416044],[-83.8888764,37.7412731],[-83.8893665,37.7408933],[-83.8896421,37.7412118],[-83.8896529,37.7416962],[-83.8893752,37.7424337],[-83.8888,37.742608],[-83.8879428,37.7431256],[-83.8875636,37.7433412],[-83.8869465,37.743616],[-83.8866561,37.7435905],[-83.8866792,37.7431986],[-83.8870981,37.7426927],[-83.8870478,37.7424206],[-83.8867875,37.7421245],[-83.8863354,37.7423757],[-83.885608,37.7426979],[-83.8852422,37.7430653],[-83.8851405,37.7430899],[-83.8850164,37.7430328]]}},{"type":"Feature","properties":{"osm_id":16160507,"highway":"residential","name":"Driftwood Drive","alt_name":null,"official_name":null,"surface":null,"tracktype":null,"service":null,"access":null,"motor_vehicle":null,"foot":null,"tiger_reviewed":"no","rrgh_part":0,"rrgh_tile_part":0},"geometry":{"type":"LineString","coordinates":[[-83.87681516929135,37.675],[-83.876602,37.675119],[-83.876418,37.675199],[-83.876328,37.675224],[-83.875954,37.67529],[-83.875644,37.675385],[-83.875445,37.675429],[-83.873899,37.675594],[-83.873549,37.675639],[-83.87334,37.675688],[-83.873141,37.675755],[-83.872934,37.67583],[-83.872626,37.675961],[-83.872347,37.676111],[-83.872182,37.67623],[-83.871964,37.676456],[-83.871827,37.676624],[-83.871646,37.676872],[-83.871493,37.677116],[-83.871405,37.67729],[-83.871153,37.677858],[-83.871041,37.678034],[-83.870972,37.678116],[-83.870734,37.678333],[-83.870551,37.678467],[-83.87035,37.678583],[-83.870245,37.678631],[-83.870034,37.67871],[-83.869698,37.678802],[-83.86941,37.678867],[-83.869051,37.678901],[-83.868677,37.678905],[-83.868514,37.678893],[-83.868281,37.67885],[-83.867937,37.678738],[-83.867668,37.67863],[-83.867343,37.678459],[-83.867065,37.678332],[-83.866755,37.678216],[-83.866436,37.678128],[-83.866216,37.678096],[-83.866104,37.678088],[-83.865877,37.678091],[-83.865552,37.678125],[-83.865,37.678225],[-83.864654,37.67832],[-83.86437,37.678455],[-83.864292,37.67851],[-83.864217,37.678571],[-83.864079,37.678711],[-83.863649,37.679247],[-83.863471,37.67945],[-83.863295,37.679632],[-83.862946,37.679944],[-83.862735,37.680176],[-83.862646,37.680233],[-83.8626008,37.680251],[-83.8625541,37.6802395]]}},{"type":"Feature","properties":{"osm_id":16163170,"highway":"service","name":"Cr-1173","alt_name":null,"official_name":null,"surface":null,"tracktype":null,"service":null,"access":null,"motor_vehicle":null,"foot":null,"tiger_reviewed":"no","rrgh_part":0,"rrgh_tile_part":0},"geometry":{"type":"LineString","coordinates":[[-83.86869,37.679057],[-83.868514,37.678893]]}},{"type":"Feature","properties":{"osm_id":16162292,"highway":"residential","name":"Driftwood Road","alt_name":null,"official_name":null,"surface":null,"tracktype":null,"service":null,"access":null,"motor_vehicle":null,"foot":null,"tiger_reviewed":"no","rrgh_part":0,"rrgh_tile_part":0},"geometry":{"type":"LineString","coordinates":[[-83.862299,37.680097],[-83.861985,37.679927],[-83.861829,37.679872],[-83.861665,37.679849],[-83.861493,37.67984],[-83.860779,37.679771],[-83.860529,37.679767],[-83.860277,37.67978],[-83.860118,37.679815],[-83.860045,37.679845],[-83.859924,37.679918],[-83.859833,37.680002],[-83.859578,37.680307],[-83.859413,37.680455]]}},{"type":"Feature","properties":{"osm_id":968894207,"highway":"service","name":null,"alt_name":null,"official_name":null,"surface":null,"tracktype":null,"service":null,"access":null,"motor_vehicle":null,"foot":null,"tiger_reviewed":null,"rrgh_part":0,"rrgh_tile_part":0},"geometry":{"type":"LineString","coordinates":[[-83.86869,37.679057],[-83.8690219,37.6793208],[-83.8694334,37.6800136],[-83.8697397,37.6803323],[-83.8709171,37.6808762],[-83.8720157,37.681427]]}},{"type":"Feature","properties":{"osm_id":969840608,"highway":"service","name":null,"alt_name":null,"official_name":null,"surface":null,"tracktype":null,"service":null,"access":null,"motor_vehicle":null,"foot":null,"tiger_reviewed":null,"rrgh_part":0,"rrgh_tile_part":0},"geometry":{"type":"LineString","coordinates":[[-83.8626008,37.680251],[-83.8625901,37.6803663],[-83.862537,37.6806007],[-83.8625134,37.6808503],[-83.8625768,37.6810089],[-83.862621,37.6810976],[-83.8623528,37.6816691],[-83.8622393,37.681753],[-83.8621317,37.681837],[-83.8620271,37.6820399],[-83.862036,37.682209],[-83.8619932,37.6823875],[-83.8618871,37.6825613],[-83.8617707,37.6828353],[-83.8616056,37.6836587],[-83.8615334,37.6840074]]}},{"type":"Feature","properties":{"osm_id":1410464277,"highway":"residential","name":"Driftwood Drive","alt_name":null,"official_name":null,"surface":null,"tracktype":null,"service":null,"access":null,"motor_vehicle":null,"foot":null,"tiger_reviewed":"no","rrgh_part":0,"rrgh_tile_part":0},"geometry":{"type":"LineString","coordinates":[[-83.8624749,37.6801939],[-83.862299,37.680097]]}},{"type":"Feature","properties":{"osm_id":1410464278,"highway":"residential","name":"Driftwood Drive","alt_name":null,"official_name":null,"surface":null,"tracktype":null,"service":null,"access":null,"motor_vehicle":null,"foot":null,"tiger_reviewed":"no","rrgh_part":0,"rrgh_tile_part":0},"geometry":{"type":"LineString","coordinates":[[-83.8625541,37.6802395],[-83.8624749,37.6801939]]}},{"type":"Feature","properties":{"osm_id":16159732,"highway":"residential","name":null,"alt_name":null,"official_name":null,"surface":null,"tracktype":null,"service":null,"access":null,"motor_vehicle":null,"foot":null,"tiger_reviewed":"no","rrgh_part":0,"rrgh_tile_part":0},"geometry":{"type":"LineString","coordinates":[[-83.851201,37.676943],[-83.850391,37.6772391],[-83.8498825,37.6773317],[-83.8491287,37.677202],[-83.8481819,37.6773474],[-83.8473351,37.677583],[-83.846812,37.677698],[-83.846225,37.6778642],[-83.8457711,37.6779465],[-83.8453178,37.6782279],[-83.8451699,37.6784725],[-83.845019,37.6785437],[-83.845,37.67854598052126]]}},{"type":"Feature","properties":{"osm_id":16161572,"highway":"residential","name":"Sudders Fork Road","alt_name":null,"official_name":null,"surface":null,"tracktype":null,"service":null,"access":null,"motor_vehicle":null,"foot":null,"tiger_reviewed":"no","rrgh_part":0,"rrgh_tile_part":0},"geometry":{"type":"LineString","coordinates":[[-83.859417,37.675684],[-83.859177,37.675754],[-83.858996,37.675833],[-83.858796,37.675906],[-83.85859,37.675967],[-83.858519,37.675978],[-83.85845,37.67598],[-83.858116,37.67595],[-83.857809,37.675963],[-83.857482,37.675932],[-83.857194,37.675916],[-83.856761,37.675858],[-83.85651,37.675847],[-83.856319,37.675855],[-83.855418,37.675957],[-83.855241,37.675991],[-83.855154,37.676018],[-83.854592,37.676291],[-83.854506,37.676318],[-83.854328,37.676353],[-83.854151,37.676375],[-83.853972,37.676383],[-83.853627,37.676361],[-83.853362,37.676359],[-83.853087,37.67639],[-83.852745,37.676401],[-83.852522,37.676443],[-83.85196,37.676625],[-83.85171,37.676719],[-83.851366,37.676879],[-83.851201,37.676943]]}},{"type":"Feature","properties":{"osm_id":16159767,"highway":"residential","name":null,"alt_name":null,"official_name":null,"surface":null,"tracktype":null,"service":null,"access":null,"motor_vehicle":null,"foot":null,"tiger_reviewed":"no","rrgh_part":0,"rrgh_tile_part":0},"geometry":{"type":"LineString","coordinates":[[-83.859866,37.697682],[-83.858348,37.698051],[-83.858073,37.698183],[-83.857874,37.698384],[-83.857773,37.698598],[-83.857712,37.69879]]}},{"type":"Feature","properties":{"osm_id":16161522,"highway":"residential","name":"Sandstone Trail","alt_name":null,"official_name":null,"surface":null,"tracktype":null,"service":null,"access":null,"motor_vehicle":null,"foot":null,"tiger_reviewed":"no","rrgh_part":0,"rrgh_tile_part":0},"geometry":{"type":"LineString","coordinates":[[-83.868561,37.705094],[-83.868616,37.705093],[-83.868815,37.705051],[-83.868913,37.705047],[-83.868967,37.705054],[-83.869092,37.705092],[-83.869347,37.705188],[-83.869399,37.705199],[-83.869507,37.705203],[-83.869559,37.705192],[-83.869706,37.705097],[-83.869827,37.70496],[-83.870027,37.70469],[-83.870058,37.704634],[-83.870093,37.70451],[-83.870113,37.704364],[-83.870123,37.704159],[-83.870115,37.70397],[-83.870081,37.703707],[-83.870053,37.7032],[-83.870051,37.702914],[-83.870222,37.702481],[-83.870365,37.701985],[-83.870373,37.701916],[-83.870343,37.701406],[-83.87023,37.70069],[-83.870211,37.700196],[-83.870184,37.70001],[-83.870097,37.699843],[-83.870016,37.699748],[-83.869911,37.699684],[-83.869623,37.699579]]}},{"type":"Feature","properties":{"osm_id":968894270,"highway":"service","name":null,"alt_name":null,"official_name":null,"surface":null,"tracktype":null,"service":null,"access":null,"motor_vehicle":null,"foot":null,"tiger_reviewed":null,"rrgh_part":0,"rrgh_tile_part":0},"geometry":{"type":"LineString","coordinates":[[-83.8839277,37.71174],[-83.8838385,37.7116889],[-83.8837248,37.7117769],[-83.883535,37.711925],[-83.8835983,37.7119733],[-83.8836383,37.7120052]]}},{"type":"Feature","properties":{"osm_id":16159978,"highway":"residential","name":null,"alt_name":null,"official_name":null,"surface":null,"tracktype":null,"service":null,"access":null,"motor_vehicle":null,"foot":null,"tiger_reviewed":"no","rrgh_part":0,"rrgh_tile_part":0},"geometry":{"type":"LineString","coordinates":[[-83.859024,37.700832],[-83.860544,37.700856],[-83.860675,37.700808],[-83.860537,37.700701],[-83.859537,37.700461]]}},{"type":"Feature","properties":{"osm_id":968894271,"highway":"service","name":null,"alt_name":null,"official_name":null,"surface":null,"tracktype":null,"service":null,"access":null,"motor_vehicle":null,"foot":null,"tiger_reviewed":null,"rrgh_part":0,"rrgh_tile_part":0},"geometry":{"type":"LineString","coordinates":[[-83.8700885,37.7093028],[-83.8701242,37.7092161],[-83.8702184,37.7089118],[-83.8704016,37.7086137],[-83.8704775,37.7084356],[-83.8705246,37.7081085],[-83.8706109,37.7079573],[-83.8707915,37.7077524],[-83.8710663,37.7075288],[-83.8713542,37.7071105]]}},{"type":"Feature","properties":{"osm_id":16159478,"highway":"service","name":null,"alt_name":null,"official_name":null,"surface":null,"tracktype":null,"service":null,"access":"private","motor_vehicle":null,"foot":null,"tiger_reviewed":"no","rrgh_part":0,"rrgh_tile_part":0},"geometry":{"type":"LineString","coordinates":[[-83.846696,37.693852],[-83.847236,37.694329],[-83.847604,37.694639],[-83.847828,37.694821],[-83.847943,37.694882],[-83.84796,37.694996],[-83.847923,37.695067],[-83.847642,37.695124]]}},{"type":"Feature","properties":{"osm_id":16159941,"highway":"residential","name":null,"alt_name":null,"official_name":null,"surface":null,"tracktype":null,"service":null,"access":null,"motor_vehicle":null,"foot":null,"tiger_reviewed":"no","rrgh_part":0,"rrgh_tile_part":0},"geometry":{"type":"LineString","coordinates":[[-83.849307,37.6928],[-83.849528,37.693596],[-83.849564,37.693735],[-83.849532,37.69398]]}},{"type":"Feature","properties":{"osm_id":16163067,"highway":"residential","name":"Morefield Road","alt_name":null,"official_name":null,"surface":null,"tracktype":null,"service":null,"access":null,"motor_vehicle":null,"foot":null,"tiger_reviewed":"no","rrgh_part":0,"rrgh_tile_part":0},"geometry":{"type":"LineString","coordinates":[[-83.856686,37.689563],[-83.856601,37.689796],[-83.856328,37.690348],[-83.856239,37.690572],[-83.856197,37.690725],[-83.856172,37.690915],[-83.856175,37.690986],[-83.856203,37.691123],[-83.85626,37.691248],[-83.856606,37.691799],[-83.856733,37.692037],[-83.856937,37.692568],[-83.856978,37.692737],[-83.857006,37.692911],[-83.85698,37.693246],[-83.856965,37.693317],[-83.856867,37.693606],[-83.85684,37.693765],[-83.856777,37.694006],[-83.856679,37.694233],[-83.856534,37.694438],[-83.85637,37.694631],[-83.856144,37.694843],[-83.8560242,37.6949412],[-83.855983,37.694975]]}},{"type":"Feature","properties":{"osm_id":16161568,"highway":"residential","name":"Dickerson Cem Road","alt_name":null,"official_name":null,"surface":null,"tracktype":null,"service":null,"access":null,"motor_vehicle":null,"foot":null,"tiger_reviewed":"no","rrgh_part":0,"rrgh_tile_part":0},"geometry":{"type":"LineString","coordinates":[[-83.846696,37.693852],[-83.846547,37.693679],[-83.846131,37.693361],[-83.845996,37.693271],[-83.845955,37.69326],[-83.84587,37.693276]]}},{"type":"Feature","properties":{"osm_id":16159724,"highway":"residential","name":null,"alt_name":null,"official_name":null,"surface":null,"tracktype":null,"service":null,"access":null,"motor_vehicle":null,"foot":null,"tiger_reviewed":"no","rrgh_part":0,"rrgh_tile_part":0},"geometry":{"type":"LineString","coordinates":[[-83.858969,37.701133],[-83.858767,37.701183],[-83.858678,37.701211],[-83.858067,37.701218],[-83.857621,37.701187],[-83.857236,37.701203],[-83.857125,37.701155]]}},{"type":"Feature","properties":{"osm_id":16162593,"highway":"residential","name":"Mackey Cemetery Road","alt_name":null,"official_name":null,"surface":null,"tracktype":null,"service":null,"access":null,"motor_vehicle":null,"foot":null,"tiger_reviewed":"no","rrgh_part":0,"rrgh_tile_part":0},"geometry":{"type":"LineString","coordinates":[[-83.85521,37.706535],[-83.855274,37.706522],[-83.855455,37.706523],[-83.855611,37.706498],[-83.855871,37.706411],[-83.856138,37.706339],[-83.856244,37.706293],[-83.856327,37.706238],[-83.856358,37.706205],[-83.856471,37.706002],[-83.856592,37.70591],[-83.857006,37.705676],[-83.857308,37.705557],[-83.857396,37.705488],[-83.857503,37.705314],[-83.857568,37.705265],[-83.857899,37.705173]]}},{"type":"Feature","properties":{"osm_id":16159297,"highway":"residential","name":null,"alt_name":null,"official_name":null,"surface":null,"tracktype":null,"service":null,"access":null,"motor_vehicle":null,"foot":null,"tiger_reviewed":"no","rrgh_part":0,"rrgh_tile_part":0},"geometry":{"type":"LineString","coordinates":[[-83.873792,37.720072],[-83.873355,37.719805],[-83.873004,37.719808],[-83.872594,37.719773],[-83.872315,37.719607],[-83.872004,37.719449],[-83.871807,37.719267],[-83.871824,37.718661],[-83.87182,37.718303],[-83.871671,37.718152],[-83.871202,37.718156],[-83.87051,37.718147],[-83.87016,37.718127],[-83.87003,37.718072]]}},{"type":"Feature","properties":{"osm_id":16159482,"highway":"residential","name":null,"alt_name":null,"official_name":null,"surface":null,"tracktype":null,"service":null,"access":null,"motor_vehicle":null,"foot":null,"tiger_reviewed":"no","rrgh_part":0,"rrgh_tile_part":0},"geometry":{"type":"LineString","coordinates":[[-83.87597,37.717935],[-83.875404,37.718282],[-83.875283,37.718321],[-83.87492,37.718175],[-83.874053,37.717245],[-83.873779,37.717173],[-83.873232,37.717166],[-83.87314,37.717021],[-83.8731,37.716681],[-83.872917,37.716141]]}},{"type":"Feature","properties":{"osm_id":16162038,"highway":"residential","name":"Mc Intosh Road","alt_name":null,"official_name":null,"surface":null,"tracktype":null,"service":null,"access":null,"motor_vehicle":null,"foot":null,"tiger_reviewed":"no","rrgh_part":0,"rrgh_tile_part":0},"geometry":{"type":"LineString","coordinates":[[-83.885443,37.722869],[-83.885321,37.722969],[-83.885244,37.723049],[-83.885078,37.723259],[-83.884763,37.72352],[-83.884629,37.723656],[-83.884475,37.72387],[-83.884357,37.724091],[-83.884287,37.724304],[-83.884274,37.724413],[-83.884254,37.724473],[-83.88409,37.724711],[-83.883875,37.724937],[-83.883526,37.725201],[-83.883228,37.725532],[-83.882883,37.725993],[-83.882573,37.726504]]}},{"type":"Feature","properties":{"osm_id":1410464274,"highway":"service","name":null,"alt_name":null,"official_name":null,"surface":null,"tracktype":null,"service":null,"access":null,"motor_vehicle":null,"foot":null,"tiger_reviewed":null,"rrgh_part":0,"rrgh_tile_part":0},"geometry":{"type":"LineString","coordinates":[[-83.8573082,37.714697],[-83.8580146,37.7148698],[-83.8582881,37.7150946],[-83.8583418,37.715154],[-83.8589371,37.7156331],[-83.8599775,37.716812],[-83.8600526,37.7168756],[-83.860487,37.7171513],[-83.8606801,37.7173294],[-83.8615757,37.7179654],[-83.8626483,37.7185634],[-83.863332,37.7188225],[-83.8637303,37.718981]]}},{"type":"Feature","properties":{"osm_id":16159234,"highway":"service","name":null,"alt_name":null,"official_name":null,"surface":null,"tracktype":null,"service":null,"access":"private","motor_vehicle":null,"foot":null,"tiger_reviewed":"no","rrgh_part":0,"rrgh_tile_part":0},"geometry":{"type":"LineString","coordinates":[[-83.885059,37.738902],[-83.88503,37.738882],[-83.884998,37.73887],[-83.88496,37.73887],[-83.884884,37.738904],[-83.884751,37.739048],[-83.884618,37.739161],[-83.884455,37.739257],[-83.884293,37.739377],[-83.884188,37.739425],[-83.884074,37.739453],[-83.883725,37.739511],[-83.883164,37.739584],[-83.882875,37.739578],[-83.882482,37.739526],[-83.882227,37.739527],[-83.882006,37.739545],[-83.881845,37.739596],[-83.881784,37.73963],[-83.881679,37.739727],[-83.881661,37.739757],[-83.881623,37.739861],[-83.88128,37.740585],[-83.881097,37.740918],[-83.880944,37.741114],[-83.880891,37.741201],[-83.880802,37.741392],[-83.880698,37.741692],[-83.880637,37.742002],[-83.880644,37.742305],[-83.880628,37.742397],[-83.880593,37.742479],[-83.880546,37.742542],[-83.880533,37.742626],[-83.880537,37.74274],[-83.880594,37.742884],[-83.880592,37.742972],[-83.880564,37.743037],[-83.880533,37.74308],[-83.880519,37.7431],[-83.880356,37.743233],[-83.88021,37.743324],[-83.880153,37.743369],[-83.88008,37.743449],[-83.88005,37.743503],[-83.880028,37.743651],[-83.8801,37.743957],[-83.880095,37.744097],[-83.880049,37.744227],[-83.879949,37.744429]]}},{"type":"Feature","properties":{"osm_id":16159238,"highway":"residential","name":null,"alt_name":null,"official_name":null,"surface":null,"tracktype":null,"service":null,"access":null,"motor_vehicle":null,"foot":null,"tiger_reviewed":"no","rrgh_part":0,"rrgh_tile_part":0},"geometry":{"type":"LineString","coordinates":[[-83.885117,37.734577],[-83.885003,37.735466],[-83.884628,37.736261],[-83.884368,37.736558],[-83.884282,37.737082],[-83.884051,37.737423],[-83.884051,37.737992],[-83.884195,37.738152],[-83.885001,37.738606],[-83.885059,37.738902],[-83.885095,37.738959],[-83.885186,37.739264],[-83.885281,37.739444],[-83.885472,37.739692],[-83.88564,37.739873],[-83.885734,37.740011],[-83.885772,37.740172],[-83.885792,37.740324],[-83.885801,37.740561],[-83.885785,37.740688],[-83.885752,37.740763],[-83.885709,37.740823],[-83.885506,37.741015],[-83.885408,37.741131],[-83.885351,37.741302],[-83.885307,37.741399],[-83.885286,37.741495],[-83.8852067,37.7424186],[-83.8850164,37.7430328],[-83.8848749,37.743424],[-83.8847465,37.7435904],[-83.8845785,37.7437713],[-83.8844586,37.7438709],[-83.8843379,37.7440063],[-83.8842547,37.7440797],[-83.8839509,37.7442548],[-83.8835838,37.7443948],[-83.8834728,37.744555],[-83.883495,37.74468]]}},{"type":"Feature","properties":{"osm_id":16159295,"highway":"service","name":null,"alt_name":null,"official_name":null,"surface":null,"tracktype":null,"service":null,"access":"private","motor_vehicle":null,"foot":null,"tiger_reviewed":null,"rrgh_part":0,"rrgh_tile_part":0},"geometry":{"type":"LineString","coordinates":[[-83.871237,37.728486],[-83.870944,37.728327],[-83.870824,37.728254],[-83.870777,37.728209],[-83.870743,37.728159],[-83.870711,37.728049],[-83.870709,37.727947],[-83.87075,37.727871],[-83.870796,37.72784],[-83.870929,37.727808],[-83.871135,37.727796],[-83.871254,37.727805],[-83.871313,37.727821],[-83.871476,37.727902],[-83.871715,37.728059]]}},{"type":"Feature","properties":{"osm_id":16159161,"highway":"residential","name":"Crowe Hollow","alt_name":null,"official_name":null,"surface":null,"tracktype":null,"service":null,"access":null,"motor_vehicle":null,"foot":null,"tiger_reviewed":"no","rrgh_part":0,"rrgh_tile_part":0},"geometry":{"type":"LineString","coordinates":[[-83.86796,37.733093],[-83.867864,37.733019],[-83.867715,37.732948],[-83.867557,37.732852],[-83.867444,37.732765],[-83.867399,37.732706],[-83.867288,37.732471],[-83.867264,37.73223],[-83.867268,37.732123],[-83.867299,37.731958],[-83.867344,37.731852],[-83.867477,37.731663],[-83.867506,37.73157],[-83.86744,37.731093],[-83.867434,37.730972],[-83.867464,37.730751],[-83.867458,37.730589],[-83.86737,37.730259],[-83.867211,37.729793],[-83.867123,37.72962],[-83.866817,37.729159]]}},{"type":"Feature","properties":{"osm_id":16160965,"highway":"residential","name":"White Pine Lane","alt_name":null,"official_name":null,"surface":null,"tracktype":null,"service":null,"access":null,"motor_vehicle":null,"foot":null,"tiger_reviewed":"no","rrgh_part":0,"rrgh_tile_part":0},"geometry":{"type":"LineString","coordinates":[[-83.867426,37.737044],[-83.867324,37.73703],[-83.867158,37.736988],[-83.866961,37.736963],[-83.86692,37.736942],[-83.866815,37.736862],[-83.86672,37.736832],[-83.866666,37.736829],[-83.866562,37.73685],[-83.866458,37.736888],[-83.866274,37.736981],[-83.866139,37.737026],[-83.865639,37.737075],[-83.865449,37.737119],[-83.865338,37.737162],[-83.865239,37.737215],[-83.865164,37.737262],[-83.865106,37.737312],[-83.864995,37.737445],[-83.864685,37.737857]]}},{"type":"Feature","properties":{"osm_id":16161534,"highway":"residential","name":"Wildflower Ridge","alt_name":null,"official_name":null,"surface":null,"tracktype":null,"service":null,"access":null,"motor_vehicle":null,"foot":null,"tiger_reviewed":"no","rrgh_part":0,"rrgh_tile_part":0},"geometry":{"type":"LineString","coordinates":[[-83.859312,37.728396],[-83.85941,37.7285],[-83.859464,37.728534],[-83.859891,37.728672],[-83.860041,37.728728],[-83.860226,37.728814],[-83.860343,37.728906],[-83.860455,37.729045],[-83.860691,37.729227],[-83.860784,37.72928],[-83.860884,37.729321],[-83.861223,37.729408],[-83.861265,37.729428],[-83.861341,37.729478],[-83.861473,37.729609],[-83.861841,37.729808],[-83.861882,37.72984],[-83.862055,37.730024],[-83.862153,37.730102],[-83.862281,37.73018],[-83.862336,37.730204],[-83.862533,37.73024],[-83.862612,37.730265],[-83.86276,37.73034],[-83.86328,37.730694],[-83.863454,37.730851],[-83.863558,37.730906],[-83.863939,37.731077],[-83.864081,37.731168],[-83.864191,37.731258],[-83.864265,37.73135],[-83.864322,37.731482],[-83.86434,37.731586],[-83.864356,37.731623],[-83.864513,37.731833],[-83.864827,37.732194],[-83.865296,37.732487],[-83.865353,37.732541],[-83.865419,37.732644],[-83.865502,37.7327],[-83.865708,37.73279],[-83.865908,37.732847],[-83.866067,37.732832],[-83.866158,37.732834],[-83.866311,37.73287],[-83.866539,37.732909],[-83.867091,37.732941],[-83.867439,37.732974],[-83.86765,37.733015],[-83.86796,37.733093],[-83.868236,37.73314],[-83.86843,37.733196]]}},{"type":"Feature","properties":{"osm_id":1410464258,"highway":"track","name":null,"alt_name":null,"official_name":null,"surface":null,"tracktype":null,"service":null,"access":null,"motor_vehicle":null,"foot":null,"tiger_reviewed":null,"rrgh_part":0,"rrgh_tile_part":0},"geometry":{"type":"LineString","coordinates":[[-83.8521957,37.7377635],[-83.8522218,37.7380014],[-83.8522684,37.7380791],[-83.8523546,37.7382162],[-83.852416,37.7384054],[-83.8524191,37.7386862],[-83.8524334,37.7388737],[-83.8525686,37.7391506],[-83.8527043,37.739451],[-83.8528886,37.7397644],[-83.8530609,37.7401219],[-83.853089,37.7402068],[-83.8532837,37.740468],[-83.853421,37.7408104],[-83.8535355,37.7411063],[-83.8537693,37.741309],[-83.8539543,37.7416902],[-83.8544694,37.7422537],[-83.8543671,37.7426819],[-83.8545284,37.7431666],[-83.8549349,37.7439255],[-83.8554937,37.7443968],[-83.8556975,37.7446386],[-83.856014,37.7448931],[-83.8563252,37.7453004],[-83.8564914,37.7455974],[-83.856765,37.7464628],[-83.8569099,37.7465562],[-83.8577821,37.7472686],[-83.8582617,37.7474004],[-83.8586318,37.7477101],[-83.8589322,37.7479561],[-83.8594526,37.748181],[-83.8603377,37.7483295],[-83.8607561,37.7484398],[-83.8609707,37.7484737],[-83.8612175,37.7484313],[-83.8615447,37.7482701]]}},{"type":"Feature","properties":{"osm_id":16159235,"highway":"residential","name":null,"alt_name":null,"official_name":null,"surface":null,"tracktype":null,"service":null,"access":null,"motor_vehicle":null,"foot":null,"tiger_reviewed":"no","rrgh_part":0,"rrgh_tile_part":0},"geometry":{"type":"LineString","coordinates":[[-83.857436,37.714385],[-83.857857,37.714612]]}},{"type":"Feature","properties":{"osm_id":16159144,"highway":"residential","name":"Aldersgate Camp Road","alt_name":null,"official_name":null,"surface":null,"tracktype":null,"service":null,"access":null,"motor_vehicle":null,"foot":null,"tiger_reviewed":"no","rrgh_part":0,"rrgh_tile_part":0},"geometry":{"type":"LineString","coordinates":[[-83.852195,37.732149],[-83.851304,37.732093],[-83.85095,37.732062],[-83.850753,37.732061],[-83.850319,37.732096],[-83.850188,37.732098],[-83.850013,37.732072],[-83.849768,37.732012],[-83.849651,37.731978],[-83.849555,37.731932],[-83.849452,37.731841],[-83.849404,37.731751]]}},{"type":"Feature","properties":{"osm_id":16163695,"highway":"residential","name":"Howell Cemetery","alt_name":null,"official_name":null,"surface":null,"tracktype":null,"service":null,"access":null,"motor_vehicle":null,"foot":null,"tiger_reviewed":"no","rrgh_part":0,"rrgh_tile_part":0},"geometry":{"type":"LineString","coordinates":[[-83.851003,37.73625],[-83.850837,37.736306],[-83.850748,37.736353],[-83.850664,37.736415],[-83.850412,37.736622],[-83.850261,37.736765],[-83.850104,37.736889],[-83.849673,37.737195],[-83.849327,37.737486],[-83.849036,37.737711],[-83.84873,37.738016],[-83.848406,37.738222],[-83.848022,37.738505],[-83.847674,37.738788],[-83.847376,37.739054],[-83.847304,37.739147],[-83.847281,37.7392],[-83.84722,37.73944],[-83.847142,37.739605],[-83.846923,37.739888],[-83.846456,37.740411],[-83.846361,37.740734],[-83.846283,37.740932],[-83.8462909,37.7410128]]}},{"type":"Feature","properties":{"osm_id":1410464246,"highway":"service","name":null,"alt_name":null,"official_name":null,"surface":null,"tracktype":null,"service":null,"access":null,"motor_vehicle":null,"foot":null,"tiger_reviewed":null,"rrgh_part":0,"rrgh_tile_part":0},"geometry":{"type":"LineString","coordinates":[[-83.851304,37.732093],[-83.8513088,37.7329703]]}},{"type":"Feature","properties":{"osm_id":1410464254,"highway":"service","name":null,"alt_name":null,"official_name":null,"surface":null,"tracktype":null,"service":null,"access":null,"motor_vehicle":null,"foot":null,"tiger_reviewed":null,"rrgh_part":0,"rrgh_tile_part":0},"geometry":{"type":"LineString","coordinates":[[-83.8525485,37.7313854],[-83.8525706,37.7314456],[-83.8527208,37.7315897],[-83.852848,37.731668],[-83.8530514,37.7317496],[-83.853287,37.731847],[-83.8534393,37.7319674],[-83.8535607,37.7321358],[-83.8537172,37.7322942],[-83.8539106,37.7325055],[-83.8540179,37.7326752],[-83.8540715,37.7328916],[-83.8541251,37.7329553],[-83.8542056,37.7329807],[-83.8542807,37.7329765],[-83.8543182,37.7329595],[-83.8543343,37.7328874],[-83.8543128,37.7327856],[-83.8542378,37.7326371],[-83.854152,37.7325607],[-83.8540232,37.7324801],[-83.8539535,37.7323867],[-83.8540447,37.7321788],[-83.8540608,37.7320473],[-83.8540286,37.7319243],[-83.8538945,37.7317164],[-83.8538087,37.7316357],[-83.85368,37.7315551],[-83.8534441,37.7314703],[-83.8530311,37.7314066],[-83.8525485,37.7313854]]}},{"type":"Feature","properties":{"osm_id":1410464254,"highway":"service","name":null,"alt_name":null,"official_name":null,"surface":null,"tracktype":null,"service":null,"access":null,"motor_vehicle":null,"foot":null,"tiger_reviewed":null,"rrgh_part":1,"rrgh_tile_part":0},"geometry":{"type":"LineString","coordinates":[[-83.8525485,37.7313854],[-83.8522111,37.7313345]]}},{"type":"Feature","properties":{"osm_id":16160865,"highway":"residential","name":"Fitchburg Branch Road","alt_name":null,"official_name":null,"surface":null,"tracktype":null,"service":null,"access":null,"motor_vehicle":null,"foot":null,"tiger_reviewed":"no","rrgh_part":0,"rrgh_tile_part":0},"geometry":{"type":"LineString","coordinates":[[-83.851003,37.73625],[-83.850971,37.736288],[-83.850956,37.736332],[-83.850962,37.736477],[-83.850972,37.736527],[-83.851013,37.736618],[-83.851046,37.736663],[-83.851213,37.736829],[-83.851711,37.737251],[-83.852093,37.737637],[-83.852177,37.737734],[-83.8521957,37.7377635],[-83.852527,37.738058],[-83.852652,37.738208],[-83.8528144,37.7385427]]}},{"type":"Feature","properties":{"osm_id":1410464245,"highway":"service","name":"Fitchburg Furnace Parking","alt_name":null,"official_name":null,"surface":null,"tracktype":null,"service":null,"access":null,"motor_vehicle":null,"foot":null,"tiger_reviewed":null,"rrgh_part":0,"rrgh_tile_part":0},"geometry":{"type":"LineString","coordinates":[[-83.852112,37.733021],[-83.8522239,37.7330581]]}},{"type":"Feature","properties":{"osm_id":1410464245,"highway":"service","name":"Fitchburg Furnace Parking","alt_name":null,"official_name":null,"surface":null,"tracktype":null,"service":null,"access":null,"motor_vehicle":null,"foot":null,"tiger_reviewed":null,"rrgh_part":1,"rrgh_tile_part":0},"geometry":{"type":"LineString","coordinates":[[-83.8522239,37.7330581],[-83.8522635,37.7331061],[-83.8522687,37.7331479],[-83.8523273,37.7332072],[-83.8523882,37.7332073],[-83.8524363,37.7331814],[-83.852454,37.7331344],[-83.8524331,37.7330857],[-83.8524025,37.7330622],[-83.8523183,37.7330484],[-83.8522239,37.7330581]]}},{"type":"Feature","properties":{"osm_id":16159229,"highway":"residential","name":null,"alt_name":null,"official_name":null,"surface":null,"tracktype":null,"service":null,"access":null,"motor_vehicle":null,"foot":null,"tiger_reviewed":"no","rrgh_part":0,"rrgh_tile_part":0},"geometry":{"type":"LineString","coordinates":[[-83.880533,37.74308],[-83.880932,37.743223],[-83.881194,37.743428]]}},{"type":"Feature","properties":{"osm_id":16159705,"highway":"residential","name":null,"alt_name":null,"official_name":null,"surface":null,"tracktype":null,"service":null,"access":null,"motor_vehicle":null,"foot":null,"tiger_reviewed":"no","rrgh_part":0,"rrgh_tile_part":0},"geometry":{"type":"LineString","coordinates":[[-83.8845785,37.7437713],[-83.88504,37.744],[-83.885394,37.744032],[-83.885597,37.743984]]}},{"type":"Feature","properties":{"osm_id":16159707,"highway":"residential","name":null,"alt_name":null,"official_name":null,"surface":null,"tracktype":null,"service":null,"access":null,"motor_vehicle":null,"foot":null,"tiger_reviewed":"no","rrgh_part":0,"rrgh_tile_part":0},"geometry":{"type":"LineString","coordinates":[[-83.883495,37.74468],[-83.884295,37.745112]]}},{"type":"Feature","properties":{"osm_id":16159601,"highway":"residential","name":null,"alt_name":null,"official_name":null,"surface":null,"tracktype":null,"service":null,"access":null,"motor_vehicle":null,"foot":null,"tiger_reviewed":"no","rrgh_part":0,"rrgh_tile_part":0},"geometry":{"type":"LineString","coordinates":[[-83.8758284,37.742837],[-83.8759871,37.742635],[-83.8762802,37.7424641],[-83.8768301,37.7424333],[-83.8770974,37.7423867],[-83.8775419,37.7421521],[-83.8780141,37.7421095],[-83.8784118,37.7421908],[-83.8787432,37.7423284],[-83.8793893,37.7428003],[-83.8794104,37.7434211],[-83.8792973,37.744168],[-83.8790336,37.7445043]]}},{"type":"Feature","properties":{"osm_id":969840585,"highway":"service","name":null,"alt_name":null,"official_name":null,"surface":null,"tracktype":null,"service":null,"access":null,"motor_vehicle":null,"foot":null,"tiger_reviewed":"no","rrgh_part":0,"rrgh_tile_part":0},"geometry":{"type":"LineString","coordinates":[[-83.8785607,37.7443678],[-83.8784011,37.7445377],[-83.8780392,37.7446153],[-83.8779189,37.7446977],[-83.8775688,37.7448715],[-83.8769081,37.7449578]]}},{"type":"Feature","properties":{"osm_id":16159152,"highway":"residential","name":"Tanglewood Drive","alt_name":null,"official_name":null,"surface":null,"tracktype":null,"service":null,"access":null,"motor_vehicle":null,"foot":null,"tiger_reviewed":"no","rrgh_part":0,"rrgh_tile_part":0},"geometry":{"type":"LineString","coordinates":[[-83.8785607,37.7443678],[-83.8790336,37.7445043],[-83.879477,37.744804],[-83.879515,37.744823],[-83.879604,37.744853],[-83.87965,37.744858],[-83.879694,37.744854],[-83.879762,37.744818],[-83.879798,37.744754],[-83.879834,37.744578],[-83.879921,37.744443],[-83.879949,37.744429],[-83.880007,37.744418],[-83.880048,37.744435],[-83.880126,37.744516],[-83.880287,37.744724],[-83.880466,37.744857],[-83.880617,37.744942],[-83.88091,37.745073],[-83.881227,37.745171],[-83.881376,37.745227],[-83.881569,37.745275],[-83.88172,37.745299],[-83.881881,37.745294],[-83.881986,37.745278],[-83.882443,37.745171],[-83.882855,37.74509],[-83.883006,37.745048],[-83.883155,37.744986],[-83.883211,37.744953],[-83.883381,37.744781],[-83.883462,37.744728],[-83.883495,37.74468]]}},{"type":"Feature","properties":{"osm_id":16159360,"highway":"residential","name":null,"alt_name":null,"official_name":null,"surface":null,"tracktype":null,"service":null,"access":null,"motor_vehicle":null,"foot":null,"tiger_reviewed":"no","rrgh_part":0,"rrgh_tile_part":0},"geometry":{"type":"LineString","coordinates":[[-83.872611,37.742129],[-83.87272,37.741913],[-83.873138,37.741036],[-83.873502,37.74032],[-83.873709,37.739732],[-83.873882,37.739324]]}},{"type":"Feature","properties":{"osm_id":16161322,"highway":"residential","name":"Tanglewood Road","alt_name":null,"official_name":null,"surface":null,"tracktype":null,"service":null,"access":null,"motor_vehicle":null,"foot":null,"tiger_reviewed":"no","rrgh_part":0,"rrgh_tile_part":0},"geometry":{"type":"LineString","coordinates":[[-83.8785607,37.7443678],[-83.878487,37.744333],[-83.878244,37.744234],[-83.878138,37.744182],[-83.877916,37.744036],[-83.877642,37.743845],[-83.877442,37.743685],[-83.87724,37.74348],[-83.877063,37.743173],[-83.876896,37.743056],[-83.876629,37.74295],[-83.876147,37.742857],[-83.8758284,37.742837],[-83.87562,37.742819],[-83.875551,37.742804],[-83.875398,37.742749],[-83.874947,37.742544],[-83.874475,37.742368],[-83.874002,37.742174],[-83.873747,37.742084],[-83.873622,37.742045],[-83.873207,37.742009],[-83.873149,37.742013],[-83.872915,37.742062],[-83.87268,37.742098],[-83.872611,37.742129],[-83.87233,37.742252],[-83.87197,37.742433],[-83.871841,37.742486],[-83.871456,37.742609],[-83.87105,37.742721]]}},{"type":"Feature","properties":{"osm_id":16159359,"highway":"service","name":null,"alt_name":null,"official_name":null,"surface":null,"tracktype":null,"service":null,"access":"private","motor_vehicle":null,"foot":null,"tiger_reviewed":"no","rrgh_part":0,"rrgh_tile_part":0},"geometry":{"type":"LineString","coordinates":[[-83.871077,37.745089],[-83.871661,37.745429],[-83.871749,37.745501],[-83.871799,37.745562],[-83.871834,37.745582]]}},{"type":"Feature","properties":{"osm_id":16160266,"highway":"service","name":"Needmore Road","alt_name":null,"official_name":null,"surface":null,"tracktype":null,"service":null,"access":"private","motor_vehicle":null,"foot":null,"tiger_reviewed":"no","rrgh_part":0,"rrgh_tile_part":0},"geometry":{"type":"LineString","coordinates":[[-83.867499,37.745492],[-83.86759,37.745412],[-83.867644,37.74535],[-83.867733,37.745202],[-83.867779,37.745055],[-83.867837,37.744778],[-83.867888,37.744631],[-83.867986,37.74448],[-83.868173,37.744231],[-83.868345,37.743951],[-83.868381,37.743831],[-83.868387,37.743712],[-83.868379,37.743595],[-83.868394,37.743317],[-83.868411,37.743277],[-83.868456,37.743226],[-83.868608,37.743103],[-83.868661,37.74303],[-83.868727,37.742881],[-83.868749,37.742782],[-83.868758,37.742662],[-83.868759,37.74258],[-83.868784,37.74244],[-83.868911,37.742158],[-83.868937,37.742025],[-83.868997,37.741851],[-83.869036,37.74179],[-83.869133,37.741727],[-83.86926,37.741678],[-83.86936,37.741672],[-83.869553,37.741683],[-83.869669,37.741681],[-83.869727,37.741668],[-83.869886,37.741609]]}},{"type":"Feature","properties":{"osm_id":16163259,"highway":"residential","name":"Marble Yard Road","alt_name":null,"official_name":null,"surface":null,"tracktype":null,"service":null,"access":null,"motor_vehicle":null,"foot":null,"tiger_reviewed":"no","rrgh_part":0,"rrgh_tile_part":0},"geometry":{"type":"LineString","coordinates":[[-83.868388,37.749288],[-83.868457,37.749336],[-83.868503,37.749415],[-83.868537,37.749726],[-83.868588,37.749869],[-83.86868817647058,37.75]]}},{"type":"Feature","properties":{"osm_id":968894267,"highway":"service","name":null,"alt_name":null,"official_name":null,"surface":null,"tracktype":null,"service":null,"access":null,"motor_vehicle":null,"foot":null,"tiger_reviewed":null,"rrgh_part":0,"rrgh_tile_part":0},"geometry":{"type":"LineString","coordinates":[[-83.869844,37.741527],[-83.8696587,37.7415497],[-83.8693837,37.7414767],[-83.8691926,37.7412758],[-83.8689323,37.7408359],[-83.8687644,37.7405105],[-83.86863,37.7402996],[-83.8683697,37.7401436],[-83.8681304,37.7400158],[-83.8678092,37.7398398],[-83.8676979,37.7397883],[-83.8675279,37.7398033],[-83.8673284,37.739863],[-83.8671584,37.7399975],[-83.8669086,37.7401768],[-83.8667154,37.7403876],[-83.8664572,37.7407794],[-83.8663858,37.7408525],[-83.8661927,37.7409653],[-83.8659366,37.7411629],[-83.8657917,37.7413057],[-83.8651871,37.7416925]]}},{"type":"Feature","properties":{"osm_id":969840586,"highway":"service","name":null,"alt_name":null,"official_name":null,"surface":null,"tracktype":null,"service":null,"access":null,"motor_vehicle":null,"foot":null,"tiger_reviewed":null,"rrgh_part":0,"rrgh_tile_part":0},"geometry":{"type":"LineString","coordinates":[[-83.870087,37.746394],[-83.8701923,37.7464651],[-83.8701159,37.7466059],[-83.8701592,37.7466864],[-83.8703602,37.7467689],[-83.8705867,37.7468715],[-83.8707063,37.7469882],[-83.8708869,37.7475174]]}},{"type":"Feature","properties":{"osm_id":1410464260,"highway":"track","name":null,"alt_name":null,"official_name":null,"surface":null,"tracktype":null,"service":null,"access":null,"motor_vehicle":null,"foot":null,"tiger_reviewed":null,"rrgh_part":0,"rrgh_tile_part":0},"geometry":{"type":"LineString","coordinates":[[-83.8459818,37.7419257],[-83.8468985,37.7427819],[-83.8472523,37.7432313],[-83.8474453,37.7433966],[-83.8476329,37.7436891],[-83.8477604,37.7438653],[-83.847857,37.7440778],[-83.8479959,37.7443288],[-83.8481133,37.7444391],[-83.8481567,37.7445458],[-83.8482,37.7451358],[-83.8481674,37.7454473]]}},{"type":"Feature","properties":{"osm_id":1410464261,"highway":"track","name":null,"alt_name":null,"official_name":null,"surface":null,"tracktype":null,"service":null,"access":null,"motor_vehicle":null,"foot":null,"tiger_reviewed":null,"rrgh_part":0,"rrgh_tile_part":0},"geometry":{"type":"LineString","coordinates":[[-83.84973044652297,37.75],[-83.8496952,37.7499461],[-83.8491163,37.7491998],[-83.8490412,37.7490132],[-83.8490412,37.7489327],[-83.8490627,37.7488564],[-83.8492878,37.7485723],[-83.8495451,37.7483051],[-83.8496202,37.7482543],[-83.8501187,37.7480253],[-83.8503814,37.7478769],[-83.8505583,37.7477412],[-83.8507566,37.7475589],[-83.8508585,37.7474105],[-83.8508692,37.7473384],[-83.850821,37.7471773],[-83.8507566,37.7471009],[-83.8503814,37.7468296],[-83.8499954,37.7465201],[-83.8498132,37.7462529],[-83.8497113,37.7459137],[-83.8496136,37.7456881],[-83.8496371,37.7454588],[-83.8497215,37.7451597],[-83.8498387,37.7450159],[-83.8499203,37.7448744],[-83.8498084,37.7445591],[-83.8496982,37.7442481],[-83.8497582,37.7438185]]}},{"type":"Feature","properties":{"osm_id":1410464264,"highway":"track","name":null,"alt_name":null,"official_name":null,"surface":null,"tracktype":null,"service":null,"access":null,"motor_vehicle":null,"foot":null,"tiger_reviewed":null,"rrgh_part":0,"rrgh_tile_part":0},"geometry":{"type":"LineString","coordinates":[[-83.8586318,37.7477101],[-83.8582678,37.7480363]]}},{"type":"Feature","properties":{"osm_id":1410464265,"highway":"track","name":null,"alt_name":null,"official_name":null,"surface":null,"tracktype":null,"service":null,"access":null,"motor_vehicle":null,"foot":null,"tiger_reviewed":null,"rrgh_part":0,"rrgh_tile_part":0},"geometry":{"type":"LineString","coordinates":[[-83.856765,37.7464628],[-83.856423,37.7467482]]}},{"type":"Feature","properties":{"osm_id":1410464259,"highway":"service","name":null,"alt_name":null,"official_name":null,"surface":null,"tracktype":null,"service":null,"access":null,"motor_vehicle":null,"foot":null,"tiger_reviewed":null,"rrgh_part":0,"rrgh_tile_part":0},"geometry":{"type":"LineString","coordinates":[[-83.8462909,37.7410128],[-83.8462552,37.741294],[-83.8461994,37.7414362],[-83.8462123,37.7416544],[-83.8459818,37.7419257],[-83.8457674,37.7419723],[-83.8454833,37.7420783]]}},{"type":"Feature","properties":{"osm_id":1410464262,"highway":"track","name":null,"alt_name":null,"official_name":null,"surface":null,"tracktype":null,"service":null,"access":null,"motor_vehicle":null,"foot":null,"tiger_reviewed":null,"rrgh_part":0,"rrgh_tile_part":0},"geometry":{"type":"LineString","coordinates":[[-83.84598640364963,37.75],[-83.8459979,37.7498908],[-83.8459175,37.7492887],[-83.8459175,37.7489877],[-83.8458585,37.7488944],[-83.845628,37.7487545]]}}],"rrgh_tile":{"id":"r4c1","bounds":[37.675,-83.93,37.75,-83.845]}}
