{"type":"FeatureCollection","features":[{"type":"Feature","properties":{"osm_id":16159732,"highway":"residential","name":null,"alt_name":null,"official_name":null,"surface":null,"tracktype":null,"service":null,"access":null,"motor_vehicle":null,"foot":null,"tiger_reviewed":"no","rrgh_part":0,"rrgh_tile_part":0},"geometry":{"type":"LineString","coordinates":[[-83.845,37.67854598052126],[-83.8448732,37.6785612],[-83.8445302,37.6786143],[-83.8442749,37.6787207],[-83.8441172,37.6788271],[-83.8441264,37.6791104],[-83.8440829,37.6793334],[-83.8438832,37.6795235],[-83.8435294,37.6796455],[-83.8431077,37.679722]]}},{"type":"Feature","properties":{"osm_id":969840601,"highway":"service","name":null,"alt_name":null,"official_name":null,"surface":null,"tracktype":null,"service":null,"access":null,"motor_vehicle":null,"foot":null,"tiger_reviewed":null,"rrgh_part":0,"rrgh_tile_part":0},"geometry":{"type":"LineString","coordinates":[[-83.8356995,37.705761],[-83.8355021,37.7055647],[-83.8353784,37.705458],[-83.8352721,37.7054153],[-83.8351373,37.7054028],[-83.8348788,37.7054542],[-83.8345774,37.7055446],[-83.8343443,37.7056224],[-83.8342301,37.7056412],[-83.8340937,37.7056186],[-83.8339573,37.7056111],[-83.8337908,37.7057203],[-83.8336639,37.7058759]]}},{"type":"Feature","properties":{"osm_id":16159286,"highway":"service","name":null,"alt_name":null,"official_name":null,"surface":null,"tracktype":null,"service":null,"access":"private","motor_vehicle":null,"foot":null,"tiger_reviewed":"no","rrgh_part":0,"rrgh_tile_part":0},"geometry":{"type":"LineString","coordinates":[[-83.8335373,37.7088477],[-83.8336545,37.7089149],[-83.8338894,37.7090011],[-83.8341596,37.7090567],[-83.8342493,37.7091604],[-83.8342167,37.7093538],[-83.834197,37.7095365],[-83.8342406,37.7100807],[-83.8341777,37.7101917],[-83.8340635,37.7102718],[-83.8339296,37.7102872],[-83.8338325,37.71027],[-83.8336802,37.7101901],[-83.8331706,37.7099591],[-83.8331245,37.7098499],[-83.8330722,37.7098201]]}},{"type":"Feature","properties":{"osm_id":16159475,"highway":"service","name":null,"alt_name":null,"official_name":null,"surface":null,"tracktype":null,"service":null,"access":null,"motor_vehicle":null,"foot":null,"tiger_reviewed":"no","rrgh_part":0,"rrgh_tile_part":0},"geometry":{"type":"LineString","coordinates":[[-83.835526,37.7059016],[-83.8356012,37.7059847],[-83.8358749,37.7061694],[-83.8360054,37.7063783],[-83.8360952,37.7065923],[-83.8362349,37.7067224],[-83.8369557,37.7070155],[-83.8370533,37.7071411],[-83.8370497,37.7072949],[-83.8368542,37.7076241]]}},{"type":"Feature","properties":{"osm_id":16159735,"highway":"residential","name":null,"alt_name":null,"official_name":null,"surface":null,"tracktype":null,"service":null,"access":null,"motor_vehicle":null,"foot":null,"tiger_reviewed":"no","rrgh_part":0,"rrgh_tile_part":0},"geometry":{"type":"LineString","coordinates":[[-83.829515,37.679158],[-83.829451,37.678871],[-83.82889,37.678319],[-83.828474,37.677744],[-83.828377,37.677147],[-83.828289,37.677101],[-83.827635869326,37.675]]}},{"type":"Feature","properties":{"osm_id":109165876,"highway":"residential","name":"Patsy Road","alt_name":null,"official_name":null,"surface":null,"tracktype":null,"service":null,"access":null,"motor_vehicle":null,"foot":null,"tiger_reviewed":"no","rrgh_part":0,"rrgh_tile_part":0},"geometry":{"type":"LineString","coordinates":[[-83.819945,37.707614],[-83.819865,37.707506],[-83.819768,37.707376],[-83.819658,37.707254],[-83.819589,37.707194],[-83.819504,37.70714],[-83.819409,37.707093],[-83.819305,37.707053],[-83.81907,37.706988],[-83.817535,37.7066],[-83.817402,37.70656],[-83.817161,37.706462],[-83.816997,37.706374],[-83.816861,37.706287],[-83.816775,37.70621],[-83.816639,37.706033],[-83.816523,37.705798],[-83.816429,37.705556],[-83.816352,37.705307],[-83.816278,37.705206],[-83.816227,37.705161],[-83.816156,37.705125],[-83.816076,37.7051],[-83.815984,37.705079],[-83.815774,37.705061],[-83.815253,37.705046],[-83.814958,37.70505],[-83.814779,37.705077],[-83.814609,37.70514],[-83.814443,37.705222],[-83.814101,37.705418],[-83.813683,37.705698],[-83.813484,37.705884],[-83.813365,37.706021],[-83.813273,37.706146],[-83.813173,37.706245],[-83.813088,37.706317],[-83.813031,37.706332],[-83.812969,37.706329],[-83.812907,37.706306],[-83.812616,37.70615],[-83.812535,37.706116],[-83.812259,37.706035],[-83.81174,37.705907],[-83.811529,37.705866],[-83.811307,37.705845],[-83.810879,37.705839],[-83.810703,37.705854],[-83.810442,37.705913],[-83.810276,37.70598],[-83.8102,37.706023],[-83.809852,37.706282],[-83.809719,37.706407],[-83.809509,37.706647],[-83.809402,37.706718],[-83.809344,37.706738],[-83.80928,37.706748],[-83.809211,37.706744],[-83.809144,37.706728],[-83.809042,37.706675],[-83.8089,37.706528],[-83.808876,37.706495],[-83.808858,37.706443],[-83.808855,37.70638],[-83.808899,37.705854],[-83.808907,37.705062],[-83.808891,37.704965],[-83.808862,37.704878],[-83.80882,37.704798],[-83.808694,37.704657],[-83.808361,37.7044],[-83.80799,37.704163],[-83.807791,37.704053],[-83.807406,37.703863],[-83.807058,37.703669],[-83.806074,37.703348],[-83.805584,37.703143],[-83.805428,37.703071],[-83.805278,37.702986],[-83.80513,37.702876],[-83.804866,37.702588],[-83.804651,37.702403],[-83.804504,37.702289],[-83.804336,37.702102],[-83.803982,37.701757],[-83.803699,37.70154],[-83.803463,37.701419],[-83.803359,37.701372],[-83.803239,37.701334],[-83.802975,37.70132],[-83.802694,37.70135],[-83.802425,37.701404],[-83.802174,37.701468],[-83.801812,37.701583],[-83.80066,37.701966],[-83.800047,37.70215],[-83.799752,37.70223],[-83.799521,37.702289],[-83.798782,37.702448],[-83.798523,37.702482],[-83.798164,37.702504],[-83.797921,37.702545],[-83.797814,37.702582],[-83.797608,37.702683],[-83.79755,37.702741],[-83.797411,37.702963],[-83.797116,37.703544],[-83.796933,37.703835],[-83.796399,37.704549],[-83.795849,37.705327],[-83.795726,37.705477],[-83.795645,37.705545],[-83.795553,37.705609],[-83.795128,37.705855],[-83.794947,37.705991],[-83.794807,37.706146],[-83.794712,37.706307],[-83.794691,37.70639],[-83.794697,37.706473],[-83.794724,37.706551],[-83.794771,37.706627],[-83.794838,37.706701],[-83.795011,37.706846],[-83.795588,37.707311],[-83.795734,37.707468],[-83.795778,37.707541],[-83.795793,37.707692],[-83.795776,37.707763],[-83.795736,37.707834],[-83.795602,37.70797],[-83.795426,37.708097],[-83.794217,37.708805],[-83.793992,37.708954],[-83.793689,37.709186],[-83.793401,37.709452],[-83.792813,37.710148],[-83.79247,37.710475],[-83.792284,37.710628],[-83.791398,37.711296],[-83.791169,37.711453],[-83.790808,37.711658],[-83.790613,37.711742],[-83.790384,37.711866],[-83.790009,37.712153],[-83.789611,37.712429],[-83.789433,37.712583],[-83.789334,37.712653],[-83.788715,37.712989],[-83.7885146,37.7130855],[-83.788306,37.713186],[-83.788227,37.713234],[-83.788114,37.713357],[-83.788067,37.713432],[-83.788038,37.713509],[-83.787982,37.713801],[-83.787896,37.714125],[-83.787681,37.714663],[-83.787568,37.714892],[-83.787461,37.715087],[-83.787357,37.715277],[-83.787267,37.715488],[-83.787229,37.715641],[-83.787233,37.715985],[-83.787219,37.716139],[-83.787197,37.716235],[-83.787154,37.71636],[-83.787096,37.716476],[-83.786928,37.716704],[-83.786722,37.716926],[-83.786236,37.717342],[-83.786199,37.7174],[-83.786171,37.717521],[-83.786223,37.717636],[-83.786262,37.717693],[-83.786502,37.717901],[-83.786654,37.718027],[-83.786908,37.718182],[-83.787101,37.718268],[-83.787424,37.718457],[-83.787657,37.718625],[-83.787866,37.718802],[-83.788137,37.719006],[-83.788205,37.719044],[-83.788352,37.719101],[-83.788525,37.719232],[-83.788623,37.719338],[-83.788666,37.719407],[-83.788846,37.719862],[-83.788877,37.719962],[-83.788886,37.720078],[-83.788883,37.720206],[-83.788834,37.720404],[-83.788699,37.720715],[-83.78868,37.720802],[-83.788667,37.720973],[-83.788684,37.721265],[-83.788678,37.721356],[-83.788658,37.721433],[-83.788513,37.7217],[-83.788443,37.721945],[-83.788438,37.722023],[-83.788443,37.72219],[-83.788472,37.722354],[-83.788503,37.722452],[-83.788699,37.722854],[-83.788747,37.723023],[-83.78876,37.723127],[-83.788744,37.723361],[-83.788702,37.723507],[-83.788634,37.723635],[-83.788385,37.723936],[-83.788305,37.724053],[-83.788245,37.724183],[-83.788214,37.724333],[-83.788213,37.724488],[-83.788227,37.724585],[-83.788345,37.724866],[-83.788396,37.725048],[-83.788399,37.725117],[-83.78837,37.725491],[-83.788364,37.725723],[-83.788283,37.725811],[-83.78816,37.725877],[-83.787993,37.725919],[-83.787502,37.725986],[-83.787458,37.726008],[-83.787413,37.726062],[-83.787381,37.726126],[-83.787281,37.726551],[-83.7872702,37.7266088],[-83.787195,37.727012],[-83.787086,37.727505],[-83.787005,37.727982],[-83.786839,37.728807],[-83.786757,37.729092],[-83.786551,37.729726],[-83.78649,37.729881],[-83.786373,37.730102],[-83.786291,37.730226],[-83.78621,37.730348],[-83.786064,37.73049],[-83.785883,37.730584],[-83.78574,37.730638],[-83.785536,37.730691],[-83.785246,37.730739],[-83.785077,37.730748],[-83.784913,37.73074],[-83.78449,37.7307],[-83.784169,37.73069],[-83.783888,37.730703],[-83.783606,37.730739],[-83.783509,37.730769],[-83.783412,37.730812],[-83.783254,37.730936],[-83.783129,37.731065],[-83.783009,37.731238],[-83.783002,37.731275],[-83.782993,37.731321],[-83.782919,37.731565],[-83.782849,37.731748],[-83.782771,37.731859],[-83.782719,37.731912],[-83.782574,37.731994],[-83.782505,37.732016],[-83.782314,37.732053],[-83.782051,37.732076],[-83.781885,37.732065],[-83.781666,37.732033],[-83.781489,37.732003],[-83.781359,37.731967],[-83.781161,37.731904],[-83.780463,37.73158],[-83.780007,37.731405],[-83.779788,37.731355],[-83.779606,37.731336],[-83.779045,37.731204],[-83.778834,37.731174],[-83.778665,37.73119],[-83.778608,37.731207],[-83.778529,37.731247],[-83.778466,37.731295],[-83.778428,37.731352],[-83.778295,37.731713],[-83.778087,37.732108],[-83.778003,37.732227],[-83.777713,37.732559],[-83.777594,37.732719],[-83.777439,37.732928],[-83.777265,37.733444],[-83.777217,37.733638],[-83.77721,37.733711],[-83.777168,37.733859],[-83.777157,37.733965],[-83.777168,37.734075],[-83.777235,37.734364],[-83.777304,37.73458],[-83.777314,37.734676],[-83.777309,37.73473],[-83.777286,37.734799],[-83.777182,37.735011],[-83.777155,37.735105],[-83.777049,37.735405],[-83.776932,37.735584],[-83.776874,37.735636],[-83.776626,37.735792],[-83.77615,37.736016],[-83.775835,37.736184],[-83.775493,37.736442],[-83.775396,37.736505],[-83.775257,37.736573],[-83.775091,37.736627],[-83.774931,37.73666],[-83.774793,37.736672],[-83.774751,37.73667],[-83.774597,37.736661],[-83.774245,37.736587],[-83.77345,37.736378],[-83.773217,37.736293],[-83.772937,37.736205],[-83.772581,37.736128],[-83.772367,37.736106],[-83.771729,37.736068],[-83.771347,37.736012],[-83.770699,37.735876],[-83.770423,37.735836],[-83.77028,37.735836],[-83.770122,37.73585],[-83.769921,37.735875],[-83.769821,37.735906],[-83.769741,37.735948],[-83.769666,37.736003],[-83.769601,37.736069],[-83.769493,37.736218],[-83.76927,37.736583],[-83.769123,37.736755],[-83.769064,37.736812],[-83.768718,37.737076],[-83.768394,37.737341],[-83.768228,37.737523],[-83.767858,37.737877],[-83.767641,37.738113],[-83.767529,37.738245],[-83.767328,37.738523],[-83.767037,37.738982],[-83.766957,37.739083],[-83.76669,37.739342],[-83.76652,37.739479],[-83.76637,37.739551],[-83.76614,37.73964]]}},{"type":"Feature","properties":{"osm_id":189734928,"highway":"residential","name":null,"alt_name":null,"official_name":null,"surface":null,"tracktype":null,"service":null,"access":null,"motor_vehicle":null,"foot":null,"tiger_reviewed":"no","rrgh_part":0,"rrgh_tile_part":0},"geometry":{"type":"LineString","coordinates":[[-83.81096303080542,37.675],[-83.8114324,37.6755137],[-83.81134,37.676746],[-83.811383,37.677472],[-83.811193,37.677731],[-83.810862,37.678586],[-83.810572,37.678725],[-83.810231,37.679027],[-83.809874,37.679499],[-83.809854,37.68062],[-83.809814,37.680832],[-83.809807,37.68092],[-83.809664,37.681699],[-83.809569,37.682787],[-83.809648,37.683753],[-83.809891,37.68449],[-83.810657,37.685179],[-83.810695,37.685217],[-83.810739,37.685404],[-83.811879,37.686675],[-83.811817,37.687119],[-83.811651,37.687376],[-83.811651,37.68775],[-83.812148,37.688222],[-83.812693,37.688432],[-83.813127,37.688909],[-83.813955,37.689315],[-83.814745,37.689999]]}},{"type":"Feature","properties":{"osm_id":16159554,"highway":"residential","name":null,"alt_name":null,"official_name":null,"surface":null,"tracktype":null,"service":null,"access":null,"motor_vehicle":null,"foot":null,"tiger_reviewed":"no","rrgh_part":0,"rrgh_tile_part":0},"geometry":{"type":"LineString","coordinates":[[-83.819718,37.686108],[-83.820052,37.685955],[-83.820306,37.685729],[-83.82062,37.685067],[-83.82065,37.68472],[-83.82065,37.684398],[-83.820569,37.68422],[-83.819972,37.683858],[-83.819698,37.683705],[-83.819566,37.68364],[-83.819171,37.683673],[-83.818645,37.683577],[-83.818391,37.683407],[-83.818148,37.683012],[-83.818017,37.682714],[-83.817764,37.682561],[-83.817561,37.682295],[-83.81744,37.682045],[-83.817328,37.682021],[-83.81667,37.682352],[-83.816011,37.683006],[-83.815809,37.683199]]}},{"type":"Feature","properties":{"osm_id":16162791,"highway":"residential","name":"Cr-1019","alt_name":null,"official_name":null,"surface":null,"tracktype":null,"service":null,"access":null,"motor_vehicle":null,"foot":null,"tiger_reviewed":"no","rrgh_part":0,"rrgh_tile_part":0},"geometry":{"type":"LineString","coordinates":[[-83.829515,37.679158],[-83.829479,37.679244],[-83.829446,37.679401],[-83.829453,37.679464],[-83.829542,37.679558],[-83.829657,37.679644],[-83.829982,37.679848],[-83.830032,37.67989],[-83.83011,37.679984],[-83.830167,37.680092],[-83.830204,37.680208],[-83.830212,37.68033],[-83.830184,37.680443],[-83.830097,37.680602],[-83.829886,37.680931],[-83.829719,37.68114],[-83.829487,37.681343],[-83.829296,37.681589],[-83.829074,37.681816],[-83.828959,37.681922],[-83.828887,37.681971],[-83.82881,37.682004],[-83.82864,37.682059],[-83.828433,37.682091],[-83.827247,37.682066],[-83.827131,37.682077],[-83.826947,37.682115],[-83.826668,37.682204],[-83.826408,37.682348],[-83.826283,37.682441],[-83.826076,37.682642],[-83.826025,37.682761],[-83.825965,37.682993],[-83.825904,37.683103],[-83.825644,37.683341],[-83.825324,37.683574],[-83.825208,37.683728],[-83.825119,37.683979],[-83.825058,37.684091],[-83.824994,37.68418],[-83.824903,37.68428],[-83.824801,37.684353],[-83.824668,37.684431],[-83.824522,37.684495],[-83.824366,37.684547],[-83.824289,37.684564],[-83.824209,37.684563],[-83.823985,37.684502],[-83.823813,37.684413],[-83.823689,37.684363],[-83.823516,37.684326],[-83.823224,37.6843],[-83.823053,37.684305],[-83.822915,37.684339],[-83.822803,37.684399],[-83.822743,37.684469],[-83.822722,37.684555],[-83.822736,37.684643]]}},{"type":"Feature","properties":{"osm_id":16163418,"highway":"residential","name":"Flinchum Road","alt_name":null,"official_name":null,"surface":null,"tracktype":null,"service":null,"access":null,"motor_vehicle":null,"foot":null,"tiger_reviewed":"no","rrgh_part":0,"rrgh_tile_part":0},"geometry":{"type":"LineString","coordinates":[[-83.822736,37.684643],[-83.822747,37.684711],[-83.822861,37.685024],[-83.822946,37.685174],[-83.822984,37.685267],[-83.823027,37.685435],[-83.823051,37.685887],[-83.822991,37.686367],[-83.822993,37.686438],[-83.823042,37.686498],[-83.823197,37.686604],[-83.823393,37.686704],[-83.823505,37.686742],[-83.823633,37.686745],[-83.823841,37.686726],[-83.824073,37.686755],[-83.824308,37.686816],[-83.824806,37.687012],[-83.824971,37.687063],[-83.825132,37.687077],[-83.825447,37.687059],[-83.82558,37.687095],[-83.825632,37.687123],[-83.825704,37.687198],[-83.825747,37.687304],[-83.8258,37.687634],[-83.825798,37.687803],[-83.825871,37.687918],[-83.825958,37.688023],[-83.826128,37.688203],[-83.826249,37.688313],[-83.826386,37.688382],[-83.8266,37.688447],[-83.826796,37.688519],[-83.82686,37.688558],[-83.826911,37.688608],[-83.826967,37.688709],[-83.826968,37.688845],[-83.826927,37.689026]]}},{"type":"Feature","properties":{"osm_id":16163420,"highway":"residential","name":"Flinchum Road","alt_name":null,"official_name":null,"surface":null,"tracktype":null,"service":null,"access":null,"motor_vehicle":null,"foot":null,"tiger_reviewed":"no","rrgh_part":0,"rrgh_tile_part":0},"geometry":{"type":"LineString","coordinates":[[-83.822743,37.684469],[-83.824125,37.685453],[-83.824348,37.685541],[-83.824623,37.685477],[-83.825801,37.685112],[-83.826471,37.684966],[-83.826999,37.684756],[-83.827974,37.684401]]}},{"type":"Feature","properties":{"osm_id":16159606,"highway":"residential","name":null,"alt_name":null,"official_name":null,"surface":null,"tracktype":null,"service":null,"access":null,"motor_vehicle":null,"foot":null,"tiger_reviewed":"no","rrgh_part":0,"rrgh_tile_part":0},"geometry":{"type":"LineString","coordinates":[[-83.822736,37.684643],[-83.821554,37.684992],[-83.820865,37.68501],[-83.82062,37.685067]]}},{"type":"Feature","properties":{"osm_id":16268906,"highway":"residential","name":null,"alt_name":null,"official_name":null,"surface":null,"tracktype":null,"service":null,"access":null,"motor_vehicle":null,"foot":null,"tiger_reviewed":"no","rrgh_part":0,"rrgh_tile_part":0},"geometry":{"type":"LineString","coordinates":[[-83.8020470500582,37.675],[-83.802054,37.67503],[-83.802096,37.675571]]}},{"type":"Feature","properties":{"osm_id":16269200,"highway":"residential","name":"Logue Road","alt_name":null,"official_name":null,"surface":"gravel","tracktype":null,"service":null,"access":null,"motor_vehicle":null,"foot":null,"tiger_reviewed":"no","rrgh_part":0,"rrgh_tile_part":0},"geometry":{"type":"LineString","coordinates":[[-83.78255502373887,37.675],[-83.782446,37.675331],[-83.782432,37.6754],[-83.782434,37.675463],[-83.782453,37.675517],[-83.782486,37.675563],[-83.782539,37.675599],[-83.782606,37.675624],[-83.782737,37.675645],[-83.78283,37.675671],[-83.782983,37.675753],[-83.783021,37.675797],[-83.783084,37.675902],[-83.783098,37.675964],[-83.783254,37.676338],[-83.783263,37.676426],[-83.783258,37.676515],[-83.783228,37.676598],[-83.783127,37.676747],[-83.782938,37.676916],[-83.782869,37.677022],[-83.782873,37.677133],[-83.782945,37.677182],[-83.783021,37.677219],[-83.783165,37.677261],[-83.783309,37.677272],[-83.783408,37.677252],[-83.783496,37.677247],[-83.783981,37.677161],[-83.784125,37.677145],[-83.784266,37.677154],[-83.784408,37.677177],[-83.784617,37.677225],[-83.784762,37.67728],[-83.7848,37.677281]]}},{"type":"Feature","properties":{"osm_id":16269590,"highway":"residential","name":"Logue Road","alt_name":null,"official_name":null,"surface":"gravel","tracktype":null,"service":null,"access":null,"motor_vehicle":null,"foot":null,"tiger_reviewed":"no","rrgh_part":0,"rrgh_tile_part":0},"geometry":{"type":"LineString","coordinates":[[-83.7848,37.677281],[-83.784977,37.677242],[-83.785101,37.677191],[-83.785172,37.677147],[-83.785297,37.677021],[-83.785362,37.676846],[-83.785349,37.676557],[-83.785319,37.676359],[-83.785288,37.676268],[-83.785195,37.67607],[-83.7850343,37.675768],[-83.7848864,37.6754984]]}},{"type":"Feature","properties":{"osm_id":16269168,"highway":"residential","name":"Old Raines Road","alt_name":null,"official_name":null,"surface":"gravel","tracktype":null,"service":null,"access":null,"motor_vehicle":null,"foot":null,"tiger_reviewed":"no","rrgh_part":0,"rrgh_tile_part":0},"geometry":{"type":"LineString","coordinates":[[-83.783797,37.6844386],[-83.7838525,37.6844025],[-83.7839335,37.6843806],[-83.7840012,37.6843774],[-83.7843462,37.6845262],[-83.7847005,37.6846913],[-83.7848795,37.6847298],[-83.7850958,37.6847272],[-83.7853857,37.6847047],[-83.7856746,37.6846328],[-83.7858546,37.6845535],[-83.786038,37.684372],[-83.786173,37.684186],[-83.78628,37.683955],[-83.786317,37.683902],[-83.786786,37.683443],[-83.786885,37.68334],[-83.786897,37.683299],[-83.78691,37.683162],[-83.786888,37.683088],[-83.786784,37.682917],[-83.786703,37.682839],[-83.786611,37.682776],[-83.786476,37.68271],[-83.786241,37.682639],[-83.786076,37.682626],[-83.786039,37.682609],[-83.786019,37.682588],[-83.786028,37.68255],[-83.78607,37.682513],[-83.786408,37.682361],[-83.786597,37.682218],[-83.786644,37.682163],[-83.786706,37.68202],[-83.786672,37.681926],[-83.786542,37.681738],[-83.786169,37.681309],[-83.786069,37.681177],[-83.785981,37.681013],[-83.785793,37.680573],[-83.785724,37.68046],[-83.785608,37.68024],[-83.785523,37.680105],[-83.785484,37.680009],[-83.785439,37.67984],[-83.785431,37.679749],[-83.785402,37.679662],[-83.785249,37.679455],[-83.785185,37.679329],[-83.785104,37.678901],[-83.785034,37.678775],[-83.784812,37.67852],[-83.784763,37.678477],[-83.784597,37.678376],[-83.784455,37.678321],[-83.784397,37.678289],[-83.784363,37.678246],[-83.784342,37.678199],[-83.784323,37.67811],[-83.784326,37.678068],[-83.784344,37.678023],[-83.784404,37.677928],[-83.784797,37.677467],[-83.784823,37.677401],[-83.7848,37.677281]]}},{"type":"Feature","properties":{"osm_id":1217922728,"highway":"residential","name":"Old Raines Road","alt_name":null,"official_name":null,"surface":"gravel","tracktype":null,"service":null,"access":"private","motor_vehicle":null,"foot":null,"tiger_reviewed":"no","rrgh_part":0,"rrgh_tile_part":0},"geometry":{"type":"LineString","coordinates":[[-83.7766633,37.6890883],[-83.7768307,37.6891477],[-83.7770501,37.6892831],[-83.7771178,37.6892958],[-83.7771762,37.6892713],[-83.7771906,37.6892105],[-83.7771357,37.6889652],[-83.7771643,37.6888703],[-83.7773208,37.6887366],[-83.7775819,37.6885843],[-83.7777781,37.6884539],[-83.7780283,37.6881653],[-83.7782374,37.6879383],[-83.7785041,37.687666],[-83.7787139,37.6875277],[-83.7790566,37.6872847],[-83.779522,37.686894],[-83.779651,37.68677],[-83.779689,37.686673],[-83.779708,37.686487],[-83.779715,37.686176],[-83.779734,37.686097],[-83.779914,37.68587],[-83.779934,37.685817],[-83.77993,37.68572],[-83.77988,37.685625],[-83.7796743,37.6854134],[-83.7795643,37.6853072],[-83.779339,37.685171],[-83.779153,37.685023],[-83.7790081,37.6849469],[-83.7789904,37.684904],[-83.7790264,37.6848732],[-83.7791239,37.6848418],[-83.7793246,37.6848517],[-83.7796918,37.6848556],[-83.779972,37.6848625],[-83.7800797,37.6848529],[-83.7802085,37.6848114],[-83.780396,37.6846909],[-83.7805152,37.6846014],[-83.7807038,37.6845083],[-83.78092,37.6844348],[-83.7810235,37.6844092],[-83.7811446,37.6843928],[-83.7812144,37.6843786],[-83.7813165,37.6843681],[-83.7814036,37.6843728],[-83.7815987,37.6844551],[-83.7817157,37.6845456],[-83.781834,37.6846882],[-83.7820962,37.6849557],[-83.7822345,37.6850134],[-83.7823565,37.6850023],[-83.783071,37.684841],[-83.783233,37.684791],[-83.7834356,37.6847236],[-83.7835853,37.6846411],[-83.7837348,37.6844922],[-83.783797,37.6844386]]}},{"type":"Feature","properties":{"osm_id":16160693,"highway":"residential","name":"Flinchium Road","alt_name":null,"official_name":null,"surface":null,"tracktype":null,"service":null,"access":null,"motor_vehicle":null,"foot":null,"tiger_reviewed":"no","rrgh_part":0,"rrgh_tile_part":0},"geometry":{"type":"LineString","coordinates":[[-83.826927,37.689026],[-83.826852,37.689212],[-83.826765,37.68938],[-83.826712,37.689574],[-83.826671,37.689796],[-83.826597,37.689974],[-83.826438,37.690197],[-83.826183,37.69047],[-83.82609,37.690587],[-83.825997,37.690764],[-83.825864,37.691079],[-83.82581,37.691307],[-83.825797,37.691668],[-83.825759,37.691806],[-83.825662,37.691966],[-83.825571,37.692065],[-83.825481,37.692143],[-83.82527,37.692293],[-83.825171,37.692382],[-83.825126,37.692433],[-83.825073,37.692554],[-83.82506,37.692614],[-83.825079,37.693745],[-83.825066,37.693978],[-83.82505,37.694045],[-83.824998,37.694161],[-83.824951,37.69424],[-83.824897,37.694331],[-83.824768,37.694519],[-83.824585,37.694874],[-83.824496,37.695258],[-83.824459,37.695557],[-83.824452,37.695708],[-83.824458,37.695763],[-83.8245,37.695905],[-83.824593,37.696063],[-83.824659,37.696146],[-83.824766,37.696254],[-83.825049,37.696423],[-83.825162,37.696536],[-83.825243,37.696708],[-83.825329,37.697007],[-83.82537,37.697222],[-83.825367,37.697295],[-83.825317,37.697439],[-83.825091,37.697778],[-83.825029,37.697914],[-83.825002,37.698049],[-83.825011,37.698177],[-83.825031,37.698238],[-83.825097,37.698362],[-83.825293,37.698694],[-83.825537,37.699316],[-83.825731,37.699766],[-83.825803,37.699891],[-83.825879,37.699996],[-83.826083,37.700224],[-83.826437,37.70066],[-83.826673,37.700931],[-83.826811,37.701117],[-83.826844,37.701187],[-83.826973,37.701668],[-83.827029,37.701824],[-83.827115,37.701964],[-83.827144,37.701994],[-83.827234,37.702086],[-83.827436,37.702262],[-83.827923,37.70272],[-83.828054,37.702869],[-83.82839,37.70331],[-83.828578,37.703515],[-83.828888,37.703931],[-83.829081,37.704139],[-83.829269,37.704289],[-83.829652,37.704733],[-83.829767,37.704836],[-83.82992,37.704996],[-83.829996,37.705134],[-83.830033,37.705234],[-83.830062,37.705282],[-83.830115,37.705318],[-83.830253,37.705367],[-83.830466,37.705402],[-83.830598,37.705435],[-83.830649,37.705473],[-83.830727,37.705556],[-83.830785,37.705656],[-83.830807,37.705817],[-83.830814,37.706068],[-83.830954,37.706461],[-83.8310259,37.7067111],[-83.831058,37.706823],[-83.831099,37.707217],[-83.831143,37.70747],[-83.831154,37.707604],[-83.831137,37.707754],[-83.831024,37.708227],[-83.831007,37.70835],[-83.831013,37.708518],[-83.831135,37.709011],[-83.8312592,37.7098018],[-83.831314,37.71003],[-83.831457,37.710425],[-83.831561,37.710777],[-83.831584,37.710906],[-83.8315908,37.7109839],[-83.831602,37.711112],[-83.831623,37.71119],[-83.831664,37.711232],[-83.831734,37.711257],[-83.8319052,37.7112524],[-83.832031,37.711249]]}},{"type":"Feature","properties":{"osm_id":16163421,"highway":"residential","name":"Flinchum Road","alt_name":null,"official_name":null,"surface":null,"tracktype":null,"service":null,"access":null,"motor_vehicle":null,"foot":null,"tiger_reviewed":"no","rrgh_part":0,"rrgh_tile_part":0},"geometry":{"type":"LineString","coordinates":[[-83.826927,37.689026],[-83.827399,37.688705],[-83.828053,37.688358],[-83.828695,37.688043],[-83.829502,37.687439],[-83.830237,37.687011],[-83.830962,37.686528]]}},{"type":"Feature","properties":{"osm_id":16163422,"highway":"residential","name":"Flinchum Road","alt_name":null,"official_name":null,"surface":null,"tracktype":null,"service":null,"access":null,"motor_vehicle":null,"foot":null,"tiger_reviewed":"no","rrgh_part":0,"rrgh_tile_part":0},"geometry":{"type":"LineString","coordinates":[[-83.824951,37.69424],[-83.823959,37.69399],[-83.823557,37.693645],[-83.821571,37.692526]]}},{"type":"Feature","properties":{"osm_id":16163423,"highway":"residential","name":"Flinchum Road","alt_name":null,"official_name":null,"surface":null,"tracktype":null,"service":null,"access":null,"motor_vehicle":null,"foot":null,"tiger_reviewed":"no","rrgh_part":0,"rrgh_tile_part":0},"geometry":{"type":"LineString","coordinates":[[-83.824659,37.696146],[-83.82614,37.695946],[-83.827869,37.695548],[-83.832659,37.693352]]}},{"type":"Feature","properties":{"osm_id":16159472,"highway":"residential","name":null,"alt_name":null,"official_name":null,"surface":null,"tracktype":null,"service":null,"access":null,"motor_vehicle":null,"foot":null,"tiger_reviewed":"no","rrgh_part":0,"rrgh_tile_part":0},"geometry":{"type":"LineString","coordinates":[[-83.827144,37.701994],[-83.826677,37.702131],[-83.824704,37.702214],[-83.824298,37.702117],[-83.824145,37.702035],[-83.823727,37.701759]]}},{"type":"Feature","properties":{"osm_id":969840603,"highway":"service","name":null,"alt_name":null,"official_name":null,"surface":null,"tracktype":null,"service":null,"access":null,"motor_vehicle":null,"foot":null,"tiger_reviewed":null,"rrgh_part":0,"rrgh_tile_part":0},"geometry":{"type":"LineString","coordinates":[[-83.8200022,37.7077047],[-83.8200572,37.7076674],[-83.8200276,37.7074627],[-83.8199512,37.7072774],[-83.8196974,37.7070083],[-83.819584,37.7068562],[-83.8195569,37.7066203],[-83.8195027,37.7061893],[-83.8194632,37.7060099],[-83.8194509,37.7057837],[-83.8194558,37.7056024],[-83.8193622,37.7054659],[-83.8192685,37.7053099],[-83.819303,37.7050154],[-83.8193498,37.7045845],[-83.8194287,37.704058],[-83.8194558,37.7039351],[-83.8196333,37.7038279],[-83.8198847,37.7036387],[-83.8200375,37.7036368],[-83.8203678,37.7037148],[-83.8211392,37.7037811],[-83.8214892,37.7037967],[-83.8219649,37.7038922],[-83.8225746,37.7043133],[-83.822859,37.7047438]]}},{"type":"Feature","properties":{"osm_id":969840598,"highway":"service","name":null,"alt_name":null,"official_name":null,"surface":null,"tracktype":null,"service":null,"access":null,"motor_vehicle":null,"foot":null,"tiger_reviewed":null,"rrgh_part":0,"rrgh_tile_part":0},"geometry":{"type":"LineString","coordinates":[[-83.832866,37.710212],[-83.8314453,37.709799],[-83.8312592,37.7098018]]}},{"type":"Feature","properties":{"osm_id":969840599,"highway":"service","name":null,"alt_name":null,"official_name":null,"surface":null,"tracktype":null,"service":null,"access":null,"motor_vehicle":null,"foot":null,"tiger_reviewed":null,"rrgh_part":0,"rrgh_tile_part":0},"geometry":{"type":"LineString","coordinates":[[-83.8319052,37.7112524],[-83.8319133,37.7111034],[-83.8319266,37.7109734],[-83.8319031,37.7109257],[-83.8318255,37.7109023],[-83.8317582,37.7109064],[-83.8316357,37.7109742],[-83.8315908,37.7109839]]}},{"type":"Feature","properties":{"osm_id":969840600,"highway":"service","name":null,"alt_name":null,"official_name":null,"surface":null,"tracktype":null,"service":null,"access":null,"motor_vehicle":null,"foot":null,"tiger_reviewed":null,"rrgh_part":0,"rrgh_tile_part":0},"geometry":{"type":"LineString","coordinates":[[-83.831734,37.711257],[-83.8316584,37.7114289],[-83.8315969,37.7115729],[-83.8316087,37.7116299],[-83.8316492,37.711661]]}},{"type":"Feature","properties":{"osm_id":1149782565,"highway":"service","name":null,"alt_name":null,"official_name":null,"surface":null,"tracktype":null,"service":null,"access":null,"motor_vehicle":null,"foot":null,"tiger_reviewed":null,"rrgh_part":0,"rrgh_tile_part":0},"geometry":{"type":"LineString","coordinates":[[-83.8310259,37.7067111],[-83.8309383,37.7066981],[-83.8306819,37.7066844],[-83.8304585,37.7067143],[-83.8302242,37.7067491]]}},{"type":"Feature","properties":{"osm_id":969840604,"highway":"service","name":null,"alt_name":null,"official_name":null,"surface":null,"tracktype":null,"service":null,"access":null,"motor_vehicle":null,"foot":null,"tiger_reviewed":null,"rrgh_part":0,"rrgh_tile_part":0},"geometry":{"type":"LineString","coordinates":[[-83.8214961,37.711455],[-83.8215691,37.711451],[-83.8217602,37.7113232],[-83.8220652,37.7111415],[-83.8223334,37.7110674],[-83.822563,37.7110194],[-83.822699,37.7109962],[-83.8227559,37.7109613],[-83.822811,37.7108552],[-83.8229708,37.710486],[-83.8232556,37.7102404],[-83.8234246,37.7101663],[-83.8236561,37.7101125],[-83.8238306,37.7101401],[-83.8240621,37.7102361],[-83.8242292,37.7103174],[-83.8243376,37.7104453],[-83.8243689,37.710704]]}},{"type":"Feature","properties":{"osm_id":16159406,"highway":"residential","name":null,"alt_name":null,"official_name":null,"surface":null,"tracktype":null,"service":null,"access":null,"motor_vehicle":null,"foot":null,"tiger_reviewed":"no","rrgh_part":0,"rrgh_tile_part":0},"geometry":{"type":"LineString","coordinates":[[-83.807594,37.708847],[-83.807395,37.709308],[-83.807249,37.709854],[-83.807137,37.710335],[-83.806928,37.710736],[-83.806656,37.71096],[-83.805764,37.711255],[-83.803225,37.712157],[-83.802845,37.712484],[-83.802238,37.712915],[-83.801804,37.713267]]}},{"type":"Feature","properties":{"osm_id":16160527,"highway":"residential","name":"Stewart Creek Road","alt_name":null,"official_name":null,"surface":null,"tracktype":null,"service":null,"access":null,"motor_vehicle":null,"foot":null,"tiger_reviewed":"no","rrgh_part":0,"rrgh_tile_part":0},"geometry":{"type":"LineString","coordinates":[[-83.809042,37.706675],[-83.808809,37.70684],[-83.808707,37.706931],[-83.808641,37.707015],[-83.808625,37.707051],[-83.808622,37.707309],[-83.808595,37.707408],[-83.808455,37.707624],[-83.808051,37.708074],[-83.807892,37.708359],[-83.807603,37.708733],[-83.80758,37.708805],[-83.807594,37.708847],[-83.807604,37.708877],[-83.807953,37.709218],[-83.808026,37.709272],[-83.808128,37.709309],[-83.808259,37.709338],[-83.808391,37.709345],[-83.808578,37.70932],[-83.808888,37.709256],[-83.809012,37.709244],[-83.809277,37.709246],[-83.809421,37.709281],[-83.809586,37.709356],[-83.809812,37.70949],[-83.810099,37.709639],[-83.81079,37.709963],[-83.811297,37.710181],[-83.811371,37.710229],[-83.81143,37.710282],[-83.81164,37.710593],[-83.811742,37.710704],[-83.812069,37.710965],[-83.812539,37.711232],[-83.812684,37.711344],[-83.812826,37.711553],[-83.812946,37.711693],[-83.813156,37.711856],[-83.813374,37.712],[-83.813669,37.712258],[-83.813993,37.712602],[-83.814129,37.712778],[-83.814184,37.712835],[-83.814543,37.71308],[-83.81467,37.713149],[-83.81493,37.713268],[-83.814996,37.713315],[-83.815089,37.71341],[-83.815173,37.713547],[-83.815274,37.71381],[-83.815356,37.714095],[-83.815394,37.714274],[-83.815443,37.714411],[-83.815486,37.71457],[-83.815505,37.714687],[-83.81554,37.7148],[-83.815611,37.714966],[-83.815662,37.715239],[-83.815683,37.715283],[-83.81585,37.715469],[-83.816013,37.715621],[-83.816182,37.715718],[-83.816297,37.715806],[-83.816502,37.715993],[-83.816713,37.71621],[-83.816807,37.716326],[-83.816882,37.716442],[-83.816957,37.716642],[-83.816983,37.716751],[-83.817046,37.716861],[-83.817126,37.716966],[-83.817209,37.717096],[-83.817346,37.717221],[-83.817592,37.717384],[-83.8178961,37.7175585],[-83.8181011,37.7176853],[-83.818245,37.7177521],[-83.818405,37.717846],[-83.8185687,37.7179611],[-83.8186236,37.7180425],[-83.8186928,37.7180712],[-83.8188639,37.7180998],[-83.8189187,37.7181118],[-83.8190603,37.7181499],[-83.819153,37.718193]]}},{"type":"Feature","properties":{"osm_id":16159409,"highway":"residential","name":null,"alt_name":null,"official_name":null,"surface":null,"tracktype":null,"service":null,"access":null,"motor_vehicle":null,"foot":null,"tiger_reviewed":"no","rrgh_part":0,"rrgh_tile_part":0},"geometry":{"type":"LineString","coordinates":[[-83.795086,37.695469],[-83.795517,37.696109],[-83.796525,37.697299],[-83.796611,37.697894],[-83.796899,37.698283],[-83.797446,37.698672],[-83.798194,37.699564],[-83.798137,37.701349],[-83.797877,37.701852],[-83.79782,37.702149],[-83.797878,37.702251],[-83.797964,37.702386],[-83.798164,37.702504]]}},{"type":"Feature","properties":{"osm_id":16159410,"highway":"residential","name":null,"alt_name":null,"official_name":null,"surface":null,"tracktype":null,"service":null,"access":null,"motor_vehicle":null,"foot":null,"tiger_reviewed":"no","rrgh_part":0,"rrgh_tile_part":0},"geometry":{"type":"LineString","coordinates":[[-83.794639,37.699325],[-83.794821,37.699534],[-83.795044,37.699728],[-83.795591,37.700074],[-83.795803,37.700348],[-83.796127,37.700598],[-83.796299,37.700993],[-83.796421,37.701542],[-83.796532,37.701896],[-83.79713,37.702162],[-83.797464,37.702283],[-83.797878,37.702251]]}},{"type":"Feature","properties":{"osm_id":16159774,"highway":"service","name":"Smyth Cemetery Road","alt_name":null,"official_name":null,"surface":null,"tracktype":null,"service":null,"access":"private","motor_vehicle":null,"foot":null,"tiger_reviewed":"no","rrgh_part":0,"rrgh_tile_part":0},"geometry":{"type":"LineString","coordinates":[[-83.801471,37.694762],[-83.801377,37.694723],[-83.801303,37.694708],[-83.801169,37.694703],[-83.80108,37.694718],[-83.800829,37.694803],[-83.800738,37.694826],[-83.800043,37.69486],[-83.799775,37.69486],[-83.799397,37.694813],[-83.798951,37.694813],[-83.798837,37.694804],[-83.798679,37.69476],[-83.798361,37.694607],[-83.798325,37.694553],[-83.798293,37.694454],[-83.798243,37.694428]]}},{"type":"Feature","properties":{"osm_id":16160599,"highway":"residential","name":"Gross Cemetery Road","alt_name":null,"official_name":null,"surface":null,"tracktype":null,"service":null,"access":null,"motor_vehicle":null,"foot":null,"tiger_reviewed":"no","rrgh_part":0,"rrgh_tile_part":0},"geometry":{"type":"LineString","coordinates":[[-83.799752,37.70223],[-83.799893,37.701815],[-83.800028,37.701513],[-83.800116,37.701345],[-83.800242,37.700929],[-83.800298,37.700794],[-83.800394,37.70061],[-83.800481,37.700362],[-83.800535,37.700097],[-83.800566,37.699648],[-83.800584,37.699586],[-83.800659,37.699483],[-83.800704,37.699453],[-83.801448,37.699195],[-83.801571,37.699144],[-83.801627,37.699108],[-83.801781,37.699091],[-83.801881,37.69907],[-83.802207,37.698982],[-83.802346,37.698954],[-83.802484,37.698949],[-83.802782,37.698975],[-83.802889,37.698997],[-83.803277,37.699186],[-83.803641,37.699301],[-83.803996,37.699455],[-83.804358,37.699714],[-83.804584,37.69982],[-83.804889,37.700035],[-83.805187,37.700211],[-83.805514,37.700331],[-83.806192,37.700541],[-83.80635,37.700549]]}},{"type":"Feature","properties":{"osm_id":1336682291,"highway":"track","name":null,"alt_name":null,"official_name":null,"surface":null,"tracktype":null,"service":null,"access":null,"motor_vehicle":null,"foot":null,"tiger_reviewed":null,"rrgh_part":0,"rrgh_tile_part":0},"geometry":{"type":"LineString","coordinates":[[-83.801909,37.693275],[-83.8019025,37.6932005],[-83.8018413,37.6929379],[-83.8017309,37.6926487],[-83.8014468,37.6925129],[-83.8007124,37.692012],[-83.8004712,37.6918889],[-83.8000316,37.6918507],[-83.7996832,37.6918719]]}},{"type":"Feature","properties":{"osm_id":16160368,"highway":"residential","name":"Cr-1021","alt_name":null,"official_name":null,"surface":null,"tracktype":null,"service":null,"access":null,"motor_vehicle":null,"foot":null,"tiger_reviewed":"no","rrgh_part":0,"rrgh_tile_part":0},"geometry":{"type":"LineString","coordinates":[[-83.801887,37.693298],[-83.801876,37.693487],[-83.801932,37.693426],[-83.802015,37.693357],[-83.80203,37.693329],[-83.802027,37.693297],[-83.802007,37.693273],[-83.801977,37.69326],[-83.801909,37.693275],[-83.801887,37.693298]]}},{"type":"Feature","properties":{"osm_id":16163512,"highway":"residential","name":"Cole Cemetery Road","alt_name":null,"official_name":null,"surface":null,"tracktype":null,"service":null,"access":null,"motor_vehicle":null,"foot":null,"tiger_reviewed":"no","rrgh_part":0,"rrgh_tile_part":0},"geometry":{"type":"LineString","coordinates":[[-83.801876,37.693487],[-83.801839,37.693636],[-83.801658,37.694015],[-83.801601,37.694389],[-83.801471,37.694762],[-83.80144,37.694953],[-83.801448,37.695078],[-83.801473,37.695197],[-83.801675,37.695506],[-83.801753,37.695714],[-83.801757,37.69581],[-83.801689,37.696213],[-83.801705,37.696331],[-83.801848,37.69677],[-83.801941,37.697191],[-83.802008,37.697351],[-83.802088,37.697485],[-83.80218,37.697612],[-83.802288,37.697819],[-83.802335,37.697996],[-83.80235,37.698164],[-83.802348,37.698276],[-83.802328,37.698336],[-83.802281,37.698448],[-83.8022,37.698581],[-83.802154,37.698637],[-83.801995,37.698763],[-83.801912,37.698844],[-83.801742,37.699038],[-83.801627,37.699108]]}},{"type":"Feature","properties":{"osm_id":16159738,"highway":"track","name":null,"alt_name":null,"official_name":null,"surface":null,"tracktype":null,"service":null,"access":null,"motor_vehicle":null,"foot":null,"tiger_reviewed":"no","rrgh_part":0,"rrgh_tile_part":0},"geometry":{"type":"LineString","coordinates":[[-83.7853211,37.6925383],[-83.7852675,37.692428],[-83.7850424,37.6923261],[-83.7849137,37.6923091],[-83.7848065,37.6923133],[-83.7845814,37.6923515],[-83.7842436,37.6925001],[-83.7841579,37.6925914],[-83.7840078,37.6927238],[-83.784462,37.69346],[-83.784865,37.693965],[-83.785325,37.694631],[-83.786178,37.695642],[-83.7866501,37.6962329],[-83.786965,37.697018],[-83.787771,37.697753],[-83.787856,37.697983],[-83.7877873,37.6993212],[-83.787769,37.699678],[-83.788402,37.700551],[-83.788516,37.701125],[-83.788372,37.701538],[-83.788458,37.702133],[-83.788689,37.702455],[-83.788804,37.702937],[-83.788802,37.704107],[-83.788716,37.70429],[-83.788802,37.70546],[-83.788917,37.705965],[-83.7890562,37.7063258],[-83.789002,37.706722],[-83.788513,37.707296],[-83.788311,37.707709],[-83.788022,37.7084513],[-83.788166,37.709177],[-83.788137,37.709774],[-83.7885897,37.7102285],[-83.7886819,37.7106208],[-83.7885786,37.7111394],[-83.788568,37.711472],[-83.7874947,37.7121853],[-83.787271,37.712551],[-83.786466,37.712614],[-83.786005,37.712475],[-83.785257,37.711736],[-83.78471,37.711527],[-83.784365,37.711318],[-83.783991,37.710695],[-83.783647,37.710371],[-83.782927,37.710322],[-83.782668,37.710206],[-83.782438,37.709883],[-83.781806,37.708614],[-83.781461,37.708361],[-83.780857,37.708128],[-83.780857,37.707783],[-83.780944,37.70762],[-83.781002,37.707321],[-83.781204,37.707113],[-83.781607,37.70702]]}},{"type":"Feature","properties":{"osm_id":1336978361,"highway":"track","name":null,"alt_name":null,"official_name":null,"surface":null,"tracktype":null,"service":null,"access":null,"motor_vehicle":null,"foot":null,"tiger_reviewed":null,"rrgh_part":0,"rrgh_tile_part":0},"geometry":{"type":"LineString","coordinates":[[-83.7908518,37.6944865],[-83.7906213,37.6944865],[-83.7903908,37.6945417],[-83.7900424,37.6947327],[-83.7898494,37.6948133],[-83.7897743,37.6948643],[-83.7894634,37.6950128],[-83.7893079,37.6951062],[-83.7892061,37.6951869],[-83.7890077,37.6953949],[-83.7888094,37.6956623],[-83.788804,37.6957175],[-83.7887504,37.6958448],[-83.7887451,37.6959679],[-83.7887612,37.6960528],[-83.7888362,37.696282],[-83.7890667,37.6966598],[-83.7891203,37.6967999],[-83.789115,37.696923],[-83.7890828,37.6970588],[-83.7890238,37.6971989],[-83.7886754,37.6978143],[-83.7886432,37.6978992],[-83.7885843,37.6983662],[-83.7884181,37.6987821],[-83.7879678,37.699249],[-83.7877873,37.6993212]]}},{"type":"Feature","properties":{"osm_id":16160089,"highway":"track","name":null,"alt_name":null,"official_name":null,"surface":null,"tracktype":null,"service":null,"access":null,"motor_vehicle":null,"foot":null,"tiger_reviewed":"no","rrgh_part":0,"rrgh_tile_part":0},"geometry":{"type":"LineString","coordinates":[[-83.779475,37.712327],[-83.780713,37.71306],[-83.78077,37.713198],[-83.78051,37.713472],[-83.78051,37.713724],[-83.780711,37.713884],[-83.781287,37.714044],[-83.782929,37.713679],[-83.783244,37.713702],[-83.783964,37.713908],[-83.784655,37.71391],[-83.785548,37.713795],[-83.786355,37.713818],[-83.786757,37.71407],[-83.787461,37.715087]]}},{"type":"Feature","properties":{"osm_id":16160456,"highway":"residential","name":"Earl Abner Road","alt_name":null,"official_name":null,"surface":null,"tracktype":null,"service":null,"access":null,"motor_vehicle":null,"foot":null,"tiger_reviewed":"no","rrgh_part":0,"rrgh_tile_part":0},"geometry":{"type":"LineString","coordinates":[[-83.787271,37.712551],[-83.787314,37.712703],[-83.787369,37.712786],[-83.787528,37.712909],[-83.787677,37.713005],[-83.787897,37.713101],[-83.788306,37.713186]]}},{"type":"Feature","properties":{"osm_id":16161612,"highway":"residential","name":"Watsons Ridge Road","alt_name":null,"official_name":null,"surface":null,"tracktype":null,"service":null,"access":null,"motor_vehicle":null,"foot":null,"tiger_reviewed":"no","rrgh_part":0,"rrgh_tile_part":0},"geometry":{"type":"LineString","coordinates":[[-83.828754,37.714933],[-83.828698,37.715186],[-83.828702,37.715247],[-83.828725,37.715307],[-83.828767,37.715365],[-83.828892,37.715468],[-83.829247,37.715685],[-83.829433,37.715827],[-83.830355,37.716673],[-83.83053,37.716873],[-83.830619,37.717005],[-83.830729,37.717135],[-83.830797,37.717198],[-83.830951,37.717308],[-83.831274,37.717508],[-83.831473,37.717665],[-83.831527,37.717724],[-83.83162,37.717858],[-83.831695,37.717996],[-83.831796,37.71828],[-83.831797,37.718424],[-83.831762,37.718649],[-83.831781,37.718788],[-83.831852,37.718933],[-83.832064,37.719216],[-83.832132,37.719282],[-83.832212,37.71934],[-83.832303,37.719385],[-83.832403,37.719418],[-83.832506,37.719439],[-83.832918,37.719477],[-83.833392,37.7195],[-83.833566,37.719528],[-83.833643,37.719553],[-83.83368,37.719575],[-83.833772,37.719629],[-83.833944,37.71978],[-83.834314,37.720215],[-83.834423,37.720303],[-83.834575,37.720389],[-83.834991,37.720491],[-83.835074,37.720521],[-83.835151,37.720564],[-83.835215,37.720624],[-83.8352271,37.7206423],[-83.835261,37.720694],[-83.835289,37.720772],[-83.835316,37.721012],[-83.835335,37.721091],[-83.835367,37.72117],[-83.835415,37.721244],[-83.835477,37.721308],[-83.835551,37.72136],[-83.835635,37.721401],[-83.835824,37.721459],[-83.836042,37.72151],[-83.836374,37.721622],[-83.836562,37.721709],[-83.83664,37.721758],[-83.837743,37.722926],[-83.837799,37.722993],[-83.837865,37.723118],[-83.837896,37.723239],[-83.837895,37.723421],[-83.837857,37.723627],[-83.837762,37.723879],[-83.83774,37.724008],[-83.837775,37.724153],[-83.837805,37.724215],[-83.837954,37.724437],[-83.837986,37.7245],[-83.838019,37.724623],[-83.83802,37.724741],[-83.837994,37.72501],[-83.837987,37.725296],[-83.837965,37.72555],[-83.837981,37.725689],[-83.83806,37.725886],[-83.83817,37.726073],[-83.838398,37.72651],[-83.838443,37.726694],[-83.838478,37.726928],[-83.838553,37.727114],[-83.838604,37.727198],[-83.838715,37.727343],[-83.838921,37.727553],[-83.839002,37.727664],[-83.83903,37.727721],[-83.839103,37.727975],[-83.839138,37.728143],[-83.839137,37.728241],[-83.839112,37.728375],[-83.839038,37.728538],[-83.83881,37.728887],[-83.838725,37.728996],[-83.838384,37.729586],[-83.83814,37.73009],[-83.838074,37.730339],[-83.83805,37.730479],[-83.83803,37.730693],[-83.838012,37.731228],[-83.837951,37.731651],[-83.837891,37.731865],[-83.837825,37.731995],[-83.837714,37.732261],[-83.837699,37.732329],[-83.837687,37.732561],[-83.837699,37.732785],[-83.837651,37.732992],[-83.837566,37.733135],[-83.837336,37.733474],[-83.837305,37.73356],[-83.837298,37.733619],[-83.837315,37.733792],[-83.83735,37.733898],[-83.837428,37.734014],[-83.837524,37.734189],[-83.83756,37.734318],[-83.837564,37.734449],[-83.83753,37.734569],[-83.837501,37.734627],[-83.837461,37.734677],[-83.837347,37.734757],[-83.836983,37.734893],[-83.836773,37.734996],[-83.836697,37.735024],[-83.836544,37.735056],[-83.83623,37.735084],[-83.836078,37.735087],[-83.835717,37.735086],[-83.835582,37.735063],[-83.835454,37.73501],[-83.835342,37.734946],[-83.834896,37.7346],[-83.834787,37.734545],[-83.834604,37.734497],[-83.834382,37.734488],[-83.834048,37.734591],[-83.833812,37.734756],[-83.833656,37.734898],[-83.833503,37.735077],[-83.833397,37.735201],[-83.833145,37.735551],[-83.832948,37.735926],[-83.832796,37.736332],[-83.832709,37.736599],[-83.832625,37.736757],[-83.832423,37.737039],[-83.832121,37.737384],[-83.831928,37.737512],[-83.831679,37.73763],[-83.83136,37.737743],[-83.831267,37.737776],[-83.830994,37.737848],[-83.830818,37.737871],[-83.83065,37.737871],[-83.830496,37.737847],[-83.830214,37.737766],[-83.830102,37.737769],[-83.829986,37.737798],[-83.829882,37.737893],[-83.829828,37.737999],[-83.829797,37.738098],[-83.829765,37.738329],[-83.829689,37.738469],[-83.829115,37.739131],[-83.828975,37.739266],[-83.828757,37.739383],[-83.828655,37.739421],[-83.828209,37.739544],[-83.828005,37.739647],[-83.827832,37.739781],[-83.827693,37.7399181],[-83.827678,37.739933],[-83.827544,37.740106],[-83.8274233,37.7403051],[-83.82725,37.740591],[-83.827109,37.740748],[-83.826831,37.741024],[-83.826766,37.74111],[-83.826643,37.741273],[-83.82654,37.74137],[-83.82641,37.741461],[-83.826276,37.741505],[-83.826167,37.741528],[-83.826053,37.741539],[-83.825838,37.741536],[-83.825458,37.741506],[-83.825366,37.741505],[-83.82528,37.741515],[-83.825201,37.741535],[-83.825129,37.741568],[-83.825041,37.741647],[-83.824689,37.742115],[-83.824469,37.742365],[-83.82441,37.742448],[-83.824321,37.742621],[-83.824162,37.743023],[-83.824083,37.743173],[-83.824032,37.743246],[-83.822976,37.74464],[-83.822598,37.745061],[-83.822319,37.745329],[-83.822279,37.745382],[-83.822252,37.745441],[-83.822247,37.745483]]}},{"type":"Feature","properties":{"osm_id":16159519,"highway":"residential","name":null,"alt_name":null,"official_name":null,"surface":null,"tracktype":null,"service":null,"access":null,"motor_vehicle":null,"foot":null,"tiger_reviewed":"no","rrgh_part":0,"rrgh_tile_part":0},"geometry":{"type":"LineString","coordinates":[[-83.83368,37.719575],[-83.834131,37.719379],[-83.834602,37.719166],[-83.835202,37.718576],[-83.835612,37.718194],[-83.836322,37.717677]]}},{"type":"Feature","properties":{"osm_id":16160081,"highway":"service","name":null,"alt_name":null,"official_name":null,"surface":null,"tracktype":null,"service":null,"access":"private","motor_vehicle":null,"foot":null,"tiger_reviewed":"no","rrgh_part":0,"rrgh_tile_part":0},"geometry":{"type":"LineString","coordinates":[[-83.839114,37.716398],[-83.839228,37.716672],[-83.840004,37.717039],[-83.840061,37.717543],[-83.840002,37.717772],[-83.840028,37.71926],[-83.839909,37.720818],[-83.839736,37.721391],[-83.839591,37.721642],[-83.838292,37.722513],[-83.837946,37.722812],[-83.837743,37.722926]]}},{"type":"Feature","properties":{"osm_id":969840597,"highway":"service","name":null,"alt_name":null,"official_name":null,"surface":null,"tracktype":null,"service":null,"access":null,"motor_vehicle":null,"foot":null,"tiger_reviewed":null,"rrgh_part":0,"rrgh_tile_part":0},"geometry":{"type":"LineString","coordinates":[[-83.833772,37.719629],[-83.833814,37.7196191],[-83.8339726,37.7196868],[-83.8342327,37.7198951],[-83.8344785,37.7200256],[-83.8347323,37.7200707],[-83.8348909,37.7201673],[-83.8353033,37.7205826],[-83.8352271,37.7206423]]}},{"type":"Feature","properties":{"osm_id":1410464263,"highway":"track","name":null,"alt_name":null,"official_name":null,"surface":null,"tracktype":null,"service":null,"access":null,"motor_vehicle":null,"foot":null,"tiger_reviewed":null,"rrgh_part":0,"rrgh_tile_part":0},"geometry":{"type":"LineString","coordinates":[[-83.8433283,37.7492372],[-83.8435159,37.7497164],[-83.84359056090373,37.75]]}},{"type":"Feature","properties":{"osm_id":16159437,"highway":"residential","name":null,"alt_name":null,"official_name":null,"surface":null,"tracktype":null,"service":null,"access":null,"motor_vehicle":null,"foot":null,"tiger_reviewed":"no","rrgh_part":0,"rrgh_tile_part":0},"geometry":{"type":"LineString","coordinates":[[-83.819153,37.718193],[-83.8192193,37.7182564],[-83.8192804,37.7184777],[-83.8194061,37.7186783],[-83.8196473,37.7189668],[-83.8196719,37.7190842],[-83.8199642,37.7192558],[-83.8202562,37.7194825],[-83.8203687,37.7195397],[-83.8206021,37.7196584],[-83.821569,37.719729],[-83.82235,37.720126],[-83.823119,37.720677],[-83.8235021,37.7209329],[-83.8237994,37.7210554],[-83.8242684,37.7211216],[-83.8246937,37.7211228],[-83.825021,37.7212744],[-83.8253026,37.721336],[-83.8255088,37.7214464],[-83.8256179,37.7214815],[-83.8257569,37.7215145]]}},{"type":"Feature","properties":{"osm_id":16161742,"highway":"residential","name":"Stewart Fork Road","alt_name":null,"official_name":null,"surface":null,"tracktype":null,"service":null,"access":null,"motor_vehicle":null,"foot":null,"tiger_reviewed":"no","rrgh_part":0,"rrgh_tile_part":0},"geometry":{"type":"LineString","coordinates":[[-83.831762,37.718649],[-83.831725,37.718652],[-83.831709,37.718665],[-83.831648,37.718738],[-83.831502,37.718962],[-83.831183,37.719522],[-83.831092,37.719644],[-83.831034,37.719698],[-83.830833,37.719831],[-83.830605,37.719947],[-83.830175,37.720146],[-83.829946,37.72027],[-83.829277,37.7206],[-83.829004,37.720785],[-83.828821,37.720855],[-83.82868,37.720889],[-83.828267,37.720915],[-83.827737,37.720897],[-83.827317,37.720854],[-83.827121,37.720821],[-83.826942,37.720778],[-83.826768,37.720695],[-83.826083,37.72019],[-83.825899,37.720067],[-83.825781,37.720024],[-83.825722,37.72002],[-83.825603,37.720047],[-83.825517,37.720134],[-83.825459,37.720219],[-83.825465,37.720303],[-83.825507,37.720389],[-83.825596,37.720524],[-83.825782,37.720902],[-83.825853,37.721009],[-83.825878,37.721063],[-83.82591,37.721213],[-83.825909,37.721281],[-83.825894,37.721341],[-83.825858,37.721412],[-83.825819,37.721452],[-83.8257569,37.7215145],[-83.82497,37.722025],[-83.824917,37.722074],[-83.824814,37.722126],[-83.824572,37.722278],[-83.824508,37.722327],[-83.824379,37.722511]]}},{"type":"Feature","properties":{"osm_id":16161934,"highway":"residential","name":"Stewart Fork","alt_name":null,"official_name":null,"surface":null,"tracktype":null,"service":null,"access":null,"motor_vehicle":null,"foot":null,"tiger_reviewed":"no","rrgh_part":0,"rrgh_tile_part":0},"geometry":{"type":"LineString","coordinates":[[-83.824379,37.722511],[-83.824166,37.722808],[-83.824007,37.722972],[-83.823938,37.723022],[-83.823826,37.723067],[-83.823659,37.723107],[-83.823482,37.723179],[-83.82333,37.723253],[-83.823193,37.723357],[-83.822682,37.723899],[-83.82242,37.724305],[-83.822394,37.724495],[-83.822409,37.724572],[-83.822706,37.725039],[-83.822757,37.72514],[-83.822796,37.725257],[-83.822839,37.725452],[-83.822843,37.725591],[-83.822804,37.725781],[-83.822759,37.725881],[-83.822553,37.726241],[-83.822537,37.726317],[-83.822538,37.726385],[-83.822558,37.726444],[-83.822633,37.726576],[-83.822684,37.726645],[-83.82279,37.726721],[-83.82314,37.726934],[-83.823424,37.727124]]}},{"type":"Feature","properties":{"osm_id":969840602,"highway":"service","name":null,"alt_name":null,"official_name":null,"surface":null,"tracktype":null,"service":null,"access":null,"motor_vehicle":null,"foot":null,"tiger_reviewed":null,"rrgh_part":0,"rrgh_tile_part":0},"geometry":{"type":"LineString","coordinates":[[-83.823799,37.724886],[-83.8236992,37.7254542],[-83.8236744,37.7257607],[-83.8235549,37.726178],[-83.8233282,37.7263052],[-83.8232292,37.7263834],[-83.8232663,37.7265628]]}},{"type":"Feature","properties":{"osm_id":16159240,"highway":"residential","name":"Mountain Springs Road","alt_name":null,"official_name":null,"surface":null,"tracktype":null,"service":null,"access":null,"motor_vehicle":null,"foot":null,"tiger_reviewed":"no","rrgh_part":0,"rrgh_tile_part":0},"geometry":{"type":"LineString","coordinates":[[-83.77137,37.7451648],[-83.7714928,37.7453143],[-83.7717121,37.7457386],[-83.7719543,37.7459422],[-83.7722148,37.7459855],[-83.7725416,37.7458935],[-83.7727398,37.7459397],[-83.7729494,37.7462268],[-83.7733137,37.7467942],[-83.7738026,37.7472438],[-83.7744115,37.7471028],[-83.7747119,37.7467927],[-83.7748321,37.7465997],[-83.7749785,37.7465754],[-83.7751481,37.7467186],[-83.7754131,37.7469295],[-83.7757058,37.7469731],[-83.7762166,37.7468972],[-83.7767359,37.7468603],[-83.7772411,37.7469648],[-83.7776507,37.7472127],[-83.7787735,37.7478395],[-83.778886,37.748496],[-83.7788053,37.7486524],[-83.7788617,37.7488721],[-83.7790678,37.7489546],[-83.7795013,37.7489599],[-83.7801571,37.7488629],[-83.7807583,37.7483659],[-83.782343,37.747788],[-83.783611,37.747879],[-83.7845496,37.747864],[-83.7853276,37.74759],[-83.7857306,37.747613],[-83.7864506,37.748002],[-83.7871736,37.747883],[-83.7874246,37.747833],[-83.7880706,37.747925],[-83.7886556,37.748378],[-83.789193,37.74882],[-83.7897,37.74994],[-83.78972784482758,37.75]]}},{"type":"Feature","properties":{"osm_id":16336452,"highway":"residential","name":"Pilot Road","alt_name":null,"official_name":null,"surface":null,"tracktype":null,"service":null,"access":null,"motor_vehicle":null,"foot":null,"tiger_reviewed":"no","rrgh_part":0,"rrgh_tile_part":0},"geometry":{"type":"LineString","coordinates":[[-83.770382,37.743637],[-83.770457,37.743863],[-83.770609,37.744448],[-83.770616,37.744504],[-83.770595,37.74458],[-83.770574,37.74461],[-83.770527,37.744646],[-83.770446,37.744684],[-83.770349,37.744702],[-83.770237,37.744706],[-83.769733,37.744676],[-83.769585,37.744677],[-83.76836,37.744737],[-83.767691,37.744756],[-83.767583,37.744772],[-83.767474,37.744801],[-83.767381,37.744831],[-83.767292,37.744873],[-83.767218,37.744933],[-83.767068,37.745093],[-83.767006,37.745186],[-83.76696,37.745288],[-83.766899,37.745505],[-83.766769,37.746078],[-83.766729,37.746191],[-83.766588,37.746361],[-83.766509,37.746421],[-83.766267,37.746566],[-83.766097,37.7467],[-83.766027,37.746783],[-83.765787,37.747243],[-83.765668,37.747414],[-83.765584,37.747483],[-83.765401,37.747599],[-83.765089,37.747745],[-83.764894,37.74786],[-83.764809,37.747933],[-83.764648,37.748097],[-83.76432,37.748468],[-83.764133,37.748619],[-83.764025,37.748687],[-83.763793,37.748779],[-83.763672,37.74881],[-83.763174,37.748887],[-83.762945,37.748934],[-83.762859,37.74899],[-83.762754,37.749089],[-83.762692,37.749165],[-83.762642,37.749251],[-83.762613,37.749343],[-83.762616,37.749453],[-83.762644,37.749503],[-83.762704,37.749571],[-83.762788,37.749605],[-83.762905,37.749624],[-83.763147,37.749636],[-83.763279,37.749636],[-83.763528,37.749614],[-83.763777,37.749609],[-83.764013,37.749631],[-83.764121,37.749657],[-83.764219,37.749695],[-83.764318,37.74977],[-83.764382,37.749847],[-83.764438,37.74997],[-83.76444329411764,37.75]]}},{"type":"Feature","properties":{"osm_id":16160140,"highway":"residential","name":null,"alt_name":null,"official_name":null,"surface":null,"tracktype":null,"service":null,"access":null,"motor_vehicle":null,"foot":null,"tiger_reviewed":"no","rrgh_part":0,"rrgh_tile_part":0},"geometry":{"type":"LineString","coordinates":[[-83.825819,37.721452],[-83.826412,37.721919],[-83.826605,37.722708],[-83.826758,37.723033],[-83.826904,37.723148]]}},{"type":"Feature","properties":{"osm_id":16163571,"highway":"residential","name":"Clay Rodgers Road","alt_name":null,"official_name":null,"surface":null,"tracktype":null,"service":null,"access":null,"motor_vehicle":null,"foot":null,"tiger_reviewed":"no","rrgh_part":0,"rrgh_tile_part":0},"geometry":{"type":"LineString","coordinates":[[-83.824379,37.722511],[-83.82436,37.722664],[-83.82424,37.722969],[-83.824194,37.72315],[-83.82415,37.723239],[-83.824083,37.723339],[-83.823884,37.723744],[-83.823853,37.723828],[-83.823826,37.724145],[-83.823846,37.72451],[-83.8238,37.724793],[-83.823799,37.724886]]}},{"type":"Feature","properties":{"osm_id":16159512,"highway":"service","name":null,"alt_name":null,"official_name":null,"surface":null,"tracktype":null,"service":null,"access":null,"motor_vehicle":null,"foot":null,"tiger_reviewed":"no","rrgh_part":0,"rrgh_tile_part":0},"geometry":{"type":"LineString","coordinates":[[-83.8223155,37.737047],[-83.8224377,37.737265],[-83.8227841,37.7379403],[-83.8228503,37.7383551],[-83.822923,37.738928],[-83.8232305,37.7390544],[-83.8239083,37.7392941],[-83.8241006,37.7395414],[-83.8242431,37.7399373],[-83.8246121,37.7403692],[-83.8246509,37.7406395],[-83.8246068,37.7409778],[-83.8247081,37.7412283],[-83.8248607,37.7413872],[-83.8250568,37.74142]]}},{"type":"Feature","properties":{"osm_id":16159516,"highway":"service","name":null,"alt_name":null,"official_name":null,"surface":null,"tracktype":null,"service":null,"access":"private","motor_vehicle":null,"foot":null,"tiger_reviewed":"no","rrgh_part":0,"rrgh_tile_part":0},"geometry":{"type":"LineString","coordinates":[[-83.83136,37.737743],[-83.831336,37.738101],[-83.831377,37.738238],[-83.831661,37.738399],[-83.832168,37.738576],[-83.832391,37.738818],[-83.832421,37.739019],[-83.832198,37.739245],[-83.831488,37.73956],[-83.831265,37.739536],[-83.830748,37.739327]]}},{"type":"Feature","properties":{"osm_id":16159965,"highway":"service","name":null,"alt_name":null,"official_name":null,"surface":null,"tracktype":null,"service":null,"access":null,"motor_vehicle":null,"foot":null,"tiger_reviewed":"no","rrgh_part":0,"rrgh_tile_part":0},"geometry":{"type":"LineString","coordinates":[[-83.825129,37.741568],[-83.8250568,37.74142],[-83.8250279,37.7413609],[-83.8249955,37.7409626],[-83.8251743,37.7405571],[-83.8252998,37.739646],[-83.8251525,37.7389699],[-83.8250238,37.7385833],[-83.824715,37.7381777],[-83.8244354,37.7379913],[-83.824195,37.7378674],[-83.8240633,37.7377358],[-83.8239555,37.7373596],[-83.8238375,37.7369246],[-83.8236699,37.7364518],[-83.8235294,37.736253],[-83.8232302,37.7360442],[-83.8229267,37.7358734],[-83.8228142,37.7357142],[-83.8227675,37.7354061],[-83.8228604,37.7351937],[-83.8230829,37.734929],[-83.8231609,37.7348362],[-83.8236003,37.7341006],[-83.8234782,37.7338299],[-83.823434,37.7336325],[-83.8232558,37.7329669],[-83.8231747,37.7327495],[-83.8230326,37.7325783],[-83.8229331,37.7323847],[-83.82237,37.7319488]]}},{"type":"Feature","properties":{"osm_id":16161390,"highway":"residential","name":"Mountain Springs Cemetery Road","alt_name":"Mountain Springs Road","official_name":null,"surface":null,"tracktype":null,"service":null,"access":null,"motor_vehicle":null,"foot":null,"tiger_reviewed":"no","rrgh_part":0,"rrgh_tile_part":0},"geometry":{"type":"LineString","coordinates":[[-83.810654,37.737209],[-83.810943,37.737493],[-83.811084,37.737604],[-83.811298,37.737728],[-83.811433,37.737826],[-83.811536,37.737945],[-83.811688,37.738208],[-83.811742,37.738273],[-83.811809,37.738333],[-83.812034,37.738495],[-83.812163,37.73861],[-83.812456,37.738954],[-83.812611,37.739167],[-83.812894,37.739516],[-83.813089,37.739777],[-83.8131143,37.7398171],[-83.813282,37.740083],[-83.813344,37.740206],[-83.81342,37.7404],[-83.813464,37.740463],[-83.813588,37.740564],[-83.813657,37.740603],[-83.814011,37.740757],[-83.814271,37.740903],[-83.81454,37.741093],[-83.815039,37.74141],[-83.815223,37.74155],[-83.815318,37.741659],[-83.815627,37.742109],[-83.815775,37.742372],[-83.815854,37.742566],[-83.81589,37.742622],[-83.815946,37.742709],[-83.816053,37.742827],[-83.816204,37.742915],[-83.816302,37.742942],[-83.816823,37.743049],[-83.816963,37.743056],[-83.817055,37.743038],[-83.817157,37.742998],[-83.817321,37.742898],[-83.81748,37.74275],[-83.817533,37.742732],[-83.817592,37.74273],[-83.817674,37.742744],[-83.817747,37.74277],[-83.817842,37.742841],[-83.818082,37.743071],[-83.818199,37.743217],[-83.818234,37.743317],[-83.818249,37.743714],[-83.818287,37.743843],[-83.818352,37.743975],[-83.818517,37.744248],[-83.818673,37.744446],[-83.818761,37.744592],[-83.818831,37.744739],[-83.818916,37.744965],[-83.819038,37.745365],[-83.819141,37.745487],[-83.819199,37.745539],[-83.819318,37.745628],[-83.819429,37.745669],[-83.819906,37.745717],[-83.820168,37.745728],[-83.820342,37.745716],[-83.820486,37.745683],[-83.820628,37.745622],[-83.820688,37.745577],[-83.820786,37.745462],[-83.820913,37.745243],[-83.820949,37.745215],[-83.821008,37.745204],[-83.821167,37.745214],[-83.821264,37.745232],[-83.821713,37.745362],[-83.822247,37.745483]]}},{"type":"Feature","properties":{"osm_id":1191332248,"highway":"track","name":null,"alt_name":null,"official_name":null,"surface":null,"tracktype":null,"service":null,"access":null,"motor_vehicle":null,"foot":null,"tiger_reviewed":null,"rrgh_part":0,"rrgh_tile_part":0},"geometry":{"type":"LineString","coordinates":[[-83.822537,37.726317],[-83.8223615,37.7263894],[-83.8222759,37.7264822],[-83.8222148,37.7265543],[-83.8221977,37.7267262],[-83.8222631,37.726796],[-83.8223976,37.7269335],[-83.8224732,37.7270886],[-83.8224329,37.7272447],[-83.8224174,37.7273804],[-83.8224159,37.727538],[-83.8223557,37.7277497],[-83.822318,37.727953],[-83.8222228,37.7281413],[-83.8220802,37.7283452],[-83.821888,37.7285066],[-83.8216108,37.7286174],[-83.8213882,37.72868],[-83.8211461,37.7287756],[-83.8208906,37.7288671],[-83.8207364,37.7289111],[-83.8206,37.7289635],[-83.8204609,37.7290677],[-83.8202613,37.7292826],[-83.820046,37.7295006],[-83.8197742,37.7297283],[-83.8195268,37.7299183],[-83.8192252,37.7301107],[-83.8190576,37.730219],[-83.8190613,37.7303555],[-83.8191207,37.7304561],[-83.819126,37.7305911],[-83.8191378,37.7307243],[-83.8191889,37.730849],[-83.819281,37.7310369],[-83.8193394,37.7312027]]}},{"type":"Feature","properties":{"osm_id":16159968,"highway":"service","name":null,"alt_name":null,"official_name":null,"surface":null,"tracktype":null,"service":null,"access":"private","motor_vehicle":null,"foot":null,"tiger_reviewed":"no","rrgh_part":0,"rrgh_tile_part":0},"geometry":{"type":"LineString","coordinates":[[-83.829626,37.733536],[-83.830139,37.73388],[-83.831618,37.734616],[-83.833503,37.735077]]}},{"type":"Feature","properties":{"osm_id":1191332491,"highway":"track","name":null,"alt_name":null,"official_name":null,"surface":null,"tracktype":null,"service":null,"access":null,"motor_vehicle":null,"foot":null,"tiger_reviewed":null,"rrgh_part":0,"rrgh_tile_part":0},"geometry":{"type":"LineString","coordinates":[[-83.8230829,37.734929],[-83.822799,37.7348838],[-83.8225214,37.7348155],[-83.8222429,37.7347116],[-83.8220921,37.7346234],[-83.8219394,37.7344572],[-83.8218289,37.7343429],[-83.8217564,37.7342681],[-83.821498,37.7342121],[-83.8212485,37.7341564],[-83.821068,37.7341399],[-83.8208983,37.7341483],[-83.8206214,37.7342589]]}},{"type":"Feature","properties":{"osm_id":16162044,"highway":"residential","name":"Mountain Springs Road","alt_name":null,"official_name":null,"surface":null,"tracktype":null,"service":null,"access":null,"motor_vehicle":null,"foot":null,"tiger_reviewed":"no","rrgh_part":0,"rrgh_tile_part":0},"geometry":{"type":"LineString","coordinates":[[-83.805444,37.738349],[-83.805532,37.738083],[-83.805545,37.737893],[-83.805588,37.737595],[-83.80573,37.736823],[-83.80575,37.736689],[-83.805734,37.736455],[-83.805751,37.736312],[-83.805809,37.736147],[-83.805948,37.735881],[-83.806025,37.735668],[-83.806079,37.735558],[-83.806227,37.735367],[-83.806271,37.735329],[-83.806327,37.7353],[-83.8064,37.735283],[-83.806475,37.735281],[-83.806633,37.735242],[-83.806686,37.735229],[-83.807151,37.735159],[-83.807213,37.735157],[-83.807386,37.735163],[-83.807535,37.735181],[-83.807742,37.73517],[-83.807837,37.735177],[-83.807911,37.735195],[-83.808068,37.735272],[-83.808287,37.735359]]}},{"type":"Feature","properties":{"osm_id":16162938,"highway":"residential","name":"Woodward Ridge Road","alt_name":null,"official_name":null,"surface":null,"tracktype":null,"service":null,"access":null,"motor_vehicle":null,"foot":null,"tiger_reviewed":"no","rrgh_part":0,"rrgh_tile_part":0},"geometry":{"type":"LineString","coordinates":[[-83.802417,37.731822],[-83.802385,37.731878],[-83.802209,37.732105],[-83.802094,37.732275],[-83.801753,37.732843],[-83.801645,37.732997],[-83.801549,37.733183],[-83.801516,37.7333],[-83.801452,37.733418],[-83.801415,37.733464],[-83.801331,37.733539],[-83.801232,37.733598],[-83.801184,37.73362],[-83.801148,37.73363],[-83.8009,37.7337],[-83.800739,37.733776],[-83.800711,37.733789],[-83.800655,37.733824],[-83.800593,37.733919],[-83.800478,37.73424],[-83.800473,37.734565],[-83.800455,37.734698],[-83.800398,37.734923],[-83.800335,37.735056],[-83.800217,37.73526],[-83.800166,37.735393],[-83.800144,37.735542],[-83.800144,37.735717],[-83.800165,37.735974],[-83.80031,37.736477],[-83.800357,37.737064],[-83.800413,37.737533],[-83.800439,37.737586],[-83.800489,37.737655],[-83.800661,37.737895],[-83.8008,37.738209],[-83.800804,37.738327],[-83.800792,37.738389],[-83.800725,37.738493],[-83.80068,37.73854],[-83.800414,37.73874],[-83.800273,37.73886],[-83.800214,37.738919],[-83.800176,37.73898],[-83.800141,37.739268],[-83.800152,37.739524],[-83.800077,37.739761],[-83.799994,37.739876],[-83.799961,37.740019],[-83.799965,37.74008],[-83.799981,37.740129],[-83.800047,37.740244],[-83.800154,37.740344],[-83.800353,37.740466],[-83.800424,37.740527],[-83.800518,37.740638],[-83.800538,37.740679],[-83.800547,37.740732],[-83.80054,37.74087],[-83.800515,37.740948],[-83.800497,37.741084],[-83.800506,37.741312],[-83.800527,37.741399],[-83.80066,37.741623],[-83.800866,37.741843],[-83.8009,37.741902],[-83.800907,37.742029],[-83.800819,37.74223],[-83.800657,37.742388],[-83.80062,37.74244],[-83.800593,37.742514],[-83.800557,37.742682],[-83.800551,37.742797],[-83.80052,37.742968],[-83.800513,37.743166],[-83.800463,37.743311],[-83.800416,37.743529],[-83.800327,37.743842],[-83.800328,37.743898],[-83.800352,37.743993],[-83.800508,37.744281],[-83.80056,37.744401],[-83.800745,37.744521],[-83.800813,37.744581],[-83.800844,37.744629],[-83.800895,37.744845],[-83.80089,37.744906],[-83.800796,37.74518],[-83.800765,37.745305],[-83.800755,37.745479],[-83.800774,37.745585],[-83.800821,37.745682],[-83.800881,37.745765],[-83.80092,37.7458],[-83.80101,37.745854],[-83.801455,37.746054],[-83.801523,37.746097],[-83.801691,37.746205],[-83.801766,37.746262],[-83.801833,37.746295],[-83.801911,37.746324],[-83.802489,37.746445],[-83.802546,37.746473],[-83.802603,37.746511],[-83.802667,37.74657],[-83.803003,37.746972],[-83.803053,37.747017],[-83.803112,37.747052],[-83.803176,37.747076],[-83.803243,37.747089],[-83.803372,37.747084],[-83.803579,37.747045],[-83.803735,37.747029],[-83.803806,37.747034],[-83.803928,37.747081],[-83.803974,37.747118],[-83.804007,37.747161],[-83.804028,37.747205],[-83.804035,37.747252],[-83.804006,37.747343],[-83.803867,37.747619],[-83.803853,37.747679],[-83.803868,37.747838],[-83.80394,37.747954],[-83.804043,37.748039],[-83.804141,37.748101],[-83.804248,37.748141],[-83.804514,37.748195],[-83.80463,37.748235],[-83.80502,37.748402],[-83.805208,37.748507],[-83.805485,37.748764],[-83.80553,37.74882],[-83.805602,37.748959],[-83.805639,37.749224],[-83.805676,37.749341],[-83.805733,37.74941],[-83.805836,37.749485],[-83.805901,37.749518],[-83.806108,37.749587],[-83.806349,37.749635],[-83.806604,37.749648],[-83.807038,37.749657],[-83.80777,37.749671],[-83.807973,37.749665],[-83.808047,37.749674],[-83.808129,37.749701],[-83.808216,37.749745],[-83.808405,37.749883],[-83.8086021496063,37.75]]}},{"type":"Feature","properties":{"osm_id":1266850839,"highway":"track","name":null,"alt_name":null,"official_name":null,"surface":null,"tracktype":null,"service":null,"access":null,"motor_vehicle":null,"foot":null,"tiger_reviewed":null,"rrgh_part":0,"rrgh_tile_part":0},"geometry":{"type":"LineString","coordinates":[[-83.8150524,37.7335324],[-83.8152636,37.7338575],[-83.8154014,37.7342226],[-83.8154611,37.7345113],[-83.8155346,37.7350453],[-83.8156908,37.7354467],[-83.8156977,37.7356228],[-83.8158837,37.7361858],[-83.8161294,37.7365836],[-83.8163453,37.7368469],[-83.8166346,37.7370194],[-83.8168411,37.7373475],[-83.8168666,37.7373881],[-83.8168781,37.7376623],[-83.8168,37.7380473],[-83.8166691,37.7382271],[-83.8164555,37.7383488],[-83.8162213,37.7383524],[-83.8160077,37.7381963],[-83.8157275,37.7380655],[-83.8151465,37.7380292],[-83.8143359,37.7379856],[-83.8141085,37.7379347],[-83.8139914,37.7378548],[-83.8139455,37.7376696],[-83.8138169,37.7376587],[-83.8136423,37.737764],[-83.8134563,37.7380582],[-83.8132267,37.7384632],[-83.8133208,37.7391878],[-83.8133438,37.7394893],[-83.8132703,37.7396528],[-83.8131143,37.7398171]]}},{"type":"Feature","properties":{"osm_id":1266850842,"highway":"track","name":null,"alt_name":null,"official_name":null,"surface":null,"tracktype":null,"service":null,"access":null,"motor_vehicle":null,"foot":null,"tiger_reviewed":null,"rrgh_part":0,"rrgh_tile_part":0},"geometry":{"type":"LineString","coordinates":[[-83.8163453,37.7368469],[-83.8160774,37.7368339],[-83.815641,37.7364344],[-83.8151657,37.7359313],[-83.8148166,37.7356389],[-83.8143022,37.735421],[-83.8138429,37.7353574],[-83.8132366,37.7352666],[-83.8129978,37.7353647],[-83.8128853,37.7356044],[-83.8128531,37.7358587],[-83.812426,37.7361983],[-83.812155,37.7363636],[-83.8119506,37.7363654]]}},{"type":"Feature","properties":{"osm_id":1266850840,"highway":"track","name":null,"alt_name":null,"official_name":null,"surface":null,"tracktype":null,"service":null,"access":null,"motor_vehicle":null,"foot":null,"tiger_reviewed":null,"rrgh_part":0,"rrgh_tile_part":0},"geometry":{"type":"LineString","coordinates":[[-83.8168411,37.7373475],[-83.817112,37.7371672],[-83.8174512,37.7369331],[-83.8175326,37.7367963]]}},{"type":"Feature","properties":{"osm_id":1266850841,"highway":"track","name":null,"alt_name":null,"official_name":null,"surface":null,"tracktype":null,"service":null,"access":null,"motor_vehicle":null,"foot":null,"tiger_reviewed":null,"rrgh_part":0,"rrgh_tile_part":0},"geometry":{"type":"LineString","coordinates":[[-83.8168411,37.7373475],[-83.8169649,37.7368058],[-83.8169926,37.7364459],[-83.8169285,37.7361639],[-83.816861,37.7359859]]}},{"type":"Feature","properties":{"osm_id":16161895,"highway":"residential","name":"Cr-1036","alt_name":null,"official_name":null,"surface":null,"tracktype":null,"service":null,"access":null,"motor_vehicle":null,"foot":null,"tiger_reviewed":"no","rrgh_part":0,"rrgh_tile_part":0},"geometry":{"type":"LineString","coordinates":[[-83.808287,37.735359],[-83.808373,37.735422],[-83.808531,37.73571],[-83.808713,37.735934],[-83.808774,37.7360023],[-83.808813,37.736046],[-83.808981,37.736182],[-83.8091,37.736234],[-83.80931,37.736289],[-83.8095433,37.7363904],[-83.80957,37.736402],[-83.809805,37.736473],[-83.809955,37.736539],[-83.810065,37.73663],[-83.8105638,37.7371203],[-83.8106419,37.7371971],[-83.810654,37.737209]]}},{"type":"Feature","properties":{"osm_id":16160180,"highway":"residential","name":null,"alt_name":null,"official_name":null,"surface":null,"tracktype":null,"service":null,"access":null,"motor_vehicle":null,"foot":null,"tiger_reviewed":"no","rrgh_part":0,"rrgh_tile_part":0},"geometry":{"type":"LineString","coordinates":[[-83.802137,37.723494],[-83.801448,37.724144],[-83.801336,37.725021],[-83.801021,37.725577],[-83.801079,37.725785],[-83.801484,37.726202],[-83.801976,37.727127],[-83.80247,37.728537],[-83.802731,37.729253],[-83.803079,37.729832],[-83.803455,37.730618]]}},{"type":"Feature","properties":{"osm_id":16161842,"highway":"residential","name":"Cr-1034","alt_name":null,"official_name":null,"surface":null,"tracktype":null,"service":null,"access":null,"motor_vehicle":null,"foot":null,"tiger_reviewed":"no","rrgh_part":0,"rrgh_tile_part":0},"geometry":{"type":"LineString","coordinates":[[-83.806956,37.725757],[-83.806961,37.725793],[-83.806947,37.725818],[-83.806901,37.725852],[-83.806261,37.726261],[-83.806029,37.726385],[-83.805911,37.726464],[-83.805888,37.726496],[-83.805874,37.726563],[-83.805926,37.726849],[-83.805936,37.727159],[-83.805899,37.727277],[-83.805698,37.727572],[-83.805548,37.727826],[-83.80519,37.728651],[-83.80506,37.728892],[-83.804744,37.729353],[-83.804342,37.729915],[-83.804072,37.730328],[-83.80397,37.730458],[-83.803867,37.730516],[-83.80368,37.730567],[-83.803548,37.730584],[-83.803489,37.730599],[-83.803455,37.730618],[-83.803395,37.730661],[-83.803243,37.730845],[-83.803093,37.730967],[-83.80282,37.731232],[-83.802654,37.73142],[-83.802589,37.731516],[-83.802417,37.731822]]}},{"type":"Feature","properties":{"osm_id":16160562,"highway":"residential","name":"Omer Hall Road","alt_name":null,"official_name":null,"surface":null,"tracktype":null,"service":null,"access":null,"motor_vehicle":null,"foot":null,"tiger_reviewed":"no","rrgh_part":0,"rrgh_tile_part":0},"geometry":{"type":"LineString","coordinates":[[-83.786502,37.717901],[-83.786712,37.718219],[-83.786734,37.718274],[-83.786762,37.718385],[-83.786763,37.718508],[-83.78675,37.718563],[-83.786728,37.718616],[-83.786433,37.719008],[-83.78624,37.719152],[-83.78597,37.719389],[-83.785902,37.719487],[-83.785852,37.719588]]}},{"type":"Feature","properties":{"osm_id":1336978360,"highway":"residential","name":"Morse Way","alt_name":null,"official_name":null,"surface":null,"tracktype":null,"service":null,"access":null,"motor_vehicle":null,"foot":null,"tiger_reviewed":null,"rrgh_part":0,"rrgh_tile_part":0},"geometry":{"type":"LineString","coordinates":[[-83.7872702,37.7266088],[-83.7868239,37.7262993],[-83.7861322,37.7261339],[-83.7858908,37.7260279],[-83.7851669,37.7258075],[-83.7845717,37.7256972],[-83.7843893,37.7256887],[-83.7842016,37.7257184],[-83.784089,37.7257693],[-83.7840032,37.725782],[-83.7839013,37.7258202],[-83.7838262,37.7258711],[-83.7837512,37.7259686],[-83.7836922,37.7263375],[-83.7838584,37.72677]]}},{"type":"Feature","properties":{"osm_id":16159263,"highway":"residential","name":null,"alt_name":null,"official_name":null,"surface":null,"tracktype":null,"service":null,"access":null,"motor_vehicle":null,"foot":null,"tiger_reviewed":"no","rrgh_part":0,"rrgh_tile_part":0},"geometry":{"type":"LineString","coordinates":[[-83.793957,37.732896],[-83.794273,37.732965],[-83.795253,37.732988],[-83.795973,37.733102],[-83.797096,37.733034],[-83.798593,37.733492],[-83.800739,37.733776]]}},{"type":"Feature","properties":{"osm_id":16159508,"highway":"residential","name":null,"alt_name":null,"official_name":null,"surface":null,"tracktype":null,"service":null,"access":null,"motor_vehicle":null,"foot":null,"tiger_reviewed":"no","rrgh_part":0,"rrgh_tile_part":0},"geometry":{"type":"LineString","coordinates":[[-83.801148,37.73363],[-83.80028,37.732895],[-83.799966,37.732388],[-83.799783,37.732105],[-83.799346,37.731485]]}},{"type":"Feature","properties":{"osm_id":16159571,"highway":"residential","name":null,"alt_name":null,"official_name":null,"surface":null,"tracktype":null,"service":null,"access":null,"motor_vehicle":null,"foot":null,"tiger_reviewed":"no","rrgh_part":0,"rrgh_tile_part":0},"geometry":{"type":"LineString","coordinates":[[-83.800489,37.737655],[-83.801507,37.73757],[-83.801632,37.737666],[-83.801665,37.737876],[-83.801659,37.738109],[-83.801663,37.738326],[-83.801675,37.738504],[-83.801973,37.738559],[-83.802405,37.738615],[-83.80259,37.738679],[-83.802674,37.738863],[-83.802759,37.739105],[-83.802784,37.739403],[-83.80284,37.739701]]}},{"type":"Feature","properties":{"osm_id":16159970,"highway":"residential","name":null,"alt_name":null,"official_name":null,"surface":null,"tracktype":null,"service":null,"access":null,"motor_vehicle":null,"foot":null,"tiger_reviewed":"no","rrgh_part":0,"rrgh_tile_part":0},"geometry":{"type":"LineString","coordinates":[[-83.795194,37.737197],[-83.795023,37.738022],[-83.79485,37.738777],[-83.79485,37.739464],[-83.7958,37.740814],[-83.796318,37.741158],[-83.796896,37.741271],[-83.797529,37.741112],[-83.798192,37.74077],[-83.798682,37.740656],[-83.799344,37.74061],[-83.799604,37.740519],[-83.800047,37.740244]]}},{"type":"Feature","properties":{"osm_id":16159434,"highway":"residential","name":null,"alt_name":null,"official_name":null,"surface":null,"tracktype":null,"service":null,"access":null,"motor_vehicle":null,"foot":null,"tiger_reviewed":"no","rrgh_part":0,"rrgh_tile_part":0},"geometry":{"type":"LineString","coordinates":[[-83.805161,37.734704],[-83.806633,37.735242]]}},{"type":"Feature","properties":{"osm_id":16159527,"highway":"residential","name":null,"alt_name":null,"official_name":null,"surface":null,"tracktype":null,"service":null,"access":null,"motor_vehicle":null,"foot":null,"tiger_reviewed":"no","rrgh_part":0,"rrgh_tile_part":0},"geometry":{"type":"LineString","coordinates":[[-83.786291,37.730226],[-83.78602,37.730059],[-83.785833,37.729936],[-83.785567,37.729791],[-83.785412,37.729665],[-83.785323,37.729569],[-83.784607,37.729096],[-83.784303,37.728968],[-83.784026,37.728885],[-83.783845,37.728794],[-83.783753,37.728693],[-83.783632,37.728422],[-83.783208,37.727842],[-83.783099,37.727664],[-83.782992,37.727278]]}},{"type":"Feature","properties":{"osm_id":16159911,"highway":"residential","name":null,"alt_name":null,"official_name":null,"surface":null,"tracktype":null,"service":null,"access":null,"motor_vehicle":null,"foot":null,"tiger_reviewed":"no","rrgh_part":0,"rrgh_tile_part":0},"geometry":{"type":"LineString","coordinates":[[-83.786551,37.729726],[-83.785453,37.728064],[-83.78513,37.727584]]}},{"type":"Feature","properties":{"osm_id":16160896,"highway":"residential","name":"Cr-1079","alt_name":null,"official_name":null,"surface":null,"tracktype":null,"service":null,"access":null,"motor_vehicle":null,"foot":null,"tiger_reviewed":"no","rrgh_part":0,"rrgh_tile_part":0},"geometry":{"type":"LineString","coordinates":[[-83.786551,37.729726],[-83.786796,37.729454],[-83.786888,37.72937],[-83.787274,37.729172],[-83.787472,37.729091]]}},{"type":"Feature","properties":{"osm_id":16159728,"highway":"track","name":null,"alt_name":null,"official_name":null,"surface":null,"tracktype":null,"service":null,"access":null,"motor_vehicle":null,"foot":null,"tiger_reviewed":"no","rrgh_part":0,"rrgh_tile_part":0},"geometry":{"type":"LineString","coordinates":[[-83.780866,37.729411],[-83.781391,37.729925],[-83.782246,37.730799],[-83.783002,37.731275]]}},{"type":"Feature","properties":{"osm_id":16159510,"highway":"service","name":null,"alt_name":null,"official_name":null,"surface":null,"tracktype":null,"service":null,"access":null,"motor_vehicle":null,"foot":null,"tiger_reviewed":"no","rrgh_part":0,"rrgh_tile_part":0},"geometry":{"type":"LineString","coordinates":[[-83.826766,37.74111],[-83.826946,37.741259],[-83.827118,37.741421],[-83.8278021,37.7417271],[-83.8279898,37.7418535],[-83.8282279,37.7420528],[-83.8284189,37.7423868],[-83.8285732,37.7426298],[-83.8286902,37.7429296],[-83.8286792,37.74335],[-83.8284424,37.7436702],[-83.828332,37.7438929]]}},{"type":"Feature","properties":{"osm_id":16338372,"highway":"residential","name":"Mountain Springs Road","alt_name":null,"official_name":null,"surface":null,"tracktype":null,"service":null,"access":null,"motor_vehicle":null,"foot":null,"tiger_reviewed":"no","rrgh_part":0,"rrgh_tile_part":0},"geometry":{"type":"LineString","coordinates":[[-83.815232,37.749902],[-83.81532717307692,37.75]]}},{"type":"Feature","properties":{"osm_id":969840594,"highway":"track","name":null,"alt_name":null,"official_name":null,"surface":null,"tracktype":null,"service":null,"access":null,"motor_vehicle":null,"foot":null,"tiger_reviewed":null,"rrgh_part":0,"rrgh_tile_part":0},"geometry":{"type":"LineString","coordinates":[[-83.8252549,37.7486091],[-83.8254026,37.7484716],[-83.8257039,37.7482052],[-83.8259175,37.7480602],[-83.8261283,37.7479432],[-83.8266295,37.747783],[-83.827944,37.7471918],[-83.8281686,37.7472698],[-83.8282453,37.7473477],[-83.8283877,37.7472503],[-83.8286122,37.7469818],[-83.8289984,37.7465314],[-83.8291298,37.7463668],[-83.8295433,37.7462845],[-83.8299377,37.7462174],[-83.8302006,37.7463127],[-83.8302937,37.7462997],[-83.8303786,37.7462477],[-83.8305073,37.7460874],[-83.830773,37.746003],[-83.8311947,37.7459012],[-83.8315617,37.7458124],[-83.8317616,37.7456847],[-83.831852,37.7455331]]}},{"type":"Feature","properties":{"osm_id":969840592,"highway":"service","name":null,"alt_name":null,"official_name":null,"surface":null,"tracktype":null,"service":null,"access":null,"motor_vehicle":null,"foot":null,"tiger_reviewed":null,"rrgh_part":0,"rrgh_tile_part":0},"geometry":{"type":"LineString","coordinates":[[-83.82984727901031,37.75],[-83.829864,37.7498861],[-83.8298942,37.749427],[-83.8300722,37.7493512],[-83.8304665,37.7491953],[-83.8308034,37.749139],[-83.8312087,37.7492127],[-83.8316852,37.7492495],[-83.8319508,37.7492646],[-83.8323178,37.7491629]]}},{"type":"Feature","properties":{"osm_id":16163212,"highway":"residential","name":"Furnace - Cobhill Road","alt_name":null,"official_name":null,"surface":null,"tracktype":null,"service":null,"access":null,"motor_vehicle":null,"foot":null,"tiger_reviewed":"no","rrgh_part":0,"rrgh_tile_part":0},"geometry":{"type":"LineString","coordinates":[[-83.822247,37.745483],[-83.822264,37.745605],[-83.822298,37.745683],[-83.822338,37.745737],[-83.822447,37.745826],[-83.822707,37.745994],[-83.822822,37.746099],[-83.822866,37.746159],[-83.822926,37.746291],[-83.823045,37.746726],[-83.823088,37.746814],[-83.823137,37.746882],[-83.823258,37.747006],[-83.823516,37.747223],[-83.823641,37.747315],[-83.823764,37.747386],[-83.824092,37.747539],[-83.824285,37.747647],[-83.824635,37.747806],[-83.824825,37.747912],[-83.824997,37.748083],[-83.825111,37.748262],[-83.825203,37.748445],[-83.8252549,37.7486091],[-83.82531,37.748783],[-83.825346,37.748863],[-83.825428,37.748998],[-83.825771,37.749405],[-83.825893,37.74958],[-83.825945,37.749714],[-83.825968,37.749845],[-83.825972,37.749917],[-83.82596670212766,37.75]]}},{"type":"Feature","properties":{"osm_id":16335701,"highway":"service","name":null,"alt_name":null,"official_name":null,"surface":null,"tracktype":null,"service":null,"access":"private","motor_vehicle":null,"foot":null,"tiger_reviewed":"no","rrgh_part":0,"rrgh_tile_part":0},"geometry":{"type":"LineString","coordinates":[[-83.82375954887219,37.75],[-83.82289,37.74955]]}},{"type":"Feature","properties":{"osm_id":16159575,"highway":"residential","name":null,"alt_name":null,"official_name":null,"surface":null,"tracktype":null,"service":null,"access":null,"motor_vehicle":null,"foot":null,"tiger_reviewed":"no","rrgh_part":0,"rrgh_tile_part":0},"geometry":{"type":"LineString","coordinates":[[-83.81589,37.742622],[-83.815995,37.74303],[-83.81616,37.743449],[-83.816395,37.743825],[-83.816511,37.744318],[-83.816698,37.744943],[-83.816804,37.745426],[-83.816896,37.745678],[-83.817122,37.745991]]}},{"type":"Feature","properties":{"osm_id":16161820,"highway":"residential","name":"Cr-1033","alt_name":null,"official_name":null,"surface":null,"tracktype":null,"service":null,"access":null,"motor_vehicle":null,"foot":null,"tiger_reviewed":"no","rrgh_part":0,"rrgh_tile_part":0},"geometry":{"type":"LineString","coordinates":[[-83.81093372413794,37.75],[-83.811082,37.749914],[-83.81128,37.749828],[-83.811349,37.749789],[-83.811386,37.749755],[-83.811603,37.749446],[-83.811674,37.749422],[-83.811766,37.749467],[-83.811838,37.749529],[-83.812049,37.749821],[-83.812081,37.749851],[-83.812191,37.749894],[-83.812252,37.749901],[-83.812398,37.749884],[-83.812638,37.749804],[-83.812802,37.749724],[-83.812882,37.749701],[-83.813035,37.749687],[-83.813265,37.749684],[-83.813414,37.749696],[-83.813706,37.749737],[-83.813939,37.749748],[-83.814166,37.749746],[-83.814382,37.749761],[-83.814946,37.749823],[-83.815082,37.749832],[-83.815232,37.749902]]}},{"type":"Feature","properties":{"osm_id":16159572,"highway":"residential","name":null,"alt_name":null,"official_name":null,"surface":null,"tracktype":null,"service":null,"access":null,"motor_vehicle":null,"foot":null,"tiger_reviewed":"no","rrgh_part":0,"rrgh_tile_part":0},"geometry":{"type":"LineString","coordinates":[[-83.814946,37.749823],[-83.814992,37.749557],[-83.814891,37.749355],[-83.814627,37.749033],[-83.814506,37.748799],[-83.814536,37.748412],[-83.814587,37.748323]]}},{"type":"Feature","properties":{"osm_id":16159618,"highway":"residential","name":null,"alt_name":null,"official_name":null,"surface":null,"tracktype":null,"service":null,"access":null,"motor_vehicle":null,"foot":null,"tiger_reviewed":"no","rrgh_part":0,"rrgh_tile_part":0},"geometry":{"type":"LineString","coordinates":[[-83.79473,37.740729],[-83.794831,37.741068],[-83.794476,37.742012],[-83.79433,37.742688],[-83.794733,37.743054],[-83.795107,37.74374],[-83.795107,37.743946],[-83.795194,37.743969],[-83.795194,37.744106],[-83.795568,37.744541],[-83.795885,37.745113],[-83.796001,37.745163],[-83.796519,37.745387],[-83.7977,37.745136]]}},{"type":"Feature","properties":{"osm_id":16159726,"highway":"residential","name":null,"alt_name":null,"official_name":null,"surface":null,"tracktype":null,"service":null,"access":null,"motor_vehicle":null,"foot":null,"tiger_reviewed":"no","rrgh_part":0,"rrgh_tile_part":0},"geometry":{"type":"LineString","coordinates":[[-83.7977,37.745136],[-83.797642,37.744655],[-83.797757,37.744564],[-83.798074,37.744541],[-83.798852,37.74477],[-83.799313,37.744793],[-83.799918,37.744678],[-83.800273,37.744376],[-83.800508,37.744281]]}},{"type":"Feature","properties":{"osm_id":16159944,"highway":"residential","name":null,"alt_name":null,"official_name":null,"surface":null,"tracktype":null,"service":null,"access":null,"motor_vehicle":null,"foot":null,"tiger_reviewed":"no","rrgh_part":0,"rrgh_tile_part":0},"geometry":{"type":"LineString","coordinates":[[-83.800452,37.745002],[-83.80065,37.745179],[-83.800796,37.74518]]}},{"type":"Feature","properties":{"osm_id":16159567,"highway":"residential","name":null,"alt_name":null,"official_name":null,"surface":null,"tracktype":null,"service":null,"access":null,"motor_vehicle":null,"foot":null,"tiger_reviewed":"no","rrgh_part":0,"rrgh_tile_part":0},"geometry":{"type":"LineString","coordinates":[[-83.801523,37.746097],[-83.80288,37.745222],[-83.803363,37.74473],[-83.803652,37.744386],[-83.803822,37.743805]]}},{"type":"Feature","properties":{"osm_id":16159621,"highway":"residential","name":null,"alt_name":null,"official_name":null,"surface":null,"tracktype":null,"service":null,"access":null,"motor_vehicle":null,"foot":null,"tiger_reviewed":"no","rrgh_part":0,"rrgh_tile_part":0},"geometry":{"type":"LineString","coordinates":[[-83.795416,37.746818],[-83.795487,37.74631],[-83.795751,37.745374],[-83.796001,37.745163]]}},{"type":"Feature","properties":{"osm_id":16159625,"highway":"residential","name":null,"alt_name":null,"official_name":null,"surface":null,"tracktype":null,"service":null,"access":null,"motor_vehicle":null,"foot":null,"tiger_reviewed":"no","rrgh_part":0,"rrgh_tile_part":0},"geometry":{"type":"LineString","coordinates":[[-83.792083,37.739956],[-83.792164,37.740553],[-83.792265,37.740714],[-83.792336,37.740948],[-83.792387,37.741182],[-83.792341,37.741635],[-83.792629,37.741932],[-83.792859,37.742321],[-83.793234,37.74271],[-83.793493,37.742779],[-83.79433,37.742688]]}},{"type":"Feature","properties":{"osm_id":16159565,"highway":"residential","name":null,"alt_name":null,"official_name":null,"surface":null,"tracktype":null,"service":null,"access":null,"motor_vehicle":null,"foot":null,"tiger_reviewed":"no","rrgh_part":0,"rrgh_tile_part":0},"geometry":{"type":"LineString","coordinates":[[-83.807038,37.749657],[-83.806854,37.74942],[-83.806739,37.74918],[-83.806736,37.748901],[-83.806804,37.748662],[-83.806963,37.74839],[-83.80695,37.748111],[-83.806763,37.74773],[-83.806556,37.747539],[-83.806147,37.747453],[-83.805831,37.747383],[-83.805195,37.746976],[-83.805041,37.746859],[-83.804845,37.746555]]}},{"type":"Feature","properties":{"osm_id":16159999,"highway":"residential","name":null,"alt_name":null,"official_name":null,"surface":null,"tracktype":null,"service":null,"access":null,"motor_vehicle":null,"foot":null,"tiger_reviewed":"no","rrgh_part":0,"rrgh_tile_part":0},"geometry":{"type":"LineString","coordinates":[[-83.790008,37.739622],[-83.790152,37.740033],[-83.790238,37.740079],[-83.790238,37.740262],[-83.790498,37.740651],[-83.791448,37.741429],[-83.791851,37.741612],[-83.792341,37.741635]]}},{"type":"Feature","properties":{"osm_id":16159614,"highway":"residential","name":null,"alt_name":null,"official_name":null,"surface":null,"tracktype":null,"service":null,"access":null,"motor_vehicle":null,"foot":null,"tiger_reviewed":"no","rrgh_part":0,"rrgh_tile_part":0},"geometry":{"type":"LineString","coordinates":[[-83.786049,37.743758],[-83.78612,37.743564],[-83.786343,37.743395],[-83.786607,37.743282],[-83.78681,37.74316],[-83.786972,37.742999],[-83.786992,37.742918]]}},{"type":"Feature","properties":{"osm_id":16159616,"highway":"residential","name":null,"alt_name":null,"official_name":null,"surface":null,"tracktype":null,"service":null,"access":null,"motor_vehicle":null,"foot":null,"tiger_reviewed":"no","rrgh_part":0,"rrgh_tile_part":0},"geometry":{"type":"LineString","coordinates":[[-83.7871736,37.747883],[-83.787162,37.747451],[-83.787162,37.747273],[-83.787233,37.747168],[-83.787446,37.747047],[-83.787639,37.746918],[-83.78773,37.746644],[-83.787802,37.746354],[-83.787781,37.746063],[-83.787761,37.745692],[-83.78768,37.745434],[-83.787681,37.7452],[-83.787762,37.745136],[-83.788147,37.744757],[-83.788472,37.744361],[-83.788634,37.744135],[-83.788715,37.74391]]}},{"type":"Feature","properties":{"osm_id":16159661,"highway":"residential","name":null,"alt_name":null,"official_name":null,"surface":null,"tracktype":null,"service":null,"access":null,"motor_vehicle":null,"foot":null,"tiger_reviewed":"no","rrgh_part":0,"rrgh_tile_part":0},"geometry":{"type":"LineString","coordinates":[[-83.7857306,37.747613],[-83.785784,37.747008],[-83.785855,37.746596],[-83.786007,37.746322],[-83.786007,37.745838],[-83.785947,37.745492],[-83.785896,37.745088],[-83.785927,37.744758],[-83.785927,37.744346],[-83.785907,37.744],[-83.785897,37.743758],[-83.786049,37.743758],[-83.786475,37.743733],[-83.78685,37.743733],[-83.787154,37.743612],[-83.787337,37.743475],[-83.787519,37.74312],[-83.78754,37.742902]]}},{"type":"Feature","properties":{"osm_id":16160636,"highway":"track","name":"Red's Hollow Road","alt_name":null,"official_name":null,"surface":null,"tracktype":null,"service":null,"access":null,"motor_vehicle":null,"foot":null,"tiger_reviewed":"no","rrgh_part":0,"rrgh_tile_part":0},"geometry":{"type":"LineString","coordinates":[[-83.765743,37.707788],[-83.765609,37.707816],[-83.764748,37.707809],[-83.764474,37.707764],[-83.764352,37.707728],[-83.764192,37.707654],[-83.764059,37.707553],[-83.763924,37.707419],[-83.763765,37.707286],[-83.763695,37.707248],[-83.763633,37.707235],[-83.763577,37.707255],[-83.763521,37.707344],[-83.763436,37.707805],[-83.763376,37.707983],[-83.763299,37.708136],[-83.763214,37.708257],[-83.763099,37.708387],[-83.763,37.708466],[-83.76293,37.708494],[-83.762843,37.708515],[-83.762685,37.708513],[-83.762184,37.708452],[-83.761969,37.708434],[-83.761818,37.708405],[-83.761628,37.70835],[-83.76133,37.708225],[-83.76116,37.70817],[-83.761003,37.708155],[-83.76082,37.708163],[-83.760181,37.708309],[-83.760061,37.708358],[-83.76,37.70839489347078]]}},{"type":"Feature","properties":{"osm_id":16160636,"highway":"track","name":"Red's Hollow Road","alt_name":null,"official_name":null,"surface":null,"tracktype":null,"service":null,"access":null,"motor_vehicle":null,"foot":null,"tiger_reviewed":"no","rrgh_part":0,"rrgh_tile_part":1},"geometry":{"type":"LineString","coordinates":[[-83.76,37.71236480487805],[-83.760117,37.712556],[-83.760148,37.712656],[-83.760201,37.712774],[-83.760393,37.713013],[-83.760652,37.713442],[-83.760719,37.713562],[-83.760779,37.713699],[-83.760813,37.713819],[-83.760869,37.713928],[-83.761476,37.714447],[-83.761582,37.714521],[-83.761713,37.714603],[-83.761819,37.714657],[-83.761988,37.714723],[-83.762114,37.714761],[-83.762281,37.714834],[-83.762411,37.714939],[-83.762454,37.714994],[-83.762508,37.715101],[-83.762504,37.715201],[-83.762436,37.715253],[-83.762321,37.715266],[-83.762111,37.715237],[-83.762008,37.715238],[-83.761803,37.715317],[-83.761626,37.715475],[-83.761432,37.715697],[-83.76124,37.71598],[-83.761177,37.716102],[-83.761104,37.716294],[-83.761097,37.716377],[-83.761119,37.716455],[-83.761163,37.716544],[-83.761389,37.716914],[-83.761418,37.716994],[-83.761481,37.717279],[-83.761524,37.717782],[-83.761498,37.717831],[-83.761124,37.718183],[-83.761073,37.718244],[-83.760992,37.718404],[-83.760608,37.719401],[-83.760567,37.719487],[-83.760376,37.719795],[-83.760155,37.720294],[-83.760089,37.720385],[-83.76,37.72046918918918]]}},{"type":"Feature","properties":{"osm_id":16160636,"highway":"track","name":"Red's Hollow Road","alt_name":null,"official_name":null,"surface":null,"tracktype":null,"service":null,"access":null,"motor_vehicle":null,"foot":null,"tiger_reviewed":"no","rrgh_part":0,"rrgh_tile_part":2},"geometry":{"type":"LineString","coordinates":[[-83.76,37.72236663636365],[-83.760018,37.722422],[-83.760285,37.722763],[-83.760332,37.722861],[-83.760345,37.722927],[-83.760337,37.723006],[-83.760268,37.723138],[-83.760086,37.723367],[-83.76,37.72345756637168]]}},{"type":"Feature","properties":{"osm_id":16160636,"highway":"track","name":"Red's Hollow Road","alt_name":null,"official_name":null,"surface":null,"tracktype":null,"service":null,"access":null,"motor_vehicle":null,"foot":null,"tiger_reviewed":"no","rrgh_part":0,"rrgh_tile_part":3},"geometry":{"type":"LineString","coordinates":[[-83.76,37.72438612607187],[-83.7600193,37.7244557],[-83.7601901,37.7246887],[-83.7602513,37.7249357],[-83.760359,37.72518],[-83.7604489,37.7253111],[-83.7604895,37.725668],[-83.760566,37.725841],[-83.7606127,37.72608],[-83.760507,37.726394],[-83.760508,37.726463],[-83.760519,37.72654],[-83.760618,37.726751]]}},{"type":"Feature","properties":{"osm_id":968853002,"highway":"service","name":null,"alt_name":null,"official_name":null,"surface":null,"tracktype":null,"service":null,"access":null,"motor_vehicle":null,"foot":null,"tiger_reviewed":null,"rrgh_part":0,"rrgh_tile_part":0},"geometry":{"type":"LineString","coordinates":[[-83.76206674430956,37.675],[-83.7621819,37.6751351],[-83.7624979,37.6756298],[-83.7627578,37.6760494],[-83.7629403,37.6761356],[-83.7633617,37.6765468],[-83.7636671,37.6770137],[-83.7638286,37.6775473],[-83.7639586,37.6779113],[-83.7642254,37.6781364],[-83.7646643,37.6782753],[-83.7654473,37.6786393],[-83.7660814,37.6793292],[-83.766422,37.679646]]}},{"type":"Feature","properties":{"osm_id":16268334,"highway":"track","name":null,"alt_name":null,"official_name":null,"surface":null,"tracktype":null,"service":null,"access":null,"motor_vehicle":null,"foot":null,"tiger_reviewed":"no","rrgh_part":0,"rrgh_tile_part":0},"geometry":{"type":"LineString","coordinates":[[-83.77435839127801,37.675],[-83.774028,37.676643],[-83.774079,37.677271],[-83.774362,37.677783],[-83.774359,37.678086],[-83.774067,37.678389],[-83.774002,37.67918],[-83.774227,37.679691],[-83.774709,37.680321],[-83.774916,37.680332],[-83.775341,37.680348],[-83.775645,37.680251],[-83.775908,37.680235],[-83.77605,37.68063],[-83.77607,37.680735],[-83.776171,37.680832]]}},{"type":"Feature","properties":{"osm_id":16268374,"highway":"track","name":null,"alt_name":null,"official_name":null,"surface":null,"tracktype":null,"service":null,"access":null,"motor_vehicle":null,"foot":null,"tiger_reviewed":"no","rrgh_part":0,"rrgh_tile_part":0},"geometry":{"type":"LineString","coordinates":[[-83.772462,37.682814],[-83.772203,37.682448],[-83.771743,37.682196],[-83.771167,37.682242],[-83.770879,37.682539],[-83.770649,37.682905],[-83.770274,37.683271],[-83.770131,37.683294],[-83.769756,37.683911],[-83.768921,37.68462],[-83.768719,37.68494],[-83.76869,37.685466],[-83.768891,37.685855],[-83.769006,37.686473],[-83.769121,37.686748],[-83.769323,37.686908],[-83.770272,37.687229],[-83.770387,37.687389],[-83.77033,37.687595],[-83.770502,37.687892],[-83.77079,37.688098],[-83.771539,37.688213],[-83.771682,37.688373],[-83.77197,37.689059],[-83.772286,37.689242],[-83.772891,37.689266],[-83.773783,37.689655],[-83.7746965,37.689497],[-83.774988,37.68929],[-83.7751739,37.6890013],[-83.775367,37.688992],[-83.776288,37.689266],[-83.776892,37.689358]]}},{"type":"Feature","properties":{"osm_id":16268861,"highway":"track","name":null,"alt_name":null,"official_name":null,"surface":null,"tracktype":null,"service":null,"access":null,"motor_vehicle":null,"foot":null,"tiger_reviewed":"no","rrgh_part":0,"rrgh_tile_part":0},"geometry":{"type":"LineString","coordinates":[[-83.774709,37.680321],[-83.774421,37.680458],[-83.773989,37.680298],[-83.77327,37.679588],[-83.772982,37.679451],[-83.772637,37.679474],[-83.772176,37.679657],[-83.771572,37.679748],[-83.771197,37.679908],[-83.770938,37.68032],[-83.770995,37.680754],[-83.771139,37.680869],[-83.771974,37.680778],[-83.772348,37.681144],[-83.772434,37.681556],[-83.772895,37.681968],[-83.77275,37.682585],[-83.772606,37.682768],[-83.772462,37.682814]]}},{"type":"Feature","properties":{"osm_id":16268376,"highway":"residential","name":"Combs Cemetery Road","alt_name":null,"official_name":null,"surface":"gravel","tracktype":null,"service":null,"access":null,"motor_vehicle":null,"foot":null,"tiger_reviewed":"no","rrgh_part":0,"rrgh_tile_part":0},"geometry":{"type":"LineString","coordinates":[[-83.76,37.68449565570534],[-83.7601613,37.6847819],[-83.760274,37.685339],[-83.7603634,37.6856627],[-83.7606428,37.6858699],[-83.7609788,37.686078],[-83.7611692,37.6863381],[-83.7611459,37.6866664],[-83.7608334,37.6870437],[-83.7607722,37.6872064],[-83.7608834,37.6872664],[-83.7610119,37.6873452],[-83.7613061,37.6872473],[-83.7615553,37.6872074],[-83.7618051,37.6872381],[-83.7622889,37.6873538],[-83.7624677,37.6875559],[-83.7627741,37.6877468],[-83.763059,37.6878085]]}},{"type":"Feature","properties":{"osm_id":1217924134,"highway":"track","name":"Combs Cemetery Road","alt_name":null,"official_name":null,"surface":null,"tracktype":null,"service":null,"access":null,"motor_vehicle":null,"foot":null,"tiger_reviewed":"no","rrgh_part":0,"rrgh_tile_part":0},"geometry":{"type":"LineString","coordinates":[[-83.763059,37.6878085],[-83.7633438,37.6878703],[-83.7638745,37.6880624],[-83.7642595,37.6881698],[-83.7647115,37.6881245],[-83.7647582,37.6879929],[-83.7646174,37.6878019],[-83.7642206,37.6876504],[-83.7642716,37.6876344],[-83.765015,37.687723],[-83.765719,37.687794],[-83.766623,37.687672],[-83.768002,37.68724],[-83.768293,37.687269],[-83.769166,37.687682],[-83.769602,37.687692],[-83.769953,37.687587],[-83.77033,37.687595]]}},{"type":"Feature","properties":{"osm_id":16268346,"highway":"track","name":null,"alt_name":null,"official_name":null,"surface":null,"tracktype":null,"service":null,"access":null,"motor_vehicle":null,"foot":null,"tiger_reviewed":"no","rrgh_part":0,"rrgh_tile_part":0},"geometry":{"type":"LineString","coordinates":[[-83.76,37.69705439411767],[-83.760023,37.6971261],[-83.7603555,37.6973545],[-83.7606505,37.6976952],[-83.7605937,37.6984322],[-83.7607967,37.698667],[-83.761615,37.6990582],[-83.7617972,37.6993142],[-83.7615728,37.6998666],[-83.7616426,37.7003456],[-83.7615232,37.7006739],[-83.7610125,37.7009126],[-83.760423,37.700976],[-83.76,37.701040911511285]]}},{"type":"Feature","properties":{"osm_id":16268358,"highway":"track","name":null,"alt_name":null,"official_name":null,"surface":null,"tracktype":null,"service":null,"access":null,"motor_vehicle":null,"foot":null,"tiger_reviewed":"no","rrgh_part":0,"rrgh_tile_part":0},"geometry":{"type":"LineString","coordinates":[[-83.765721,37.692969],[-83.765436,37.693171],[-83.764836,37.693888],[-83.763863,37.694264],[-83.762403,37.694701],[-83.761918,37.694992],[-83.761266,37.696385],[-83.7609925,37.6968362],[-83.76,37.697007021581086]]}},{"type":"Feature","properties":{"osm_id":16159530,"highway":"track","name":null,"alt_name":null,"official_name":null,"surface":null,"tracktype":null,"service":null,"access":null,"motor_vehicle":null,"foot":null,"tiger_reviewed":"no","rrgh_part":0,"rrgh_tile_part":0},"geometry":{"type":"LineString","coordinates":[[-83.776052,37.722283],[-83.775795,37.722179],[-83.77502,37.721948],[-83.773737,37.72156]]}},{"type":"Feature","properties":{"osm_id":16160685,"highway":"residential","name":"Cr-1028","alt_name":null,"official_name":null,"surface":null,"tracktype":null,"service":null,"access":null,"motor_vehicle":null,"foot":null,"tiger_reviewed":"no","rrgh_part":0,"rrgh_tile_part":0},"geometry":{"type":"LineString","coordinates":[[-83.778834,37.731174],[-83.778767,37.73099],[-83.778535,37.73069],[-83.778454,37.730546],[-83.778394,37.73033],[-83.778334,37.730188],[-83.778318,37.730122],[-83.778318,37.730056],[-83.778372,37.729733],[-83.778377,37.729637],[-83.778352,37.729556],[-83.778232,37.729323],[-83.77819,37.729169],[-83.778133,37.728655],[-83.778139,37.728501],[-83.778166,37.728365],[-83.778189,37.728304],[-83.778357,37.727963],[-83.77842,37.727808],[-83.778434,37.727569],[-83.778434,37.727233],[-83.778413,37.726955],[-83.778377,37.726809],[-83.778271,37.726538],[-83.777729,37.725349],[-83.777721,37.725192],[-83.777729,37.725055],[-83.777761,37.724783],[-83.777884,37.724077],[-83.777912,37.723826],[-83.777904,37.723694],[-83.777869,37.723551],[-83.777734,37.723371],[-83.777577,37.723073],[-83.777485,37.722967],[-83.777231,37.722713],[-83.777113,37.722567],[-83.77708,37.722517],[-83.777023,37.722357],[-83.77699,37.722331],[-83.776952,37.722315],[-83.776913,37.722311],[-83.776642,37.722402],[-83.776543,37.722406],[-83.776469,37.722396],[-83.776052,37.722283]]}},{"type":"Feature","properties":{"osm_id":16160702,"highway":"residential","name":"Quinn Cemetary Road","alt_name":null,"official_name":null,"surface":null,"tracktype":null,"service":null,"access":null,"motor_vehicle":null,"foot":null,"tiger_reviewed":"no","rrgh_part":0,"rrgh_tile_part":0},"geometry":{"type":"LineString","coordinates":[[-83.771264,37.719829],[-83.770745,37.720423],[-83.770515,37.720858],[-83.770515,37.721087],[-83.771263,37.721682],[-83.771436,37.722071],[-83.771436,37.72246],[-83.771176,37.722734],[-83.7706,37.722985],[-83.770197,37.723328],[-83.769678,37.724312],[-83.769361,37.724541],[-83.76841,37.724723],[-83.768324,37.724975],[-83.768353,37.725112],[-83.768612,37.725364],[-83.768612,37.725799],[-83.767977,37.726828],[-83.767948,37.727194],[-83.768611,37.727492],[-83.768697,37.727606],[-83.768783,37.728292],[-83.769531,37.729459],[-83.769646,37.72994],[-83.769813,37.730083],[-83.770318,37.730523],[-83.770644,37.731083],[-83.770725,37.731358]]}},{"type":"Feature","properties":{"osm_id":16160625,"highway":"track","name":"Reds Hollow Road","alt_name":null,"official_name":null,"surface":null,"tracktype":null,"service":null,"access":null,"motor_vehicle":null,"foot":null,"tiger_reviewed":"no","rrgh_part":0,"rrgh_tile_part":0},"geometry":{"type":"LineString","coordinates":[[-83.76,37.72627964099174],[-83.7601332,37.7264315],[-83.760618,37.726751],[-83.760693,37.726893],[-83.760808,37.727171],[-83.760827,37.72729],[-83.7608204,37.72759],[-83.7608706,37.7278109],[-83.760889,37.728136],[-83.760883,37.728207],[-83.760841,37.728343],[-83.760704,37.72857],[-83.760543,37.728797],[-83.760527,37.728851],[-83.760524,37.728905],[-83.760565,37.729112],[-83.760577,37.729254],[-83.760538,37.729423],[-83.760459,37.729548],[-83.760338,37.729652],[-83.760175,37.729765],[-83.76,37.729940327102796]]}},{"type":"Feature","properties":{"osm_id":16160625,"highway":"track","name":"Reds Hollow Road","alt_name":null,"official_name":null,"surface":null,"tracktype":null,"service":null,"access":null,"motor_vehicle":null,"foot":null,"tiger_reviewed":"no","rrgh_part":0,"rrgh_tile_part":1},"geometry":{"type":"LineString","coordinates":[[-83.76,37.731264265306116],[-83.760005,37.731269],[-83.76015,37.731432],[-83.760275,37.731594],[-83.760373,37.731754],[-83.760407,37.731879],[-83.76041,37.732106],[-83.760459,37.732592],[-83.760435,37.732779],[-83.7604231,37.7328301],[-83.760417,37.732856],[-83.760353,37.733009],[-83.76031,37.733085],[-83.760192,37.733222],[-83.76,37.733413044776114]]}},{"type":"Feature","properties":{"osm_id":16160625,"highway":"track","name":"Reds Hollow Road","alt_name":null,"official_name":null,"surface":null,"tracktype":null,"service":null,"access":null,"motor_vehicle":null,"foot":null,"tiger_reviewed":"no","rrgh_part":0,"rrgh_tile_part":2},"geometry":{"type":"LineString","coordinates":[[-83.76,37.7358853125],[-83.760007,37.735889],[-83.760249,37.735965],[-83.760835,37.736127],[-83.761012,37.736163],[-83.761483,37.736363],[-83.761641,37.736443],[-83.761747,37.736516],[-83.761839,37.736595],[-83.76198,37.736773],[-83.762039,37.736867],[-83.762065,37.736973],[-83.762082,37.737265],[-83.762058,37.737706],[-83.762039,37.737881],[-83.762021,37.737951],[-83.761854,37.738375],[-83.761745,37.738605],[-83.761573,37.738821],[-83.76146,37.738999],[-83.761426,37.739114],[-83.761399,37.739312]]}},{"type":"Feature","properties":{"osm_id":1413297494,"highway":"track","name":null,"alt_name":null,"official_name":null,"surface":null,"tracktype":null,"service":null,"access":null,"motor_vehicle":null,"foot":null,"tiger_reviewed":null,"rrgh_part":0,"rrgh_tile_part":0},"geometry":{"type":"LineString","coordinates":[[-83.76,37.7224220614218],[-83.760018,37.722422]]}},{"type":"Feature","properties":{"osm_id":16159287,"highway":"residential","name":null,"alt_name":null,"official_name":null,"surface":null,"tracktype":null,"service":null,"access":null,"motor_vehicle":null,"foot":null,"tiger_reviewed":"no","rrgh_part":0,"rrgh_tile_part":0},"geometry":{"type":"LineString","coordinates":[[-83.772565,37.731213],[-83.773038,37.731343],[-83.773113,37.731304],[-83.773616,37.730947],[-83.773867,37.730933],[-83.774159,37.731074],[-83.77436,37.731076]]}},{"type":"Feature","properties":{"osm_id":16160653,"highway":"residential","name":"Cr-1027","alt_name":null,"official_name":null,"surface":null,"tracktype":null,"service":null,"access":null,"motor_vehicle":null,"foot":null,"tiger_reviewed":"no","rrgh_part":0,"rrgh_tile_part":0},"geometry":{"type":"LineString","coordinates":[[-83.770725,37.731358],[-83.770905,37.731193],[-83.771264,37.730758],[-83.771463,37.730541],[-83.771795,37.730245],[-83.771942,37.730077],[-83.772085,37.729822],[-83.772557,37.729068],[-83.77258,37.729002],[-83.772626,37.72878],[-83.772669,37.728232],[-83.772703,37.728104],[-83.772895,37.727733],[-83.772979,37.72752],[-83.772996,37.727425],[-83.772984,37.727358],[-83.772907,37.72725],[-83.77267,37.727094]]}},{"type":"Feature","properties":{"osm_id":16159283,"highway":"residential","name":null,"alt_name":null,"official_name":null,"surface":null,"tracktype":null,"service":null,"access":null,"motor_vehicle":null,"foot":null,"tiger_reviewed":"no","rrgh_part":0,"rrgh_tile_part":0},"geometry":{"type":"LineString","coordinates":[[-83.769813,37.730083],[-83.768867,37.730045],[-83.768634,37.729981],[-83.768329,37.73019],[-83.768207,37.730505],[-83.768065,37.730779],[-83.767913,37.730924]]}},{"type":"Feature","properties":{"osm_id":16159731,"highway":"track","name":null,"alt_name":null,"official_name":null,"surface":null,"tracktype":null,"service":null,"access":null,"motor_vehicle":null,"foot":null,"tiger_reviewed":"no","rrgh_part":0,"rrgh_tile_part":0},"geometry":{"type":"LineString","coordinates":[[-83.775863,37.732185],[-83.776486,37.73253],[-83.777594,37.732719]]}},{"type":"Feature","properties":{"osm_id":16160699,"highway":"residential","name":"Quinn Cemetery Road","alt_name":null,"official_name":null,"surface":null,"tracktype":null,"service":null,"access":null,"motor_vehicle":null,"foot":null,"tiger_reviewed":"no","rrgh_part":0,"rrgh_tile_part":0},"geometry":{"type":"LineString","coordinates":[[-83.770725,37.731358],[-83.770653,37.731424],[-83.770621,37.731469],[-83.77061,37.731508],[-83.770618,37.731574],[-83.770669,37.731662],[-83.770696,37.731912],[-83.770702,37.731967],[-83.770717,37.732828],[-83.770695,37.732934],[-83.770605,37.733189],[-83.770552,37.733308],[-83.770504,37.733399],[-83.770371,37.733542],[-83.770313,37.733625],[-83.770285,37.733689],[-83.77021,37.734199],[-83.770227,37.734559],[-83.770263,37.734704],[-83.770299,37.734761],[-83.770589,37.735045],[-83.770693,37.735199],[-83.770726,37.735288],[-83.770745,37.735374],[-83.770755,37.735557],[-83.77072,37.735799],[-83.770699,37.735876]]}},{"type":"Feature","properties":{"osm_id":16163139,"highway":"residential","name":"Wells-Sparks Road","alt_name":null,"official_name":null,"surface":null,"tracktype":null,"service":null,"access":null,"motor_vehicle":null,"foot":null,"tiger_reviewed":"no","rrgh_part":0,"rrgh_tile_part":0},"geometry":{"type":"LineString","coordinates":[[-83.770696,37.731912],[-83.771665,37.732014],[-83.771964,37.731882],[-83.772255,37.731638],[-83.77252,37.731262],[-83.772565,37.731213],[-83.772839,37.730883],[-83.773093,37.730487],[-83.773306,37.730116],[-83.77357,37.729842],[-83.773874,37.729552],[-83.774229,37.729181],[-83.774574,37.728842],[-83.774736,37.728624],[-83.774889,37.728471],[-83.774919,37.728124]]}},{"type":"Feature","properties":{"osm_id":16159345,"highway":"residential","name":null,"alt_name":null,"official_name":null,"surface":null,"tracktype":null,"service":null,"access":null,"motor_vehicle":null,"foot":null,"tiger_reviewed":"no","rrgh_part":0,"rrgh_tile_part":0},"geometry":{"type":"LineString","coordinates":[[-83.774751,37.73667],[-83.774732,37.736882],[-83.774762,37.737165],[-83.774833,37.737358],[-83.775096,37.737439],[-83.7754,37.737439],[-83.775745,37.737463],[-83.777355,37.737841],[-83.777649,37.738035]]}},{"type":"Feature","properties":{"osm_id":16161770,"highway":"residential","name":"Cr-1030","alt_name":null,"official_name":null,"surface":null,"tracktype":null,"service":null,"access":null,"motor_vehicle":null,"foot":null,"tiger_reviewed":"no","rrgh_part":0,"rrgh_tile_part":0},"geometry":{"type":"LineString","coordinates":[[-83.771347,37.736012],[-83.771418,37.735856],[-83.771459,37.735795],[-83.771515,37.735736],[-83.771589,37.735696],[-83.771736,37.735646],[-83.771917,37.735562],[-83.772705,37.735078],[-83.772817,37.734991],[-83.773074,37.734724],[-83.773327,37.734418],[-83.773369,37.734337],[-83.773398,37.734224],[-83.773405,37.734084],[-83.773386,37.733938],[-83.773318,37.733697],[-83.773315,37.733598],[-83.773337,37.733506],[-83.773422,37.733335],[-83.773512,37.733213],[-83.773676,37.733037],[-83.773795,37.732939],[-83.774029,37.732812],[-83.774244,37.73272]]}},{"type":"Feature","properties":{"osm_id":16162079,"highway":"residential","name":"Billy Fork Road","alt_name":null,"official_name":null,"surface":null,"tracktype":null,"service":null,"access":null,"motor_vehicle":null,"foot":null,"tiger_reviewed":"no","rrgh_part":0,"rrgh_tile_part":0},"geometry":{"type":"LineString","coordinates":[[-83.76598,37.735985],[-83.765933,37.736156],[-83.765916,37.736291],[-83.765916,37.736486],[-83.765925,37.73668],[-83.766077,37.738241],[-83.766146,37.738664],[-83.766154,37.739097],[-83.76614,37.73964]]}},{"type":"Feature","properties":{"osm_id":1263334972,"highway":"track","name":null,"alt_name":null,"official_name":null,"surface":null,"tracktype":null,"service":null,"access":null,"motor_vehicle":null,"foot":null,"tiger_reviewed":null,"rrgh_part":0,"rrgh_tile_part":0},"geometry":{"type":"LineString","coordinates":[[-83.7604231,37.7328301],[-83.760581,37.7328644],[-83.7607068,37.7331256],[-83.7609821,37.7331909],[-83.7610253,37.7336916],[-83.7613478,37.7341333],[-83.761568,37.7342856],[-83.7618865,37.7341954],[-83.7619809,37.7340804],[-83.7620595,37.7338347],[-83.7622916,37.7335983]]}},{"type":"Feature","properties":{"osm_id":1265000873,"highway":"track","name":null,"alt_name":null,"official_name":null,"surface":null,"tracktype":null,"service":null,"access":null,"motor_vehicle":null,"foot":null,"tiger_reviewed":null,"rrgh_part":0,"rrgh_tile_part":0},"geometry":{"type":"LineString","coordinates":[[-83.76,37.72700920334728],[-83.7602631,37.7270048],[-83.7604804,37.7270753],[-83.7605977,37.7272248],[-83.7606455,37.727498],[-83.7606846,37.7276905],[-83.7608706,37.7278109]]}},{"type":"Feature","properties":{"osm_id":1265000874,"highway":"track","name":null,"alt_name":null,"official_name":null,"surface":null,"tracktype":null,"service":null,"access":null,"motor_vehicle":null,"foot":null,"tiger_reviewed":null,"rrgh_part":0,"rrgh_tile_part":0},"geometry":{"type":"LineString","coordinates":[[-83.76,37.7303748552867],[-83.7603567,37.7305715],[-83.760726,37.7307382],[-83.7612409,37.7308224],[-83.761732,37.7306711],[-83.7620209,37.7306024],[-83.762614,37.7306076]]}},{"type":"Feature","properties":{"osm_id":1265000875,"highway":"track","name":null,"alt_name":null,"official_name":null,"surface":null,"tracktype":null,"service":null,"access":null,"motor_vehicle":null,"foot":null,"tiger_reviewed":null,"rrgh_part":0,"rrgh_tile_part":0},"geometry":{"type":"LineString","coordinates":[[-83.762497,37.7285656],[-83.7622606,37.728545],[-83.761661,37.728064],[-83.7612978,37.7277174],[-83.7611652,37.7273275],[-83.761119,37.7271588],[-83.7608164,37.7268852],[-83.760618,37.726751]]}},{"type":"Feature","properties":{"osm_id":16160462,"highway":"service","name":"Reds Hollow Road","alt_name":null,"official_name":null,"surface":null,"tracktype":null,"service":null,"access":null,"motor_vehicle":null,"foot":null,"tiger_reviewed":"no","rrgh_part":0,"rrgh_tile_part":0},"geometry":{"type":"LineString","coordinates":[[-83.770382,37.743637],[-83.7707427,37.7440139],[-83.7709734,37.7443146],[-83.7711957,37.7448786],[-83.77137,37.7451648]]}},{"type":"Feature","properties":{"osm_id":894791996,"highway":"residential","name":"Pilot Road","alt_name":null,"official_name":null,"surface":null,"tracktype":null,"service":null,"access":null,"motor_vehicle":null,"foot":null,"tiger_reviewed":"no","rrgh_part":0,"rrgh_tile_part":0},"geometry":{"type":"LineString","coordinates":[[-83.769619,37.741858],[-83.7696905,37.7419308],[-83.7697372,37.7420035],[-83.7697883,37.7421989],[-83.769789,37.742399],[-83.769828,37.742591],[-83.76991,37.742775],[-83.770253,37.743375],[-83.770382,37.743637]]}},{"type":"Feature","properties":{"osm_id":906450567,"highway":"service","name":null,"alt_name":null,"official_name":null,"surface":null,"tracktype":null,"service":null,"access":null,"motor_vehicle":null,"foot":null,"tiger_reviewed":null,"rrgh_part":0,"rrgh_tile_part":0},"geometry":{"type":"LineString","coordinates":[[-83.7690279,37.7413341],[-83.7690397,37.7413078],[-83.7690633,37.7412555],[-83.7690767,37.7411679],[-83.769084,37.7410976],[-83.7690782,37.7410382],[-83.7690593,37.7409592],[-83.7690057,37.7407511],[-83.7689567,37.7405408],[-83.7689178,37.7403828],[-83.7688887,37.7403124],[-83.7688579,37.7402436],[-83.768766,37.7400674],[-83.7687433,37.7400048],[-83.7686948,37.7398952],[-83.7686431,37.7398474],[-83.7685666,37.7398083],[-83.7685201,37.7397976]]}},{"type":"Feature","properties":{"osm_id":906450568,"highway":"service","name":null,"alt_name":null,"official_name":null,"surface":null,"tracktype":null,"service":null,"access":null,"motor_vehicle":null,"foot":null,"tiger_reviewed":null,"rrgh_part":0,"rrgh_tile_part":0},"geometry":{"type":"LineString","coordinates":[[-83.7690397,37.7413078],[-83.7690891,37.7412975],[-83.7691199,37.7412815],[-83.7691411,37.7412513],[-83.7691925,37.741131],[-83.7692477,37.7409612],[-83.7692901,37.7407997],[-83.7692933,37.7407284],[-83.7693102,37.7405901],[-83.7693383,37.7404848],[-83.769368,37.7404211],[-83.7694051,37.7403695],[-83.7695144,37.7402793],[-83.7695743,37.7402399],[-83.7696524,37.740186]]}},{"type":"Feature","properties":{"osm_id":16161144,"highway":"residential","name":"North End Road","alt_name":null,"official_name":null,"surface":null,"tracktype":null,"service":null,"access":null,"motor_vehicle":null,"foot":null,"tiger_reviewed":"no","rrgh_part":0,"rrgh_tile_part":0},"geometry":{"type":"LineString","coordinates":[[-83.761399,37.739312],[-83.761454,37.739318],[-83.761529,37.739351],[-83.761609,37.7394],[-83.762072,37.739575],[-83.762442,37.739699],[-83.762541,37.739723],[-83.762783,37.739744],[-83.7628392,37.7397391],[-83.762945,37.73973],[-83.763296,37.739654],[-83.763488,37.739633],[-83.76373,37.73963],[-83.764079,37.73964],[-83.764323,37.739676],[-83.764447,37.739705],[-83.7647295,37.7398],[-83.7648684,37.7398411],[-83.7649151,37.7398549],[-83.7650342,37.7398808],[-83.7652212,37.7399078],[-83.765836,37.739947],[-83.766015,37.740017],[-83.766101,37.740079],[-83.7662228,37.7402058],[-83.7663005,37.7402809],[-83.7664164,37.7403668],[-83.7666899,37.7405562],[-83.7667769,37.7406112],[-83.7668859,37.7406792],[-83.7671989,37.7408162],[-83.7674179,37.7408842],[-83.7676609,37.7409292],[-83.7680329,37.7409612],[-83.7684449,37.7409782],[-83.7685429,37.7409952],[-83.7686389,37.7410292],[-83.7687319,37.7410802],[-83.7688219,37.7411452],[-83.7689949,37.7413002],[-83.7690279,37.7413341],[-83.7692299,37.7415422],[-83.7693423,37.7416464],[-83.7694883,37.7417552],[-83.769619,37.741858]]}},{"type":"Feature","properties":{"osm_id":16159733,"highway":"track","name":null,"alt_name":null,"official_name":null,"surface":null,"tracktype":null,"service":null,"access":null,"motor_vehicle":null,"foot":null,"tiger_reviewed":"no","rrgh_part":0,"rrgh_tile_part":0},"geometry":{"type":"LineString","coordinates":[[-83.772392,37.745507],[-83.7719543,37.7459422]]}},{"type":"Feature","properties":{"osm_id":16159680,"highway":"residential","name":null,"alt_name":null,"official_name":null,"surface":null,"tracktype":null,"service":null,"access":null,"motor_vehicle":null,"foot":null,"tiger_reviewed":"no","rrgh_part":0,"rrgh_tile_part":0},"geometry":{"type":"LineString","coordinates":[[-83.76614,37.73964],[-83.766179,37.740024],[-83.7662228,37.7402058]]}},{"type":"Feature","properties":{"osm_id":16162462,"highway":"residential","name":"Patsy Road","alt_name":null,"official_name":null,"surface":null,"tracktype":null,"service":null,"access":null,"motor_vehicle":null,"foot":null,"tiger_reviewed":"no","rrgh_part":0,"rrgh_tile_part":0},"geometry":{"type":"LineString","coordinates":[[-83.76614,37.73964],[-83.765748,37.739738],[-83.765555,37.7397942],[-83.7651398,37.7398546],[-83.7650342,37.7398808]]}},{"type":"Feature","properties":{"osm_id":16335550,"highway":"residential","name":null,"alt_name":null,"official_name":null,"surface":null,"tracktype":null,"service":null,"access":null,"motor_vehicle":null,"foot":null,"tiger_reviewed":"no","rrgh_part":0,"rrgh_tile_part":0},"geometry":{"type":"LineString","coordinates":[[-83.7648684,37.7398411],[-83.7648281,37.7399177],[-83.7647212,37.7399655],[-83.7644805,37.7399859],[-83.7643014,37.7400376],[-83.764204,37.740168],[-83.76347,37.742046]]}},{"type":"Feature","properties":{"osm_id":1336978359,"highway":"track","name":null,"alt_name":null,"official_name":null,"surface":null,"tracktype":null,"service":null,"access":null,"motor_vehicle":null,"foot":null,"tiger_reviewed":null,"rrgh_part":0,"rrgh_tile_part":0},"geometry":{"type":"LineString","coordinates":[[-83.7628392,37.7397391],[-83.7629196,37.7401715],[-83.7629571,37.7402733],[-83.7631281,37.7405044]]}},{"type":"Feature","properties":{"osm_id":16336456,"highway":"residential","name":"Pilot Road","alt_name":null,"official_name":null,"surface":null,"tracktype":null,"service":null,"access":null,"motor_vehicle":null,"foot":null,"tiger_reviewed":"no","rrgh_part":0,"rrgh_tile_part":0},"geometry":{"type":"LineString","coordinates":[[-83.761399,37.739312],[-83.7608603,37.7392962],[-83.760669,37.7392691],[-83.760199,37.739139],[-83.760043,37.739129],[-83.76,37.73913424390244]]}}],"rrgh_tile":{"id":"r4c2","bounds":[37.675,-83.845,37.75,-83.76]}}
