{"type":"FeatureCollection","features":[{"type":"Feature","properties":{"osm_id":16384734,"highway":"unclassified","name":"Sandy Ridge Road","alt_name":null,"official_name":null,"surface":null,"tracktype":null,"service":null,"access":null,"motor_vehicle":null,"foot":null,"tiger_reviewed":"no","rrgh_part":0,"rrgh_tile_part":0},"geometry":{"type":"LineString","coordinates":[[-83.58495256140351,37.675],[-83.584938,37.67502],[-83.584892,37.675069],[-83.584838,37.675115],[-83.584781,37.675154],[-83.584721,37.675184],[-83.584662,37.675208],[-83.584531,37.675251],[-83.584468,37.675259],[-83.584331,37.675267],[-83.584179,37.675262],[-83.58401,37.675272],[-83.583851,37.675294],[-83.583773,37.675317],[-83.583621,37.675371],[-83.583551,37.675404],[-83.583485,37.675443],[-83.583301,37.675571],[-83.583165,37.67565],[-83.583047,37.675726],[-83.582977,37.675748],[-83.582904,37.675763],[-83.582824,37.675765],[-83.582745,37.675761],[-83.582507,37.675736],[-83.582423,37.675735],[-83.582335,37.675743],[-83.582251,37.675756],[-83.581976,37.675878],[-83.581914,37.67593],[-83.581796,37.676012],[-83.581693,37.676097],[-83.581608,37.67619],[-83.581572,37.676248],[-83.581515,37.676371],[-83.581408,37.6766904],[-83.581236,37.677204],[-83.581157,37.677486],[-83.581134,37.677631],[-83.581115,37.677849],[-83.581121,37.677986],[-83.581139,37.678109],[-83.581157,37.678174],[-83.581205,37.67842],[-83.581217,37.678537],[-83.581216,37.678596],[-83.581202,37.678707],[-83.58114,37.678921],[-83.581115,37.679028],[-83.58111,37.679083],[-83.581122,37.679195],[-83.581141,37.67925],[-83.581167,37.679304],[-83.581199,37.679353],[-83.581281,37.679447],[-83.581378,37.679528],[-83.581481,37.6796],[-83.581591,37.679665],[-83.581706,37.679721],[-83.581825,37.679761],[-83.581886,37.679773],[-83.582002,37.679787],[-83.582169,37.679787],[-83.582571,37.679751],[-83.582718,37.679755],[-83.582815,37.679777],[-83.582983,37.679833],[-83.583066,37.679876],[-83.583139,37.679927],[-83.583239,37.680011],[-83.583318,37.680098],[-83.583421,37.680237],[-83.583459,37.680301],[-83.583479,37.680335],[-83.583529,37.680443],[-83.583583,37.6806],[-83.583837,37.681413],[-83.583853,37.681499],[-83.583867,37.681625],[-83.58386,37.681725],[-83.583839,37.681802],[-83.583793,37.68189],[-83.583742,37.681955],[-83.583679,37.682015],[-83.58359,37.682081],[-83.583489,37.682138],[-83.583382,37.682188],[-83.583264,37.682234],[-83.583068,37.682293],[-83.582878,37.682374],[-83.582738,37.6825],[-83.582692,37.682581],[-83.582663,37.682651],[-83.582597,37.682858],[-83.582552,37.682982],[-83.582474,37.683135],[-83.582401,37.683245],[-83.582269,37.68341],[-83.58219,37.683478],[-83.582108,37.683533],[-83.582012,37.683567],[-83.581909,37.68358],[-83.581829,37.68358],[-83.58163,37.683566],[-83.581475,37.683562],[-83.581367,37.68357],[-83.581265,37.683589],[-83.581167,37.683621],[-83.581076,37.683668],[-83.581001,37.683734],[-83.580943,37.683807],[-83.5809,37.683934],[-83.580894,37.683989],[-83.580896,37.684047],[-83.580926,37.684174],[-83.58099,37.684345],[-83.581024,37.684454],[-83.581036,37.684546],[-83.581033,37.68464],[-83.580978,37.684824],[-83.580936,37.684916],[-83.580793,37.68518],[-83.580742,37.685303],[-83.580692,37.685519],[-83.580671,37.685733],[-83.580652,37.685841],[-83.580602,37.68602],[-83.580558,37.686125],[-83.580534,37.686214],[-83.580494,37.686289],[-83.580484,37.686371],[-83.580501,37.686452],[-83.58054,37.686528],[-83.580779,37.686836],[-83.580874,37.687008],[-83.58092,37.687152],[-83.580979,37.687444],[-83.581085,37.687768],[-83.581207,37.688093],[-83.581328,37.688442],[-83.58138,37.688635],[-83.581428,37.688904],[-83.581449,37.689119],[-83.581484,37.689615],[-83.581551,37.690253],[-83.581552,37.690412],[-83.581536,37.690511],[-83.58148,37.690648],[-83.58138,37.690838],[-83.58132,37.690934],[-83.581257,37.691048],[-83.581225,37.691124],[-83.581186,37.691259],[-83.581172,37.691377],[-83.581173,37.6914174],[-83.581167,37.691714],[-83.581157,37.691906],[-83.581166,37.691998],[-83.581191,37.692087],[-83.581241,37.69217],[-83.581297,37.692232],[-83.581349,37.692275],[-83.581465,37.692354],[-83.581715,37.692498],[-83.581943,37.692608],[-83.582088,37.692662],[-83.582216,37.6927],[-83.582494,37.692762],[-83.582727,37.692829],[-83.582816,37.692861],[-83.582999,37.692944],[-83.583104,37.692998],[-83.58331,37.693122],[-83.583473,37.693233],[-83.583647,37.693381],[-83.583816,37.693557],[-83.583908,37.693665],[-83.584027,37.693824],[-83.5842,37.694092],[-83.584613,37.694809],[-83.584736,37.694997],[-83.584847,37.695113],[-83.584921,37.695174],[-83.58496,37.6952],[-83.58506,37.69526],[-83.58535,37.69542],[-83.585472,37.695497],[-83.585599,37.695588],[-83.58586,37.695806],[-83.585989,37.695924],[-83.586135,37.696068],[-83.586233,37.696206],[-83.586302,37.696361],[-83.586327,37.696494],[-83.586323,37.696626],[-83.58631,37.696734],[-83.586111,37.697319],[-83.586102,37.697364],[-83.586086,37.697405],[-83.58608,37.697508],[-83.586084,37.697592],[-83.586098,37.697686],[-83.586125,37.697766],[-83.586164,37.697837],[-83.586182,37.697862],[-83.586234,37.697914],[-83.586256,37.697934],[-83.58635,37.697997],[-83.586459,37.698053],[-83.586692,37.698159],[-83.5868,37.698218],[-83.586893,37.698285],[-83.586981,37.698373],[-83.587024,37.698436],[-83.587062,37.698521],[-83.587079,37.698608],[-83.587078,37.698712],[-83.587046,37.698931],[-83.587019,37.699118],[-83.586986,37.699429],[-83.586968,37.699541],[-83.586941,37.699649],[-83.586891,37.699766],[-83.586827,37.699859],[-83.586746,37.699947],[-83.586689,37.700002],[-83.586477,37.700184],[-83.586394,37.700267],[-83.586337,37.700343],[-83.586289,37.70044],[-83.586275,37.700508],[-83.586271,37.70056],[-83.586291,37.700664],[-83.586308,37.700709],[-83.586354,37.700796],[-83.586474,37.700969],[-83.586551,37.701067],[-83.586638,37.701158],[-83.586692,37.701205],[-83.586795,37.701278],[-83.586843,37.701304],[-83.586961,37.701354],[-83.587088,37.70139],[-83.587222,37.701415],[-83.587513,37.701462],[-83.587628,37.701485],[-83.587738,37.701518],[-83.587856,37.701573],[-83.587945,37.701636],[-83.588036,37.70172],[-83.588133,37.701843],[-83.588287,37.702103],[-83.588399,37.702322],[-83.588445,37.702435],[-83.588482,37.702567],[-83.5885,37.702688],[-83.588522,37.703005],[-83.588549,37.703165],[-83.588587,37.703292],[-83.588667,37.70351],[-83.588691,37.70362],[-83.588705,37.703793],[-83.588701,37.703934],[-83.588688,37.704058],[-83.58867,37.704163],[-83.588638,37.704546],[-83.58865,37.704646],[-83.588668,37.704722],[-83.58871,37.704778],[-83.588769,37.70483],[-83.589081,37.705033],[-83.589163,37.705108],[-83.589255,37.705183],[-83.589609,37.705539],[-83.589715,37.705653],[-83.589825,37.705772],[-83.589925,37.705933],[-83.589953,37.706009],[-83.589983,37.706121],[-83.589984,37.706217],[-83.589962,37.706316],[-83.589931,37.706413],[-83.589769,37.706708],[-83.589717,37.706811],[-83.589673,37.706915],[-83.589614,37.707118],[-83.589599,37.707199],[-83.589561,37.707306],[-83.589508,37.707388],[-83.589484,37.707415],[-83.589446,37.707459],[-83.589281,37.707621],[-83.589101,37.707828],[-83.588944,37.707991],[-83.588901,37.708029],[-83.58885,37.708063],[-83.588743,37.70812],[-83.588687,37.708139],[-83.588624,37.708152],[-83.588503,37.708164],[-83.588217,37.708164],[-83.588158,37.708168],[-83.588069,37.708186],[-83.587987,37.708222],[-83.587906,37.708275],[-83.587765,37.708399],[-83.587661,37.708517],[-83.587556,37.708647],[-83.587498,37.708728],[-83.587403,37.708887],[-83.587374,37.708983],[-83.587351,37.709101],[-83.587277,37.709386],[-83.587256,37.709508],[-83.587185,37.709689],[-83.587104,37.709797],[-83.587034,37.709858],[-83.586953,37.709905],[-83.586866,37.70994],[-83.586717,37.709979],[-83.586608,37.709996],[-83.585775,37.71005],[-83.58568,37.710079],[-83.58561,37.710111],[-83.5855193,37.7101729],[-83.5854704,37.710233],[-83.585452,37.7103014]]}},{"type":"Feature","properties":{"osm_id":16383962,"highway":"residential","name":"Clay-Alexander Road","alt_name":null,"official_name":null,"surface":null,"tracktype":null,"service":null,"access":null,"motor_vehicle":null,"foot":null,"tiger_reviewed":"no","rrgh_part":0,"rrgh_tile_part":0},"geometry":{"type":"LineString","coordinates":[[-83.59,37.69646145283019],[-83.589963,37.696518],[-83.58978,37.696845],[-83.589651,37.697143],[-83.589642,37.69718],[-83.589567,37.697397],[-83.58952,37.697582],[-83.589484,37.697781],[-83.589458,37.697857],[-83.589402,37.697957],[-83.589326,37.698055],[-83.589162,37.69823],[-83.588978,37.698409],[-83.588902,37.69847],[-83.588776,37.698554],[-83.588683,37.698601],[-83.588588,37.698642],[-83.588441,37.698692],[-83.588342,37.698718],[-83.588197,37.698744],[-83.588057,37.698758],[-83.587799,37.698771],[-83.587613,37.698787],[-83.587521,37.698806],[-83.587296,37.698881],[-83.58716,37.698913],[-83.587046,37.698931]]}},{"type":"Feature","properties":{"osm_id":16382223,"highway":"residential","name":null,"alt_name":null,"official_name":null,"surface":null,"tracktype":null,"service":null,"access":null,"motor_vehicle":null,"foot":null,"tiger_reviewed":"no","rrgh_part":0,"rrgh_tile_part":0},"geometry":{"type":"LineString","coordinates":[[-83.589715,37.705653],[-83.59,37.70547587282361]]}},{"type":"Feature","properties":{"osm_id":16384323,"highway":"residential","name":"Smith Road","alt_name":null,"official_name":null,"surface":null,"tracktype":null,"service":null,"access":null,"motor_vehicle":null,"foot":null,"tiger_reviewed":"no","rrgh_part":0,"rrgh_tile_part":0},"geometry":{"type":"LineString","coordinates":[[-83.589484,37.707415],[-83.589519,37.707458],[-83.589541,37.707509],[-83.589541,37.707555],[-83.589529,37.707605],[-83.589469,37.707743],[-83.5894,37.708044],[-83.58925,37.708349],[-83.589218,37.708427],[-83.589204,37.708515],[-83.589204,37.708563],[-83.589222,37.708665],[-83.589242,37.70873],[-83.589299,37.708822],[-83.589411,37.708945],[-83.589506,37.709008],[-83.589605,37.709063],[-83.589726,37.70916],[-83.589757,37.709197],[-83.589801,37.709282],[-83.589872,37.709468],[-83.589943,37.70961],[-83.589973,37.709656],[-83.59,37.70968181318682]]}},{"type":"Feature","properties":{"osm_id":1467075644,"highway":"residential","name":null,"alt_name":null,"official_name":null,"surface":null,"tracktype":null,"service":null,"access":null,"motor_vehicle":null,"foot":null,"tiger_reviewed":null,"rrgh_part":0,"rrgh_tile_part":0},"geometry":{"type":"LineString","coordinates":[[-83.5870133,37.7283893],[-83.5872724,37.728277],[-83.5874449,37.7281811],[-83.5876538,37.7280688],[-83.5877227,37.7279962],[-83.5878222,37.7278913],[-83.5879627,37.7278008],[-83.5881258,37.7277957],[-83.5883312,37.7277867],[-83.5884172,37.7277829],[-83.5886025,37.7277565],[-83.5887451,37.7276894],[-83.5888878,37.7276108],[-83.5890301,37.7275461],[-83.5891701,37.727554],[-83.5892824,37.7275805],[-83.5893971,37.7274755],[-83.5895648,37.7273467],[-83.5896953,37.7272278],[-83.589883,37.7271603],[-83.59,37.727140666984994]]}},{"type":"Feature","properties":{"osm_id":16383502,"highway":"residential","name":"Green Valley Road","alt_name":null,"official_name":null,"surface":null,"tracktype":null,"service":null,"access":null,"motor_vehicle":null,"foot":null,"tiger_reviewed":"no","rrgh_part":0,"rrgh_tile_part":0},"geometry":{"type":"LineString","coordinates":[[-83.587209,37.73539],[-83.587324,37.735382],[-83.587375,37.735384],[-83.587547,37.735378],[-83.587769,37.735386],[-83.588007,37.735413],[-83.588176,37.735451],[-83.58823,37.735468],[-83.588386,37.735537],[-83.588669,37.735705],[-83.588869,37.735794],[-83.589653,37.736088],[-83.589733,37.736122],[-83.58981,37.73616],[-83.589886,37.736203],[-83.589957,37.736251],[-83.59,37.736284947368425]]}},{"type":"Feature","properties":{"osm_id":16383278,"highway":"residential","name":"Combs Road","alt_name":null,"official_name":null,"surface":null,"tracktype":null,"service":null,"access":null,"motor_vehicle":null,"foot":null,"tiger_reviewed":"no","rrgh_part":0,"rrgh_tile_part":0},"geometry":{"type":"LineString","coordinates":[[-83.58058,37.721424],[-83.580682,37.721458],[-83.580755,37.721472],[-83.581007,37.721473],[-83.581296,37.721466],[-83.581455,37.72147],[-83.581611,37.721485],[-83.581765,37.72151],[-83.581917,37.721541],[-83.581992,37.721552],[-83.5823,37.721616],[-83.582628,37.721663],[-83.582873,37.721693],[-83.583334,37.721779],[-83.583404,37.721787],[-83.583477,37.721783],[-83.58355,37.721772],[-83.584003,37.721625],[-83.584068,37.7216],[-83.584134,37.721565],[-83.584269,37.721484],[-83.584692,37.721275],[-83.584911,37.721153],[-83.585051,37.721066],[-83.585193,37.720969],[-83.585298,37.720863],[-83.58542,37.72072],[-83.585582,37.720553],[-83.585819,37.720246],[-83.586332,37.719674],[-83.586449,37.719581],[-83.586519,37.719538],[-83.586738,37.719438],[-83.586811,37.719423],[-83.586955,37.719405],[-83.587022,37.71939],[-83.587347,37.719351],[-83.587489,37.719341],[-83.587575,37.719342],[-83.587619,37.719347],[-83.587757,37.719383],[-83.587814,37.719404],[-83.587974,37.719503],[-83.588189,37.71966],[-83.588274,37.719747],[-83.588383,37.719893],[-83.588425,37.719943],[-83.588473,37.71999],[-83.588525,37.720032],[-83.588682,37.720128],[-83.588933,37.720261],[-83.589086,37.720359],[-83.589136,37.720397],[-83.589227,37.720485],[-83.589307,37.720587],[-83.589424,37.720751],[-83.58951,37.720851],[-83.589708,37.721046],[-83.589801,37.721153],[-83.589874,37.721297],[-83.58993,37.721461],[-83.589955,37.721587],[-83.589963,37.721651],[-83.589959,37.721771],[-83.589937,37.721891],[-83.589902,37.721998],[-83.589844,37.722122],[-83.589821,37.722157],[-83.589791,37.722191],[-83.589775,37.722234],[-83.589774,37.722281],[-83.58978,37.722329],[-83.589797,37.722371],[-83.589827,37.722407],[-83.589866,37.722437],[-83.589912,37.72246],[-83.59,37.72248760784314]]}},{"type":"Feature","properties":{"osm_id":1525641486,"highway":"track","name":null,"alt_name":null,"official_name":null,"surface":null,"tracktype":null,"service":null,"access":null,"motor_vehicle":null,"foot":null,"tiger_reviewed":null,"rrgh_part":0,"rrgh_tile_part":0},"geometry":{"type":"LineString","coordinates":[[-83.581122,37.679195],[-83.5810157,37.6791074],[-83.5809029,37.6790033],[-83.5807914,37.678916],[-83.5804326,37.6787139],[-83.5801939,37.6786184],[-83.5799853,37.6785442],[-83.5798186,37.6784419],[-83.5796705,37.6783113],[-83.5795616,37.6781892],[-83.5793729,37.6780912],[-83.5791082,37.6780448],[-83.5787775,37.6780666],[-83.578535,37.6780884],[-83.5783435,37.6780436],[-83.5781868,37.6779347],[-83.5780573,37.6777792],[-83.5779081,37.6776052],[-83.5778072,37.6774733],[-83.5777535,37.6773231],[-83.5777655,37.6770145],[-83.5777456,37.6768139],[-83.5777221,37.6766574],[-83.5776408,37.6764557],[-83.5775433,37.6763302],[-83.5773862,37.6762601],[-83.5770241,37.6762549],[-83.576795,37.6762342],[-83.5766263,37.6761535],[-83.5764847,37.6759662],[-83.576321,37.675718],[-83.5762807,37.6756144],[-83.5761204,37.6754258],[-83.575912,37.6752173],[-83.5758174,37.6750995],[-83.57585871393218,37.675]]}},{"type":"Feature","properties":{"osm_id":16382355,"highway":"service","name":null,"alt_name":null,"official_name":null,"surface":null,"tracktype":null,"service":null,"access":"private","motor_vehicle":null,"foot":null,"tiger_reviewed":"no","rrgh_part":0,"rrgh_tile_part":0},"geometry":{"type":"LineString","coordinates":[[-83.583459,37.680301],[-83.5836847,37.6799479],[-83.584027,37.679661],[-83.584302,37.679628],[-83.584698,37.679546],[-83.584984,37.679538],[-83.585259,37.679367],[-83.585717,37.679245],[-83.586277,37.679379],[-83.586593,37.679565],[-83.586938,37.679596],[-83.587244,37.679449],[-83.58762,37.679214],[-83.587946,37.679059],[-83.588221,37.678897],[-83.58816,37.678687],[-83.587511,37.678355],[-83.586621,37.678136],[-83.585749,37.677877],[-83.585202,37.677689],[-83.584754,37.677584],[-83.584625,37.67755]]}},{"type":"Feature","properties":{"osm_id":1525641485,"highway":"track","name":null,"alt_name":null,"official_name":null,"surface":null,"tracktype":null,"service":null,"access":null,"motor_vehicle":null,"foot":null,"tiger_reviewed":null,"rrgh_part":0,"rrgh_tile_part":0},"geometry":{"type":"LineString","coordinates":[[-83.581408,37.6766904],[-83.5811425,37.6764628],[-83.5808411,37.676119],[-83.5805815,37.6758921],[-83.5803706,37.6757539],[-83.5799838,37.6757098],[-83.5794774,37.67538],[-83.57908402596516,37.675]]}},{"type":"Feature","properties":{"osm_id":16383820,"highway":"residential","name":"Stanley Lumpkins Road","alt_name":null,"official_name":null,"surface":null,"tracktype":null,"service":null,"access":null,"motor_vehicle":null,"foot":null,"tiger_reviewed":"no","rrgh_part":0,"rrgh_tile_part":0},"geometry":{"type":"LineString","coordinates":[[-83.582736,37.696822],[-83.58276,37.696876],[-83.582771,37.696954],[-83.582778,37.697081],[-83.582765,37.697269],[-83.582745,37.697399],[-83.582723,37.697462],[-83.582592,37.697669],[-83.582463,37.697823],[-83.582429,37.697887],[-83.58241,37.697939],[-83.582422,37.697969],[-83.582447,37.697992],[-83.582491,37.698016],[-83.582636,37.69805],[-83.582749,37.698083],[-83.582937,37.698148],[-83.583052,37.698198],[-83.583165,37.698258],[-83.583326,37.698365],[-83.583435,37.698432],[-83.583494,37.69846],[-83.583751,37.698521],[-83.583865,37.698542],[-83.583996,37.698555],[-83.584133,37.698557],[-83.584231,37.69854],[-83.584712,37.698429],[-83.584765,37.698424],[-83.584821,37.698412],[-83.585034,37.698337],[-83.585138,37.698306],[-83.585248,37.69826],[-83.585405,37.698204],[-83.585587,37.698113],[-83.58568,37.698076],[-83.585769,37.698046],[-83.586115,37.697957],[-83.586234,37.697914]]}},{"type":"Feature","properties":{"osm_id":16384277,"highway":"residential","name":"Lawson Lane","alt_name":null,"official_name":null,"surface":null,"tracktype":null,"service":null,"access":null,"motor_vehicle":null,"foot":null,"tiger_reviewed":"no","rrgh_part":0,"rrgh_tile_part":0},"geometry":{"type":"LineString","coordinates":[[-83.588199,37.686551],[-83.5882,37.686608],[-83.588167,37.686884],[-83.588132,37.687063],[-83.587974,37.687621],[-83.587929,37.687825],[-83.587911,37.688087],[-83.58789,37.68819],[-83.587855,37.688295],[-83.587735,37.688563],[-83.587592,37.688902],[-83.587513,37.689063],[-83.587396,37.689248],[-83.5873,37.689426],[-83.587262,37.689528],[-83.587242,37.689643],[-83.587244,37.689703],[-83.587259,37.689831],[-83.587381,37.690256],[-83.587442,37.690405],[-83.587651,37.690791],[-83.587743,37.691009],[-83.587768,37.691105],[-83.587784,37.691203],[-83.587778,37.691299],[-83.58776,37.691388],[-83.58768,37.691715],[-83.587648,37.691818],[-83.587524,37.692106],[-83.587512,37.692152],[-83.587498,37.692254],[-83.587495,37.692699],[-83.587481,37.692849],[-83.587457,37.692944],[-83.587413,37.693041],[-83.587253,37.693303],[-83.587058,37.69358],[-83.586968,37.693684],[-83.586827,37.693833],[-83.586724,37.693922],[-83.586482,37.694107],[-83.586413,37.694151],[-83.585813,37.694621],[-83.585611,37.69479],[-83.585586,37.694818],[-83.58557,37.694852],[-83.585514,37.694908],[-83.585446,37.694961],[-83.585341,37.695013],[-83.585252,37.695041],[-83.585141,37.695065],[-83.585071,37.695092],[-83.585022,37.695131],[-83.58496,37.6952]]}},{"type":"Feature","properties":{"osm_id":1525650326,"highway":"track","name":null,"alt_name":null,"official_name":null,"surface":null,"tracktype":null,"service":null,"access":null,"motor_vehicle":null,"foot":null,"tiger_reviewed":null,"rrgh_part":0,"rrgh_tile_part":0},"geometry":{"type":"LineString","coordinates":[[-83.58331,37.693122],[-83.583485,37.6930458],[-83.5837928,37.6929902],[-83.5839481,37.6928959],[-83.5840972,37.6925912],[-83.5842204,37.6921898],[-83.5843371,37.6919539],[-83.5845313,37.6916974],[-83.5846268,37.6914438],[-83.5848141,37.691322],[-83.5850783,37.6912385],[-83.5851753,37.6911116]]}},{"type":"Feature","properties":{"osm_id":1525642057,"highway":"track","name":null,"alt_name":null,"official_name":null,"surface":null,"tracktype":null,"service":null,"access":"private","motor_vehicle":null,"foot":null,"tiger_reviewed":null,"rrgh_part":0,"rrgh_tile_part":0},"geometry":{"type":"LineString","coordinates":[[-83.581173,37.6914174],[-83.5810594,37.6913651],[-83.5809824,37.6913367],[-83.5805728,37.6912392],[-83.5799898,37.6911203],[-83.5796985,37.6911692],[-83.5795082,37.691195],[-83.5792397,37.6911402],[-83.5790476,37.6910654],[-83.5788918,37.6909488],[-83.5788589,37.6907709],[-83.5789457,37.6904424],[-83.5790763,37.6900756],[-83.5790407,37.6898489],[-83.5789824,37.6897039]]}},{"type":"Feature","properties":{"osm_id":1525650325,"highway":"track","name":null,"alt_name":null,"official_name":null,"surface":null,"tracktype":null,"service":null,"access":null,"motor_vehicle":null,"foot":null,"tiger_reviewed":null,"rrgh_part":0,"rrgh_tile_part":0},"geometry":{"type":"LineString","coordinates":[[-83.58331,37.693122],[-83.5832902,37.6930041],[-83.5830201,37.6928289],[-83.5828818,37.6926331],[-83.5826658,37.6923859],[-83.5825057,37.692202],[-83.5825948,37.6919673],[-83.5828014,37.6918731]]}},{"type":"Feature","properties":{"osm_id":1525650330,"highway":"service","name":null,"alt_name":null,"official_name":null,"surface":null,"tracktype":null,"service":null,"access":null,"motor_vehicle":null,"foot":null,"tiger_reviewed":null,"rrgh_part":0,"rrgh_tile_part":0},"geometry":{"type":"LineString","coordinates":[[-83.582447,37.697992],[-83.5821116,37.6979688],[-83.5818704,37.6978712],[-83.5816881,37.6977354],[-83.5810609,37.6971922],[-83.5807017,37.6970437],[-83.5804391,37.6968782],[-83.5801817,37.6966321]]}},{"type":"Feature","properties":{"osm_id":16382473,"highway":"residential","name":null,"alt_name":null,"official_name":null,"surface":null,"tracktype":null,"service":null,"access":null,"motor_vehicle":null,"foot":null,"tiger_reviewed":"no","rrgh_part":0,"rrgh_tile_part":0},"geometry":{"type":"LineString","coordinates":[[-83.585452,37.7103014],[-83.5851768,37.710149],[-83.5847986,37.7099505],[-83.5845257,37.7097663],[-83.584265,37.70936],[-83.584,37.708862],[-83.583638,37.708667],[-83.583326,37.70848],[-83.58309,37.70838],[-83.581779,37.707096]]}},{"type":"Feature","properties":{"osm_id":16382157,"highway":"service","name":null,"alt_name":null,"official_name":null,"surface":null,"tracktype":null,"service":null,"access":"private","motor_vehicle":null,"foot":null,"tiger_reviewed":"no","rrgh_part":0,"rrgh_tile_part":0},"geometry":{"type":"LineString","coordinates":[[-83.5833985,37.7185165],[-83.5835653,37.7185291],[-83.5839595,37.719058],[-83.5842526,37.7192005],[-83.5846223,37.7191167],[-83.5854568,37.71837],[-83.5859964,37.7171915]]}},{"type":"Feature","properties":{"osm_id":16382370,"highway":"service","name":null,"alt_name":null,"official_name":null,"surface":null,"tracktype":null,"service":null,"access":"private","motor_vehicle":null,"foot":null,"tiger_reviewed":"no","rrgh_part":0,"rrgh_tile_part":0},"geometry":{"type":"LineString","coordinates":[[-83.5828937,37.7150669],[-83.5828312,37.7149182],[-83.5825581,37.7147068],[-83.582216,37.714549],[-83.582002,37.714352],[-83.581809,37.714114],[-83.581648,37.713812],[-83.581578,37.713487],[-83.581635,37.713042]]}},{"type":"Feature","properties":{"osm_id":16383383,"highway":"residential","name":"Drake's Lane","alt_name":null,"official_name":null,"surface":null,"tracktype":null,"service":null,"access":null,"motor_vehicle":null,"foot":null,"tiger_reviewed":"no","rrgh_part":0,"rrgh_tile_part":0},"geometry":{"type":"LineString","coordinates":[[-83.575357,37.718634],[-83.57531,37.718642],[-83.575283,37.718657],[-83.575222,37.718678],[-83.575016,37.718725],[-83.574872,37.718743],[-83.574537,37.718819],[-83.574392,37.718827],[-83.574243,37.718809],[-83.574111,37.718777],[-83.574005,37.718741],[-83.573941,37.71871],[-83.573861,37.718649],[-83.57378,37.71856],[-83.573723,37.718459],[-83.573714,37.718395],[-83.573719,37.718366],[-83.573742,37.718315],[-83.573816,37.718213],[-83.573913,37.717993],[-83.57392,37.717919],[-83.573888,37.717738],[-83.573854,37.71769],[-83.573778,37.717633],[-83.573717,37.717603],[-83.573589,37.717551],[-83.573483,37.717519],[-83.573383,37.7175],[-83.573286,37.717492],[-83.573189,37.717472],[-83.573063,37.717434],[-83.572936,37.717367],[-83.572891,37.717334],[-83.572876,37.717315],[-83.572636,37.717103]]}},{"type":"Feature","properties":{"osm_id":16381143,"highway":"service","name":null,"alt_name":null,"official_name":null,"surface":null,"tracktype":null,"service":null,"access":"private","motor_vehicle":null,"foot":null,"tiger_reviewed":"no","rrgh_part":0,"rrgh_tile_part":0},"geometry":{"type":"LineString","coordinates":[[-83.575872,37.720941],[-83.575914,37.720802],[-83.575966,37.720628],[-83.576027,37.720475],[-83.576147,37.720229],[-83.576185,37.72012],[-83.576194,37.720053],[-83.576189,37.71999],[-83.576131,37.719788],[-83.576118,37.719649],[-83.576127,37.719485],[-83.576206,37.71898],[-83.576235,37.718848],[-83.576299,37.718642],[-83.576343,37.718388],[-83.576359,37.718253],[-83.576351,37.718213]]}},{"type":"Feature","properties":{"osm_id":16382415,"highway":"service","name":null,"alt_name":null,"official_name":null,"surface":null,"tracktype":null,"service":null,"access":"private","motor_vehicle":null,"foot":null,"tiger_reviewed":"no","rrgh_part":0,"rrgh_tile_part":0},"geometry":{"type":"LineString","coordinates":[[-83.581986,37.720095],[-83.581727,37.72005],[-83.581435,37.719865],[-83.581236,37.719647],[-83.581057,37.719374],[-83.580947,37.719165],[-83.5809,37.718874]]}},{"type":"Feature","properties":{"osm_id":16385309,"highway":"residential","name":"Ellen Drake Road","alt_name":null,"official_name":null,"surface":null,"tracktype":null,"service":null,"access":null,"motor_vehicle":null,"foot":null,"tiger_reviewed":"no","rrgh_part":0,"rrgh_tile_part":0},"geometry":{"type":"LineString","coordinates":[[-83.574715,37.715941],[-83.574659,37.716008],[-83.574592,37.716058],[-83.574517,37.716096],[-83.574438,37.716118],[-83.574344,37.716127],[-83.574137,37.716111],[-83.574055,37.716117],[-83.574013,37.716128],[-83.573976,37.716147],[-83.573631,37.716388],[-83.573539,37.716459],[-83.573178,37.716696],[-83.573012,37.716787],[-83.572929,37.716846],[-83.572636,37.717103],[-83.572592,37.717131],[-83.57243,37.717206],[-83.572386,37.717214],[-83.572314,37.717215],[-83.572144,37.717196],[-83.57204,37.717175],[-83.571979,37.71717],[-83.571926,37.71717],[-83.571697,37.717196],[-83.571568,37.717231],[-83.571512,37.717257],[-83.571385,37.717343],[-83.571253,37.717452],[-83.570992,37.717648],[-83.57085,37.71774],[-83.570709,37.717846],[-83.570637,37.717917],[-83.570583,37.71799],[-83.570548,37.718063],[-83.570434,37.718346],[-83.570427,37.718379],[-83.570424,37.718441],[-83.570402,37.718601],[-83.570384,37.718662],[-83.570225,37.719047],[-83.570199,37.719122],[-83.570128,37.719388],[-83.570078,37.719506],[-83.570017,37.719615],[-83.569912,37.719745],[-83.569843,37.71984],[-83.569805,37.719905],[-83.569763,37.720002],[-83.569747,37.720072],[-83.569728,37.720233],[-83.56962,37.720542],[-83.569603,37.720572],[-83.569476,37.720749],[-83.569446,37.720819],[-83.569438,37.720857]]}},{"type":"Feature","properties":{"osm_id":1467075658,"highway":"residential","name":null,"alt_name":null,"official_name":null,"surface":null,"tracktype":null,"service":null,"access":null,"motor_vehicle":null,"foot":null,"tiger_reviewed":null,"rrgh_part":0,"rrgh_tile_part":0},"geometry":{"type":"LineString","coordinates":[[-83.5875615,37.7314512],[-83.5874587,37.7316008],[-83.5873204,37.7317018],[-83.5871782,37.7317895],[-83.5870914,37.7319101],[-83.5869624,37.7320338],[-83.5868056,37.7320967],[-83.5865916,37.7321896],[-83.5864483,37.7321709],[-83.5862818,37.7320717],[-83.5862314,37.7320265],[-83.5861091,37.7318509],[-83.5859864,37.7316133],[-83.5858576,37.7313797],[-83.5857867,37.7312],[-83.5857034,37.7310179],[-83.5856767,37.7309109],[-83.5857424,37.7308373],[-83.5858754,37.7308309],[-83.5860467,37.7308409],[-83.5861984,37.7308642],[-83.5862091,37.7307722],[-83.5861719,37.7306549],[-83.58609,37.7304927],[-83.5859682,37.7302252],[-83.5859366,37.7300921],[-83.585896,37.7299061],[-83.5858475,37.7295251],[-83.5858158,37.7293464],[-83.5858409,37.7291315],[-83.585904,37.7289135],[-83.5859478,37.7286968],[-83.5859119,37.72857],[-83.5860102,37.7284911],[-83.58618,37.7284192],[-83.5863801,37.7283538],[-83.5866264,37.7283357],[-83.5868403,37.7283609],[-83.5870133,37.7283893],[-83.5870552,37.7283962],[-83.5871959,37.7284488],[-83.5873923,37.7285277],[-83.5876208,37.7286006],[-83.5877899,37.7286663],[-83.5879356,37.7286815],[-83.5880532,37.728696]]}},{"type":"Feature","properties":{"osm_id":1467075660,"highway":"residential","name":null,"alt_name":null,"official_name":null,"surface":null,"tracktype":null,"service":null,"access":null,"motor_vehicle":null,"foot":null,"tiger_reviewed":null,"rrgh_part":0,"rrgh_tile_part":0},"geometry":{"type":"LineString","coordinates":[[-83.5854152,37.7277534],[-83.5855344,37.7277526],[-83.585598,37.7277363],[-83.5858251,37.7276529],[-83.5860199,37.7275611],[-83.5860763,37.7275192]]}},{"type":"Feature","properties":{"osm_id":16383511,"highway":"residential","name":"Lacy Lane","alt_name":null,"official_name":null,"surface":null,"tracktype":null,"service":null,"access":null,"motor_vehicle":null,"foot":null,"tiger_reviewed":"no","rrgh_part":0,"rrgh_tile_part":0},"geometry":{"type":"LineString","coordinates":[[-83.5859489,37.7273838],[-83.5858062,37.727522],[-83.5856227,37.7276335],[-83.5854152,37.7277534],[-83.5852354,37.7278177],[-83.5850496,37.7278515],[-83.5849528,37.7278891],[-83.5848067,37.7279509],[-83.584477,37.728039],[-83.584246,37.728088],[-83.584067,37.728109],[-83.583988,37.728105],[-83.583912,37.728083],[-83.583872,37.728065],[-83.583726,37.728034],[-83.583637,37.728027],[-83.583521,37.728027],[-83.583449,37.728038],[-83.583382,37.728061],[-83.583355,37.728076],[-83.583311,37.72811],[-83.583276,37.728155],[-83.583189,37.728332],[-83.58314,37.72838],[-83.583099,37.728407],[-83.582999,37.728457],[-83.582709,37.728559],[-83.582692,37.728571],[-83.582672,37.728598],[-83.582667,37.728628]]}},{"type":"Feature","properties":{"osm_id":1467075642,"highway":"residential","name":null,"alt_name":null,"official_name":null,"surface":null,"tracktype":null,"service":null,"access":null,"motor_vehicle":null,"foot":null,"tiger_reviewed":null,"rrgh_part":0,"rrgh_tile_part":0},"geometry":{"type":"LineString","coordinates":[[-83.5836778,37.7286659],[-83.5839814,37.7286272],[-83.5840737,37.7285875],[-83.5841897,37.7285556],[-83.584323,37.7285998],[-83.5844927,37.7286933],[-83.5847291,37.7287804],[-83.584804,37.7287778],[-83.5849868,37.7286797],[-83.5851254,37.7285899],[-83.5853528,37.7284758],[-83.5855411,37.7284517],[-83.5856764,37.7284867],[-83.5857888,37.7285462],[-83.5859119,37.72857]]}},{"type":"Feature","properties":{"osm_id":16381456,"highway":"service","name":null,"alt_name":null,"official_name":null,"surface":null,"tracktype":null,"service":null,"access":"private","motor_vehicle":null,"foot":null,"tiger_reviewed":"no","rrgh_part":0,"rrgh_tile_part":0},"geometry":{"type":"LineString","coordinates":[[-83.58277,37.728632],[-83.582846,37.728622],[-83.582983,37.728581],[-83.58308,37.728571],[-83.583193,37.728569],[-83.583297,37.728579],[-83.583524,37.728612],[-83.583604,37.72863],[-83.583644,37.728643],[-83.5836778,37.7286659],[-83.583821,37.728763],[-83.583839,37.728779],[-83.583893,37.728809],[-83.583938,37.728866],[-83.583985,37.728964],[-83.584038,37.729057],[-83.584058,37.729123],[-83.584057,37.729251],[-83.584045,37.729375],[-83.584032,37.729614],[-83.584032,37.729646],[-83.58404,37.729681]]}},{"type":"Feature","properties":{"osm_id":16384194,"highway":"residential","name":"Myrtle Little Hollow","alt_name":null,"official_name":null,"surface":null,"tracktype":null,"service":null,"access":null,"motor_vehicle":null,"foot":null,"tiger_reviewed":"no","rrgh_part":0,"rrgh_tile_part":0},"geometry":{"type":"LineString","coordinates":[[-83.571701,37.727101],[-83.571701,37.727208],[-83.571672,37.727381],[-83.57167,37.727494],[-83.571697,37.727799],[-83.571725,37.727922],[-83.571757,37.727997],[-83.571846,37.728131],[-83.571965,37.728296],[-83.572054,37.728451],[-83.572092,37.728563],[-83.572122,37.728792],[-83.572134,37.72892],[-83.572156,37.729052],[-83.572159,37.729127],[-83.572032,37.729936],[-83.572033,37.730254],[-83.57203,37.730297],[-83.572034,37.730357],[-83.572024,37.730415],[-83.571981,37.73053],[-83.571856,37.730835],[-83.571834,37.730898],[-83.571742,37.731288],[-83.571697,37.731433],[-83.57168,37.731511],[-83.571674,37.731585],[-83.571738,37.73267],[-83.571723,37.73314],[-83.571737,37.73323],[-83.571773,37.733327],[-83.571813,37.733412]]}},{"type":"Feature","properties":{"osm_id":16384302,"highway":"residential","name":"Caudill Road","alt_name":null,"official_name":null,"surface":null,"tracktype":null,"service":null,"access":null,"motor_vehicle":null,"foot":null,"tiger_reviewed":"no","rrgh_part":0,"rrgh_tile_part":0},"geometry":{"type":"LineString","coordinates":[[-83.574947,37.727683],[-83.57495,37.727791],[-83.574956,37.727819],[-83.574984,37.727874],[-83.575006,37.727896],[-83.575086,37.727956],[-83.57516,37.728024],[-83.5753,37.728198],[-83.575447,37.728438],[-83.575573,37.728662],[-83.575591,37.728704],[-83.575635,37.728773],[-83.575698,37.728887],[-83.57577,37.729042],[-83.575854,37.729204],[-83.575882,37.729274],[-83.575888,37.729358],[-83.575865,37.729596],[-83.57582,37.729891],[-83.575792,37.729964],[-83.575735,37.730059],[-83.575692,37.73012],[-83.575675,37.730161],[-83.575673,37.730402],[-83.575699,37.730489],[-83.575703,37.730538],[-83.575602,37.731155],[-83.575576,37.731337],[-83.575487,37.731512],[-83.57539,37.731732],[-83.575236,37.731995],[-83.575099,37.732164],[-83.575033,37.732273],[-83.574973,37.732421],[-83.574966,37.732665],[-83.574938,37.732913],[-83.574915,37.7332],[-83.574886,37.73326],[-83.574863,37.733354],[-83.57485,37.733469],[-83.574886,37.733636],[-83.574933,37.733684],[-83.575056,37.733734]]}},{"type":"Feature","properties":{"osm_id":16384306,"highway":"residential","name":"Darrell Halsey Road","alt_name":null,"official_name":null,"surface":null,"tracktype":null,"service":null,"access":null,"motor_vehicle":null,"foot":null,"tiger_reviewed":"no","rrgh_part":0,"rrgh_tile_part":0},"geometry":{"type":"LineString","coordinates":[[-83.577642,37.728351],[-83.577655,37.728389],[-83.577703,37.728445],[-83.577775,37.728493],[-83.577822,37.72853],[-83.57792,37.728592],[-83.577967,37.728631],[-83.578009,37.728677],[-83.578041,37.728725],[-83.578053,37.728752],[-83.57807,37.728834],[-83.578076,37.728949],[-83.578083,37.72897],[-83.578095,37.729055],[-83.578143,37.729191],[-83.578195,37.729296],[-83.578259,37.729406],[-83.578333,37.729653],[-83.578336,37.729724],[-83.578312,37.729925],[-83.578279,37.730058],[-83.578255,37.73011],[-83.578198,37.730168],[-83.578141,37.730212],[-83.578113,37.730239],[-83.578103,37.730256]]}},{"type":"Feature","properties":{"osm_id":16385163,"highway":"residential","name":"Page Hollow","alt_name":null,"official_name":null,"surface":null,"tracktype":null,"service":null,"access":null,"motor_vehicle":null,"foot":null,"tiger_reviewed":"no","rrgh_part":0,"rrgh_tile_part":0},"geometry":{"type":"LineString","coordinates":[[-83.570156,37.737631],[-83.570497,37.73736],[-83.57118,37.736777],[-83.571577,37.736596]]}},{"type":"Feature","properties":{"osm_id":16384266,"highway":"residential","name":"West Hayes Road","alt_name":null,"official_name":null,"surface":null,"tracktype":null,"service":null,"access":null,"motor_vehicle":null,"foot":null,"tiger_reviewed":"no","rrgh_part":0,"rrgh_tile_part":0},"geometry":{"type":"LineString","coordinates":[[-83.587656,37.747763],[-83.587671,37.747828],[-83.587704,37.747902],[-83.587843,37.748037],[-83.587967,37.748165],[-83.588066,37.748286],[-83.588164,37.748459],[-83.588226,37.74851],[-83.588296,37.748549],[-83.588383,37.748569],[-83.588445,37.748602],[-83.588503,37.748672],[-83.588558,37.748799],[-83.588594,37.748919],[-83.58864,37.749048],[-83.588689,37.749269],[-83.588776,37.749489],[-83.588797,37.749615],[-83.588794,37.74971],[-83.588798,37.749848]]}},{"type":"Feature","properties":{"osm_id":16385254,"highway":"residential","name":"Johnson Lane","alt_name":null,"official_name":null,"surface":null,"tracktype":null,"service":null,"access":null,"motor_vehicle":null,"foot":null,"tiger_reviewed":"no","rrgh_part":0,"rrgh_tile_part":0},"geometry":{"type":"LineString","coordinates":[[-83.58540865957447,37.75],[-83.585158,37.749923],[-83.585009,37.749864],[-83.584872,37.749828]]}},{"type":"Feature","properties":{"osm_id":16381233,"highway":"service","name":null,"alt_name":null,"official_name":null,"surface":null,"tracktype":null,"service":null,"access":"private","motor_vehicle":null,"foot":null,"tiger_reviewed":"no","rrgh_part":0,"rrgh_tile_part":0},"geometry":{"type":"LineString","coordinates":[[-83.572968,37.741895],[-83.57292,37.741942],[-83.572896,37.74196],[-83.572832,37.741989],[-83.572795,37.742],[-83.572713,37.74201],[-83.572625,37.742003],[-83.572408,37.741966],[-83.572325,37.741959],[-83.572244,37.741963],[-83.572207,37.74197],[-83.572152,37.741996],[-83.572132,37.742012],[-83.572107,37.742048],[-83.572102,37.742071],[-83.572106,37.74211],[-83.572154,37.74223],[-83.572269,37.742465],[-83.572306,37.742565],[-83.572336,37.742666]]}},{"type":"Feature","properties":{"osm_id":16381952,"highway":"residential","name":null,"alt_name":null,"official_name":null,"surface":null,"tracktype":null,"service":null,"access":null,"motor_vehicle":null,"foot":null,"tiger_reviewed":"no","rrgh_part":0,"rrgh_tile_part":0},"geometry":{"type":"LineString","coordinates":[[-83.574675,37.740852],[-83.574712,37.740746],[-83.574935,37.740027],[-83.574905,37.739664],[-83.574823,37.739317],[-83.574792,37.73901]]}},{"type":"Feature","properties":{"osm_id":16381518,"highway":"service","name":null,"alt_name":null,"official_name":null,"surface":null,"tracktype":null,"service":null,"access":"private","motor_vehicle":null,"foot":null,"tiger_reviewed":"no","rrgh_part":0,"rrgh_tile_part":0},"geometry":{"type":"LineString","coordinates":[[-83.578448,37.744935],[-83.578185,37.744978],[-83.57805,37.745008],[-83.577979,37.745028],[-83.57783,37.74509],[-83.577694,37.74517],[-83.577517,37.74529],[-83.577356,37.745372],[-83.577231,37.745413],[-83.577161,37.745428],[-83.577011,37.74544],[-83.57677,37.745435],[-83.576519,37.745421],[-83.576184,37.745396],[-83.57494,37.74532],[-83.574712,37.745328],[-83.574088,37.745309],[-83.573901,37.745285],[-83.573783,37.745256],[-83.573702,37.745223],[-83.573614,37.745163],[-83.573401,37.744991],[-83.57335,37.744962],[-83.57329,37.744947],[-83.573259,37.744946],[-83.573202,37.744957],[-83.57315,37.744983],[-83.573082,37.745033],[-83.573024,37.745095],[-83.572905,37.745284],[-83.572778,37.745468]]}},{"type":"Feature","properties":{"osm_id":16383700,"highway":"residential","name":"Page Branch Road","alt_name":null,"official_name":null,"surface":null,"tracktype":null,"service":null,"access":null,"motor_vehicle":null,"foot":null,"tiger_reviewed":"no","rrgh_part":0,"rrgh_tile_part":0},"geometry":{"type":"LineString","coordinates":[[-83.5799174,37.7478085],[-83.579896,37.747811],[-83.579625,37.748118],[-83.579589,37.748169],[-83.579295,37.748513],[-83.579108,37.748721],[-83.579068,37.748781],[-83.579035,37.748843],[-83.578999,37.748944],[-83.578967,37.749076],[-83.578933,37.749162],[-83.578878,37.749242],[-83.578843,37.749278],[-83.578802,37.749311],[-83.578567,37.749437],[-83.57847,37.749484],[-83.578048,37.749768],[-83.577947,37.749853],[-83.57783157046981,37.75]]}},{"type":"Feature","properties":{"osm_id":16384229,"highway":"residential","name":null,"alt_name":null,"official_name":null,"surface":null,"tracktype":null,"service":null,"access":null,"motor_vehicle":null,"foot":null,"tiger_reviewed":"no","rrgh_part":0,"rrgh_tile_part":0},"geometry":{"type":"LineString","coordinates":[[-83.578533,37.743714],[-83.578362,37.743693],[-83.578251,37.743675],[-83.578167,37.743653],[-83.578079,37.743621],[-83.577979,37.743569],[-83.577679,37.743368],[-83.577549,37.743292],[-83.577422,37.74323],[-83.577288,37.743177],[-83.576843,37.743034],[-83.575642,37.742668],[-83.575343,37.742588],[-83.575087,37.742539],[-83.574812,37.742508],[-83.574258,37.742469],[-83.574126,37.742448],[-83.573978,37.742412],[-83.573854,37.742368],[-83.57377,37.742331],[-83.573609,37.742244],[-83.573224,37.742012],[-83.573098,37.741948],[-83.572968,37.741895],[-83.572902,37.741872],[-83.572755,37.741831],[-83.572602,37.741802],[-83.572444,37.741787],[-83.572298,37.741782],[-83.572168,37.741784],[-83.571792,37.7418],[-83.571295,37.741831],[-83.569934,37.741896],[-83.569258,37.741942],[-83.568554,37.741982],[-83.566554,37.742081],[-83.564548,37.74219],[-83.564374,37.742205],[-83.564248,37.742221],[-83.564049,37.742262],[-83.563904,37.742308],[-83.563727,37.742389]]}},{"type":"Feature","properties":{"osm_id":16384915,"highway":"residential","name":"Spencer Road","alt_name":null,"official_name":null,"surface":null,"tracktype":null,"service":null,"access":null,"motor_vehicle":null,"foot":null,"tiger_reviewed":"no","rrgh_part":0,"rrgh_tile_part":0},"geometry":{"type":"LineString","coordinates":[[-83.570676,37.747204],[-83.571064,37.747105],[-83.571196,37.747059],[-83.57143,37.746992],[-83.57194,37.746878],[-83.5721682,37.7468063],[-83.5724325,37.746655],[-83.5725878,37.7465661],[-83.572817,37.746396],[-83.573005,37.746288],[-83.57308,37.74625],[-83.573185,37.746215],[-83.573214,37.746201],[-83.573279,37.746156],[-83.573457,37.746061],[-83.57353,37.74601],[-83.573654,37.745913]]}},{"type":"Feature","properties":{"osm_id":16385188,"highway":"residential","name":"Pelfreyspur Road","alt_name":null,"official_name":null,"surface":null,"tracktype":null,"service":null,"access":null,"motor_vehicle":null,"foot":null,"tiger_reviewed":"no","rrgh_part":0,"rrgh_tile_part":0},"geometry":{"type":"LineString","coordinates":[[-83.570153,37.746593],[-83.570568,37.746763],[-83.570706,37.746793],[-83.57075,37.746796],[-83.570838,37.746792],[-83.570928,37.746782],[-83.57105,37.746727],[-83.571135,37.746674],[-83.571185,37.746648],[-83.571323,37.74656],[-83.571381,37.746537],[-83.571482,37.746486],[-83.571575,37.746432],[-83.571624,37.746413],[-83.571712,37.746364],[-83.571763,37.746342],[-83.57185,37.746283],[-83.571893,37.746249],[-83.572011,37.746137],[-83.57207,37.746052],[-83.57209,37.746007],[-83.572101,37.74596],[-83.572102,37.745911],[-83.572093,37.745863],[-83.572021,37.745718],[-83.571891,37.745578],[-83.571754,37.745455],[-83.571648,37.745372],[-83.57159,37.745338],[-83.571554,37.745312]]}},{"type":"Feature","properties":{"osm_id":16382892,"highway":"unclassified","name":null,"alt_name":null,"official_name":null,"surface":null,"tracktype":null,"service":null,"access":null,"motor_vehicle":null,"foot":null,"tiger_reviewed":"no","rrgh_part":0,"rrgh_tile_part":0},"geometry":{"type":"LineString","coordinates":[[-83.5799174,37.7478085],[-83.579957,37.747771],[-83.580009,37.747763],[-83.580096,37.747769],[-83.580207,37.747792],[-83.580365,37.747841],[-83.580395,37.747847],[-83.580725,37.747951],[-83.580922,37.74802],[-83.581115,37.748102],[-83.581258,37.748175],[-83.581638,37.748417],[-83.581672,37.74845],[-83.581681,37.74847],[-83.581683,37.748491],[-83.581678,37.748509],[-83.581651,37.74856]]}},{"type":"Feature","properties":{"osm_id":16384982,"highway":"residential","name":"County Road 1376","alt_name":null,"official_name":null,"surface":null,"tracktype":null,"service":null,"access":null,"motor_vehicle":null,"foot":null,"tiger_reviewed":"no","rrgh_part":0,"rrgh_tile_part":0},"geometry":{"type":"LineString","coordinates":[[-83.579134,37.746695],[-83.579112,37.746705],[-83.579096,37.746719],[-83.579075,37.746768],[-83.579042,37.746894],[-83.578983,37.747013],[-83.578907,37.747107],[-83.578809,37.747208],[-83.578663,37.74733],[-83.578561,37.747403],[-83.578408,37.747497],[-83.578287,37.747559],[-83.578263,37.747587],[-83.578269,37.747714],[-83.578356,37.748082],[-83.578369,37.748173],[-83.578365,37.748248]]}},{"type":"Feature","properties":{"osm_id":16384914,"highway":"residential","name":"Spencer Road","alt_name":null,"official_name":null,"surface":null,"tracktype":null,"service":null,"access":null,"motor_vehicle":null,"foot":null,"tiger_reviewed":"no","rrgh_part":0,"rrgh_tile_part":0},"geometry":{"type":"LineString","coordinates":[[-83.573656,37.74587],[-83.573654,37.745913],[-83.573668,37.745898],[-83.573695,37.745879],[-83.573741,37.745855],[-83.573869,37.745764],[-83.573898,37.745725],[-83.5739,37.745693],[-83.573891,37.745675],[-83.573875,37.745658],[-83.57382,37.74563],[-83.573747,37.74561],[-83.573715,37.745609],[-83.573688,37.745615],[-83.573665,37.745626],[-83.573614,37.745678],[-83.573591,37.74573],[-83.573591,37.745767],[-83.573649,37.74585],[-83.573656,37.74587]]}},{"type":"Feature","properties":{"osm_id":1227704496,"highway":"track","name":null,"alt_name":null,"official_name":null,"surface":null,"tracktype":null,"service":null,"access":null,"motor_vehicle":null,"foot":null,"tiger_reviewed":null,"rrgh_part":0,"rrgh_tile_part":0},"geometry":{"type":"LineString","coordinates":[[-83.5724325,37.746655],[-83.5725988,37.7467178],[-83.5726729,37.7468078],[-83.5727388,37.746982],[-83.572838,37.7471245],[-83.5729641,37.7472197],[-83.5731861,37.7473235],[-83.573392,37.7474365],[-83.573569,37.7475412],[-83.5737005,37.7476467],[-83.5737331,37.7477618],[-83.5737536,37.7478929],[-83.5738477,37.7480061],[-83.57399,37.7481231],[-83.5741363,37.7482156],[-83.5743192,37.7483173],[-83.5744482,37.7484461],[-83.5744696,37.7485784],[-83.5744963,37.7486614],[-83.5746081,37.7488252],[-83.5747357,37.7489878],[-83.5748205,37.7491562]]}},{"type":"Feature","properties":{"osm_id":16381492,"highway":"residential","name":null,"alt_name":null,"official_name":null,"surface":null,"tracktype":null,"service":null,"access":null,"motor_vehicle":null,"foot":null,"tiger_reviewed":"no","rrgh_part":0,"rrgh_tile_part":0},"geometry":{"type":"LineString","coordinates":[[-83.56399022087379,37.675],[-83.563997,37.675019],[-83.564057,37.67543],[-83.564033,37.676345],[-83.56496,37.676871],[-83.565339,37.677489],[-83.56534,37.677626],[-83.565544,37.677855],[-83.565602,37.678082],[-83.565866,37.6787],[-83.566272,37.678815],[-83.566821,37.678815]]}},{"type":"Feature","properties":{"osm_id":16382678,"highway":"residential","name":"Mullins Point Road","alt_name":null,"official_name":null,"surface":null,"tracktype":null,"service":null,"access":null,"motor_vehicle":null,"foot":null,"tiger_reviewed":"no","rrgh_part":0,"rrgh_tile_part":0},"geometry":{"type":"LineString","coordinates":[[-83.567507,37.675934],[-83.567407,37.67597],[-83.567359,37.675994],[-83.567297,37.676049],[-83.567232,37.676126],[-83.567136,37.676277],[-83.567092,37.676386],[-83.56708,37.67644],[-83.567072,37.67655],[-83.567075,37.676652],[-83.567097,37.676807],[-83.567137,37.676965],[-83.567187,37.677132],[-83.567239,37.677363],[-83.567264,37.677529],[-83.567264,37.677582],[-83.567253,37.677686],[-83.567226,37.677783],[-83.567204,37.67783],[-83.567174,37.677875],[-83.566935,37.678133],[-83.566866,37.678225],[-83.566814,37.67832],[-83.566796,37.678369],[-83.566775,37.678513],[-83.566786,37.67867],[-83.566821,37.678815],[-83.566854,37.678954],[-83.566893,37.679052],[-83.567012,37.679312],[-83.567045,37.679414],[-83.567057,37.679522],[-83.567056,37.679689],[-83.567037,37.679837],[-83.567005,37.679971],[-83.566736,37.680609],[-83.566584,37.681025],[-83.56655,37.681148],[-83.566436,37.681495],[-83.566405,37.681556],[-83.56637,37.68161],[-83.56633,37.681657],[-83.566237,37.681733],[-83.566126,37.681801],[-83.566059,37.681834],[-83.565838,37.681922],[-83.565776,37.681939],[-83.565548,37.682024],[-83.56545,37.682069],[-83.565398,37.682102],[-83.565332,37.682143],[-83.565176,37.682265],[-83.564985,37.682428],[-83.564945,37.682476],[-83.564919,37.682516],[-83.564893,37.682557],[-83.564872,37.6826],[-83.564852,37.682682],[-83.56485,37.682719],[-83.564858,37.68279],[-83.564914,37.682949],[-83.565027,37.683177],[-83.565043,37.683226],[-83.565061,37.683321],[-83.565057,37.683371],[-83.564978,37.683621],[-83.564921,37.683767],[-83.564875,37.683861],[-83.564819,37.684075],[-83.564818,37.68412],[-83.5648,37.684206],[-83.564747,37.684338],[-83.564672,37.684482],[-83.564471,37.68481],[-83.564383,37.684897],[-83.564287,37.684981],[-83.564027,37.685184],[-83.563934,37.685267],[-83.563855,37.685357],[-83.563792,37.685451],[-83.563744,37.685546],[-83.563697,37.685686],[-83.56368,37.68584],[-83.563642,37.685937],[-83.563573,37.686055],[-83.563514,37.68612],[-83.563368,37.686263],[-83.563114,37.686447],[-83.563012,37.686528],[-83.562927,37.68661],[-83.562861,37.686703],[-83.562837,37.686751],[-83.562799,37.686862],[-83.562789,37.686923],[-83.562794,37.686988],[-83.562817,37.687055],[-83.562851,37.687116],[-83.563001,37.687352],[-83.563024,37.687411],[-83.563034,37.687469],[-83.563031,37.687527],[-83.563017,37.687582],[-83.562996,37.687635],[-83.562968,37.687688],[-83.562809,37.687949],[-83.562629,37.688245],[-83.562559,37.688353],[-83.562492,37.688449],[-83.562356,37.688608],[-83.56232,37.688661],[-83.562293,37.688717],[-83.562275,37.688783],[-83.562254,37.6889],[-83.56223,37.68941],[-83.562245,37.689488],[-83.562269,37.689572],[-83.56235,37.689737],[-83.562537,37.690154],[-83.562627,37.690326],[-83.562686,37.690486],[-83.562718,37.690622],[-83.562772,37.690937],[-83.562792,37.691237],[-83.562794,37.691312],[-83.56279,37.691398],[-83.562777,37.691484],[-83.562755,37.691571],[-83.562725,37.691655],[-83.562685,37.691734],[-83.562636,37.691806],[-83.562578,37.691871],[-83.562517,37.691924],[-83.562439,37.691978],[-83.562267,37.69208],[-83.562184,37.692121],[-83.562102,37.692152],[-83.561906,37.692217],[-83.561813,37.692235],[-83.561706,37.692262],[-83.561304,37.692327],[-83.560809,37.692391],[-83.560618,37.692433],[-83.560528,37.692468],[-83.560447,37.692513],[-83.56038,37.692568],[-83.560326,37.692631],[-83.560285,37.692702],[-83.560259,37.692777],[-83.560243,37.692856],[-83.560219,37.693198],[-83.560218,37.69328],[-83.5602,37.693449],[-83.560181,37.693527],[-83.560152,37.693604],[-83.560117,37.693673],[-83.560068,37.69374],[-83.559947,37.693862],[-83.559827,37.693973],[-83.559759,37.694027],[-83.559624,37.69416],[-83.559515,37.694267],[-83.559411,37.694404],[-83.559381,37.694484],[-83.559361,37.694571],[-83.55935,37.694662],[-83.559345,37.694851],[-83.559379,37.69513],[-83.559425,37.695401],[-83.559469,37.695573],[-83.559498,37.69566],[-83.559593,37.695825],[-83.559651,37.695906],[-83.559737,37.695969],[-83.559836,37.69602],[-83.559925,37.696044],[-83.560044,37.696065],[-83.560415,37.696142],[-83.560519,37.696175],[-83.560606,37.696216],[-83.560678,37.696269],[-83.560739,37.696327],[-83.560788,37.696387],[-83.560825,37.69645],[-83.560851,37.696514],[-83.560868,37.696585],[-83.560879,37.696657],[-83.560882,37.696804],[-83.560875,37.697107],[-83.560879,37.69726],[-83.560861,37.697925],[-83.560834,37.698128],[-83.560725,37.698603],[-83.560714,37.698693],[-83.560713,37.698772],[-83.56073,37.698873],[-83.560773,37.698946],[-83.560829,37.699018],[-83.560896,37.699083],[-83.561101,37.699264],[-83.561208,37.69939],[-83.561247,37.699459],[-83.561278,37.69953],[-83.561288,37.699608],[-83.561285,37.699696],[-83.561262,37.699786],[-83.561177,37.699967],[-83.561049,37.700155],[-83.560902,37.70034],[-83.560842,37.70043],[-83.560737,37.700612],[-83.56036,37.701334],[-83.560335,37.701427],[-83.560319,37.70152],[-83.560313,37.701616],[-83.560314,37.701708],[-83.560334,37.701803],[-83.560362,37.701894],[-83.560397,37.701984],[-83.560438,37.702073],[-83.5605859,37.702368],[-83.560743,37.702656],[-83.560814,37.702839],[-83.560839,37.702932],[-83.560856,37.703025],[-83.560863,37.703116],[-83.560861,37.703205],[-83.560846,37.70337],[-83.56082,37.703533],[-83.560816,37.703652],[-83.560822,37.703763],[-83.560851,37.703974],[-83.560885,37.704154],[-83.560981,37.704497],[-83.561047,37.704661],[-83.561088,37.704743],[-83.561201,37.704897],[-83.561274,37.704969],[-83.56136,37.70503],[-83.561455,37.705081],[-83.56156,37.705123],[-83.561906,37.705226],[-83.562115,37.705274],[-83.56242,37.705352],[-83.562602,37.705414],[-83.562685,37.705453],[-83.562759,37.7055],[-83.562824,37.705554],[-83.56288,37.705616],[-83.562925,37.705683],[-83.562964,37.705755],[-83.562992,37.705836],[-83.563002,37.705922],[-83.563006,37.706015],[-83.562993,37.706108],[-83.562952,37.706295],[-83.562852,37.706624],[-83.562847,37.706689],[-83.562854,37.706841],[-83.56292,37.707084],[-83.562965,37.707206],[-83.56301,37.707412],[-83.563015,37.707743],[-83.563076,37.70808],[-83.563123,37.708163],[-83.563377,37.708404],[-83.563537,37.708518],[-83.56361,37.708581],[-83.563666,37.708652],[-83.563688,37.708718],[-83.563687,37.708809],[-83.563658,37.708894],[-83.563597,37.708997],[-83.56354,37.709065],[-83.563463,37.70917],[-83.563206,37.709457],[-83.563074,37.709605],[-83.562966,37.709708],[-83.562904,37.709753],[-83.56283,37.709799],[-83.562745,37.709836],[-83.562522,37.709901],[-83.562418,37.709909],[-83.562173,37.709916],[-83.562032,37.709925],[-83.561899,37.709943],[-83.561767,37.709954],[-83.561652,37.709977],[-83.561534,37.710017],[-83.561296,37.710116],[-83.561079,37.71022],[-83.56059,37.7105],[-83.560178,37.710685],[-83.559786,37.710894],[-83.559683,37.710936],[-83.559581,37.710987],[-83.559289,37.711119],[-83.559169,37.711167],[-83.558971,37.711237],[-83.558628,37.711378],[-83.558376,37.711469],[-83.558291,37.711494],[-83.558122,37.711534],[-83.557961,37.71158],[-83.557766,37.711649],[-83.557497,37.711764],[-83.557447,37.711781],[-83.557259,37.711875],[-83.557107,37.711975]]}},{"type":"Feature","properties":{"osm_id":16383809,"highway":"residential","name":"County Road 1253","alt_name":null,"official_name":null,"surface":null,"tracktype":null,"service":null,"access":null,"motor_vehicle":null,"foot":null,"tiger_reviewed":"no","rrgh_part":0,"rrgh_tile_part":0},"geometry":{"type":"LineString","coordinates":[[-83.547174197479,37.675],[-83.547148,37.675145],[-83.547085,37.675382],[-83.546974,37.675673],[-83.546879,37.675961]]}},{"type":"Feature","properties":{"osm_id":16381502,"highway":"residential","name":null,"alt_name":null,"official_name":null,"surface":null,"tracktype":null,"service":null,"access":null,"motor_vehicle":null,"foot":null,"tiger_reviewed":"no","rrgh_part":0,"rrgh_tile_part":0},"geometry":{"type":"LineString","coordinates":[[-83.557523,37.676496],[-83.557655,37.676278],[-83.557614,37.675988],[-83.557999,37.675624],[-83.558375,37.675253],[-83.55871366141733,37.675]]}},{"type":"Feature","properties":{"osm_id":16381502,"highway":"residential","name":null,"alt_name":null,"official_name":null,"surface":null,"tracktype":null,"service":null,"access":null,"motor_vehicle":null,"foot":null,"tiger_reviewed":"no","rrgh_part":0,"rrgh_tile_part":1},"geometry":{"type":"LineString","coordinates":[[-83.56084714401294,37.675],[-83.56094,37.675499],[-83.561055,37.675819],[-83.561055,37.676254],[-83.560681,37.677055],[-83.560681,37.677673],[-83.560854,37.678199],[-83.56094,37.678222],[-83.56094,37.679755],[-83.561285,37.680235],[-83.561401,37.680693],[-83.561372,37.681356],[-83.561834,37.682069],[-83.562787,37.682967],[-83.56342,37.682831],[-83.564137,37.682467],[-83.564543,37.682445],[-83.564919,37.682516]]}},{"type":"Feature","properties":{"osm_id":16381667,"highway":"service","name":null,"alt_name":null,"official_name":null,"surface":null,"tracktype":null,"service":null,"access":"private","motor_vehicle":null,"foot":null,"tiger_reviewed":"no","rrgh_part":0,"rrgh_tile_part":0},"geometry":{"type":"LineString","coordinates":[[-83.555384,37.678085],[-83.556449,37.679206],[-83.556478,37.679343],[-83.556939,37.679732],[-83.557601,37.680121],[-83.558464,37.68051],[-83.559155,37.681173],[-83.559731,37.681494],[-83.561372,37.681356]]}},{"type":"Feature","properties":{"osm_id":16384537,"highway":"residential","name":"Mullins Point School Road","alt_name":null,"official_name":null,"surface":null,"tracktype":null,"service":null,"access":null,"motor_vehicle":null,"foot":null,"tiger_reviewed":"no","rrgh_part":0,"rrgh_tile_part":0},"geometry":{"type":"LineString","coordinates":[[-83.565398,37.682102],[-83.565189,37.681914],[-83.564839,37.681638],[-83.564675,37.68136],[-83.564428,37.680989],[-83.56416,37.680764],[-83.564084,37.680529],[-83.564139,37.680077],[-83.564075,37.679891],[-83.563936,37.679828],[-83.563717,37.679844],[-83.563548,37.679962],[-83.563461,37.680207],[-83.563496,37.680404]]}},{"type":"Feature","properties":{"osm_id":16381473,"highway":"residential","name":null,"alt_name":null,"official_name":null,"surface":null,"tracktype":null,"service":null,"access":null,"motor_vehicle":null,"foot":null,"tiger_reviewed":"no","rrgh_part":0,"rrgh_tile_part":0},"geometry":{"type":"LineString","coordinates":[[-83.566436,37.681495],[-83.566976,37.681686],[-83.567647,37.681813],[-83.569935,37.681715]]}},{"type":"Feature","properties":{"osm_id":16381480,"highway":"residential","name":null,"alt_name":null,"official_name":null,"surface":null,"tracktype":null,"service":null,"access":null,"motor_vehicle":null,"foot":null,"tiger_reviewed":"no","rrgh_part":0,"rrgh_tile_part":0},"geometry":{"type":"LineString","coordinates":[[-83.570321,37.682764],[-83.57021,37.682643],[-83.570047,37.682619],[-83.569743,37.6827],[-83.569448,37.682676],[-83.569153,37.682571],[-83.569123,37.682482],[-83.569478,37.682321],[-83.569752,37.682216],[-83.569894,37.681925],[-83.569935,37.681715],[-83.569955,37.681522],[-83.569792,37.681441],[-83.569538,37.68128],[-83.569487,37.681191],[-83.569447,37.680958]]}},{"type":"Feature","properties":{"osm_id":16381664,"highway":"residential","name":null,"alt_name":null,"official_name":null,"surface":null,"tracktype":null,"service":null,"access":null,"motor_vehicle":null,"foot":null,"tiger_reviewed":"no","rrgh_part":0,"rrgh_tile_part":0},"geometry":{"type":"LineString","coordinates":[[-83.55167,37.678611],[-83.551176,37.679205],[-83.551117,37.679914],[-83.550857,37.680051],[-83.549874,37.680051],[-83.549642,37.680187],[-83.549149,37.680851],[-83.548973,37.681513],[-83.548771,37.681673],[-83.548423,37.681788],[-83.548048,37.681742],[-83.547673,37.68149],[-83.547527,37.68117],[-83.547553,37.680574],[-83.547293,37.680414]]}},{"type":"Feature","properties":{"osm_id":16384911,"highway":"residential","name":"Umbers Fork Road","alt_name":null,"official_name":null,"surface":null,"tracktype":null,"service":null,"access":null,"motor_vehicle":null,"foot":null,"tiger_reviewed":"no","rrgh_part":0,"rrgh_tile_part":0},"geometry":{"type":"LineString","coordinates":[[-83.546879,37.675961],[-83.546827,37.676138],[-83.546819,37.676181],[-83.546762,37.676305],[-83.546739,37.676398],[-83.546731,37.676468],[-83.546742,37.67655],[-83.546857,37.676837],[-83.546899,37.676998],[-83.546928,37.677164],[-83.546935,37.677311],[-83.546935,37.677597],[-83.546903,37.677802],[-83.546877,37.677928],[-83.54684,37.678146],[-83.546789,37.678386],[-83.546785,37.67846],[-83.546801,37.678529],[-83.546855,37.678659],[-83.546901,37.678757],[-83.546915,37.678844],[-83.546916,37.679089],[-83.546936,37.67921],[-83.547031,37.679616],[-83.547042,37.679682],[-83.547095,37.679909],[-83.547153,37.680046],[-83.547261,37.680266],[-83.547285,37.680358],[-83.547293,37.680414],[-83.547301,37.680471],[-83.547296,37.680569],[-83.547256,37.680816],[-83.547246,37.681092],[-83.54726,37.681158],[-83.547281,37.681191],[-83.547312,37.681214]]}},{"type":"Feature","properties":{"osm_id":16383815,"highway":"residential","name":"King Road","alt_name":null,"official_name":null,"surface":null,"tracktype":null,"service":null,"access":null,"motor_vehicle":null,"foot":null,"tiger_reviewed":"no","rrgh_part":0,"rrgh_tile_part":0},"geometry":{"type":"LineString","coordinates":[[-83.52139189130436,37.675],[-83.521382,37.675007],[-83.520951,37.67537],[-83.520692,37.675565],[-83.520624,37.675608],[-83.520549,37.675649],[-83.520475,37.675698],[-83.520247,37.675825],[-83.519935,37.676008],[-83.519867,37.676054],[-83.519467,37.676278],[-83.519165,37.676482],[-83.519055,37.676574],[-83.518892,37.676747],[-83.518858,37.676799],[-83.518754,37.676955],[-83.518583,37.677259],[-83.518356,37.677858],[-83.518165,37.678257],[-83.518074,37.678486],[-83.518056,37.678577],[-83.518045,37.67861],[-83.517975,37.678737],[-83.51745,37.679473],[-83.517305,37.679659],[-83.517012,37.680016],[-83.51682,37.680273],[-83.516769,37.680334],[-83.516665,37.680442],[-83.516614,37.680487],[-83.51648,37.680577]]}},{"type":"Feature","properties":{"osm_id":16382587,"highway":"service","name":null,"alt_name":null,"official_name":null,"surface":null,"tracktype":null,"service":null,"access":"private","motor_vehicle":null,"foot":null,"tiger_reviewed":"no","rrgh_part":0,"rrgh_tile_part":0},"geometry":{"type":"LineString","coordinates":[[-83.527482,37.675467],[-83.526244,37.676613]]}},{"type":"Feature","properties":{"osm_id":16384584,"highway":"residential","name":"Taulbee-Burton Cemetery Road","alt_name":null,"official_name":null,"surface":null,"tracktype":null,"service":null,"access":null,"motor_vehicle":null,"foot":null,"tiger_reviewed":"no","rrgh_part":0,"rrgh_tile_part":0},"geometry":{"type":"LineString","coordinates":[[-83.527686,37.676036],[-83.527596,37.675959],[-83.527568,37.675887],[-83.527537,37.675715],[-83.527482,37.675467],[-83.527416,37.675175],[-83.527385,37.67509],[-83.5273636597938,37.675]]}},{"type":"Feature","properties":{"osm_id":16381401,"highway":"service","name":null,"alt_name":null,"official_name":null,"surface":null,"tracktype":null,"service":null,"access":"private","motor_vehicle":null,"foot":null,"tiger_reviewed":"no","rrgh_part":0,"rrgh_tile_part":0},"geometry":{"type":"LineString","coordinates":[[-83.5218444295302,37.675],[-83.521895,37.675137],[-83.521919,37.675248],[-83.521931,37.675385],[-83.522034,37.675848],[-83.52203,37.675899],[-83.521994,37.675919],[-83.521964,37.675914],[-83.52192,37.675879]]}},{"type":"Feature","properties":{"osm_id":16382471,"highway":"service","name":null,"alt_name":null,"official_name":null,"surface":null,"tracktype":null,"service":null,"access":"private","motor_vehicle":null,"foot":null,"tiger_reviewed":"no","rrgh_part":0,"rrgh_tile_part":0},"geometry":{"type":"LineString","coordinates":[[-83.561127,37.688085],[-83.561132,37.688116],[-83.561128,37.68815],[-83.561134,37.688224],[-83.561175,37.68839],[-83.561227,37.688465],[-83.561249,37.688488],[-83.56131,37.688539],[-83.561364,37.688562],[-83.561463,37.688571],[-83.561556,37.688572],[-83.561609,37.68856],[-83.561746,37.688502],[-83.561955,37.688457],[-83.562044,37.688428],[-83.562445,37.688341],[-83.562503,37.688341],[-83.562559,37.688353]]}},{"type":"Feature","properties":{"osm_id":16381610,"highway":"service","name":null,"alt_name":null,"official_name":null,"surface":null,"tracktype":null,"service":null,"access":"private","motor_vehicle":null,"foot":null,"tiger_reviewed":"no","rrgh_part":0,"rrgh_tile_part":0},"geometry":{"type":"LineString","coordinates":[[-83.559624,37.69416],[-83.559355,37.693923],[-83.559124,37.693805],[-83.558833,37.693775],[-83.558601,37.693689],[-83.558321,37.693434],[-83.557811,37.692868],[-83.557511,37.692631],[-83.557098,37.692514],[-83.556829,37.692203],[-83.556735,37.691565],[-83.556578,37.691197],[-83.556367,37.690927],[-83.556157,37.690712],[-83.555956,37.69069],[-83.555868,37.690878]]}},{"type":"Feature","properties":{"osm_id":16381614,"highway":"residential","name":null,"alt_name":null,"official_name":null,"surface":null,"tracktype":null,"service":null,"access":null,"motor_vehicle":null,"foot":null,"tiger_reviewed":"no","rrgh_part":0,"rrgh_tile_part":0},"geometry":{"type":"LineString","coordinates":[[-83.562809,37.687949],[-83.563919,37.687786],[-83.564281,37.68771],[-83.564546,37.68764],[-83.565096,37.687227]]}},{"type":"Feature","properties":{"osm_id":16380972,"highway":"residential","name":"Bear Pen Creek Road","alt_name":null,"official_name":null,"surface":null,"tracktype":null,"service":null,"access":null,"motor_vehicle":null,"foot":null,"tiger_reviewed":"no","rrgh_part":0,"rrgh_tile_part":0},"geometry":{"type":"LineString","coordinates":[[-83.549162,37.690652],[-83.549202,37.690692],[-83.549338,37.690856],[-83.549573,37.691352],[-83.549629,37.691504],[-83.549658,37.691664],[-83.549664,37.691826],[-83.54967,37.691878],[-83.549669,37.691918],[-83.549727,37.692089],[-83.549807,37.69226],[-83.549875,37.692376],[-83.550213,37.692846],[-83.550327,37.693032],[-83.550426,37.693262],[-83.55054,37.693495],[-83.550606,37.693722],[-83.550677,37.694078],[-83.550692,37.694354],[-83.550709,37.694544],[-83.550752,37.694823],[-83.550779,37.695071],[-83.550775,37.695313],[-83.550781,37.695398],[-83.550846,37.695737],[-83.55086,37.695908],[-83.550858,37.695993],[-83.550835,37.696254],[-83.550802,37.696432],[-83.550748,37.696789],[-83.550733,37.696976],[-83.550728,37.697158],[-83.550742,37.697514],[-83.550743,37.697792],[-83.550758,37.697975],[-83.550811,37.698334],[-83.550811,37.698417],[-83.5508,37.698497],[-83.550776,37.698571],[-83.550743,37.698642],[-83.550661,37.698777],[-83.550628,37.69885],[-83.550607,37.698921],[-83.55061,37.699002],[-83.550637,37.699084],[-83.550787,37.699324],[-83.550827,37.699406],[-83.550968,37.699752],[-83.551014,37.69984],[-83.551051,37.699928],[-83.551337,37.700547],[-83.551405,37.700732],[-83.551432,37.700828],[-83.551453,37.700925],[-83.551526,37.701335],[-83.551564,37.701432],[-83.551654,37.701628],[-83.551752,37.701816],[-83.551876,37.702097],[-83.55194,37.702277],[-83.551963,37.702369],[-83.551975,37.702457],[-83.551997,37.70255],[-83.552137,37.702921],[-83.552216,37.703222],[-83.552327,37.703513],[-83.552419,37.703694],[-83.552582,37.704102],[-83.552656,37.704287],[-83.552679,37.704408],[-83.552706,37.704627],[-83.552722,37.704711],[-83.552754,37.704828],[-83.552804,37.704954],[-83.552861,37.705117],[-83.552936,37.705373],[-83.552967,37.705458],[-83.553039,37.705628],[-83.553084,37.705711],[-83.553191,37.705872],[-83.553443,37.706174],[-83.553513,37.706247],[-83.553775,37.706549],[-83.553946,37.706765],[-83.554036,37.706905],[-83.55415,37.70718]]}},{"type":"Feature","properties":{"osm_id":16382781,"highway":"residential","name":"Picketts Point","alt_name":null,"official_name":null,"surface":null,"tracktype":null,"service":null,"access":null,"motor_vehicle":null,"foot":null,"tiger_reviewed":"no","rrgh_part":0,"rrgh_tile_part":0},"geometry":{"type":"LineString","coordinates":[[-83.551114,37.691399],[-83.551292,37.691423],[-83.551406,37.691453],[-83.551576,37.691516],[-83.551744,37.691587],[-83.551873,37.691655],[-83.551952,37.691709],[-83.552035,37.691782],[-83.552047,37.691807]]}},{"type":"Feature","properties":{"osm_id":16384135,"highway":"residential","name":"G Steven Road","alt_name":null,"official_name":null,"surface":null,"tracktype":null,"service":null,"access":null,"motor_vehicle":null,"foot":null,"tiger_reviewed":"no","rrgh_part":0,"rrgh_tile_part":0},"geometry":{"type":"LineString","coordinates":[[-83.552018,37.687396],[-83.552081,37.687446],[-83.552139,37.687509],[-83.552167,37.687556],[-83.552183,37.687606],[-83.552201,37.687635],[-83.552229,37.687702],[-83.552295,37.687788],[-83.552326,37.687813],[-83.552396,37.687855],[-83.552482,37.687886],[-83.552625,37.687919],[-83.552773,37.687972],[-83.552809,37.687992],[-83.55284,37.688016],[-83.552865,37.688044],[-83.552884,37.688075],[-83.552967,37.688283],[-83.553051,37.688441],[-83.553247,37.688721],[-83.553279,37.68883],[-83.553286,37.688873],[-83.553282,37.688916],[-83.55327,37.688954],[-83.553228,37.68902],[-83.553203,37.689047],[-83.553146,37.68909],[-83.553026,37.689142],[-83.55288,37.689186],[-83.55276,37.68924],[-83.552654,37.689312],[-83.552614,37.689352],[-83.55258,37.689395],[-83.55255,37.689443],[-83.552522,37.689501],[-83.552481,37.68963],[-83.552475,37.689694],[-83.552472,37.689813],[-83.552451,37.689937],[-83.55243,37.689996],[-83.5524,37.690048],[-83.552358,37.690092],[-83.552306,37.690128],[-83.552241,37.690159],[-83.552111,37.690192],[-83.55186,37.69013],[-83.5518,37.690104],[-83.551745,37.690073],[-83.551597,37.689972],[-83.55151,37.689901],[-83.55143,37.689829],[-83.551338,37.689779],[-83.55123,37.689759],[-83.551173,37.689771],[-83.551112,37.689797],[-83.551071,37.689841],[-83.551035,37.689889],[-83.551012,37.689944],[-83.55096,37.69014],[-83.550935,37.69029],[-83.550931,37.690367],[-83.55098,37.690589],[-83.55109,37.690814],[-83.551271,37.691104],[-83.551293,37.691171],[-83.551293,37.691237],[-83.551273,37.691297],[-83.551226,37.69134],[-83.551178,37.69137],[-83.551114,37.691399],[-83.550922,37.691471],[-83.550886,37.691495],[-83.550854,37.691524],[-83.55083,37.691562],[-83.550814,37.691606],[-83.550803,37.691653],[-83.550781,37.691811],[-83.550776,37.691921],[-83.550781,37.692024],[-83.550779,37.692071],[-83.550784,37.692131],[-83.550771,37.69221],[-83.550749,37.692257],[-83.550715,37.692301],[-83.550679,37.692335],[-83.550654,37.692369],[-83.55061,37.692448],[-83.550521,37.692679],[-83.550471,37.692788],[-83.55041,37.692939],[-83.55039,37.692979],[-83.550373,37.693002],[-83.550327,37.693032]]}},{"type":"Feature","properties":{"osm_id":16384235,"highway":"residential","name":"George Stevens Road","alt_name":null,"official_name":null,"surface":null,"tracktype":null,"service":null,"access":null,"motor_vehicle":null,"foot":null,"tiger_reviewed":"no","rrgh_part":0,"rrgh_tile_part":0},"geometry":{"type":"LineString","coordinates":[[-83.552018,37.687396],[-83.552001,37.687382],[-83.551863,37.687283],[-83.55173,37.687202],[-83.551434,37.68698],[-83.551406,37.686952]]}},{"type":"Feature","properties":{"osm_id":16384282,"highway":"residential","name":"Cemetery Road","alt_name":null,"official_name":null,"surface":null,"tracktype":null,"service":null,"access":null,"motor_vehicle":null,"foot":null,"tiger_reviewed":"no","rrgh_part":0,"rrgh_tile_part":0},"geometry":{"type":"LineString","coordinates":[[-83.5605859,37.702368],[-83.5607207,37.702316],[-83.5612029,37.7022059],[-83.561875,37.701931],[-83.562409,37.701772],[-83.562909,37.701387],[-83.563402,37.701122],[-83.563719,37.700648],[-83.563903,37.70039],[-83.56405,37.700278]]}},{"type":"Feature","properties":{"osm_id":16382417,"highway":"service","name":null,"alt_name":null,"official_name":null,"surface":null,"tracktype":null,"service":null,"access":"private","motor_vehicle":null,"foot":null,"tiger_reviewed":"no","rrgh_part":0,"rrgh_tile_part":0},"geometry":{"type":"LineString","coordinates":[[-83.563206,37.709457],[-83.563545,37.709518],[-83.564614,37.709163],[-83.565519,37.708511],[-83.566128,37.707932]]}},{"type":"Feature","properties":{"osm_id":16384456,"highway":"residential","name":"Bowman Allen Road","alt_name":null,"official_name":null,"surface":null,"tracktype":null,"service":null,"access":null,"motor_vehicle":null,"foot":null,"tiger_reviewed":"no","rrgh_part":0,"rrgh_tile_part":0},"geometry":{"type":"LineString","coordinates":[[-83.552679,37.704408],[-83.552758,37.704403],[-83.552806,37.704397],[-83.5529,37.704393],[-83.552923,37.704387],[-83.552943,37.704376],[-83.55296,37.704358],[-83.552969,37.704343],[-83.552972,37.704299],[-83.553134,37.703241],[-83.553122,37.703136],[-83.553126,37.703016],[-83.553145,37.702825],[-83.55314,37.702649],[-83.553106,37.702484],[-83.553086,37.702331],[-83.553071,37.702257],[-83.553059,37.702136],[-83.553062,37.702094],[-83.553082,37.702008],[-83.553174,37.701763],[-83.553189,37.701736],[-83.553247,37.701672],[-83.553296,37.701637],[-83.553352,37.701613],[-83.553414,37.701601],[-83.553591,37.701591],[-83.553697,37.701576],[-83.553763,37.701556]]}},{"type":"Feature","properties":{"osm_id":16384459,"highway":"residential","name":"Bowman Allen Road","alt_name":null,"official_name":null,"surface":null,"tracktype":null,"service":null,"access":null,"motor_vehicle":null,"foot":null,"tiger_reviewed":"no","rrgh_part":0,"rrgh_tile_part":0},"geometry":{"type":"LineString","coordinates":[[-83.552754,37.704828],[-83.552812,37.704815],[-83.55285,37.704807],[-83.552895,37.70479],[-83.552914,37.704775],[-83.552929,37.704752],[-83.552938,37.704723],[-83.552953,37.704489],[-83.552966,37.70438],[-83.55296,37.704358]]}},{"type":"Feature","properties":{"osm_id":1448203098,"highway":"residential","name":null,"alt_name":null,"official_name":null,"surface":null,"tracktype":null,"service":null,"access":null,"motor_vehicle":null,"foot":null,"tiger_reviewed":null,"rrgh_part":0,"rrgh_tile_part":0},"geometry":{"type":"LineString","coordinates":[[-83.553134,37.703241],[-83.5531902,37.7029987],[-83.55322,37.7029009],[-83.5532411,37.7028017],[-83.5532564,37.7026989],[-83.5532534,37.7026037],[-83.5532551,37.7025189],[-83.5532797,37.7024441],[-83.5532987,37.7023854],[-83.553351,37.7023351],[-83.5534083,37.7023164],[-83.5534701,37.7023107],[-83.5535684,37.7022986],[-83.5536483,37.7023029],[-83.5537636,37.7023048],[-83.5538467,37.7023289],[-83.5539476,37.702357],[-83.5540366,37.7023702],[-83.5542011,37.7023798],[-83.554313,37.7024047],[-83.5544173,37.7024393],[-83.5545868,37.7025105],[-83.5547523,37.702592],[-83.5548456,37.7026413]]}},{"type":"Feature","properties":{"osm_id":16384536,"highway":"residential","name":"Red Bud Mountain Road","alt_name":null,"official_name":null,"surface":null,"tracktype":null,"service":null,"access":null,"motor_vehicle":null,"foot":null,"tiger_reviewed":"no","rrgh_part":0,"rrgh_tile_part":0},"geometry":{"type":"LineString","coordinates":[[-83.541385,37.701305],[-83.541452,37.701317],[-83.541533,37.701355],[-83.541602,37.701425],[-83.541709,37.701576],[-83.5418,37.701659],[-83.54189,37.701724],[-83.542114,37.701907],[-83.542232,37.701995],[-83.542339,37.702088],[-83.542396,37.702159],[-83.542452,37.702272],[-83.542632,37.702562],[-83.543137,37.703197],[-83.543224,37.703262],[-83.543349,37.703344],[-83.543427,37.703386],[-83.543598,37.703461],[-83.543699,37.703512],[-83.543714,37.703526],[-83.543783,37.703569],[-83.544099,37.70375],[-83.544243,37.703855],[-83.544318,37.703928],[-83.544328,37.703945],[-83.544508,37.704176],[-83.544567,37.704208],[-83.544613,37.704239],[-83.544715,37.704343],[-83.544878,37.70448],[-83.545074,37.704638],[-83.545322,37.704814],[-83.545429,37.704878],[-83.545602,37.704973],[-83.54578,37.70505],[-83.546158,37.705169],[-83.546564,37.705369],[-83.546744,37.705437],[-83.546871,37.705473],[-83.546968,37.705491],[-83.54717,37.705519],[-83.547273,37.705526],[-83.547479,37.70552],[-83.547781,37.705487],[-83.547862,37.705496],[-83.547931,37.705521],[-83.54796,37.705541],[-83.547986,37.705566],[-83.548089,37.705703],[-83.548153,37.705775],[-83.548226,37.705841],[-83.548359,37.705934],[-83.548631,37.706104],[-83.548833,37.706239],[-83.548909,37.7063],[-83.549019,37.706398],[-83.549152,37.706542],[-83.549215,37.706585],[-83.549247,37.706596],[-83.549284,37.706599],[-83.549377,37.706553],[-83.54941,37.706505],[-83.549418,37.706475],[-83.54942,37.706402],[-83.549394,37.706121],[-83.549385,37.705926],[-83.549369,37.705824],[-83.549346,37.705739],[-83.549332,37.705637],[-83.549352,37.705543],[-83.5494,37.705476],[-83.549511,37.705373],[-83.549658,37.70529],[-83.549857,37.705192],[-83.550099,37.705125],[-83.550266,37.705074],[-83.550418,37.705009],[-83.550513,37.704955],[-83.550587,37.704904],[-83.550693,37.704821],[-83.550896,37.704633],[-83.550997,37.704515],[-83.551024,37.704474],[-83.551053,37.704445],[-83.551103,37.704384],[-83.551442,37.704021],[-83.551545,37.703963],[-83.551619,37.703939],[-83.551701,37.703919],[-83.55179,37.703911],[-83.55204,37.703922],[-83.552116,37.703939],[-83.552582,37.704102]]}},{"type":"Feature","properties":{"osm_id":16384687,"highway":"residential","name":"Bethesda Mission Road","alt_name":null,"official_name":null,"surface":null,"tracktype":null,"service":null,"access":null,"motor_vehicle":null,"foot":null,"tiger_reviewed":"no","rrgh_part":0,"rrgh_tile_part":0},"geometry":{"type":"LineString","coordinates":[[-83.534575,37.69341],[-83.534594,37.6934],[-83.534661,37.693383],[-83.534724,37.69336],[-83.534754,37.693339],[-83.534779,37.693311],[-83.534794,37.693278],[-83.534797,37.693242],[-83.534786,37.693205],[-83.53476,37.693172],[-83.534715,37.693148],[-83.534662,37.693136],[-83.534604,37.693136],[-83.534476,37.693148],[-83.534176,37.693197],[-83.534105,37.693187],[-83.534034,37.693183],[-83.533901,37.693184],[-83.533839,37.693194],[-83.533789,37.69322],[-83.533759,37.693261],[-83.533723,37.693352],[-83.533719,37.693453],[-83.533703,37.693611],[-83.533716,37.693791],[-83.533714,37.693905],[-83.533697,37.693969],[-83.533646,37.694067],[-83.533604,37.694115],[-83.533553,37.694156],[-83.533495,37.694189],[-83.533428,37.694216],[-83.53331,37.694277],[-83.533259,37.694313],[-83.533172,37.694404],[-83.53309,37.694517],[-83.532902,37.694838],[-83.532815,37.695038],[-83.532796,37.695105],[-83.53274,37.695229],[-83.532708,37.695285],[-83.532627,37.695386],[-83.532488,37.695512],[-83.532337,37.69568],[-83.532085,37.695946],[-83.532012,37.696043],[-83.531963,37.696084],[-83.531909,37.696118],[-83.531849,37.696138],[-83.531782,37.69615],[-83.531651,37.696166],[-83.531593,37.69618],[-83.531542,37.696199],[-83.531377,37.696284],[-83.531193,37.696391],[-83.531081,37.696465],[-83.531033,37.696504],[-83.530993,37.696547],[-83.530963,37.696594],[-83.530942,37.696644],[-83.530921,37.696743],[-83.530904,37.696887],[-83.530887,37.696929],[-83.530852,37.696958],[-83.530808,37.696971],[-83.530766,37.696968],[-83.530729,37.696953],[-83.530693,37.69693],[-83.530525,37.696795],[-83.530473,37.696767],[-83.530416,37.696746],[-83.530353,37.696733],[-83.530286,37.696726],[-83.530134,37.696736],[-83.530054,37.696749],[-83.529822,37.696796],[-83.529542,37.696847],[-83.52937,37.696866],[-83.529253,37.696857],[-83.52904,37.696813],[-83.528543,37.696678],[-83.52808,37.69654],[-83.527953,37.696511],[-83.527767,37.696487],[-83.527658,37.696483],[-83.527452,37.69649],[-83.527385,37.696499],[-83.527311,37.696521],[-83.52726,37.696558],[-83.526997,37.696871],[-83.526964,37.696937],[-83.526957,37.697023],[-83.526973,37.697148],[-83.526973,37.697203],[-83.526982,37.697324]]}},{"type":"Feature","properties":{"osm_id":16382703,"highway":"residential","name":"Vortex Loop Road","alt_name":null,"official_name":null,"surface":null,"tracktype":null,"service":null,"access":null,"motor_vehicle":null,"foot":null,"tiger_reviewed":"no","rrgh_part":0,"rrgh_tile_part":0},"geometry":{"type":"LineString","coordinates":[[-83.522957,37.696404],[-83.523102,37.696347],[-83.523145,37.696334],[-83.523189,37.696327],[-83.523545,37.696339],[-83.523774,37.696319],[-83.523969,37.696294],[-83.524126,37.696285],[-83.524292,37.696286],[-83.524406,37.696295],[-83.524463,37.696303],[-83.524669,37.696349],[-83.525112,37.696484],[-83.525369,37.696568],[-83.52551,37.696604],[-83.525651,37.696626],[-83.52579,37.69663],[-83.526133,37.696607],[-83.526263,37.696607],[-83.526325,37.696615],[-83.526384,37.69663],[-83.526494,37.696676],[-83.526546,37.696704],[-83.526642,37.696775],[-83.526686,37.696813],[-83.526764,37.6969],[-83.526829,37.696993],[-83.526926,37.697182],[-83.526965,37.697273],[-83.526982,37.697324],[-83.527005,37.697411],[-83.527011,37.697455],[-83.527006,37.697533],[-83.526993,37.697563],[-83.5269822,37.6975792],[-83.526975,37.69759],[-83.526924,37.697636],[-83.526806,37.69771],[-83.52671,37.69776],[-83.526664,37.697792]]}},{"type":"Feature","properties":{"osm_id":1525654245,"highway":"service","name":null,"alt_name":null,"official_name":null,"surface":null,"tracktype":null,"service":null,"access":null,"motor_vehicle":null,"foot":null,"tiger_reviewed":null,"rrgh_part":0,"rrgh_tile_part":0},"geometry":{"type":"LineString","coordinates":[[-83.5219334,37.6965866],[-83.5219709,37.696455],[-83.5219709,37.6962805]]}},{"type":"Feature","properties":{"osm_id":16382786,"highway":"residential","name":"Old Vortex-Campton Road","alt_name":null,"official_name":null,"surface":null,"tracktype":null,"service":null,"access":null,"motor_vehicle":null,"foot":null,"tiger_reviewed":"no","rrgh_part":0,"rrgh_tile_part":0},"geometry":{"type":"LineString","coordinates":[[-83.527601,37.702277],[-83.527694,37.702315],[-83.527773,37.702333],[-83.527902,37.702384],[-83.52795,37.702409],[-83.52804,37.702473],[-83.528163,37.702592],[-83.528349,37.702808],[-83.528514,37.703035],[-83.529027,37.703793],[-83.529266,37.704118],[-83.529531,37.704459],[-83.529833,37.704859],[-83.530014,37.705084],[-83.530181,37.705314],[-83.530571,37.705869],[-83.53098,37.706351],[-83.531097,37.706517],[-83.53116,37.706637],[-83.53121,37.706757],[-83.531247,37.706878],[-83.531279,37.707058],[-83.531329,37.707444],[-83.531363,37.707576],[-83.531429,37.707692],[-83.531577,37.70791],[-83.531641,37.708027],[-83.531698,37.708146],[-83.531996,37.708877],[-83.532077,37.70912],[-83.532111,37.709236],[-83.532178,37.709405],[-83.532191,37.709462],[-83.532213,37.709518],[-83.532271,37.709725],[-83.532309,37.709962],[-83.532347,37.710041],[-83.532428,37.710165],[-83.53245,37.710209],[-83.532561,37.710381],[-83.532736,37.710691],[-83.532799,37.710835],[-83.532849,37.710982],[-83.532867,37.71111]]}},{"type":"Feature","properties":{"osm_id":16383626,"highway":"residential","name":"Smokey Branch Road","alt_name":null,"official_name":null,"surface":null,"tracktype":null,"service":null,"access":null,"motor_vehicle":null,"foot":null,"tiger_reviewed":"no","rrgh_part":0,"rrgh_tile_part":0},"geometry":{"type":"LineString","coordinates":[[-83.522585,37.70726],[-83.52261,37.707199],[-83.522685,37.707082],[-83.522744,37.706969],[-83.52283,37.70683],[-83.522886,37.706761],[-83.522956,37.706697],[-83.523038,37.706637],[-83.523302,37.70648],[-83.523559,37.706319],[-83.523718,37.706204],[-83.523868,37.706081],[-83.524096,37.705875],[-83.52424,37.70573],[-83.524542,37.705448],[-83.524702,37.705319],[-83.524775,37.705249],[-83.524838,37.705175],[-83.524889,37.705096],[-83.524929,37.705013],[-83.524963,37.704928],[-83.525085,37.704685],[-83.525166,37.704545],[-83.525262,37.704406],[-83.525372,37.704272],[-83.525497,37.704141],[-83.52561,37.704003],[-83.525779,37.703785],[-83.52596,37.70357],[-83.526462,37.703016],[-83.526632,37.702812],[-83.526796,37.702627],[-83.526814,37.702583],[-83.52683,37.702472],[-83.526823,37.702363],[-83.52683,37.70231],[-83.526847,37.702259],[-83.526908,37.702169],[-83.526952,37.702129],[-83.527006,37.702096],[-83.527071,37.702079],[-83.527139,37.702079],[-83.527204,37.702092],[-83.527429,37.702178],[-83.527594,37.702222]]}},{"type":"Feature","properties":{"osm_id":16383314,"highway":"residential","name":"Kelse Hollins Fork Road","alt_name":null,"official_name":null,"surface":null,"tracktype":null,"service":null,"access":null,"motor_vehicle":null,"foot":null,"tiger_reviewed":"no","rrgh_part":0,"rrgh_tile_part":0},"geometry":{"type":"LineString","coordinates":[[-83.508225,37.695215],[-83.508087,37.695331],[-83.508,37.695394],[-83.507915,37.695418],[-83.507776,37.695421],[-83.5077,37.695407],[-83.507592,37.69536],[-83.507477,37.69529],[-83.507338,37.695188],[-83.507192,37.695089],[-83.507089,37.69501],[-83.506989,37.694963],[-83.506877,37.694922],[-83.506571,37.694861],[-83.506303,37.694776],[-83.506143,37.694709],[-83.506059,37.694668],[-83.50598,37.694613],[-83.505876,37.694563],[-83.505796,37.694543],[-83.505722,37.69454],[-83.505673,37.694546],[-83.505632,37.694561],[-83.505606,37.694583],[-83.505597,37.69462],[-83.505603,37.694649],[-83.505637,37.694692],[-83.505777,37.694801],[-83.50582,37.69485],[-83.505904,37.694978],[-83.505973,37.695053],[-83.506111,37.695169],[-83.506217,37.695226],[-83.506252,37.695257],[-83.506284,37.695294],[-83.506328,37.695372],[-83.506342,37.695428],[-83.506342,37.695455],[-83.506329,37.695502],[-83.506312,37.695523],[-83.506207,37.695576],[-83.505954,37.695648],[-83.505932,37.695659],[-83.505814,37.695767],[-83.505803,37.695811],[-83.505764,37.695896],[-83.505731,37.696007],[-83.505637,37.696192],[-83.505466,37.696434],[-83.50529,37.696673],[-83.505155,37.696825],[-83.505132,37.696846],[-83.505103,37.696865],[-83.505022,37.696901],[-83.505,37.69690606276151]]}},{"type":"Feature","properties":{"osm_id":16382301,"highway":"residential","name":null,"alt_name":null,"official_name":null,"surface":null,"tracktype":null,"service":null,"access":null,"motor_vehicle":null,"foot":null,"tiger_reviewed":"no","rrgh_part":0,"rrgh_tile_part":0},"geometry":{"type":"LineString","coordinates":[[-83.514507,37.675491],[-83.514439,37.675283],[-83.514349,37.675009],[-83.51434287007874,37.675]]}},{"type":"Feature","properties":{"osm_id":16384225,"highway":"residential","name":"Maloneys Road","alt_name":null,"official_name":null,"surface":null,"tracktype":null,"service":null,"access":null,"motor_vehicle":null,"foot":null,"tiger_reviewed":"no","rrgh_part":0,"rrgh_tile_part":0},"geometry":{"type":"LineString","coordinates":[[-83.518858,37.676799],[-83.518456,37.676214]]}},{"type":"Feature","properties":{"osm_id":16384223,"highway":"residential","name":"Maloney Road","alt_name":null,"official_name":null,"surface":null,"tracktype":null,"service":null,"access":null,"motor_vehicle":null,"foot":null,"tiger_reviewed":"no","rrgh_part":0,"rrgh_tile_part":0},"geometry":{"type":"LineString","coordinates":[[-83.518456,37.676214],[-83.518236,37.676276],[-83.517546,37.67621],[-83.516399,37.675758],[-83.515407,37.675487],[-83.514507,37.675491],[-83.51373,37.675971],[-83.513125,37.676817],[-83.512606,37.677091],[-83.511311,37.677503],[-83.510936,37.677823]]}},{"type":"Feature","properties":{"osm_id":16380736,"highway":"residential","name":"Whetson Branch Road","alt_name":null,"official_name":null,"surface":null,"tracktype":null,"service":null,"access":null,"motor_vehicle":null,"foot":null,"tiger_reviewed":"no","rrgh_part":0,"rrgh_tile_part":0},"geometry":{"type":"LineString","coordinates":[[-83.505,37.68015536734694],[-83.50539,37.680047],[-83.505548,37.679994],[-83.505647,37.679948],[-83.505725,37.679898],[-83.505807,37.679829]]}},{"type":"Feature","properties":{"osm_id":16382826,"highway":"residential","name":"B Patton Road","alt_name":null,"official_name":null,"surface":null,"tracktype":null,"service":null,"access":null,"motor_vehicle":null,"foot":null,"tiger_reviewed":"no","rrgh_part":0,"rrgh_tile_part":0},"geometry":{"type":"LineString","coordinates":[[-83.51461,37.696967],[-83.514627,37.697064],[-83.51462,37.697117],[-83.5146,37.697168],[-83.514562,37.697225],[-83.514505,37.697281],[-83.514431,37.697335],[-83.514154,37.697494],[-83.51411,37.697524],[-83.514033,37.697591],[-83.513935,37.697705],[-83.513862,37.697833],[-83.513796,37.69797],[-83.513769,37.698016],[-83.513641,37.698318],[-83.513535,37.698553],[-83.513303,37.698906],[-83.51325,37.698999],[-83.513059,37.699402],[-83.513003,37.69951],[-83.512928,37.699678],[-83.512901,37.699795],[-83.512896,37.699852],[-83.512927,37.700021],[-83.513031,37.700255],[-83.513063,37.700303],[-83.513231,37.700473],[-83.513266,37.700524],[-83.513319,37.700692],[-83.513321,37.700746],[-83.513313,37.700796],[-83.513293,37.700841],[-83.513261,37.700889],[-83.513156,37.700963],[-83.513094,37.700989],[-83.512973,37.701024],[-83.512923,37.701044],[-83.51288,37.701069],[-83.512801,37.701134],[-83.512765,37.701175],[-83.512712,37.701265],[-83.512603,37.701474],[-83.512536,37.70162],[-83.512525,37.701726],[-83.512524,37.70183],[-83.512542,37.701929],[-83.512608,37.702067],[-83.51268,37.702169],[-83.512806,37.702316],[-83.512883,37.702395],[-83.512928,37.702447],[-83.512944,37.702466],[-83.512961,37.702507],[-83.51296,37.702548],[-83.51294,37.702578],[-83.512909,37.702602],[-83.51287,37.702612],[-83.51283,37.702611],[-83.51264,37.702575],[-83.512585,37.702572],[-83.512529,37.702579],[-83.512475,37.702596],[-83.512426,37.702622],[-83.512386,37.702653],[-83.512355,37.70269],[-83.512332,37.702729],[-83.5123,37.702814],[-83.512276,37.702898],[-83.512074,37.703367],[-83.512043,37.70348],[-83.512024,37.703594],[-83.512019,37.703702],[-83.512035,37.703947],[-83.512009,37.704114],[-83.51193,37.704316],[-83.511891,37.704466],[-83.511837,37.704729],[-83.511784,37.704944],[-83.511772,37.705048],[-83.511775,37.705153],[-83.511804,37.705352],[-83.511805,37.705398],[-83.511798,37.705445],[-83.511751,37.705591],[-83.511732,37.705691],[-83.511723,37.705799],[-83.511731,37.705918],[-83.511723,37.706099],[-83.511762,37.7064],[-83.51176,37.706498],[-83.511798,37.706605],[-83.511861,37.706737],[-83.511903,37.706811],[-83.511985,37.706922],[-83.512071,37.706986],[-83.512144,37.707047],[-83.512169,37.707083],[-83.512183,37.707128],[-83.512187,37.707166],[-83.512178,37.707291],[-83.512193,37.707385],[-83.512206,37.707436],[-83.512247,37.707542],[-83.512325,37.707706],[-83.512454,37.708009],[-83.51247,37.708089],[-83.512487,37.708146],[-83.512523,37.708326],[-83.512606,37.708679],[-83.512619,37.708899],[-83.512602,37.709057],[-83.512589,37.709101],[-83.512562,37.709235],[-83.512543,37.709292],[-83.512494,37.70938],[-83.512291,37.709692],[-83.512213,37.709836],[-83.512149,37.70997],[-83.512098,37.710059],[-83.512,37.710186],[-83.511871,37.710343],[-83.511801,37.710416],[-83.511695,37.710508],[-83.511594,37.710576],[-83.511562,37.71059],[-83.51151,37.710596]]}},{"type":"Feature","properties":{"osm_id":16381155,"highway":"residential","name":null,"alt_name":null,"official_name":null,"surface":null,"tracktype":null,"service":null,"access":null,"motor_vehicle":null,"foot":null,"tiger_reviewed":"no","rrgh_part":0,"rrgh_tile_part":0},"geometry":{"type":"LineString","coordinates":[[-83.512928,37.702447],[-83.512402,37.702472],[-83.511906,37.702468],[-83.511813,37.702335],[-83.511695,37.702142],[-83.51158,37.701928],[-83.511536,37.701803],[-83.511413,37.701763],[-83.51059,37.701944],[-83.509406,37.702233]]}},{"type":"Feature","properties":{"osm_id":16381544,"highway":"service","name":null,"alt_name":null,"official_name":null,"surface":null,"tracktype":null,"service":null,"access":"private","motor_vehicle":null,"foot":null,"tiger_reviewed":"no","rrgh_part":0,"rrgh_tile_part":0},"geometry":{"type":"LineString","coordinates":[[-83.558717,37.713979],[-83.558959,37.713926],[-83.559107,37.713914],[-83.559274,37.713907],[-83.559515,37.713867],[-83.559574,37.713865],[-83.55965,37.713882],[-83.559707,37.713911],[-83.559761,37.713949],[-83.559793,37.713962],[-83.559817,37.713965],[-83.559836,37.713959]]}},{"type":"Feature","properties":{"osm_id":16384979,"highway":"residential","name":"Pete Center Drive","alt_name":null,"official_name":null,"surface":null,"tracktype":null,"service":null,"access":null,"motor_vehicle":null,"foot":null,"tiger_reviewed":"no","rrgh_part":0,"rrgh_tile_part":0},"geometry":{"type":"LineString","coordinates":[[-83.564906,37.72356],[-83.564963,37.72357],[-83.565014,37.723589],[-83.565057,37.723615],[-83.565092,37.723645],[-83.565117,37.723677],[-83.565169,37.723761]]}},{"type":"Feature","properties":{"osm_id":16382293,"highway":"service","name":null,"alt_name":null,"official_name":null,"surface":null,"tracktype":null,"service":null,"access":"private","motor_vehicle":null,"foot":null,"tiger_reviewed":"no","rrgh_part":0,"rrgh_tile_part":0},"geometry":{"type":"LineString","coordinates":[[-83.570245,37.720785],[-83.570248,37.720928],[-83.57025,37.721007],[-83.570246,37.721128],[-83.570232,37.721207],[-83.570238,37.72123],[-83.570235,37.721326],[-83.570251,37.721371],[-83.57028,37.721412],[-83.570407,37.721549],[-83.570527,37.721644],[-83.570597,37.721678],[-83.570731,37.721781],[-83.570774,37.72182],[-83.570851,37.721926],[-83.570893,37.721977],[-83.571007,37.722209],[-83.571018,37.722241],[-83.571083,37.722361],[-83.571157,37.722518],[-83.571191,37.722565]]}},{"type":"Feature","properties":{"osm_id":16384609,"highway":"residential","name":"Harvest Ridge Road","alt_name":null,"official_name":null,"surface":null,"tracktype":null,"service":null,"access":null,"motor_vehicle":null,"foot":null,"tiger_reviewed":"no","rrgh_part":0,"rrgh_tile_part":0},"geometry":{"type":"LineString","coordinates":[[-83.548967,37.744726],[-83.548864,37.744793],[-83.54872,37.744856],[-83.548373,37.744934],[-83.548223,37.74498],[-83.548103,37.74506],[-83.547973,37.7452],[-83.547873,37.745351],[-83.547824,37.745472],[-83.547805,37.745572],[-83.54781,37.74569],[-83.547843,37.745974],[-83.547844,37.746087],[-83.547812,37.746365],[-83.547814,37.746642],[-83.54782,37.746734],[-83.547881,37.747064],[-83.547887,37.747295],[-83.547869,37.747432],[-83.547849,37.74749],[-83.5478084,37.7475529],[-83.547773,37.747602],[-83.547669,37.747725],[-83.547619,37.747791],[-83.547583,37.747863],[-83.547555,37.747938],[-83.547476,37.74825],[-83.547422,37.748407],[-83.547279,37.748759],[-83.547211,37.748945],[-83.547142,37.749115],[-83.546901,37.749677],[-83.546785,37.749972],[-83.54677086915888,37.75]]}},{"type":"Feature","properties":{"osm_id":16382098,"highway":"residential","name":null,"alt_name":null,"official_name":null,"surface":null,"tracktype":null,"service":null,"access":null,"motor_vehicle":null,"foot":null,"tiger_reviewed":"no","rrgh_part":0,"rrgh_tile_part":0},"geometry":{"type":"LineString","coordinates":[[-83.563061,37.724922],[-83.562968,37.724982],[-83.562812,37.725103],[-83.562709,37.725164],[-83.562587,37.725227],[-83.56252,37.725267],[-83.562447,37.725317],[-83.562218,37.725434],[-83.561751,37.725635],[-83.561714,37.725659],[-83.561699,37.725678],[-83.561696,37.7257],[-83.561708,37.725737]]}},{"type":"Feature","properties":{"osm_id":16384438,"highway":"residential","name":"Subdivision Road","alt_name":null,"official_name":null,"surface":null,"tracktype":null,"service":null,"access":null,"motor_vehicle":null,"foot":null,"tiger_reviewed":"no","rrgh_part":0,"rrgh_tile_part":0},"geometry":{"type":"LineString","coordinates":[[-83.564906,37.72356],[-83.564848,37.723562],[-83.564744,37.723589],[-83.564695,37.723615],[-83.564607,37.723673],[-83.564137,37.724067],[-83.563944,37.724211],[-83.563831,37.724304],[-83.563804,37.72432],[-83.563556,37.724532],[-83.563061,37.724922]]}},{"type":"Feature","properties":{"osm_id":16385070,"highway":"residential","name":"Chevelle Drive","alt_name":null,"official_name":null,"surface":null,"tracktype":null,"service":null,"access":null,"motor_vehicle":null,"foot":null,"tiger_reviewed":"no","rrgh_part":0,"rrgh_tile_part":0},"geometry":{"type":"LineString","coordinates":[[-83.562298,37.723937],[-83.56217,37.723929],[-83.561912,37.723925],[-83.561766,37.723918],[-83.561608,37.723931],[-83.561571,37.723942],[-83.560912,37.724423],[-83.560877,37.724443],[-83.560666,37.724529],[-83.560423,37.7246],[-83.560314,37.724637],[-83.559919,37.724831],[-83.559658,37.72495],[-83.559541,37.725011],[-83.559501,37.725027],[-83.559432,37.725064],[-83.559352,37.725095]]}},{"type":"Feature","properties":{"osm_id":16383911,"highway":"residential","name":"Alexander Drive","alt_name":null,"official_name":null,"surface":null,"tracktype":null,"service":null,"access":null,"motor_vehicle":null,"foot":null,"tiger_reviewed":"no","rrgh_part":0,"rrgh_tile_part":0},"geometry":{"type":"LineString","coordinates":[[-83.546049,37.718151],[-83.546139,37.718122],[-83.546358,37.71808],[-83.546398,37.718068],[-83.546468,37.718031],[-83.546496,37.718007],[-83.546519,37.71798],[-83.546563,37.717888],[-83.546688,37.717549],[-83.546716,37.71749],[-83.546757,37.717434],[-83.546809,37.717385],[-83.546868,37.717348],[-83.546938,37.717319],[-83.547022,37.7173],[-83.54717,37.717285],[-83.54728,37.717285],[-83.547385,37.717301],[-83.547481,37.717325],[-83.547728,37.717402],[-83.548238,37.717534],[-83.548382,37.717554],[-83.548543,37.717534],[-83.548597,37.717522],[-83.548688,37.717477],[-83.548854,37.717384],[-83.549114,37.717201],[-83.549178,37.717161],[-83.549287,37.717113],[-83.549408,37.717083],[-83.549493,37.717072],[-83.54969,37.717062],[-83.5499,37.717032],[-83.549985,37.717028]]}},{"type":"Feature","properties":{"osm_id":980602936,"highway":"residential","name":"Kings Court Road","alt_name":null,"official_name":null,"surface":null,"tracktype":null,"service":null,"access":null,"motor_vehicle":null,"foot":null,"tiger_reviewed":null,"rrgh_part":0,"rrgh_tile_part":0},"geometry":{"type":"LineString","coordinates":[[-83.5436374,37.7211876],[-83.5446195,37.7212459],[-83.5449511,37.7214213],[-83.5454554,37.7217852],[-83.5459528,37.7219828]]}},{"type":"Feature","properties":{"osm_id":16382464,"highway":"service","name":null,"alt_name":null,"official_name":null,"surface":null,"tracktype":null,"service":null,"access":"private","motor_vehicle":null,"foot":null,"tiger_reviewed":"no","rrgh_part":0,"rrgh_tile_part":0},"geometry":{"type":"LineString","coordinates":[[-83.569686,37.726831],[-83.569675,37.726897],[-83.569677,37.726998],[-83.569661,37.727039],[-83.569578,37.727133],[-83.569539,37.727197],[-83.569519,37.727264],[-83.569496,37.72738],[-83.569396,37.727815],[-83.56938,37.727909],[-83.569374,37.728052],[-83.569377,37.728158],[-83.569362,37.728212],[-83.569333,37.728253],[-83.569237,37.72834]]}},{"type":"Feature","properties":{"osm_id":16385054,"highway":"service","name":"Evans Cemetery Road","alt_name":null,"official_name":null,"surface":null,"tracktype":null,"service":null,"access":null,"motor_vehicle":null,"foot":null,"tiger_reviewed":"no","rrgh_part":0,"rrgh_tile_part":0},"geometry":{"type":"LineString","coordinates":[[-83.561432,37.729134],[-83.561463,37.729082],[-83.561542,37.728921],[-83.561619,37.728738],[-83.561644,37.728658],[-83.561659,37.728552],[-83.561702,37.72838],[-83.561747,37.728265],[-83.561777,37.728211],[-83.561851,37.728056],[-83.561862,37.72799],[-83.56188,37.727942],[-83.561898,37.727921],[-83.561921,37.727903],[-83.561975,37.727876],[-83.56204,37.727855],[-83.56238,37.727778],[-83.562506,37.727734],[-83.562562,37.727708],[-83.562584,37.727683],[-83.562592,37.727612],[-83.562586,37.727505],[-83.562564,37.727378],[-83.562409,37.72694],[-83.562389,37.726903],[-83.562342,37.726789],[-83.562133,37.726227],[-83.562103,37.726187],[-83.562081,37.726173],[-83.562055,37.726164],[-83.562026,37.726161],[-83.56197,37.726173],[-83.561599,37.726323],[-83.561427,37.726397],[-83.56136,37.726414],[-83.56127,37.726417],[-83.561243,37.726411],[-83.56119,37.726391],[-83.561144,37.726355],[-83.561108,37.72631],[-83.560943,37.726039]]}},{"type":"Feature","properties":{"osm_id":16382593,"highway":"service","name":null,"alt_name":null,"official_name":null,"surface":null,"tracktype":null,"service":null,"access":"private","motor_vehicle":null,"foot":null,"tiger_reviewed":"no","rrgh_part":0,"rrgh_tile_part":0},"geometry":{"type":"LineString","coordinates":[[-83.565854,37.739091],[-83.565856,37.739065],[-83.565867,37.739047],[-83.565885,37.73903],[-83.566034,37.738953],[-83.566187,37.738864],[-83.56628,37.738821],[-83.566314,37.738812],[-83.566384,37.738807],[-83.566454,37.738817],[-83.566524,37.738844],[-83.56675,37.738989],[-83.566967,37.739118],[-83.567044,37.73918],[-83.567134,37.739302],[-83.567161,37.739349],[-83.567193,37.739393],[-83.567235,37.739428],[-83.567284,37.739447],[-83.567337,37.739449],[-83.567386,37.739435],[-83.567425,37.739408],[-83.567602,37.739215],[-83.567696,37.739136],[-83.567749,37.739099],[-83.567965,37.738977],[-83.567999,37.738946],[-83.568016,37.738911],[-83.568012,37.738888],[-83.568006,37.73887],[-83.567992,37.738849],[-83.567965,37.73883],[-83.56793,37.738821],[-83.567892,37.738817],[-83.567772,37.738825],[-83.567696,37.738838],[-83.56741,37.73886],[-83.567324,37.738848],[-83.567277,37.738837],[-83.567231,37.738818],[-83.567188,37.738793],[-83.56711,37.738737],[-83.567011,37.738636],[-83.566971,37.738565],[-83.566935,37.738487],[-83.56689,37.73836],[-83.566844,37.738284],[-83.566808,37.738208],[-83.566787,37.738139],[-83.566786,37.738105],[-83.566793,37.738073],[-83.566807,37.738045],[-83.566829,37.738022],[-83.566921,37.737963],[-83.567032,37.737909],[-83.567162,37.737865],[-83.567347,37.73781],[-83.567434,37.737772],[-83.567549,37.737701],[-83.56761,37.737651],[-83.567798,37.737483],[-83.568019,37.737342],[-83.568078,37.737296],[-83.568146,37.73722],[-83.568262,37.737042],[-83.568315,37.736987],[-83.568363,37.736944]]}},{"type":"Feature","properties":{"osm_id":16383841,"highway":"residential","name":"County Road 1256","alt_name":null,"official_name":null,"surface":null,"tracktype":null,"service":null,"access":null,"motor_vehicle":null,"foot":null,"tiger_reviewed":"no","rrgh_part":0,"rrgh_tile_part":0},"geometry":{"type":"LineString","coordinates":[[-83.558235,37.728736],[-83.558275,37.728883],[-83.558277,37.728909],[-83.558263,37.728963],[-83.558234,37.729012],[-83.558124,37.72913],[-83.558102,37.729159],[-83.558086,37.729189],[-83.558079,37.72922],[-83.558079,37.729252],[-83.558101,37.729316],[-83.558287,37.729633],[-83.558356,37.729729],[-83.558412,37.729779],[-83.558481,37.729824],[-83.55852,37.729841],[-83.558562,37.729854],[-83.558648,37.729867],[-83.558689,37.729867],[-83.558727,37.729862],[-83.558827,37.729834],[-83.55898,37.729784]]}},{"type":"Feature","properties":{"osm_id":16383884,"highway":"residential","name":"County Road 1258","alt_name":null,"official_name":null,"surface":null,"tracktype":null,"service":null,"access":null,"motor_vehicle":null,"foot":null,"tiger_reviewed":"no","rrgh_part":0,"rrgh_tile_part":0},"geometry":{"type":"LineString","coordinates":[[-83.558102,37.727472],[-83.558158,37.727492],[-83.558394,37.727619],[-83.55867,37.727745],[-83.558877,37.727878],[-83.558991,37.727967],[-83.559024,37.727998],[-83.559289,37.728201]]}},{"type":"Feature","properties":{"osm_id":16383905,"highway":"residential","name":"County Road 1259","alt_name":null,"official_name":null,"surface":null,"tracktype":null,"service":null,"access":null,"motor_vehicle":null,"foot":null,"tiger_reviewed":"no","rrgh_part":0,"rrgh_tile_part":0},"geometry":{"type":"LineString","coordinates":[[-83.558277,37.728909],[-83.558354,37.728894],[-83.558423,37.728892],[-83.558545,37.728909],[-83.558587,37.728921],[-83.558899,37.729056],[-83.558964,37.729096],[-83.558994,37.729132],[-83.559004,37.729152],[-83.559008,37.729173],[-83.558999,37.729207],[-83.558987,37.729223],[-83.558806,37.729319]]}},{"type":"Feature","properties":{"osm_id":16384038,"highway":"residential","name":"Sawmill Hollow Road","alt_name":null,"official_name":null,"surface":null,"tracktype":null,"service":null,"access":null,"motor_vehicle":null,"foot":null,"tiger_reviewed":"no","rrgh_part":0,"rrgh_tile_part":0},"geometry":{"type":"LineString","coordinates":[[-83.56705,37.726473],[-83.566989,37.726656],[-83.566984,37.726722],[-83.566993,37.726793],[-83.567038,37.72694],[-83.567096,37.72717],[-83.567179,37.727426],[-83.567426,37.727943],[-83.56753,37.728196],[-83.567673,37.728596],[-83.567683,37.728658],[-83.567666,37.728723],[-83.56761,37.728883],[-83.567609,37.729074],[-83.567633,37.729146],[-83.567643,37.729236],[-83.567648,37.729508],[-83.567644,37.729569],[-83.567652,37.72985],[-83.567667,37.729956],[-83.5677,37.730295],[-83.567762,37.73066],[-83.567844,37.731349],[-83.567859,37.731406],[-83.567903,37.731517],[-83.568037,37.731783],[-83.568059,37.731835],[-83.568085,37.731928],[-83.5681,37.732005],[-83.568103,37.732047],[-83.568083,37.732135],[-83.567977,37.732374],[-83.567943,37.732476],[-83.567934,37.732528],[-83.567936,37.732637],[-83.567944,37.732691],[-83.567972,37.732791],[-83.567995,37.732944],[-83.567995,37.733044],[-83.567974,37.733146],[-83.56794,37.733232],[-83.567882,37.733338],[-83.567845,37.733385],[-83.567821,37.733408]]}},{"type":"Feature","properties":{"osm_id":16384454,"highway":"residential","name":"Campton Apartments Road","alt_name":null,"official_name":null,"surface":null,"tracktype":null,"service":null,"access":null,"motor_vehicle":null,"foot":null,"tiger_reviewed":"no","rrgh_part":0,"rrgh_tile_part":0},"geometry":{"type":"LineString","coordinates":[[-83.557686,37.727672],[-83.557748,37.727734],[-83.557813,37.727787],[-83.558109,37.727996],[-83.558551,37.728329],[-83.558741,37.728478],[-83.558781,37.728537],[-83.558788,37.728564],[-83.558783,37.72859],[-83.558767,37.728612],[-83.558742,37.728632],[-83.55867,37.728669],[-83.558577,37.7287],[-83.558478,37.72872],[-83.558235,37.728736],[-83.558142,37.728748],[-83.557887,37.728804],[-83.557846,37.728809],[-83.55777,37.728805],[-83.557707,37.728782],[-83.557625,37.728724],[-83.557587,37.728683]]}},{"type":"Feature","properties":{"osm_id":16385161,"highway":"residential","name":"Page Hollow","alt_name":null,"official_name":null,"surface":null,"tracktype":null,"service":null,"access":null,"motor_vehicle":null,"foot":null,"tiger_reviewed":"no","rrgh_part":0,"rrgh_tile_part":0},"geometry":{"type":"LineString","coordinates":[[-83.570009,37.740914],[-83.569936,37.740557],[-83.569904,37.740442],[-83.569892,37.740329],[-83.569896,37.740215],[-83.569919,37.740056],[-83.569953,37.739939],[-83.570022,37.739817],[-83.570104,37.739596],[-83.570112,37.739544],[-83.570144,37.739189],[-83.570146,37.739129],[-83.570141,37.73907],[-83.570101,37.738901],[-83.570068,37.738796],[-83.570027,37.738701],[-83.570003,37.738602],[-83.570005,37.738437],[-83.570023,37.738328],[-83.570056,37.738212],[-83.57011,37.738097],[-83.570167,37.737991],[-83.57032,37.737738],[-83.570316,37.73772],[-83.570303,37.737704],[-83.57026,37.737667],[-83.570212,37.737643],[-83.570182,37.737634],[-83.570156,37.737631],[-83.569903,37.737606],[-83.569792,37.737609],[-83.569664,37.737643],[-83.56952,37.737702],[-83.569409,37.737766],[-83.56934,37.737812],[-83.569137,37.737993],[-83.568953,37.738218],[-83.568884,37.738286],[-83.568766,37.738382],[-83.568237,37.73877],[-83.568153,37.73882],[-83.568012,37.738888]]}},{"type":"Feature","properties":{"osm_id":1374094612,"highway":"service","name":null,"alt_name":null,"official_name":null,"surface":"paved","tracktype":null,"service":null,"access":null,"motor_vehicle":null,"foot":null,"tiger_reviewed":null,"rrgh_part":0,"rrgh_tile_part":0},"geometry":{"type":"LineString","coordinates":[[-83.5608334,37.7375829],[-83.5607704,37.7376408]]}},{"type":"Feature","properties":{"osm_id":1374094613,"highway":"service","name":null,"alt_name":null,"official_name":null,"surface":"paved","tracktype":null,"service":null,"access":null,"motor_vehicle":null,"foot":null,"tiger_reviewed":null,"rrgh_part":0,"rrgh_tile_part":0},"geometry":{"type":"LineString","coordinates":[[-83.5610181,37.7374111],[-83.5608334,37.7375829]]}},{"type":"Feature","properties":{"osm_id":1374094614,"highway":"service","name":null,"alt_name":null,"official_name":null,"surface":"paved","tracktype":null,"service":null,"access":null,"motor_vehicle":null,"foot":null,"tiger_reviewed":null,"rrgh_part":0,"rrgh_tile_part":0},"geometry":{"type":"LineString","coordinates":[[-83.5613053,37.7376373],[-83.5611759,37.7377525],[-83.5610119,37.7378985]]}},{"type":"Feature","properties":{"osm_id":1374094615,"highway":"service","name":null,"alt_name":null,"official_name":null,"surface":"paved","tracktype":null,"service":null,"access":null,"motor_vehicle":null,"foot":null,"tiger_reviewed":null,"rrgh_part":0,"rrgh_tile_part":0},"geometry":{"type":"LineString","coordinates":[[-83.5607704,37.7376408],[-83.5607399,37.7376714],[-83.5607399,37.7377019],[-83.5610119,37.7378985],[-83.5610712,37.7379414],[-83.5614005,37.7381649],[-83.561431,37.7381665],[-83.5615611,37.7380732],[-83.5615509,37.7380475],[-83.5611759,37.7377525]]}},{"type":"Feature","properties":{"osm_id":1374094616,"highway":"service","name":null,"alt_name":null,"official_name":null,"surface":"unpaved","tracktype":null,"service":null,"access":null,"motor_vehicle":null,"foot":null,"tiger_reviewed":null,"rrgh_part":0,"rrgh_tile_part":0},"geometry":{"type":"LineString","coordinates":[[-83.5603342,37.7371515],[-83.560673,37.7374198]]}},{"type":"Feature","properties":{"osm_id":1374094617,"highway":"service","name":null,"alt_name":null,"official_name":null,"surface":"unpaved","tracktype":null,"service":null,"access":null,"motor_vehicle":null,"foot":null,"tiger_reviewed":null,"rrgh_part":0,"rrgh_tile_part":0},"geometry":{"type":"LineString","coordinates":[[-83.5604787,37.7369895],[-83.5603342,37.7371515],[-83.5602144,37.7372835],[-83.5601772,37.7373337],[-83.5601721,37.7373674],[-83.5601878,37.7374107],[-83.5602448,37.7374737],[-83.5604339,37.7376011],[-83.5604829,37.7376011],[-83.560673,37.7374198],[-83.560834,37.7372662]]}},{"type":"Feature","properties":{"osm_id":16381542,"highway":"service","name":null,"alt_name":null,"official_name":null,"surface":null,"tracktype":null,"service":null,"access":"private","motor_vehicle":null,"foot":null,"tiger_reviewed":"no","rrgh_part":0,"rrgh_tile_part":0},"geometry":{"type":"LineString","coordinates":[[-83.556833,37.728097],[-83.556603,37.727818],[-83.556552,37.727752],[-83.556541,37.727731],[-83.556534,37.727689],[-83.556548,37.72765],[-83.55658,37.727623],[-83.556621,37.727609],[-83.556671,37.727605],[-83.556724,37.727617],[-83.556771,37.727646],[-83.556989,37.727838],[-83.557076,37.727893],[-83.557139,37.727939]]}},{"type":"Feature","properties":{"osm_id":16382554,"highway":"service","name":null,"alt_name":null,"official_name":null,"surface":null,"tracktype":null,"service":null,"access":"private","motor_vehicle":null,"foot":null,"tiger_reviewed":"no","rrgh_part":0,"rrgh_tile_part":0},"geometry":{"type":"LineString","coordinates":[[-83.546884,37.729717],[-83.547067,37.729507]]}},{"type":"Feature","properties":{"osm_id":16383436,"highway":"residential","name":"Hanks Street","alt_name":null,"official_name":null,"surface":null,"tracktype":null,"service":null,"access":null,"motor_vehicle":null,"foot":null,"tiger_reviewed":"no","rrgh_part":0,"rrgh_tile_part":0},"geometry":{"type":"LineString","coordinates":[[-83.545918,37.73036],[-83.546132,37.730143],[-83.546217,37.730056],[-83.546294,37.729989],[-83.546302,37.729968]]}},{"type":"Feature","properties":{"osm_id":16384692,"highway":"residential","name":"Cs-1013","alt_name":null,"official_name":null,"surface":null,"tracktype":null,"service":null,"access":null,"motor_vehicle":null,"foot":null,"tiger_reviewed":"no","rrgh_part":0,"rrgh_tile_part":0},"geometry":{"type":"LineString","coordinates":[[-83.548114,37.730862],[-83.54798,37.730956],[-83.547883,37.731052],[-83.54782,37.731138],[-83.547745,37.731288],[-83.547716,37.731336],[-83.547679,37.731378],[-83.547633,37.731412],[-83.547581,37.731438],[-83.547409,37.731492],[-83.547128,37.731568],[-83.546833,37.73164]]}},{"type":"Feature","properties":{"osm_id":16380981,"highway":"residential","name":"County Road 3107","alt_name":null,"official_name":null,"surface":null,"tracktype":null,"service":null,"access":null,"motor_vehicle":null,"foot":null,"tiger_reviewed":"no","rrgh_part":0,"rrgh_tile_part":0},"geometry":{"type":"LineString","coordinates":[[-83.5523101,37.735085],[-83.552319,37.735049],[-83.552329,37.735004],[-83.552329,37.734978],[-83.552322,37.734954],[-83.552271,37.734899],[-83.552186,37.73484],[-83.552026,37.734758],[-83.551836,37.734675],[-83.551694,37.734607],[-83.551365,37.734459],[-83.551319,37.734427],[-83.551254,37.734355],[-83.551226,37.73429],[-83.55125,37.73409],[-83.551273,37.73398],[-83.551288,37.733947],[-83.55131,37.733919],[-83.551339,37.733898],[-83.551373,37.733882],[-83.551411,37.733873],[-83.551453,37.73387],[-83.551887,37.733932],[-83.55197,37.733959],[-83.552003,37.733979],[-83.552044,37.734028],[-83.55207,37.734078],[-83.552077,37.734124],[-83.552061,37.734193]]}},{"type":"Feature","properties":{"osm_id":16381220,"highway":"residential","name":null,"alt_name":null,"official_name":null,"surface":null,"tracktype":null,"service":null,"access":null,"motor_vehicle":null,"foot":null,"tiger_reviewed":"no","rrgh_part":0,"rrgh_tile_part":0},"geometry":{"type":"LineString","coordinates":[[-83.550816,37.738337],[-83.550863,37.738375],[-83.550916,37.738409],[-83.550976,37.738441],[-83.551041,37.73847],[-83.551178,37.738516],[-83.551246,37.73853],[-83.55153,37.738566],[-83.551856,37.738629],[-83.552411,37.738751],[-83.552495,37.738774],[-83.552571,37.738805],[-83.552636,37.738845],[-83.552684,37.738893],[-83.552716,37.738947],[-83.552735,37.739005],[-83.552744,37.739062],[-83.552751,37.739345],[-83.552765,37.739463]]}},{"type":"Feature","properties":{"osm_id":16384137,"highway":"residential","name":"Duff Avenue","alt_name":null,"official_name":null,"surface":null,"tracktype":null,"service":null,"access":null,"motor_vehicle":null,"foot":null,"tiger_reviewed":"no","rrgh_part":0,"rrgh_tile_part":0},"geometry":{"type":"LineString","coordinates":[[-83.545628,37.731013],[-83.545617,37.730986],[-83.545585,37.730951],[-83.545452,37.730827],[-83.545226,37.730597],[-83.545031,37.730414],[-83.544896,37.7303]]}},{"type":"Feature","properties":{"osm_id":16384422,"highway":"residential","name":"Plummer Street","alt_name":null,"official_name":null,"surface":null,"tracktype":null,"service":null,"access":null,"motor_vehicle":null,"foot":null,"tiger_reviewed":"no","rrgh_part":0,"rrgh_tile_part":0},"geometry":{"type":"LineString","coordinates":[[-83.545199,37.735674],[-83.545346,37.735634],[-83.545464,37.735616],[-83.54595,37.735563],[-83.5464009,37.7354906],[-83.5469074,37.7353822],[-83.547075,37.735402],[-83.54732,37.735384],[-83.547624,37.735334],[-83.547768,37.735315],[-83.548065,37.735285],[-83.548167,37.735272],[-83.548343,37.735245],[-83.548584,37.7352],[-83.548699,37.73517],[-83.549031,37.735112],[-83.5497369,37.7349977]]}},{"type":"Feature","properties":{"osm_id":16384444,"highway":"residential","name":"Combs Street","alt_name":null,"official_name":null,"surface":null,"tracktype":null,"service":null,"access":null,"motor_vehicle":null,"foot":null,"tiger_reviewed":"no","rrgh_part":0,"rrgh_tile_part":0},"geometry":{"type":"LineString","coordinates":[[-83.544786,37.73129],[-83.544804,37.731306],[-83.544833,37.731318],[-83.54487,37.73132],[-83.544913,37.731315],[-83.544957,37.731299],[-83.545052,37.731253],[-83.545628,37.731013],[-83.546317,37.730727]]}},{"type":"Feature","properties":{"osm_id":16384856,"highway":"residential","name":"Johnson Street","alt_name":null,"official_name":null,"surface":null,"tracktype":null,"service":null,"access":null,"motor_vehicle":null,"foot":null,"tiger_reviewed":"no","rrgh_part":0,"rrgh_tile_part":0},"geometry":{"type":"LineString","coordinates":[[-83.549213,37.732233],[-83.549219,37.732314],[-83.549235,37.732394],[-83.549357,37.733171],[-83.549406,37.7332279]]}},{"type":"Feature","properties":{"osm_id":110609604,"highway":"residential","name":"Washington Street","alt_name":null,"official_name":null,"surface":null,"tracktype":null,"service":null,"access":null,"motor_vehicle":null,"foot":null,"tiger_reviewed":"no","rrgh_part":0,"rrgh_tile_part":0},"geometry":{"type":"LineString","coordinates":[[-83.548356,37.73807],[-83.548395,37.738192],[-83.548523,37.7385954],[-83.548766,37.739355],[-83.54892,37.7398],[-83.548936,37.739869],[-83.548963,37.739947],[-83.549014,37.740164],[-83.549023,37.740242],[-83.549009,37.740387],[-83.548985,37.740638],[-83.5489717,37.7407219],[-83.548951,37.740794],[-83.54893,37.740953],[-83.54893,37.741092],[-83.548961,37.741238],[-83.548979,37.741305],[-83.54908,37.741557],[-83.549172,37.741816],[-83.549201,37.742002],[-83.549181,37.742156],[-83.549133,37.742327],[-83.5490672,37.7425291],[-83.5489996,37.74267],[-83.5489521,37.7427978],[-83.5489201,37.7429068],[-83.5489081,37.7430728],[-83.5489311,37.7432098],[-83.5489571,37.7433298],[-83.5490341,37.7435548],[-83.549039,37.743758]]}},{"type":"Feature","properties":{"osm_id":1374094618,"highway":"residential","name":null,"alt_name":null,"official_name":null,"surface":"paved","tracktype":null,"service":null,"access":null,"motor_vehicle":null,"foot":null,"tiger_reviewed":null,"rrgh_part":0,"rrgh_tile_part":0},"geometry":{"type":"LineString","coordinates":[[-83.558066,37.737397],[-83.5576907,37.7379703],[-83.5575274,37.7382334],[-83.5574996,37.7382992],[-83.5574781,37.7384454],[-83.5574489,37.7385989],[-83.5574285,37.7386552],[-83.5574021,37.7386889],[-83.5573757,37.7387114],[-83.5573371,37.7387291],[-83.5572903,37.73875],[-83.5571765,37.7387741],[-83.5566744,37.7388288],[-83.5566033,37.7388674],[-83.5564101,37.7392081]]}},{"type":"Feature","properties":{"osm_id":16382814,"highway":"residential","name":"Wolfe County Community Park Road","alt_name":null,"official_name":null,"surface":null,"tracktype":null,"service":null,"access":null,"motor_vehicle":null,"foot":null,"tiger_reviewed":"no","rrgh_part":0,"rrgh_tile_part":0},"geometry":{"type":"LineString","coordinates":[[-83.55744,37.736991],[-83.557103,37.737378],[-83.556894,37.7376],[-83.556759,37.737735],[-83.556721,37.737762],[-83.556684,37.737775],[-83.55663,37.737776],[-83.556586,37.737768]]}},{"type":"Feature","properties":{"osm_id":16384771,"highway":"residential","name":"Banks Fork","alt_name":null,"official_name":null,"surface":null,"tracktype":null,"service":null,"access":null,"motor_vehicle":null,"foot":null,"tiger_reviewed":"no","rrgh_part":0,"rrgh_tile_part":0},"geometry":{"type":"LineString","coordinates":[[-83.552746,37.7351966],[-83.552725,37.73533],[-83.552722,37.735521],[-83.552731,37.735734],[-83.552736,37.736117],[-83.552747,37.73615],[-83.552809,37.736226],[-83.552878,37.736276],[-83.553011,37.736336],[-83.553114,37.73637],[-83.553161,37.736397],[-83.553195,37.736436],[-83.553215,37.736481],[-83.553227,37.736528],[-83.553267,37.736982],[-83.553289,37.737491],[-83.553295,37.737728],[-83.553283,37.737981],[-83.553289,37.737999],[-83.5533171,37.7380336],[-83.5533649,37.7380604],[-83.5534665,37.738075],[-83.5539564,37.7380982],[-83.5540627,37.7381177],[-83.5542707,37.7382285]]}},{"type":"Feature","properties":{"osm_id":16385170,"highway":"residential","name":"Wolfe County Community Center Road","alt_name":null,"official_name":null,"surface":null,"tracktype":null,"service":null,"access":null,"motor_vehicle":null,"foot":null,"tiger_reviewed":"no","rrgh_part":0,"rrgh_tile_part":0},"geometry":{"type":"LineString","coordinates":[[-83.556586,37.737768],[-83.556453,37.737743],[-83.555868,37.737644],[-83.554876,37.737524],[-83.55473,37.737524],[-83.554599,37.737534],[-83.554478,37.737532],[-83.554424,37.737524],[-83.55437,37.73751],[-83.554275,37.737472],[-83.554241,37.737452],[-83.554184,37.737403],[-83.554144,37.737349],[-83.554077,37.73723],[-83.554064,37.737194],[-83.554062,37.737157]]}},{"type":"Feature","properties":{"osm_id":180631125,"highway":"service","name":null,"alt_name":null,"official_name":null,"surface":null,"tracktype":null,"service":null,"access":null,"motor_vehicle":null,"foot":null,"tiger_reviewed":null,"rrgh_part":0,"rrgh_tile_part":0},"geometry":{"type":"LineString","coordinates":[[-83.5549897,37.7334834],[-83.5551119,37.7332277]]}},{"type":"Feature","properties":{"osm_id":180631131,"highway":"service","name":null,"alt_name":null,"official_name":null,"surface":null,"tracktype":null,"service":null,"access":null,"motor_vehicle":null,"foot":null,"tiger_reviewed":null,"rrgh_part":0,"rrgh_tile_part":0},"geometry":{"type":"LineString","coordinates":[[-83.5565711,37.7337342],[-83.5551119,37.7332277],[-83.5533568,37.7326892]]}},{"type":"Feature","properties":{"osm_id":16381243,"highway":"service","name":null,"alt_name":null,"official_name":null,"surface":null,"tracktype":null,"service":null,"access":"private","motor_vehicle":null,"foot":null,"tiger_reviewed":"no","rrgh_part":0,"rrgh_tile_part":0},"geometry":{"type":"LineString","coordinates":[[-83.549239,37.735764],[-83.549122,37.735426],[-83.549031,37.735112]]}},{"type":"Feature","properties":{"osm_id":16382359,"highway":"service","name":null,"alt_name":null,"official_name":null,"surface":null,"tracktype":null,"service":null,"access":null,"motor_vehicle":null,"foot":null,"tiger_reviewed":null,"rrgh_part":0,"rrgh_tile_part":0},"geometry":{"type":"LineString","coordinates":[[-83.548523,37.7385954],[-83.5488159,37.7385463],[-83.5496799,37.7383757]]}},{"type":"Feature","properties":{"osm_id":16383695,"highway":"residential","name":"Campbell Street","alt_name":null,"official_name":null,"surface":null,"tracktype":null,"service":null,"access":null,"motor_vehicle":null,"foot":null,"tiger_reviewed":"no","rrgh_part":0,"rrgh_tile_part":0},"geometry":{"type":"LineString","coordinates":[[-83.546888,37.735685],[-83.546845,37.735735],[-83.546792,37.735771],[-83.546702,37.735817],[-83.546376,37.735947],[-83.546291,37.736003],[-83.546167,37.736118],[-83.546128,37.736146],[-83.546095,37.736163]]}},{"type":"Feature","properties":{"osm_id":16383895,"highway":"residential","name":"Marion Street","alt_name":null,"official_name":null,"surface":null,"tracktype":null,"service":null,"access":null,"motor_vehicle":null,"foot":null,"tiger_reviewed":"no","rrgh_part":0,"rrgh_tile_part":0},"geometry":{"type":"LineString","coordinates":[[-83.5469074,37.7353822],[-83.546921,37.735559],[-83.546915,37.735621],[-83.546888,37.735685]]}},{"type":"Feature","properties":{"osm_id":16383898,"highway":"residential","name":"Marion Street","alt_name":null,"official_name":null,"surface":null,"tracktype":null,"service":null,"access":null,"motor_vehicle":null,"foot":null,"tiger_reviewed":"no","rrgh_part":0,"rrgh_tile_part":0},"geometry":{"type":"LineString","coordinates":[[-83.546572,37.733621],[-83.546553,37.73364],[-83.546537,37.733678],[-83.546529,37.733722],[-83.5466668,37.7343401],[-83.5467208,37.7344958],[-83.5468262,37.7349931],[-83.5469074,37.7353822]]}},{"type":"Feature","properties":{"osm_id":16384004,"highway":"residential","name":"Mill Street","alt_name":null,"official_name":null,"surface":null,"tracktype":null,"service":null,"access":null,"motor_vehicle":null,"foot":null,"tiger_reviewed":"no","rrgh_part":0,"rrgh_tile_part":0},"geometry":{"type":"LineString","coordinates":[[-83.5483152,37.7333795],[-83.548502,37.734267],[-83.54866,37.735023],[-83.548699,37.73517]]}},{"type":"Feature","properties":{"osm_id":16384042,"highway":"residential","name":"Wolfe County High School Road","alt_name":null,"official_name":null,"surface":null,"tracktype":null,"service":null,"access":null,"motor_vehicle":null,"foot":null,"tiger_reviewed":"no","rrgh_part":0,"rrgh_tile_part":0},"geometry":{"type":"LineString","coordinates":[[-83.551416,37.737007],[-83.551428,37.736983],[-83.551444,37.736881],[-83.551476,37.736802],[-83.551503,37.736764],[-83.551594,37.736662],[-83.551639,37.736601],[-83.551667,37.736537],[-83.551683,37.736442],[-83.55169,37.736126],[-83.551685,37.735968],[-83.551675,37.735935],[-83.55166,37.735907],[-83.551637,37.735882],[-83.551607,37.73586],[-83.551568,37.735845],[-83.551524,37.735838],[-83.551476,37.735836],[-83.551218,37.735853],[-83.551112,37.735863],[-83.550616,37.735911],[-83.550483,37.735932],[-83.550256,37.735987],[-83.550183,37.736],[-83.54993,37.736034]]}},{"type":"Feature","properties":{"osm_id":16384044,"highway":"residential","name":"Wolfe County High School Road","alt_name":null,"official_name":null,"surface":null,"tracktype":null,"service":null,"access":null,"motor_vehicle":null,"foot":null,"tiger_reviewed":"no","rrgh_part":0,"rrgh_tile_part":0},"geometry":{"type":"LineString","coordinates":[[-83.551411,37.737068],[-83.551416,37.737007],[-83.5513876,37.7370221],[-83.5511029,37.7370426],[-83.5511162,37.7371977],[-83.5514217,37.7371788],[-83.551411,37.737068]]}},{"type":"Feature","properties":{"osm_id":16385115,"highway":"residential","name":"Court Street","alt_name":null,"official_name":null,"surface":null,"tracktype":null,"service":null,"access":null,"motor_vehicle":null,"foot":null,"tiger_reviewed":"no","rrgh_part":0,"rrgh_tile_part":0},"geometry":{"type":"LineString","coordinates":[[-83.547525,37.734898],[-83.5468262,37.7349931]]}},{"type":"Feature","properties":{"osm_id":16385124,"highway":"residential","name":"High School Road","alt_name":null,"official_name":null,"surface":null,"tracktype":null,"service":null,"access":null,"motor_vehicle":null,"foot":null,"tiger_reviewed":"no","rrgh_part":0,"rrgh_tile_part":0},"geometry":{"type":"LineString","coordinates":[[-83.550376,37.73685],[-83.550449,37.736805],[-83.5505137,37.7367434],[-83.550476,37.736467],[-83.550477,37.736434],[-83.550404,37.736072],[-83.550402,37.736015],[-83.55041,37.735989],[-83.550433,37.735961],[-83.550483,37.735932]]}},{"type":"Feature","properties":{"osm_id":110609526,"highway":"residential","name":"Drake Street","alt_name":null,"official_name":null,"surface":null,"tracktype":null,"service":null,"access":null,"motor_vehicle":null,"foot":null,"tiger_reviewed":"no","rrgh_part":0,"rrgh_tile_part":0},"geometry":{"type":"LineString","coordinates":[[-83.549406,37.7332279],[-83.5483152,37.7333795],[-83.5472275,37.7335067],[-83.5466572,37.7335797],[-83.546596,37.733597],[-83.546572,37.733621]]}},{"type":"Feature","properties":{"osm_id":110609557,"highway":"unclassified","name":"Washington Street","alt_name":null,"official_name":null,"surface":null,"tracktype":null,"service":null,"access":null,"motor_vehicle":null,"foot":null,"tiger_reviewed":"no","rrgh_part":0,"rrgh_tile_part":0},"geometry":{"type":"LineString","coordinates":[[-83.547408,37.734403],[-83.547525,37.734898],[-83.547624,37.735334],[-83.5476894,37.7355997],[-83.5477699,37.7359245],[-83.547929,37.736566],[-83.548099,37.737203],[-83.548356,37.73807]]}},{"type":"Feature","properties":{"osm_id":110609574,"highway":"residential","name":"Johnson Street","alt_name":null,"official_name":null,"surface":null,"tracktype":null,"service":null,"access":null,"motor_vehicle":null,"foot":null,"tiger_reviewed":"no","rrgh_part":0,"rrgh_tile_part":0},"geometry":{"type":"LineString","coordinates":[[-83.5497369,37.7349977],[-83.549838,37.735597],[-83.54993,37.736034],[-83.549994,37.736284],[-83.550093,37.736482],[-83.550157,37.736577],[-83.550376,37.73685],[-83.550477,37.736995],[-83.55053,37.737107],[-83.550565,37.737231],[-83.550577,37.737361],[-83.550571,37.737485],[-83.550608,37.737684],[-83.550689,37.737998],[-83.550712,37.738127],[-83.550745,37.738245],[-83.550776,37.738294],[-83.550816,37.738337]]}},{"type":"Feature","properties":{"osm_id":965487061,"highway":"service","name":null,"alt_name":null,"official_name":null,"surface":null,"tracktype":null,"service":null,"access":null,"motor_vehicle":null,"foot":null,"tiger_reviewed":null,"rrgh_part":0,"rrgh_tile_part":0},"geometry":{"type":"LineString","coordinates":[[-83.5476894,37.7355997],[-83.5470776,37.7358148],[-83.5464009,37.7360961],[-83.5463112,37.7361859],[-83.5462825,37.736236]]}},{"type":"Feature","properties":{"osm_id":965487608,"highway":"service","name":null,"alt_name":null,"official_name":null,"surface":null,"tracktype":null,"service":null,"access":null,"motor_vehicle":null,"foot":null,"tiger_reviewed":null,"rrgh_part":0,"rrgh_tile_part":0},"geometry":{"type":"LineString","coordinates":[[-83.550976,37.738441],[-83.5509461,37.7383606],[-83.5509553,37.7382647],[-83.550918,37.7381149],[-83.5508484,37.7377321],[-83.550804,37.7374138],[-83.5507558,37.7371759],[-83.5506759,37.7370171],[-83.5505618,37.736841],[-83.5505137,37.7367434]]}},{"type":"Feature","properties":{"osm_id":1301298150,"highway":"service","name":null,"alt_name":null,"official_name":null,"surface":null,"tracktype":null,"service":null,"access":null,"motor_vehicle":null,"foot":null,"tiger_reviewed":null,"rrgh_part":0,"rrgh_tile_part":0},"geometry":{"type":"LineString","coordinates":[[-83.5477699,37.7359245],[-83.5469445,37.7360589]]}},{"type":"Feature","properties":{"osm_id":1525654241,"highway":"service","name":null,"alt_name":null,"official_name":null,"surface":null,"tracktype":null,"service":null,"access":null,"motor_vehicle":null,"foot":null,"tiger_reviewed":null,"rrgh_part":0,"rrgh_tile_part":0},"geometry":{"type":"LineString","coordinates":[[-83.5419927,37.7268471],[-83.5417838,37.7268298],[-83.5413226,37.7267182],[-83.5407988,37.7264586],[-83.5404009,37.7262686],[-83.5403193,37.7261275],[-83.540608,37.7255387]]}},{"type":"Feature","properties":{"osm_id":1525654243,"highway":"service","name":null,"alt_name":null,"official_name":null,"surface":null,"tracktype":null,"service":null,"access":null,"motor_vehicle":null,"foot":null,"tiger_reviewed":null,"rrgh_part":0,"rrgh_tile_part":0},"geometry":{"type":"LineString","coordinates":[[-83.5419854,37.7257947],[-83.5424372,37.7258583]]}},{"type":"Feature","properties":{"osm_id":16382811,"highway":"residential","name":"Elkins Road","alt_name":null,"official_name":null,"surface":null,"tracktype":null,"service":null,"access":null,"motor_vehicle":null,"foot":null,"tiger_reviewed":"no","rrgh_part":0,"rrgh_tile_part":0},"geometry":{"type":"LineString","coordinates":[[-83.542188,37.725189],[-83.542097,37.724676],[-83.542085,37.724285],[-83.542028,37.724034],[-83.541953,37.723855],[-83.541919,37.723698],[-83.541987,37.723614],[-83.542155,37.723601],[-83.542803,37.723723]]}},{"type":"Feature","properties":{"osm_id":16381176,"highway":"residential","name":null,"alt_name":null,"official_name":null,"surface":null,"tracktype":null,"service":null,"access":null,"motor_vehicle":null,"foot":null,"tiger_reviewed":"no","rrgh_part":0,"rrgh_tile_part":0},"geometry":{"type":"LineString","coordinates":[[-83.533564,37.725025],[-83.533618,37.724277],[-83.533615,37.724205],[-83.533582,37.72398],[-83.533545,37.723828],[-83.533385,37.723379],[-83.533345,37.723231],[-83.533336,37.723156],[-83.533327,37.722933],[-83.533316,37.722787],[-83.533252,37.722292],[-83.533238,37.722127],[-83.533243,37.722086],[-83.533255,37.722053],[-83.533329,37.721946],[-83.533347,37.721885]]}},{"type":"Feature","properties":{"osm_id":1525654239,"highway":"service","name":null,"alt_name":null,"official_name":null,"surface":null,"tracktype":null,"service":null,"access":null,"motor_vehicle":null,"foot":null,"tiger_reviewed":null,"rrgh_part":0,"rrgh_tile_part":0},"geometry":{"type":"LineString","coordinates":[[-83.5422085,37.7261108],[-83.5422121,37.7263478],[-83.5423328,37.7265212],[-83.5420381,37.7269618]]}},{"type":"Feature","properties":{"osm_id":1525654240,"highway":"service","name":null,"alt_name":null,"official_name":null,"surface":null,"tracktype":null,"service":null,"access":null,"motor_vehicle":null,"foot":null,"tiger_reviewed":null,"rrgh_part":0,"rrgh_tile_part":0},"geometry":{"type":"LineString","coordinates":[[-83.5423328,37.7265212],[-83.5426917,37.7266823]]}},{"type":"Feature","properties":{"osm_id":1525654242,"highway":"service","name":null,"alt_name":null,"official_name":null,"surface":null,"tracktype":null,"service":null,"access":null,"motor_vehicle":null,"foot":null,"tiger_reviewed":null,"rrgh_part":0,"rrgh_tile_part":0},"geometry":{"type":"LineString","coordinates":[[-83.543681,37.726917],[-83.543772,37.7267912],[-83.543772,37.7267318],[-83.5437559,37.7266682],[-83.5436809,37.7265961],[-83.5435629,37.726524],[-83.5434504,37.7264604],[-83.5433324,37.7264011],[-83.5432574,37.7263629],[-83.5432199,37.7263502],[-83.5431877,37.7263417],[-83.543177,37.7263417],[-83.5431448,37.7263544],[-83.5430805,37.7264265],[-83.5430054,37.7265131]]}},{"type":"Feature","properties":{"osm_id":16382728,"highway":"residential","name":"Back Street","alt_name":null,"official_name":null,"surface":null,"tracktype":null,"service":null,"access":null,"motor_vehicle":null,"foot":null,"tiger_reviewed":"no","rrgh_part":0,"rrgh_tile_part":0},"geometry":{"type":"LineString","coordinates":[[-83.542129,37.735138],[-83.542139,37.735248],[-83.54213,37.735353],[-83.542122,37.735394],[-83.542108,37.735434],[-83.542029,37.735609],[-83.541995,37.73571],[-83.541956,37.735932],[-83.541925,37.736042],[-83.541777,37.736372],[-83.541679,37.736626],[-83.541372,37.737505],[-83.541297,37.737797],[-83.541205,37.73819],[-83.541136,37.738427],[-83.541058,37.738663],[-83.541025,37.738735],[-83.540999,37.738815],[-83.540801,37.739238],[-83.540718,37.73945],[-83.540669,37.739605],[-83.540622,37.739842],[-83.540587,37.740092],[-83.54057,37.740176],[-83.540546,37.740258],[-83.54038,37.74064],[-83.540355,37.740713],[-83.540337,37.740783],[-83.540323,37.740911],[-83.540321,37.741079]]}},{"type":"Feature","properties":{"osm_id":16384449,"highway":"residential","name":"Steele Street","alt_name":null,"official_name":null,"surface":null,"tracktype":null,"service":null,"access":null,"motor_vehicle":null,"foot":null,"tiger_reviewed":"no","rrgh_part":0,"rrgh_tile_part":0},"geometry":{"type":"LineString","coordinates":[[-83.537601,37.736336],[-83.537446,37.73629],[-83.537212,37.736236],[-83.537066,37.736208],[-83.53683,37.736177],[-83.536574,37.736163],[-83.536003,37.736153],[-83.535678,37.73616],[-83.535578,37.736162],[-83.535272,37.736191],[-83.534903,37.736209],[-83.534658,37.736215],[-83.53444,37.736214],[-83.534234,37.736197],[-83.533904,37.736145],[-83.53343,37.736096],[-83.533323,37.736094],[-83.533262,37.736087],[-83.532845,37.73607],[-83.532618,37.736056],[-83.532337,37.736045],[-83.532089,37.736017],[-83.531859,37.735979],[-83.531809,37.735969],[-83.531763,37.735954]]}},{"type":"Feature","properties":{"osm_id":1216051991,"highway":"residential","name":"Mockingbird Lane","alt_name":null,"official_name":null,"surface":null,"tracktype":null,"service":null,"access":null,"motor_vehicle":null,"foot":null,"tiger_reviewed":null,"rrgh_part":0,"rrgh_tile_part":0},"geometry":{"type":"LineString","coordinates":[[-83.5444374,37.729077],[-83.5440382,37.7294262],[-83.5439409,37.7295584],[-83.5438245,37.7297291],[-83.543412,37.7301274],[-83.5432385,37.7302529],[-83.5430438,37.7304018],[-83.5426312,37.7306946],[-83.5425403,37.7308051],[-83.5425064,37.7309172],[-83.5425382,37.7310326],[-83.5426101,37.7311163],[-83.5427032,37.7312067],[-83.5427455,37.7312803],[-83.5427455,37.7314008],[-83.5426461,37.7317605],[-83.5424789,37.7322976],[-83.5424091,37.7324516],[-83.542335,37.7326122],[-83.5421869,37.7328231],[-83.5420706,37.7329737],[-83.5417934,37.7332481],[-83.541512,37.7334857],[-83.5413301,37.7336078],[-83.5411227,37.7336915],[-83.5408625,37.7337517],[-83.540708,37.7338086],[-83.540653,37.7338404],[-83.5406298,37.7338822],[-83.5406488,37.7339492],[-83.5407207,37.733981],[-83.5409323,37.7339893],[-83.5411735,37.7339726],[-83.5413745,37.7339458],[-83.5417638,37.7338253],[-83.5419436,37.7337517],[-83.5421975,37.7335677],[-83.5424366,37.733387],[-83.5426334,37.7332246],[-83.5427878,37.7331276],[-83.5429084,37.7329904]]}},{"type":"Feature","properties":{"osm_id":1232510231,"highway":"service","name":"Little Wolfe Drive","alt_name":null,"official_name":null,"surface":null,"tracktype":null,"service":null,"access":null,"motor_vehicle":null,"foot":null,"tiger_reviewed":null,"rrgh_part":0,"rrgh_tile_part":0},"geometry":{"type":"LineString","coordinates":[[-83.5376307,37.731395],[-83.5381864,37.7310589],[-83.53948,37.7281817],[-83.5398583,37.7277791],[-83.5400404,37.7270736],[-83.5399237,37.7268667],[-83.5396855,37.7267485],[-83.5391647,37.7265119],[-83.5391229,37.7264764],[-83.539093,37.7264255],[-83.5390773,37.7263595],[-83.5390591,37.7262486]]}},{"type":"Feature","properties":{"osm_id":16381391,"highway":"service","name":null,"alt_name":null,"official_name":null,"surface":null,"tracktype":null,"service":null,"access":"private","motor_vehicle":null,"foot":null,"tiger_reviewed":"no","rrgh_part":0,"rrgh_tile_part":0},"geometry":{"type":"LineString","coordinates":[[-83.540271,37.735393],[-83.540453,37.735622],[-83.540465,37.735899],[-83.540505,37.736155]]}},{"type":"Feature","properties":{"osm_id":16381398,"highway":"service","name":null,"alt_name":null,"official_name":null,"surface":null,"tracktype":null,"service":null,"access":"private","motor_vehicle":null,"foot":null,"tiger_reviewed":"no","rrgh_part":0,"rrgh_tile_part":0},"geometry":{"type":"LineString","coordinates":[[-83.540153,37.735409],[-83.540255,37.73576]]}},{"type":"Feature","properties":{"osm_id":16382955,"highway":"residential","name":"Cemetery Street","alt_name":null,"official_name":null,"surface":null,"tracktype":null,"service":null,"access":null,"motor_vehicle":null,"foot":null,"tiger_reviewed":"no","rrgh_part":0,"rrgh_tile_part":0},"geometry":{"type":"LineString","coordinates":[[-83.545199,37.735674],[-83.545048,37.735714],[-83.544825,37.735795],[-83.544599,37.735924],[-83.544483,37.736016],[-83.544414,37.736092],[-83.544316,37.736227],[-83.54426,37.736322],[-83.544215,37.73642],[-83.54415,37.736608],[-83.544123,37.736654],[-83.54409,37.736699],[-83.54405,37.73674],[-83.543964,37.736816],[-83.543724,37.736956],[-83.543675,37.737001],[-83.543601,37.737099],[-83.543577,37.737118],[-83.543359,37.737243],[-83.543324,37.737259],[-83.54329,37.737283],[-83.543239,37.737335],[-83.543174,37.737438],[-83.542931,37.737739],[-83.542779,37.737916],[-83.542676,37.738007],[-83.542614,37.738049],[-83.542383,37.738188],[-83.542362,37.738204],[-83.542276,37.738291],[-83.542211,37.738385],[-83.542161,37.738506]]}},{"type":"Feature","properties":{"osm_id":16383322,"highway":"residential","name":"Rose Street","alt_name":null,"official_name":null,"surface":null,"tracktype":null,"service":null,"access":null,"motor_vehicle":null,"foot":null,"tiger_reviewed":"no","rrgh_part":0,"rrgh_tile_part":0},"geometry":{"type":"LineString","coordinates":[[-83.54369,37.734925],[-83.543698,37.735031],[-83.543802,37.73552],[-83.543847,37.735768],[-83.543858,37.735868],[-83.543868,37.736041]]}},{"type":"Feature","properties":{"osm_id":1104204384,"highway":"service","name":null,"alt_name":null,"official_name":null,"surface":null,"tracktype":null,"service":null,"access":null,"motor_vehicle":null,"foot":null,"tiger_reviewed":null,"rrgh_part":0,"rrgh_tile_part":0},"geometry":{"type":"LineString","coordinates":[[-83.5431652,37.7349966],[-83.5430485,37.7346286],[-83.5430123,37.7345915],[-83.5429788,37.734583],[-83.5429278,37.7345809],[-83.5425738,37.734635],[-83.5425268,37.734653],[-83.5424812,37.7346922],[-83.5424611,37.7347485],[-83.5424598,37.7348566],[-83.5424893,37.7350041],[-83.5425084,37.7350862]]}},{"type":"Feature","properties":{"osm_id":16382948,"highway":"residential","name":"Englewood Apartments Road","alt_name":null,"official_name":null,"surface":null,"tracktype":null,"service":null,"access":null,"motor_vehicle":null,"foot":null,"tiger_reviewed":"no","rrgh_part":0,"rrgh_tile_part":0},"geometry":{"type":"LineString","coordinates":[[-83.537382,37.736911],[-83.537525,37.736908],[-83.537577,37.736903],[-83.537629,37.73689],[-83.537729,37.736849],[-83.537774,37.736822],[-83.537849,37.736758],[-83.538036,37.73653],[-83.538202,37.736378],[-83.538354,37.736229]]}},{"type":"Feature","properties":{"osm_id":16384291,"highway":"residential","name":"County Road 1289","alt_name":null,"official_name":null,"surface":null,"tracktype":null,"service":null,"access":null,"motor_vehicle":null,"foot":null,"tiger_reviewed":"no","rrgh_part":0,"rrgh_tile_part":0},"geometry":{"type":"LineString","coordinates":[[-83.537522,37.736515],[-83.537316,37.73646],[-83.537235,37.73644],[-83.536598,37.736281],[-83.536545,37.736274],[-83.536496,37.736275],[-83.536453,37.736283],[-83.536415,37.736299],[-83.536385,37.73632],[-83.536345,37.73637],[-83.536293,37.736449],[-83.536249,37.736477],[-83.536216,37.736488],[-83.536135,37.736489],[-83.536,37.73648],[-83.535903,37.736485],[-83.535758,37.7365],[-83.535711,37.736499],[-83.535642,37.736485],[-83.535605,37.736466],[-83.535584,37.736445],[-83.535569,37.73641],[-83.535568,37.736388],[-83.535583,37.736337],[-83.535617,37.736267],[-83.535678,37.73616]]}},{"type":"Feature","properties":{"osm_id":16385198,"highway":"residential","name":"County Road 1290","alt_name":null,"official_name":null,"surface":null,"tracktype":null,"service":null,"access":null,"motor_vehicle":null,"foot":null,"tiger_reviewed":"no","rrgh_part":0,"rrgh_tile_part":0},"geometry":{"type":"LineString","coordinates":[[-83.537355,37.736986],[-83.537278,37.736962],[-83.537225,37.736938],[-83.537203,37.73692],[-83.537186,37.736897],[-83.537178,37.736868],[-83.537189,37.736807],[-83.537316,37.73646]]}},{"type":"Feature","properties":{"osm_id":16381927,"highway":"service","name":null,"alt_name":null,"official_name":null,"surface":null,"tracktype":null,"service":null,"access":"private","motor_vehicle":null,"foot":null,"tiger_reviewed":"no","rrgh_part":0,"rrgh_tile_part":0},"geometry":{"type":"LineString","coordinates":[[-83.566554,37.742081],[-83.566401,37.742485],[-83.566345,37.742665],[-83.566326,37.742741],[-83.566304,37.74289],[-83.566296,37.742999],[-83.566261,37.743252],[-83.566264,37.743309]]}},{"type":"Feature","properties":{"osm_id":16382177,"highway":"residential","name":null,"alt_name":null,"official_name":null,"surface":null,"tracktype":null,"service":null,"access":null,"motor_vehicle":null,"foot":null,"tiger_reviewed":"no","rrgh_part":0,"rrgh_tile_part":0},"geometry":{"type":"LineString","coordinates":[[-83.563735,37.744402],[-83.563609,37.744414],[-83.563476,37.744473],[-83.563364,37.74458],[-83.563403,37.744691],[-83.563538,37.744785],[-83.563723,37.744811],[-83.563881,37.744753],[-83.563914,37.744642],[-83.563931,37.744535],[-83.563841,37.744442],[-83.563735,37.744402]]}},{"type":"Feature","properties":{"osm_id":16382945,"highway":"residential","name":"Mt Parkway Service Road No 2","alt_name":null,"official_name":null,"surface":null,"tracktype":null,"service":null,"access":null,"motor_vehicle":null,"foot":null,"tiger_reviewed":"no","rrgh_part":0,"rrgh_tile_part":0},"geometry":{"type":"LineString","coordinates":[[-83.563727,37.742389],[-83.563539,37.742504],[-83.563316,37.742662],[-83.563108,37.742796],[-83.562783,37.742968],[-83.562745,37.742993]]}},{"type":"Feature","properties":{"osm_id":16383424,"highway":"residential","name":"Maddox Lane","alt_name":null,"official_name":null,"surface":null,"tracktype":null,"service":null,"access":null,"motor_vehicle":null,"foot":null,"tiger_reviewed":"no","rrgh_part":0,"rrgh_tile_part":0},"geometry":{"type":"LineString","coordinates":[[-83.562745,37.742993],[-83.563214,37.743652],[-83.563568,37.744291],[-83.563609,37.744414]]}},{"type":"Feature","properties":{"osm_id":16382164,"highway":"residential","name":null,"alt_name":null,"official_name":null,"surface":null,"tracktype":null,"service":null,"access":null,"motor_vehicle":null,"foot":null,"tiger_reviewed":"no","rrgh_part":0,"rrgh_tile_part":0},"geometry":{"type":"LineString","coordinates":[[-83.561011,37.748852],[-83.560649,37.749491],[-83.55993,37.749661],[-83.55995204393673,37.75]]}},{"type":"Feature","properties":{"osm_id":16383389,"highway":"residential","name":"Quillen Chapel School Road","alt_name":null,"official_name":null,"surface":null,"tracktype":null,"service":null,"access":null,"motor_vehicle":null,"foot":null,"tiger_reviewed":"no","rrgh_part":0,"rrgh_tile_part":0},"geometry":{"type":"LineString","coordinates":[[-83.568554,37.741982],[-83.568565,37.742051],[-83.568588,37.742105],[-83.568655,37.7422],[-83.568807,37.742376],[-83.568901,37.742504],[-83.568988,37.742648],[-83.569163,37.742981],[-83.569299,37.743278],[-83.569439,37.743627],[-83.569476,37.743744],[-83.56958,37.744261],[-83.569671,37.744566],[-83.5697221,37.7447212],[-83.569901,37.745264],[-83.569956,37.745473],[-83.570074,37.746251],[-83.570114,37.746457],[-83.570153,37.746593],[-83.570175,37.746651],[-83.570206,37.746711],[-83.570243,37.746763],[-83.570287,37.746812],[-83.570392,37.746896],[-83.570541,37.746996],[-83.570592,37.747023],[-83.570671,37.747079],[-83.57071,37.747122],[-83.570717,37.747141],[-83.570717,37.747159],[-83.570704,37.747181],[-83.570676,37.747204]]}},{"type":"Feature","properties":{"osm_id":16384388,"highway":"residential","name":"Russell Drive","alt_name":null,"official_name":null,"surface":null,"tracktype":null,"service":null,"access":null,"motor_vehicle":null,"foot":null,"tiger_reviewed":"no","rrgh_part":0,"rrgh_tile_part":0},"geometry":{"type":"LineString","coordinates":[[-83.562745,37.742993],[-83.562724,37.743006],[-83.562685,37.743049],[-83.562668,37.743076],[-83.562662,37.743112],[-83.562671,37.743186],[-83.562742,37.743393],[-83.562751,37.743437],[-83.562751,37.743485],[-83.562736,37.743529],[-83.562652,37.743589],[-83.562604,37.743594],[-83.562561,37.743586],[-83.562521,37.743571],[-83.562447,37.743524],[-83.562369,37.743465],[-83.562266,37.743412],[-83.562207,37.74339],[-83.562141,37.743372],[-83.562074,37.743362],[-83.562008,37.743359],[-83.561948,37.743367],[-83.561897,37.743386],[-83.561856,37.743416],[-83.561831,37.74345],[-83.561814,37.743488],[-83.561802,37.743572],[-83.561809,37.743662],[-83.56183,37.743754],[-83.561952,37.744056],[-83.561997,37.744229],[-83.562097,37.744826],[-83.562137,37.745006],[-83.562196,37.745314],[-83.56234,37.745878],[-83.562371,37.746031],[-83.562381,37.746107],[-83.562385,37.746256],[-83.56238,37.746327],[-83.562368,37.746394],[-83.562311,37.746573],[-83.562254,37.746694],[-83.562233,37.746766],[-83.562217,37.746841],[-83.562212,37.746921],[-83.56222,37.747078],[-83.562234,37.747184],[-83.562238,37.747272],[-83.562247,37.747294]]}},{"type":"Feature","properties":{"osm_id":16384650,"highway":"residential","name":"East Spencer Road","alt_name":null,"official_name":null,"surface":null,"tracktype":null,"service":null,"access":null,"motor_vehicle":null,"foot":null,"tiger_reviewed":"no","rrgh_part":0,"rrgh_tile_part":0},"geometry":{"type":"LineString","coordinates":[[-83.557122,37.748201],[-83.55715,37.748234],[-83.557189,37.74826],[-83.557289,37.748306],[-83.557408,37.748345],[-83.557933,37.748487],[-83.558287,37.748592],[-83.558767,37.748765],[-83.559269,37.748975],[-83.55942,37.749026],[-83.559572,37.74906],[-83.559647,37.749069],[-83.559723,37.749069],[-83.559797,37.74906],[-83.559864,37.749042],[-83.559926,37.749017],[-83.559985,37.748987],[-83.560197,37.74884],[-83.560251,37.74881],[-83.560307,37.748785],[-83.560363,37.748767],[-83.560469,37.748742],[-83.560514,37.748738],[-83.56061,37.748744],[-83.560658,37.748755],[-83.560883,37.748824],[-83.561011,37.748852],[-83.561074,37.748858],[-83.561197,37.748857],[-83.561307,37.748845],[-83.561511,37.748804],[-83.561723,37.74877],[-83.562426,37.748643],[-83.562511,37.74862],[-83.562594,37.748592],[-83.562742,37.748534],[-83.562813,37.748497],[-83.563316,37.748262],[-83.563511,37.74818],[-83.563744,37.748072],[-83.564158,37.74788],[-83.56436,37.747806],[-83.564444,37.747783],[-83.564525,37.747766],[-83.564583,37.74776],[-83.564682,37.74776],[-83.56476,37.747771],[-83.565017,37.747827],[-83.565369,37.747897],[-83.565695,37.747927],[-83.565859,37.747934],[-83.566389,37.747918],[-83.566579,37.747902],[-83.566675,37.747884],[-83.566768,37.74786],[-83.567036,37.747772],[-83.567351,37.747628],[-83.567601,37.747534],[-83.567902,37.747413],[-83.568304,37.747258],[-83.568387,37.747236],[-83.568476,37.747224],[-83.568566,37.747222],[-83.568658,37.747232],[-83.568856,37.747263],[-83.56893,37.747295],[-83.569246,37.747453],[-83.569336,37.747471],[-83.569427,37.747474],[-83.569516,37.747469],[-83.569605,37.747451],[-83.569773,37.7474],[-83.570062,37.747288],[-83.570203,37.747244],[-83.570273,37.74723],[-83.570342,37.747223],[-83.570536,37.747234],[-83.570588,37.747233],[-83.570632,37.747223],[-83.570676,37.747204]]}},{"type":"Feature","properties":{"osm_id":16384855,"highway":"residential","name":"Pelfrey Drive","alt_name":null,"official_name":null,"surface":null,"tracktype":null,"service":null,"access":null,"motor_vehicle":null,"foot":null,"tiger_reviewed":"no","rrgh_part":0,"rrgh_tile_part":0},"geometry":{"type":"LineString","coordinates":[[-83.564583,37.74776],[-83.564586,37.747649],[-83.564577,37.747321],[-83.564584,37.747138],[-83.564604,37.747017],[-83.564661,37.74676],[-83.564721,37.746546],[-83.564776,37.746399],[-83.564916,37.745955],[-83.56497,37.745727],[-83.564992,37.74557],[-83.565005,37.74533],[-83.56501,37.745015],[-83.565005,37.744353],[-83.565028,37.743961],[-83.565027,37.743845],[-83.565008,37.743392],[-83.565014,37.743173],[-83.565005,37.743068],[-83.564978,37.742967],[-83.564938,37.742871],[-83.564888,37.742782],[-83.564801,37.742657],[-83.564587,37.742385],[-83.564561,37.742328],[-83.56455,37.742275],[-83.564548,37.74219]]}},{"type":"Feature","properties":{"osm_id":1232510615,"highway":"residential","name":"Buffalo Trail","alt_name":null,"official_name":null,"surface":null,"tracktype":null,"service":null,"access":null,"motor_vehicle":null,"foot":null,"tiger_reviewed":null,"rrgh_part":0,"rrgh_tile_part":0},"geometry":{"type":"LineString","coordinates":[[-83.5697221,37.7447212],[-83.5682129,37.7450524],[-83.5679017,37.7452132],[-83.5675936,37.7454934],[-83.5674519,37.7457979],[-83.5673933,37.7459514],[-83.5673286,37.7461098],[-83.56723,37.7462072],[-83.5671253,37.7462413],[-83.5670606,37.746234],[-83.5670113,37.7461877],[-83.5669681,37.7459977],[-83.5668079,37.7452059],[-83.5666138,37.7442143]]}},{"type":"Feature","properties":{"osm_id":16382236,"highway":"residential","name":null,"alt_name":null,"official_name":null,"surface":null,"tracktype":null,"service":null,"access":null,"motor_vehicle":null,"foot":null,"tiger_reviewed":"no","rrgh_part":0,"rrgh_tile_part":0},"geometry":{"type":"LineString","coordinates":[[-83.563744,37.748072],[-83.563777,37.748512],[-83.563746,37.748996],[-83.563654,37.749318],[-83.5634,37.749406],[-83.561835,37.749891]]}},{"type":"Feature","properties":{"osm_id":16382767,"highway":"residential","name":"Bear Branch Road","alt_name":null,"official_name":null,"surface":null,"tracktype":null,"service":null,"access":null,"motor_vehicle":null,"foot":null,"tiger_reviewed":"no","rrgh_part":0,"rrgh_tile_part":0},"geometry":{"type":"LineString","coordinates":[[-83.549039,37.743758],[-83.54907,37.743885],[-83.549105,37.744126],[-83.549107,37.744311],[-83.54908,37.744503],[-83.549042,37.744622],[-83.548967,37.744726]]}},{"type":"Feature","properties":{"osm_id":16383281,"highway":"residential","name":"Cs-1021","alt_name":null,"official_name":null,"surface":null,"tracktype":null,"service":null,"access":null,"motor_vehicle":null,"foot":null,"tiger_reviewed":"no","rrgh_part":0,"rrgh_tile_part":0},"geometry":{"type":"LineString","coordinates":[[-83.547581,37.74343],[-83.547472,37.743303],[-83.547287,37.74312],[-83.547164,37.742868],[-83.547046,37.742719],[-83.546941,37.742609],[-83.546829,37.742502],[-83.546562,37.742314],[-83.546483,37.742271],[-83.546412,37.742239],[-83.546321,37.742217],[-83.546115,37.742222],[-83.546002,37.742241],[-83.545903,37.742282],[-83.545708,37.742425],[-83.545543,37.74256],[-83.545481,37.742632],[-83.545459,37.742682]]}},{"type":"Feature","properties":{"osm_id":16383844,"highway":"residential","name":"Wilgus Tolson Road","alt_name":null,"official_name":null,"surface":null,"tracktype":null,"service":null,"access":null,"motor_vehicle":null,"foot":null,"tiger_reviewed":"no","rrgh_part":0,"rrgh_tile_part":0},"geometry":{"type":"LineString","coordinates":[[-83.5489996,37.74267],[-83.5489641,37.7425758],[-83.5489499,37.7424311],[-83.548924,37.742354],[-83.5489436,37.7422613],[-83.548956,37.742117],[-83.548947,37.741993],[-83.548913,37.741886],[-83.548873,37.741792],[-83.54881,37.741674],[-83.548688,37.741494],[-83.548655,37.741455],[-83.548619,37.741421],[-83.548519,37.741376],[-83.548463,37.741365],[-83.548404,37.741361],[-83.54835,37.741367],[-83.548297,37.74138],[-83.548246,37.741398],[-83.548201,37.741424],[-83.548161,37.741457],[-83.548133,37.741496],[-83.548106,37.741622],[-83.548099,37.741748],[-83.548086,37.741832],[-83.548073,37.741878],[-83.547928,37.742178],[-83.547884,37.742333],[-83.547814,37.742648],[-83.547805,37.742749],[-83.54782,37.742911],[-83.547857,37.743079],[-83.547864,37.743131],[-83.54786,37.743183],[-83.547844,37.743234],[-83.547817,37.743283],[-83.547783,37.743326],[-83.547745,37.743365],[-83.547703,37.743396],[-83.54766,37.743415],[-83.547618,37.743427],[-83.547581,37.74343],[-83.547537,37.74343],[-83.54747,37.743422],[-83.547353,37.743392],[-83.547211,37.743344],[-83.547077,37.743285],[-83.546955,37.743212],[-83.546805,37.743108],[-83.546736,37.743053],[-83.546668,37.742992],[-83.546632,37.742971],[-83.546583,37.742953],[-83.546511,37.74294],[-83.546431,37.742943],[-83.546394,37.74295],[-83.546323,37.742979],[-83.546297,37.743001],[-83.546281,37.743026],[-83.546273,37.743069],[-83.546274,37.743096]]}},{"type":"Feature","properties":{"osm_id":16384114,"highway":"residential","name":"North Washington Street","alt_name":null,"official_name":null,"surface":null,"tracktype":null,"service":null,"access":null,"motor_vehicle":null,"foot":null,"tiger_reviewed":"no","rrgh_part":0,"rrgh_tile_part":0},"geometry":{"type":"LineString","coordinates":[[-83.5489717,37.7407219],[-83.5491318,37.7408281],[-83.5492492,37.7408936]]}},{"type":"Feature","properties":{"osm_id":16384528,"highway":"residential","name":"Buchanan Drive","alt_name":null,"official_name":null,"surface":null,"tracktype":null,"service":null,"access":null,"motor_vehicle":null,"foot":null,"tiger_reviewed":"no","rrgh_part":0,"rrgh_tile_part":0},"geometry":{"type":"LineString","coordinates":[[-83.549009,37.740387],[-83.548841,37.740416],[-83.548605,37.740429],[-83.548441,37.740456],[-83.547918,37.740568],[-83.547641,37.74061],[-83.547528,37.740609],[-83.547179,37.74065],[-83.546881,37.740692],[-83.546573,37.740747],[-83.546214,37.740789],[-83.545701,37.740843],[-83.545332,37.740898]]}},{"type":"Feature","properties":{"osm_id":16383650,"highway":"residential","name":"Washington Street","alt_name":null,"official_name":null,"surface":null,"tracktype":null,"service":null,"access":null,"motor_vehicle":null,"foot":null,"tiger_reviewed":"no","rrgh_part":0,"rrgh_tile_part":0},"geometry":{"type":"LineString","coordinates":[[-83.5492492,37.7408936],[-83.549617,37.741002],[-83.5507247,37.7410555],[-83.5516507,37.7410461],[-83.5517898,37.7410345],[-83.5519373,37.7410111],[-83.552092,37.7409608],[-83.5525923,37.7407337],[-83.5528386,37.7406569],[-83.5531453,37.7406115],[-83.5533449,37.7406137],[-83.5535064,37.7406251],[-83.553826,37.740701],[-83.5540617,37.7407384],[-83.5543017,37.7407445],[-83.554554,37.7407199],[-83.5546496,37.7406824],[-83.5546915,37.7406377],[-83.5547003,37.7406042],[-83.5547038,37.7405678],[-83.5546862,37.7405118],[-83.5546472,37.740467],[-83.5545871,37.7404292],[-83.554242,37.7403089],[-83.5541836,37.7402809],[-83.5541057,37.7402347],[-83.5540456,37.7401913],[-83.5538633,37.7400444],[-83.5538014,37.7400094],[-83.5536651,37.7399464],[-83.5528989,37.7396428]]}},{"type":"Feature","properties":{"osm_id":1157781281,"highway":"service","name":null,"alt_name":null,"official_name":null,"surface":null,"tracktype":null,"service":null,"access":null,"motor_vehicle":null,"foot":null,"tiger_reviewed":null,"rrgh_part":0,"rrgh_tile_part":0},"geometry":{"type":"LineString","coordinates":[[-83.547805,37.745572],[-83.54761,37.7454309],[-83.5474509,37.745233],[-83.5472928,37.7450571]]}},{"type":"Feature","properties":{"osm_id":16381884,"highway":"service","name":null,"alt_name":null,"official_name":null,"surface":null,"tracktype":null,"service":null,"access":"private","motor_vehicle":null,"foot":null,"tiger_reviewed":"no","rrgh_part":0,"rrgh_tile_part":0},"geometry":{"type":"LineString","coordinates":[[-83.5478084,37.7475529],[-83.547869,37.747594],[-83.547906,37.747614],[-83.54793,37.747617],[-83.547975,37.747612],[-83.548084,37.747579],[-83.548155,37.747546],[-83.548242,37.747481],[-83.548287,37.747437],[-83.548358,37.747344],[-83.548417,37.747214],[-83.54847,37.747068],[-83.548496,37.746955],[-83.548501,37.746849],[-83.548499,37.746709],[-83.548507,37.746646],[-83.548505,37.746621],[-83.548488,37.746593]]}},{"type":"Feature","properties":{"osm_id":16384049,"highway":"residential","name":"Lakeview Lane","alt_name":null,"official_name":null,"surface":null,"tracktype":null,"service":null,"access":null,"motor_vehicle":null,"foot":null,"tiger_reviewed":"no","rrgh_part":0,"rrgh_tile_part":0},"geometry":{"type":"LineString","coordinates":[[-83.547142,37.749115],[-83.54678,37.749036],[-83.546258,37.74895],[-83.546124,37.748912],[-83.546044,37.748879],[-83.545979,37.748838],[-83.545921,37.748788],[-83.545779,37.748642],[-83.545567,37.748476],[-83.545518,37.748424],[-83.545479,37.748359],[-83.54545,37.748287],[-83.545426,37.748126],[-83.545397,37.747751]]}},{"type":"Feature","properties":{"osm_id":16381136,"highway":"service","name":null,"alt_name":null,"official_name":null,"surface":null,"tracktype":null,"service":null,"access":"private","motor_vehicle":null,"foot":null,"tiger_reviewed":"no","rrgh_part":0,"rrgh_tile_part":0},"geometry":{"type":"LineString","coordinates":[[-83.53545,37.740474],[-83.535311,37.740432],[-83.535207,37.740383],[-83.535091,37.740309]]}},{"type":"Feature","properties":{"osm_id":16383447,"highway":"residential","name":"Him Perry Road","alt_name":null,"official_name":null,"surface":null,"tracktype":null,"service":null,"access":null,"motor_vehicle":null,"foot":null,"tiger_reviewed":"no","rrgh_part":0,"rrgh_tile_part":0},"geometry":{"type":"LineString","coordinates":[[-83.53847965625,37.75],[-83.538542,37.749874],[-83.538551,37.749844],[-83.538609,37.749716],[-83.538689,37.749497],[-83.538722,37.749424],[-83.538744,37.749395],[-83.538771,37.749373],[-83.538801,37.749355],[-83.538897,37.749315],[-83.53895,37.74927],[-83.539002,37.74918],[-83.539026,37.749097],[-83.539069,37.74901],[-83.53909,37.748949],[-83.539108,37.748825],[-83.539135,37.748577],[-83.539174,37.748463],[-83.539276,37.748242],[-83.539304,37.748201],[-83.539325,37.748158],[-83.539359,37.748064],[-83.539397,37.747866],[-83.539405,37.747764],[-83.539406,37.747569],[-83.539401,37.747414],[-83.539392,37.747356]]}},{"type":"Feature","properties":{"osm_id":16384575,"highway":"residential","name":"Hiram Branch Road","alt_name":null,"official_name":null,"surface":null,"tracktype":null,"service":null,"access":null,"motor_vehicle":null,"foot":null,"tiger_reviewed":"no","rrgh_part":0,"rrgh_tile_part":0},"geometry":{"type":"LineString","coordinates":[[-83.539392,37.747356],[-83.539377,37.747332],[-83.539353,37.747311],[-83.539326,37.747297],[-83.539293,37.747288],[-83.539196,37.747289],[-83.539088,37.747299],[-83.538971,37.74732],[-83.538466,37.747373],[-83.538284,37.747396],[-83.537988,37.747448],[-83.537924,37.74745],[-83.537866,37.747445],[-83.537814,37.747422],[-83.537756,37.747345],[-83.537739,37.74726],[-83.537725,37.747047],[-83.537697,37.746983],[-83.537664,37.746943],[-83.537608,37.74691],[-83.537552,37.746883],[-83.537496,37.746872],[-83.537448,37.746872],[-83.537405,37.746878],[-83.537343,37.746907],[-83.537282,37.746965],[-83.53723,37.747051],[-83.537193,37.747157],[-83.537175,37.747223],[-83.537142,37.747277],[-83.536989,37.747461],[-83.536939,37.747511],[-83.536837,37.7476],[-83.536726,37.747673],[-83.536616,37.747728],[-83.536491,37.747771],[-83.535825,37.747943],[-83.53573,37.747967],[-83.535558,37.748003],[-83.535373,37.748057],[-83.535281,37.748091],[-83.535187,37.748131],[-83.534909,37.748267],[-83.534819,37.748323],[-83.534435,37.748521],[-83.534349,37.748575],[-83.534254,37.748622],[-83.533996,37.748772],[-83.533762,37.748933],[-83.53369,37.748992],[-83.533623,37.749056],[-83.533561,37.749125],[-83.533442,37.749277],[-83.533246,37.749511],[-83.533171,37.749582],[-83.533089,37.749651],[-83.532999,37.749716],[-83.53252427859236,37.75]]}},{"type":"Feature","properties":{"osm_id":16385226,"highway":"residential","name":"Steele Cemetery Road","alt_name":null,"official_name":null,"surface":null,"tracktype":null,"service":null,"access":null,"motor_vehicle":null,"foot":null,"tiger_reviewed":"no","rrgh_part":0,"rrgh_tile_part":0},"geometry":{"type":"LineString","coordinates":[[-83.533953,37.739954],[-83.533892,37.740061],[-83.533806,37.740239],[-83.53368,37.740532],[-83.533408,37.741035],[-83.533325,37.741159],[-83.533222,37.741326],[-83.533206,37.741368],[-83.533198,37.741408],[-83.533203,37.741483],[-83.533197,37.741584],[-83.533156,37.741722],[-83.53309,37.741899],[-83.533071,37.741982],[-83.533085,37.742302],[-83.533061,37.742376],[-83.533023,37.74244],[-83.53294,37.742539],[-83.532903,37.742568],[-83.532748,37.742657],[-83.532414,37.74283],[-83.532167,37.742968],[-83.531583,37.743251],[-83.531252,37.743429],[-83.531042,37.74357]]}},{"type":"Feature","properties":{"osm_id":16384775,"highway":"residential","name":"Lake Road","alt_name":null,"official_name":null,"surface":null,"tracktype":null,"service":null,"access":null,"motor_vehicle":null,"foot":null,"tiger_reviewed":"no","rrgh_part":0,"rrgh_tile_part":0},"geometry":{"type":"LineString","coordinates":[[-83.539392,37.747356],[-83.539996,37.74728],[-83.54063,37.747759],[-83.541806,37.74789],[-83.54263,37.747735],[-83.543262,37.747356],[-83.543355,37.746838],[-83.542913,37.746489]]}},{"type":"Feature","properties":{"osm_id":16383992,"highway":"residential","name":"Perry Lane","alt_name":null,"official_name":null,"surface":null,"tracktype":null,"service":null,"access":null,"motor_vehicle":null,"foot":null,"tiger_reviewed":"no","rrgh_part":0,"rrgh_tile_part":0},"geometry":{"type":"LineString","coordinates":[[-83.535825,37.747943],[-83.53583,37.748016],[-83.535855,37.748559],[-83.535946,37.748823],[-83.53609,37.749072]]}},{"type":"Feature","properties":{"osm_id":16381067,"highway":"service","name":null,"alt_name":null,"official_name":null,"surface":null,"tracktype":null,"service":null,"access":"private","motor_vehicle":null,"foot":null,"tiger_reviewed":"no","rrgh_part":0,"rrgh_tile_part":0},"geometry":{"type":"LineString","coordinates":[[-83.52936,37.743451],[-83.529422,37.7434],[-83.529432,37.743381],[-83.529443,37.743212],[-83.529454,37.743156],[-83.529469,37.743133],[-83.529514,37.743098],[-83.529631,37.743061],[-83.529648,37.743048],[-83.529658,37.743031],[-83.529663,37.743007]]}},{"type":"Feature","properties":{"osm_id":16383392,"highway":"residential","name":"Lackey Hollow Road","alt_name":null,"official_name":null,"surface":null,"tracktype":null,"service":null,"access":null,"motor_vehicle":null,"foot":null,"tiger_reviewed":"no","rrgh_part":0,"rrgh_tile_part":0},"geometry":{"type":"LineString","coordinates":[[-83.530166,37.743467],[-83.530053,37.743415],[-83.529708,37.743073],[-83.529663,37.743007],[-83.529627,37.742935],[-83.529608,37.74291],[-83.529583,37.742892],[-83.529555,37.742879],[-83.529522,37.74287],[-83.529459,37.742866],[-83.529396,37.742874],[-83.52936,37.742886],[-83.529296,37.742922],[-83.529203,37.742998],[-83.529066,37.743133],[-83.529022,37.743153],[-83.528997,37.743151],[-83.528968,37.743136],[-83.528955,37.743115],[-83.528955,37.743086],[-83.529015,37.742846],[-83.529073,37.742666],[-83.529133,37.742519],[-83.529134,37.742498],[-83.529126,37.742481],[-83.529111,37.742467],[-83.529088,37.742459],[-83.529063,37.742458],[-83.529037,37.742463],[-83.528932,37.742527],[-83.528789,37.742636],[-83.528667,37.742751],[-83.528581,37.742842],[-83.528477,37.742929],[-83.528401,37.742981],[-83.528239,37.743068]]}},{"type":"Feature","properties":{"osm_id":16381081,"highway":"service","name":"Lackey Road","alt_name":null,"official_name":null,"surface":null,"tracktype":null,"service":null,"access":"private","motor_vehicle":null,"foot":null,"tiger_reviewed":"no","rrgh_part":0,"rrgh_tile_part":0},"geometry":{"type":"LineString","coordinates":[[-83.522002,37.744694],[-83.521913,37.744548],[-83.521931,37.744482],[-83.521967,37.744401],[-83.522023,37.744321],[-83.522068,37.744282],[-83.522161,37.744225],[-83.522415,37.744101],[-83.522605,37.744017],[-83.522659,37.743986],[-83.522701,37.743956],[-83.522752,37.743912],[-83.522824,37.743817],[-83.522888,37.743696],[-83.522933,37.743576],[-83.522951,37.743516],[-83.522971,37.743383],[-83.522956,37.743198],[-83.522918,37.742987],[-83.522917,37.742776],[-83.522929,37.742686],[-83.522928,37.742596],[-83.522904,37.742495],[-83.52287,37.742392],[-83.522824,37.742284],[-83.522759,37.7422],[-83.522707,37.742111],[-83.522672,37.742034],[-83.522624,37.741903],[-83.522613,37.741812],[-83.522617,37.741621]]}},{"type":"Feature","properties":{"osm_id":1521970255,"highway":"service","name":"Hypathia Street","alt_name":null,"official_name":null,"surface":null,"tracktype":null,"service":null,"access":"private","motor_vehicle":null,"foot":null,"tiger_reviewed":"no","rrgh_part":0,"rrgh_tile_part":0},"geometry":{"type":"LineString","coordinates":[[-83.524105,37.744524],[-83.52408,37.744559],[-83.524054,37.744579],[-83.523989,37.744599],[-83.523954,37.744605],[-83.523883,37.744604],[-83.523664,37.744589],[-83.523543,37.744593],[-83.523483,37.744606],[-83.523427,37.744628],[-83.523345,37.744685],[-83.523273,37.744761],[-83.523215,37.744807],[-83.523184,37.744826],[-83.523115,37.744852],[-83.522907,37.74486],[-83.522738,37.744885],[-83.522611,37.744895],[-83.52228,37.744887],[-83.522202,37.744876],[-83.522168,37.744863],[-83.522083,37.744805],[-83.522031,37.744728],[-83.522002,37.744694]]}},{"type":"Feature","properties":{"osm_id":16385166,"highway":"residential","name":"Harold Luke Road","alt_name":null,"official_name":null,"surface":null,"tracktype":null,"service":null,"access":null,"motor_vehicle":null,"foot":null,"tiger_reviewed":"no","rrgh_part":0,"rrgh_tile_part":0},"geometry":{"type":"LineString","coordinates":[[-83.514762,37.74503],[-83.514796,37.745049],[-83.514909,37.745132],[-83.515011,37.74522],[-83.515095,37.745301],[-83.515146,37.745363],[-83.51544,37.745778],[-83.515503,37.745874],[-83.515543,37.745971],[-83.515562,37.746074],[-83.51558,37.746402],[-83.515591,37.746509],[-83.515607,37.746558],[-83.515633,37.746606],[-83.515717,37.746725],[-83.515893,37.746926],[-83.516101,37.747175],[-83.516303,37.747468],[-83.516378,37.74756],[-83.516493,37.747674],[-83.516732,37.747938],[-83.516872,37.748072],[-83.516918,37.748111],[-83.516961,37.748156],[-83.517174,37.748403],[-83.517215,37.748445],[-83.517402,37.748594],[-83.51749,37.748643],[-83.517538,37.748661],[-83.517589,37.748676],[-83.517646,37.748688],[-83.5179,37.748727],[-83.518049,37.74876],[-83.518101,37.748776],[-83.518156,37.7488],[-83.518244,37.748853],[-83.518283,37.748882],[-83.518355,37.748954],[-83.51859,37.749256],[-83.518879,37.749575],[-83.518997,37.749694],[-83.519236,37.749865],[-83.51944,37.749987],[-83.51945534722223,37.75]]}},{"type":"Feature","properties":{"osm_id":16385028,"highway":"residential","name":"Tolson Spur","alt_name":null,"official_name":null,"surface":null,"tracktype":null,"service":null,"access":null,"motor_vehicle":null,"foot":null,"tiger_reviewed":"no","rrgh_part":0,"rrgh_tile_part":0},"geometry":{"type":"LineString","coordinates":[[-83.527034,37.747832],[-83.527003,37.747936],[-83.526954,37.748016],[-83.526861,37.748149],[-83.526863,37.748219],[-83.52687,37.748239],[-83.526865,37.748277]]}},{"type":"Feature","properties":{"osm_id":16384143,"highway":"residential","name":"John Rose Lane","alt_name":null,"official_name":null,"surface":null,"tracktype":null,"service":null,"access":null,"motor_vehicle":null,"foot":null,"tiger_reviewed":"no","rrgh_part":0,"rrgh_tile_part":0},"geometry":{"type":"LineString","coordinates":[[-83.52156163636363,37.75],[-83.521558,37.749993],[-83.521471,37.749889],[-83.521387,37.749736],[-83.521312,37.749547],[-83.521209,37.749152],[-83.521194,37.749051],[-83.521193,37.749002],[-83.521204,37.74891],[-83.521241,37.748795],[-83.521281,37.748726],[-83.5213,37.748707]]}},{"type":"Feature","properties":{"osm_id":16382832,"highway":"residential","name":"B Patton Road","alt_name":null,"official_name":null,"surface":null,"tracktype":null,"service":null,"access":null,"motor_vehicle":null,"foot":null,"tiger_reviewed":"no","rrgh_part":0,"rrgh_tile_part":0},"geometry":{"type":"LineString","coordinates":[[-83.505,37.71610610695188],[-83.505166,37.71602],[-83.505424,37.715918],[-83.505648,37.715801],[-83.505777,37.715723],[-83.505817,37.715693],[-83.505917,37.715603],[-83.50599,37.715555],[-83.506053,37.715525],[-83.506239,37.715473],[-83.506604,37.715396],[-83.506739,37.715375],[-83.507027,37.715352],[-83.507135,37.715356],[-83.507168,37.715363],[-83.507197,37.715376],[-83.50722,37.715392],[-83.507246,37.715423],[-83.507279,37.715486],[-83.507294,37.715505],[-83.507335,37.715531],[-83.507389,37.715542],[-83.507722,37.715541],[-83.507882,37.715553],[-83.508154,37.715617],[-83.508502,37.715663],[-83.508824,37.715725],[-83.509017,37.715749],[-83.509079,37.71575]]}},{"type":"Feature","properties":{"osm_id":16383612,"highway":"residential","name":"R Helton Road","alt_name":null,"official_name":null,"surface":null,"tracktype":null,"service":null,"access":null,"motor_vehicle":null,"foot":null,"tiger_reviewed":"no","rrgh_part":0,"rrgh_tile_part":0},"geometry":{"type":"LineString","coordinates":[[-83.505917,37.715603],[-83.505947,37.715485],[-83.505964,37.71544],[-83.506014,37.715359],[-83.506073,37.715285],[-83.506191,37.715174],[-83.506278,37.715065],[-83.506349,37.714966],[-83.506414,37.714848],[-83.50648,37.714707],[-83.506587,37.714295],[-83.506627,37.714046]]}},{"type":"Feature","properties":{"osm_id":16384008,"highway":"residential","name":"Trace Fork Road","alt_name":null,"official_name":null,"surface":null,"tracktype":null,"service":null,"access":null,"motor_vehicle":null,"foot":null,"tiger_reviewed":"no","rrgh_part":0,"rrgh_tile_part":0},"geometry":{"type":"LineString","coordinates":[[-83.511785,37.722996],[-83.511729,37.723064],[-83.511652,37.72312],[-83.511551,37.723169],[-83.511263,37.723262],[-83.510941,37.723382],[-83.510872,37.723415],[-83.510818,37.723456],[-83.510789,37.723513],[-83.510761,37.723597],[-83.510767,37.723736],[-83.510813,37.723812],[-83.510879,37.723859],[-83.510952,37.723903],[-83.511052,37.72393],[-83.511104,37.72396],[-83.51115,37.724007],[-83.511244,37.724215],[-83.511302,37.724405],[-83.511451,37.724739],[-83.511536,37.724887],[-83.511643,37.725205],[-83.51168,37.725381],[-83.511675,37.725528],[-83.511644,37.7257],[-83.511597,37.725875],[-83.511561,37.725987],[-83.511473,37.726108],[-83.511327,37.726214],[-83.511198,37.726316],[-83.511164,37.726366],[-83.511163,37.726425],[-83.511176,37.726496],[-83.511216,37.726565],[-83.511299,37.72665],[-83.511386,37.726748],[-83.511478,37.726838],[-83.51161,37.727033],[-83.511649,37.727139],[-83.511635,37.727235],[-83.51159,37.727348],[-83.511522,37.727485],[-83.511439,37.727609],[-83.511309,37.727733],[-83.511086,37.727907],[-83.511038,37.727939],[-83.510991,37.727977],[-83.510897,37.728041],[-83.510761,37.728116],[-83.510719,37.728135],[-83.510427,37.728239],[-83.510228,37.728299],[-83.510075,37.728335],[-83.509707,37.728411],[-83.50964,37.72843],[-83.509595,37.728438],[-83.509342,37.728517],[-83.509246,37.728542],[-83.509218,37.728554],[-83.509159,37.728564],[-83.508973,37.728552],[-83.508821,37.728559],[-83.508726,37.728569],[-83.508595,37.728595],[-83.50855,37.72861],[-83.508526,37.728622],[-83.508448,37.728676],[-83.508358,37.728764],[-83.508311,37.728862],[-83.508224,37.729064],[-83.508106,37.729274],[-83.508006,37.72947],[-83.507843,37.729714],[-83.50772,37.729851],[-83.507449,37.730127],[-83.50724,37.730307],[-83.506959,37.730538],[-83.506841,37.730651],[-83.506781,37.730725],[-83.506746,37.730806],[-83.506718,37.730913],[-83.506688,37.731015],[-83.506624,37.731104],[-83.506544,37.731205],[-83.506516,37.731272],[-83.506487,37.731359],[-83.506484,37.731457],[-83.506466,37.731587],[-83.506434,37.731745],[-83.506397,37.73183],[-83.506233,37.732029],[-83.506067,37.73233],[-83.506001,37.732476],[-83.505922,37.732625],[-83.505845,37.732867],[-83.505824,37.733018],[-83.505818,37.733094],[-83.5058,37.733324],[-83.505799,37.733627],[-83.505811,37.734045],[-83.505851,37.734539],[-83.505943,37.735457],[-83.505977,37.735647],[-83.506021,37.7357],[-83.506076,37.735735],[-83.506173,37.73577],[-83.506317,37.735814],[-83.506402,37.735844],[-83.506587,37.735936],[-83.506775,37.736038],[-83.506883,37.736116],[-83.506964,37.736183],[-83.507045,37.736266],[-83.5070854,37.7363278]]}},{"type":"Feature","properties":{"osm_id":16381015,"highway":"service","name":null,"alt_name":null,"official_name":null,"surface":"unpaved","tracktype":null,"service":null,"access":"private","motor_vehicle":null,"foot":null,"tiger_reviewed":null,"rrgh_part":0,"rrgh_tile_part":0},"geometry":{"type":"LineString","coordinates":[[-83.514021,37.723203],[-83.5140978,37.7231479],[-83.5141312,37.7230107],[-83.5141469,37.7228077],[-83.5140993,37.7226887],[-83.5139609,37.7224919],[-83.5138403,37.7222947],[-83.513765,37.7222157],[-83.513359,37.7220795]]}},{"type":"Feature","properties":{"osm_id":16382345,"highway":"residential","name":null,"alt_name":null,"official_name":null,"surface":null,"tracktype":null,"service":null,"access":null,"motor_vehicle":null,"foot":null,"tiger_reviewed":"no","rrgh_part":0,"rrgh_tile_part":0},"geometry":{"type":"LineString","coordinates":[[-83.511592,37.728471],[-83.511348,37.72864],[-83.511064,37.728778],[-83.51081,37.728842]]}},{"type":"Feature","properties":{"osm_id":16382342,"highway":"residential","name":null,"alt_name":null,"official_name":null,"surface":null,"tracktype":null,"service":null,"access":null,"motor_vehicle":null,"foot":null,"tiger_reviewed":"no","rrgh_part":0,"rrgh_tile_part":0},"geometry":{"type":"LineString","coordinates":[[-83.50964,37.72843],[-83.510318,37.728557],[-83.51081,37.728443],[-83.511279,37.728407],[-83.511592,37.728471],[-83.512009,37.72806],[-83.512232,37.727584],[-83.512446,37.727221],[-83.512567,37.726616]]}},{"type":"Feature","properties":{"osm_id":16382347,"highway":"residential","name":null,"alt_name":null,"official_name":null,"surface":null,"tracktype":null,"service":null,"access":null,"motor_vehicle":null,"foot":null,"tiger_reviewed":"no","rrgh_part":0,"rrgh_tile_part":0},"geometry":{"type":"LineString","coordinates":[[-83.506718,37.730913],[-83.506491,37.730676],[-83.505648,37.730419],[-83.505,37.7302176869871]]}},{"type":"Feature","properties":{"osm_id":16382773,"highway":"residential","name":"Left Fork Road","alt_name":null,"official_name":null,"surface":null,"tracktype":null,"service":null,"access":null,"motor_vehicle":null,"foot":null,"tiger_reviewed":"no","rrgh_part":0,"rrgh_tile_part":0},"geometry":{"type":"LineString","coordinates":[[-83.506076,37.735735],[-83.505959,37.735783],[-83.505766,37.735848],[-83.505493,37.735927],[-83.505241,37.735987],[-83.505028,37.736065],[-83.505,37.736078846153845]]}},{"type":"Feature","properties":{"osm_id":1415525298,"highway":"residential","name":"Trace Fork Road","alt_name":null,"official_name":null,"surface":null,"tracktype":null,"service":null,"access":null,"motor_vehicle":null,"foot":null,"tiger_reviewed":"no","rrgh_part":0,"rrgh_tile_part":0},"geometry":{"type":"LineString","coordinates":[[-83.5071245,37.7363806],[-83.507184,37.736441],[-83.507261,37.736521],[-83.507348,37.736588],[-83.507439,37.736642],[-83.507513,37.736696],[-83.50756,37.736759],[-83.507579,37.736839],[-83.507578,37.736889],[-83.507556,37.736954],[-83.507448,37.737173],[-83.507253,37.737652],[-83.507109,37.738083],[-83.507069,37.73817],[-83.507047,37.738326],[-83.507048,37.738359],[-83.506932,37.738913],[-83.506907,37.739089],[-83.506898,37.739277],[-83.5069,37.739375],[-83.506918,37.739573],[-83.506948,37.739781],[-83.506957,37.739887],[-83.506979,37.739999],[-83.506987,37.740108],[-83.506975,37.740216],[-83.506982,37.740328],[-83.506979,37.74055],[-83.5069507,37.740998],[-83.5069472,37.7411205],[-83.5069417,37.741211]]}},{"type":"Feature","properties":{"osm_id":16384289,"highway":"residential","name":"Right Fork Trace Fork Road","alt_name":null,"official_name":null,"surface":null,"tracktype":null,"service":null,"access":null,"motor_vehicle":null,"foot":null,"tiger_reviewed":"no","rrgh_part":0,"rrgh_tile_part":0},"geometry":{"type":"LineString","coordinates":[[-83.511858,37.73565],[-83.511704,37.735746],[-83.511547,37.735865],[-83.511376,37.735974],[-83.511267,37.73605],[-83.511112,37.736132],[-83.511005,37.736158],[-83.510871,37.73617],[-83.510617,37.736293],[-83.510492,37.736332],[-83.510295,37.73635],[-83.510188,37.736334],[-83.510073,37.736296],[-83.509967,37.736266],[-83.509817,37.736235],[-83.509728,37.736226],[-83.509567,37.73623],[-83.509459,37.736242],[-83.509343,37.736261],[-83.509226,37.736295],[-83.509109,37.736321],[-83.508877,37.736345],[-83.508795,37.736386],[-83.508775,37.736449],[-83.508747,37.736512],[-83.508719,37.736561],[-83.508647,37.736581],[-83.508441,37.736606],[-83.508044,37.73674],[-83.507838,37.736793],[-83.507756,37.736827],[-83.507685,37.736847],[-83.507579,37.736839]]}},{"type":"Feature","properties":{"osm_id":1415525299,"highway":"residential","name":"Trace Fork Road","alt_name":null,"official_name":null,"surface":null,"tracktype":null,"service":null,"access":null,"motor_vehicle":null,"foot":null,"tiger_reviewed":"no","rrgh_part":0,"rrgh_tile_part":0},"geometry":{"type":"LineString","coordinates":[[-83.5070854,37.7363278],[-83.5071245,37.7363806]]}},{"type":"Feature","properties":{"osm_id":16382349,"highway":"residential","name":null,"alt_name":null,"official_name":null,"surface":null,"tracktype":null,"service":null,"access":null,"motor_vehicle":null,"foot":null,"tiger_reviewed":"no","rrgh_part":0,"rrgh_tile_part":0},"geometry":{"type":"LineString","coordinates":[[-83.505818,37.733094],[-83.505054,37.732744],[-83.505,37.73274449411765]]}},{"type":"Feature","properties":{"osm_id":16382638,"highway":"residential","name":"Left Fork Trace Spur","alt_name":null,"official_name":null,"surface":null,"tracktype":null,"service":null,"access":null,"motor_vehicle":null,"foot":null,"tiger_reviewed":"no","rrgh_part":0,"rrgh_tile_part":0},"geometry":{"type":"LineString","coordinates":[[-83.505,37.736673861946905],[-83.505231,37.736671],[-83.505351,37.736705],[-83.505513,37.737025],[-83.505507,37.737054]]}}],"rrgh_tile":{"id":"r4c5","bounds":[37.675,-83.59,37.75,-83.505]}}
