{"type":"FeatureCollection","features":[{"type":"Feature","properties":{"osm_id":1410464263,"highway":"track","name":null,"alt_name":null,"official_name":null,"surface":null,"tracktype":null,"service":null,"access":null,"motor_vehicle":null,"foot":null,"tiger_reviewed":null,"rrgh_part":0,"rrgh_tile_part":0},"geometry":{"type":"LineString","coordinates":[[-83.84359056090373,37.75],[-83.8436231,37.7501236],[-83.8437893,37.7503102],[-83.8441377,37.7505773],[-83.8445237,37.7505689],[-83.845,37.75060722385394]]}},{"type":"Feature","properties":{"osm_id":16159240,"highway":"residential","name":"Mountain Springs Road","alt_name":null,"official_name":null,"surface":null,"tracktype":null,"service":null,"access":null,"motor_vehicle":null,"foot":null,"tiger_reviewed":"no","rrgh_part":0,"rrgh_tile_part":0},"geometry":{"type":"LineString","coordinates":[[-83.78972784482758,37.75],[-83.790023,37.750636],[-83.790329,37.750795],[-83.7914812,37.7509563],[-83.7919694,37.7513077],[-83.7923522,37.751538],[-83.7926013,37.7518817],[-83.7931404,37.752276],[-83.7935211,37.7525864],[-83.7936925,37.7525935],[-83.7939657,37.752614],[-83.7942808,37.7525904],[-83.7945499,37.75251],[-83.7947253,37.7524822],[-83.7949302,37.7525258],[-83.7951417,37.752646],[-83.7952629,37.7528821],[-83.7953426,37.7530559],[-83.7954023,37.7531967],[-83.7954803,37.753326],[-83.7955362,37.7534449],[-83.7955731,37.7535127],[-83.7956898,37.7535649],[-83.7959369,37.7535816],[-83.796417,37.753636],[-83.796491,37.75364],[-83.796755,37.753582],[-83.796818,37.753577],[-83.796902,37.753598],[-83.79704,37.75366],[-83.797076,37.753685],[-83.797267,37.753867],[-83.797401,37.754039],[-83.797424,37.754082],[-83.797441,37.754155],[-83.79744,37.754323],[-83.797414,37.754603],[-83.797413,37.754964],[-83.797368,37.755101],[-83.797361,37.755163],[-83.797381,37.755224],[-83.79743,37.75526],[-83.7975,37.755287],[-83.797585,37.755309],[-83.797721,37.755322],[-83.797837,37.755294],[-83.797883,37.755272],[-83.797951,37.755223],[-83.797999,37.755152],[-83.79802,37.755066],[-83.79809,37.75492],[-83.798184,37.754816],[-83.798225,37.754782],[-83.798331,37.754724],[-83.798365,37.754693],[-83.798409,37.754634],[-83.798449,37.754542],[-83.798506,37.75446],[-83.798571,37.754298],[-83.798615,37.753997],[-83.798701,37.753714],[-83.798724,37.753572],[-83.798751,37.753504],[-83.798853,37.753403],[-83.799064,37.753257],[-83.799271,37.753169],[-83.799334,37.753153],[-83.799455,37.753135],[-83.799575,37.753133],[-83.799758,37.753165],[-83.800344,37.753387],[-83.8005899,37.7534734],[-83.8008072,37.7535194],[-83.8010141,37.7535181],[-83.801277,37.753551],[-83.801491,37.753598],[-83.801663,37.753631],[-83.80182,37.753642],[-83.801976,37.753644],[-83.80235,37.753619],[-83.80249,37.753631],[-83.802569,37.75365],[-83.802642,37.753699],[-83.802913,37.753963],[-83.803057,37.75406],[-83.803363,37.754168],[-83.803577,37.754271],[-83.803685,37.75431],[-83.803911,37.754355],[-83.804063,37.754363],[-83.804188,37.754356],[-83.804276,37.754333],[-83.8048,37.754138],[-83.805056,37.754099],[-83.805116,37.754098],[-83.80518,37.754107],[-83.805366,37.75417],[-83.805725,37.754349],[-83.805807,37.754356],[-83.80586,37.754347],[-83.805897,37.754334],[-83.805959,37.754292],[-83.806011,37.754242],[-83.80609,37.754114],[-83.80624,37.753958],[-83.806299,37.753932],[-83.806367,37.753916],[-83.806441,37.753915],[-83.806515,37.753927],[-83.806735,37.753996],[-83.80689,37.754023],[-83.80721,37.754053],[-83.807282,37.754053],[-83.807408,37.754034],[-83.807468,37.75401],[-83.807523,37.753973],[-83.807735,37.753754],[-83.807853,37.753647],[-83.807927,37.753594],[-83.808098,37.753495],[-83.808588,37.753261],[-83.808771,37.753149],[-83.808925,37.753106],[-83.809079,37.753093],[-83.80918,37.753074],[-83.809467,37.752931],[-83.809827,37.752592],[-83.809962,37.752437],[-83.810146,37.752141],[-83.81019,37.752087],[-83.810291,37.75199],[-83.810404,37.7519],[-83.810505,37.751794],[-83.810585,37.751671],[-83.810631,37.751546],[-83.810631,37.75144],[-83.810586,37.751293],[-83.810534,37.751225],[-83.8103153,37.7511192],[-83.8101877,37.7509487],[-83.8100288,37.750527]]}},{"type":"Feature","properties":{"osm_id":16336452,"highway":"residential","name":"Pilot Road","alt_name":null,"official_name":null,"surface":null,"tracktype":null,"service":null,"access":null,"motor_vehicle":null,"foot":null,"tiger_reviewed":"no","rrgh_part":0,"rrgh_tile_part":0},"geometry":{"type":"LineString","coordinates":[[-83.76444329411764,37.75],[-83.764459,37.750089],[-83.764445,37.750323],[-83.764389,37.750537],[-83.764318,37.750717],[-83.764206,37.750864],[-83.763829,37.751253],[-83.763729,37.751333],[-83.763431,37.751511],[-83.763341,37.751574],[-83.763258,37.751638],[-83.763123,37.751772],[-83.76307,37.751848],[-83.763027,37.751941],[-83.763027,37.752036],[-83.763065,37.752089],[-83.763174,37.752148],[-83.7634,37.752216],[-83.763683,37.752302],[-83.763905,37.752396],[-83.764264,37.752595],[-83.764672,37.752839],[-83.764876,37.752941],[-83.764974,37.752968],[-83.765072,37.752982],[-83.765166,37.752974],[-83.765257,37.752953],[-83.765323,37.752913],[-83.765392,37.752849],[-83.765736,37.752322],[-83.765931,37.751961],[-83.766012,37.751872],[-83.766125,37.751798],[-83.766286,37.751724],[-83.766444,37.751668],[-83.766675,37.751609],[-83.766739,37.751611],[-83.766816,37.751626],[-83.766882,37.751667],[-83.766944,37.751736],[-83.767001,37.751826],[-83.767069,37.752007],[-83.767119,37.752226],[-83.767177,37.752589],[-83.76721,37.752736],[-83.767245,37.752827],[-83.767303,37.752908],[-83.767375,37.752975],[-83.767472,37.753022],[-83.767589,37.753059],[-83.767712,37.753081],[-83.767966,37.753092],[-83.768202,37.753087],[-83.768512,37.753109],[-83.768594,37.753134],[-83.768657,37.753166],[-83.768703,37.753225],[-83.768711,37.753283],[-83.768696,37.753346],[-83.768658,37.753413],[-83.768498,37.75356],[-83.768248,37.753817],[-83.76811,37.753977],[-83.768037,37.754118],[-83.768028,37.754163],[-83.768059,37.754356],[-83.76818,37.754796],[-83.768185,37.754874],[-83.768167,37.754946],[-83.768129,37.755012],[-83.768074,37.755067],[-83.76793,37.755155],[-83.767755,37.755222],[-83.76765,37.755252],[-83.767543,37.755267],[-83.767433,37.755266],[-83.767316,37.755258],[-83.76699,37.755204],[-83.766891,37.755201],[-83.76681,37.755209],[-83.766735,37.755229],[-83.766658,37.755264],[-83.766588,37.755309],[-83.766519,37.755373],[-83.766464,37.755449],[-83.766369,37.755702],[-83.766321,37.75575],[-83.76624,37.755791],[-83.766168,37.755805],[-83.765609,37.755805],[-83.765395,37.755824],[-83.765273,37.755849],[-83.765087,37.755925],[-83.764902,37.756087],[-83.764782,37.756211],[-83.764653,37.756389],[-83.764603,37.756492],[-83.76447,37.756987],[-83.764438,37.757071],[-83.764387,37.757148],[-83.76431,37.757206],[-83.764231,37.757245],[-83.764131,37.75727],[-83.764028,37.757291],[-83.763737,37.757298],[-83.763663,37.757321],[-83.763608,37.757377],[-83.763523,37.757492],[-83.763476,37.757596],[-83.763398,37.757765],[-83.763371,37.757944],[-83.763343,37.758304],[-83.763356,37.75855],[-83.76338,37.758684],[-83.763413,37.758754],[-83.763806,37.759257],[-83.763884,37.759445],[-83.763903,37.759554],[-83.763896,37.759897],[-83.763903,37.760007],[-83.763927,37.760121],[-83.763959,37.760405],[-83.763933,37.760541],[-83.763797,37.760833],[-83.763797,37.760904],[-83.763822,37.760959],[-83.763894,37.761037],[-83.763958,37.76108],[-83.764134,37.761174],[-83.764444,37.761321],[-83.764612,37.761448],[-83.764676,37.761521],[-83.764735,37.761609],[-83.7648,37.761787],[-83.764873,37.762059],[-83.764906,37.762146],[-83.764951,37.762228],[-83.765019,37.7623],[-83.765069,37.762333],[-83.765221,37.762387],[-83.76564,37.762508],[-83.7659,37.762599],[-83.766138,37.762709],[-83.766404,37.762875],[-83.766525,37.76302],[-83.766551,37.763078],[-83.766561,37.763141],[-83.766532,37.763211],[-83.766391,37.763453],[-83.766349,37.76356],[-83.766194,37.76418],[-83.766128,37.764528],[-83.7661,37.764836],[-83.766104,37.764945],[-83.766142,37.765033],[-83.766233,37.765129],[-83.766381,37.765215],[-83.766584,37.765313],[-83.767008,37.765493],[-83.767332,37.765552],[-83.767523,37.765546],[-83.767672,37.765502],[-83.767738,37.765468],[-83.767804,37.765419],[-83.767921,37.765321],[-83.768043,37.765197],[-83.768195,37.765129],[-83.768275,37.765108],[-83.768381,37.765096],[-83.768499,37.765105],[-83.768742,37.765167],[-83.768993,37.765253],[-83.769115,37.76531],[-83.76923,37.765379],[-83.769444,37.765553],[-83.769489,37.765598],[-83.769816,37.765928],[-83.769941,37.766025],[-83.770004,37.766064],[-83.770348,37.7662],[-83.770551,37.766312],[-83.770824,37.766507],[-83.770971,37.766636],[-83.77107,37.766692],[-83.771186,37.766727],[-83.771425,37.766781],[-83.7722152,37.7669582],[-83.7724162,37.7670021],[-83.7726298,37.7670172],[-83.772902,37.767],[-83.773159,37.766986],[-83.773321,37.766959],[-83.773498,37.766908],[-83.773671,37.76681],[-83.773747,37.766737],[-83.773786,37.766664],[-83.773837,37.766531],[-83.77385,37.765948],[-83.773864,37.765785],[-83.773886,37.765698],[-83.773907,37.765675],[-83.773977,37.765631],[-83.774025,37.765613],[-83.77412,37.765606],[-83.774285,37.765659],[-83.774371,37.765698],[-83.774533,37.765804],[-83.774757,37.765905],[-83.774885,37.765944],[-83.775427,37.766064],[-83.775545,37.766102],[-83.775682,37.766154],[-83.775961,37.766299],[-83.776127,37.766404],[-83.776553,37.7667],[-83.776763,37.766892],[-83.776948,37.767083],[-83.777003,37.767181],[-83.777076,37.76743],[-83.77711,37.767494],[-83.777161,37.767546],[-83.777233,37.767594],[-83.77731,37.767625],[-83.777396,37.767645],[-83.7774246,37.7676478],[-83.777489,37.767654],[-83.777755,37.767657],[-83.777878,37.767688],[-83.778002,37.767758],[-83.77819,37.767906],[-83.77878,37.768444],[-83.77896,37.768628],[-83.77904,37.768729],[-83.779281,37.769158],[-83.779358,37.769273],[-83.779852,37.769965],[-83.779985,37.770187],[-83.780214,37.770454],[-83.781016,37.771016],[-83.781143,37.771078],[-83.781937,37.771384],[-83.782162,37.771485],[-83.782665,37.771722],[-83.782713,37.771752],[-83.782826,37.771821],[-83.782883,37.771877],[-83.782967,37.771995],[-83.783107,37.772242],[-83.783257,37.772548],[-83.783337,37.772752],[-83.783367,37.77286],[-83.783385,37.77297],[-83.783442,37.773632],[-83.783419,37.774004],[-83.783415,37.774141],[-83.783393,37.774224],[-83.783361,37.774322],[-83.783288,37.774477],[-83.783074,37.774872],[-83.7830278,37.7750684]]}},{"type":"Feature","properties":{"osm_id":16162938,"highway":"residential","name":"Woodward Ridge Road","alt_name":null,"official_name":null,"surface":null,"tracktype":null,"service":null,"access":null,"motor_vehicle":null,"foot":null,"tiger_reviewed":"no","rrgh_part":0,"rrgh_tile_part":0},"geometry":{"type":"LineString","coordinates":[[-83.8086021496063,37.75],[-83.808833,37.750137],[-83.80895,37.750256],[-83.809104,37.750441],[-83.80919,37.750504],[-83.809282,37.750543],[-83.809337,37.750557],[-83.809542,37.750575],[-83.809895,37.750527],[-83.8100288,37.750527]]}},{"type":"Feature","properties":{"osm_id":16338372,"highway":"residential","name":"Mountain Springs Road","alt_name":null,"official_name":null,"surface":null,"tracktype":null,"service":null,"access":null,"motor_vehicle":null,"foot":null,"tiger_reviewed":"no","rrgh_part":0,"rrgh_tile_part":0},"geometry":{"type":"LineString","coordinates":[[-83.81532717307692,37.75],[-83.815333,37.750006],[-83.815447,37.750102],[-83.815514,37.750145],[-83.815676,37.750204],[-83.815855,37.750233],[-83.815951,37.750238],[-83.81646,37.750232],[-83.816654,37.750243],[-83.816742,37.750258],[-83.816908,37.750309],[-83.816979,37.75035],[-83.817227,37.750556],[-83.817297,37.750604],[-83.81745,37.750686],[-83.81761,37.750744],[-83.817862,37.750799],[-83.818239,37.750852],[-83.818553,37.750879],[-83.818713,37.750861],[-83.818933,37.750802],[-83.819113,37.750715],[-83.819334,37.75058],[-83.819465,37.750516],[-83.819527,37.750504],[-83.819589,37.75051],[-83.81964,37.750528],[-83.819683,37.750562],[-83.819727,37.75064],[-83.81973,37.750705],[-83.819717,37.750757],[-83.81969,37.750813],[-83.819608,37.750926],[-83.81957,37.751017],[-83.819541,37.751129],[-83.819488,37.751539],[-83.819381,37.751902],[-83.819358,37.752045],[-83.819358,37.752188],[-83.819369,37.752255],[-83.819393,37.752322],[-83.819432,37.75239],[-83.819491,37.752449],[-83.819566,37.752499],[-83.819651,37.75254],[-83.819914,37.752637],[-83.820051,37.752704],[-83.820101,37.752747],[-83.820129,37.752799],[-83.820136,37.752861],[-83.820111,37.752921],[-83.820087,37.752952],[-83.820068,37.752978],[-83.820009,37.753029],[-83.819242,37.753569],[-83.819198,37.75363],[-83.819106,37.75389],[-83.819052,37.753945],[-83.818979,37.753985],[-83.81863,37.754099],[-83.818477,37.754186],[-83.818406,37.754249],[-83.818317,37.754369],[-83.818279,37.754494],[-83.818257,37.754608],[-83.818259,37.754753],[-83.81831,37.754891],[-83.818379,37.755035],[-83.818429,37.755108],[-83.818546,37.755235],[-83.818701,37.755347],[-83.819127,37.755599],[-83.819459,37.755816],[-83.819841,37.756105],[-83.819925,37.756201],[-83.819962,37.756283],[-83.819981,37.756416],[-83.820012,37.756641],[-83.8201,37.756949],[-83.820113,37.757027],[-83.820126,37.757431],[-83.820273,37.757864],[-83.820396,37.758324],[-83.820528,37.758674],[-83.820599,37.758814],[-83.820693,37.758933],[-83.820751,37.758986],[-83.82082,37.759029],[-83.820895,37.759057],[-83.820976,37.75907],[-83.821057,37.759063],[-83.821219,37.759019],[-83.821308,37.759005],[-83.8214,37.759001],[-83.821589,37.759039],[-83.821729,37.759088],[-83.822342,37.7593],[-83.822831,37.759436],[-83.822922,37.759474],[-83.822994,37.759517],[-83.823163,37.759626],[-83.823413,37.759808],[-83.824227,37.760459],[-83.824412,37.760575],[-83.8246047,37.7606778],[-83.8253632,37.7608723],[-83.825808,37.761024],[-83.826026,37.76109],[-83.826182,37.761124],[-83.826412,37.761154]]}},{"type":"Feature","properties":{"osm_id":969840592,"highway":"service","name":null,"alt_name":null,"official_name":null,"surface":null,"tracktype":null,"service":null,"access":null,"motor_vehicle":null,"foot":null,"tiger_reviewed":null,"rrgh_part":0,"rrgh_tile_part":0},"geometry":{"type":"LineString","coordinates":[[-83.8291017,37.7515188],[-83.8291422,37.751459],[-83.8291782,37.7514057],[-83.8292978,37.7512996],[-83.8294845,37.7511712],[-83.8296591,37.7509271],[-83.8298836,37.750766],[-83.8300716,37.7506357],[-83.830135,37.7505488],[-83.8299517,37.750317],[-83.8298284,37.7501286],[-83.82984727901031,37.75]]}},{"type":"Feature","properties":{"osm_id":16163212,"highway":"residential","name":"Furnace - Cobhill Road","alt_name":null,"official_name":null,"surface":null,"tracktype":null,"service":null,"access":null,"motor_vehicle":null,"foot":null,"tiger_reviewed":"no","rrgh_part":0,"rrgh_tile_part":0},"geometry":{"type":"LineString","coordinates":[[-83.82596670212766,37.75],[-83.825954,37.750199],[-83.825874,37.750541],[-83.82587,37.750607],[-83.825867,37.75069]]}},{"type":"Feature","properties":{"osm_id":16335701,"highway":"service","name":null,"alt_name":null,"official_name":null,"surface":null,"tracktype":null,"service":null,"access":"private","motor_vehicle":null,"foot":null,"tiger_reviewed":"no","rrgh_part":0,"rrgh_tile_part":0},"geometry":{"type":"LineString","coordinates":[[-83.82587,37.750607],[-83.825703,37.750658],[-83.825369,37.750779],[-83.825095,37.750811],[-83.824709,37.750658],[-83.824456,37.750432],[-83.824364,37.750327],[-83.824121,37.75019],[-83.823918,37.750082],[-83.82375954887219,37.75]]}},{"type":"Feature","properties":{"osm_id":16161820,"highway":"residential","name":"Cr-1033","alt_name":null,"official_name":null,"surface":null,"tracktype":null,"service":null,"access":null,"motor_vehicle":null,"foot":null,"tiger_reviewed":"no","rrgh_part":0,"rrgh_tile_part":0},"geometry":{"type":"LineString","coordinates":[[-83.8100288,37.750527],[-83.8101285,37.7504218],[-83.81021,37.7503192],[-83.810304,37.750171],[-83.8103839,37.750127],[-83.8104673,37.7501177],[-83.810633,37.750107],[-83.810701,37.7501],[-83.810768,37.75008],[-83.810882,37.75003],[-83.81093372413794,37.75]]}},{"type":"Feature","properties":{"osm_id":16162149,"highway":"residential","name":"Billings Cemetery Road","alt_name":null,"official_name":null,"surface":null,"tracktype":null,"service":null,"access":null,"motor_vehicle":null,"foot":null,"tiger_reviewed":"no","rrgh_part":0,"rrgh_tile_part":0},"geometry":{"type":"LineString","coordinates":[[-83.845,37.75899892543968],[-83.8449843,37.7590179],[-83.8449493,37.7592852],[-83.845,37.7594455647283]]}},{"type":"Feature","properties":{"osm_id":16159980,"highway":"residential","name":null,"alt_name":null,"official_name":null,"surface":null,"tracktype":null,"service":null,"access":null,"motor_vehicle":null,"foot":null,"tiger_reviewed":"no","rrgh_part":0,"rrgh_tile_part":0},"geometry":{"type":"LineString","coordinates":[[-83.839125,37.757943],[-83.839374,37.758047]]}},{"type":"Feature","properties":{"osm_id":16159208,"highway":"residential","name":null,"alt_name":null,"official_name":null,"surface":null,"tracktype":null,"service":null,"access":null,"motor_vehicle":null,"foot":null,"tiger_reviewed":"no","rrgh_part":0,"rrgh_tile_part":0},"geometry":{"type":"LineString","coordinates":[[-83.82954,37.752464],[-83.830596,37.753049],[-83.831345,37.753621],[-83.8314916,37.7539485],[-83.831748,37.754078],[-83.8318227,37.7540955],[-83.832728,37.754307],[-83.833679,37.755176],[-83.834082,37.755359],[-83.834371,37.755267],[-83.835062,37.754718],[-83.835638,37.754558]]}},{"type":"Feature","properties":{"osm_id":16161600,"highway":"residential","name":"Meadows Lane","alt_name":null,"official_name":null,"surface":null,"tracktype":null,"service":null,"access":null,"motor_vehicle":null,"foot":null,"tiger_reviewed":"no","rrgh_part":0,"rrgh_tile_part":0},"geometry":{"type":"LineString","coordinates":[[-83.840316,37.757429],[-83.840249,37.757484],[-83.839125,37.757943],[-83.838361,37.757727],[-83.836927,37.757868],[-83.836068,37.7582],[-83.835761,37.758103],[-83.834786,37.75816],[-83.834227,37.758538],[-83.833493,37.758346],[-83.833095,37.758432],[-83.832804,37.758814],[-83.831764,37.759097],[-83.831454,37.759297]]}},{"type":"Feature","properties":{"osm_id":16162870,"highway":"residential","name":"Billings Cemetery Road","alt_name":null,"official_name":null,"surface":null,"tracktype":null,"service":null,"access":null,"motor_vehicle":null,"foot":null,"tiger_reviewed":"no","rrgh_part":0,"rrgh_tile_part":0},"geometry":{"type":"LineString","coordinates":[[-83.832651,37.762246],[-83.832687,37.762145],[-83.832728,37.762064],[-83.832968,37.761703],[-83.832999,37.761665],[-83.833123,37.761575],[-83.833207,37.761492],[-83.833287,37.761311],[-83.833353,37.76124],[-83.83351,37.761153],[-83.833853,37.761038],[-83.834249,37.760835],[-83.834343,37.760765],[-83.834373,37.760722],[-83.834388,37.760675],[-83.834382,37.760624],[-83.834358,37.760578],[-83.834294,37.760506]]}},{"type":"Feature","properties":{"osm_id":16335172,"highway":"service","name":null,"alt_name":null,"official_name":null,"surface":null,"tracktype":null,"service":null,"access":"private","motor_vehicle":null,"foot":null,"tiger_reviewed":"no","rrgh_part":0,"rrgh_tile_part":0},"geometry":{"type":"LineString","coordinates":[[-83.837678,37.763441],[-83.837411,37.764078],[-83.837209,37.764533],[-83.836511,37.76485],[-83.836239,37.765044],[-83.83607,37.765189],[-83.835983,37.76568],[-83.836331,37.766162]]}},{"type":"Feature","properties":{"osm_id":16335459,"highway":"service","name":null,"alt_name":null,"official_name":null,"surface":null,"tracktype":null,"service":null,"access":"private","motor_vehicle":null,"foot":null,"tiger_reviewed":"no","rrgh_part":0,"rrgh_tile_part":0},"geometry":{"type":"LineString","coordinates":[[-83.837727,37.763386],[-83.837678,37.763441],[-83.837691,37.764176],[-83.837636,37.764615],[-83.837648,37.765028],[-83.837727,37.765261],[-83.837744,37.765382]]}},{"type":"Feature","properties":{"osm_id":16335472,"highway":"service","name":null,"alt_name":null,"official_name":null,"surface":null,"tracktype":null,"service":null,"access":"private","motor_vehicle":null,"foot":null,"tiger_reviewed":"no","rrgh_part":0,"rrgh_tile_part":0},"geometry":{"type":"LineString","coordinates":[[-83.836619,37.765293],[-83.836964,37.764857],[-83.837188,37.764623],[-83.837209,37.764533]]}},{"type":"Feature","properties":{"osm_id":16335636,"highway":"service","name":null,"alt_name":null,"official_name":null,"surface":null,"tracktype":null,"service":null,"access":"private","motor_vehicle":null,"foot":null,"tiger_reviewed":"no","rrgh_part":0,"rrgh_tile_part":0},"geometry":{"type":"LineString","coordinates":[[-83.840547,37.764525],[-83.840486,37.764599],[-83.840344,37.764866],[-83.840059,37.765188],[-83.839968,37.765406],[-83.839947,37.765608],[-83.840008,37.765882],[-83.840038,37.766059]]}},{"type":"Feature","properties":{"osm_id":969840613,"highway":"service","name":null,"alt_name":null,"official_name":null,"surface":null,"tracktype":null,"service":null,"access":null,"motor_vehicle":null,"foot":null,"tiger_reviewed":null,"rrgh_part":0,"rrgh_tile_part":0},"geometry":{"type":"LineString","coordinates":[[-83.843013,37.761898],[-83.8430869,37.7619708],[-83.8430869,37.7621316],[-83.8430957,37.7622807],[-83.8431621,37.7624706]]}},{"type":"Feature","properties":{"osm_id":969840614,"highway":"service","name":null,"alt_name":null,"official_name":null,"surface":null,"tracktype":null,"service":null,"access":null,"motor_vehicle":null,"foot":null,"tiger_reviewed":null,"rrgh_part":0,"rrgh_tile_part":0},"geometry":{"type":"LineString","coordinates":[[-83.8440587,37.7608202],[-83.8441169,37.760918],[-83.844155,37.7610496],[-83.8441027,37.761244],[-83.843998,37.7613919],[-83.8439092,37.7615086]]}},{"type":"Feature","properties":{"osm_id":16160152,"highway":"residential","name":null,"alt_name":null,"official_name":null,"surface":null,"tracktype":null,"service":null,"access":null,"motor_vehicle":null,"foot":null,"tiger_reviewed":"no","rrgh_part":0,"rrgh_tile_part":0},"geometry":{"type":"LineString","coordinates":[[-83.832986,37.750852],[-83.832102,37.75202],[-83.831187,37.752479],[-83.8309196,37.7525727],[-83.8305582,37.7524331],[-83.8303927,37.752383],[-83.82954,37.752464]]}},{"type":"Feature","properties":{"osm_id":16163329,"highway":"residential","name":"Watson Ridge Road","alt_name":null,"official_name":null,"surface":null,"tracktype":null,"service":null,"access":null,"motor_vehicle":null,"foot":null,"tiger_reviewed":"no","rrgh_part":0,"rrgh_tile_part":0},"geometry":{"type":"LineString","coordinates":[[-83.825867,37.75069],[-83.825874,37.750741],[-83.825945,37.750878],[-83.825999,37.750938],[-83.826063,37.750989],[-83.826285,37.75111],[-83.826862,37.751369],[-83.82702,37.751451],[-83.827103,37.751506],[-83.827181,37.751542],[-83.827368,37.751595],[-83.82751,37.751606],[-83.8275475,37.7516033]]}},{"type":"Feature","properties":{"osm_id":16339270,"highway":"residential","name":"Furnace - Cobhill Road","alt_name":null,"official_name":null,"surface":null,"tracktype":null,"service":null,"access":null,"motor_vehicle":null,"foot":null,"tiger_reviewed":"no","rrgh_part":0,"rrgh_tile_part":0},"geometry":{"type":"LineString","coordinates":[[-83.8275475,37.7516033],[-83.8275708,37.7516019],[-83.827661,37.751595],[-83.827976,37.75154],[-83.828298,37.751461],[-83.828482,37.751445],[-83.82865,37.751444],[-83.828836,37.751459],[-83.828997,37.751485],[-83.829075,37.751506],[-83.8291017,37.7515188],[-83.829213,37.751572],[-83.829275,37.751615],[-83.829367,37.751706],[-83.829462,37.751898],[-83.829538,37.752138],[-83.829555,37.75226],[-83.829553,37.752343],[-83.82954,37.752464]]}},{"type":"Feature","properties":{"osm_id":16335186,"highway":"service","name":null,"alt_name":null,"official_name":null,"surface":null,"tracktype":null,"service":null,"access":"private","motor_vehicle":null,"foot":null,"tiger_reviewed":"no","rrgh_part":0,"rrgh_tile_part":0},"geometry":{"type":"LineString","coordinates":[[-83.818713,37.750861],[-83.81875,37.750902],[-83.818738,37.750982]]}},{"type":"Feature","properties":{"osm_id":16335845,"highway":"service","name":null,"alt_name":null,"official_name":null,"surface":null,"tracktype":null,"service":null,"access":"private","motor_vehicle":null,"foot":null,"tiger_reviewed":"no","rrgh_part":0,"rrgh_tile_part":0},"geometry":{"type":"LineString","coordinates":[[-83.819836,37.750274],[-83.819804,37.750303],[-83.81975,37.750382],[-83.819727,37.75064]]}},{"type":"Feature","properties":{"osm_id":16335334,"highway":"residential","name":null,"alt_name":null,"official_name":null,"surface":null,"tracktype":null,"service":null,"access":null,"motor_vehicle":null,"foot":null,"tiger_reviewed":"no","rrgh_part":0,"rrgh_tile_part":0},"geometry":{"type":"LineString","coordinates":[[-83.8289748,37.7554115],[-83.829415,37.755314],[-83.829555,37.755325]]}},{"type":"Feature","properties":{"osm_id":16335702,"highway":"residential","name":null,"alt_name":null,"official_name":null,"surface":null,"tracktype":null,"service":null,"access":null,"motor_vehicle":null,"foot":null,"tiger_reviewed":"no","rrgh_part":0,"rrgh_tile_part":0},"geometry":{"type":"LineString","coordinates":[[-83.828528,37.756159],[-83.828418,37.755942],[-83.828246,37.755644],[-83.827668,37.755329],[-83.827221,37.755119]]}},{"type":"Feature","properties":{"osm_id":16339328,"highway":"residential","name":"Watson Ridge Road","alt_name":null,"official_name":null,"surface":null,"tracktype":null,"service":null,"access":null,"motor_vehicle":null,"foot":null,"tiger_reviewed":"no","rrgh_part":0,"rrgh_tile_part":0},"geometry":{"type":"LineString","coordinates":[[-83.82954,37.752464],[-83.829519,37.752498],[-83.8294425,37.7528207],[-83.8293439,37.753072],[-83.8288756,37.7534273],[-83.828799,37.753687],[-83.8289459,37.7543043],[-83.8289748,37.7554115],[-83.8288335,37.7557836],[-83.828528,37.756159],[-83.828231,37.756515],[-83.828119,37.756775],[-83.828142,37.757323]]}},{"type":"Feature","properties":{"osm_id":16159982,"highway":"residential","name":null,"alt_name":null,"official_name":null,"surface":null,"tracktype":null,"service":null,"access":null,"motor_vehicle":null,"foot":null,"tiger_reviewed":"no","rrgh_part":0,"rrgh_tile_part":0},"geometry":{"type":"LineString","coordinates":[[-83.826914,37.76154],[-83.826909,37.761343],[-83.826975,37.76125],[-83.827125,37.761265],[-83.827268,37.761265],[-83.82736,37.761269]]}},{"type":"Feature","properties":{"osm_id":16163325,"highway":"residential","name":"Watson Ridge Road","alt_name":null,"official_name":null,"surface":null,"tracktype":null,"service":null,"access":null,"motor_vehicle":null,"foot":null,"tiger_reviewed":"no","rrgh_part":0,"rrgh_tile_part":0},"geometry":{"type":"LineString","coordinates":[[-83.826497,37.761158],[-83.826548,37.761211],[-83.826914,37.76154],[-83.827002,37.761607],[-83.827135,37.761673],[-83.827256,37.761726],[-83.827653,37.761869],[-83.827981,37.761972],[-83.828199,37.76202],[-83.828436,37.762045]]}},{"type":"Feature","properties":{"osm_id":16335760,"highway":"residential","name":null,"alt_name":null,"official_name":null,"surface":null,"tracktype":null,"service":null,"access":null,"motor_vehicle":null,"foot":null,"tiger_reviewed":"no","rrgh_part":0,"rrgh_tile_part":0},"geometry":{"type":"LineString","coordinates":[[-83.823058,37.759443],[-83.822519,37.759111],[-83.822407,37.75899],[-83.822286,37.75874],[-83.822052,37.758587],[-83.82186,37.758385],[-83.821738,37.758078],[-83.821445,37.757417]]}},{"type":"Feature","properties":{"osm_id":16339023,"highway":"residential","name":"Woodward Ridge Road","alt_name":null,"official_name":null,"surface":null,"tracktype":null,"service":null,"access":null,"motor_vehicle":null,"foot":null,"tiger_reviewed":"no","rrgh_part":0,"rrgh_tile_part":0},"geometry":{"type":"LineString","coordinates":[[-83.820087,37.752952],[-83.820223,37.752936],[-83.821202,37.753507],[-83.821173,37.753873],[-83.82054,37.754079],[-83.820597,37.754285],[-83.821029,37.754583],[-83.821202,37.75488],[-83.821318,37.755658],[-83.821747,37.756215],[-83.821958,37.75646],[-83.82208,37.75696],[-83.822588,37.757714],[-83.822984,37.758542],[-83.823058,37.759443],[-83.823075,37.759468],[-83.823064,37.759497],[-83.822994,37.759517]]}},{"type":"Feature","properties":{"osm_id":16339277,"highway":"residential","name":"Furnace - Cobhill Road","alt_name":null,"official_name":null,"surface":null,"tracktype":null,"service":null,"access":null,"motor_vehicle":null,"foot":null,"tiger_reviewed":"no","rrgh_part":0,"rrgh_tile_part":0},"geometry":{"type":"LineString","coordinates":[[-83.828142,37.757323],[-83.828114,37.757398],[-83.8281,37.757426],[-83.828023,37.757539],[-83.827886,37.757699],[-83.827801,37.757826],[-83.827738,37.757936],[-83.827699,37.758072],[-83.827664,37.758229],[-83.8276079,37.7586685],[-83.827584,37.758856],[-83.827617,37.759082],[-83.827756,37.759588],[-83.827777,37.759705],[-83.827754,37.759875],[-83.8276305,37.760161],[-83.8274297,37.7603146],[-83.8270379,37.760467],[-83.8267181,37.7605698],[-83.826505,37.760692],[-83.8263701,37.7609184],[-83.8263959,37.761053]]}},{"type":"Feature","properties":{"osm_id":16161303,"highway":"residential","name":"Wireman Cemetery Road","alt_name":null,"official_name":null,"surface":null,"tracktype":null,"service":null,"access":null,"motor_vehicle":null,"foot":null,"tiger_reviewed":"no","rrgh_part":0,"rrgh_tile_part":0},"geometry":{"type":"LineString","coordinates":[[-83.827754,37.759875],[-83.827929,37.759941],[-83.828062,37.760027],[-83.828493,37.760252],[-83.828593,37.760285],[-83.828682,37.760306],[-83.828939,37.760321],[-83.829132,37.760345],[-83.829318,37.76038],[-83.829958,37.760559],[-83.830374,37.760646],[-83.830718,37.760665],[-83.830918,37.760719],[-83.831121,37.760714],[-83.831354,37.760672],[-83.831563,37.760652],[-83.831912,37.760597],[-83.83203,37.760564],[-83.832192,37.760493]]}},{"type":"Feature","properties":{"osm_id":16161601,"highway":"residential","name":"Meadows Lane","alt_name":null,"official_name":null,"surface":null,"tracktype":null,"service":null,"access":null,"motor_vehicle":null,"foot":null,"tiger_reviewed":"no","rrgh_part":0,"rrgh_tile_part":0},"geometry":{"type":"LineString","coordinates":[[-83.831454,37.759297],[-83.831573,37.759315],[-83.831743,37.759389],[-83.831839,37.759464],[-83.831904,37.759546],[-83.831957,37.759706],[-83.832074,37.760148],[-83.832192,37.760493],[-83.832358,37.760862],[-83.832369,37.760912],[-83.832363,37.760958],[-83.832339,37.760999],[-83.832299,37.761031],[-83.832097,37.761099],[-83.83203,37.761133],[-83.831934,37.761239],[-83.831884,37.761365],[-83.831883,37.761596],[-83.831872,37.761669],[-83.831826,37.761807],[-83.831681,37.762122],[-83.831675,37.762175],[-83.8317,37.76225]]}},{"type":"Feature","properties":{"osm_id":16161843,"highway":"service","name":"Courtney Blythe Road","alt_name":null,"official_name":null,"surface":null,"tracktype":null,"service":null,"access":"private","motor_vehicle":null,"foot":null,"tiger_reviewed":"no","rrgh_part":0,"rrgh_tile_part":0},"geometry":{"type":"LineString","coordinates":[[-83.831555,37.764886],[-83.8317476,37.7649868],[-83.8318607,37.7650282],[-83.8320593,37.76505],[-83.8321835,37.7650195],[-83.8322898,37.7648981]]}},{"type":"Feature","properties":{"osm_id":16162961,"highway":"residential","name":"Cobhill Road","alt_name":null,"official_name":null,"surface":null,"tracktype":null,"service":null,"access":null,"motor_vehicle":null,"foot":null,"tiger_reviewed":"no","rrgh_part":0,"rrgh_tile_part":0},"geometry":{"type":"LineString","coordinates":[[-83.826412,37.761154],[-83.826497,37.761158]]}},{"type":"Feature","properties":{"osm_id":16163218,"highway":"residential","name":"Furnace - Cobhill Road","alt_name":null,"official_name":null,"surface":null,"tracktype":null,"service":null,"access":null,"motor_vehicle":null,"foot":null,"tiger_reviewed":"no","rrgh_part":0,"rrgh_tile_part":0},"geometry":{"type":"LineString","coordinates":[[-83.8263959,37.761053],[-83.826497,37.761158]]}},{"type":"Feature","properties":{"osm_id":16335537,"highway":"residential","name":null,"alt_name":null,"official_name":null,"surface":null,"tracktype":null,"service":null,"access":null,"motor_vehicle":null,"foot":null,"tiger_reviewed":"no","rrgh_part":0,"rrgh_tile_part":0},"geometry":{"type":"LineString","coordinates":[[-83.821729,37.759088],[-83.821685,37.760472]]}},{"type":"Feature","properties":{"osm_id":16335330,"highway":"service","name":null,"alt_name":null,"official_name":null,"surface":null,"tracktype":null,"service":null,"access":"private","motor_vehicle":null,"foot":null,"tiger_reviewed":"no","rrgh_part":0,"rrgh_tile_part":0},"geometry":{"type":"LineString","coordinates":[[-83.811723,37.757077],[-83.812011,37.757443],[-83.812645,37.758015],[-83.813452,37.758358],[-83.814201,37.759456],[-83.81495,37.760119],[-83.815613,37.760577],[-83.816967,37.760737],[-83.817198,37.760874],[-83.817371,37.76124],[-83.817544,37.762018],[-83.817918,37.76243],[-83.818437,37.762613],[-83.818529,37.763043],[-83.818547,37.763133]]}},{"type":"Feature","properties":{"osm_id":16335341,"highway":"service","name":null,"alt_name":null,"official_name":null,"surface":null,"tracktype":null,"service":null,"access":"private","motor_vehicle":null,"foot":null,"tiger_reviewed":"no","rrgh_part":0,"rrgh_tile_part":0},"geometry":{"type":"LineString","coordinates":[[-83.819981,37.756416],[-83.819879,37.756245],[-83.8198392,37.7562194],[-83.819163,37.756029],[-83.818808,37.755948],[-83.818534,37.755875],[-83.818139,37.755674],[-83.817845,37.755488],[-83.817571,37.755326],[-83.817267,37.755205],[-83.817205,37.755199],[-83.816949,37.755191],[-83.816453,37.755259],[-83.816196,37.75531],[-83.815912,37.755396],[-83.815464,37.755468],[-83.814931,37.75549],[-83.81433,37.755508],[-83.813979,37.755615],[-83.813426,37.755727],[-83.813142,37.755814],[-83.812963,37.756204]]}},{"type":"Feature","properties":{"osm_id":16336704,"highway":"residential","name":"Bishop Road","alt_name":null,"official_name":null,"surface":null,"tracktype":null,"service":null,"access":null,"motor_vehicle":null,"foot":null,"tiger_reviewed":"no","rrgh_part":0,"rrgh_tile_part":0},"geometry":{"type":"LineString","coordinates":[[-83.807366,37.763071],[-83.807417,37.762879],[-83.807517,37.762645],[-83.807665,37.762429],[-83.807751,37.762255],[-83.807823,37.762008],[-83.80783,37.761873],[-83.807781,37.76176],[-83.807739,37.761727],[-83.807377,37.761589],[-83.807206,37.761505],[-83.807083,37.761418],[-83.807048,37.761366],[-83.807031,37.761313],[-83.807036,37.761255],[-83.807065,37.761202],[-83.807117,37.761162],[-83.807292,37.761056],[-83.807441,37.760989],[-83.807638,37.760919],[-83.807957,37.76083],[-83.808174,37.760789],[-83.808378,37.760775],[-83.808788,37.760783],[-83.808901,37.760776],[-83.809067,37.760769],[-83.809281,37.760789],[-83.809484,37.760825],[-83.80993,37.760937],[-83.810618,37.761233],[-83.811098,37.761424],[-83.81145,37.761603],[-83.811933,37.761805],[-83.812082,37.76185],[-83.81217,37.761865],[-83.812435,37.761886],[-83.81275,37.76185],[-83.812844,37.761846],[-83.81295,37.761862],[-83.813002,37.761881],[-83.813058,37.761923],[-83.813093,37.761994],[-83.813162,37.76225],[-83.813195,37.762334],[-83.813336,37.762545],[-83.813549,37.762793],[-83.813722,37.762907],[-83.813832,37.762951],[-83.813967,37.762987],[-83.814367,37.76307],[-83.81462,37.763135],[-83.815123,37.763291],[-83.815349,37.763352],[-83.81651,37.763586],[-83.816759,37.763616],[-83.817003,37.763627],[-83.81723,37.763618],[-83.817703,37.763572],[-83.817788,37.763593],[-83.817905,37.763642],[-83.818003,37.763657]]}},{"type":"Feature","properties":{"osm_id":16335699,"highway":"service","name":null,"alt_name":null,"official_name":null,"surface":null,"tracktype":null,"service":null,"access":"private","motor_vehicle":null,"foot":null,"tiger_reviewed":"no","rrgh_part":0,"rrgh_tile_part":0},"geometry":{"type":"LineString","coordinates":[[-83.817724,37.764755],[-83.81773,37.764798]]}},{"type":"Feature","properties":{"osm_id":16335767,"highway":"service","name":null,"alt_name":null,"official_name":null,"surface":null,"tracktype":null,"service":null,"access":"private","motor_vehicle":null,"foot":null,"tiger_reviewed":"no","rrgh_part":0,"rrgh_tile_part":0},"geometry":{"type":"LineString","coordinates":[[-83.818529,37.763043],[-83.818973,37.763026]]}},{"type":"Feature","properties":{"osm_id":16336190,"highway":"service","name":null,"alt_name":null,"official_name":null,"surface":null,"tracktype":null,"service":null,"access":"private","motor_vehicle":null,"foot":null,"tiger_reviewed":"no","rrgh_part":0,"rrgh_tile_part":0},"geometry":{"type":"LineString","coordinates":[[-83.82004,37.762651],[-83.820105,37.762747]]}},{"type":"Feature","properties":{"osm_id":16336706,"highway":"residential","name":"Bishop Road","alt_name":null,"official_name":null,"surface":null,"tracktype":null,"service":null,"access":null,"motor_vehicle":null,"foot":null,"tiger_reviewed":"no","rrgh_part":0,"rrgh_tile_part":0},"geometry":{"type":"LineString","coordinates":[[-83.817703,37.763572],[-83.817849,37.763535],[-83.818042,37.763428]]}},{"type":"Feature","properties":{"osm_id":16335235,"highway":"service","name":null,"alt_name":null,"official_name":null,"surface":null,"tracktype":null,"service":null,"access":"private","motor_vehicle":null,"foot":null,"tiger_reviewed":"no","rrgh_part":0,"rrgh_tile_part":0},"geometry":{"type":"LineString","coordinates":[[-83.81295,37.761862],[-83.812995,37.761823]]}},{"type":"Feature","properties":{"osm_id":16335837,"highway":"service","name":null,"alt_name":null,"official_name":null,"surface":null,"tracktype":null,"service":null,"access":"private","motor_vehicle":null,"foot":null,"tiger_reviewed":"no","rrgh_part":0,"rrgh_tile_part":0},"geometry":{"type":"LineString","coordinates":[[-83.808901,37.760776],[-83.808887,37.760736]]}},{"type":"Feature","properties":{"osm_id":16338162,"highway":"residential","name":"Arthur Bishop Road","alt_name":null,"official_name":null,"surface":null,"tracktype":null,"service":null,"access":null,"motor_vehicle":null,"foot":null,"tiger_reviewed":"no","rrgh_part":0,"rrgh_tile_part":0},"geometry":{"type":"LineString","coordinates":[[-83.81145,37.761603],[-83.811321,37.761683],[-83.811247,37.761759],[-83.810853,37.762196],[-83.810719,37.762371],[-83.81062,37.762509],[-83.810574,37.762601],[-83.810463,37.762959],[-83.81044,37.763104],[-83.810397,37.763215],[-83.810362,37.763254],[-83.810327,37.763275],[-83.810304,37.763285],[-83.810211,37.763308]]}},{"type":"Feature","properties":{"osm_id":16335113,"highway":"service","name":null,"alt_name":null,"official_name":null,"surface":null,"tracktype":null,"service":null,"access":"private","motor_vehicle":null,"foot":null,"tiger_reviewed":"no","rrgh_part":0,"rrgh_tile_part":0},"geometry":{"type":"LineString","coordinates":[[-83.7956043,37.7543949],[-83.7956869,37.7543571],[-83.7960389,37.7542831],[-83.7963263,37.7542123],[-83.7965476,37.7540554],[-83.7966734,37.7538903],[-83.7967839,37.7538452],[-83.7969098,37.7539536],[-83.796913,37.7541627],[-83.7968878,37.7545054],[-83.7968318,37.7547795],[-83.7967198,37.7550025],[-83.7965473,37.7552339],[-83.7963478,37.7555095],[-83.7961576,37.7557498],[-83.7960483,37.7559265],[-83.7959847,37.7561127],[-83.7960177,37.756306],[-83.7961349,37.7565424],[-83.7961604,37.7567024],[-83.7960689,37.756888],[-83.7958978,37.7570506],[-83.795764,37.7572185],[-83.7955923,37.7572961],[-83.7953397,37.7573478],[-83.7949012,37.757453],[-83.7943737,37.7576445],[-83.7941198,37.757708],[-83.7937291,37.757732],[-83.7933494,37.7578232],[-83.7929768,37.7577627],[-83.7926876,37.7577157],[-83.7923441,37.7577099],[-83.7920985,37.7577576],[-83.7919063,37.7578738],[-83.7916963,37.7578826],[-83.791445,37.7578495],[-83.7912408,37.7578854],[-83.7910592,37.7580323],[-83.7909164,37.7581511],[-83.7907478,37.7584035],[-83.790563,37.7585848],[-83.7904399,37.7587513],[-83.790328,37.7589243],[-83.7902752,37.7590856],[-83.7903105,37.7592244],[-83.7903367,37.7593509],[-83.7903124,37.7594584],[-83.7902312,37.7595314],[-83.7900608,37.7596664],[-83.789884,37.7598169],[-83.7896587,37.7599964],[-83.7894485,37.7601662],[-83.7892355,37.7602217],[-83.7890586,37.7601575],[-83.7888796,37.7600505],[-83.7886958,37.7599293],[-83.7885037,37.7598244],[-83.7882456,37.7597778],[-83.7880392,37.7598471],[-83.7878367,37.7599686],[-83.7877279,37.7600992],[-83.7875797,37.7603056],[-83.7874346,37.7605332],[-83.78731,37.7607848],[-83.787168,37.7610266],[-83.7870295,37.7611895],[-83.7870347,37.7613345],[-83.7869937,37.7615648],[-83.7869203,37.7617804],[-83.786806,37.7620607],[-83.7866119,37.7623375],[-83.785966,37.762627],[-83.785776,37.762933],[-83.785759,37.763229],[-83.785283,37.763786],[-83.7849467,37.764039],[-83.7840922,37.7645398],[-83.7839806,37.7647489],[-83.7839809,37.7649888],[-83.7840357,37.7651044],[-83.7841686,37.7653568],[-83.7842462,37.765626],[-83.7843574,37.7659155],[-83.7844648,37.7662173],[-83.7845011,37.766459],[-83.784544,37.7666917],[-83.7846362,37.7671042],[-83.7845798,37.7672887],[-83.7845295,37.7675129],[-83.7844184,37.7677659],[-83.7844614,37.7681685],[-83.7846003,37.7684542],[-83.7845465,37.7690966],[-83.7843956,37.7697223],[-83.7840747,37.7701552],[-83.784004,37.770328],[-83.7838833,37.7705317],[-83.7837705,37.7705973],[-83.7836848,37.770646],[-83.7834985,37.7708609],[-83.7833213,37.771137],[-83.7831828,37.7713106],[-83.7830371,37.7714337],[-83.7828963,37.7715142],[-83.7828523,37.7716337],[-83.782826,37.771821]]}},{"type":"Feature","properties":{"osm_id":1526646241,"highway":"service","name":null,"alt_name":null,"official_name":null,"surface":null,"tracktype":null,"service":null,"access":null,"motor_vehicle":null,"foot":null,"tiger_reviewed":null,"rrgh_part":0,"rrgh_tile_part":0},"geometry":{"type":"LineString","coordinates":[[-83.8050461,37.7685594],[-83.804978,37.7685309],[-83.8045598,37.7685097],[-83.8044205,37.7684419],[-83.8040184,37.7680181],[-83.8036363,37.7677613],[-83.8028305,37.767263],[-83.8027125,37.7671146],[-83.8026696,37.7670001],[-83.8027179,37.7666651],[-83.8027286,37.7664574],[-83.8025999,37.7661182],[-83.8025785,37.7657451],[-83.8025088,37.7655246],[-83.8024927,37.7653593],[-83.8024927,37.7650285],[-83.8025195,37.7649268],[-83.8025785,37.7648589],[-83.8029914,37.7647614],[-83.80371,37.7645197]]}},{"type":"Feature","properties":{"osm_id":1448117259,"highway":"track","name":null,"alt_name":null,"official_name":null,"surface":null,"tracktype":null,"service":null,"access":null,"motor_vehicle":null,"foot":null,"tiger_reviewed":null,"rrgh_part":0,"rrgh_tile_part":0},"geometry":{"type":"LineString","coordinates":[[-83.7834073,37.7604724],[-83.7834478,37.7606357],[-83.7834283,37.7608616],[-83.7833816,37.761092],[-83.7832662,37.761209],[-83.7831595,37.7613506],[-83.7830208,37.7615251],[-83.7829292,37.7616883],[-83.782891,37.761959],[-83.7828844,37.7621242],[-83.7829652,37.7623622],[-83.7829903,37.7625321],[-83.7830855,37.7627678],[-83.7832201,37.7629607],[-83.7833307,37.763152],[-83.783501,37.7634112],[-83.78367,37.7636302],[-83.7837987,37.7638095],[-83.7839411,37.7639557],[-83.7840681,37.764137],[-83.784078,37.7641704],[-83.7840882,37.7642813],[-83.7840766,37.7643218],[-83.7840922,37.7645398]]}},{"type":"Feature","properties":{"osm_id":16335806,"highway":"residential","name":null,"alt_name":null,"official_name":null,"surface":null,"tracktype":null,"service":null,"access":null,"motor_vehicle":null,"foot":null,"tiger_reviewed":"no","rrgh_part":0,"rrgh_tile_part":0},"geometry":{"type":"LineString","coordinates":[[-83.767697,37.76767],[-83.767678,37.767008],[-83.76779,37.766758],[-83.767943,37.766549],[-83.768147,37.76646],[-83.768442,37.766356],[-83.76849,37.766335],[-83.768566,37.766288],[-83.768656,37.766253],[-83.768827,37.76617],[-83.76899,37.765904],[-83.769194,37.765711],[-83.769489,37.765598],[-83.769753,37.765395],[-83.770219,37.765075],[-83.770308,37.765045],[-83.770697,37.764921],[-83.770951,37.764929]]}},{"type":"Feature","properties":{"osm_id":16335807,"highway":"residential","name":null,"alt_name":null,"official_name":null,"surface":null,"tracktype":null,"service":null,"access":null,"motor_vehicle":null,"foot":null,"tiger_reviewed":"no","rrgh_part":0,"rrgh_tile_part":0},"geometry":{"type":"LineString","coordinates":[[-83.770238,37.764614],[-83.770308,37.765045]]}},{"type":"Feature","properties":{"osm_id":16335336,"highway":"service","name":null,"alt_name":null,"official_name":null,"surface":null,"tracktype":null,"service":null,"access":"private","motor_vehicle":null,"foot":null,"tiger_reviewed":"no","rrgh_part":0,"rrgh_tile_part":0},"geometry":{"type":"LineString","coordinates":[[-83.76,37.75808242857143],[-83.761153,37.757753],[-83.762421,37.75757],[-83.763476,37.757596]]}},{"type":"Feature","properties":{"osm_id":16335538,"highway":"residential","name":null,"alt_name":null,"official_name":null,"surface":null,"tracktype":null,"service":null,"access":null,"motor_vehicle":null,"foot":null,"tiger_reviewed":"no","rrgh_part":0,"rrgh_tile_part":0},"geometry":{"type":"LineString","coordinates":[[-83.7634,37.752216],[-83.760744,37.752931]]}},{"type":"Feature","properties":{"osm_id":16337565,"highway":"residential","name":"Pecks Creek Road","alt_name":null,"official_name":null,"surface":null,"tracktype":null,"service":null,"access":null,"motor_vehicle":null,"foot":null,"tiger_reviewed":"no","rrgh_part":0,"rrgh_tile_part":0},"geometry":{"type":"LineString","coordinates":[[-83.8318474,37.8080976],[-83.8320328,37.8082283],[-83.8325424,37.8087348],[-83.8326222,37.8091219],[-83.8329681,37.8092629],[-83.832981,37.809466],[-83.833178,37.809648],[-83.833427,37.809991],[-83.833482,37.810095],[-83.83353,37.810242],[-83.833623,37.811155],[-83.833631,37.811576],[-83.833662,37.811765],[-83.83375,37.812128],[-83.833767,37.812254],[-83.833774,37.812514],[-83.833764,37.812906],[-83.833813,37.813711],[-83.834094,37.814752],[-83.834339,37.815441],[-83.834379,37.815633],[-83.834382,37.815825],[-83.834289,37.816244],[-83.834227,37.816665],[-83.834215,37.816818],[-83.834224,37.817091],[-83.834297,37.818057],[-83.834303,37.818231],[-83.834281,37.818382],[-83.834256,37.818461],[-83.834138,37.81869],[-83.834092,37.818766],[-83.833336,37.819802],[-83.833082,37.8203],[-83.833057,37.820368],[-83.833029,37.820654],[-83.832911,37.821237],[-83.832896,37.821601],[-83.832892,37.821691],[-83.832877,37.821754],[-83.832827,37.821807],[-83.832732,37.821871],[-83.832632,37.821912],[-83.832542,37.821962],[-83.832365,37.822106],[-83.832246,37.822237],[-83.832019,37.822561],[-83.831898,37.822725],[-83.831615,37.823195],[-83.831572,37.823253],[-83.8313,37.823542],[-83.831256,37.823613],[-83.83088,37.824434],[-83.830831,37.8245],[-83.830792,37.824536],[-83.830478,37.824825],[-83.83027173449132,37.825]]}},{"type":"Feature","properties":{"osm_id":16339392,"highway":"residential","name":"Hatton Creek School Road","alt_name":null,"official_name":null,"surface":null,"tracktype":null,"service":null,"access":null,"motor_vehicle":null,"foot":null,"tiger_reviewed":"no","rrgh_part":0,"rrgh_tile_part":0},"geometry":{"type":"LineString","coordinates":[[-83.840269,37.80111],[-83.84048,37.800924],[-83.840546,37.800883],[-83.841263,37.800647],[-83.841525,37.800583],[-83.841765,37.800559],[-83.841975,37.800564],[-83.842075,37.800571],[-83.842394,37.800622],[-83.842607,37.800644],[-83.842895,37.800636],[-83.843068,37.800598],[-83.843102,37.800578],[-83.843289,37.800465],[-83.843384,37.80037],[-83.843594,37.800196],[-83.843777,37.800085],[-83.844165,37.799887],[-83.844445,37.799781],[-83.844828,37.799592],[-83.845,37.799521229166665]]}},{"type":"Feature","properties":{"osm_id":16337491,"highway":"residential","name":"Darrell Randall Road","alt_name":null,"official_name":null,"surface":null,"tracktype":null,"service":null,"access":"private","motor_vehicle":null,"foot":null,"tiger_reviewed":"no","rrgh_part":0,"rrgh_tile_part":0},"geometry":{"type":"LineString","coordinates":[[-83.837891,37.788326],[-83.83817,37.788282],[-83.838826,37.7883],[-83.838873,37.788305],[-83.838943,37.78833],[-83.839013,37.788338],[-83.839163,37.788334],[-83.839243,37.788319],[-83.839395,37.788232],[-83.840096,37.787733],[-83.840266,37.787647],[-83.840516,37.787543],[-83.840706,37.787452],[-83.840787,37.787395],[-83.840851,37.78731],[-83.840921,37.787056],[-83.840943,37.787011],[-83.841034,37.786922],[-83.841165,37.786833],[-83.841242,37.786797],[-83.841422,37.786739],[-83.841731,37.786669],[-83.841944,37.786606],[-83.842454,37.786403],[-83.8426004,37.7863282],[-83.8427278,37.7862631],[-83.8429163,37.7860267],[-83.8431243,37.7857236],[-83.8434689,37.7853794],[-83.8436964,37.7851585],[-83.8439434,37.7849838],[-83.8442814,37.7846653],[-83.8445999,37.7843725],[-83.8448535,37.7841464],[-83.845,37.78408086835994]]}},{"type":"Feature","properties":{"osm_id":777514452,"highway":"unclassified","name":null,"alt_name":null,"official_name":null,"surface":null,"tracktype":null,"service":null,"access":null,"motor_vehicle":null,"foot":null,"tiger_reviewed":null,"rrgh_part":0,"rrgh_tile_part":0},"geometry":{"type":"LineString","coordinates":[[-83.8426004,37.7863282],[-83.8430808,37.7868608],[-83.8437004,37.7873006],[-83.8443201,37.7876077],[-83.8447086,37.787865],[-83.8449607,37.7880559],[-83.845,37.78806949125]]}},{"type":"Feature","properties":{"osm_id":16337755,"highway":"service","name":"Tiny Jones Road","alt_name":null,"official_name":null,"surface":null,"tracktype":null,"service":null,"access":"private","motor_vehicle":null,"foot":null,"tiger_reviewed":"no","rrgh_part":0,"rrgh_tile_part":0},"geometry":{"type":"LineString","coordinates":[[-83.83708,37.785091],[-83.837088,37.784872],[-83.837108,37.78478],[-83.837133,37.784731],[-83.837201,37.784648],[-83.837289,37.784579],[-83.837338,37.784555],[-83.837444,37.784529],[-83.837633,37.784521],[-83.838482,37.784575]]}},{"type":"Feature","properties":{"osm_id":16335573,"highway":"service","name":null,"alt_name":null,"official_name":null,"surface":null,"tracktype":null,"service":null,"access":"private","motor_vehicle":null,"foot":null,"tiger_reviewed":"no","rrgh_part":0,"rrgh_tile_part":0},"geometry":{"type":"LineString","coordinates":[[-83.83743,37.786609],[-83.83733,37.786604],[-83.83566,37.785621],[-83.835446,37.785556],[-83.835233,37.785581],[-83.834959,37.785726],[-83.834624,37.78579],[-83.834208,37.785766]]}},{"type":"Feature","properties":{"osm_id":16335578,"highway":"service","name":null,"alt_name":null,"official_name":null,"surface":null,"tracktype":null,"service":null,"access":"private","motor_vehicle":null,"foot":null,"tiger_reviewed":"no","rrgh_part":0,"rrgh_tile_part":0},"geometry":{"type":"LineString","coordinates":[[-83.837184,37.785512],[-83.837272,37.785492],[-83.837289,37.785471],[-83.837288,37.785441]]}},{"type":"Feature","properties":{"osm_id":813075204,"highway":"service","name":null,"alt_name":null,"official_name":null,"surface":null,"tracktype":null,"service":null,"access":null,"motor_vehicle":null,"foot":null,"tiger_reviewed":null,"rrgh_part":0,"rrgh_tile_part":0},"geometry":{"type":"LineString","coordinates":[[-83.8376684,37.7882056],[-83.8375442,37.788263],[-83.8374086,37.788361],[-83.8372197,37.7884788],[-83.8371931,37.7885388],[-83.8372007,37.7886212],[-83.8372861,37.7888071],[-83.8373193,37.7889127],[-83.8373287,37.7891279],[-83.8372718,37.7893207],[-83.8370807,37.7897287],[-83.8370645,37.7899086],[-83.83708,37.7900769],[-83.8372234,37.7903622],[-83.8372587,37.7904978],[-83.837195,37.7906251],[-83.8371455,37.7906824]]}},{"type":"Feature","properties":{"osm_id":16337624,"highway":"residential","name":"Nolan Road","alt_name":null,"official_name":null,"surface":null,"tracktype":null,"service":null,"access":null,"motor_vehicle":null,"foot":null,"tiger_reviewed":"no","rrgh_part":0,"rrgh_tile_part":0},"geometry":{"type":"LineString","coordinates":[[-83.839529,37.793959],[-83.840204,37.794143],[-83.840471,37.794269],[-83.840739,37.79443],[-83.840841,37.79448],[-83.841171,37.794619],[-83.84139,37.794679],[-83.841502,37.794691],[-83.841617,37.794691],[-83.841971,37.794677],[-83.844908,37.794796],[-83.845,37.794808146405224]]}},{"type":"Feature","properties":{"osm_id":16335669,"highway":"residential","name":null,"alt_name":null,"official_name":null,"surface":null,"tracktype":null,"service":null,"access":null,"motor_vehicle":null,"foot":null,"tiger_reviewed":"no","rrgh_part":0,"rrgh_tile_part":0},"geometry":{"type":"LineString","coordinates":[[-83.839535,37.794095],[-83.839414,37.794111],[-83.839261,37.794184],[-83.839174,37.794278],[-83.839116,37.794401],[-83.839098,37.794559],[-83.839134,37.794612]]}},{"type":"Feature","properties":{"osm_id":16335513,"highway":"service","name":null,"alt_name":null,"official_name":null,"surface":null,"tracktype":null,"service":null,"access":"private","motor_vehicle":null,"foot":null,"tiger_reviewed":"no","rrgh_part":0,"rrgh_tile_part":0},"geometry":{"type":"LineString","coordinates":[[-83.839522,37.798377],[-83.8398829,37.7983908],[-83.8401301,37.7983628],[-83.8403804,37.7983088],[-83.8405772,37.7983335],[-83.8408614,37.7983871],[-83.8409701,37.7984567],[-83.8409652,37.7985638],[-83.8409146,37.7988484]]}},{"type":"Feature","properties":{"osm_id":16335528,"highway":"service","name":null,"alt_name":null,"official_name":null,"surface":null,"tracktype":null,"service":null,"access":"private","motor_vehicle":null,"foot":null,"tiger_reviewed":"no","rrgh_part":0,"rrgh_tile_part":0},"geometry":{"type":"LineString","coordinates":[[-83.843102,37.800578],[-83.843161,37.800722],[-83.843313,37.800868],[-83.843638,37.801029],[-83.843892,37.801134],[-83.844145,37.801392],[-83.844216,37.801481]]}},{"type":"Feature","properties":{"osm_id":16335903,"highway":"service","name":null,"alt_name":null,"official_name":null,"surface":null,"tracktype":null,"service":null,"access":"private","motor_vehicle":null,"foot":null,"tiger_reviewed":"no","rrgh_part":0,"rrgh_tile_part":0},"geometry":{"type":"LineString","coordinates":[[-83.840271,37.801444],[-83.840332,37.801436],[-83.840413,37.801394]]}},{"type":"Feature","properties":{"osm_id":16335522,"highway":"service","name":null,"alt_name":null,"official_name":null,"surface":null,"tracktype":null,"service":null,"access":"private","motor_vehicle":null,"foot":null,"tiger_reviewed":"no","rrgh_part":0,"rrgh_tile_part":0},"geometry":{"type":"LineString","coordinates":[[-83.839546,37.800469],[-83.8394477,37.8004982],[-83.8392409,37.8006013],[-83.8390041,37.8007126],[-83.8388154,37.8008629],[-83.838607,37.8010307],[-83.838452,37.8011979],[-83.8383576,37.8012998],[-83.8382121,37.8013769],[-83.8379896,37.8015049],[-83.8373957,37.801922],[-83.8372852,37.8020098],[-83.8372693,37.8020863],[-83.8373262,37.8022473],[-83.837325,37.8023838],[-83.8372784,37.8025692],[-83.8373011,37.8027338],[-83.8373091,37.8029398],[-83.8373171,37.8031853]]}},{"type":"Feature","properties":{"osm_id":16335402,"highway":"service","name":null,"alt_name":null,"official_name":null,"surface":"gravel","tracktype":null,"service":null,"access":null,"motor_vehicle":null,"foot":null,"tiger_reviewed":"no","rrgh_part":0,"rrgh_tile_part":0},"geometry":{"type":"LineString","coordinates":[[-83.8408585,37.805147],[-83.8406603,37.8051239],[-83.8405147,37.8050894],[-83.8403992,37.8050899],[-83.8402603,37.8051061]]}},{"type":"Feature","properties":{"osm_id":192266101,"highway":"residential","name":null,"alt_name":null,"official_name":null,"surface":null,"tracktype":null,"service":null,"access":null,"motor_vehicle":null,"foot":null,"tiger_reviewed":null,"rrgh_part":0,"rrgh_tile_part":0},"geometry":{"type":"LineString","coordinates":[[-83.8427159,37.8107462],[-83.842599,37.810938]]}},{"type":"Feature","properties":{"osm_id":192266102,"highway":"residential","name":null,"alt_name":null,"official_name":null,"surface":null,"tracktype":null,"service":null,"access":null,"motor_vehicle":null,"foot":null,"tiger_reviewed":null,"rrgh_part":0,"rrgh_tile_part":0},"geometry":{"type":"LineString","coordinates":[[-83.8427159,37.8107462],[-83.8430321,37.8105616],[-83.8438102,37.810208]]}},{"type":"Feature","properties":{"osm_id":192266102,"highway":"residential","name":null,"alt_name":null,"official_name":null,"surface":null,"tracktype":null,"service":null,"access":null,"motor_vehicle":null,"foot":null,"tiger_reviewed":null,"rrgh_part":1,"rrgh_tile_part":0},"geometry":{"type":"LineString","coordinates":[[-83.8438102,37.810208],[-83.8439765,37.8100469],[-83.8441267,37.8100723],[-83.8442072,37.8102419],[-83.8441857,37.810386],[-83.8440728,37.8104091],[-83.8439655,37.8103412],[-83.8438102,37.810208]]}},{"type":"Feature","properties":{"osm_id":1274523091,"highway":"residential","name":null,"alt_name":null,"official_name":null,"surface":null,"tracktype":null,"service":null,"access":null,"motor_vehicle":null,"foot":null,"tiger_reviewed":null,"rrgh_part":0,"rrgh_tile_part":0},"geometry":{"type":"LineString","coordinates":[[-83.8426768,37.809696],[-83.8427105,37.8102461],[-83.8427159,37.8107462]]}},{"type":"Feature","properties":{"osm_id":16337451,"highway":"residential","name":"Cr-1242","alt_name":null,"official_name":null,"surface":null,"tracktype":null,"service":null,"access":null,"motor_vehicle":null,"foot":null,"tiger_reviewed":"no","rrgh_part":0,"rrgh_tile_part":0},"geometry":{"type":"LineString","coordinates":[[-83.844045,37.81381],[-83.844191,37.813816],[-83.84431,37.813837],[-83.8445421,37.8139277],[-83.844762,37.814007],[-83.845,37.8140670173913]]}},{"type":"Feature","properties":{"osm_id":192266100,"highway":"residential","name":null,"alt_name":null,"official_name":null,"surface":null,"tracktype":null,"service":null,"access":null,"motor_vehicle":null,"foot":null,"tiger_reviewed":null,"rrgh_part":0,"rrgh_tile_part":0},"geometry":{"type":"LineString","coordinates":[[-83.8409349,37.8126194],[-83.8412407,37.8123736],[-83.8414392,37.8121448],[-83.8416001,37.8120685],[-83.8428191,37.8118413]]}},{"type":"Feature","properties":{"osm_id":192266103,"highway":"service","name":null,"alt_name":null,"official_name":null,"surface":null,"tracktype":null,"service":null,"access":null,"motor_vehicle":null,"foot":null,"tiger_reviewed":null,"rrgh_part":0,"rrgh_tile_part":0},"geometry":{"type":"LineString","coordinates":[[-83.8444431,37.8144586],[-83.844427,37.8146069],[-83.8443063,37.8146895],[-83.8440756,37.8147785],[-83.8437805,37.8148399],[-83.8435526,37.8148866],[-83.843323,37.814891]]}},{"type":"Feature","properties":{"osm_id":16335628,"highway":"service","name":null,"alt_name":null,"official_name":null,"surface":null,"tracktype":null,"service":null,"access":"private","motor_vehicle":null,"foot":null,"tiger_reviewed":"no","rrgh_part":0,"rrgh_tile_part":0},"geometry":{"type":"LineString","coordinates":[[-83.827885,37.76816],[-83.827952,37.768169],[-83.827978,37.768186]]}},{"type":"Feature","properties":{"osm_id":16339113,"highway":"service","name":"Cr-1124","alt_name":null,"official_name":null,"surface":null,"tracktype":null,"service":null,"access":"private","motor_vehicle":null,"foot":null,"tiger_reviewed":"no","rrgh_part":0,"rrgh_tile_part":0},"geometry":{"type":"LineString","coordinates":[[-83.827834,37.768262],[-83.827728,37.768281],[-83.827648,37.76828]]}},{"type":"Feature","properties":{"osm_id":16335631,"highway":"residential","name":null,"alt_name":null,"official_name":null,"surface":null,"tracktype":null,"service":null,"access":null,"motor_vehicle":null,"foot":null,"tiger_reviewed":"no","rrgh_part":0,"rrgh_tile_part":0},"geometry":{"type":"LineString","coordinates":[[-83.826711,37.773378],[-83.826829,37.773415],[-83.827042,37.773511],[-83.827286,37.773745],[-83.827499,37.773883],[-83.827742,37.77406],[-83.827854,37.774189],[-83.827813,37.774593],[-83.827721,37.774851]]}},{"type":"Feature","properties":{"osm_id":16337091,"highway":"track","name":"Chop Chestnut North Road","alt_name":null,"official_name":null,"surface":"dirt","tracktype":null,"service":null,"access":null,"motor_vehicle":null,"foot":null,"tiger_reviewed":"no","rrgh_part":0,"rrgh_tile_part":0},"geometry":{"type":"LineString","coordinates":[[-83.786327,37.801854],[-83.7861525,37.8019628],[-83.7860364,37.8019938],[-83.7858989,37.8019462],[-83.785742,37.8018561],[-83.7855413,37.8018384],[-83.7852163,37.8019421],[-83.7844836,37.802371],[-83.7842823,37.8024987],[-83.7842261,37.8026251],[-83.7842557,37.8027407],[-83.7843408,37.802986],[-83.7843473,37.8031324],[-83.7840588,37.8033565],[-83.7837732,37.803448],[-83.7835474,37.8035215],[-83.7833578,37.803648],[-83.7832832,37.8038047],[-83.783224,37.8039104],[-83.7831559,37.8039588],[-83.7830045,37.8039969],[-83.7828465,37.8040064],[-83.7823372,37.8041421],[-83.7821597,37.8042357],[-83.7819503,37.8042745],[-83.7816644,37.8044326],[-83.781543,37.80464],[-83.7814293,37.8048834],[-83.7812801,37.8050799],[-83.7811168,37.8051439],[-83.780919,37.8051533],[-83.7808256,37.8051332],[-83.7807376,37.8051523],[-83.7806327,37.8052382],[-83.7804942,37.8053557],[-83.7804018,37.8055071],[-83.7804856,37.8057615],[-83.7807835,37.8060422],[-83.7808729,37.8061641],[-83.780892,37.8064607],[-83.7808258,37.8066228],[-83.7807401,37.8067731],[-83.7800076,37.8076563],[-83.7799333,37.8077552],[-83.779661,37.808363],[-83.7796757,37.8085707],[-83.7796088,37.8086988],[-83.7795295,37.8088179],[-83.7793659,37.8089469],[-83.7791256,37.809079],[-83.7790132,37.8091747],[-83.7789233,37.8092807],[-83.7788777,37.8093856],[-83.7790574,37.8093294],[-83.7791862,37.8093368],[-83.7794074,37.8093697],[-83.7795348,37.8094131],[-83.779677,37.809464],[-83.7798393,37.8095646],[-83.7799168,37.8096033],[-83.7799259,37.8096081],[-83.7804142,37.8100505],[-83.7807263,37.8108343],[-83.7802851,37.8110773],[-83.7795702,37.8113206],[-83.7793611,37.8118862],[-83.779447,37.8123209],[-83.7796345,37.8126294],[-83.7796913,37.8130276],[-83.7796522,37.8141829],[-83.779402,37.815],[-83.779333,37.815025],[-83.7792075,37.8150856],[-83.7789403,37.8152145],[-83.7786992,37.8152078],[-83.7783658,37.8152048],[-83.7780863,37.8153094],[-83.7778065,37.8156253],[-83.777713,37.8159766],[-83.777701,37.8162751],[-83.777421,37.816587],[-83.777044,37.816842],[-83.776882,37.816936],[-83.776638,37.817067],[-83.776298,37.817218],[-83.776026,37.817305],[-83.775186,37.817521],[-83.774743,37.817691],[-83.774516,37.817748],[-83.773805,37.817803],[-83.773541,37.817786],[-83.773202,37.817713],[-83.773031,37.817693],[-83.772685,37.817701],[-83.772515,37.817738],[-83.772433,37.817763],[-83.772122,37.817898],[-83.771304,37.818282],[-83.770745,37.818528],[-83.770453,37.818632],[-83.770146,37.818725],[-83.769852,37.818836],[-83.769579,37.818962],[-83.769105,37.8192],[-83.768967,37.819292],[-83.768901,37.819373],[-83.768873,37.819418],[-83.768852,37.819518],[-83.768866,37.819679],[-83.768944,37.820175],[-83.7689597,37.8203142],[-83.768981,37.820503],[-83.768973,37.820578]]}},{"type":"Feature","properties":{"osm_id":1526646237,"highway":"service","name":null,"alt_name":null,"official_name":null,"surface":"gravel","tracktype":null,"service":null,"access":null,"motor_vehicle":null,"foot":null,"tiger_reviewed":null,"rrgh_part":0,"rrgh_tile_part":0},"geometry":{"type":"LineString","coordinates":[[-83.812266,37.767407],[-83.8120138,37.7674582],[-83.81176,37.7674602],[-83.8115733,37.7674595],[-83.8114215,37.7675574],[-83.8111796,37.7677684],[-83.8109105,37.7678744],[-83.8107264,37.7680028],[-83.8105421,37.7681994],[-83.810326,37.7683115],[-83.8101057,37.7683657],[-83.809915,37.768319]]}},{"type":"Feature","properties":{"osm_id":16335843,"highway":"service","name":null,"alt_name":null,"official_name":null,"surface":null,"tracktype":null,"service":null,"access":"private","motor_vehicle":null,"foot":null,"tiger_reviewed":"no","rrgh_part":0,"rrgh_tile_part":0},"geometry":{"type":"LineString","coordinates":[[-83.80958,37.768413],[-83.8094715,37.7682437],[-83.8093068,37.7680388],[-83.8091539,37.7678883],[-83.8090529,37.7677583],[-83.8089923,37.7675622],[-83.8089808,37.7673318],[-83.8089202,37.7672452],[-83.8087125,37.7671129],[-83.8084961,37.7670741],[-83.8081701,37.7670718],[-83.8076248,37.7671608],[-83.8074574,37.7671562],[-83.8069929,37.7669327],[-83.8067794,37.766903],[-83.8065832,37.7669213],[-83.8064361,37.7669737],[-83.8062774,37.7670832],[-83.8060898,37.7673934],[-83.8060119,37.7674755],[-83.8057177,37.767756],[-83.8055186,37.7679978],[-83.8051954,37.768406],[-83.8050685,37.7685132],[-83.8050461,37.7685594],[-83.805068,37.7686338]]}},{"type":"Feature","properties":{"osm_id":16335507,"highway":"service","name":null,"alt_name":null,"official_name":null,"surface":null,"tracktype":null,"service":null,"access":"private","motor_vehicle":null,"foot":null,"tiger_reviewed":"no","rrgh_part":0,"rrgh_tile_part":0},"geometry":{"type":"LineString","coordinates":[[-83.82785,37.781088],[-83.827819,37.781004],[-83.8278,37.780982],[-83.827773,37.780972]]}},{"type":"Feature","properties":{"osm_id":16335279,"highway":"service","name":null,"alt_name":null,"official_name":null,"surface":null,"tracktype":null,"service":null,"access":"private","motor_vehicle":null,"foot":null,"tiger_reviewed":"no","rrgh_part":0,"rrgh_tile_part":0},"geometry":{"type":"LineString","coordinates":[[-83.824134,37.783706],[-83.823842,37.78346],[-83.823596,37.78329],[-83.823596,37.782998],[-83.82415,37.782852],[-83.824734,37.78273]]}},{"type":"Feature","properties":{"osm_id":16335401,"highway":"service","name":null,"alt_name":null,"official_name":null,"surface":null,"tracktype":null,"service":null,"access":"private","motor_vehicle":null,"foot":null,"tiger_reviewed":"no","rrgh_part":0,"rrgh_tile_part":0},"geometry":{"type":"LineString","coordinates":[[-83.827955,37.781761],[-83.827072,37.782266],[-83.824888,37.78324],[-83.824134,37.783706],[-83.82335,37.78419],[-83.822151,37.784702],[-83.821781,37.784848]]}},{"type":"Feature","properties":{"osm_id":16337229,"highway":"residential","name":"Jones - Frazier Road","alt_name":null,"official_name":null,"surface":null,"tracktype":null,"service":null,"access":null,"motor_vehicle":null,"foot":null,"tiger_reviewed":"no","rrgh_part":0,"rrgh_tile_part":0},"geometry":{"type":"LineString","coordinates":[[-83.825723,37.779171],[-83.825266,37.779292],[-83.825053,37.779365],[-83.824918,37.779424],[-83.824787,37.779503],[-83.824729,37.779549],[-83.824635,37.779644],[-83.824547,37.779749],[-83.824491,37.779792],[-83.824355,37.77987],[-83.823896,37.780088],[-83.82376,37.780202],[-83.823702,37.780271],[-83.823559,37.780374],[-83.823243,37.780499],[-83.822885,37.780618],[-83.82267,37.780714],[-83.822373,37.780887],[-83.82215,37.781075],[-83.822029,37.781157],[-83.821948,37.7812],[-83.821826,37.781244],[-83.821752,37.781261],[-83.82139,37.781271],[-83.821264,37.781291],[-83.821133,37.781326],[-83.821009,37.781376],[-83.820532,37.781606],[-83.820255,37.781675],[-83.820114,37.781675],[-83.819608,37.78157],[-83.819483,37.781512],[-83.819427,37.781472],[-83.818966,37.781051],[-83.818682,37.780769],[-83.818593,37.780648],[-83.818543,37.780604],[-83.818481,37.780577],[-83.81841,37.780566],[-83.818343,37.78057],[-83.818233,37.780608],[-83.818153,37.780656],[-83.818011,37.780782],[-83.817904,37.780861],[-83.817746,37.780928],[-83.81766,37.78095],[-83.817525,37.780974],[-83.817206,37.780999],[-83.817129,37.780991],[-83.816968,37.780955]]}},{"type":"Feature","properties":{"osm_id":16339260,"highway":"residential","name":"Knowlton Ridge Road","alt_name":null,"official_name":null,"surface":null,"tracktype":null,"service":null,"access":null,"motor_vehicle":null,"foot":null,"tiger_reviewed":"no","rrgh_part":0,"rrgh_tile_part":0},"geometry":{"type":"LineString","coordinates":[[-83.828989,37.785229],[-83.82888,37.78529],[-83.828714,37.785353],[-83.828583,37.785381],[-83.828282,37.785422],[-83.828201,37.785442],[-83.828129,37.785474],[-83.82807,37.785517],[-83.827977,37.785633],[-83.827962,37.785775],[-83.828025,37.786084],[-83.827987,37.786218],[-83.827934,37.786309],[-83.827828,37.786452],[-83.827436,37.786908],[-83.827377,37.786993],[-83.827314,37.787116],[-83.827305,37.787229],[-83.82733,37.787503],[-83.827325,37.787597],[-83.827287,37.787841],[-83.82728,37.787914],[-83.827291,37.788062],[-83.8273,37.788178],[-83.827293,37.788283],[-83.827279,37.788376],[-83.827244,37.788474],[-83.827184,37.788563],[-83.827001,37.788715],[-83.826811,37.788819],[-83.826625,37.788895],[-83.826235,37.788986],[-83.826104,37.789053],[-83.82592,37.789184],[-83.825821,37.789264],[-83.825738,37.789357],[-83.825502,37.789749],[-83.825462,37.789853],[-83.825457,37.789893],[-83.82547,37.790012],[-83.825534,37.790237],[-83.825532,37.790406],[-83.825254,37.791249],[-83.825225,37.791384],[-83.825187,37.791653],[-83.825137,37.791808],[-83.825078,37.791921],[-83.825029,37.791988],[-83.824977,37.792044],[-83.824871,37.792124],[-83.824786,37.792171],[-83.824692,37.792205],[-83.824654,37.792245],[-83.824606,37.792349]]}},{"type":"Feature","properties":{"osm_id":16335511,"highway":"residential","name":null,"alt_name":null,"official_name":null,"surface":null,"tracktype":null,"service":null,"access":null,"motor_vehicle":null,"foot":null,"tiger_reviewed":"no","rrgh_part":0,"rrgh_tile_part":0},"geometry":{"type":"LineString","coordinates":[[-83.827291,37.788062],[-83.827456,37.78808],[-83.827841,37.788234],[-83.828196,37.788484],[-83.828399,37.788758],[-83.828582,37.789169],[-83.828673,37.789444],[-83.828662,37.789702],[-83.8285,37.789895],[-83.828256,37.790041],[-83.827728,37.790218],[-83.827271,37.790355]]}},{"type":"Feature","properties":{"osm_id":16335673,"highway":"residential","name":null,"alt_name":null,"official_name":null,"surface":null,"tracktype":null,"service":null,"access":null,"motor_vehicle":null,"foot":null,"tiger_reviewed":"no","rrgh_part":0,"rrgh_tile_part":0},"geometry":{"type":"LineString","coordinates":[[-83.825462,37.789853],[-83.825326,37.789804],[-83.825184,37.789729],[-83.825058,37.78965]]}},{"type":"Feature","properties":{"osm_id":16335470,"highway":"service","name":null,"alt_name":null,"official_name":null,"surface":null,"tracktype":null,"service":null,"access":"private","motor_vehicle":null,"foot":null,"tiger_reviewed":"no","rrgh_part":0,"rrgh_tile_part":0},"geometry":{"type":"LineString","coordinates":[[-83.799589,37.768331],[-83.799471,37.768711],[-83.798939,37.769037],[-83.798829,37.769445],[-83.799035,37.770193],[-83.798511,37.770919],[-83.798636,37.771044]]}},{"type":"Feature","properties":{"osm_id":16338759,"highway":"residential","name":"McCoy Cemetery Road","alt_name":null,"official_name":null,"surface":null,"tracktype":null,"service":null,"access":null,"motor_vehicle":null,"foot":null,"tiger_reviewed":"no","rrgh_part":0,"rrgh_tile_part":0},"geometry":{"type":"LineString","coordinates":[[-83.800805,37.77035],[-83.801007,37.770422],[-83.801087,37.770508],[-83.801136,37.770632],[-83.8011826,37.7708349],[-83.801246,37.771111],[-83.801251,37.771186],[-83.801227,37.771236],[-83.801184,37.771261],[-83.800973,37.77132]]}},{"type":"Feature","properties":{"osm_id":16339435,"highway":"residential","name":"Shelby Lowe Hollow Road","alt_name":null,"official_name":null,"surface":"asphalt","tracktype":null,"service":null,"access":null,"motor_vehicle":null,"foot":null,"tiger_reviewed":"no","rrgh_part":0,"rrgh_tile_part":0},"geometry":{"type":"LineString","coordinates":[[-83.794115,37.787329],[-83.794169,37.787376],[-83.794236,37.787488],[-83.794383,37.787784],[-83.794452,37.787954],[-83.794466,37.788057],[-83.794489,37.788227],[-83.794492,37.788598],[-83.794508,37.788685],[-83.794588,37.788959],[-83.794597,37.789047],[-83.794558,37.789273],[-83.7944,37.789722],[-83.794327,37.790024],[-83.794274,37.790184],[-83.794191,37.79038],[-83.794103,37.790546],[-83.794073,37.790665],[-83.794076,37.790767],[-83.794122,37.790948],[-83.794224,37.791192],[-83.794286,37.791374]]}},{"type":"Feature","properties":{"osm_id":16336003,"highway":"residential","name":null,"alt_name":null,"official_name":null,"surface":null,"tracktype":null,"service":null,"access":null,"motor_vehicle":null,"foot":null,"tiger_reviewed":"no","rrgh_part":0,"rrgh_tile_part":0},"geometry":{"type":"LineString","coordinates":[[-83.794466,37.788057],[-83.794596,37.78807],[-83.794789,37.78807],[-83.795124,37.788166],[-83.795309,37.788233],[-83.795844,37.788377],[-83.79626,37.788409]]}},{"type":"Feature","properties":{"osm_id":1336681778,"highway":"track","name":null,"alt_name":null,"official_name":null,"surface":null,"tracktype":null,"service":null,"access":null,"motor_vehicle":null,"foot":null,"tiger_reviewed":null,"rrgh_part":0,"rrgh_tile_part":0},"geometry":{"type":"LineString","coordinates":[[-83.7812646,37.7885108],[-83.7809269,37.7886336],[-83.7804766,37.7886336],[-83.7799459,37.7884472],[-83.7797704,37.7884472]]}},{"type":"Feature","properties":{"osm_id":1526650471,"highway":"service","name":null,"alt_name":null,"official_name":null,"surface":null,"tracktype":null,"service":null,"access":"private","motor_vehicle":null,"foot":null,"tiger_reviewed":"no","rrgh_part":0,"rrgh_tile_part":0},"geometry":{"type":"LineString","coordinates":[[-83.780309,37.778842],[-83.7810186,37.7787684],[-83.7815502,37.7786513],[-83.7818593,37.778596],[-83.7820007,37.77852],[-83.7820091,37.7784712],[-83.7819095,37.7784013],[-83.7815315,37.7783394]]}},{"type":"Feature","properties":{"osm_id":16336117,"highway":"service","name":null,"alt_name":null,"official_name":null,"surface":null,"tracktype":null,"service":null,"access":"private","motor_vehicle":null,"foot":null,"tiger_reviewed":"no","rrgh_part":0,"rrgh_tile_part":0},"geometry":{"type":"LineString","coordinates":[[-83.794103,37.790546],[-83.79404,37.790606],[-83.793967,37.790635]]}},{"type":"Feature","properties":{"osm_id":16335148,"highway":"service","name":null,"alt_name":null,"official_name":null,"surface":null,"tracktype":null,"service":null,"access":"private","motor_vehicle":null,"foot":null,"tiger_reviewed":"no","rrgh_part":0,"rrgh_tile_part":0},"geometry":{"type":"LineString","coordinates":[[-83.825187,37.791653],[-83.825367,37.791834]]}},{"type":"Feature","properties":{"osm_id":16335379,"highway":"service","name":null,"alt_name":null,"official_name":null,"surface":null,"tracktype":null,"service":null,"access":"private","motor_vehicle":null,"foot":null,"tiger_reviewed":"no","rrgh_part":0,"rrgh_tile_part":0},"geometry":{"type":"LineString","coordinates":[[-83.810648,37.796774],[-83.810673,37.796743],[-83.810771,37.796702]]}},{"type":"Feature","properties":{"osm_id":16335656,"highway":"service","name":null,"alt_name":null,"official_name":null,"surface":null,"tracktype":null,"service":null,"access":"private","motor_vehicle":null,"foot":null,"tiger_reviewed":"no","rrgh_part":0,"rrgh_tile_part":0},"geometry":{"type":"LineString","coordinates":[[-83.8104017,37.796664],[-83.8104378,37.7967484],[-83.810505,37.7968632],[-83.8105336,37.7969545],[-83.8105161,37.797019],[-83.8104892,37.7970672],[-83.810453,37.7970894],[-83.8102964,37.79712],[-83.8102738,37.7971443],[-83.8102771,37.7971698],[-83.8103287,37.797231]]}},{"type":"Feature","properties":{"osm_id":16336116,"highway":"service","name":null,"alt_name":null,"official_name":null,"surface":null,"tracktype":null,"service":null,"access":"private","motor_vehicle":null,"foot":null,"tiger_reviewed":"no","rrgh_part":0,"rrgh_tile_part":0},"geometry":{"type":"LineString","coordinates":[[-83.807529,37.795594],[-83.80751,37.795694]]}},{"type":"Feature","properties":{"osm_id":16335660,"highway":"service","name":null,"alt_name":null,"official_name":null,"surface":null,"tracktype":null,"service":null,"access":"private","motor_vehicle":null,"foot":null,"tiger_reviewed":"no","rrgh_part":0,"rrgh_tile_part":0},"geometry":{"type":"LineString","coordinates":[[-83.814318,37.799177],[-83.813781,37.799328],[-83.8136632,37.7994829],[-83.8135477,37.7996815],[-83.8134363,37.8002391],[-83.8131488,37.80085],[-83.813011,37.801322],[-83.812809,37.8014164],[-83.81158,37.801371],[-83.811518,37.801359],[-83.811471,37.801349]]}},{"type":"Feature","properties":{"osm_id":16339320,"highway":"residential","name":"Sycamore Drive","alt_name":null,"official_name":null,"surface":"asphalt","tracktype":null,"service":null,"access":null,"motor_vehicle":null,"foot":null,"tiger_reviewed":"no","rrgh_part":0,"rrgh_tile_part":0},"geometry":{"type":"LineString","coordinates":[[-83.811475,37.808032],[-83.811481,37.807996],[-83.811465,37.807898],[-83.811028,37.805986],[-83.810953,37.805789],[-83.810592,37.805002],[-83.810372,37.804559],[-83.81034,37.804453],[-83.810342,37.804406],[-83.810359,37.804358],[-83.810467,37.804202],[-83.8110469,37.803462]]}},{"type":"Feature","properties":{"osm_id":1338316856,"highway":"service","name":null,"alt_name":null,"official_name":null,"surface":null,"tracktype":null,"service":null,"access":null,"motor_vehicle":null,"foot":null,"tiger_reviewed":null,"rrgh_part":0,"rrgh_tile_part":0},"geometry":{"type":"LineString","coordinates":[[-83.8059954,37.7990902],[-83.8060307,37.7992655],[-83.8059547,37.7995026],[-83.8059187,37.7997482],[-83.8060002,37.7999431],[-83.8062336,37.8000385],[-83.8065178,37.8000508],[-83.8069586,37.8001791],[-83.8074296,37.8001896],[-83.8077674,37.800046],[-83.8079976,37.7999482],[-83.8081423,37.7999302],[-83.8083276,37.7997818],[-83.8084318,37.7994934],[-83.8083412,37.7991886],[-83.8081415,37.7989762],[-83.8078354,37.7989148],[-83.8075531,37.798968],[-83.8074058,37.799108],[-83.8072978,37.7991795],[-83.8069106,37.799239],[-83.8066201,37.799265],[-83.8063896,37.7992107],[-83.8061578,37.7991515],[-83.8059954,37.7990902]]}},{"type":"Feature","properties":{"osm_id":16335276,"highway":"service","name":null,"alt_name":null,"official_name":null,"surface":null,"tracktype":null,"service":null,"access":"private","motor_vehicle":null,"foot":null,"tiger_reviewed":"no","rrgh_part":0,"rrgh_tile_part":0},"geometry":{"type":"LineString","coordinates":[[-83.8313312,37.8050718],[-83.8306655,37.8061831],[-83.8306547,37.8067432],[-83.8309281,37.8073428],[-83.8318474,37.8080976]]}},{"type":"Feature","properties":{"osm_id":1338316861,"highway":"service","name":null,"alt_name":null,"official_name":null,"surface":null,"tracktype":null,"service":null,"access":null,"motor_vehicle":null,"foot":null,"tiger_reviewed":null,"rrgh_part":0,"rrgh_tile_part":0},"geometry":{"type":"LineString","coordinates":[[-83.821768,37.8143328],[-83.8212211,37.8142735],[-83.8207976,37.8142819],[-83.8203687,37.8143751],[-83.8198614,37.8145108]]}},{"type":"Feature","properties":{"osm_id":16337576,"highway":"residential","name":"Cr-1139-30","alt_name":null,"official_name":null,"surface":"asphalt","tracktype":null,"service":null,"access":null,"motor_vehicle":null,"foot":null,"tiger_reviewed":"no","rrgh_part":0,"rrgh_tile_part":0},"geometry":{"type":"LineString","coordinates":[[-83.810592,37.805002],[-83.810078,37.805144],[-83.809986,37.805186],[-83.809888,37.805251]]}},{"type":"Feature","properties":{"osm_id":16337730,"highway":"residential","name":"Sycamore Road","alt_name":null,"official_name":null,"surface":"asphalt","tracktype":null,"service":null,"access":null,"motor_vehicle":null,"foot":null,"tiger_reviewed":"no","rrgh_part":0,"rrgh_tile_part":0},"geometry":{"type":"LineString","coordinates":[[-83.81031,37.808415],[-83.810534,37.808379],[-83.810739,37.808335],[-83.810787,37.808321],[-83.811315,37.808164],[-83.811419,37.808117],[-83.811453,37.808083],[-83.811475,37.808032],[-83.8117476,37.8079913],[-83.8119983,37.8078804],[-83.8121974,37.8077687],[-83.8123734,37.8076997]]}},{"type":"Feature","properties":{"osm_id":1083319781,"highway":"residential","name":"Sycamore Road","alt_name":null,"official_name":null,"surface":"asphalt","tracktype":null,"service":null,"access":null,"motor_vehicle":null,"foot":null,"tiger_reviewed":"no","rrgh_part":0,"rrgh_tile_part":0},"geometry":{"type":"LineString","coordinates":[[-83.8130546,37.80703],[-83.8127194,37.8071108],[-83.8126576,37.8071633],[-83.8123734,37.8076997]]}},{"type":"Feature","properties":{"osm_id":16335542,"highway":"service","name":null,"alt_name":null,"official_name":null,"surface":null,"tracktype":null,"service":null,"access":"private","motor_vehicle":null,"foot":null,"tiger_reviewed":"no","rrgh_part":0,"rrgh_tile_part":0},"geometry":{"type":"LineString","coordinates":[[-83.815601,37.817087],[-83.815573,37.817189],[-83.815585,37.817237],[-83.815663,37.817395],[-83.815687,37.817476],[-83.815698,37.817564],[-83.815687,37.817699],[-83.815504,37.818449],[-83.815411,37.818908],[-83.815206,37.819541],[-83.815098,37.819773],[-83.814547,37.820562],[-83.814061,37.821218],[-83.813902,37.821393],[-83.813373,37.821814],[-83.813199,37.821922],[-83.812991,37.822019],[-83.812911,37.822045],[-83.812634,37.822097],[-83.812593,37.822114],[-83.812571,37.822139],[-83.812568,37.82217]]}},{"type":"Feature","properties":{"osm_id":16338252,"highway":"residential","name":"James Crow Hollow Road","alt_name":null,"official_name":null,"surface":null,"tracktype":null,"service":null,"access":null,"motor_vehicle":null,"foot":null,"tiger_reviewed":"no","rrgh_part":0,"rrgh_tile_part":0},"geometry":{"type":"LineString","coordinates":[[-83.8198614,37.8145108],[-83.8192107,37.8146994],[-83.8188539,37.8147936],[-83.8184693,37.8149454],[-83.818282,37.815047],[-83.818119,37.81518],[-83.817943,37.815354],[-83.81792,37.815377],[-83.817842,37.815487],[-83.817804,37.815608],[-83.817805,37.81574],[-83.817953,37.816731],[-83.818039,37.817492],[-83.818094,37.817853],[-83.818139,37.818246],[-83.818151,37.818784]]}},{"type":"Feature","properties":{"osm_id":1338316864,"highway":"service","name":null,"alt_name":null,"official_name":null,"surface":null,"tracktype":null,"service":null,"access":"private","motor_vehicle":null,"foot":null,"tiger_reviewed":"no","rrgh_part":0,"rrgh_tile_part":0},"geometry":{"type":"LineString","coordinates":[[-83.817804,37.815608],[-83.8177505,37.8151497],[-83.8175981,37.8147574]]}},{"type":"Feature","properties":{"osm_id":969840620,"highway":"service","name":null,"alt_name":null,"official_name":null,"surface":null,"tracktype":null,"service":null,"access":null,"motor_vehicle":null,"foot":null,"tiger_reviewed":null,"rrgh_part":0,"rrgh_tile_part":0},"geometry":{"type":"LineString","coordinates":[[-83.7990933,37.7952605],[-83.7988886,37.7954451],[-83.7987012,37.7956018],[-83.7982364,37.7959517],[-83.7979003,37.7963103],[-83.797768,37.7964177],[-83.7975108,37.7965846],[-83.7972793,37.7966601],[-83.7968256,37.7968212]]}},{"type":"Feature","properties":{"osm_id":1535969891,"highway":"track","name":null,"alt_name":null,"official_name":null,"surface":null,"tracktype":null,"service":null,"access":null,"motor_vehicle":null,"foot":null,"tiger_reviewed":null,"rrgh_part":0,"rrgh_tile_part":0},"geometry":{"type":"LineString","coordinates":[[-83.7986005,37.7943927],[-83.7986848,37.7943512],[-83.7986485,37.7942894],[-83.7986034,37.7942474],[-83.7984648,37.7941446],[-83.7983168,37.7940465],[-83.7981969,37.7939628],[-83.7981318,37.7939126],[-83.7981015,37.7938636],[-83.7980913,37.7938352],[-83.7980932,37.7938062],[-83.7981065,37.7937416],[-83.7981318,37.7936863],[-83.7981761,37.7936197],[-83.7982101,37.7935826],[-83.7982305,37.7935586]]}},{"type":"Feature","properties":{"osm_id":1338316855,"highway":"residential","name":null,"alt_name":null,"official_name":null,"surface":"unpaved","tracktype":null,"service":null,"access":null,"motor_vehicle":null,"foot":null,"tiger_reviewed":null,"rrgh_part":0,"rrgh_tile_part":0},"geometry":{"type":"LineString","coordinates":[[-83.8059954,37.7990902],[-83.8058667,37.7990054],[-83.8052661,37.7988784],[-83.8050194,37.7987979],[-83.8048478,37.7987259],[-83.8047566,37.7986454],[-83.804703,37.7985268],[-83.8047137,37.7983658],[-83.8047566,37.7982472],[-83.8047566,37.7981456],[-83.8046816,37.7980482],[-83.8045368,37.7979465],[-83.8043276,37.7978702],[-83.8040381,37.7978152],[-83.8039094,37.7978194],[-83.8037163,37.7978999],[-83.8035125,37.7980628],[-83.8030565,37.7985969],[-83.8030029,37.7987283],[-83.80296,37.7989868],[-83.802901,37.7990758],[-83.8026489,37.7992538],[-83.8023592,37.7994064],[-83.8020535,37.7994954],[-83.8017585,37.7995336],[-83.8015547,37.7995294],[-83.8011846,37.7994785],[-83.8007823,37.7993683],[-83.8006428,37.7993429],[-83.800321,37.7993683],[-83.7997149,37.79947],[-83.7995701,37.7995166],[-83.799495,37.799559],[-83.7992483,37.7997667],[-83.7990981,37.7998557],[-83.7984544,37.8000931],[-83.798154,37.8002202],[-83.7980039,37.8003008],[-83.7978376,37.8004534],[-83.7976445,37.8007797],[-83.7976177,37.8008942],[-83.7976069,37.8011824],[-83.7975211,37.8016444],[-83.7974407,37.8018478],[-83.797269,37.8020555],[-83.796797,37.8024328],[-83.7966629,37.8025811],[-83.7965878,37.8026998],[-83.7964644,37.80281],[-83.7962821,37.802899],[-83.7957993,37.8030813],[-83.7955311,37.8031999],[-83.7944316,37.8038103],[-83.7940561,37.8039883],[-83.7939542,37.8040519],[-83.7938469,37.8041536],[-83.7937718,37.8042765],[-83.7934017,37.80512],[-83.7932891,37.8052599],[-83.7929243,37.80551],[-83.7925033,37.8056454],[-83.7923,37.805691]]}},{"type":"Feature","properties":{"osm_id":16336241,"highway":"residential","name":"Cow Creek Road","alt_name":null,"official_name":null,"surface":null,"tracktype":null,"service":null,"access":null,"motor_vehicle":null,"foot":null,"tiger_reviewed":"no","rrgh_part":0,"rrgh_tile_part":0},"geometry":{"type":"LineString","coordinates":[[-83.781304,37.793376],[-83.781332,37.793427],[-83.781385,37.793591],[-83.781381,37.79367],[-83.781329,37.793824],[-83.781212,37.794051],[-83.781186,37.794123],[-83.781096,37.794548],[-83.781056,37.794634],[-83.780961,37.794738],[-83.780915,37.794768],[-83.780796,37.794814],[-83.780571,37.794884],[-83.780436,37.794938],[-83.780336,37.795006],[-83.78019,37.795152],[-83.780093,37.795268],[-83.779772,37.795689],[-83.779678,37.795834],[-83.77958,37.796023]]}},{"type":"Feature","properties":{"osm_id":16337096,"highway":"residential","name":"Chop Chestnut Road","alt_name":null,"official_name":null,"surface":null,"tracktype":null,"service":null,"access":null,"motor_vehicle":null,"foot":null,"tiger_reviewed":"no","rrgh_part":0,"rrgh_tile_part":0},"geometry":{"type":"LineString","coordinates":[[-83.77958,37.796023],[-83.77977,37.796108],[-83.780246,37.796254],[-83.780286,37.796266],[-83.780587,37.796381],[-83.780712,37.796401],[-83.78078,37.796399],[-83.780863,37.796383],[-83.780998,37.796342],[-83.781281,37.796211],[-83.781347,37.79619],[-83.781409,37.79618],[-83.781465,37.796182],[-83.781518,37.796203],[-83.781562,37.796236],[-83.781598,37.79628],[-83.781641,37.796403],[-83.781683,37.796811],[-83.781735,37.796919],[-83.781829,37.797024],[-83.781884,37.797101],[-83.781931,37.797203],[-83.781946,37.797265],[-83.781939,37.797388],[-83.781925,37.797451],[-83.781893,37.797516],[-83.78187,37.797549],[-83.781758,37.797651],[-83.781726,37.797704],[-83.781703,37.797834],[-83.781693,37.798053],[-83.781776,37.798301],[-83.781843,37.798411],[-83.78193,37.798501],[-83.781991,37.798553],[-83.782085,37.798611],[-83.782407,37.798745],[-83.782625,37.798814],[-83.782757,37.798865],[-83.782837,37.798911],[-83.783191,37.79917],[-83.783404,37.799299],[-83.784174,37.799613],[-83.784528,37.79982],[-83.784614,37.799853],[-83.784875,37.799922],[-83.784925,37.799942],[-83.785014,37.799998],[-83.78508,37.800091],[-83.785147,37.800245],[-83.785215,37.800596],[-83.785294,37.800882],[-83.785306,37.80101],[-83.785257,37.801263],[-83.78527,37.801345],[-83.785288,37.801385],[-83.785345,37.801451],[-83.7854137,37.8015043],[-83.785615,37.801565],[-83.785953,37.801655],[-83.786327,37.801854]]}},{"type":"Feature","properties":{"osm_id":110351659,"highway":"residential","name":"Cow Creek Road","alt_name":null,"official_name":null,"surface":null,"tracktype":null,"service":null,"access":null,"motor_vehicle":null,"foot":null,"tiger_reviewed":"no","rrgh_part":0,"rrgh_tile_part":0},"geometry":{"type":"LineString","coordinates":[[-83.780129,37.791949],[-83.780093,37.792033],[-83.780091,37.792074],[-83.780127,37.792168],[-83.780226,37.792273],[-83.780534,37.79252],[-83.78067,37.792641],[-83.780944,37.792903],[-83.781133,37.79311],[-83.781242,37.793264],[-83.781304,37.793376]]}},{"type":"Feature","properties":{"osm_id":894791994,"highway":"residential","name":"Chop Chestnut Road","alt_name":null,"official_name":null,"surface":null,"tracktype":null,"service":null,"access":null,"motor_vehicle":null,"foot":null,"tiger_reviewed":"no","rrgh_part":0,"rrgh_tile_part":0},"geometry":{"type":"LineString","coordinates":[[-83.786327,37.801854],[-83.786771,37.802085],[-83.787024,37.802153],[-83.787209,37.802176],[-83.787461,37.80219],[-83.787713,37.802152],[-83.787765,37.802159],[-83.787816,37.802178],[-83.787872,37.802215],[-83.787924,37.802301],[-83.787946,37.802374],[-83.787969,37.802537],[-83.787998,37.802622],[-83.788059,37.802701],[-83.788379,37.80301],[-83.788547,37.803115],[-83.788874,37.803252],[-83.789329,37.803413],[-83.789625,37.803543],[-83.789729,37.803622],[-83.789932,37.803808],[-83.790039,37.80389],[-83.790516,37.804199],[-83.790695,37.804355],[-83.79086,37.804563],[-83.791037,37.804743],[-83.79131,37.804971],[-83.791563,37.805169],[-83.79208,37.805494],[-83.79217,37.805573],[-83.792235,37.805637],[-83.7923,37.805691]]}},{"type":"Feature","properties":{"osm_id":16336016,"highway":"service","name":null,"alt_name":null,"official_name":null,"surface":null,"tracktype":null,"service":null,"access":"private","motor_vehicle":null,"foot":null,"tiger_reviewed":"no","rrgh_part":0,"rrgh_tile_part":0},"geometry":{"type":"LineString","coordinates":[[-83.786327,37.801854],[-83.7862991,37.8019355]]}},{"type":"Feature","properties":{"osm_id":1338316859,"highway":"service","name":null,"alt_name":null,"official_name":null,"surface":null,"tracktype":null,"service":null,"access":null,"motor_vehicle":null,"foot":null,"tiger_reviewed":null,"rrgh_part":0,"rrgh_tile_part":0},"geometry":{"type":"LineString","coordinates":[[-83.784925,37.799942],[-83.7852622,37.7996366],[-83.785423,37.7993443],[-83.7854766,37.7993231],[-83.7855302,37.7993316],[-83.7855892,37.7993612],[-83.7856803,37.7994417],[-83.7860555,37.8000686],[-83.7862271,37.8002762],[-83.7863236,37.8003355]]}},{"type":"Feature","properties":{"osm_id":16335646,"highway":"service","name":null,"alt_name":null,"official_name":null,"surface":null,"tracktype":null,"service":null,"access":"private","motor_vehicle":null,"foot":null,"tiger_reviewed":"no","rrgh_part":0,"rrgh_tile_part":0},"geometry":{"type":"LineString","coordinates":[[-83.79217,37.805573],[-83.792171,37.80565],[-83.792132,37.805759],[-83.79207,37.805822],[-83.79194,37.805916],[-83.791909,37.805967],[-83.791901,37.806052],[-83.791958,37.806186]]}},{"type":"Feature","properties":{"osm_id":16335109,"highway":"residential","name":"Chop Chestnut Road","alt_name":null,"official_name":null,"surface":null,"tracktype":null,"service":null,"access":"private","motor_vehicle":null,"foot":null,"tiger_reviewed":"no","rrgh_part":0,"rrgh_tile_part":0},"geometry":{"type":"LineString","coordinates":[[-83.7923,37.805691],[-83.7922651,37.8058486],[-83.7920936,37.8061009],[-83.7919989,37.8063081],[-83.7920068,37.8065948],[-83.7919555,37.8067365],[-83.7917387,37.8069203],[-83.7915198,37.807045],[-83.7912497,37.8072849],[-83.7910722,37.8075575],[-83.7910229,37.8080918],[-83.79095,37.8083052],[-83.7909066,37.8088177],[-83.7909086,37.8092975],[-83.7909559,37.8094875],[-83.7910052,37.8098692],[-83.7909603,37.8100773],[-83.7908891,37.8102501],[-83.7906433,37.8103879],[-83.7904516,37.8105161],[-83.7903778,37.8106443],[-83.7903237,37.8110016],[-83.7902549,37.8115064],[-83.790223,37.8116443],[-83.7900116,37.8118967],[-83.7898567,37.8122055],[-83.7896085,37.8122793],[-83.7894949,37.8123161],[-83.7892841,37.8124016],[-83.7891513,37.8125647],[-83.789112,37.8128133],[-83.7892203,37.8130297]]}},{"type":"Feature","properties":{"osm_id":969840639,"highway":"service","name":null,"alt_name":null,"official_name":null,"surface":null,"tracktype":null,"service":null,"access":null,"motor_vehicle":null,"foot":null,"tiger_reviewed":null,"rrgh_part":0,"rrgh_tile_part":0},"geometry":{"type":"LineString","coordinates":[[-83.7910052,37.8098692],[-83.7911668,37.8100085],[-83.7912855,37.8102792],[-83.7913038,37.8106689],[-83.7915093,37.8109774],[-83.7918176,37.8112805],[-83.792078,37.811387],[-83.7922196,37.8115024],[-83.7923566,37.8117424],[-83.7925758,37.8118886],[-83.7926877,37.8120311],[-83.7928864,37.8124461],[-83.7929024,37.8127113],[-83.7929892,37.8129747]]}},{"type":"Feature","properties":{"osm_id":969840645,"highway":"service","name":null,"alt_name":null,"official_name":null,"surface":"gravel","tracktype":null,"service":null,"access":null,"motor_vehicle":null,"foot":null,"tiger_reviewed":null,"rrgh_part":0,"rrgh_tile_part":0},"geometry":{"type":"LineString","coordinates":[[-83.7795461,37.8154136],[-83.7798225,37.815205],[-83.7800215,37.8148974],[-83.780172,37.8144465],[-83.7802782,37.8138593],[-83.780433,37.8135063],[-83.7805348,37.8133316],[-83.7806763,37.8132861],[-83.7808356,37.8133141],[-83.7810214,37.8133525],[-83.7811541,37.8133455],[-83.7812515,37.8132022],[-83.7813046,37.8130065]]}},{"type":"Feature","properties":{"osm_id":1338316857,"highway":"service","name":null,"alt_name":null,"official_name":null,"surface":null,"tracktype":null,"service":null,"access":"private","motor_vehicle":null,"foot":null,"tiger_reviewed":"no","rrgh_part":0,"rrgh_tile_part":0},"geometry":{"type":"LineString","coordinates":[[-83.7892716,37.8131726],[-83.789375,37.8132385],[-83.7895053,37.8135589],[-83.7895608,37.8138678],[-83.7895765,37.813955],[-83.7894881,37.8142521],[-83.7893553,37.8145278],[-83.789198,37.8147764],[-83.7889891,37.8148618],[-83.7887163,37.8149084],[-83.7885221,37.8149045],[-83.7880969,37.8148715],[-83.7876889,37.8148172]]}},{"type":"Feature","properties":{"osm_id":969840638,"highway":"service","name":"Chop Chestnut Road","alt_name":null,"official_name":null,"surface":null,"tracktype":null,"service":null,"access":"private","motor_vehicle":null,"foot":null,"tiger_reviewed":"no","rrgh_part":0,"rrgh_tile_part":0},"geometry":{"type":"LineString","coordinates":[[-83.7892203,37.8130297],[-83.7892633,37.8131156],[-83.7892716,37.8131726],[-83.7892521,37.8133007],[-83.78923,37.8136443],[-83.789198,37.8138424],[-83.789112,37.8139686],[-83.7889989,37.8140152],[-83.7888146,37.8140036],[-83.7885541,37.8139298],[-83.788323,37.8138851],[-83.7880059,37.8138968],[-83.7879161,37.8139052]]}},{"type":"Feature","properties":{"osm_id":16335978,"highway":"service","name":null,"alt_name":null,"official_name":null,"surface":null,"tracktype":null,"service":null,"access":"private","motor_vehicle":null,"foot":null,"tiger_reviewed":"no","rrgh_part":0,"rrgh_tile_part":0},"geometry":{"type":"LineString","coordinates":[[-83.842209,37.822973],[-83.842569,37.822997],[-83.843143,37.822979],[-83.843316,37.822986],[-83.843387,37.823],[-83.84346,37.823032],[-83.843511,37.823082],[-83.843543,37.82317],[-83.843578,37.8232],[-83.843641,37.823233]]}},{"type":"Feature","properties":{"osm_id":16335986,"highway":"service","name":null,"alt_name":null,"official_name":null,"surface":null,"tracktype":null,"service":null,"access":"private","motor_vehicle":null,"foot":null,"tiger_reviewed":"no","rrgh_part":0,"rrgh_tile_part":0},"geometry":{"type":"LineString","coordinates":[[-83.8418094,37.8179781],[-83.841985,37.817947],[-83.842075,37.817949],[-83.84212,37.817959],[-83.842211,37.81799],[-83.842615,37.81817]]}},{"type":"Feature","properties":{"osm_id":16336222,"highway":"service","name":null,"alt_name":null,"official_name":null,"surface":null,"tracktype":null,"service":null,"access":"private","motor_vehicle":null,"foot":null,"tiger_reviewed":null,"rrgh_part":0,"rrgh_tile_part":0},"geometry":{"type":"LineString","coordinates":[[-83.8417135,37.8183648],[-83.8425329,37.8185306],[-83.8427029,37.8185615],[-83.8428477,37.8185724],[-83.8429179,37.8185691],[-83.8430027,37.8185571],[-83.8431707,37.8185272],[-83.8434082,37.8185024]]}},{"type":"Feature","properties":{"osm_id":1419371517,"highway":"service","name":null,"alt_name":null,"official_name":null,"surface":null,"tracktype":null,"service":null,"access":"private","motor_vehicle":null,"foot":null,"tiger_reviewed":"no","rrgh_part":0,"rrgh_tile_part":0},"geometry":{"type":"LineString","coordinates":[[-83.8415324,37.8189971],[-83.8413693,37.8189697],[-83.841176,37.8189018],[-83.8411923,37.8188235],[-83.841254,37.8187345],[-83.8413236,37.8186602],[-83.8414443,37.8186009],[-83.8415354,37.8185649],[-83.8416415,37.8185435]]}},{"type":"Feature","properties":{"osm_id":16338281,"highway":"residential","name":"Brittany Lane","alt_name":null,"official_name":null,"surface":null,"tracktype":null,"service":null,"access":null,"motor_vehicle":null,"foot":null,"tiger_reviewed":"no","rrgh_part":0,"rrgh_tile_part":0},"geometry":{"type":"LineString","coordinates":[[-83.818094,37.817853],[-83.818759,37.817885],[-83.819031,37.817883],[-83.819492,37.817861],[-83.819785,37.817883],[-83.8198741,37.8178934],[-83.82024,37.817936],[-83.821064,37.818131]]}},{"type":"Feature","properties":{"osm_id":1338316865,"highway":"service","name":null,"alt_name":null,"official_name":null,"surface":null,"tracktype":null,"service":null,"access":null,"motor_vehicle":null,"foot":null,"tiger_reviewed":null,"rrgh_part":0,"rrgh_tile_part":0},"geometry":{"type":"LineString","coordinates":[[-83.816989,37.824486],[-83.8171061,37.8244342],[-83.8172562,37.824269],[-83.8175403,37.8241462],[-83.8176047,37.824087],[-83.8176744,37.823943],[-83.8176851,37.8237948],[-83.817669,37.8237143],[-83.8175618,37.8235492],[-83.8173913,37.8234603]]}},{"type":"Feature","properties":{"osm_id":16338120,"highway":"residential","name":"Kings Hollow Road","alt_name":null,"official_name":null,"surface":null,"tracktype":null,"service":null,"access":null,"motor_vehicle":null,"foot":null,"tiger_reviewed":"no","rrgh_part":0,"rrgh_tile_part":0},"geometry":{"type":"LineString","coordinates":[[-83.79369648969072,37.825],[-83.793712,37.824646]]}},{"type":"Feature","properties":{"osm_id":16338582,"highway":"residential","name":"Cr-1146","alt_name":null,"official_name":null,"surface":null,"tracktype":null,"service":null,"access":null,"motor_vehicle":null,"foot":null,"tiger_reviewed":"no","rrgh_part":0,"rrgh_tile_part":0},"geometry":{"type":"LineString","coordinates":[[-83.783327,37.821889],[-83.78346,37.821839],[-83.783622,37.821778],[-83.783861,37.821688],[-83.784378,37.821442],[-83.7846287,37.821298],[-83.784869,37.821177],[-83.785102,37.821042],[-83.78541,37.82085],[-83.785469,37.820798],[-83.7856245,37.8206759],[-83.7857584,37.8205429],[-83.7859007,37.8204183],[-83.7859456,37.8203873]]}},{"type":"Feature","properties":{"osm_id":16338125,"highway":"residential","name":"Hall Branch Road","alt_name":null,"official_name":null,"surface":null,"tracktype":null,"service":null,"access":null,"motor_vehicle":null,"foot":null,"tiger_reviewed":"no","rrgh_part":0,"rrgh_tile_part":0},"geometry":{"type":"LineString","coordinates":[[-83.7814748,37.8191329],[-83.78154,37.819275],[-83.781566,37.819345],[-83.781603,37.81961],[-83.781626,37.819776],[-83.781665,37.820171],[-83.781686,37.82024],[-83.781723,37.820306],[-83.781776,37.820368],[-83.781913,37.82049],[-83.782351,37.820852],[-83.7826,37.821121],[-83.782907,37.821385],[-83.78316,37.821662],[-83.783327,37.821889],[-83.783416,37.82203],[-83.783535,37.822181],[-83.783746,37.822385],[-83.783876,37.822524],[-83.783984,37.822672],[-83.78408,37.822825],[-83.784163,37.82299],[-83.784385,37.823578],[-83.78471,37.824157],[-83.7847868,37.8242598],[-83.78489,37.824398],[-83.785083,37.824631],[-83.785238,37.824866],[-83.7853073453909,37.825]]}},{"type":"Feature","properties":{"osm_id":969840629,"highway":"service","name":null,"alt_name":null,"official_name":null,"surface":null,"tracktype":null,"service":null,"access":null,"motor_vehicle":null,"foot":null,"tiger_reviewed":null,"rrgh_part":0,"rrgh_tile_part":0},"geometry":{"type":"LineString","coordinates":[[-83.78599284844098,37.825],[-83.7860763,37.824933],[-83.786322,37.8248107],[-83.7866145,37.824702],[-83.7869046,37.8246205],[-83.7870963,37.8246962],[-83.7873372,37.8248321],[-83.78750647748404,37.825]]}},{"type":"Feature","properties":{"osm_id":1448117262,"highway":"service","name":null,"alt_name":null,"official_name":null,"surface":null,"tracktype":null,"service":null,"access":null,"motor_vehicle":null,"foot":null,"tiger_reviewed":null,"rrgh_part":0,"rrgh_tile_part":0},"geometry":{"type":"LineString","coordinates":[[-83.7774246,37.7676478],[-83.7771118,37.7678399],[-83.77683,37.7679947],[-83.7766497,37.7680462],[-83.7765039,37.7681859],[-83.7762664,37.7683232],[-83.7761257,37.768435],[-83.7759035,37.7685991],[-83.7758265,37.7686789],[-83.7757528,37.768697],[-83.7757174,37.7686872],[-83.7757007,37.7686363],[-83.7757152,37.7685817],[-83.7757219,37.7684198],[-83.77573,37.7683442],[-83.7756697,37.7683076],[-83.7755932,37.7682795],[-83.7755389,37.7683054],[-83.7754041,37.7683512],[-83.7753074,37.7683872],[-83.7752415,37.7684602],[-83.775238,37.7685577],[-83.775278,37.7686778]]}},{"type":"Feature","properties":{"osm_id":1526650472,"highway":"track","name":"Meadow Cemetery Road","alt_name":null,"official_name":null,"surface":null,"tracktype":null,"service":null,"access":null,"motor_vehicle":null,"foot":null,"tiger_reviewed":null,"rrgh_part":0,"rrgh_tile_part":0},"geometry":{"type":"LineString","coordinates":[[-83.7671633,37.7797077],[-83.7667814,37.779651],[-83.7666527,37.7794989],[-83.7667454,37.7793176],[-83.7670026,37.7791361],[-83.7677287,37.7787498],[-83.7683049,37.7783126],[-83.7685975,37.7780923],[-83.7686296,37.7778672],[-83.7685887,37.7774968],[-83.7684575,37.7773644],[-83.7681734,37.7772639],[-83.7678316,37.7772498],[-83.7677237,37.7771434],[-83.767766,37.7769239],[-83.7681652,37.776649],[-83.7685802,37.7764138],[-83.7687876,37.7761671],[-83.7687579,37.775892],[-83.7685713,37.7756386],[-83.7685339,37.7755583],[-83.768406,37.7752834],[-83.7682374,37.7750106],[-83.7680331,37.774784]]}},{"type":"Feature","properties":{"osm_id":16338208,"highway":"residential","name":"Cow Creek Road","alt_name":null,"official_name":null,"surface":null,"tracktype":null,"service":null,"access":null,"motor_vehicle":null,"foot":null,"tiger_reviewed":"no","rrgh_part":0,"rrgh_tile_part":0},"geometry":{"type":"LineString","coordinates":[[-83.77958,37.796023],[-83.779508,37.796122],[-83.779442,37.796177],[-83.779147,37.796354],[-83.778991,37.796447],[-83.778882,37.7965],[-83.778363,37.796706],[-83.778042,37.796851],[-83.777685,37.797034],[-83.777523,37.797137],[-83.777458,37.797201],[-83.777402,37.797273],[-83.777309,37.797433],[-83.77724,37.797602],[-83.777212,37.79777],[-83.777196,37.798111],[-83.777147,37.798357],[-83.777086,37.798512],[-83.77704,37.798584],[-83.776977,37.798643],[-83.776813,37.798713],[-83.776549,37.798797],[-83.776384,37.798882],[-83.775973,37.799191],[-83.775459,37.799514],[-83.775001,37.79992],[-83.774832,37.800019],[-83.774696,37.800066],[-83.77457,37.800074],[-83.774495,37.800059],[-83.774446,37.800036],[-83.774399,37.800005],[-83.774378,37.799978],[-83.774368,37.799928],[-83.774389,37.799894],[-83.774429,37.799865],[-83.774479,37.799837],[-83.774673,37.799778],[-83.774732,37.79975],[-83.774753,37.799727],[-83.774783,37.79965],[-83.774773,37.799593],[-83.77474,37.799541],[-83.774681,37.799492],[-83.774514,37.799419],[-83.773577,37.799148],[-83.773376,37.799071],[-83.773188,37.798987],[-83.77301,37.798891],[-83.772865,37.798807],[-83.772796,37.798756],[-83.772654,37.798622],[-83.772289,37.79822],[-83.772234,37.798134],[-83.772223,37.79811],[-83.772156,37.79796],[-83.77207,37.797622],[-83.771998,37.797498],[-83.771945,37.797444],[-83.771873,37.797404],[-83.771792,37.797381],[-83.771394,37.797372],[-83.770385,37.797319],[-83.77012,37.797332],[-83.769998,37.79735],[-83.769889,37.797374],[-83.76977,37.797423],[-83.769405,37.797615],[-83.769214,37.797725],[-83.769128,37.797786],[-83.769057,37.797859],[-83.768949,37.798033],[-83.768869,37.798231],[-83.768819,37.798447],[-83.768779,37.798666],[-83.768742,37.799145],[-83.768671,37.799449],[-83.768617,37.799605],[-83.768597,37.799663],[-83.768549,37.799767],[-83.768494,37.799865],[-83.768429,37.799955],[-83.768287,37.800119],[-83.768128,37.800268],[-83.767874,37.800469],[-83.767781,37.800527],[-83.767571,37.800625],[-83.76725,37.800745],[-83.767043,37.800834],[-83.766955,37.800894],[-83.76688,37.800966],[-83.76686,37.800992],[-83.766748,37.801131],[-83.766688,37.801221],[-83.766461,37.801609],[-83.76631,37.801919],[-83.766155,37.802328],[-83.766058,37.802521],[-83.765993,37.802612],[-83.765761,37.802863],[-83.765708,37.802953],[-83.765663,37.803171],[-83.76566,37.803367],[-83.765643,37.803535],[-83.765634,37.803578],[-83.765595,37.803759],[-83.765567,37.803887],[-83.765562,37.803991],[-83.765634,37.804324],[-83.76573,37.804618],[-83.765826,37.804854],[-83.766134,37.805527],[-83.766272,37.805907],[-83.766303,37.806081],[-83.766298,37.806171],[-83.766267,37.80632],[-83.766017,37.806972],[-83.765953,37.807227],[-83.765935,37.807412],[-83.765938,37.807596],[-83.765981,37.807868],[-83.766004,37.808018],[-83.765994,37.808185],[-83.765945,37.80842],[-83.765939,37.808504],[-83.765949,37.808587],[-83.766061,37.808917],[-83.766085,37.80915],[-83.766075,37.809297],[-83.76602,37.8096],[-83.76601,37.809789],[-83.76604,37.810603],[-83.766036,37.810727],[-83.766006,37.810944],[-83.76596,37.811196],[-83.765838,37.811562],[-83.765301,37.813013],[-83.765144,37.813384],[-83.76509,37.813551],[-83.765083,37.813641],[-83.765093,37.814207],[-83.765134,37.814499],[-83.765165,37.814637],[-83.765249,37.815057],[-83.765329,37.815321],[-83.76536,37.815458],[-83.765375,37.81567],[-83.765356,37.815985],[-83.765372,37.816093],[-83.765394,37.81615],[-83.765424,37.81621],[-83.765599,37.816413],[-83.765693,37.816523],[-83.765786,37.81663],[-83.765815,37.81668],[-83.765901,37.816829],[-83.765948,37.81694],[-83.766,37.817066],[-83.766085,37.817309],[-83.766103,37.817347],[-83.766275,37.817718],[-83.766378,37.817986],[-83.766469,37.818172],[-83.76651,37.818257],[-83.76657,37.818378],[-83.766695,37.818633],[-83.766996,37.819046],[-83.767075,37.819142],[-83.76747,37.81956],[-83.767619,37.81979],[-83.767748,37.819929],[-83.767838,37.819991],[-83.768302,37.820212],[-83.768402,37.820251],[-83.768668,37.820355],[-83.76882,37.820424],[-83.768917,37.820487],[-83.768953,37.820528],[-83.768973,37.820578]]}},{"type":"Feature","properties":{"osm_id":16339340,"highway":"residential","name":"Gritter Ridge Road","alt_name":null,"official_name":null,"surface":"gravel","tracktype":null,"service":null,"access":null,"motor_vehicle":null,"foot":null,"tiger_reviewed":"no","rrgh_part":0,"rrgh_tile_part":0},"geometry":{"type":"LineString","coordinates":[[-83.775837,37.785588],[-83.775892,37.785156],[-83.775915,37.784843],[-83.776005,37.784577],[-83.776015,37.78451],[-83.776014,37.784408],[-83.776,37.784361],[-83.775938,37.784275],[-83.775831,37.784202],[-83.775371,37.783908],[-83.775305,37.783881],[-83.775262,37.783874],[-83.775168,37.783871],[-83.7751,37.783888],[-83.775037,37.783921],[-83.774982,37.783967],[-83.774849,37.784131],[-83.774732,37.784344],[-83.774611,37.784514],[-83.774542,37.784577],[-83.774442,37.784639],[-83.774314,37.784669],[-83.774152,37.784685],[-83.773638,37.784685],[-83.773068,37.784771],[-83.772917,37.784775],[-83.77277,37.784755],[-83.772561,37.78467],[-83.772377,37.784559],[-83.772265,37.784481],[-83.772123,37.784351],[-83.772031,37.78424],[-83.771973,37.784144],[-83.771784,37.783689],[-83.771562,37.783364],[-83.771483,37.783208],[-83.771449,37.783083],[-83.771442,37.782942],[-83.77146,37.78267],[-83.771449,37.782604],[-83.771321,37.782378],[-83.771176,37.782239],[-83.770992,37.78213],[-83.770741,37.782035],[-83.770568,37.781979],[-83.769841,37.781799],[-83.76972,37.781793],[-83.769575,37.781816],[-83.769492,37.781842],[-83.769299,37.781934],[-83.769069,37.782031],[-83.768991,37.782045],[-83.768933,37.78205],[-83.768816,37.782033],[-83.768721,37.782009],[-83.768397,37.781878],[-83.768023,37.7817],[-83.76754,37.781448],[-83.767233,37.781314],[-83.76693,37.781166],[-83.766737,37.781089],[-83.76661,37.781028],[-83.766486,37.780981],[-83.76637,37.780961],[-83.766038,37.78096],[-83.765957,37.780943],[-83.765491,37.7808],[-83.765154,37.780657],[-83.764731,37.780448],[-83.764472,37.78026],[-83.764376,37.780163],[-83.764321,37.780069],[-83.764278,37.779833],[-83.764229,37.77973],[-83.764142,37.779644],[-83.764084,37.779608],[-83.763946,37.779548],[-83.763795,37.779512],[-83.763636,37.779514],[-83.763557,37.77953],[-83.763253,37.779647],[-83.763095,37.779697],[-83.762838,37.779717],[-83.762488,37.779651],[-83.762262,37.779626],[-83.762011,37.779625],[-83.761433,37.779593],[-83.7613,37.779598],[-83.761165,37.779622],[-83.761027,37.779635],[-83.760953,37.779631],[-83.7608,37.779606],[-83.760646,37.779561],[-83.760501,37.779492],[-83.76,37.77916452575489]]}},{"type":"Feature","properties":{"osm_id":16335161,"highway":"service","name":null,"alt_name":null,"official_name":null,"surface":null,"tracktype":null,"service":null,"access":"private","motor_vehicle":null,"foot":null,"tiger_reviewed":"no","rrgh_part":0,"rrgh_tile_part":0},"geometry":{"type":"LineString","coordinates":[[-83.775262,37.783874],[-83.775252,37.783914]]}},{"type":"Feature","properties":{"osm_id":16335884,"highway":"residential","name":"Meadow Cemetery Road","alt_name":null,"official_name":null,"surface":"unpaved","tracktype":null,"service":null,"access":"private","motor_vehicle":null,"foot":null,"tiger_reviewed":"no","rrgh_part":0,"rrgh_tile_part":0},"geometry":{"type":"LineString","coordinates":[[-83.769299,37.781934],[-83.769331,37.78181],[-83.7692461,37.7817668],[-83.7690603,37.781872],[-83.7688154,37.7818917],[-83.7684345,37.7816666],[-83.7682417,37.7814329],[-83.7679283,37.7812758],[-83.7676694,37.7811197],[-83.7675061,37.7808984],[-83.7675193,37.7806626],[-83.7676376,37.7803911],[-83.7677647,37.7802221],[-83.7677439,37.7800584],[-83.7675871,37.7798568],[-83.7672887,37.7797191],[-83.7671633,37.7797077]]}},{"type":"Feature","properties":{"osm_id":1336681774,"highway":"service","name":"Rock House Road","alt_name":null,"official_name":null,"surface":"gravel","tracktype":null,"service":null,"access":"private","motor_vehicle":null,"foot":null,"tiger_reviewed":"no","rrgh_part":0,"rrgh_tile_part":0},"geometry":{"type":"LineString","coordinates":[[-83.774935,37.789792],[-83.774915,37.789842],[-83.7748324,37.7898843],[-83.7747131,37.7898626],[-83.7744855,37.7897756],[-83.7743198,37.7897453],[-83.7741623,37.7898066],[-83.773737,37.789999],[-83.7735161,37.7901032],[-83.7730674,37.7905787],[-83.7726255,37.7908377],[-83.7725939,37.7911245],[-83.772418,37.7912764],[-83.7720505,37.791392],[-83.7719172,37.7914339],[-83.7714283,37.7916448],[-83.7707382,37.7917064],[-83.7701138,37.7916982],[-83.7698463,37.7917983],[-83.769791,37.7918108]]}},{"type":"Feature","properties":{"osm_id":969840621,"highway":"service","name":null,"alt_name":null,"official_name":null,"surface":null,"tracktype":null,"service":null,"access":null,"motor_vehicle":null,"foot":null,"tiger_reviewed":null,"rrgh_part":0,"rrgh_tile_part":0},"geometry":{"type":"LineString","coordinates":[[-83.776306,37.789921],[-83.7762144,37.7898935],[-83.7761399,37.7898531],[-83.7761335,37.7897875],[-83.7761208,37.7896463],[-83.7760399,37.7895336],[-83.7759846,37.7894294],[-83.7758952,37.7892679],[-83.7757952,37.7891906],[-83.7756931,37.7891653],[-83.7755867,37.7891906],[-83.775493,37.7892831],[-83.7754335,37.7894294],[-83.7754739,37.7895942],[-83.7755228,37.7897018],[-83.7754696,37.789801],[-83.7753675,37.7898329],[-83.7752356,37.7898111],[-83.7750313,37.7897741],[-83.774935,37.789792]]}},{"type":"Feature","properties":{"osm_id":1336681777,"highway":"track","name":null,"alt_name":null,"official_name":null,"surface":null,"tracktype":null,"service":null,"access":null,"motor_vehicle":null,"foot":null,"tiger_reviewed":null,"rrgh_part":0,"rrgh_tile_part":0},"geometry":{"type":"LineString","coordinates":[[-83.779173,37.7862242],[-83.7795215,37.7862073],[-83.7798058,37.7862454],[-83.7798916,37.7863047],[-83.7799988,37.7865886],[-83.7799988,37.7867326],[-83.7799559,37.7869021],[-83.7797629,37.7871902],[-83.779602,37.7873808],[-83.7795376,37.7875037],[-83.7795162,37.7875799],[-83.7795162,37.7877664],[-83.7796415,37.7881214],[-83.7799459,37.7884472]]}},{"type":"Feature","properties":{"osm_id":16335163,"highway":"service","name":null,"alt_name":null,"official_name":null,"surface":null,"tracktype":null,"service":null,"access":"private","motor_vehicle":null,"foot":null,"tiger_reviewed":"no","rrgh_part":0,"rrgh_tile_part":0},"geometry":{"type":"LineString","coordinates":[[-83.770122,37.788822],[-83.770022,37.788868]]}},{"type":"Feature","properties":{"osm_id":900702474,"highway":"service","name":null,"alt_name":null,"official_name":null,"surface":null,"tracktype":null,"service":null,"access":null,"motor_vehicle":null,"foot":null,"tiger_reviewed":null,"rrgh_part":0,"rrgh_tile_part":0},"geometry":{"type":"LineString","coordinates":[[-83.769889,37.797374],[-83.7699482,37.7972481],[-83.7701045,37.7970415],[-83.7702182,37.7968664],[-83.7705364,37.796442],[-83.7706956,37.7963185],[-83.770795,37.7963072]]}},{"type":"Feature","properties":{"osm_id":16335230,"highway":"service","name":"Crabtree Cemetery Road","alt_name":null,"official_name":null,"surface":"gravel","tracktype":null,"service":null,"access":"private","motor_vehicle":null,"foot":null,"tiger_reviewed":"no","rrgh_part":0,"rrgh_tile_part":0},"geometry":{"type":"LineString","coordinates":[[-83.769791,37.7918108],[-83.7696585,37.791747],[-83.7694069,37.7915723],[-83.7691805,37.7915292],[-83.7687336,37.791551],[-83.7684301,37.7915436],[-83.7681795,37.7916522],[-83.7677989,37.7923836],[-83.7676184,37.7927861],[-83.7671877,37.7933118],[-83.7666056,37.7934715],[-83.766141,37.7937193],[-83.7657936,37.7940011],[-83.7655223,37.7944384]]}},{"type":"Feature","properties":{"osm_id":969840622,"highway":"service","name":null,"alt_name":null,"official_name":null,"surface":null,"tracktype":null,"service":null,"access":null,"motor_vehicle":null,"foot":null,"tiger_reviewed":null,"rrgh_part":0,"rrgh_tile_part":0},"geometry":{"type":"LineString","coordinates":[[-83.7720505,37.791392],[-83.7720475,37.7914395],[-83.7717796,37.7916675],[-83.771617,37.7918738],[-83.7715208,37.7920548],[-83.77142,37.7921344],[-83.771301,37.7921489],[-83.7711842,37.7920964],[-83.7710857,37.7920729],[-83.7710009,37.7921019],[-83.7708887,37.7922665],[-83.770875,37.7925833],[-83.7709025,37.7927353],[-83.7709826,37.7928167],[-83.7710582,37.792833],[-83.7712551,37.7928221],[-83.7714269,37.7928439],[-83.7716078,37.7929561],[-83.7717269,37.7930031],[-83.7718483,37.792985],[-83.7720269,37.7929],[-83.772462,37.7926267],[-83.7726613,37.7925018],[-83.7727941,37.7924982],[-83.7729224,37.7926122],[-83.7729567,37.7928131],[-83.7729727,37.7931298],[-83.7730117,37.7933904],[-83.7730666,37.793499],[-83.7732155,37.7935804],[-83.7733254,37.793613],[-83.7734674,37.7935804],[-83.7736529,37.793508],[-83.7738476,37.7933687],[-83.7741338,37.7929488],[-83.7742392,37.7928203],[-83.7743102,37.7925977],[-83.7744132,37.7924439],[-83.774885,37.7922231],[-83.7751369,37.792243],[-83.7752583,37.7923878],[-83.775343,37.7925561],[-83.7754094,37.7928439],[-83.7753659,37.7932981],[-83.7752629,37.7935496],[-83.7750293,37.7937523],[-83.7748758,37.7939478]]}},{"type":"Feature","properties":{"osm_id":1336681773,"highway":"track","name":"Rock House Road","alt_name":null,"official_name":null,"surface":null,"tracktype":null,"service":null,"access":null,"motor_vehicle":null,"foot":null,"tiger_reviewed":null,"rrgh_part":0,"rrgh_tile_part":0},"geometry":{"type":"LineString","coordinates":[[-83.769791,37.7918108],[-83.7695962,37.7920449],[-83.7692426,37.792289],[-83.7687308,37.7926789],[-83.768283,37.7931378],[-83.7680369,37.7935507],[-83.7678339,37.7937616],[-83.7675039,37.7939036],[-83.7672768,37.7940535],[-83.7668026,37.7941915],[-83.7663653,37.7942502],[-83.7661741,37.7944706],[-83.7659485,37.7949004],[-83.7656103,37.7952256],[-83.7653832,37.795564],[-83.7652721,37.7957146],[-83.7650666,37.795913],[-83.7649731,37.7961516],[-83.7649413,37.7963028],[-83.7649504,37.7966036],[-83.7649986,37.7970226],[-83.7649539,37.7973369],[-83.7647543,37.7975761],[-83.7643933,37.7978201],[-83.7641932,37.7979094],[-83.7641603,37.7980436],[-83.7642101,37.7983707],[-83.7642805,37.7985912],[-83.7642395,37.798707],[-83.7641413,37.7988761]]}},{"type":"Feature","properties":{"osm_id":16335557,"highway":"service","name":null,"alt_name":null,"official_name":null,"surface":null,"tracktype":null,"service":null,"access":"private","motor_vehicle":null,"foot":null,"tiger_reviewed":"no","rrgh_part":0,"rrgh_tile_part":0},"geometry":{"type":"LineString","coordinates":[[-83.773028,37.803524],[-83.772901,37.803663]]}},{"type":"Feature","properties":{"osm_id":16338309,"highway":"residential","name":"Lacy Road","alt_name":null,"official_name":null,"surface":null,"tracktype":null,"service":null,"access":null,"motor_vehicle":null,"foot":null,"tiger_reviewed":"no","rrgh_part":0,"rrgh_tile_part":0},"geometry":{"type":"LineString","coordinates":[[-83.774378,37.799978],[-83.77425,37.799951],[-83.773994,37.799928],[-83.773904,37.799929],[-83.773747,37.799951],[-83.773591,37.799993],[-83.773516,37.800024],[-83.773379,37.800107],[-83.773319,37.800161],[-83.773053,37.800425],[-83.772685,37.800892],[-83.772531,37.801039],[-83.7725,37.801098],[-83.772477,37.801165],[-83.772444,37.801848],[-83.772431,37.801903],[-83.772392,37.8019741],[-83.772374,37.802007],[-83.772276,37.802101],[-83.772006,37.802268],[-83.771893,37.802356],[-83.771814,37.802452],[-83.771768,37.802568],[-83.771763,37.80263],[-83.771776,37.802729],[-83.771814,37.802839],[-83.771855,37.802892],[-83.771915,37.802921],[-83.771946,37.802924],[-83.772158,37.802917],[-83.772229,37.802927],[-83.772919,37.803197],[-83.772973,37.803232],[-83.773047,37.803315],[-83.773049,37.803388],[-83.773028,37.803524],[-83.773013,37.80366]]}},{"type":"Feature","properties":{"osm_id":1336681776,"highway":"track","name":null,"alt_name":null,"official_name":null,"surface":null,"tracktype":null,"service":null,"access":null,"motor_vehicle":null,"foot":null,"tiger_reviewed":null,"rrgh_part":0,"rrgh_tile_part":0},"geometry":{"type":"LineString","coordinates":[[-83.76,37.79603526544277],[-83.7605559,37.7966007],[-83.7608509,37.796944],[-83.7613175,37.797317],[-83.7616018,37.7975713],[-83.7617037,37.7976222],[-83.7617841,37.7976434],[-83.7620138,37.7976567],[-83.7621999,37.7976241],[-83.7622881,37.7975277],[-83.7623934,37.7974452],[-83.7630006,37.7972251],[-83.763395,37.7970827],[-83.7636347,37.7968494],[-83.7638651,37.7965588],[-83.7640569,37.7964331],[-83.7643239,37.7963854],[-83.7646012,37.7963655],[-83.764828,37.7963171],[-83.7649413,37.7963028]]}},{"type":"Feature","properties":{"osm_id":16335587,"highway":"residential","name":null,"alt_name":null,"official_name":null,"surface":null,"tracktype":null,"service":null,"access":null,"motor_vehicle":null,"foot":null,"tiger_reviewed":"no","rrgh_part":0,"rrgh_tile_part":0},"geometry":{"type":"LineString","coordinates":[[-83.765595,37.803759],[-83.765714,37.803715],[-83.766957,37.803263]]}},{"type":"Feature","properties":{"osm_id":16335521,"highway":"service","name":null,"alt_name":null,"official_name":null,"surface":"unpaved","tracktype":null,"service":null,"access":"private","motor_vehicle":null,"foot":null,"tiger_reviewed":"no","rrgh_part":0,"rrgh_tile_part":0},"geometry":{"type":"LineString","coordinates":[[-83.777132,37.8108755],[-83.7781264,37.8103895],[-83.7784158,37.80979],[-83.7784581,37.8096953],[-83.7788777,37.8093856]]}},{"type":"Feature","properties":{"osm_id":902363920,"highway":"service","name":null,"alt_name":null,"official_name":null,"surface":"gravel","tracktype":null,"service":null,"access":null,"motor_vehicle":null,"foot":null,"tiger_reviewed":null,"rrgh_part":0,"rrgh_tile_part":0},"geometry":{"type":"LineString","coordinates":[[-83.7799168,37.8096033],[-83.7798378,37.80945],[-83.7797494,37.8092764],[-83.7797168,37.8091099],[-83.7796192,37.8089089],[-83.7795295,37.8088179]]}},{"type":"Feature","properties":{"osm_id":969840641,"highway":"service","name":null,"alt_name":null,"official_name":null,"surface":"gravel","tracktype":null,"service":null,"access":null,"motor_vehicle":null,"foot":null,"tiger_reviewed":null,"rrgh_part":0,"rrgh_tile_part":0},"geometry":{"type":"LineString","coordinates":[[-83.7792075,37.8150856],[-83.7795461,37.8154136],[-83.7794888,37.8159627],[-83.7773384,37.8188564],[-83.7768342,37.8193391],[-83.77599,37.8199486],[-83.7755393,37.8203801],[-83.7754798,37.8205302],[-83.7753827,37.8207754],[-83.7752147,37.8215448],[-83.7750886,37.8222387],[-83.7748938,37.8223594],[-83.7746494,37.8223745],[-83.7742712,37.8223172],[-83.7739466,37.8222327],[-83.7736142,37.8222779]]}},{"type":"Feature","properties":{"osm_id":969840643,"highway":"service","name":null,"alt_name":null,"official_name":null,"surface":"gravel","tracktype":null,"service":null,"access":null,"motor_vehicle":null,"foot":null,"tiger_reviewed":null,"rrgh_part":0,"rrgh_tile_part":0},"geometry":{"type":"LineString","coordinates":[[-83.7792075,37.8150856],[-83.778171,37.8148372],[-83.7768456,37.8146411],[-83.7757036,37.8147859],[-83.7748709,37.8147829],[-83.7744393,37.8145566],[-83.7743438,37.8141734],[-83.7743171,37.8135699],[-83.7739657,37.8124353],[-83.7739427,37.8119163],[-83.774107,37.8116085],[-83.7744164,37.8112282],[-83.7747296,37.8107756],[-83.7748976,37.8105915],[-83.7751574,37.8105342],[-83.776181,37.8107545]]}},{"type":"Feature","properties":{"osm_id":1066837954,"highway":"service","name":null,"alt_name":null,"official_name":null,"surface":"gravel","tracktype":null,"service":null,"access":null,"motor_vehicle":null,"foot":null,"tiger_reviewed":null,"rrgh_part":0,"rrgh_tile_part":0},"geometry":{"type":"LineString","coordinates":[[-83.7795702,37.8113206],[-83.7795992,37.8109804],[-83.7795561,37.8106979],[-83.779393,37.8104348],[-83.779165,37.8102324],[-83.7788933,37.8100674],[-83.7786063,37.8098732],[-83.7784158,37.80979]]}},{"type":"Feature","properties":{"osm_id":969840644,"highway":"service","name":null,"alt_name":null,"official_name":null,"surface":"gravel","tracktype":null,"service":null,"access":null,"motor_vehicle":null,"foot":null,"tiger_reviewed":null,"rrgh_part":0,"rrgh_tile_part":0},"geometry":{"type":"LineString","coordinates":[[-83.7744393,37.8145566],[-83.7737731,37.8145614],[-83.7728504,37.814281],[-83.7717715,37.8138493],[-83.7713917,37.8135969],[-83.7712178,37.8134007],[-83.7712036,37.8132493],[-83.771303,37.813039],[-83.7713953,37.8128399],[-83.7714911,37.8126156],[-83.7717041,37.8120352]]}},{"type":"Feature","properties":{"osm_id":16335686,"highway":"service","name":null,"alt_name":null,"official_name":null,"surface":null,"tracktype":null,"service":null,"access":"private","motor_vehicle":null,"foot":null,"tiger_reviewed":"no","rrgh_part":0,"rrgh_tile_part":0},"geometry":{"type":"LineString","coordinates":[[-83.765994,37.808185],[-83.766064,37.808069],[-83.766094,37.808019]]}},{"type":"Feature","properties":{"osm_id":969840640,"highway":"service","name":null,"alt_name":null,"official_name":null,"surface":"gravel","tracktype":null,"service":null,"access":null,"motor_vehicle":null,"foot":null,"tiger_reviewed":null,"rrgh_part":0,"rrgh_tile_part":0},"geometry":{"type":"LineString","coordinates":[[-83.7689597,37.8203142],[-83.7692293,37.8203167],[-83.7694662,37.8204676],[-83.7698023,37.821062],[-83.7699856,37.8211887],[-83.7702721,37.8214995],[-83.7706311,37.8215025],[-83.771311,37.82159],[-83.7717961,37.8218736],[-83.772243,37.8222085],[-83.7725486,37.8223715],[-83.7727472,37.8225042]]}},{"type":"Feature","properties":{"osm_id":894791993,"highway":"residential","name":"Cow Creek Road","alt_name":null,"official_name":null,"surface":null,"tracktype":null,"service":null,"access":null,"motor_vehicle":null,"foot":null,"tiger_reviewed":"no","rrgh_part":0,"rrgh_tile_part":0},"geometry":{"type":"LineString","coordinates":[[-83.768973,37.820578],[-83.769033,37.821197],[-83.76913,37.821504],[-83.769298,37.821911],[-83.769316,37.822015],[-83.76931,37.822117],[-83.769288,37.822214],[-83.76913,37.82252],[-83.768941,37.823019],[-83.7689,37.823179],[-83.768566,37.82498],[-83.76856151797041,37.825]]}},{"type":"Feature","properties":{"osm_id":969840642,"highway":"service","name":null,"alt_name":null,"official_name":null,"surface":"gravel","tracktype":null,"service":null,"access":null,"motor_vehicle":null,"foot":null,"tiger_reviewed":null,"rrgh_part":0,"rrgh_tile_part":0},"geometry":{"type":"LineString","coordinates":[[-83.7754798,37.8205302],[-83.7751765,37.8203409],[-83.7749091,37.8199637],[-83.7745691,37.8198521],[-83.7742712,37.8196439],[-83.7739695,37.8195021],[-83.7735302,37.8195956]]}},{"type":"Feature","properties":{"osm_id":969840671,"highway":"service","name":null,"alt_name":null,"official_name":null,"surface":null,"tracktype":null,"service":null,"access":null,"motor_vehicle":null,"foot":null,"tiger_reviewed":null,"rrgh_part":0,"rrgh_tile_part":0},"geometry":{"type":"LineString","coordinates":[[-83.76770063813935,37.825],[-83.7677527,37.8249074],[-83.7678714,37.8245714],[-83.7681583,37.8235425],[-83.7683133,37.8231518],[-83.7683034,37.8229382],[-83.7682242,37.8227584],[-83.768277,37.8222218],[-83.7683627,37.8218181]]}}],"rrgh_tile":{"id":"r5c2","bounds":[37.75,-83.845,37.825,-83.76]}}
