{"type":"FeatureCollection","features":[{"type":"Feature","properties":{"osm_id":598982103,"highway":"track","name":null,"alt_name":null,"official_name":null,"surface":null,"tracktype":null,"service":null,"access":null,"motor_vehicle":null,"foot":null,"tiger_reviewed":null,"rrgh_part":0,"rrgh_tile_part":0},"geometry":{"type":"LineString","coordinates":[[-83.59,37.95686351189126],[-83.5898891,37.9569177],[-83.5891979,37.9573692],[-83.5881473,37.958017],[-83.5878945,37.9581291],[-83.587152,37.9584685]]}},{"type":"Feature","properties":{"osm_id":16309496,"highway":"residential","name":"Fletcher Ridge Road","alt_name":null,"official_name":null,"surface":null,"tracktype":null,"service":null,"access":null,"motor_vehicle":null,"foot":null,"tiger_reviewed":"no","rrgh_part":0,"rrgh_tile_part":0},"geometry":{"type":"LineString","coordinates":[[-83.5795352654321,37.9],[-83.579349,37.900071],[-83.579238,37.900147],[-83.57916,37.90024],[-83.579116,37.900346],[-83.579073,37.900573],[-83.57908,37.900685],[-83.579124,37.900787],[-83.579207,37.90087],[-83.579315,37.900931],[-83.579437,37.900978],[-83.57991,37.901116],[-83.580453,37.901216],[-83.58083,37.901257],[-83.581195,37.901309],[-83.581363,37.901343],[-83.581513,37.901396],[-83.58164,37.901461],[-83.581734,37.901544],[-83.581802,37.901649],[-83.581826,37.90176],[-83.581825,37.901892],[-83.581796,37.902033],[-83.581644,37.902511],[-83.581338,37.903351],[-83.581283,37.904003],[-83.58126,37.904159],[-83.581243,37.904601],[-83.581288,37.904888],[-83.581337,37.905028],[-83.581363,37.9053],[-83.581408,37.905525],[-83.581445,37.90561],[-83.58152,37.905677],[-83.581623,37.905735],[-83.582076,37.905893],[-83.582225,37.905955],[-83.582355,37.906037],[-83.582459,37.90614],[-83.582543,37.906264],[-83.582612,37.906403],[-83.582713,37.906697],[-83.582761,37.90699],[-83.582801,37.907419],[-83.582824,37.907561],[-83.582867,37.9077],[-83.582933,37.907832],[-83.583017,37.907952],[-83.583532,37.908513],[-83.583904,37.90887],[-83.584047,37.90898],[-83.584199,37.909079],[-83.584355,37.909164],[-83.584512,37.909236],[-83.585276,37.909555],[-83.585402,37.909633],[-83.5855,37.909726],[-83.58557,37.909828],[-83.585611,37.909931],[-83.585624,37.910036],[-83.585612,37.910144],[-83.585541,37.910479],[-83.585547,37.91058],[-83.585583,37.910673],[-83.585642,37.910756],[-83.585723,37.910831],[-83.585927,37.91098],[-83.586011,37.911072],[-83.586073,37.911178],[-83.586147,37.911408],[-83.586143,37.91163],[-83.58611,37.911728],[-83.586054,37.911815],[-83.585816,37.912035],[-83.585774,37.912126],[-83.585769,37.912226],[-83.585797,37.912325],[-83.585849,37.912422],[-83.586071,37.912701],[-83.586134,37.9128],[-83.586179,37.912901],[-83.586204,37.913017],[-83.5862,37.913131],[-83.586172,37.913242],[-83.586128,37.913349],[-83.586027,37.913556],[-83.585754,37.914006],[-83.585683,37.91414],[-83.585654,37.914235],[-83.585644,37.91436]]}},{"type":"Feature","properties":{"osm_id":16310364,"highway":"unclassified","name":"Robinfield Road","alt_name":null,"official_name":null,"surface":null,"tracktype":null,"service":null,"access":null,"motor_vehicle":null,"foot":null,"tiger_reviewed":"no","rrgh_part":0,"rrgh_tile_part":0},"geometry":{"type":"LineString","coordinates":[[-83.572898,37.914666],[-83.572844,37.91457],[-83.572821,37.914505],[-83.572688,37.913957],[-83.572694,37.913752],[-83.572836,37.913308],[-83.572838,37.91319],[-83.572823,37.913071],[-83.572772,37.91296],[-83.572702,37.912853],[-83.572603,37.912761],[-83.572478,37.912688],[-83.572346,37.912634],[-83.572181,37.912602],[-83.571477,37.912494],[-83.571109,37.912421],[-83.570899,37.91239],[-83.57053,37.912354],[-83.569955,37.912344],[-83.569767,37.912387],[-83.569584,37.912445],[-83.5690112,37.9126688],[-83.568591,37.912922],[-83.568463,37.913032],[-83.568152,37.913387],[-83.568138,37.913402],[-83.568043,37.913498],[-83.567923,37.913592],[-83.567644,37.913738],[-83.567491,37.913766],[-83.567338,37.913767],[-83.567288,37.9137546],[-83.567177,37.913727],[-83.56706,37.913637],[-83.566973,37.913552],[-83.566928,37.913437],[-83.566914,37.91321],[-83.566895,37.913104],[-83.566858,37.912987],[-83.56678,37.912912],[-83.566532,37.912783],[-83.566387,37.912737],[-83.5663037,37.91272],[-83.56623,37.912705],[-83.566061,37.912687],[-83.565886,37.912684],[-83.565704,37.912693],[-83.565519,37.912714],[-83.56515,37.912778],[-83.564975,37.91282],[-83.564813,37.912873],[-83.56474,37.912908],[-83.5645,37.913026],[-83.564299,37.913208],[-83.564187,37.913272],[-83.564114,37.913289],[-83.564021,37.913294],[-83.563889,37.913282],[-83.563752,37.913245],[-83.563699,37.913218],[-83.563512,37.913045],[-83.563258,37.912761],[-83.563155,37.912666],[-83.563031,37.912578],[-83.562762,37.912462],[-83.562594,37.912403],[-83.562296,37.912309],[-83.561973,37.912229],[-83.56164,37.912196],[-83.561311,37.912186],[-83.561079,37.912205],[-83.560648,37.912272],[-83.560156,37.912392],[-83.560034,37.912427],[-83.559779,37.912523],[-83.55947,37.91264],[-83.559119,37.912845],[-83.558784,37.91307],[-83.558633,37.913216],[-83.558485,37.913338],[-83.558313,37.913464],[-83.558132,37.913581],[-83.557934,37.913682],[-83.557706,37.913768],[-83.557213,37.913879],[-83.556584,37.91402],[-83.556415,37.914076],[-83.556275,37.914146],[-83.55616,37.91423],[-83.55607,37.914321],[-83.556005,37.914414],[-83.5559508,37.914523],[-83.55593,37.914565],[-83.555871,37.91472]]}},{"type":"Feature","properties":{"osm_id":16309174,"highway":"service","name":null,"alt_name":null,"official_name":null,"surface":null,"tracktype":null,"service":null,"access":null,"motor_vehicle":null,"foot":null,"tiger_reviewed":"no","rrgh_part":0,"rrgh_tile_part":0},"geometry":{"type":"LineString","coordinates":[[-83.581445,37.90561],[-83.582119,37.905289],[-83.582545,37.904988],[-83.583216,37.904449]]}},{"type":"Feature","properties":{"osm_id":16308749,"highway":"service","name":null,"alt_name":null,"official_name":null,"surface":null,"tracktype":null,"service":null,"access":null,"motor_vehicle":null,"foot":null,"tiger_reviewed":"no","rrgh_part":0,"rrgh_tile_part":0},"geometry":{"type":"LineString","coordinates":[[-83.576239,37.913962],[-83.5761686,37.9137612],[-83.5763352,37.9135841],[-83.5763938,37.9134609],[-83.5762334,37.9132557],[-83.576064,37.9128703],[-83.5760054,37.9126082],[-83.5757905,37.9120763],[-83.5756732,37.9119145],[-83.5754094,37.9116961],[-83.5753801,37.9115522],[-83.5753769,37.9111488]]}},{"type":"Feature","properties":{"osm_id":16309822,"highway":"residential","name":"Barker Cemetery Road","alt_name":null,"official_name":null,"surface":null,"tracktype":null,"service":null,"access":null,"motor_vehicle":null,"foot":null,"tiger_reviewed":"no","rrgh_part":0,"rrgh_tile_part":0},"geometry":{"type":"LineString","coordinates":[[-83.579387,37.9217893],[-83.57917,37.92182],[-83.578961,37.921869],[-83.578733,37.921895],[-83.57846,37.9219],[-83.57811,37.921866],[-83.57781,37.921882],[-83.576932,37.922012],[-83.576748,37.922054],[-83.576648,37.922116],[-83.5766,37.922181],[-83.576498,37.922468],[-83.576391,37.922665],[-83.576243,37.922857],[-83.576071,37.923036],[-83.575942,37.92314],[-83.575733,37.923274],[-83.575147,37.923576],[-83.575014,37.923656],[-83.574902,37.923748],[-83.574723,37.923948],[-83.574634,37.924032],[-83.57406,37.924398],[-83.57361,37.924628],[-83.573268,37.924763],[-83.573106,37.924815],[-83.572886,37.924919],[-83.572409,37.925098],[-83.572254,37.925168],[-83.572164,37.925226],[-83.572097,37.925292],[-83.57208,37.92533],[-83.572082,37.925414],[-83.572122,37.925672],[-83.572121,37.92577],[-83.572134,37.925842],[-83.572249,37.926112],[-83.572371,37.926304],[-83.572378,37.926361],[-83.572365,37.926418],[-83.572293,37.926543],[-83.572205,37.926637],[-83.572116,37.926689],[-83.572015,37.926731],[-83.571785,37.926807],[-83.571037,37.927097],[-83.570872,37.927182],[-83.570563,37.927379],[-83.570403,37.927452],[-83.570151,37.927548],[-83.570065,37.927595]]}},{"type":"Feature","properties":{"osm_id":16310098,"highway":"residential","name":"Dale Back Road","alt_name":null,"official_name":null,"surface":null,"tracktype":null,"service":null,"access":null,"motor_vehicle":null,"foot":null,"tiger_reviewed":"no","rrgh_part":0,"rrgh_tile_part":0},"geometry":{"type":"LineString","coordinates":[[-83.57406,37.924398],[-83.573193,37.92377],[-83.572415,37.923187],[-83.5721503,37.9230033],[-83.572036,37.922924],[-83.571826,37.922748],[-83.571558,37.922478],[-83.571438,37.922379],[-83.571368,37.922337],[-83.571323,37.922317],[-83.571028,37.922269],[-83.570774,37.922257],[-83.570543,37.922227],[-83.570089,37.922193],[-83.569674,37.922105]]}},{"type":"Feature","properties":{"osm_id":970339419,"highway":"service","name":"Ray Peck Road","alt_name":null,"official_name":null,"surface":null,"tracktype":null,"service":null,"access":null,"motor_vehicle":null,"foot":null,"tiger_reviewed":null,"rrgh_part":0,"rrgh_tile_part":0},"geometry":{"type":"LineString","coordinates":[[-83.5721503,37.9230033],[-83.5724745,37.9227023],[-83.572625,37.9224755],[-83.5725682,37.92237],[-83.5723375,37.9222064],[-83.5718125,37.9219453],[-83.5716085,37.9219321],[-83.5714581,37.9220165],[-83.571323,37.922317]]}},{"type":"Feature","properties":{"osm_id":970367113,"highway":"service","name":null,"alt_name":null,"official_name":null,"surface":null,"tracktype":null,"service":null,"access":null,"motor_vehicle":null,"foot":null,"tiger_reviewed":null,"rrgh_part":0,"rrgh_tile_part":0},"geometry":{"type":"LineString","coordinates":[[-83.580777,37.9208829],[-83.5806455,37.9207492]]}},{"type":"Feature","properties":{"osm_id":1157556728,"highway":"service","name":null,"alt_name":null,"official_name":null,"surface":"unpaved","tracktype":null,"service":null,"access":null,"motor_vehicle":null,"foot":null,"tiger_reviewed":"no","rrgh_part":0,"rrgh_tile_part":0},"geometry":{"type":"LineString","coordinates":[[-83.5813502,37.9187409],[-83.5813583,37.9187942],[-83.5814613,37.9189872],[-83.5815833,37.9191732],[-83.5817433,37.9193732],[-83.5818993,37.9195302],[-83.5820873,37.9196922],[-83.5822505,37.9198232]]}},{"type":"Feature","properties":{"osm_id":1524804277,"highway":"unclassified","name":"Kendrick Ridge Road","alt_name":null,"official_name":null,"surface":null,"tracktype":null,"service":null,"access":null,"motor_vehicle":null,"foot":null,"tiger_reviewed":"no","rrgh_part":0,"rrgh_tile_part":0},"geometry":{"type":"LineString","coordinates":[[-83.5796575,37.9217897],[-83.5794984,37.9220441]]}},{"type":"Feature","properties":{"osm_id":16310132,"highway":"residential","name":"Clifton Road","alt_name":null,"official_name":null,"surface":null,"tracktype":null,"service":null,"access":null,"motor_vehicle":null,"foot":null,"tiger_reviewed":"no","rrgh_part":0,"rrgh_tile_part":0},"geometry":{"type":"LineString","coordinates":[[-83.577051,37.970948],[-83.577033,37.970833],[-83.576855,37.970082],[-83.576711,37.969404],[-83.576682,37.969303],[-83.576638,37.969219],[-83.576627,37.969198],[-83.576538,37.969092],[-83.576522,37.969073],[-83.576478,37.968998],[-83.576467,37.968899],[-83.576524,37.968725],[-83.576627,37.968522],[-83.576663,37.968302],[-83.576634,37.9680311],[-83.576568,37.967591],[-83.5765421,37.9674692],[-83.576396,37.966783],[-83.576421,37.96653],[-83.576487,37.966267],[-83.576589,37.966001],[-83.576744,37.965651],[-83.576945,37.965234],[-83.577085,37.96499],[-83.577155,37.964842],[-83.57721,37.964755],[-83.57738,37.964538],[-83.577422,37.964446],[-83.577504,37.964151],[-83.577498,37.963758],[-83.577521,37.963585],[-83.577538,37.963512],[-83.577576,37.96342],[-83.57764,37.96332],[-83.577675,37.963206],[-83.577681,37.963116],[-83.577594,37.962787],[-83.577557,37.962676],[-83.577493,37.962563],[-83.577182,37.962156],[-83.577129,37.962012],[-83.577047,37.961704],[-83.576948,37.961062],[-83.57693,37.960906],[-83.576917,37.960603],[-83.576953,37.960441],[-83.577068,37.960131],[-83.577111,37.959891],[-83.577124,37.959818],[-83.577184,37.959644],[-83.577312,37.959408],[-83.578064,37.958177],[-83.578291,37.957976],[-83.578437,37.957872],[-83.578645,37.957742],[-83.579127,37.957363],[-83.579423,37.957158],[-83.579607,37.957059],[-83.579962,37.956914],[-83.58015,37.956821],[-83.580329,37.956717],[-83.580439,37.956631],[-83.580538,37.956538],[-83.580598,37.956471],[-83.580735,37.95632],[-83.580898,37.956098],[-83.580974,37.95598],[-83.580998,37.955931],[-83.581022,37.955881],[-83.581093,37.955692],[-83.581344,37.955323],[-83.581474,37.955195],[-83.581913,37.954833],[-83.582284,37.954492],[-83.582306,37.954476],[-83.582395,37.954415],[-83.58255,37.954342],[-83.582644,37.954255],[-83.582683,37.95418],[-83.582729,37.954013],[-83.582763,37.953659],[-83.582931,37.952696],[-83.583013,37.952579],[-83.58305,37.952496],[-83.583128,37.952134],[-83.583119,37.951703],[-83.583105,37.951652],[-83.583296,37.951263],[-83.583342,37.950915],[-83.583342,37.950831],[-83.583386,37.950712],[-83.583476,37.950585],[-83.583486,37.950573],[-83.583615,37.950419],[-83.583631,37.950308],[-83.583677,37.950228],[-83.583813,37.950139],[-83.584089,37.950021],[-83.584357,37.949898],[-83.584783,37.949609],[-83.585287,37.94941],[-83.585526,37.949285],[-83.585556,37.949261],[-83.585621,37.949179],[-83.585647,37.949113],[-83.585654,37.948831],[-83.58564,37.948592],[-83.585633,37.948484],[-83.5856229,37.9484096]]}},{"type":"Feature","properties":{"osm_id":970041831,"highway":"service","name":null,"alt_name":null,"official_name":null,"surface":null,"tracktype":null,"service":null,"access":null,"motor_vehicle":null,"foot":null,"tiger_reviewed":null,"rrgh_part":0,"rrgh_tile_part":0},"geometry":{"type":"LineString","coordinates":[[-83.58962,37.9239744],[-83.5899549,37.9237281],[-83.5899761,37.9236444],[-83.5894202,37.9230618],[-83.5891867,37.9230485],[-83.5889491,37.9231154],[-83.5888263,37.9231931]]}},{"type":"Feature","properties":{"osm_id":16309602,"highway":"residential","name":"Aurthor Sexton Road","alt_name":null,"official_name":null,"surface":null,"tracktype":null,"service":null,"access":null,"motor_vehicle":null,"foot":null,"tiger_reviewed":"no","rrgh_part":0,"rrgh_tile_part":0},"geometry":{"type":"LineString","coordinates":[[-83.578661,37.923817],[-83.578778,37.923907],[-83.579022,37.924131],[-83.579716,37.924828],[-83.579919,37.925065],[-83.5801,37.925258],[-83.580255,37.925466],[-83.580659,37.926509],[-83.580722,37.92673],[-83.580744,37.926853],[-83.580721,37.927037],[-83.580607,37.927313],[-83.580593,37.927425],[-83.580605,37.92748],[-83.580654,37.927577],[-83.580801,37.927781],[-83.580882,37.927845],[-83.580972,37.927882],[-83.581937,37.927951],[-83.5821,37.927986],[-83.582185,37.928036],[-83.5821997,37.9280543],[-83.582268,37.928139],[-83.582444,37.928424],[-83.582525,37.928632],[-83.582556,37.928862],[-83.582568,37.929168],[-83.582556,37.929419],[-83.58253,37.929618],[-83.58253,37.929718],[-83.582555,37.929818],[-83.582607,37.929911],[-83.582685,37.929993],[-83.582828,37.930099],[-83.58303,37.930222],[-83.583198,37.930305],[-83.583385,37.930358],[-83.583702,37.930406],[-83.583857,37.930459],[-83.583946,37.93051],[-83.584027,37.930572],[-83.584114,37.930672],[-83.584155,37.930736],[-83.584226,37.930912],[-83.584291,37.931167],[-83.584318,37.93157],[-83.584364,37.931713],[-83.584641,37.932084],[-83.584764,37.932279],[-83.584844,37.93244],[-83.584878,37.932548],[-83.584898,37.932658],[-83.584891,37.932823],[-83.584835,37.932962],[-83.584555,37.933286],[-83.584475,37.933428],[-83.584422,37.933641],[-83.584387,37.933886],[-83.584418,37.934506],[-83.584441,37.934665],[-83.584455,37.934717],[-83.58455,37.934925],[-83.5847329,37.9351902],[-83.5849661,37.9353703]]}},{"type":"Feature","properties":{"osm_id":599067611,"highway":"track","name":"Clifton Road & Sheltowee Trace #100","alt_name":null,"official_name":null,"surface":null,"tracktype":null,"service":null,"access":null,"motor_vehicle":null,"foot":null,"tiger_reviewed":"no","rrgh_part":0,"rrgh_tile_part":0},"geometry":{"type":"LineString","coordinates":[[-83.5856229,37.9484096],[-83.585742,37.948265],[-83.585894,37.947801],[-83.585947,37.946872],[-83.586012,37.945829],[-83.585817,37.945118],[-83.584513,37.943055],[-83.584296,37.942434],[-83.584343,37.94206],[-83.5844306,37.9416013],[-83.5847193,37.9410387],[-83.5847506,37.9408481],[-83.5846813,37.9404045],[-83.5845237,37.9400846],[-83.5841967,37.939764],[-83.5833983,37.9392633],[-83.582384,37.938651],[-83.5823808,37.9383478],[-83.5820936,37.9380842],[-83.582197,37.936523],[-83.581696,37.935801],[-83.581299,37.934908],[-83.581269,37.933826],[-83.581111,37.932653],[-83.580821,37.931914],[-83.5800118,37.9311776],[-83.5797819,37.930669],[-83.5797272,37.930107],[-83.5792991,37.9291212],[-83.5785169,37.9281803],[-83.578505,37.9274326],[-83.5783103,37.9270188],[-83.5781288,37.9267927],[-83.577463,37.926609]]}},{"type":"Feature","properties":{"osm_id":16310417,"highway":"residential","name":"Timberwood Road","alt_name":null,"official_name":null,"surface":null,"tracktype":null,"service":null,"access":null,"motor_vehicle":null,"foot":null,"tiger_reviewed":"no","rrgh_part":0,"rrgh_tile_part":0},"geometry":{"type":"LineString","coordinates":[[-83.576671,37.926265],[-83.576756,37.926299],[-83.57697,37.926446],[-83.577099,37.926513],[-83.57724,37.926565],[-83.577463,37.926609]]}},{"type":"Feature","properties":{"osm_id":16308788,"highway":"track","name":null,"alt_name":null,"official_name":null,"surface":null,"tracktype":null,"service":null,"access":null,"motor_vehicle":null,"foot":null,"tiger_reviewed":"no","rrgh_part":0,"rrgh_tile_part":0},"geometry":{"type":"LineString","coordinates":[[-83.56968,37.941007],[-83.5697827,37.9409885],[-83.5705428,37.9415306],[-83.5712317,37.9412013],[-83.5718908,37.9409548],[-83.5728541,37.9407589],[-83.573245,37.941249],[-83.573962,37.941754],[-83.574537,37.942029],[-83.575025,37.942373],[-83.576059,37.942764],[-83.57695,37.942583],[-83.57761,37.942172],[-83.578645,37.942243]]}},{"type":"Feature","properties":{"osm_id":16309164,"highway":"residential","name":"Simpson lane","alt_name":null,"official_name":null,"surface":null,"tracktype":null,"service":null,"access":null,"motor_vehicle":null,"foot":null,"tiger_reviewed":"no","rrgh_part":0,"rrgh_tile_part":0},"geometry":{"type":"LineString","coordinates":[[-83.5679628,37.9450719],[-83.5681172,37.9450223],[-83.5683275,37.9449837],[-83.568603,37.9449081],[-83.5691247,37.9447655],[-83.5694083,37.944665],[-83.5695715,37.944605],[-83.5697042,37.9445845],[-83.5698369,37.9445844],[-83.5699871,37.9446246],[-83.5701224,37.9446983],[-83.5702936,37.944826],[-83.5704483,37.9449756],[-83.5706143,37.9451575],[-83.570769,37.945348],[-83.5708709,37.9454721],[-83.5709963,37.9455762],[-83.5710878,37.9456391],[-83.571244,37.9457562],[-83.571361,37.945871],[-83.5720854,37.9467071]]}},{"type":"Feature","properties":{"osm_id":16310429,"highway":"residential","name":"Long Branch Road","alt_name":null,"official_name":null,"surface":"unpaved","tracktype":null,"service":null,"access":null,"motor_vehicle":null,"foot":null,"tiger_reviewed":"no","rrgh_part":0,"rrgh_tile_part":0},"geometry":{"type":"LineString","coordinates":[[-83.587152,37.9584685],[-83.5870001,37.9584326],[-83.586928,37.9583758],[-83.586797,37.9583448],[-83.5866921,37.9583603],[-83.5865742,37.9584739],[-83.5862138,37.9589234],[-83.5861154,37.9590932],[-83.5860177,37.9591702],[-83.5858773,37.9592803],[-83.585254,37.959714],[-83.585184,37.959741],[-83.584982,37.95989],[-83.584898,37.959923],[-83.584711,37.959965],[-83.58458,37.960006],[-83.584266,37.960155],[-83.584,37.960294],[-83.583385,37.960669],[-83.582985,37.960855],[-83.582908,37.960899],[-83.582792,37.960964],[-83.582766,37.961023],[-83.582653,37.961279],[-83.582427,37.961669],[-83.582211,37.962043],[-83.582194,37.962073],[-83.581886,37.96242],[-83.581818,37.962519],[-83.581772,37.962562],[-83.581576,37.962717],[-83.581253,37.962922],[-83.581099,37.962986],[-83.580764,37.963148],[-83.580703,37.963187],[-83.58066,37.963233],[-83.580618,37.963339],[-83.580628,37.963501],[-83.58063,37.963542],[-83.580613,37.963584],[-83.580578,37.963627],[-83.580526,37.963667],[-83.580456,37.9637],[-83.580279,37.963756],[-83.579965,37.963819],[-83.579368,37.963863],[-83.579153,37.963904],[-83.578432,37.964113],[-83.5783935,37.9641257],[-83.578238,37.964177],[-83.577819,37.964337],[-83.577621,37.964428],[-83.57738,37.964538]]}},{"type":"Feature","properties":{"osm_id":16309475,"highway":"service","name":"Deskins Spur","alt_name":null,"official_name":null,"surface":null,"tracktype":null,"service":null,"access":null,"motor_vehicle":null,"foot":null,"tiger_reviewed":"no","rrgh_part":0,"rrgh_tile_part":0},"geometry":{"type":"LineString","coordinates":[[-83.571959,37.949079],[-83.572084,37.94913],[-83.572115,37.949159],[-83.572163,37.949231],[-83.57222,37.949394],[-83.572277,37.949634],[-83.572284,37.949665],[-83.572317,37.949741],[-83.572383,37.949851],[-83.572403,37.949924],[-83.572388,37.949997],[-83.572289,37.950167],[-83.572248,37.95027],[-83.572229,37.950387],[-83.572232,37.950622],[-83.572211,37.950708],[-83.572166,37.950788],[-83.572066,37.950917],[-83.572006,37.951012],[-83.571967,37.95111],[-83.57196,37.951223],[-83.572025,37.951512],[-83.572007,37.951755],[-83.572048,37.951841],[-83.572077,37.951865],[-83.572149,37.951901],[-83.572417,37.951972],[-83.572548,37.952027],[-83.572931,37.952319],[-83.573223,37.952565],[-83.573464,37.952744],[-83.573775,37.952936],[-83.574126,37.953091],[-83.574206,37.953118],[-83.574341,37.953131],[-83.574432,37.953119],[-83.574511,37.953088],[-83.574674,37.952954],[-83.574925,37.952788],[-83.575102,37.952643]]}},{"type":"Feature","properties":{"osm_id":16309370,"highway":"residential","name":"Deskins Lane","alt_name":null,"official_name":null,"surface":null,"tracktype":null,"service":null,"access":null,"motor_vehicle":null,"foot":null,"tiger_reviewed":"no","rrgh_part":0,"rrgh_tile_part":0},"geometry":{"type":"LineString","coordinates":[[-83.569504,37.948931],[-83.569602,37.948919],[-83.569681,37.948935],[-83.570115,37.949115],[-83.570696,37.949417],[-83.570898,37.949487],[-83.571125,37.949529],[-83.571298,37.949521],[-83.57145,37.949463],[-83.571767,37.94925],[-83.571959,37.949079],[-83.572272,37.948854],[-83.572359,37.948833],[-83.572445,37.948853],[-83.57257,37.948903],[-83.572994,37.949089],[-83.573208,37.949194],[-83.573309,37.949209],[-83.573406,37.949202]]}},{"type":"Feature","properties":{"osm_id":16309443,"highway":"residential","name":"Clyde Banks Road","alt_name":null,"official_name":null,"surface":null,"tracktype":null,"service":null,"access":null,"motor_vehicle":null,"foot":null,"tiger_reviewed":"no","rrgh_part":0,"rrgh_tile_part":0},"geometry":{"type":"LineString","coordinates":[[-83.58837735165794,37.974999999999994],[-83.588319,37.974767],[-83.588095,37.973933],[-83.588084,37.973862],[-83.58808,37.973838],[-83.5880831,37.9737187],[-83.5880845,37.9736621],[-83.588137,37.973532],[-83.588274,37.9733],[-83.5886433,37.9727258]]}},{"type":"Feature","properties":{"osm_id":16310539,"highway":"service","name":"Loney Brown Hollow","alt_name":null,"official_name":null,"surface":null,"tracktype":null,"service":null,"access":null,"motor_vehicle":null,"foot":null,"tiger_reviewed":"no","rrgh_part":0,"rrgh_tile_part":0},"geometry":{"type":"LineString","coordinates":[[-83.581551,37.971535],[-83.5814762,37.9717568],[-83.581417,37.9720537],[-83.581339,37.9725579],[-83.5813951,37.973053],[-83.5814262,37.9733764],[-83.5813292,37.973774],[-83.581452,37.9742102],[-83.5816542,37.9746679],[-83.58178020044988,37.974999999999994]]}},{"type":"Feature","properties":{"osm_id":970367141,"highway":"service","name":"Walker Place","alt_name":null,"official_name":null,"surface":null,"tracktype":null,"service":null,"access":null,"motor_vehicle":null,"foot":null,"tiger_reviewed":null,"rrgh_part":0,"rrgh_tile_part":0},"geometry":{"type":"LineString","coordinates":[[-83.5880831,37.9737187],[-83.5882171,37.9737132],[-83.5885252,37.9737078],[-83.588854,37.9737905],[-83.589095,37.9738909],[-83.589212,37.9739316],[-83.5893067,37.9739276],[-83.5893635,37.9738584],[-83.5895408,37.9735382]]}},{"type":"Feature","properties":{"osm_id":16308786,"highway":"service","name":null,"alt_name":null,"official_name":null,"surface":null,"tracktype":null,"service":null,"access":"private","motor_vehicle":null,"foot":null,"tiger_reviewed":"no","rrgh_part":0,"rrgh_tile_part":0},"geometry":{"type":"LineString","coordinates":[[-83.576634,37.9680311],[-83.576094,37.9680243]]}},{"type":"Feature","properties":{"osm_id":16308755,"highway":"service","name":null,"alt_name":null,"official_name":null,"surface":null,"tracktype":null,"service":null,"access":null,"motor_vehicle":null,"foot":null,"tiger_reviewed":"no","rrgh_part":0,"rrgh_tile_part":0},"geometry":{"type":"LineString","coordinates":[[-83.571015,37.9742427],[-83.5714755,37.974727],[-83.5717067,37.9748721],[-83.57179235779816,37.974999999999994]]}},{"type":"Feature","properties":{"osm_id":970367143,"highway":"service","name":null,"alt_name":null,"official_name":null,"surface":null,"tracktype":null,"service":null,"access":null,"motor_vehicle":null,"foot":null,"tiger_reviewed":null,"rrgh_part":0,"rrgh_tile_part":0},"geometry":{"type":"LineString","coordinates":[[-83.576094,37.9680243],[-83.5760056,37.968096],[-83.575813,37.968387],[-83.5755027,37.9687623],[-83.5750694,37.9692009],[-83.5749705,37.9692642],[-83.574834,37.9692473],[-83.5745264,37.9691925],[-83.5741867,37.9691503],[-83.5739246,37.9691503],[-83.5736946,37.9692642],[-83.5735261,37.9692874],[-83.5733602,37.9692831]]}},{"type":"Feature","properties":{"osm_id":16310388,"highway":"residential","name":"Pomeroyton-Wellington Road","alt_name":null,"official_name":null,"surface":null,"tracktype":null,"service":null,"access":null,"motor_vehicle":null,"foot":null,"tiger_reviewed":"no","rrgh_part":0,"rrgh_tile_part":0},"geometry":{"type":"LineString","coordinates":[[-83.51521977997449,37.9],[-83.515349,37.901437],[-83.515344,37.901583],[-83.515323,37.901723],[-83.515289,37.901854],[-83.515241,37.901976],[-83.515152,37.902143]]}},{"type":"Feature","properties":{"osm_id":16310632,"highway":"residential","name":"Pomeroyton-Denniston Road","alt_name":null,"official_name":null,"surface":null,"tracktype":null,"service":null,"access":null,"motor_vehicle":null,"foot":null,"tiger_reviewed":"no","rrgh_part":0,"rrgh_tile_part":0},"geometry":{"type":"LineString","coordinates":[[-83.54124489304813,37.9],[-83.541373,37.900113],[-83.541611,37.900287],[-83.541703,37.900391],[-83.541833,37.900473],[-83.542457,37.900795],[-83.542722,37.901034],[-83.543034,37.901255],[-83.543163,37.901338],[-83.543507,37.901558],[-83.543527,37.90157],[-83.543724,37.901681],[-83.543858,37.901756],[-83.544012,37.901859],[-83.544141,37.901965],[-83.544244,37.902078],[-83.544447,37.902362],[-83.544775,37.902933],[-83.54489,37.903217],[-83.544924,37.903364],[-83.544972,37.903666],[-83.544983,37.903826],[-83.545115,37.904285],[-83.545229,37.904593],[-83.545308,37.904739],[-83.545449,37.905057],[-83.545633,37.905532],[-83.545675,37.905685],[-83.545723,37.906],[-83.54576,37.906144],[-83.545811,37.90628],[-83.545943,37.906518],[-83.54608,37.906722],[-83.546283,37.906892],[-83.5464,37.906959],[-83.547013,37.907224],[-83.547511,37.907412],[-83.547688,37.907447],[-83.547863,37.907472],[-83.548039,37.907484],[-83.548211,37.907484],[-83.549081,37.90753],[-83.549565,37.90758],[-83.550221,37.907675],[-83.550806,37.907776],[-83.551202,37.907903],[-83.551327,37.907996],[-83.551385,37.908085],[-83.551394,37.90815],[-83.551381,37.908388]]}},{"type":"Feature","properties":{"osm_id":16309629,"highway":"residential","name":"Lizzard Ridge Road","alt_name":null,"official_name":null,"surface":null,"tracktype":null,"service":null,"access":null,"motor_vehicle":null,"foot":null,"tiger_reviewed":"no","rrgh_part":0,"rrgh_tile_part":0},"geometry":{"type":"LineString","coordinates":[[-83.558187,37.909059],[-83.558547,37.908813],[-83.558671,37.908714],[-83.558875,37.908574],[-83.558951,37.90854],[-83.559033,37.908518],[-83.559117,37.908513],[-83.559421,37.908582],[-83.559572,37.908631],[-83.559736,37.908669],[-83.560104,37.908714],[-83.5603,37.90877],[-83.560498,37.90887],[-83.561275,37.909306],[-83.561448,37.909427],[-83.561534,37.909511],[-83.561671,37.909726],[-83.561905,37.910238],[-83.561989,37.910332],[-83.562119,37.910398],[-83.562276,37.910436],[-83.562359,37.910442],[-83.56253,37.910436],[-83.562607,37.910421],[-83.562677,37.910395],[-83.562803,37.910314],[-83.563154,37.909982],[-83.563319,37.909871],[-83.563468,37.909813],[-83.563629,37.909775],[-83.563843,37.909755],[-83.564155,37.909749],[-83.564253,37.909759],[-83.56446,37.9098],[-83.564638,37.909872],[-83.564715,37.909922],[-83.564836,37.910045],[-83.565029,37.910326],[-83.565069,37.910406],[-83.5650855,37.9104827],[-83.565106,37.910578],[-83.565069,37.910796],[-83.565027,37.911042],[-83.565028,37.911338],[-83.565018,37.911474],[-83.564969,37.911604],[-83.564754,37.911856]]}},{"type":"Feature","properties":{"osm_id":16310435,"highway":"residential","name":"Smallwood Lane","alt_name":null,"official_name":null,"surface":null,"tracktype":null,"service":null,"access":null,"motor_vehicle":null,"foot":null,"tiger_reviewed":"no","rrgh_part":0,"rrgh_tile_part":0},"geometry":{"type":"LineString","coordinates":[[-83.563629,37.909775],[-83.56361,37.909704],[-83.563617,37.909666],[-83.563779,37.909561],[-83.563955,37.909392],[-83.564004,37.90937],[-83.564127,37.909344],[-83.564827,37.909274],[-83.565446,37.909307],[-83.565665,37.909307],[-83.565758,37.909302],[-83.566038,37.909248],[-83.566221,37.909171],[-83.566807,37.908855],[-83.566986,37.908763],[-83.567077,37.908726],[-83.567171,37.908696],[-83.567333,37.908661],[-83.567657,37.908625],[-83.567805,37.908589],[-83.568092,37.908476],[-83.568447,37.908306]]}},{"type":"Feature","properties":{"osm_id":16310697,"highway":"residential","name":"Windy Ridge Road","alt_name":null,"official_name":null,"surface":null,"tracktype":null,"service":null,"access":null,"motor_vehicle":null,"foot":null,"tiger_reviewed":"no","rrgh_part":0,"rrgh_tile_part":0},"geometry":{"type":"LineString","coordinates":[[-83.56350298288508,37.9],[-83.563598,37.900254],[-83.563868,37.901065],[-83.563911,37.901245],[-83.564028,37.901963],[-83.56413,37.902915],[-83.564171,37.903131],[-83.564313,37.903658],[-83.564412,37.904107],[-83.564449,37.904393],[-83.564461,37.904695],[-83.564527,37.905165],[-83.564598,37.905427],[-83.564664,37.905577],[-83.564762,37.905741],[-83.564809,37.905796],[-83.564863,37.9058428],[-83.564922,37.905894],[-83.564966,37.905957],[-83.565056,37.906155],[-83.565079,37.906276],[-83.565032,37.906471],[-83.564819,37.9068],[-83.564764,37.906899],[-83.56472,37.907007],[-83.564669,37.907225],[-83.56462,37.907642],[-83.564581,37.907844],[-83.564516,37.90812],[-83.564438,37.908347],[-83.564403,37.908412],[-83.564311,37.908534],[-83.563907,37.908921],[-83.563732,37.909105],[-83.563386,37.909501],[-83.563321,37.909596],[-83.56326,37.909714],[-83.563262,37.909773],[-83.563319,37.909871]]}},{"type":"Feature","properties":{"osm_id":970041825,"highway":"service","name":null,"alt_name":null,"official_name":null,"surface":null,"tracktype":null,"service":null,"access":null,"motor_vehicle":null,"foot":null,"tiger_reviewed":null,"rrgh_part":0,"rrgh_tile_part":0},"geometry":{"type":"LineString","coordinates":[[-83.564863,37.9058428],[-83.5649519,37.9057256],[-83.565051,37.9056084],[-83.5652537,37.9054875],[-83.5654023,37.9052866],[-83.5654518,37.9051582],[-83.5655343,37.9051043],[-83.5658031,37.9049406],[-83.5659422,37.9048289],[-83.5660648,37.9046299],[-83.5663383,37.9043006],[-83.5665317,37.904068],[-83.566593,37.9039118],[-83.5666071,37.9037183],[-83.5667108,37.9035378],[-83.5668523,37.9033667],[-83.5669278,37.9031304],[-83.5671494,37.9024979],[-83.5673262,37.9021016],[-83.5673616,37.9019286],[-83.567305,37.9014244],[-83.5672979,37.9011472],[-83.5673474,37.900937],[-83.5674865,37.9006914],[-83.567529,37.9005574],[-83.5674748,37.9003825],[-83.5674111,37.9001816]]}},{"type":"Feature","properties":{"osm_id":1348242822,"highway":"track","name":null,"alt_name":null,"official_name":null,"surface":null,"tracktype":null,"service":null,"access":null,"motor_vehicle":null,"foot":null,"tiger_reviewed":null,"rrgh_part":0,"rrgh_tile_part":0},"geometry":{"type":"LineString","coordinates":[[-83.568447,37.908306],[-83.5685114,37.908257],[-83.5687007,37.9080052],[-83.5689002,37.9077664],[-83.5690392,37.9075928],[-83.5691199,37.9075047],[-83.5692362,37.907438],[-83.569482,37.9073486],[-83.5697337,37.9072717],[-83.5704438,37.9070596]]}},{"type":"Feature","properties":{"osm_id":16310499,"highway":"service","name":"Bronco Lane","alt_name":null,"official_name":null,"surface":null,"tracktype":null,"service":null,"access":"private","motor_vehicle":null,"foot":null,"tiger_reviewed":"no","rrgh_part":0,"rrgh_tile_part":0},"geometry":{"type":"LineString","coordinates":[[-83.554248,37.90239],[-83.554346,37.902285],[-83.554371,37.902244],[-83.554405,37.902154],[-83.554417,37.902105],[-83.554411,37.90196],[-83.554419,37.901874],[-83.554422,37.901847],[-83.554487,37.901515],[-83.554493,37.901228],[-83.554481,37.90083],[-83.554494,37.90066],[-83.554526,37.900465],[-83.554537,37.90001],[-83.55453665341489,37.9]]}},{"type":"Feature","properties":{"osm_id":16309625,"highway":"residential","name":"Lizzard Ridge Road","alt_name":null,"official_name":null,"surface":null,"tracktype":null,"service":null,"access":null,"motor_vehicle":null,"foot":null,"tiger_reviewed":"no","rrgh_part":0,"rrgh_tile_part":0},"geometry":{"type":"LineString","coordinates":[[-83.552951,37.901174],[-83.5530691,37.9011973],[-83.553169,37.901217],[-83.553251,37.901276],[-83.553467,37.901511],[-83.553643,37.901721],[-83.553809,37.902005],[-83.553913,37.90215],[-83.5539421,37.9021783],[-83.553978,37.902213],[-83.554053,37.902262],[-83.554248,37.90239],[-83.554371,37.90248],[-83.554437,37.902544],[-83.554488,37.902611],[-83.554525,37.902682],[-83.55462,37.902983],[-83.554725,37.903262],[-83.554942,37.903676],[-83.55506,37.903948],[-83.555105,37.904101],[-83.555174,37.904428],[-83.555245,37.904847],[-83.555309,37.905402],[-83.555358,37.905616],[-83.555558,37.906024],[-83.555809,37.906594],[-83.555843,37.906723],[-83.555932,37.907199],[-83.555967,37.907324],[-83.55605,37.907523],[-83.556257,37.907919],[-83.556326,37.90816],[-83.556382,37.908301],[-83.556387,37.908312],[-83.556443,37.908409],[-83.556564,37.908539],[-83.556692,37.908604],[-83.556918,37.90868],[-83.557071,37.908749],[-83.557204,37.90885],[-83.557261,37.90891]]}},{"type":"Feature","properties":{"osm_id":109991448,"highway":"unclassified","name":"Trimble Bend Road","alt_name":null,"official_name":null,"surface":null,"tracktype":null,"service":null,"access":null,"motor_vehicle":null,"foot":null,"tiger_reviewed":"no","rrgh_part":0,"rrgh_tile_part":0},"geometry":{"type":"LineString","coordinates":[[-83.553038,37.901298],[-83.553039,37.901677],[-83.55304,37.901808],[-83.552948,37.902214],[-83.552912,37.902627],[-83.552919,37.902917],[-83.552888,37.903635],[-83.552845,37.904017],[-83.552794,37.904347],[-83.552744,37.904539],[-83.55264,37.904838],[-83.552669,37.904919],[-83.552763,37.905044]]}},{"type":"Feature","properties":{"osm_id":16310253,"highway":"residential","name":"Vander Lane","alt_name":null,"official_name":null,"surface":null,"tracktype":null,"service":null,"access":null,"motor_vehicle":null,"foot":null,"tiger_reviewed":"no","rrgh_part":0,"rrgh_tile_part":0},"geometry":{"type":"LineString","coordinates":[[-83.558187,37.909059],[-83.558171,37.90907],[-83.557968,37.909168],[-83.557806,37.909205],[-83.557735,37.909206],[-83.557384,37.909233],[-83.557122,37.909237],[-83.55685,37.909212],[-83.556749,37.909197],[-83.555993,37.909023],[-83.555516,37.908947],[-83.55536,37.90894],[-83.555066,37.908971],[-83.55484,37.908975],[-83.554718,37.909001],[-83.554669,37.909027],[-83.554373,37.909257]]}},{"type":"Feature","properties":{"osm_id":16310254,"highway":"residential","name":"Vander Lane","alt_name":null,"official_name":null,"surface":null,"tracktype":null,"service":null,"access":null,"motor_vehicle":null,"foot":null,"tiger_reviewed":"no","rrgh_part":0,"rrgh_tile_part":0},"geometry":{"type":"LineString","coordinates":[[-83.557261,37.90891],[-83.557369,37.909022],[-83.557473,37.909115],[-83.557594,37.909182],[-83.557735,37.909206]]}},{"type":"Feature","properties":{"osm_id":16308735,"highway":"service","name":null,"alt_name":null,"official_name":null,"surface":null,"tracktype":null,"service":null,"access":null,"motor_vehicle":null,"foot":null,"tiger_reviewed":"no","rrgh_part":0,"rrgh_tile_part":0},"geometry":{"type":"LineString","coordinates":[[-83.5690112,37.9126688],[-83.5689925,37.9126309],[-83.5690221,37.9125765],[-83.5692722,37.9124337],[-83.5693964,37.9123287],[-83.5695078,37.912118],[-83.5696381,37.9118552],[-83.5697922,37.9116701],[-83.5699349,37.9113388]]}},{"type":"Feature","properties":{"osm_id":16308816,"highway":"service","name":null,"alt_name":null,"official_name":null,"surface":null,"tracktype":null,"service":null,"access":"private","motor_vehicle":null,"foot":null,"tiger_reviewed":"no","rrgh_part":0,"rrgh_tile_part":0},"geometry":{"type":"LineString","coordinates":[[-83.5650855,37.9104827],[-83.5652308,37.9104904],[-83.5659734,37.9108627],[-83.5662076,37.9108866],[-83.5667206,37.9108045],[-83.5671372,37.9106943]]}},{"type":"Feature","properties":{"osm_id":16308438,"highway":"residential","name":"Sparrow Road","alt_name":null,"official_name":null,"surface":null,"tracktype":null,"service":null,"access":null,"motor_vehicle":null,"foot":null,"tiger_reviewed":"no","rrgh_part":0,"rrgh_tile_part":0},"geometry":{"type":"LineString","coordinates":[[-83.560156,37.912392],[-83.56017,37.912524],[-83.560277,37.913058],[-83.56032,37.913162],[-83.560402,37.913312],[-83.56063,37.913648],[-83.560757,37.913896]]}},{"type":"Feature","properties":{"osm_id":16308667,"highway":"service","name":null,"alt_name":null,"official_name":null,"surface":null,"tracktype":null,"service":null,"access":"private","motor_vehicle":null,"foot":null,"tiger_reviewed":"no","rrgh_part":0,"rrgh_tile_part":0},"geometry":{"type":"LineString","coordinates":[[-83.559779,37.912523],[-83.559712,37.912484],[-83.559685,37.912389],[-83.559721,37.912245],[-83.559795,37.912021],[-83.559853,37.91182],[-83.559925,37.911619],[-83.559917,37.911516]]}},{"type":"Feature","properties":{"osm_id":16309383,"highway":"residential","name":"Lariat Road","alt_name":null,"official_name":null,"surface":null,"tracktype":null,"service":null,"access":null,"motor_vehicle":null,"foot":null,"tiger_reviewed":"no","rrgh_part":0,"rrgh_tile_part":0},"geometry":{"type":"LineString","coordinates":[[-83.561043,37.91484],[-83.560966,37.914619],[-83.560897,37.914512],[-83.560849,37.914474],[-83.560756,37.914451],[-83.560022,37.914353]]}},{"type":"Feature","properties":{"osm_id":16310438,"highway":"residential","name":"Old State Road","alt_name":null,"official_name":null,"surface":null,"tracktype":null,"service":null,"access":null,"motor_vehicle":null,"foot":null,"tiger_reviewed":"no","rrgh_part":0,"rrgh_tile_part":0},"geometry":{"type":"LineString","coordinates":[[-83.564754,37.911856],[-83.564723,37.911892],[-83.564641,37.912009],[-83.564617,37.91207],[-83.564591,37.912199],[-83.564591,37.912338],[-83.564616,37.912477],[-83.56474,37.912908]]}},{"type":"Feature","properties":{"osm_id":16308448,"highway":"residential","name":"Frisby Lane","alt_name":null,"official_name":null,"surface":null,"tracktype":null,"service":null,"access":null,"motor_vehicle":null,"foot":null,"tiger_reviewed":"no","rrgh_part":0,"rrgh_tile_part":0},"geometry":{"type":"LineString","coordinates":[[-83.560801,37.921143],[-83.561042,37.921299],[-83.561115,37.921412],[-83.561161,37.921538],[-83.561144,37.921701],[-83.561136,37.921935],[-83.561172,37.922052],[-83.561239,37.922173],[-83.561322,37.92229],[-83.561346,37.922337],[-83.561384,37.922408],[-83.561414,37.922579],[-83.561454,37.923055],[-83.561579,37.923497],[-83.5616185,37.9236],[-83.561703,37.92382],[-83.561797,37.923998],[-83.561882,37.924123],[-83.561989,37.924227]]}},{"type":"Feature","properties":{"osm_id":16308758,"highway":"residential","name":null,"alt_name":null,"official_name":null,"surface":null,"tracktype":null,"service":null,"access":null,"motor_vehicle":null,"foot":null,"tiger_reviewed":"no","rrgh_part":0,"rrgh_tile_part":0},"geometry":{"type":"LineString","coordinates":[[-83.5644058,37.9218899],[-83.5647798,37.9218364],[-83.5651929,37.9217836],[-83.5655561,37.9217481],[-83.5657797,37.9217319],[-83.5659553,37.9216782],[-83.5661849,37.9215753],[-83.5662172,37.921537],[-83.5663785,37.9214681],[-83.5665452,37.9214616],[-83.5666313,37.9214409],[-83.569674,37.922105]]}},{"type":"Feature","properties":{"osm_id":313559726,"highway":"service","name":null,"alt_name":null,"official_name":null,"surface":null,"tracktype":null,"service":null,"access":null,"motor_vehicle":null,"foot":null,"tiger_reviewed":null,"rrgh_part":0,"rrgh_tile_part":0},"geometry":{"type":"LineString","coordinates":[[-83.564469,37.9149152],[-83.5645487,37.9151088],[-83.5647872,37.9154713],[-83.5648579,37.915778],[-83.5647784,37.9160708],[-83.5645663,37.9163426],[-83.5640627,37.9170118],[-83.563992,37.9172488],[-83.5641157,37.9175904],[-83.5640715,37.9180296],[-83.5639566,37.9182526],[-83.5635148,37.9185594]]}},{"type":"Feature","properties":{"osm_id":1319931774,"highway":"residential","name":null,"alt_name":null,"official_name":null,"surface":null,"tracktype":null,"service":null,"access":null,"motor_vehicle":null,"foot":null,"tiger_reviewed":"no","rrgh_part":0,"rrgh_tile_part":0},"geometry":{"type":"LineString","coordinates":[[-83.5663742,37.9217204],[-83.566553,37.9218289],[-83.5666886,37.9218981],[-83.5668335,37.9220064],[-83.5669302,37.922112],[-83.5670113,37.9222533],[-83.5669326,37.922298],[-83.5666501,37.9223399],[-83.5664629,37.9224667],[-83.5662792,37.9225868],[-83.5661557,37.9226325],[-83.5657472,37.9226942],[-83.563797,37.9230392],[-83.5632948,37.9233243],[-83.5631136,37.9236426],[-83.5629771,37.9237585],[-83.5628594,37.9237905],[-83.5627452,37.9237766],[-83.5625854,37.9237034],[-83.5623106,37.9234104],[-83.5620835,37.9231056],[-83.562058,37.9230834],[-83.5620126,37.9231124],[-83.562007,37.9232153],[-83.5620246,37.9232951],[-83.5620549,37.9234892],[-83.5620691,37.9235904],[-83.5620381,37.9236237],[-83.5616185,37.9236]]}},{"type":"Feature","properties":{"osm_id":1319931772,"highway":"residential","name":null,"alt_name":null,"official_name":null,"surface":null,"tracktype":null,"service":null,"access":null,"motor_vehicle":null,"foot":null,"tiger_reviewed":"no","rrgh_part":0,"rrgh_tile_part":0},"geometry":{"type":"LineString","coordinates":[[-83.5661849,37.9215753],[-83.5663742,37.9217204]]}},{"type":"Feature","properties":{"osm_id":16308542,"highway":"residential","name":null,"alt_name":null,"official_name":null,"surface":null,"tracktype":null,"service":null,"access":null,"motor_vehicle":null,"foot":null,"tiger_reviewed":"no","rrgh_part":0,"rrgh_tile_part":0},"geometry":{"type":"LineString","coordinates":[[-83.54928,37.911611],[-83.548894,37.91124],[-83.548431,37.910819]]}},{"type":"Feature","properties":{"osm_id":16308433,"highway":"service","name":"Gladys Tolson Road","alt_name":null,"official_name":null,"surface":null,"tracktype":null,"service":null,"access":"private","motor_vehicle":null,"foot":null,"tiger_reviewed":"no","rrgh_part":0,"rrgh_tile_part":0},"geometry":{"type":"LineString","coordinates":[[-83.549919,37.914531],[-83.549657,37.914647],[-83.549604,37.914676],[-83.549497,37.914735],[-83.549361,37.914819],[-83.549248,37.914924],[-83.549209,37.914968],[-83.549179,37.915054],[-83.549164,37.915266],[-83.549142,37.915368],[-83.5491,37.915469],[-83.549041,37.915563],[-83.548848,37.915781],[-83.548511,37.916104],[-83.54834,37.916248],[-83.548225,37.91632],[-83.548087,37.91638],[-83.547892,37.916442],[-83.547801,37.916456],[-83.5477729,37.9164504],[-83.547741,37.916444],[-83.547654,37.916408],[-83.547425,37.916265],[-83.547351,37.916207],[-83.547296,37.916138],[-83.547268,37.916064],[-83.547262,37.916005]]}},{"type":"Feature","properties":{"osm_id":16308761,"highway":"service","name":null,"alt_name":null,"official_name":null,"surface":null,"tracktype":null,"service":null,"access":null,"motor_vehicle":null,"foot":null,"tiger_reviewed":"no","rrgh_part":0,"rrgh_tile_part":0},"geometry":{"type":"LineString","coordinates":[[-83.5568778,37.9170273],[-83.5568224,37.9173005],[-83.5569532,37.9176863],[-83.5572523,37.9179547],[-83.5572993,37.9181216],[-83.5572483,37.9182797],[-83.556218,37.919048],[-83.556149,37.919515],[-83.555425,37.920639],[-83.5550216,37.9213395],[-83.5546354,37.9220099],[-83.5545939,37.9220955],[-83.5545301,37.9222167],[-83.5544123,37.922305],[-83.5542755,37.9223475],[-83.5536193,37.922321],[-83.5533656,37.9223147],[-83.5531704,37.9223645],[-83.5530698,37.9224887],[-83.5530582,37.922613]]}},{"type":"Feature","properties":{"osm_id":16309132,"highway":"service","name":null,"alt_name":null,"official_name":null,"surface":null,"tracktype":null,"service":null,"access":null,"motor_vehicle":null,"foot":null,"tiger_reviewed":"no","rrgh_part":0,"rrgh_tile_part":0},"geometry":{"type":"LineString","coordinates":[[-83.54533,37.913474],[-83.545411,37.912897],[-83.5454,37.912574],[-83.545101,37.912036],[-83.544943,37.911699],[-83.544551,37.911764],[-83.544275,37.91174],[-83.544021,37.911601],[-83.543786,37.911506]]}},{"type":"Feature","properties":{"osm_id":1433934356,"highway":"track","name":null,"alt_name":null,"official_name":null,"surface":null,"tracktype":null,"service":null,"access":null,"motor_vehicle":null,"foot":null,"tiger_reviewed":null,"rrgh_part":0,"rrgh_tile_part":0},"geometry":{"type":"LineString","coordinates":[[-83.5550216,37.9213395],[-83.5539938,37.9214349],[-83.55297,37.9214497],[-83.5518561,37.9214903],[-83.5509034,37.9215486],[-83.5498767,37.9215772],[-83.5492222,37.9217301],[-83.5489868,37.9220137],[-83.5483867,37.9228233],[-83.5478918,37.9234484],[-83.5474629,37.9237913],[-83.5469555,37.9240284],[-83.5465096,37.9243965],[-83.5464172,37.924744],[-83.5465215,37.9252522],[-83.5466044,37.9256729],[-83.5464204,37.9261681],[-83.5461435,37.9270133],[-83.545996,37.9275832],[-83.545906,37.9280703],[-83.5457832,37.9284022]]}},{"type":"Feature","properties":{"osm_id":970339418,"highway":"service","name":null,"alt_name":null,"official_name":null,"surface":null,"tracktype":null,"service":null,"access":null,"motor_vehicle":null,"foot":null,"tiger_reviewed":null,"rrgh_part":0,"rrgh_tile_part":0},"geometry":{"type":"LineString","coordinates":[[-83.5477729,37.9164504],[-83.5477437,37.916523],[-83.5476465,37.9166154],[-83.5473624,37.9167019],[-83.5472527,37.9167884],[-83.5472103,37.9169044],[-83.5471954,37.9173311],[-83.5471555,37.9179936],[-83.5471131,37.9185048],[-83.546986,37.9189786],[-83.5468764,37.9194603]]}},{"type":"Feature","properties":{"osm_id":16308813,"highway":"residential","name":null,"alt_name":null,"official_name":null,"surface":null,"tracktype":null,"service":null,"access":null,"motor_vehicle":null,"foot":null,"tiger_reviewed":"no","rrgh_part":0,"rrgh_tile_part":0},"geometry":{"type":"LineString","coordinates":[[-83.543163,37.901338],[-83.542815,37.901446],[-83.542322,37.901585],[-83.541696,37.90188]]}},{"type":"Feature","properties":{"osm_id":16309163,"highway":"residential","name":null,"alt_name":null,"official_name":null,"surface":null,"tracktype":null,"service":null,"access":null,"motor_vehicle":null,"foot":null,"tiger_reviewed":"no","rrgh_part":0,"rrgh_tile_part":0},"geometry":{"type":"LineString","coordinates":[[-83.529582,37.909005],[-83.531358,37.908428],[-83.531545,37.908464],[-83.532071,37.908952],[-83.532704,37.908964],[-83.533248,37.908919],[-83.533711,37.908967],[-83.534055,37.909023],[-83.534254,37.908938],[-83.535029,37.908328],[-83.535466,37.908095]]}},{"type":"Feature","properties":{"osm_id":16309377,"highway":"residential","name":"Opossum Hollow Road","alt_name":null,"official_name":null,"surface":null,"tracktype":null,"service":null,"access":null,"motor_vehicle":null,"foot":null,"tiger_reviewed":"no","rrgh_part":0,"rrgh_tile_part":0},"geometry":{"type":"LineString","coordinates":[[-83.521721,37.913387],[-83.521627,37.913253],[-83.521416,37.912842],[-83.521316,37.912679],[-83.521269,37.912572],[-83.521236,37.912479],[-83.521217,37.912381],[-83.521211,37.9122],[-83.521219,37.912121],[-83.521249,37.912022],[-83.521302,37.911926],[-83.521561,37.911737],[-83.521737,37.911578],[-83.521797,37.9115],[-83.52182,37.911388],[-83.521805,37.911281],[-83.521746,37.911162],[-83.521689,37.911066],[-83.521609,37.91096],[-83.521435,37.91076],[-83.521391,37.910689],[-83.521337,37.910562],[-83.521351,37.910505],[-83.521352,37.910394],[-83.521539,37.909919],[-83.521742,37.909501],[-83.521788,37.909347],[-83.521887,37.908873],[-83.521893,37.908751],[-83.521895,37.908699],[-83.521868,37.908555],[-83.521856,37.908519],[-83.521775,37.908287],[-83.521717,37.908028],[-83.52165,37.907908],[-83.521468,37.90768],[-83.521371,37.907574],[-83.521276,37.907493],[-83.52117,37.907444],[-83.521046,37.907425],[-83.520645,37.907453],[-83.520577,37.907444],[-83.520514,37.907435],[-83.520388,37.907392],[-83.520276,37.907325],[-83.520098,37.907151],[-83.519882,37.906892],[-83.519684,37.906628],[-83.519358,37.906229],[-83.519168,37.905929],[-83.519015,37.905744],[-83.518832,37.905571],[-83.51873,37.90549],[-83.518704,37.905471],[-83.518299,37.90518],[-83.518204,37.905102],[-83.518134,37.905011],[-83.517878,37.904537],[-83.517737,37.904354],[-83.517474,37.904124],[-83.517216,37.90375],[-83.516941,37.903392],[-83.516778,37.90323],[-83.516685,37.90312],[-83.516588,37.903042],[-83.516433,37.902889],[-83.516203,37.90259],[-83.516122,37.902545],[-83.51602,37.902521],[-83.515787,37.902513],[-83.515668,37.902499],[-83.515561,37.902464],[-83.515539,37.902451],[-83.515473,37.902413],[-83.5154,37.902356],[-83.515152,37.902143]]}},{"type":"Feature","properties":{"osm_id":16310427,"highway":"residential","name":"Long Branch Road","alt_name":null,"official_name":null,"surface":null,"tracktype":null,"service":null,"access":null,"motor_vehicle":null,"foot":null,"tiger_reviewed":"no","rrgh_part":0,"rrgh_tile_part":0},"geometry":{"type":"LineString","coordinates":[[-83.52826538053098,37.9],[-83.528315,37.900089],[-83.528423,37.900232],[-83.528567,37.900349],[-83.529024,37.900652],[-83.529282,37.900838],[-83.529734,37.901143],[-83.529848,37.901247],[-83.529974,37.9014],[-83.530112,37.901596],[-83.530158,37.901671],[-83.530251,37.901892],[-83.530305,37.902067],[-83.53035,37.90233],[-83.530419,37.902643],[-83.530432,37.90298],[-83.530451,37.903144],[-83.530588,37.903539],[-83.530674,37.903744],[-83.530713,37.903877],[-83.530725,37.9044],[-83.530807,37.904972],[-83.530804,37.905189],[-83.530695,37.905997],[-83.530698,37.906109],[-83.530673,37.906196],[-83.530568,37.906455],[-83.530408,37.906798],[-83.530326,37.906943],[-83.530313,37.90696],[-83.530097,37.907242],[-83.529872,37.907682],[-83.52984,37.90778],[-83.529807,37.907991],[-83.529808,37.908108],[-83.529772,37.90831],[-83.529598,37.908918],[-83.529582,37.909005],[-83.529561,37.909123],[-83.529522,37.909467],[-83.529489,37.909588],[-83.529364,37.90976],[-83.529049,37.910034],[-83.528961,37.910178],[-83.52882,37.910791],[-83.5288,37.910912],[-83.528776,37.911053],[-83.52876,37.911253],[-83.528786,37.911772],[-83.528724,37.912205],[-83.528596,37.912603],[-83.528437,37.912797],[-83.528183,37.913106]]}},{"type":"Feature","properties":{"osm_id":970339417,"highway":"service","name":null,"alt_name":null,"official_name":null,"surface":null,"tracktype":null,"service":null,"access":null,"motor_vehicle":null,"foot":null,"tiger_reviewed":null,"rrgh_part":0,"rrgh_tile_part":0},"geometry":{"type":"LineString","coordinates":[[-83.5443029,37.9135516],[-83.544331,37.9136764],[-83.5443511,37.9141381],[-83.5442909,37.9144282],[-83.5443076,37.9146788],[-83.5443912,37.9148925]]}},{"type":"Feature","properties":{"osm_id":970339412,"highway":"service","name":null,"alt_name":null,"official_name":null,"surface":null,"tracktype":null,"service":null,"access":null,"motor_vehicle":null,"foot":null,"tiger_reviewed":null,"rrgh_part":0,"rrgh_tile_part":0},"geometry":{"type":"LineString","coordinates":[[-83.5365114,37.9154651],[-83.5363102,37.9157541]]}},{"type":"Feature","properties":{"osm_id":16308252,"highway":"residential","name":"Post Oak Lane","alt_name":null,"official_name":null,"surface":null,"tracktype":null,"service":null,"access":null,"motor_vehicle":null,"foot":null,"tiger_reviewed":"no","rrgh_part":0,"rrgh_tile_part":0},"geometry":{"type":"LineString","coordinates":[[-83.536042,37.91528],[-83.536081,37.915231],[-83.536302,37.915013],[-83.536379,37.914956],[-83.53645,37.91493],[-83.536536,37.914918],[-83.536716,37.914935],[-83.536989,37.914989],[-83.537148,37.915008],[-83.537359,37.915001],[-83.537558,37.914977],[-83.537879,37.91486],[-83.538195,37.9147],[-83.538625,37.914557],[-83.539078,37.914428],[-83.53932,37.914347],[-83.539394,37.914315],[-83.53945,37.914272],[-83.539606,37.914114],[-83.539728,37.913939],[-83.539778,37.913772],[-83.539785,37.913615],[-83.53977,37.913493]]}},{"type":"Feature","properties":{"osm_id":16309122,"highway":"service","name":"Wells Ratliff Road","alt_name":null,"official_name":null,"surface":null,"tracktype":null,"service":null,"access":null,"motor_vehicle":null,"foot":null,"tiger_reviewed":"no","rrgh_part":0,"rrgh_tile_part":0},"geometry":{"type":"LineString","coordinates":[[-83.5433357,37.91377],[-83.5433926,37.9138945],[-83.543552,37.914373],[-83.5435763,37.9144606],[-83.5439342,37.9153728],[-83.5437614,37.9157884],[-83.5437693,37.9159606],[-83.5439096,37.9162443],[-83.5439997,37.916299]]}},{"type":"Feature","properties":{"osm_id":16309145,"highway":"service","name":"Sierra Road","alt_name":null,"official_name":null,"surface":null,"tracktype":null,"service":null,"access":"private","motor_vehicle":null,"foot":null,"tiger_reviewed":"no","rrgh_part":0,"rrgh_tile_part":0},"geometry":{"type":"LineString","coordinates":[[-83.5403798,37.9152396],[-83.5405942,37.9155236],[-83.5406524,37.9156722],[-83.5406277,37.9157966],[-83.5404729,37.9159413],[-83.5403731,37.9161099],[-83.5403926,37.9162074],[-83.5404421,37.9163049],[-83.540652,37.9164769],[-83.540785,37.9165631],[-83.5410676,37.9166021],[-83.541553,37.916574],[-83.5417463,37.9165216],[-83.5418637,37.9164012]]}},{"type":"Feature","properties":{"osm_id":16309151,"highway":"service","name":null,"alt_name":null,"official_name":null,"surface":null,"tracktype":null,"service":null,"access":null,"motor_vehicle":null,"foot":null,"tiger_reviewed":"no","rrgh_part":0,"rrgh_tile_part":0},"geometry":{"type":"LineString","coordinates":[[-83.5369392,37.9156339],[-83.5368965,37.9157464],[-83.5368942,37.9159101],[-83.5369314,37.9160182],[-83.5369816,37.9161641],[-83.5373104,37.9171191],[-83.5375367,37.9174211]]}},{"type":"Feature","properties":{"osm_id":970339413,"highway":"service","name":null,"alt_name":null,"official_name":null,"surface":null,"tracktype":null,"service":null,"access":null,"motor_vehicle":null,"foot":null,"tiger_reviewed":null,"rrgh_part":0,"rrgh_tile_part":0},"geometry":{"type":"LineString","coordinates":[[-83.5367944,37.9155768],[-83.5365901,37.9159213],[-83.53686,37.9160332],[-83.5369314,37.9160182]]}},{"type":"Feature","properties":{"osm_id":970339411,"highway":"service","name":null,"alt_name":null,"official_name":null,"surface":null,"tracktype":null,"service":null,"access":null,"motor_vehicle":null,"foot":null,"tiger_reviewed":null,"rrgh_part":0,"rrgh_tile_part":0},"geometry":{"type":"LineString","coordinates":[[-83.5369816,37.9161641],[-83.5371758,37.9161311],[-83.5375722,37.9161354]]}},{"type":"Feature","properties":{"osm_id":16308543,"highway":"residential","name":null,"alt_name":null,"official_name":null,"surface":null,"tracktype":null,"service":null,"access":null,"motor_vehicle":null,"foot":null,"tiger_reviewed":"no","rrgh_part":0,"rrgh_tile_part":0},"geometry":{"type":"LineString","coordinates":[[-83.5288,37.910912],[-83.529408,37.910802],[-83.530141,37.910662],[-83.530761,37.910469],[-83.531153,37.910363],[-83.5317,37.910134]]}},{"type":"Feature","properties":{"osm_id":16310431,"highway":"residential","name":"Halsey Lane","alt_name":null,"official_name":null,"surface":null,"tracktype":null,"service":null,"access":null,"motor_vehicle":null,"foot":null,"tiger_reviewed":"no","rrgh_part":0,"rrgh_tile_part":0},"geometry":{"type":"LineString","coordinates":[[-83.530343,37.913753],[-83.530482,37.913741],[-83.530515,37.913713],[-83.530567,37.9137],[-83.530593,37.913694],[-83.530654,37.913704],[-83.530869,37.913772],[-83.530913,37.913779],[-83.531006,37.913775],[-83.531427,37.913676],[-83.531508,37.913642],[-83.531566,37.913591],[-83.531587,37.913561],[-83.531593,37.913524],[-83.531584,37.913449],[-83.531527,37.913304],[-83.531447,37.913153],[-83.531307,37.912944],[-83.53119,37.912803]]}},{"type":"Feature","properties":{"osm_id":16308325,"highway":"residential","name":"Don Lawson Road","alt_name":null,"official_name":null,"surface":null,"tracktype":null,"service":null,"access":null,"motor_vehicle":null,"foot":null,"tiger_reviewed":"no","rrgh_part":0,"rrgh_tile_part":0},"geometry":{"type":"LineString","coordinates":[[-83.530343,37.913753],[-83.530235,37.913963],[-83.5302,37.914086],[-83.530205,37.914135],[-83.5302141,37.9141477],[-83.530238,37.914181],[-83.530422,37.914286],[-83.530466,37.914329],[-83.530486,37.914374],[-83.530484,37.914421],[-83.530467,37.914472],[-83.530307,37.914794],[-83.529787,37.915739],[-83.529695,37.915937],[-83.529573,37.916112],[-83.529523,37.916202],[-83.529413,37.916541],[-83.529394,37.9166],[-83.529326,37.916687],[-83.529135,37.916816],[-83.528794,37.917003],[-83.528342,37.917222],[-83.528109,37.917275],[-83.528006,37.917313],[-83.527834,37.917395],[-83.52775,37.917413],[-83.527667,37.917414],[-83.527342,37.917387],[-83.527182,37.917428],[-83.527106,37.917457],[-83.526979,37.917484],[-83.526933,37.917516],[-83.526908,37.917561]]}},{"type":"Feature","properties":{"osm_id":16308800,"highway":"service","name":null,"alt_name":null,"official_name":null,"surface":null,"tracktype":null,"service":null,"access":null,"motor_vehicle":null,"foot":null,"tiger_reviewed":"no","rrgh_part":0,"rrgh_tile_part":0},"geometry":{"type":"LineString","coordinates":[[-83.518547,37.915358],[-83.5182206,37.9149903],[-83.5182471,37.9144883],[-83.518521,37.914108],[-83.518871,37.913709],[-83.519098,37.913346],[-83.519186,37.912879],[-83.519313,37.912395],[-83.51946,37.911976]]}},{"type":"Feature","properties":{"osm_id":16310298,"highway":"residential","name":"Melvin Wells Road","alt_name":null,"official_name":null,"surface":null,"tracktype":null,"service":null,"access":null,"motor_vehicle":null,"foot":null,"tiger_reviewed":"no","rrgh_part":0,"rrgh_tile_part":0},"geometry":{"type":"LineString","coordinates":[[-83.50771823529412,37.9],[-83.507615,37.90018],[-83.507585,37.900609],[-83.508277,37.90106],[-83.508941,37.90126],[-83.510411,37.90125],[-83.510814,37.901475],[-83.510784,37.902041],[-83.511072,37.902312],[-83.51107,37.902787],[-83.510897,37.902945],[-83.510896,37.903353],[-83.511011,37.903534],[-83.511308,37.903688],[-83.51135,37.903729],[-83.511402,37.903755],[-83.511551,37.903782],[-83.511709,37.903783],[-83.511913,37.903752],[-83.51258,37.903573],[-83.512835,37.903489],[-83.513025,37.903437],[-83.513479,37.903256],[-83.513907,37.90311],[-83.514299,37.902959],[-83.514515,37.902912]]}},{"type":"Feature","properties":{"osm_id":16309380,"highway":"residential","name":"Opossum Hollow Road","alt_name":null,"official_name":null,"surface":null,"tracktype":null,"service":null,"access":null,"motor_vehicle":null,"foot":null,"tiger_reviewed":"no","rrgh_part":0,"rrgh_tile_part":0},"geometry":{"type":"LineString","coordinates":[[-83.515152,37.902143],[-83.514975,37.902388],[-83.514691,37.90269],[-83.514515,37.902912],[-83.514434,37.903042],[-83.514229,37.903485],[-83.513643,37.904491],[-83.513474,37.90475],[-83.513159,37.905355],[-83.513057,37.905551],[-83.513006,37.905673],[-83.51297,37.905804],[-83.512913,37.906085],[-83.512895,37.90632],[-83.51287,37.906638],[-83.512776,37.906916],[-83.512573,37.90742],[-83.512508,37.907538],[-83.512364,37.907739],[-83.512275,37.907834],[-83.512183,37.907909],[-83.511864,37.908127],[-83.511769,37.908205],[-83.511704,37.908288],[-83.511675,37.908377],[-83.511689,37.908722],[-83.511658,37.908998],[-83.511673,37.909105],[-83.511786,37.909465],[-83.511971,37.909947],[-83.512,37.910067],[-83.512008,37.910192],[-83.512008,37.910309],[-83.51198,37.910433],[-83.511869,37.9108],[-83.511738,37.911179],[-83.511697,37.911466],[-83.511721,37.911871],[-83.511772,37.91213],[-83.511784,37.912544],[-83.511851,37.913159],[-83.511843,37.913322],[-83.511758,37.913599]]}},{"type":"Feature","properties":{"osm_id":16310538,"highway":"residential","name":"Cleve Robertson Road","alt_name":null,"official_name":null,"surface":null,"tracktype":null,"service":null,"access":null,"motor_vehicle":null,"foot":null,"tiger_reviewed":"no","rrgh_part":0,"rrgh_tile_part":0},"geometry":{"type":"LineString","coordinates":[[-83.507645,37.908407],[-83.507624,37.908487],[-83.507525,37.908655],[-83.507459,37.908791],[-83.507444,37.908865],[-83.507446,37.909191],[-83.507468,37.90936],[-83.507556,37.909786],[-83.507551,37.909935],[-83.507491,37.910468],[-83.507493,37.910572],[-83.507513,37.910676]]}},{"type":"Feature","properties":{"osm_id":1284852198,"highway":"service","name":null,"alt_name":null,"official_name":null,"surface":null,"tracktype":null,"service":null,"access":null,"motor_vehicle":null,"foot":null,"tiger_reviewed":null,"rrgh_part":0,"rrgh_tile_part":0},"geometry":{"type":"LineString","coordinates":[[-83.5120164,37.9140421],[-83.5117746,37.9141236],[-83.5114894,37.9142196]]}},{"type":"Feature","properties":{"osm_id":1284852199,"highway":"service","name":null,"alt_name":null,"official_name":null,"surface":null,"tracktype":null,"service":null,"access":null,"motor_vehicle":null,"foot":null,"tiger_reviewed":null,"rrgh_part":0,"rrgh_tile_part":0},"geometry":{"type":"LineString","coordinates":[[-83.5117746,37.9141236],[-83.5115548,37.913714]]}},{"type":"Feature","properties":{"osm_id":970196192,"highway":"service","name":null,"alt_name":null,"official_name":null,"surface":null,"tracktype":null,"service":null,"access":null,"motor_vehicle":null,"foot":null,"tiger_reviewed":null,"rrgh_part":0,"rrgh_tile_part":0},"geometry":{"type":"LineString","coordinates":[[-83.5139709,37.916641],[-83.5136788,37.916574],[-83.5135081,37.9164246],[-83.5133562,37.9163478],[-83.5130695,37.9162818],[-83.5122945,37.9159896],[-83.5121187,37.9159815],[-83.5118535,37.9161604],[-83.5116261,37.9163422],[-83.5113434,37.9165725],[-83.5111222,37.9166864],[-83.5108795,37.9167203]]}},{"type":"Feature","properties":{"osm_id":16309502,"highway":"residential","name":"Dickey Wells Road","alt_name":null,"official_name":null,"surface":null,"tracktype":null,"service":null,"access":null,"motor_vehicle":null,"foot":null,"tiger_reviewed":"no","rrgh_part":0,"rrgh_tile_part":0},"geometry":{"type":"LineString","coordinates":[[-83.51267,37.920901],[-83.512641,37.920953],[-83.512639,37.921218],[-83.5126501,37.9213058],[-83.512657,37.921361],[-83.512715,37.921509],[-83.512828,37.921674],[-83.512891,37.92187]]}},{"type":"Feature","properties":{"osm_id":970196191,"highway":"service","name":null,"alt_name":null,"official_name":null,"surface":null,"tracktype":null,"service":null,"access":null,"motor_vehicle":null,"foot":null,"tiger_reviewed":null,"rrgh_part":0,"rrgh_tile_part":0},"geometry":{"type":"LineString","coordinates":[[-83.514241,37.9168287],[-83.5139366,37.9166899],[-83.5139709,37.916641],[-83.514112,37.9164401]]}},{"type":"Feature","properties":{"osm_id":970196189,"highway":"service","name":null,"alt_name":null,"official_name":null,"surface":null,"tracktype":null,"service":null,"access":null,"motor_vehicle":null,"foot":null,"tiger_reviewed":null,"rrgh_part":0,"rrgh_tile_part":0},"geometry":{"type":"LineString","coordinates":[[-83.505,37.91634091107561],[-83.5050286,37.9163578],[-83.5052571,37.9164453],[-83.5053538,37.9164514],[-83.5054054,37.9163909]]}},{"type":"Feature","properties":{"osm_id":1430113474,"highway":"service","name":null,"alt_name":null,"official_name":null,"surface":null,"tracktype":null,"service":null,"access":null,"motor_vehicle":null,"foot":null,"tiger_reviewed":null,"rrgh_part":0,"rrgh_tile_part":0},"geometry":{"type":"LineString","coordinates":[[-83.5469666,37.9282772],[-83.5469377,37.9282667],[-83.5467607,37.9282957],[-83.5465986,37.9283358],[-83.5464887,37.928331],[-83.54636,37.9283182]]}},{"type":"Feature","properties":{"osm_id":16310489,"highway":"service","name":"Mortbotts Road","alt_name":null,"official_name":null,"surface":null,"tracktype":null,"service":null,"access":"private","motor_vehicle":null,"foot":null,"tiger_reviewed":"no","rrgh_part":0,"rrgh_tile_part":0},"geometry":{"type":"LineString","coordinates":[[-83.5496344,37.9283608],[-83.549411,37.928299],[-83.549335,37.928265],[-83.549303,37.928241],[-83.548967,37.92785],[-83.548874,37.927772],[-83.548766,37.9277],[-83.548618,37.927661],[-83.548435,37.927652],[-83.548117,37.927724],[-83.548019,37.927758],[-83.547821,37.927859],[-83.547567,37.928019],[-83.547395,37.928101],[-83.547008,37.928253],[-83.5469666,37.9282772],[-83.546635,37.928471],[-83.546454,37.928565],[-83.546248,37.928588],[-83.545955,37.928583],[-83.545895,37.928592],[-83.545837,37.928616],[-83.545785,37.928653],[-83.545744,37.928704],[-83.545642,37.928939],[-83.545435,37.929519],[-83.545403,37.929582],[-83.545361,37.929635],[-83.545309,37.929676],[-83.545213,37.929728],[-83.545128,37.929736],[-83.545058,37.92973],[-83.543619,37.929347],[-83.543324,37.929307],[-83.543085,37.929302]]}},{"type":"Feature","properties":{"osm_id":1317927525,"highway":"track","name":null,"alt_name":null,"official_name":null,"surface":null,"tracktype":null,"service":null,"access":null,"motor_vehicle":null,"foot":null,"tiger_reviewed":null,"rrgh_part":0,"rrgh_tile_part":0},"geometry":{"type":"LineString","coordinates":[[-83.5425266,37.9336224],[-83.542669,37.933572],[-83.5427685,37.9334946],[-83.5429747,37.9333777],[-83.5431031,37.933342],[-83.5432523,37.9333757],[-83.5433626,37.9333903],[-83.5434913,37.9333552],[-83.5436067,37.9332661],[-83.5437294,37.9331699],[-83.5438302,37.933057],[-83.5439411,37.9329567],[-83.5441225,37.9328331],[-83.5442926,37.9327071],[-83.544427,37.9325921],[-83.5444795,37.9324822],[-83.544467,37.9324001],[-83.5444891,37.93232],[-83.5446291,37.9322842],[-83.5447431,37.9323137],[-83.54487,37.9323938],[-83.5450239,37.9324502],[-83.5452081,37.9324688],[-83.5454149,37.9325046],[-83.5455927,37.9324586],[-83.5458403,37.9324064],[-83.5460686,37.932332],[-83.5463428,37.9322837],[-83.5465288,37.9322603],[-83.5466351,37.9323015],[-83.5467378,37.9324102],[-83.5468583,37.9326227],[-83.5469826,37.9327615]]}},{"type":"Feature","properties":{"osm_id":1319390763,"highway":"track","name":null,"alt_name":null,"official_name":null,"surface":null,"tracktype":null,"service":null,"access":null,"motor_vehicle":null,"foot":null,"tiger_reviewed":null,"rrgh_part":0,"rrgh_tile_part":0},"geometry":{"type":"LineString","coordinates":[[-83.5544779,37.9341247],[-83.5544308,37.9343183],[-83.554378,37.9344374],[-83.5543374,37.9345228],[-83.5543481,37.9346127],[-83.5543522,37.934649],[-83.5543912,37.9347255],[-83.5544535,37.9348465],[-83.5544507,37.934952],[-83.5543832,37.9350311],[-83.5542829,37.9351639],[-83.554174,37.9353051],[-83.5540772,37.9355045],[-83.5540497,37.9355725]]}},{"type":"Feature","properties":{"osm_id":1319907646,"highway":"service","name":null,"alt_name":null,"official_name":null,"surface":null,"tracktype":null,"service":null,"access":null,"motor_vehicle":null,"foot":null,"tiger_reviewed":null,"rrgh_part":0,"rrgh_tile_part":0},"geometry":{"type":"LineString","coordinates":[[-83.5524554,37.928561],[-83.5522699,37.9284352],[-83.5521106,37.9283236],[-83.5519708,37.9282033],[-83.5518162,37.9281043],[-83.551645,37.9280432],[-83.5514347,37.9279913],[-83.5512099,37.9279732],[-83.5510298,37.9279687],[-83.5508219,37.9279696],[-83.5506542,37.9279612],[-83.5505097,37.9279922],[-83.5503923,37.9280466],[-83.5503038,37.9281718],[-83.5502419,37.9282867],[-83.5501597,37.9283739],[-83.550042,37.928412],[-83.5499223,37.9284045],[-83.5497662,37.9283957],[-83.5496344,37.9283608]]}},{"type":"Feature","properties":{"osm_id":1334833792,"highway":"track","name":null,"alt_name":null,"official_name":null,"surface":null,"tracktype":null,"service":null,"access":null,"motor_vehicle":null,"foot":null,"tiger_reviewed":null,"rrgh_part":0,"rrgh_tile_part":0},"geometry":{"type":"LineString","coordinates":[[-83.553571,37.9352244],[-83.5532348,37.9349675],[-83.5533289,37.9340129],[-83.5533501,37.9337973],[-83.5529155,37.9339315]]}},{"type":"Feature","properties":{"osm_id":1433888861,"highway":"track","name":null,"alt_name":null,"official_name":null,"surface":null,"tracktype":null,"service":null,"access":null,"motor_vehicle":null,"foot":null,"tiger_reviewed":null,"rrgh_part":0,"rrgh_tile_part":0},"geometry":{"type":"LineString","coordinates":[[-83.561059,37.94139],[-83.5609674,37.9411745],[-83.5607086,37.9410064],[-83.5602785,37.9407489],[-83.5600324,37.9405468],[-83.5597934,37.9403169]]}},{"type":"Feature","properties":{"osm_id":16310190,"highway":"residential","name":"Tom Stamper Road","alt_name":null,"official_name":null,"surface":null,"tracktype":null,"service":null,"access":null,"motor_vehicle":null,"foot":null,"tiger_reviewed":"no","rrgh_part":0,"rrgh_tile_part":0},"geometry":{"type":"LineString","coordinates":[[-83.567066,37.944143],[-83.567103,37.944272],[-83.567152,37.944354],[-83.567478,37.944726],[-83.567701,37.944922],[-83.5679628,37.9450719],[-83.568057,37.945137],[-83.568195,37.945243],[-83.568259,37.945303],[-83.568408,37.945515],[-83.568512,37.945688],[-83.568538,37.945753],[-83.568563,37.945905],[-83.568542,37.946152],[-83.568545,37.946222],[-83.568579,37.946409],[-83.568605,37.946464],[-83.568683,37.946533],[-83.568772,37.946577],[-83.569261,37.946775],[-83.569441,37.94686],[-83.569606,37.946961],[-83.569673,37.947021],[-83.569722,37.947094],[-83.569755,37.947172],[-83.569776,37.947362],[-83.569779,37.947605],[-83.569744,37.94802],[-83.569722,37.948128],[-83.569526,37.948529],[-83.569458,37.948712],[-83.569454,37.94879],[-83.569504,37.948931],[-83.569538,37.94898],[-83.569597,37.949109],[-83.56975,37.949607],[-83.569772,37.94968],[-83.569815,37.949774],[-83.569829,37.950021],[-83.569816,37.950313],[-83.569823,37.950399],[-83.570044,37.951384],[-83.570237,37.95202],[-83.570257,37.952113],[-83.570285,37.952391],[-83.570267,37.952576],[-83.570241,37.952667],[-83.570152,37.952848],[-83.570099,37.952928],[-83.569638,37.953631],[-83.569484,37.953801],[-83.569213,37.954023],[-83.568916,37.954215],[-83.568491,37.95443],[-83.568375,37.954465],[-83.568256,37.954486],[-83.568135,37.954491],[-83.568016,37.954483],[-83.567898,37.954464],[-83.567782,37.954435],[-83.567553,37.954354],[-83.567224,37.954199],[-83.5669643,37.9540583],[-83.5667,37.953915],[-83.566584,37.953865],[-83.566417,37.9538156],[-83.566344,37.953794],[-83.5661,37.953764],[-83.565983,37.953769],[-83.565551,37.953846],[-83.565332,37.953855],[-83.564775,37.953826],[-83.56455,37.953791],[-83.564441,37.953761],[-83.564335,37.953723],[-83.56396,37.953558],[-83.563876,37.953533],[-83.563715,37.953509],[-83.563637,37.953504],[-83.563229,37.953604],[-83.562518,37.953903],[-83.562443,37.953949],[-83.562323,37.954045],[-83.562199,37.954264],[-83.562069,37.95465],[-83.561996,37.954934],[-83.561906,37.955396],[-83.561891,37.95562],[-83.5619,37.955997],[-83.561925,37.9561],[-83.56206,37.956386],[-83.562185,37.956867],[-83.56226,37.957083],[-83.562329,37.95722],[-83.562461,37.957434],[-83.562524,37.957573],[-83.562546,37.957645],[-83.562553,37.957798],[-83.562534,37.957875],[-83.562464,37.958021],[-83.562355,37.958153],[-83.562159,37.958325],[-83.562016,37.958408],[-83.561853,37.958451],[-83.561085,37.958503],[-83.56085,37.958595],[-83.560557,37.958782],[-83.560412,37.958888],[-83.559672,37.959453],[-83.559485,37.959563],[-83.559156,37.959712],[-83.55901,37.959767],[-83.558774,37.959809],[-83.558484,37.959837],[-83.558198,37.959833],[-83.557688,37.95981],[-83.557164,37.959755],[-83.556959,37.95972],[-83.5567748,37.9596873],[-83.5565958,37.9596601],[-83.5562211,37.9596228],[-83.5557905,37.9595675],[-83.5556825,37.9595231],[-83.5555553,37.9594529],[-83.5552427,37.9593406],[-83.5550712,37.9592497],[-83.554948,37.959123]]}},{"type":"Feature","properties":{"osm_id":970367126,"highway":"service","name":null,"alt_name":null,"official_name":null,"surface":null,"tracktype":null,"service":null,"access":null,"motor_vehicle":null,"foot":null,"tiger_reviewed":null,"rrgh_part":0,"rrgh_tile_part":0},"geometry":{"type":"LineString","coordinates":[[-83.5648606,37.9441595],[-83.5648402,37.9436717],[-83.5648544,37.9435865],[-83.5648963,37.9434858],[-83.5649466,37.943362],[-83.5649919,37.9432047],[-83.5650306,37.9430386],[-83.5651094,37.9428831]]}},{"type":"Feature","properties":{"osm_id":970367127,"highway":"service","name":null,"alt_name":null,"official_name":null,"surface":null,"tracktype":null,"service":null,"access":null,"motor_vehicle":null,"foot":null,"tiger_reviewed":null,"rrgh_part":0,"rrgh_tile_part":0},"geometry":{"type":"LineString","coordinates":[[-83.5611325,37.9437134],[-83.5611397,37.9436783],[-83.5610503,37.9435078],[-83.561006,37.9433834],[-83.5609838,37.9433067],[-83.5609827,37.9432578],[-83.5610004,37.9431786],[-83.5610165,37.9430725],[-83.5610144,37.942773],[-83.5610047,37.9426851],[-83.5609867,37.9426223],[-83.5609722,37.9425969],[-83.5609501,37.9425766],[-83.5609123,37.9425632],[-83.5608629,37.9425619],[-83.5608269,37.9425881],[-83.5608015,37.9426189],[-83.5607849,37.9426743],[-83.5607595,37.9428502],[-83.5607238,37.9430313],[-83.5606941,37.9431412],[-83.5606529,37.9432934],[-83.5606437,37.9433578],[-83.5606474,37.9434244],[-83.5607297,37.9435823],[-83.5607168,37.9436234]]}},{"type":"Feature","properties":{"osm_id":1433934359,"highway":"track","name":null,"alt_name":null,"official_name":null,"surface":null,"tracktype":null,"service":null,"access":null,"motor_vehicle":null,"foot":null,"tiger_reviewed":null,"rrgh_part":0,"rrgh_tile_part":0},"geometry":{"type":"LineString","coordinates":[[-83.546309,37.940949],[-83.5460515,37.9410449],[-83.5459228,37.9410733],[-83.545825,37.9410638]]}},{"type":"Feature","properties":{"osm_id":1430113469,"highway":"track","name":null,"alt_name":null,"official_name":null,"surface":null,"tracktype":null,"service":null,"access":null,"motor_vehicle":null,"foot":null,"tiger_reviewed":null,"rrgh_part":0,"rrgh_tile_part":0},"geometry":{"type":"LineString","coordinates":[[-83.5519838,37.9462923],[-83.5517833,37.9461498],[-83.5516857,37.9460732],[-83.5515915,37.9459554],[-83.5515583,37.945825],[-83.5515693,37.9456284],[-83.5515792,37.9454653],[-83.5515629,37.9453907],[-83.5514054,37.9451846],[-83.5512224,37.9449317],[-83.5509982,37.9446076],[-83.5507653,37.9442403],[-83.5506652,37.9439872],[-83.5506476,37.9437327],[-83.5505968,37.9434581],[-83.5505043,37.943248],[-83.5503414,37.9430333],[-83.5502426,37.9429135]]}},{"type":"Feature","properties":{"osm_id":1432012680,"highway":"track","name":null,"alt_name":null,"official_name":null,"surface":null,"tracktype":null,"service":null,"access":null,"motor_vehicle":null,"foot":null,"tiger_reviewed":null,"rrgh_part":0,"rrgh_tile_part":0},"geometry":{"type":"LineString","coordinates":[[-83.5456516,37.9424006],[-83.545752,37.9422292],[-83.545889,37.9420796],[-83.5459938,37.9420484],[-83.5461379,37.94201],[-83.5462611,37.9420246],[-83.5463074,37.9420731],[-83.5462269,37.942198],[-83.5460545,37.9423451],[-83.5460273,37.9424796],[-83.5460495,37.9425237],[-83.5461031,37.9427122],[-83.5462555,37.942732],[-83.5463021,37.9428687],[-83.5462536,37.9429379],[-83.5464375,37.9430284],[-83.5465978,37.943082],[-83.5467828,37.9431752],[-83.5468512,37.9432589],[-83.5470775,37.9433687],[-83.5472535,37.9433374],[-83.5475231,37.9433011],[-83.5476292,37.9433562],[-83.5477778,37.9434485],[-83.5479332,37.9435236],[-83.5480214,37.9436697],[-83.5482933,37.9437638],[-83.5486003,37.9438369]]}},{"type":"Feature","properties":{"osm_id":970367128,"highway":"service","name":null,"alt_name":null,"official_name":null,"surface":null,"tracktype":null,"service":null,"access":null,"motor_vehicle":null,"foot":null,"tiger_reviewed":null,"rrgh_part":0,"rrgh_tile_part":0},"geometry":{"type":"LineString","coordinates":[[-83.5574589,37.9445488],[-83.5573662,37.9442145],[-83.5572553,37.9438303],[-83.557029,37.943446],[-83.5568512,37.9432329],[-83.5566711,37.9429452],[-83.5567011,37.9427886],[-83.5567796,37.9427048],[-83.5567542,37.9425773],[-83.5565071,37.9423588],[-83.5560846,37.9421129]]}},{"type":"Feature","properties":{"osm_id":16309413,"highway":"residential","name":"Crosscreek Lane","alt_name":null,"official_name":null,"surface":null,"tracktype":null,"service":null,"access":null,"motor_vehicle":null,"foot":null,"tiger_reviewed":"no","rrgh_part":0,"rrgh_tile_part":0},"geometry":{"type":"LineString","coordinates":[[-83.536578,37.922883],[-83.536452,37.922876],[-83.536334,37.922853],[-83.53597,37.922752],[-83.535947,37.922748],[-83.535902,37.92275],[-83.535857,37.922766],[-83.535746,37.922869],[-83.535606,37.923078],[-83.535366,37.92338],[-83.535237,37.923684],[-83.534973,37.924066],[-83.534929,37.924141],[-83.534864,37.924291],[-83.534823,37.924355],[-83.53476,37.924402],[-83.534612,37.924471],[-83.534074,37.924657],[-83.533915,37.924694],[-83.533769,37.9247],[-83.533706,37.924692],[-83.532967,37.924446],[-83.532715,37.924386],[-83.532534,37.92438],[-83.532105,37.924426],[-83.531598,37.924452],[-83.531248,37.924449],[-83.531088,37.924467],[-83.531023,37.924486],[-83.530972,37.924517],[-83.530939,37.924555],[-83.530922,37.924596],[-83.530919,37.924637],[-83.530932,37.924676],[-83.530959,37.924708],[-83.531017,37.924744]]}},{"type":"Feature","properties":{"osm_id":16309972,"highway":"residential","name":"Rockwood Road","alt_name":null,"official_name":null,"surface":null,"tracktype":null,"service":null,"access":null,"motor_vehicle":null,"foot":null,"tiger_reviewed":"no","rrgh_part":0,"rrgh_tile_part":0},"geometry":{"type":"LineString","coordinates":[[-83.542584,37.930998],[-83.542432,37.931013],[-83.541706,37.931115],[-83.540832,37.93121],[-83.540404,37.931233],[-83.540025,37.931181],[-83.539909,37.931115],[-83.539541,37.930818],[-83.539308,37.930668],[-83.539032,37.930533],[-83.538674,37.930407],[-83.538411,37.930364],[-83.537763,37.930337],[-83.536787,37.930245],[-83.536707,37.93025],[-83.536635,37.930266],[-83.536351,37.930354]]}},{"type":"Feature","properties":{"osm_id":970041830,"highway":"service","name":null,"alt_name":null,"official_name":null,"surface":null,"tracktype":null,"service":null,"access":null,"motor_vehicle":null,"foot":null,"tiger_reviewed":null,"rrgh_part":0,"rrgh_tile_part":0},"geometry":{"type":"LineString","coordinates":[[-83.539623,37.935031],[-83.5396531,37.9350893],[-83.5397969,37.9354294],[-83.5399274,37.9355413],[-83.5400863,37.9356651],[-83.540387,37.9359456],[-83.5404986,37.9361186],[-83.5405572,37.9362603],[-83.5405534,37.9364184],[-83.5405137,37.9366228],[-83.5404589,37.9369838],[-83.5404626,37.9372075],[-83.5405288,37.9374089],[-83.5405534,37.9375387],[-83.5405269,37.9376297],[-83.540436,37.9378386],[-83.5403841,37.9380438],[-83.5403518,37.9382399],[-83.5404399,37.9385575],[-83.540491,37.938823],[-83.5406012,37.9389547],[-83.5407217,37.9390542],[-83.5408338,37.9391142],[-83.5409599,37.9391537],[-83.5413019,37.9392541],[-83.5413698,37.9392867],[-83.5414592,37.939366],[-83.5418023,37.9397532],[-83.5421282,37.9399929],[-83.5424446,37.940144],[-83.5426999,37.9403034],[-83.5429456,37.9404605],[-83.5431546,37.9406174],[-83.5433429,37.9407449],[-83.5435296,37.9409128],[-83.5436621,37.9411238],[-83.5437357,37.9413525],[-83.5437493,37.9415421],[-83.5437413,37.9418322]]}},{"type":"Feature","properties":{"osm_id":16309770,"highway":"residential","name":"Shermill Lane","alt_name":null,"official_name":null,"surface":null,"tracktype":null,"service":null,"access":null,"motor_vehicle":null,"foot":null,"tiger_reviewed":"no","rrgh_part":0,"rrgh_tile_part":0},"geometry":{"type":"LineString","coordinates":[[-83.541293,37.93358],[-83.541222,37.933599],[-83.541093,37.933616],[-83.540986,37.933666],[-83.540802,37.933777],[-83.54073,37.933805],[-83.540653,37.933821],[-83.540579,37.933822],[-83.540511,37.933809],[-83.540449,37.933781],[-83.540177,37.933623],[-83.539962,37.93352],[-83.53982,37.933463],[-83.539601,37.933397],[-83.539395,37.933291],[-83.53929,37.933201],[-83.539224,37.9331],[-83.539197,37.933003],[-83.539199,37.932884],[-83.53919,37.932856]]}},{"type":"Feature","properties":{"osm_id":970339403,"highway":"track","name":null,"alt_name":null,"official_name":null,"surface":null,"tracktype":null,"service":null,"access":null,"motor_vehicle":null,"foot":null,"tiger_reviewed":null,"rrgh_part":0,"rrgh_tile_part":0},"geometry":{"type":"LineString","coordinates":[[-83.5223768,37.9295687],[-83.522408,37.9293999],[-83.5223705,37.9292328],[-83.5224134,37.9289768],[-83.522687,37.9283378],[-83.5228399,37.9278766],[-83.5228533,37.9276143],[-83.5228989,37.9273392],[-83.5230974,37.927098],[-83.5232449,37.9269838],[-83.5233549,37.9267722],[-83.5234943,37.9265141],[-83.5238269,37.926129],[-83.5239369,37.9259407],[-83.5242159,37.9255514]]}},{"type":"Feature","properties":{"osm_id":16310551,"highway":"service","name":"McCoy Cemetery Road","alt_name":null,"official_name":null,"surface":null,"tracktype":null,"service":null,"access":null,"motor_vehicle":null,"foot":null,"tiger_reviewed":"no","rrgh_part":0,"rrgh_tile_part":0},"geometry":{"type":"LineString","coordinates":[[-83.527316,37.9294427],[-83.5273309,37.9295511],[-83.5272844,37.9296337],[-83.5270112,37.9298071],[-83.5269903,37.929958],[-83.5270782,37.9300838],[-83.5272541,37.9302731],[-83.5273903,37.931186],[-83.5274833,37.9314292]]}},{"type":"Feature","properties":{"osm_id":16309000,"highway":"service","name":null,"alt_name":null,"official_name":null,"surface":null,"tracktype":null,"service":null,"access":"private","motor_vehicle":null,"foot":null,"tiger_reviewed":"no","rrgh_part":0,"rrgh_tile_part":0},"geometry":{"type":"LineString","coordinates":[[-83.52199,37.9304727],[-83.5217417,37.9302743],[-83.5218276,37.9301144],[-83.5221259,37.9297336],[-83.5223768,37.9295687],[-83.5225777,37.9294367],[-83.5227861,37.929117]]}},{"type":"Feature","properties":{"osm_id":970339404,"highway":"service","name":null,"alt_name":null,"official_name":null,"surface":null,"tracktype":null,"service":null,"access":null,"motor_vehicle":null,"foot":null,"tiger_reviewed":null,"rrgh_part":0,"rrgh_tile_part":0},"geometry":{"type":"LineString","coordinates":[[-83.5234108,37.9300234],[-83.5234497,37.9300888],[-83.5236466,37.9302067],[-83.5240678,37.9305094],[-83.524155,37.9306392],[-83.5241874,37.9309045],[-83.5241874,37.9311326],[-83.5241974,37.931221],[-83.5241774,37.9316653],[-83.5241077,37.9319464],[-83.5240827,37.9321547],[-83.5240902,37.9324044],[-83.5242148,37.9326796],[-83.5243992,37.9329449],[-83.5244441,37.9333774],[-83.5243668,37.9334658],[-83.5241425,37.9335798],[-83.5239033,37.9335543],[-83.523679,37.9334737],[-83.5234996,37.9333341],[-83.5235868,37.9332221]]}},{"type":"Feature","properties":{"osm_id":1338020571,"highway":"track","name":null,"alt_name":null,"official_name":null,"surface":null,"tracktype":null,"service":null,"access":null,"motor_vehicle":null,"foot":null,"tiger_reviewed":null,"rrgh_part":0,"rrgh_tile_part":0},"geometry":{"type":"LineString","coordinates":[[-83.5401675,37.9402611],[-83.5400267,37.9401875],[-83.539923,37.9401478],[-83.5398096,37.9400348],[-83.5396662,37.9399342]]}},{"type":"Feature","properties":{"osm_id":1433934360,"highway":"track","name":null,"alt_name":null,"official_name":null,"surface":null,"tracktype":null,"service":null,"access":null,"motor_vehicle":null,"foot":null,"tiger_reviewed":null,"rrgh_part":0,"rrgh_tile_part":0},"geometry":{"type":"LineString","coordinates":[[-83.5395347,37.9390627],[-83.5394219,37.9391392],[-83.5393335,37.9391798],[-83.5392078,37.9392275],[-83.5390816,37.9392149]]}},{"type":"Feature","properties":{"osm_id":16308747,"highway":"service","name":null,"alt_name":null,"official_name":null,"surface":null,"tracktype":null,"service":null,"access":"private","motor_vehicle":null,"foot":null,"tiger_reviewed":"no","rrgh_part":0,"rrgh_tile_part":0},"geometry":{"type":"LineString","coordinates":[[-83.5342948,37.9434683],[-83.5339303,37.943364],[-83.5337074,37.9431391],[-83.5324099,37.9412336],[-83.5320706,37.940923],[-83.5311446,37.9405548],[-83.5309192,37.9405241],[-83.5306711,37.9406014],[-83.5304929,37.9406462],[-83.5302886,37.9406703],[-83.5301506,37.9406601],[-83.5300492,37.9407519]]}},{"type":"Feature","properties":{"osm_id":1334848189,"highway":"track","name":null,"alt_name":null,"official_name":null,"surface":null,"tracktype":null,"service":null,"access":null,"motor_vehicle":null,"foot":null,"tiger_reviewed":null,"rrgh_part":0,"rrgh_tile_part":0},"geometry":{"type":"LineString","coordinates":[[-83.5385844,37.9387905],[-83.5386467,37.9387585],[-83.5387559,37.9387609],[-83.5388605,37.9387931],[-83.5389833,37.9388181],[-83.5391229,37.9389143],[-83.5392928,37.9390051],[-83.539473,37.9390562],[-83.5395347,37.9390627],[-83.5395959,37.9390693],[-83.5397286,37.9390643],[-83.5398181,37.9390234],[-83.5399457,37.9390642],[-83.5400797,37.9391824],[-83.5401544,37.9393377],[-83.5401956,37.9395361],[-83.540208,37.9397598],[-83.5401726,37.9399915],[-83.5401675,37.9402611],[-83.5402401,37.9404293],[-83.5402983,37.9405759],[-83.5403486,37.940747],[-83.5404242,37.9408604],[-83.5405516,37.9409815],[-83.5407286,37.9411548],[-83.5407592,37.9412954],[-83.5409356,37.9414695],[-83.5412655,37.9417691],[-83.541538,37.9419605],[-83.5417135,37.9421116],[-83.5418593,37.9421698],[-83.5420014,37.9421944],[-83.5421109,37.9421997],[-83.5422219,37.9423445],[-83.5423091,37.9425148],[-83.5423585,37.9427309],[-83.5424048,37.9429491],[-83.5425351,37.9431649],[-83.5427655,37.9434259],[-83.5429121,37.943563],[-83.5430833,37.9436784],[-83.5432586,37.9437649],[-83.5437199,37.9438494]]}},{"type":"Feature","properties":{"osm_id":1433934362,"highway":"track","name":null,"alt_name":null,"official_name":null,"surface":null,"tracktype":null,"service":null,"access":null,"motor_vehicle":null,"foot":null,"tiger_reviewed":null,"rrgh_part":0,"rrgh_tile_part":0},"geometry":{"type":"LineString","coordinates":[[-83.5420014,37.9421944],[-83.5418238,37.9420414],[-83.5416987,37.9419372],[-83.5416244,37.9418606],[-83.5415748,37.9417904],[-83.5415574,37.9417012],[-83.5415177,37.9416027],[-83.5414298,37.941462],[-83.5413313,37.941333],[-83.5412247,37.941201],[-83.5411263,37.9410773],[-83.5410553,37.940997],[-83.5409362,37.9409372],[-83.5408661,37.9408529],[-83.5408471,37.9408119]]}},{"type":"Feature","properties":{"osm_id":1319937097,"highway":"track","name":null,"alt_name":null,"official_name":null,"surface":null,"tracktype":null,"service":null,"access":null,"motor_vehicle":null,"foot":null,"tiger_reviewed":null,"rrgh_part":0,"rrgh_tile_part":0},"geometry":{"type":"LineString","coordinates":[[-83.5420777,37.9444161],[-83.5421538,37.9445241],[-83.5421728,37.9445914],[-83.5421556,37.9446582],[-83.5421074,37.9447331],[-83.5420403,37.9447945],[-83.541978,37.9448435],[-83.5419252,37.944917],[-83.5419188,37.9449838],[-83.5418964,37.9450518],[-83.5418315,37.9451495],[-83.5417735,37.9452478],[-83.5417141,37.945332],[-83.5417354,37.9454084],[-83.5417642,37.9454854],[-83.5417904,37.9455729],[-83.5417862,37.9456435],[-83.5417519,37.9456785],[-83.5416002,37.945715],[-83.5412871,37.9457304]]}},{"type":"Feature","properties":{"osm_id":1433934358,"highway":"track","name":null,"alt_name":null,"official_name":null,"surface":null,"tracktype":null,"service":null,"access":null,"motor_vehicle":null,"foot":null,"tiger_reviewed":null,"rrgh_part":0,"rrgh_tile_part":0},"geometry":{"type":"LineString","coordinates":[[-83.5427655,37.9434259],[-83.5427718,37.9433443],[-83.5427754,37.9432971],[-83.5428189,37.9432935],[-83.5429626,37.9433353],[-83.5430901,37.9433823],[-83.5432652,37.9433791]]}},{"type":"Feature","properties":{"osm_id":970367122,"highway":"service","name":null,"alt_name":null,"official_name":null,"surface":null,"tracktype":null,"service":null,"access":null,"motor_vehicle":null,"foot":null,"tiger_reviewed":null,"rrgh_part":0,"rrgh_tile_part":0},"geometry":{"type":"LineString","coordinates":[[-83.566417,37.9538156],[-83.5665027,37.9536841],[-83.5666161,37.9535362],[-83.5667551,37.9527949],[-83.5667134,37.9526232],[-83.5667018,37.9525045],[-83.5666439,37.952437]]}},{"type":"Feature","properties":{"osm_id":970367123,"highway":"track","name":null,"alt_name":null,"official_name":null,"surface":null,"tracktype":null,"service":null,"access":null,"motor_vehicle":null,"foot":null,"tiger_reviewed":null,"rrgh_part":0,"rrgh_tile_part":0},"geometry":{"type":"LineString","coordinates":[[-83.554948,37.959123],[-83.5547117,37.9587631],[-83.5543283,37.9584424],[-83.5539471,37.9582333],[-83.553484,37.9579325],[-83.5532396,37.9578681],[-83.5531002,37.957869],[-83.5529685,37.9579019],[-83.5527056,37.9580271],[-83.5522369,37.9583783],[-83.5519039,37.9585218],[-83.5517063,37.9585493],[-83.5514585,37.9584394],[-83.5512145,37.9581829],[-83.5511099,37.9578775],[-83.5509085,37.9576393],[-83.550192,37.9569431],[-83.5495801,37.9565247],[-83.549522,37.9564087]]}},{"type":"Feature","properties":{"osm_id":970367124,"highway":"track","name":"Kendrick Ridge","alt_name":null,"official_name":null,"surface":null,"tracktype":null,"service":null,"access":null,"motor_vehicle":null,"foot":null,"tiger_reviewed":null,"rrgh_part":0,"rrgh_tile_part":0},"geometry":{"type":"LineString","coordinates":[[-83.5567748,37.9596873],[-83.5567291,37.9597226],[-83.5562643,37.9598108],[-83.5557797,37.9599656],[-83.5554516,37.9601772],[-83.5552006,37.9604868],[-83.5551559,37.9606416],[-83.5551981,37.9610296],[-83.5552851,37.9612647],[-83.5556082,37.9616292],[-83.5555485,37.9620995],[-83.5553464,37.9624372],[-83.5551997,37.9626199],[-83.5547035,37.963087],[-83.5543531,37.9634495],[-83.5542558,37.9635034],[-83.554102,37.9635214],[-83.5538791,37.9635167],[-83.553692,37.9635446],[-83.5533689,37.9637454],[-83.5530732,37.9642235],[-83.5530212,37.9649856]]}},{"type":"Feature","properties":{"osm_id":16309480,"highway":"residential","name":"Hog Branch Road","alt_name":null,"official_name":null,"surface":null,"tracktype":null,"service":null,"access":null,"motor_vehicle":null,"foot":null,"tiger_reviewed":"no","rrgh_part":0,"rrgh_tile_part":0},"geometry":{"type":"LineString","coordinates":[[-83.565025,37.974437],[-83.565015,37.974203],[-83.565043,37.973988],[-83.565141,37.973782],[-83.565829,37.973064],[-83.565943,37.972932],[-83.565984,37.972873],[-83.566009,37.972817],[-83.566026,37.972712],[-83.566016,37.97264],[-83.565909,37.972416],[-83.565751,37.972086],[-83.5657207,37.9720008],[-83.565714,37.971982],[-83.565694,37.971875],[-83.565694,37.971817],[-83.565717,37.971682],[-83.56589,37.971218],[-83.56599,37.970852],[-83.565994,37.970834],[-83.566014,37.970717],[-83.566006,37.970591],[-83.565968,37.970451],[-83.565952,37.970275],[-83.56599,37.969856],[-83.566083,37.969344],[-83.566087,37.969233]]}},{"type":"Feature","properties":{"osm_id":1319937090,"highway":"track","name":null,"alt_name":null,"official_name":null,"surface":null,"tracktype":null,"service":null,"access":null,"motor_vehicle":null,"foot":null,"tiger_reviewed":null,"rrgh_part":0,"rrgh_tile_part":0},"geometry":{"type":"LineString","coordinates":[[-83.5403355,37.9528472],[-83.5407301,37.9528563],[-83.5409598,37.9528467],[-83.5412304,37.9528337],[-83.5415644,37.952821],[-83.5417116,37.9528185],[-83.5418289,37.9528222]]}},{"type":"Feature","properties":{"osm_id":16309984,"highway":"residential","name":"Collins Ln.","alt_name":null,"official_name":null,"surface":null,"tracktype":null,"service":null,"access":null,"motor_vehicle":null,"foot":null,"tiger_reviewed":"no","rrgh_part":0,"rrgh_tile_part":0},"geometry":{"type":"LineString","coordinates":[[-83.536893,37.957371],[-83.5369903,37.9573941],[-83.537226,37.957368],[-83.537366,37.957357],[-83.537497,37.957372],[-83.537572,37.957394],[-83.537825,37.9575569],[-83.5380329,37.9576342],[-83.5387309,37.9579084],[-83.539027,37.9580265],[-83.539234,37.958052]]}},{"type":"Feature","properties":{"osm_id":1319937085,"highway":"track","name":null,"alt_name":null,"official_name":null,"surface":null,"tracktype":null,"service":null,"access":null,"motor_vehicle":null,"foot":null,"tiger_reviewed":null,"rrgh_part":0,"rrgh_tile_part":0},"geometry":{"type":"LineString","coordinates":[[-83.5384899,37.9527243],[-83.5386291,37.9527768],[-83.5392033,37.9527851],[-83.5395447,37.9528004],[-83.5398776,37.9528143],[-83.5401377,37.9528304],[-83.5403355,37.9528472],[-83.5404717,37.9529108],[-83.5405466,37.9529956],[-83.5405961,37.9530952],[-83.5406971,37.9531377],[-83.5409427,37.9531115],[-83.5412671,37.9530535]]}},{"type":"Feature","properties":{"osm_id":1528134645,"highway":"track","name":null,"alt_name":null,"official_name":null,"surface":null,"tracktype":null,"service":null,"access":null,"motor_vehicle":null,"foot":null,"tiger_reviewed":null,"rrgh_part":0,"rrgh_tile_part":0},"geometry":{"type":"LineString","coordinates":[[-83.5338675,37.9598738],[-83.5336408,37.9597909],[-83.5334783,37.9597308],[-83.5333729,37.9596971],[-83.5332688,37.9597157],[-83.5331368,37.9597709],[-83.5329362,37.9598269],[-83.5327476,37.9599036],[-83.5325645,37.9599955],[-83.5323982,37.9601431],[-83.5322182,37.9603279],[-83.5320667,37.9604716],[-83.5319259,37.9605321],[-83.5318279,37.9606033],[-83.5317802,37.9606586],[-83.5317798,37.9607449],[-83.5317641,37.9608325],[-83.5317232,37.9609009],[-83.5316187,37.9609731],[-83.53147,37.9610643],[-83.5312065,37.9612004],[-83.5310889,37.9612433],[-83.531066,37.9613554],[-83.5310896,37.96144],[-83.5309894,37.961705],[-83.5309087,37.9618873],[-83.5308662,37.961962],[-83.5308436,37.9620421],[-83.5310025,37.9621354],[-83.5311309,37.9622208]]}},{"type":"Feature","properties":{"osm_id":970339422,"highway":"service","name":null,"alt_name":null,"official_name":null,"surface":null,"tracktype":null,"service":null,"access":null,"motor_vehicle":null,"foot":null,"tiger_reviewed":null,"rrgh_part":0,"rrgh_tile_part":0},"geometry":{"type":"LineString","coordinates":[[-83.5252466,37.9540302],[-83.5253059,37.9539955],[-83.5255398,37.9538853],[-83.5256755,37.9538558],[-83.5257821,37.9538875],[-83.5257993,37.9539233],[-83.5258251,37.953977],[-83.5259607,37.9542041],[-83.5262141,37.954513],[-83.5263747,37.9545927],[-83.5266516,37.954894],[-83.5269133,37.9550905],[-83.5275175,37.9557038],[-83.5275175,37.9557552],[-83.5275175,37.9558039],[-83.5274379,37.9558463],[-83.527341,37.955848]]}},{"type":"Feature","properties":{"osm_id":970339425,"highway":"service","name":null,"alt_name":null,"official_name":null,"surface":null,"tracktype":null,"service":null,"access":null,"motor_vehicle":null,"foot":null,"tiger_reviewed":null,"rrgh_part":0,"rrgh_tile_part":0},"geometry":{"type":"LineString","coordinates":[[-83.5245797,37.9536471],[-83.5244972,37.9537463],[-83.5244161,37.9537844],[-83.524007,37.9537449],[-83.5237343,37.9536755],[-83.5235641,37.9535715],[-83.5232753,37.9536178],[-83.5230636,37.9536139],[-83.5215955,37.9534474],[-83.5202405,37.9533263],[-83.5199984,37.9532971],[-83.519918,37.9532295],[-83.5198715,37.9531348],[-83.5197907,37.952958],[-83.5196575,37.9528713],[-83.5191013,37.952539],[-83.5187826,37.9523715],[-83.5185476,37.9523759],[-83.517498,37.9528187],[-83.5171649,37.952892],[-83.516797,37.9528675],[-83.5165182,37.9527759],[-83.5159876,37.9522812],[-83.5156739,37.9519605],[-83.5155499,37.951759],[-83.5154442,37.951448],[-83.5151781,37.9511726],[-83.5147134,37.9508367]]}},{"type":"Feature","properties":{"osm_id":970339423,"highway":"track","name":null,"alt_name":null,"official_name":null,"surface":null,"tracktype":null,"service":null,"access":null,"motor_vehicle":null,"foot":null,"tiger_reviewed":null,"rrgh_part":0,"rrgh_tile_part":0},"geometry":{"type":"LineString","coordinates":[[-83.5275175,37.9557552],[-83.5275857,37.9558121],[-83.5276983,37.9558736],[-83.5278744,37.9558872],[-83.5281486,37.9558736],[-83.5285643,37.9559305],[-83.5288096,37.9559578],[-83.5290348,37.9558986],[-83.5295111,37.9557734],[-83.5298517,37.9556528]]}},{"type":"Feature","properties":{"osm_id":1410072729,"highway":"residential","name":null,"alt_name":null,"official_name":null,"surface":null,"tracktype":null,"service":null,"access":null,"motor_vehicle":null,"foot":null,"tiger_reviewed":null,"rrgh_part":0,"rrgh_tile_part":0},"geometry":{"type":"LineString","coordinates":[[-83.5205819,37.9643576],[-83.5208436,37.9641707],[-83.5210361,37.9641344],[-83.5212382,37.9641783],[-83.5215096,37.9642723],[-83.5218002,37.964394],[-83.5220206,37.9644725],[-83.5223412,37.9645216]]}},{"type":"Feature","properties":{"osm_id":1410072731,"highway":"residential","name":"Sky Ridge Way","alt_name":null,"official_name":null,"surface":null,"tracktype":null,"service":null,"access":null,"motor_vehicle":null,"foot":null,"tiger_reviewed":null,"rrgh_part":0,"rrgh_tile_part":0},"geometry":{"type":"LineString","coordinates":[[-83.519535,37.964352],[-83.5202316,37.9643719],[-83.5205819,37.9643576],[-83.520761,37.9643502],[-83.5209558,37.9643574],[-83.5212699,37.9644368],[-83.5215293,37.9645332],[-83.5216828,37.9645972],[-83.5220304,37.9647885],[-83.5223463,37.9650712],[-83.522624,37.9652646],[-83.5227627,37.9653064],[-83.5229445,37.9653612],[-83.5230757,37.9653469],[-83.5231797,37.9652541],[-83.5232992,37.964979],[-83.5233939,37.9648053],[-83.5236221,37.9646987],[-83.5243446,37.9643552]]}},{"type":"Feature","properties":{"osm_id":16308280,"highway":"service","name":"Scott Jones Road","alt_name":null,"official_name":null,"surface":null,"tracktype":null,"service":null,"access":null,"motor_vehicle":null,"foot":null,"tiger_reviewed":"no","rrgh_part":0,"rrgh_tile_part":0},"geometry":{"type":"LineString","coordinates":[[-83.5292645,37.9633468],[-83.529226,37.963739],[-83.5292757,37.9642185],[-83.52925,37.964514],[-83.5292397,37.9649027],[-83.5291931,37.9650673],[-83.5291393,37.9651802],[-83.5290597,37.9653009],[-83.5289268,37.9654818],[-83.528758,37.9656286],[-83.5285717,37.9657694],[-83.5281368,37.9659611],[-83.5276352,37.9661882],[-83.5274432,37.9663438],[-83.5273279,37.9664572],[-83.5272666,37.9665177],[-83.5269239,37.9670131],[-83.5267075,37.9673762],[-83.526064,37.968441],[-83.525989,37.968513],[-83.525857,37.96861],[-83.525788,37.968646],[-83.525644,37.968694],[-83.525424,37.968728],[-83.52521,37.96874],[-83.5249632,37.9687572],[-83.5247817,37.9688807],[-83.5247206,37.9689104]]}},{"type":"Feature","properties":{"osm_id":16309363,"highway":"residential","name":"Meyers Branch Fork North Road","alt_name":null,"official_name":null,"surface":null,"tracktype":null,"service":null,"access":null,"motor_vehicle":null,"foot":null,"tiger_reviewed":"no","rrgh_part":0,"rrgh_tile_part":0},"geometry":{"type":"LineString","coordinates":[[-83.525251,37.969007],[-83.525224,37.969214],[-83.52524,37.96933],[-83.525386,37.969801],[-83.525519,37.970359],[-83.525577,37.970531],[-83.525647,37.970699],[-83.525736,37.970867],[-83.525978,37.971267],[-83.526234,37.971721],[-83.526336,37.97187],[-83.526449,37.972091],[-83.526768,37.972656],[-83.526834,37.972819],[-83.52693,37.97319],[-83.526916,37.973357],[-83.526896,37.973435],[-83.526843,37.973813],[-83.526652,37.974727],[-83.52661153978158,37.974999999999994]]}},{"type":"Feature","properties":{"osm_id":16310271,"highway":"track","name":"Serene Street","alt_name":null,"official_name":null,"surface":null,"tracktype":null,"service":null,"access":null,"motor_vehicle":null,"foot":null,"tiger_reviewed":"no","rrgh_part":0,"rrgh_tile_part":0},"geometry":{"type":"LineString","coordinates":[[-83.5277901,37.9688303],[-83.527848,37.968919],[-83.527852,37.96898],[-83.5273749,37.9700074],[-83.5273145,37.9703515],[-83.5274341,37.9709055],[-83.5283173,37.9724799],[-83.5285849,37.9729914],[-83.5289702,37.9733939],[-83.5291975,37.9736673],[-83.5293229,37.9738356],[-83.5291791,37.9741388],[-83.528632695619,37.974999999999994]]}},{"type":"Feature","properties":{"osm_id":16308540,"highway":"service","name":null,"alt_name":null,"official_name":null,"surface":null,"tracktype":null,"service":null,"access":"private","motor_vehicle":null,"foot":null,"tiger_reviewed":"no","rrgh_part":0,"rrgh_tile_part":0},"geometry":{"type":"LineString","coordinates":[[-83.514507,37.926101],[-83.5147064,37.926092],[-83.5148249,37.9260651],[-83.514908,37.9260463],[-83.5151212,37.9259233],[-83.5153383,37.9257374],[-83.5155662,37.925678],[-83.5160011,37.9257215],[-83.5164095,37.9258458],[-83.5167278,37.9261506],[-83.5168658,37.9263784],[-83.5172795,37.926807]]}},{"type":"Feature","properties":{"osm_id":970339394,"highway":"service","name":null,"alt_name":null,"official_name":null,"surface":null,"tracktype":null,"service":null,"access":null,"motor_vehicle":null,"foot":null,"tiger_reviewed":null,"rrgh_part":0,"rrgh_tile_part":0},"geometry":{"type":"LineString","coordinates":[[-83.5148249,37.9260651],[-83.5148107,37.9260053],[-83.5149025,37.925943],[-83.5149944,37.9258952],[-83.5153599,37.9255373],[-83.5154904,37.9252996],[-83.5156667,37.9247214],[-83.5158615,37.9242591],[-83.5158688,37.9239853]]}},{"type":"Feature","properties":{"osm_id":16308770,"highway":"residential","name":null,"alt_name":null,"official_name":null,"surface":null,"tracktype":null,"service":null,"access":null,"motor_vehicle":null,"foot":null,"tiger_reviewed":"no","rrgh_part":0,"rrgh_tile_part":0},"geometry":{"type":"LineString","coordinates":[[-83.505,37.92723080172412],[-83.505015,37.927293],[-83.505361,37.927865],[-83.505736,37.928139],[-83.506631,37.928575],[-83.5071937,37.9289903],[-83.5076938,37.9295882],[-83.5085841,37.9303124],[-83.5085885,37.9303514],[-83.5086841,37.9311952],[-83.5098836,37.9321132],[-83.5100136,37.932087],[-83.5107146,37.9324076],[-83.5109547,37.932344],[-83.5119159,37.9318922],[-83.5124989,37.9317565],[-83.5130305,37.9318212],[-83.5135217,37.9319667],[-83.5137392,37.9320232],[-83.5139628,37.9320086],[-83.5140813,37.9319076]]}},{"type":"Feature","properties":{"osm_id":16308790,"highway":"residential","name":null,"alt_name":null,"official_name":null,"surface":null,"tracktype":null,"service":null,"access":null,"motor_vehicle":null,"foot":null,"tiger_reviewed":"no","rrgh_part":0,"rrgh_tile_part":0},"geometry":{"type":"LineString","coordinates":[[-83.5098836,37.9321132],[-83.5093579,37.9339804],[-83.5092206,37.9341175],[-83.5080222,37.934734],[-83.5073656,37.9349741],[-83.5070392,37.9350916],[-83.5053683,37.9353835],[-83.505,37.93555585803084]]}},{"type":"Feature","properties":{"osm_id":16309437,"highway":"service","name":"Buckeye Lane","alt_name":null,"official_name":null,"surface":null,"tracktype":null,"service":null,"access":"private","motor_vehicle":null,"foot":null,"tiger_reviewed":"no","rrgh_part":0,"rrgh_tile_part":0},"geometry":{"type":"LineString","coordinates":[[-83.5140592,37.9288726],[-83.5139535,37.9288706],[-83.5138061,37.928895],[-83.5136842,37.9289747],[-83.513488,37.929212],[-83.51345,37.929244],[-83.513376,37.929308],[-83.513342,37.929362],[-83.513332,37.92942],[-83.51336,37.929662],[-83.513341,37.929792],[-83.513321,37.929851],[-83.513289,37.929905],[-83.513212,37.929988],[-83.513081,37.93008],[-83.512915,37.93017],[-83.512812,37.930202],[-83.512724,37.930205],[-83.512665,37.930161],[-83.512564,37.929941],[-83.512476,37.929894],[-83.512418,37.929879]]}},{"type":"Feature","properties":{"osm_id":16308617,"highway":"track","name":null,"alt_name":null,"official_name":null,"surface":null,"tracktype":null,"service":null,"access":null,"motor_vehicle":null,"foot":null,"tiger_reviewed":"no","rrgh_part":0,"rrgh_tile_part":0},"geometry":{"type":"LineString","coordinates":[[-83.507071,37.951143],[-83.5073784,37.9512313],[-83.5076482,37.9514424],[-83.5078479,37.9518087],[-83.5081181,37.9521118],[-83.5083779,37.9527068],[-83.5086032,37.9529524],[-83.5088808,37.9531759],[-83.5090141,37.9532064],[-83.5091631,37.9533655],[-83.5092407,37.9534009],[-83.5094219,37.9534199],[-83.5094642,37.9535099],[-83.5095,37.9536199],[-83.5095808,37.9537532],[-83.5099458,37.9541608],[-83.510351,37.9548844],[-83.5108728,37.9559025],[-83.5110865,37.9565759],[-83.5111482,37.9566858],[-83.5111292,37.9576094],[-83.5106395,37.958965],[-83.5109768,37.9595784],[-83.5114111,37.9599781],[-83.5118903,37.9601444],[-83.5119948,37.9608424],[-83.5118212,37.9618234],[-83.5112456,37.9633368],[-83.5109564,37.9639954],[-83.5110137,37.9643777],[-83.5109543,37.9644701],[-83.5092009,37.9661814],[-83.5081193,37.9663523],[-83.5072996,37.9666752],[-83.5069301,37.9670243],[-83.5060701,37.9678736],[-83.506447,37.968055],[-83.506421,37.968184],[-83.506399,37.968727],[-83.506403,37.969128],[-83.506383,37.96949],[-83.50633,37.97004],[-83.506286,37.970327],[-83.506262,37.970449],[-83.506218,37.970669],[-83.506166,37.971062],[-83.506105,37.97144],[-83.506047,37.971742],[-83.506036,37.97193],[-83.505939,37.972054],[-83.505809,37.972238],[-83.505525,37.97252],[-83.505331,37.972705],[-83.505144,37.97289],[-83.505054,37.972988],[-83.505,37.97308442857145]]}},{"type":"Feature","properties":{"osm_id":16308617,"highway":"track","name":null,"alt_name":null,"official_name":null,"surface":null,"tracktype":null,"service":null,"access":null,"motor_vehicle":null,"foot":null,"tiger_reviewed":"no","rrgh_part":0,"rrgh_tile_part":1},"geometry":{"type":"LineString","coordinates":[[-83.505,37.974818226666656],[-83.505008,37.974829],[-83.50512788929889,37.974999999999994]]}},{"type":"Feature","properties":{"osm_id":16310319,"highway":"residential","name":"Brushy Fork North Road","alt_name":null,"official_name":null,"surface":null,"tracktype":null,"service":null,"access":null,"motor_vehicle":null,"foot":null,"tiger_reviewed":"no","rrgh_part":0,"rrgh_tile_part":0},"geometry":{"type":"LineString","coordinates":[[-83.517543,37.93216],[-83.517449,37.93223],[-83.517268,37.932339],[-83.517082,37.93244],[-83.516749,37.9326],[-83.516495,37.932693],[-83.515812,37.932878],[-83.515677,37.932918],[-83.515552,37.932968],[-83.515343,37.933091],[-83.515271,37.933163],[-83.515232,37.93324],[-83.515225,37.933327],[-83.515255,37.933409],[-83.515315,37.933485],[-83.515479,37.933634],[-83.515868,37.933956],[-83.515954,37.934053],[-83.516013,37.934159],[-83.516049,37.934272],[-83.516063,37.934391],[-83.515999,37.93488],[-83.516024,37.935365],[-83.516009,37.936059],[-83.516022,37.936201],[-83.516051,37.936339],[-83.516098,37.936473],[-83.516232,37.936723],[-83.516394,37.93695],[-83.51662,37.937296],[-83.516828,37.937636],[-83.516885,37.937747],[-83.516927,37.937864],[-83.516945,37.937989],[-83.516936,37.938117],[-83.516893,37.938244],[-83.516815,37.938362],[-83.516706,37.938468],[-83.516574,37.938564],[-83.516278,37.938746],[-83.515994,37.938937],[-83.5157733,37.9391156],[-83.515732,37.939149],[-83.515495,37.939395],[-83.515225,37.939804],[-83.515164,37.939951],[-83.515117,37.940107],[-83.5150287,37.9403828],[-83.514893,37.940654],[-83.51468,37.940895],[-83.514405,37.94112],[-83.514122,37.941369],[-83.51354,37.941816],[-83.513421,37.941936],[-83.513325,37.942067],[-83.513012,37.942645],[-83.512923,37.942781],[-83.512824,37.942901],[-83.512713,37.943013],[-83.51215,37.94344],[-83.511997,37.943534],[-83.511835,37.943615],[-83.511658,37.943678],[-83.511466,37.94372],[-83.511265,37.943745],[-83.510844,37.943775],[-83.510252,37.943791],[-83.510097,37.943812],[-83.509585,37.944008],[-83.509438,37.94408],[-83.509371,37.944124],[-83.509257,37.944222],[-83.509093,37.944385],[-83.509061,37.944456],[-83.509051,37.944796],[-83.509086,37.94507],[-83.509072,37.945204],[-83.509044,37.945274],[-83.508999,37.945341],[-83.508935,37.945404],[-83.508791,37.945506],[-83.508625,37.945603],[-83.508557,37.94563],[-83.508515,37.945635],[-83.508431,37.945617],[-83.508312,37.945556],[-83.507915,37.945279],[-83.507792,37.945213],[-83.507691,37.945185],[-83.507604,37.94518],[-83.507454,37.945188],[-83.507197,37.945249],[-83.507043,37.945259],[-83.506807,37.945247],[-83.506575,37.945251],[-83.506171,37.945222],[-83.505812,37.945128],[-83.505566,37.945034],[-83.505406,37.94495],[-83.505021,37.944817],[-83.505,37.944809549090905]]}},{"type":"Feature","properties":{"osm_id":16310319,"highway":"residential","name":"Brushy Fork North Road","alt_name":null,"official_name":null,"surface":null,"tracktype":null,"service":null,"access":null,"motor_vehicle":null,"foot":null,"tiger_reviewed":"no","rrgh_part":0,"rrgh_tile_part":1},"geometry":{"type":"LineString","coordinates":[[-83.505,37.94753563560603],[-83.5050094,37.9475685],[-83.5050327,37.9476433],[-83.5051458,37.9478232],[-83.5056026,37.9481004],[-83.5056067,37.948154],[-83.5056545,37.9484117],[-83.5056884,37.9488605],[-83.5056781,37.9493121],[-83.505275,37.9495987],[-83.5052718,37.9498491],[-83.505297,37.950337],[-83.50543,37.950723],[-83.505871,37.950935],[-83.506376,37.951083],[-83.507071,37.951143]]}},{"type":"Feature","properties":{"osm_id":970196187,"highway":"service","name":null,"alt_name":null,"official_name":null,"surface":null,"tracktype":null,"service":null,"access":null,"motor_vehicle":null,"foot":null,"tiger_reviewed":null,"rrgh_part":0,"rrgh_tile_part":0},"geometry":{"type":"LineString","coordinates":[[-83.512418,37.929879],[-83.5119419,37.9298922],[-83.5114101,37.9300093],[-83.5107712,37.9302889],[-83.5103631,37.9302922],[-83.5101158,37.9303279],[-83.5099962,37.930406],[-83.5094109,37.9304385],[-83.5088379,37.930393],[-83.5085885,37.9303514]]}},{"type":"Feature","properties":{"osm_id":16308772,"highway":"residential","name":null,"alt_name":null,"official_name":null,"surface":null,"tracktype":null,"service":null,"access":null,"motor_vehicle":null,"foot":null,"tiger_reviewed":"no","rrgh_part":0,"rrgh_tile_part":0},"geometry":{"type":"LineString","coordinates":[[-83.505613,37.922904],[-83.505225,37.92302],[-83.505,37.92312511928429]]}},{"type":"Feature","properties":{"osm_id":970339398,"highway":"service","name":null,"alt_name":null,"official_name":null,"surface":null,"tracktype":null,"service":null,"access":null,"motor_vehicle":null,"foot":null,"tiger_reviewed":null,"rrgh_part":0,"rrgh_tile_part":0},"geometry":{"type":"LineString","coordinates":[[-83.5157733,37.9391156],[-83.5157093,37.9390758],[-83.515569,37.9391142],[-83.5152742,37.939195],[-83.5150154,37.9392293],[-83.5145482,37.9392546],[-83.5141887,37.9392655],[-83.5139116,37.9392474],[-83.5137742,37.9391679],[-83.5137352,37.9390885],[-83.5137535,37.938962],[-83.5137352,37.9385918],[-83.5136803,37.9383407],[-83.5135932,37.9381005],[-83.5134192,37.9377916],[-83.5133596,37.9376471],[-83.5133871,37.937593],[-83.513552,37.9375225],[-83.5138108,37.937425]]}},{"type":"Feature","properties":{"osm_id":970339400,"highway":"service","name":null,"alt_name":null,"official_name":null,"surface":null,"tracktype":null,"service":null,"access":null,"motor_vehicle":null,"foot":null,"tiger_reviewed":null,"rrgh_part":0,"rrgh_tile_part":0},"geometry":{"type":"LineString","coordinates":[[-83.515117,37.940107],[-83.5150779,37.9401048],[-83.5149827,37.9402386],[-83.5149304,37.9404225],[-83.5148114,37.9406426],[-83.5146338,37.940804],[-83.5145355,37.9408953],[-83.514407,37.9410054],[-83.5143642,37.9410817],[-83.514405,37.94112]]}},{"type":"Feature","properties":{"osm_id":970339399,"highway":"service","name":null,"alt_name":null,"official_name":null,"surface":null,"tracktype":null,"service":null,"access":null,"motor_vehicle":null,"foot":null,"tiger_reviewed":null,"rrgh_part":0,"rrgh_tile_part":0},"geometry":{"type":"LineString","coordinates":[[-83.515569,37.9391142],[-83.5155795,37.939153],[-83.5153398,37.9394036],[-83.5151906,37.939504],[-83.5148551,37.9396455],[-83.5145689,37.9397038],[-83.5142211,37.939733],[-83.5137378,37.939679],[-83.5133777,37.9396498],[-83.5131271,37.9396703],[-83.5128655,37.9397686],[-83.5126752,37.9397729],[-83.5124027,37.93972],[-83.5122357,37.9396239]]}},{"type":"Feature","properties":{"osm_id":16309847,"highway":"track","name":"Forest Service Road","alt_name":null,"official_name":null,"surface":null,"tracktype":null,"service":null,"access":null,"motor_vehicle":null,"foot":null,"tiger_reviewed":"no","rrgh_part":0,"rrgh_tile_part":0},"geometry":{"type":"LineString","coordinates":[[-83.505,37.96699981917211],[-83.505148,37.967103],[-83.505343,37.967275],[-83.505465,37.967428]]}},{"type":"Feature","properties":{"osm_id":16309047,"highway":"track","name":null,"alt_name":null,"official_name":null,"surface":null,"tracktype":null,"service":null,"access":null,"motor_vehicle":null,"foot":null,"tiger_reviewed":"no","rrgh_part":0,"rrgh_tile_part":0},"geometry":{"type":"LineString","coordinates":[[-83.5060701,37.9678736],[-83.5056754,37.9676789],[-83.505465,37.967428]]}}],"rrgh_tile":{"id":"r7c5","bounds":[37.9,-83.59,37.974999999999994,-83.505]}}
