{"type":"FeatureCollection","features":[{"type":"Feature","properties":{"osm_id":16308912,"highway":"service","name":null,"alt_name":null,"official_name":null,"surface":null,"tracktype":null,"service":null,"access":"private","motor_vehicle":null,"foot":null,"tiger_reviewed":"no","rrgh_part":0,"rrgh_tile_part":0},"geometry":{"type":"LineString","coordinates":[[-83.502046,37.906034],[-83.502791,37.906052],[-83.502905,37.906087]]}},{"type":"Feature","properties":{"osm_id":16309434,"highway":"residential","name":"Lakestone Road","alt_name":null,"official_name":null,"surface":null,"tracktype":null,"service":null,"access":null,"motor_vehicle":null,"foot":null,"tiger_reviewed":"no","rrgh_part":0,"rrgh_tile_part":0},"geometry":{"type":"LineString","coordinates":[[-83.502184,37.904387],[-83.502235,37.904233],[-83.502271,37.904076],[-83.502323,37.904013],[-83.502439,37.903951],[-83.502456,37.903942],[-83.502914,37.903733],[-83.503046,37.903711],[-83.503263,37.903716],[-83.503401,37.903731],[-83.50368,37.903782],[-83.503904,37.903834],[-83.504056,37.903869],[-83.504476,37.904033]]}},{"type":"Feature","properties":{"osm_id":970196189,"highway":"service","name":null,"alt_name":null,"official_name":null,"surface":null,"tracktype":null,"service":null,"access":null,"motor_vehicle":null,"foot":null,"tiger_reviewed":null,"rrgh_part":0,"rrgh_tile_part":0},"geometry":{"type":"LineString","coordinates":[[-83.503514,37.915897],[-83.5035987,37.9159365],[-83.5036947,37.9159524],[-83.5043641,37.9159652],[-83.5045311,37.9159973],[-83.5048408,37.9162469],[-83.505,37.91634091107561]]}},{"type":"Feature","properties":{"osm_id":16308818,"highway":"service","name":null,"alt_name":null,"official_name":null,"surface":null,"tracktype":null,"service":null,"access":"private","motor_vehicle":null,"foot":null,"tiger_reviewed":"no","rrgh_part":0,"rrgh_tile_part":0},"geometry":{"type":"LineString","coordinates":[[-83.4875691,37.9044287],[-83.4874242,37.9043441],[-83.4874886,37.903997],[-83.4874081,37.90387],[-83.4872311,37.9038489],[-83.4867912,37.9040478],[-83.4865498,37.9043949],[-83.4862977,37.90456],[-83.4860027,37.9049113],[-83.4857505,37.905089],[-83.4854126,37.905216],[-83.4851819,37.9052414],[-83.4849781,37.9051652],[-83.484624,37.9049705],[-83.4845435,37.9048097],[-83.4843236,37.9045642],[-83.4840608,37.904234],[-83.483932,37.9040817],[-83.4836584,37.9039208],[-83.4833902,37.903942],[-83.4831917,37.904124],[-83.4829342,37.9044753],[-83.4826928,37.9047674]]}},{"type":"Feature","properties":{"osm_id":929772774,"highway":"service","name":null,"alt_name":null,"official_name":null,"surface":"asphalt","tracktype":null,"service":null,"access":null,"motor_vehicle":null,"foot":null,"tiger_reviewed":null,"rrgh_part":0,"rrgh_tile_part":0},"geometry":{"type":"LineString","coordinates":[[-83.48742,37.905751],[-83.4872608,37.9058638],[-83.4871698,37.9059965],[-83.4871746,37.9060862],[-83.4872584,37.9061828],[-83.4874108,37.9062383],[-83.48782,37.9062763],[-83.4882118,37.9063265],[-83.4884407,37.9063709],[-83.4886586,37.9063838],[-83.4891325,37.9063596],[-83.4894453,37.9063385],[-83.4895208,37.9063537]]}},{"type":"Feature","properties":{"osm_id":313560039,"highway":"service","name":null,"alt_name":null,"official_name":null,"surface":null,"tracktype":null,"service":null,"access":null,"motor_vehicle":null,"foot":null,"tiger_reviewed":null,"rrgh_part":0,"rrgh_tile_part":0},"geometry":{"type":"LineString","coordinates":[[-83.4777029,37.9022646],[-83.4778692,37.9022223],[-83.4781213,37.9021927],[-83.4782501,37.9021207],[-83.4782716,37.9019768],[-83.4782018,37.9018117],[-83.4779014,37.9014816],[-83.4775956,37.9012868],[-83.4772255,37.9011514],[-83.47685,37.9011133],[-83.4763404,37.901126],[-83.4761258,37.9011345],[-83.4760255,37.9010521]]}},{"type":"Feature","properties":{"osm_id":1080274228,"highway":"unclassified","name":"Cherokee Loop","alt_name":null,"official_name":null,"surface":null,"tracktype":null,"service":null,"access":null,"motor_vehicle":null,"foot":null,"tiger_reviewed":null,"rrgh_part":0,"rrgh_tile_part":0},"geometry":{"type":"LineString","coordinates":[[-83.4680251,37.9026699],[-83.4679694,37.9031614],[-83.4678756,37.9033551],[-83.4677079,37.9035117],[-83.4673244,37.9036926],[-83.4663427,37.904118],[-83.4650579,37.9046154],[-83.4643418,37.9048376],[-83.4637496,37.9049606],[-83.463167,37.9050334],[-83.4625299,37.9050609],[-83.461909,37.9050386],[-83.4611593,37.9049233],[-83.4606282,37.9048027],[-83.4599362,37.9045984],[-83.4597203,37.9045154],[-83.4595292,37.9044096],[-83.4593321,37.9042191],[-83.4591798,37.9039149],[-83.4591691,37.9037508],[-83.4591879,37.9036059],[-83.4593743,37.9031561],[-83.4598142,37.9022768],[-83.4600207,37.9016016],[-83.4601387,37.9010916],[-83.4604853,37.9005494],[-83.4606963,37.9002593],[-83.4607524916146,37.9]]}},{"type":"Feature","properties":{"osm_id":16308867,"highway":"residential","name":null,"alt_name":null,"official_name":null,"surface":null,"tracktype":null,"service":null,"access":null,"motor_vehicle":null,"foot":null,"tiger_reviewed":"no","rrgh_part":0,"rrgh_tile_part":0},"geometry":{"type":"LineString","coordinates":[[-83.489365,37.9196],[-83.489565,37.91906],[-83.489563,37.91837],[-83.489707,37.917859],[-83.489934,37.917449],[-83.49015,37.917039],[-83.49056,37.916671],[-83.490616,37.916346],[-83.490698,37.915849],[-83.491008,37.914865]]}},{"type":"Feature","properties":{"osm_id":16310598,"highway":"residential","name":"Lyons Cemetery Road","alt_name":null,"official_name":null,"surface":null,"tracktype":null,"service":null,"access":null,"motor_vehicle":null,"foot":null,"tiger_reviewed":"no","rrgh_part":0,"rrgh_tile_part":0},"geometry":{"type":"LineString","coordinates":[[-83.489365,37.9196],[-83.489606,37.919968],[-83.489716,37.920097],[-83.490011,37.920498],[-83.490373,37.921122],[-83.490635,37.921519],[-83.490714,37.921655],[-83.491177,37.922078],[-83.491263,37.922142],[-83.491746,37.922446],[-83.491995,37.92259],[-83.49223,37.922781],[-83.492384,37.922936],[-83.492421,37.922992],[-83.492445,37.923054],[-83.492463,37.923231],[-83.49243,37.923513],[-83.492349,37.923933],[-83.492357,37.923986],[-83.492425,37.924089],[-83.492554,37.924193]]}},{"type":"Feature","properties":{"osm_id":16310554,"highway":"residential","name":"Double D Farm Road","alt_name":null,"official_name":null,"surface":null,"tracktype":null,"service":null,"access":null,"motor_vehicle":null,"foot":null,"tiger_reviewed":"no","rrgh_part":0,"rrgh_tile_part":0},"geometry":{"type":"LineString","coordinates":[[-83.487701,37.918228],[-83.487848,37.918339],[-83.488038,37.918549],[-83.488359,37.918798],[-83.488641,37.918929],[-83.488843,37.919042],[-83.488944,37.919113],[-83.489124,37.919276],[-83.48927,37.919454],[-83.489365,37.9196]]}},{"type":"Feature","properties":{"osm_id":16310541,"highway":"residential","name":"Charles Trusty Road","alt_name":null,"official_name":null,"surface":null,"tracktype":null,"service":null,"access":null,"motor_vehicle":null,"foot":null,"tiger_reviewed":"no","rrgh_part":0,"rrgh_tile_part":0},"geometry":{"type":"LineString","coordinates":[[-83.476573,37.917166],[-83.476484,37.917082],[-83.476425,37.917042],[-83.476078,37.916877],[-83.476022,37.916842],[-83.47597,37.916833],[-83.475923,37.916842],[-83.475886,37.916869],[-83.475863,37.916905],[-83.475856,37.916969],[-83.475866,37.917111],[-83.475824,37.917507],[-83.475842,37.917765],[-83.475725,37.918413],[-83.475682,37.918517],[-83.475594,37.918731],[-83.475526,37.918833],[-83.47524,37.919393]]}},{"type":"Feature","properties":{"osm_id":16308770,"highway":"residential","name":null,"alt_name":null,"official_name":null,"surface":null,"tracktype":null,"service":null,"access":null,"motor_vehicle":null,"foot":null,"tiger_reviewed":"no","rrgh_part":0,"rrgh_tile_part":0},"geometry":{"type":"LineString","coordinates":[[-83.503053,37.924477],[-83.5033756,37.9249241],[-83.5037913,37.9253607],[-83.5040139,37.9257158],[-83.5045002,37.9261404],[-83.5047186,37.9265103],[-83.504899,37.926812],[-83.505,37.92723080172412]]}},{"type":"Feature","properties":{"osm_id":16308790,"highway":"residential","name":null,"alt_name":null,"official_name":null,"surface":null,"tracktype":null,"service":null,"access":null,"motor_vehicle":null,"foot":null,"tiger_reviewed":"no","rrgh_part":0,"rrgh_tile_part":0},"geometry":{"type":"LineString","coordinates":[[-83.505,37.93555585803084],[-83.5041424,37.9359572],[-83.5036987,37.9362663]]}},{"type":"Feature","properties":{"osm_id":16308617,"highway":"track","name":null,"alt_name":null,"official_name":null,"surface":null,"tracktype":null,"service":null,"access":null,"motor_vehicle":null,"foot":null,"tiger_reviewed":"no","rrgh_part":0,"rrgh_tile_part":0},"geometry":{"type":"LineString","coordinates":[[-83.505,37.97308442857145],[-83.504956,37.973163],[-83.504913,37.973364],[-83.504928,37.973631],[-83.50491,37.973826],[-83.5049,37.973934],[-83.504831,37.974259],[-83.504812,37.974438],[-83.504858,37.974627],[-83.505,37.974818226666656]]}},{"type":"Feature","properties":{"osm_id":16310319,"highway":"residential","name":"Brushy Fork North Road","alt_name":null,"official_name":null,"surface":null,"tracktype":null,"service":null,"access":null,"motor_vehicle":null,"foot":null,"tiger_reviewed":"no","rrgh_part":0,"rrgh_tile_part":0},"geometry":{"type":"LineString","coordinates":[[-83.505,37.944809549090905],[-83.5048285,37.9447487],[-83.5045199,37.9446513],[-83.5042807,37.9447066],[-83.5040702,37.9448714],[-83.5039,37.9451592],[-83.503864,37.9453728],[-83.5039789,37.9455564],[-83.5041732,37.9457833],[-83.5042372,37.9459344],[-83.5042606,37.9463184],[-83.5044724,37.9468201],[-83.5049038,37.9471993],[-83.505,37.94753563560603]]}},{"type":"Feature","properties":{"osm_id":16310465,"highway":"residential","name":"Igo Ridge Road","alt_name":null,"official_name":null,"surface":null,"tracktype":null,"service":null,"access":null,"motor_vehicle":null,"foot":null,"tiger_reviewed":"no","rrgh_part":0,"rrgh_tile_part":0},"geometry":{"type":"LineString","coordinates":[[-83.478832,37.942135],[-83.479148,37.942235],[-83.479708,37.942388],[-83.480342,37.942541],[-83.480438,37.942575],[-83.48062,37.942671],[-83.480924,37.942874],[-83.481212,37.943099],[-83.481266,37.943186],[-83.481287,37.943283],[-83.481279,37.943379],[-83.481192,37.94368],[-83.481169,37.943784],[-83.481163,37.943889],[-83.481179,37.943991],[-83.481221,37.944089],[-83.481287,37.944178],[-83.481377,37.94425],[-83.481603,37.944351],[-83.482515,37.944654],[-83.482772,37.944756],[-83.482893,37.944819],[-83.483104,37.944965],[-83.483188,37.945046],[-83.483253,37.945133],[-83.4833,37.945229],[-83.483322,37.94532],[-83.483321,37.945514],[-83.483305,37.945931],[-83.483294,37.946034],[-83.483271,37.946106],[-83.483209,37.946234],[-83.48313,37.946331],[-83.482916,37.946514],[-83.482675,37.946699],[-83.482418,37.946871],[-83.482148,37.947026],[-83.481755,37.947216],[-83.48166,37.947271],[-83.481596,37.947328],[-83.48157,37.947393],[-83.48158,37.947459],[-83.481627,37.947524],[-83.481942,37.947839],[-83.4820625,37.9479739],[-83.482109,37.948026],[-83.482178,37.948129],[-83.482458,37.948651],[-83.482531,37.94874],[-83.482619,37.948816],[-83.482724,37.948878],[-83.482845,37.948927],[-83.482975,37.948967],[-83.484278,37.949307],[-83.484399,37.949353],[-83.484642,37.949478],[-83.4855,37.949981],[-83.485948,37.950218],[-83.486041,37.950283],[-83.486217,37.950464],[-83.48635,37.950666],[-83.486443,37.950892],[-83.48647,37.951013],[-83.486481,37.95113],[-83.486471,37.951245],[-83.486439,37.951355],[-83.48631,37.951657],[-83.486289,37.951751],[-83.486293,37.951838],[-83.486308,37.951869],[-83.486331,37.951915],[-83.4864,37.951978],[-83.486493,37.952023],[-83.486601,37.952047],[-83.486851,37.952076],[-83.486982,37.9521],[-83.487105,37.952145],[-83.48721,37.952213],[-83.487286,37.9523],[-83.487335,37.952399],[-83.487458,37.952724],[-83.487568,37.952941],[-83.48765,37.953036],[-83.487757,37.953117],[-83.487882,37.953174],[-83.488016,37.953208],[-83.488285,37.953251],[-83.488572,37.953281],[-83.488719,37.953277],[-83.488862,37.953256],[-83.489132,37.953172],[-83.489257,37.953111],[-83.489711,37.952803],[-83.489833,37.952745],[-83.489962,37.952712],[-83.490098,37.952706],[-83.490239,37.952725],[-83.490374,37.952766],[-83.490517,37.952847],[-83.490744,37.953003],[-83.491094,37.953291],[-83.491298,37.953487],[-83.491372,37.953588],[-83.491427,37.953692],[-83.491676,37.954344],[-83.491726,37.954425],[-83.491792,37.95449],[-83.491829,37.954514],[-83.49198,37.954591],[-83.492348,37.954709],[-83.492738,37.954817],[-83.492985,37.954906],[-83.493107,37.954936],[-83.493398,37.954975],[-83.493564,37.954986],[-83.493906,37.954983],[-83.494288,37.954927],[-83.494748,37.954812],[-83.495009,37.954723],[-83.495148,37.954652],[-83.495246,37.954625],[-83.49545,37.954617],[-83.495934,37.954621],[-83.496516,37.954602],[-83.496841,37.954568],[-83.497348,37.954478],[-83.497479,37.954474],[-83.497541,37.954484],[-83.497653,37.954536],[-83.497869,37.954696],[-83.498,37.95484],[-83.498067,37.954958],[-83.498122,37.955084],[-83.498235,37.955497],[-83.498219,37.955591],[-83.498137,37.955763],[-83.497798,37.956642],[-83.4977809,37.9567186],[-83.497775,37.956745],[-83.497779,37.95684],[-83.497799,37.95689],[-83.497874,37.957],[-83.498017,37.957151],[-83.498132,37.957227],[-83.498265,37.957258]]}},{"type":"Feature","properties":{"osm_id":16308772,"highway":"residential","name":null,"alt_name":null,"official_name":null,"surface":null,"tracktype":null,"service":null,"access":null,"motor_vehicle":null,"foot":null,"tiger_reviewed":"no","rrgh_part":0,"rrgh_tile_part":0},"geometry":{"type":"LineString","coordinates":[[-83.505,37.92312511928429],[-83.504722,37.923255],[-83.504243,37.923369],[-83.503771,37.923589],[-83.503459,37.923947],[-83.503053,37.924477]]}},{"type":"Feature","properties":{"osm_id":16309408,"highway":"residential","name":"Black Fork Spur Road","alt_name":null,"official_name":null,"surface":null,"tracktype":null,"service":null,"access":null,"motor_vehicle":null,"foot":null,"tiger_reviewed":"no","rrgh_part":0,"rrgh_tile_part":0},"geometry":{"type":"LineString","coordinates":[[-83.49497,37.922736],[-83.495043,37.922864],[-83.495174,37.92295],[-83.4963259,37.9235437],[-83.4965726,37.9236132],[-83.4969712,37.9236121],[-83.4979919,37.9238776],[-83.4990516,37.9239214],[-83.499446,37.9238646],[-83.5009723,37.9240575],[-83.5017013,37.9241603],[-83.5024798,37.9242024],[-83.503053,37.924477]]}},{"type":"Feature","properties":{"osm_id":16309590,"highway":"service","name":"Patriot Lane","alt_name":null,"official_name":null,"surface":null,"tracktype":null,"service":null,"access":"private","motor_vehicle":null,"foot":null,"tiger_reviewed":"no","rrgh_part":0,"rrgh_tile_part":0},"geometry":{"type":"LineString","coordinates":[[-83.488839,37.932747],[-83.48899,37.932966],[-83.489037,37.933034],[-83.489356,37.933434],[-83.4893828,37.9334831],[-83.48952,37.933735],[-83.489599,37.933842],[-83.489737,37.933983],[-83.489788,37.93402],[-83.489938,37.934108],[-83.490163,37.934211],[-83.490255,37.934284],[-83.490356,37.934389],[-83.490958,37.935091],[-83.491529,37.935852],[-83.49187,37.936286],[-83.49225,37.936693],[-83.492404,37.936818],[-83.492572,37.936921],[-83.492702,37.93698],[-83.492935,37.937071],[-83.492991,37.937084],[-83.493051,37.937088],[-83.493112,37.93708],[-83.49323,37.937046],[-83.493423,37.93694]]}},{"type":"Feature","properties":{"osm_id":16310089,"highway":"residential","name":"Cub Run Road","alt_name":null,"official_name":null,"surface":null,"tracktype":null,"service":null,"access":null,"motor_vehicle":null,"foot":null,"tiger_reviewed":"no","rrgh_part":0,"rrgh_tile_part":0},"geometry":{"type":"LineString","coordinates":[[-83.498105,37.93416],[-83.497883,37.934167],[-83.497363,37.934252],[-83.497073,37.934271],[-83.496985,37.934261],[-83.496907,37.934237],[-83.496767,37.934158],[-83.496568,37.933996],[-83.496309,37.93375],[-83.496198,37.933624],[-83.496109,37.933484],[-83.496056,37.933334],[-83.496052,37.93326],[-83.496066,37.933191],[-83.496112,37.933071],[-83.496132,37.932956],[-83.496112,37.932898],[-83.496082,37.932852],[-83.495988,37.93276],[-83.495757,37.932565],[-83.49551,37.932371],[-83.494835,37.931866],[-83.494415,37.931567],[-83.494201,37.931426],[-83.493768,37.931178],[-83.493608,37.931074],[-83.4935,37.93099],[-83.493228,37.930722],[-83.493092,37.930605],[-83.492787,37.930369],[-83.491985,37.929793],[-83.491865,37.929724],[-83.491794,37.929695],[-83.491703,37.929673],[-83.4916,37.929666],[-83.491551,37.92967],[-83.491488,37.929675],[-83.49137,37.929697],[-83.491258,37.929736],[-83.490726,37.929955],[-83.489871,37.930267],[-83.489396,37.930456],[-83.489199,37.930555],[-83.489001,37.930685],[-83.488311,37.931195],[-83.48825,37.931227],[-83.488201,37.93124],[-83.488111,37.931231]]}},{"type":"Feature","properties":{"osm_id":16310091,"highway":"residential","name":"Cub Run Road","alt_name":null,"official_name":null,"surface":null,"tracktype":null,"service":null,"access":null,"motor_vehicle":null,"foot":null,"tiger_reviewed":"no","rrgh_part":0,"rrgh_tile_part":0},"geometry":{"type":"LineString","coordinates":[[-83.494924,37.937749],[-83.495245,37.937683],[-83.49542,37.937606],[-83.495527,37.937532],[-83.495567,37.937488],[-83.495622,37.937394],[-83.495637,37.937348],[-83.495689,37.937077],[-83.4957,37.936874],[-83.495645,37.936347],[-83.495619,37.935875],[-83.495585,37.935562],[-83.495603,37.93542],[-83.495626,37.935355],[-83.495701,37.93525],[-83.495749,37.935206],[-83.495846,37.935147],[-83.496112,37.935037],[-83.496133,37.93503],[-83.496309,37.934991],[-83.496591,37.934944],[-83.49746,37.934751],[-83.49762,37.934693],[-83.497686,37.93465],[-83.497883,37.93447],[-83.498001,37.9343],[-83.498046,37.934189],[-83.498105,37.93416]]}},{"type":"Feature","properties":{"osm_id":16310096,"highway":"residential","name":"Cub Run Road","alt_name":null,"official_name":null,"surface":null,"tracktype":null,"service":null,"access":null,"motor_vehicle":null,"foot":null,"tiger_reviewed":"no","rrgh_part":0,"rrgh_tile_part":0},"geometry":{"type":"LineString","coordinates":[[-83.497369,37.939061],[-83.497323,37.939088],[-83.49729,37.939092],[-83.49709,37.938986],[-83.497043,37.93895],[-83.496972,37.938867],[-83.496842,37.938646],[-83.49674,37.938542],[-83.496671,37.938481],[-83.496433,37.938377],[-83.496263,37.938316],[-83.496198,37.938306],[-83.495486,37.938252],[-83.495407,37.938235],[-83.495336,37.938206],[-83.495208,37.938115],[-83.495096,37.937999],[-83.494993,37.937875],[-83.494924,37.937749],[-83.494866,37.937643],[-83.494818,37.937577],[-83.494741,37.937472],[-83.494675,37.937408],[-83.494594,37.937349],[-83.494403,37.937261],[-83.493423,37.93694],[-83.493263,37.936888],[-83.493065,37.9368],[-83.492892,37.936674],[-83.492745,37.936527],[-83.492482,37.93621],[-83.492191,37.935888],[-83.491919,37.935513],[-83.491663,37.935135],[-83.491531,37.93497],[-83.491462,37.934894],[-83.4912263,37.9346701],[-83.491065,37.934517],[-83.490801,37.934291],[-83.49073,37.934203],[-83.490456,37.933783],[-83.49033,37.933649],[-83.490173,37.933534],[-83.490004,37.933428],[-83.489062,37.932886],[-83.488839,37.932747],[-83.488524,37.932539],[-83.488369,37.932421],[-83.488251,37.932303],[-83.488212,37.932245],[-83.488139,37.932042],[-83.488125,37.931931],[-83.48813,37.93175],[-83.488111,37.931231],[-83.488109,37.930695],[-83.488084,37.930557],[-83.4880772,37.9305444],[-83.488011,37.930422],[-83.487918,37.930292],[-83.487836,37.930153],[-83.48777,37.930013],[-83.487703,37.929832],[-83.487612,37.92967]]}},{"type":"Feature","properties":{"osm_id":16310608,"highway":"residential","name":"Lookout Heights Road","alt_name":null,"official_name":null,"surface":null,"tracktype":null,"service":null,"access":null,"motor_vehicle":null,"foot":null,"tiger_reviewed":"no","rrgh_part":0,"rrgh_tile_part":0},"geometry":{"type":"LineString","coordinates":[[-83.498105,37.93416],[-83.498197,37.934161],[-83.498828,37.934249],[-83.498874,37.934266],[-83.498911,37.934293],[-83.498937,37.934328],[-83.498952,37.934374],[-83.498946,37.934424],[-83.498799,37.934629],[-83.498736,37.934754],[-83.49873,37.93482],[-83.498765,37.935002],[-83.498756,37.935063],[-83.49865,37.935368],[-83.49862,37.935666],[-83.49861,37.935698],[-83.498576,37.935732]]}},{"type":"Feature","properties":{"osm_id":970196180,"highway":"service","name":null,"alt_name":null,"official_name":null,"surface":null,"tracktype":null,"service":null,"access":null,"motor_vehicle":null,"foot":null,"tiger_reviewed":null,"rrgh_part":0,"rrgh_tile_part":0},"geometry":{"type":"LineString","coordinates":[[-83.4990746,37.9338215],[-83.4994804,37.93351],[-83.4995346,37.9334109],[-83.4995445,37.9332612],[-83.4994434,37.9331543],[-83.4992684,37.9331095],[-83.4991255,37.9330979],[-83.4990244,37.9330065],[-83.4990023,37.9328802],[-83.4990515,37.9327888],[-83.4992635,37.932641],[-83.4993902,37.9325223],[-83.4994953,37.9322797],[-83.4995975,37.9321981],[-83.4997009,37.9321118],[-83.4997712,37.9319606],[-83.4998033,37.9317487],[-83.499717,37.9313755]]}},{"type":"Feature","properties":{"osm_id":970196182,"highway":"service","name":null,"alt_name":null,"official_name":null,"surface":null,"tracktype":null,"service":null,"access":null,"motor_vehicle":null,"foot":null,"tiger_reviewed":null,"rrgh_part":0,"rrgh_tile_part":0},"geometry":{"type":"LineString","coordinates":[[-83.4912263,37.9346701],[-83.4918342,37.9343849],[-83.4922509,37.9341554],[-83.492532,37.9339259],[-83.4931503,37.9336077],[-83.4930214,37.9334303]]}},{"type":"Feature","properties":{"osm_id":16308708,"highway":"service","name":null,"alt_name":null,"official_name":null,"surface":null,"tracktype":null,"service":null,"access":null,"motor_vehicle":null,"foot":null,"tiger_reviewed":"no","rrgh_part":0,"rrgh_tile_part":0},"geometry":{"type":"LineString","coordinates":[[-83.498828,37.934249],[-83.4988932,37.9341373],[-83.4989396,37.9339483],[-83.4990746,37.9338215]]}},{"type":"Feature","properties":{"osm_id":16309779,"highway":"residential","name":"Morgan Way","alt_name":null,"official_name":null,"surface":null,"tracktype":null,"service":null,"access":null,"motor_vehicle":null,"foot":null,"tiger_reviewed":"no","rrgh_part":0,"rrgh_tile_part":0},"geometry":{"type":"LineString","coordinates":[[-83.493608,37.931074],[-83.493735,37.931065],[-83.493969,37.931031],[-83.494243,37.931019],[-83.494409,37.930994],[-83.49476,37.930892],[-83.494876,37.930839],[-83.494993,37.930762]]}},{"type":"Feature","properties":{"osm_id":16309781,"highway":"residential","name":"Morgan Way","alt_name":null,"official_name":null,"surface":null,"tracktype":null,"service":null,"access":null,"motor_vehicle":null,"foot":null,"tiger_reviewed":"no","rrgh_part":0,"rrgh_tile_part":0},"geometry":{"type":"LineString","coordinates":[[-83.495165,37.930431],[-83.494993,37.930762],[-83.495339,37.930731],[-83.495444,37.930558],[-83.495366,37.930352],[-83.495214,37.930279],[-83.495165,37.930431]]}},{"type":"Feature","properties":{"osm_id":16309852,"highway":"residential","name":"Bobbie Jean Drive","alt_name":null,"official_name":null,"surface":null,"tracktype":null,"service":null,"access":null,"motor_vehicle":null,"foot":null,"tiger_reviewed":"no","rrgh_part":0,"rrgh_tile_part":0},"geometry":{"type":"LineString","coordinates":[[-83.49706,37.931372],[-83.496835,37.931397],[-83.496835,37.931168],[-83.496932,37.930991],[-83.497125,37.93094],[-83.497253,37.931092],[-83.497189,37.931372],[-83.49706,37.931372]]}},{"type":"Feature","properties":{"osm_id":16309853,"highway":"residential","name":"Bobbie Jean Drive","alt_name":null,"official_name":null,"surface":null,"tracktype":null,"service":null,"access":null,"motor_vehicle":null,"foot":null,"tiger_reviewed":"no","rrgh_part":0,"rrgh_tile_part":0},"geometry":{"type":"LineString","coordinates":[[-83.49551,37.932371],[-83.495574,37.932332],[-83.495695,37.932231],[-83.49603,37.931983],[-83.496564,37.931615],[-83.496835,37.931397]]}},{"type":"Feature","properties":{"osm_id":16309017,"highway":"residential","name":null,"alt_name":null,"official_name":null,"surface":null,"tracktype":null,"service":null,"access":null,"motor_vehicle":null,"foot":null,"tiger_reviewed":"no","rrgh_part":0,"rrgh_tile_part":0},"geometry":{"type":"LineString","coordinates":[[-83.497369,37.939061],[-83.49775,37.938689]]}},{"type":"Feature","properties":{"osm_id":16310227,"highway":"residential","name":"Adams Cow Point Road","alt_name":null,"official_name":null,"surface":null,"tracktype":null,"service":null,"access":null,"motor_vehicle":null,"foot":null,"tiger_reviewed":"no","rrgh_part":0,"rrgh_tile_part":0},"geometry":{"type":"LineString","coordinates":[[-83.497369,37.939061],[-83.497794,37.939346]]}},{"type":"Feature","properties":{"osm_id":16308690,"highway":"track","name":null,"alt_name":null,"official_name":null,"surface":null,"tracktype":null,"service":null,"access":null,"motor_vehicle":null,"foot":null,"tiger_reviewed":"no","rrgh_part":0,"rrgh_tile_part":0},"geometry":{"type":"LineString","coordinates":[[-83.5042606,37.9463184],[-83.5041527,37.9463157],[-83.5037901,37.9460958],[-83.503415,37.9458683],[-83.5030963,37.9457523],[-83.5029147,37.945523],[-83.5028608,37.9447703],[-83.502377,37.9436417],[-83.5021711,37.9434331],[-83.5013232,37.9429392],[-83.5010698,37.9424872],[-83.5008736,37.9422551],[-83.5004763,37.9420901],[-83.4996442,37.9412533],[-83.4993552,37.9411262],[-83.4988306,37.9411031],[-83.4985387,37.940981]]}},{"type":"Feature","properties":{"osm_id":16310419,"highway":"residential","name":"R Jackson Road","alt_name":null,"official_name":null,"surface":null,"tracktype":null,"service":null,"access":null,"motor_vehicle":null,"foot":null,"tiger_reviewed":"no","rrgh_part":0,"rrgh_tile_part":0},"geometry":{"type":"LineString","coordinates":[[-83.497142,37.945706],[-83.496922,37.945784],[-83.496769,37.945864],[-83.496326,37.946178],[-83.496164,37.946274],[-83.495989,37.946354],[-83.4957444,37.9464293],[-83.495622,37.946467],[-83.495531,37.946488],[-83.4952777,37.9465171],[-83.495235,37.946522],[-83.494429,37.946708],[-83.494246,37.946768],[-83.494163,37.946825],[-83.494078,37.946885],[-83.493999,37.946963],[-83.493932,37.947055],[-83.493786,37.947345],[-83.493756,37.947443],[-83.493751,37.947533],[-83.493763,37.947617],[-83.493901,37.94804],[-83.493974,37.948208],[-83.494099,37.948417],[-83.494118,37.948477],[-83.493974,37.948772],[-83.4938,37.948954],[-83.493218,37.949612],[-83.493074,37.949756],[-83.492995,37.949818],[-83.492898,37.94987],[-83.492787,37.949909],[-83.492519,37.949975],[-83.492244,37.95006],[-83.492059,37.950132],[-83.491858,37.950224],[-83.49165,37.950345],[-83.491428,37.950453],[-83.491181,37.950533],[-83.490772,37.950621],[-83.490523,37.950691],[-83.48978,37.951031],[-83.48936,37.951181],[-83.48914,37.951244],[-83.487717,37.951609],[-83.486308,37.951869]]}},{"type":"Feature","properties":{"osm_id":16308736,"highway":"service","name":null,"alt_name":null,"official_name":null,"surface":null,"tracktype":null,"service":null,"access":"private","motor_vehicle":null,"foot":null,"tiger_reviewed":"no","rrgh_part":0,"rrgh_tile_part":0},"geometry":{"type":"LineString","coordinates":[[-83.4952777,37.9465171],[-83.4951095,37.9455054]]}},{"type":"Feature","properties":{"osm_id":16309012,"highway":"service","name":null,"alt_name":null,"official_name":null,"surface":null,"tracktype":null,"service":null,"access":"private","motor_vehicle":null,"foot":null,"tiger_reviewed":"no","rrgh_part":0,"rrgh_tile_part":0},"geometry":{"type":"LineString","coordinates":[[-83.4957444,37.9464293],[-83.4955111,37.9462309],[-83.4953711,37.9458186],[-83.4957174,37.9451747],[-83.4957672,37.944869],[-83.4966803,37.9436677]]}},{"type":"Feature","properties":{"osm_id":970196164,"highway":"service","name":null,"alt_name":null,"official_name":null,"surface":null,"tracktype":null,"service":null,"access":null,"motor_vehicle":null,"foot":null,"tiger_reviewed":null,"rrgh_part":0,"rrgh_tile_part":0},"geometry":{"type":"LineString","coordinates":[[-83.490999,37.925771],[-83.4911564,37.9258483],[-83.4916419,37.9260131],[-83.4919061,37.9261948],[-83.4920966,37.9264421],[-83.4921611,37.9265172],[-83.4922594,37.9265196],[-83.4923252,37.9264751]]}},{"type":"Feature","properties":{"osm_id":970196164,"highway":"service","name":null,"alt_name":null,"official_name":null,"surface":null,"tracktype":null,"service":null,"access":null,"motor_vehicle":null,"foot":null,"tiger_reviewed":null,"rrgh_part":1,"rrgh_tile_part":0},"geometry":{"type":"LineString","coordinates":[[-83.4923252,37.9264751],[-83.4923885,37.9264324],[-83.4925575,37.9260834],[-83.4925974,37.9258677],[-83.4925728,37.9257513],[-83.4924346,37.9257101],[-83.4922686,37.9257465],[-83.4922379,37.9258386],[-83.4922902,37.9259476],[-83.4923455,37.9260858],[-83.4923209,37.9263281],[-83.4923086,37.9264324],[-83.4923252,37.9264751]]}},{"type":"Feature","properties":{"osm_id":16309167,"highway":"residential","name":null,"alt_name":null,"official_name":null,"surface":null,"tracktype":null,"service":null,"access":null,"motor_vehicle":null,"foot":null,"tiger_reviewed":"no","rrgh_part":0,"rrgh_tile_part":0},"geometry":{"type":"LineString","coordinates":[[-83.484138,37.923038],[-83.485768,37.923739],[-83.487532,37.924122],[-83.487581,37.924376],[-83.487462,37.924777],[-83.488908,37.925551],[-83.489312,37.925926]]}},{"type":"Feature","properties":{"osm_id":970196179,"highway":"service","name":null,"alt_name":null,"official_name":null,"surface":null,"tracktype":null,"service":null,"access":null,"motor_vehicle":null,"foot":null,"tiger_reviewed":null,"rrgh_part":0,"rrgh_tile_part":0},"geometry":{"type":"LineString","coordinates":[[-83.4839097,37.9313341],[-83.4839649,37.9313803],[-83.4841091,37.9315883],[-83.4843975,37.931744],[-83.4848822,37.9320209],[-83.4851648,37.9322969],[-83.4853267,37.932516],[-83.4857156,37.9327342],[-83.4858634,37.9329272],[-83.4864439,37.9331752],[-83.487016,37.9334867],[-83.487165,37.9336004],[-83.487282,37.9337599],[-83.4873187,37.9338633]]}},{"type":"Feature","properties":{"osm_id":16309076,"highway":"service","name":null,"alt_name":null,"official_name":null,"surface":null,"tracktype":null,"service":null,"access":"private","motor_vehicle":null,"foot":null,"tiger_reviewed":"no","rrgh_part":0,"rrgh_tile_part":0},"geometry":{"type":"LineString","coordinates":[[-83.4893828,37.9334831],[-83.4893358,37.9334866],[-83.4891738,37.9333483],[-83.4886244,37.9329912],[-83.4879445,37.9326185]]}},{"type":"Feature","properties":{"osm_id":970196178,"highway":"service","name":null,"alt_name":null,"official_name":null,"surface":null,"tracktype":null,"service":null,"access":null,"motor_vehicle":null,"foot":null,"tiger_reviewed":null,"rrgh_part":0,"rrgh_tile_part":0},"geometry":{"type":"LineString","coordinates":[[-83.4838895,37.9312992],[-83.4839097,37.9313341],[-83.4838267,37.9314139],[-83.4836602,37.9314997],[-83.4836092,37.9315531],[-83.4835856,37.9316245],[-83.4836054,37.9317535],[-83.4836723,37.9319023],[-83.4837803,37.9320625],[-83.4838861,37.9321717],[-83.4839819,37.9322275],[-83.4841143,37.9322473],[-83.4843463,37.9322665],[-83.4845547,37.9322983],[-83.4848697,37.9324183],[-83.4851131,37.9325305],[-83.4852381,37.932585]]}},{"type":"Feature","properties":{"osm_id":970196178,"highway":"service","name":null,"alt_name":null,"official_name":null,"surface":null,"tracktype":null,"service":null,"access":null,"motor_vehicle":null,"foot":null,"tiger_reviewed":null,"rrgh_part":1,"rrgh_tile_part":0},"geometry":{"type":"LineString","coordinates":[[-83.4852381,37.932585],[-83.4852381,37.9326615],[-83.4851116,37.9328293],[-83.4851364,37.9329142],[-83.4852144,37.9330205],[-83.4852913,37.9330578],[-83.4853575,37.9330261],[-83.4854142,37.932916],[-83.4854201,37.9327874],[-83.485426,37.932695],[-83.4853657,37.9326139],[-83.4852381,37.932585]]}},{"type":"Feature","properties":{"osm_id":16308870,"highway":"residential","name":null,"alt_name":null,"official_name":null,"surface":null,"tracktype":null,"service":null,"access":null,"motor_vehicle":null,"foot":null,"tiger_reviewed":"no","rrgh_part":0,"rrgh_tile_part":0},"geometry":{"type":"LineString","coordinates":[[-83.478734,37.922489],[-83.478166,37.922724],[-83.477731,37.923104],[-83.477286,37.923452],[-83.476779,37.923768],[-83.47624,37.924183],[-83.475878,37.924488]]}},{"type":"Feature","properties":{"osm_id":16309103,"highway":"service","name":null,"alt_name":null,"official_name":null,"surface":null,"tracktype":null,"service":null,"access":"private","motor_vehicle":null,"foot":null,"tiger_reviewed":"no","rrgh_part":0,"rrgh_tile_part":0},"geometry":{"type":"LineString","coordinates":[[-83.467757,37.925867],[-83.467733,37.9264],[-83.467362,37.926863]]}},{"type":"Feature","properties":{"osm_id":16310500,"highway":"residential","name":"Back Schoolhouse Road","alt_name":null,"official_name":null,"surface":null,"tracktype":null,"service":null,"access":null,"motor_vehicle":null,"foot":null,"tiger_reviewed":"no","rrgh_part":0,"rrgh_tile_part":0},"geometry":{"type":"LineString","coordinates":[[-83.462221,37.924515],[-83.462239,37.924528],[-83.462294,37.924576],[-83.462446,37.924668],[-83.462541,37.924692],[-83.462656,37.924697],[-83.462756,37.924679],[-83.462851,37.924637],[-83.462945,37.92458],[-83.463219,37.924378],[-83.463404,37.924256],[-83.463493,37.924215],[-83.463589,37.924206],[-83.463689,37.924232],[-83.464123,37.924548],[-83.46425,37.924628],[-83.464383,37.924701],[-83.464522,37.924761],[-83.464569,37.924777],[-83.464663,37.924808],[-83.464806,37.924842],[-83.465094,37.924894],[-83.465994,37.924999],[-83.466405,37.925059],[-83.466633,37.925118],[-83.466797,37.925182],[-83.467064,37.925257]]}},{"type":"Feature","properties":{"osm_id":16310691,"highway":"residential","name":"Stanley Clark Road","alt_name":null,"official_name":null,"surface":null,"tracktype":null,"service":null,"access":null,"motor_vehicle":null,"foot":null,"tiger_reviewed":"no","rrgh_part":0,"rrgh_tile_part":0},"geometry":{"type":"LineString","coordinates":[[-83.456976,37.929751],[-83.456997,37.929784],[-83.457017,37.929823],[-83.457044,37.929925],[-83.457059,37.930024],[-83.457059,37.93037],[-83.457178,37.931088],[-83.457198,37.931261],[-83.457198,37.931352],[-83.457176,37.931435],[-83.45714,37.931515],[-83.456865,37.931852],[-83.456826,37.931923],[-83.456814,37.932003],[-83.45682,37.932072],[-83.456851,37.932148],[-83.45691,37.932219],[-83.456986,37.932279],[-83.457273,37.932468],[-83.457725,37.932816],[-83.457815,37.932864],[-83.457915,37.932893],[-83.458025,37.932903],[-83.45814,37.932896],[-83.458526,37.932823],[-83.458895,37.932781],[-83.459011,37.932784],[-83.459067,37.932798],[-83.459177,37.932844],[-83.459248,37.932895],[-83.459469,37.933082],[-83.459626,37.933254],[-83.459761,37.933425],[-83.459814,37.933509],[-83.459906,37.933709],[-83.45999,37.933962],[-83.460049,37.934104],[-83.460095,37.934171],[-83.460192,37.934282],[-83.460383,37.934429],[-83.460685,37.934635],[-83.460912,37.934769],[-83.461495,37.935064],[-83.462292,37.93544],[-83.462558,37.935594],[-83.462791,37.935751],[-83.46305,37.935894],[-83.463185,37.935922],[-83.463331,37.935933],[-83.463481,37.935929],[-83.463622,37.935907],[-83.463745,37.935877],[-83.464708,37.935767],[-83.464842,37.935789],[-83.464976,37.935827],[-83.46511,37.935876],[-83.465226,37.935938],[-83.465554,37.936142],[-83.465681,37.936194],[-83.465822,37.936233],[-83.465961,37.936254],[-83.466109,37.936264],[-83.466392,37.936266],[-83.466529,37.936256],[-83.466664,37.936227],[-83.46679,37.936183],[-83.466896,37.936121],[-83.466985,37.936047],[-83.467139,37.93588],[-83.467226,37.935803],[-83.467332,37.935741],[-83.467445,37.93569],[-83.467568,37.935658],[-83.467698,37.935647],[-83.468116,37.93563],[-83.468251,37.935604],[-83.468379,37.935559],[-83.468495,37.935501],[-83.46885,37.935272],[-83.469085,37.935106],[-83.469374,37.934857],[-83.469477,37.934793],[-83.469676,37.934698],[-83.469768,37.934678],[-83.469914,37.93466],[-83.470024,37.934672]]}},{"type":"Feature","properties":{"osm_id":1086361069,"highway":"residential","name":"Cave Run Heights","alt_name":null,"official_name":null,"surface":null,"tracktype":null,"service":null,"access":null,"motor_vehicle":null,"foot":null,"tiger_reviewed":null,"rrgh_part":0,"rrgh_tile_part":0},"geometry":{"type":"LineString","coordinates":[[-83.4704057,37.9234159],[-83.4706251,37.9235309],[-83.4708252,37.9236817],[-83.4709971,37.9238897],[-83.4711912,37.9241375],[-83.4713186,37.9242661],[-83.4714535,37.9243655],[-83.4716387,37.9244684],[-83.4718328,37.9245794],[-83.4719366,37.9246706],[-83.4720077,37.9247933],[-83.4720447,37.9249768],[-83.4720314,37.9251802],[-83.4719647,37.9253544],[-83.4718476,37.9254888],[-83.471741,37.9255671],[-83.4716624,37.9256642],[-83.4716254,37.9257998],[-83.4716328,37.9259552],[-83.4716757,37.9261189],[-83.471818,37.926348],[-83.4720151,37.9265432],[-83.4721299,37.9266208],[-83.4722227,37.9266461],[-83.4723134,37.9266502],[-83.4724047,37.9266352],[-83.4724902,37.9266058],[-83.4725845,37.9265574],[-83.4728984,37.9263737],[-83.4730187,37.9262735],[-83.4731447,37.9261657],[-83.4732436,37.9260983],[-83.4733716,37.926041],[-83.4738054,37.9259055],[-83.4739671,37.9258709],[-83.4740824,37.9258723],[-83.4741876,37.9259035],[-83.4742894,37.9259572],[-83.4743467,37.926027],[-83.4745083,37.9262421],[-83.4747659,37.9266584],[-83.4748483,37.9268224],[-83.4748896,37.9269605],[-83.4749022,37.9270999],[-83.474914,37.9272639],[-83.4749435,37.9273476],[-83.4750234,37.9274299],[-83.4751135,37.9274797],[-83.4752608,37.9275268],[-83.4754773,37.9275716],[-83.4758685,37.9276361],[-83.4759379,37.9276382],[-83.4760029,37.9276282],[-83.4760425,37.9275996],[-83.4760717,37.9275557],[-83.4761053,37.9274888],[-83.4762696,37.9270929]]}},{"type":"Feature","properties":{"osm_id":16309371,"highway":"residential","name":"Jerry Adkins Road","alt_name":null,"official_name":null,"surface":null,"tracktype":null,"service":null,"access":null,"motor_vehicle":null,"foot":null,"tiger_reviewed":"no","rrgh_part":0,"rrgh_tile_part":0},"geometry":{"type":"LineString","coordinates":[[-83.492244,37.95006],[-83.492218,37.950012],[-83.49213,37.949765],[-83.492056,37.949442],[-83.491996,37.949294],[-83.491876,37.948937],[-83.491622,37.948437],[-83.491308,37.947969],[-83.491283,37.947899],[-83.491267,37.947793],[-83.491323,37.947648],[-83.491556,37.947318],[-83.491619,37.947199],[-83.491644,37.947131],[-83.491703,37.946725],[-83.491772,37.946389],[-83.49178,37.946294]]}},{"type":"Feature","properties":{"osm_id":16310118,"highway":"residential","name":"Ansel Spencer Road","alt_name":null,"official_name":null,"surface":null,"tracktype":null,"service":null,"access":null,"motor_vehicle":null,"foot":null,"tiger_reviewed":"no","rrgh_part":0,"rrgh_tile_part":0},"geometry":{"type":"LineString","coordinates":[[-83.480543,37.936243],[-83.480669,37.936276],[-83.481781,37.936633],[-83.48342,37.937013],[-83.483684,37.937082],[-83.483799,37.937119],[-83.4839799,37.9371971],[-83.484012,37.937211],[-83.484369,37.937401],[-83.484615,37.93752],[-83.484741,37.937561],[-83.484872,37.937587],[-83.485003,37.937595],[-83.485128,37.937587],[-83.485776,37.93749],[-83.485934,37.937474],[-83.486054,37.937448],[-83.486195,37.937328],[-83.486283,37.937227],[-83.486449,37.937093],[-83.486764,37.936794],[-83.486922,37.936659]]}},{"type":"Feature","properties":{"osm_id":970196171,"highway":"service","name":null,"alt_name":null,"official_name":null,"surface":null,"tracktype":null,"service":null,"access":null,"motor_vehicle":null,"foot":null,"tiger_reviewed":null,"rrgh_part":0,"rrgh_tile_part":0},"geometry":{"type":"LineString","coordinates":[[-83.48483,37.946133],[-83.4851086,37.9461876],[-83.4854191,37.9461981],[-83.4861201,37.946422],[-83.4865238,37.946485],[-83.4874954,37.9461631]]}},{"type":"Feature","properties":{"osm_id":16310321,"highway":"service","name":"Short Street","alt_name":null,"official_name":null,"surface":null,"tracktype":null,"service":null,"access":null,"motor_vehicle":null,"foot":null,"tiger_reviewed":"no","rrgh_part":0,"rrgh_tile_part":0},"geometry":{"type":"LineString","coordinates":[[-83.483271,37.946106],[-83.483895,37.946136],[-83.484287,37.946117],[-83.484708,37.94612],[-83.48483,37.946133]]}},{"type":"Feature","properties":{"osm_id":16310755,"highway":"service","name":"Browning Lane","alt_name":null,"official_name":null,"surface":null,"tracktype":null,"service":null,"access":"private","motor_vehicle":null,"foot":null,"tiger_reviewed":"no","rrgh_part":0,"rrgh_tile_part":0},"geometry":{"type":"LineString","coordinates":[[-83.4833,37.945229],[-83.483424,37.94518],[-83.483642,37.945119],[-83.483929,37.945063],[-83.484088,37.945001],[-83.484132,37.944969],[-83.484246,37.944852],[-83.484659,37.944371]]}},{"type":"Feature","properties":{"osm_id":16308946,"highway":"service","name":null,"alt_name":null,"official_name":null,"surface":null,"tracktype":null,"service":null,"access":"private","motor_vehicle":null,"foot":null,"tiger_reviewed":"no","rrgh_part":0,"rrgh_tile_part":0},"geometry":{"type":"LineString","coordinates":[[-83.474293,37.938528],[-83.474317,37.939421],[-83.474134,37.939539],[-83.474002,37.939557],[-83.473221,37.93966]]}},{"type":"Feature","properties":{"osm_id":16309100,"highway":"service","name":null,"alt_name":null,"official_name":null,"surface":null,"tracktype":null,"service":null,"access":"private","motor_vehicle":null,"foot":null,"tiger_reviewed":"no","rrgh_part":0,"rrgh_tile_part":0},"geometry":{"type":"LineString","coordinates":[[-83.474142,37.944684],[-83.473003,37.944112]]}},{"type":"Feature","properties":{"osm_id":16309258,"highway":"service","name":"Sharon Road","alt_name":null,"official_name":null,"surface":null,"tracktype":null,"service":null,"access":"private","motor_vehicle":null,"foot":null,"tiger_reviewed":"no","rrgh_part":0,"rrgh_tile_part":0},"geometry":{"type":"LineString","coordinates":[[-83.495246,37.954625],[-83.495369,37.954537],[-83.495547,37.954433],[-83.495878,37.954258],[-83.496175,37.954132],[-83.496214,37.954105]]}},{"type":"Feature","properties":{"osm_id":970196175,"highway":"service","name":null,"alt_name":null,"official_name":null,"surface":null,"tracktype":null,"service":null,"access":null,"motor_vehicle":null,"foot":null,"tiger_reviewed":null,"rrgh_part":0,"rrgh_tile_part":0},"geometry":{"type":"LineString","coordinates":[[-83.496214,37.954105],[-83.4963486,37.9540357],[-83.4965562,37.9540299],[-83.4967215,37.9540241],[-83.496852,37.953998],[-83.497032,37.9538749],[-83.4972947,37.9535852],[-83.4974233,37.9534751],[-83.4975997,37.9533722],[-83.4978863,37.9532578],[-83.49807,37.9531694],[-83.4981784,37.9530782],[-83.4982206,37.9529811],[-83.4982316,37.9528652],[-83.4981949,37.9526088],[-83.4981471,37.9518266],[-83.4981508,37.9514978],[-83.4982151,37.9512964],[-83.4982169,37.9509415],[-83.4982629,37.9503606],[-83.4983547,37.9500071],[-83.4983933,37.9498434],[-83.4983768,37.9496537]]}},{"type":"Feature","properties":{"osm_id":16309236,"highway":"residential","name":"Brushy Fork East Road","alt_name":null,"official_name":null,"surface":null,"tracktype":null,"service":null,"access":null,"motor_vehicle":null,"foot":null,"tiger_reviewed":"no","rrgh_part":0,"rrgh_tile_part":0},"geometry":{"type":"LineString","coordinates":[[-83.491829,37.954514],[-83.49171,37.954597],[-83.491266,37.954867],[-83.491045,37.955061],[-83.490798,37.955296],[-83.490641,37.955468],[-83.490205,37.956062],[-83.490118,37.956143],[-83.489899,37.956408],[-83.489849,37.956492],[-83.489818,37.956579],[-83.489803,37.95667],[-83.489804,37.956762],[-83.489844,37.956949],[-83.489885,37.957038],[-83.489944,37.957116],[-83.490021,37.957175],[-83.490107,37.957214],[-83.490497,37.957299],[-83.490616,37.957352],[-83.490651,37.957387],[-83.490659,37.957426],[-83.490624,37.95751],[-83.490558,37.957595],[-83.490346,37.957777],[-83.490036,37.958096],[-83.489903,37.958286],[-83.489866,37.958361],[-83.489825,37.958484],[-83.489718,37.958853],[-83.489617,37.959353],[-83.48961,37.959427],[-83.48964,37.959576],[-83.489734,37.959769],[-83.49014,37.960456],[-83.490348,37.960772],[-83.490436,37.960847],[-83.490548,37.960892],[-83.490669,37.960894],[-83.491106,37.960803],[-83.491515,37.96075],[-83.491707,37.960731],[-83.492285,37.960703],[-83.492472,37.96068],[-83.492783,37.96068],[-83.492908,37.960717],[-83.49296,37.960761],[-83.493227,37.96113],[-83.493478,37.961531],[-83.493723,37.96188],[-83.493797,37.962043],[-83.493896,37.962319],[-83.49393,37.962528],[-83.493929,37.962679],[-83.493917,37.962758],[-83.493739,37.963571],[-83.493585,37.964185],[-83.493558,37.964321],[-83.493551,37.964434],[-83.493562,37.964545],[-83.493582,37.964599],[-83.493641,37.964697],[-83.49375,37.964815],[-83.493923,37.964979],[-83.494015,37.965036]]}},{"type":"Feature","properties":{"osm_id":16309847,"highway":"track","name":"Forest Service Road","alt_name":null,"official_name":null,"surface":null,"tracktype":null,"service":null,"access":null,"motor_vehicle":null,"foot":null,"tiger_reviewed":"no","rrgh_part":0,"rrgh_tile_part":0},"geometry":{"type":"LineString","coordinates":[[-83.495009,37.954723],[-83.49511,37.954757],[-83.4951311,37.9547687],[-83.49548,37.954963],[-83.49569,37.955067],[-83.49575,37.955112],[-83.495842,37.955207],[-83.495928,37.955336],[-83.495955,37.955419],[-83.496022,37.955775],[-83.496122,37.956062],[-83.496165,37.95614],[-83.496192,37.956347],[-83.49625,37.956561],[-83.49628,37.956784],[-83.496286,37.956939],[-83.496264,37.957231],[-83.496282,37.957294],[-83.496309,37.957362],[-83.496378,37.957453],[-83.496516,37.957557],[-83.496737,37.957682],[-83.496822,37.957716],[-83.496984,37.957757],[-83.497142,37.957847],[-83.497381,37.958036],[-83.4978,37.958451],[-83.497938,37.958602],[-83.497996,37.958701],[-83.49809,37.95896],[-83.498102,37.959107],[-83.49816,37.959274],[-83.498212,37.959355],[-83.498321,37.959459],[-83.498348,37.959491],[-83.498544,37.959838],[-83.498622,37.959939],[-83.49877,37.960082],[-83.49892,37.960245],[-83.499158,37.960417],[-83.499219,37.960482],[-83.499337,37.960745],[-83.49947,37.96118],[-83.499529,37.961412],[-83.499586,37.961538],[-83.499618,37.961577],[-83.499746,37.961667],[-83.500074,37.961969],[-83.500238,37.962097],[-83.500317,37.962186],[-83.50044,37.962341],[-83.500489,37.962462],[-83.500511,37.96258],[-83.500489,37.962736],[-83.500495,37.962862],[-83.50053,37.962943],[-83.500577,37.963014],[-83.50082,37.963298],[-83.501021,37.963496],[-83.501152,37.963677],[-83.501347,37.963883],[-83.50148,37.964104],[-83.501522,37.964158],[-83.501878,37.964526],[-83.501997,37.964615],[-83.502183,37.964714],[-83.502291,37.964791],[-83.502322,37.964837],[-83.502333,37.964853],[-83.502388,37.96498],[-83.502668,37.965268],[-83.502704,37.965328],[-83.502755,37.965469],[-83.502852,37.965668],[-83.50307,37.965936],[-83.503125,37.965991],[-83.50325,37.966062],[-83.503495,37.966153],[-83.503607,37.96621],[-83.504073,37.966478],[-83.504533,37.966696],[-83.504689,37.966783],[-83.505,37.96699981917211]]}},{"type":"Feature","properties":{"osm_id":970196173,"highway":"service","name":null,"alt_name":null,"official_name":null,"surface":null,"tracktype":null,"service":null,"access":null,"motor_vehicle":null,"foot":null,"tiger_reviewed":null,"rrgh_part":0,"rrgh_tile_part":0},"geometry":{"type":"LineString","coordinates":[[-83.498265,37.957258],[-83.498635,37.9573315],[-83.499142,37.9573049],[-83.499778,37.9571474],[-83.5003649,37.9569536],[-83.5005216,37.9569633],[-83.500835,37.9571547],[-83.5012067,37.9575181],[-83.501431,37.9576464],[-83.5016369,37.9576779],[-83.502531,37.957426]]}},{"type":"Feature","properties":{"osm_id":970196174,"highway":"track","name":null,"alt_name":null,"official_name":null,"surface":null,"tracktype":null,"service":null,"access":null,"motor_vehicle":null,"foot":null,"tiger_reviewed":null,"rrgh_part":0,"rrgh_tile_part":0},"geometry":{"type":"LineString","coordinates":[[-83.4951311,37.9547687],[-83.4952208,37.9547483],[-83.495628,37.9548247],[-83.4960749,37.9550383],[-83.4963082,37.9551411],[-83.4964466,37.9551583],[-83.4966265,37.9551256],[-83.4969626,37.9549993],[-83.4971228,37.9549572],[-83.4972533,37.95494],[-83.497366,37.954965],[-83.497449,37.9550164],[-83.4975222,37.955163],[-83.4976467,37.9562246],[-83.4976685,37.9566284],[-83.4977218,37.9567063],[-83.4977809,37.9567186]]}},{"type":"Feature","properties":{"osm_id":970379975,"highway":"track","name":"Forest Road 1235","alt_name":null,"official_name":null,"surface":null,"tracktype":null,"service":null,"access":null,"motor_vehicle":null,"foot":null,"tiger_reviewed":null,"rrgh_part":0,"rrgh_tile_part":0},"geometry":{"type":"LineString","coordinates":[[-83.49116278195525,37.974999999999994],[-83.4911571,37.9749897],[-83.4908556,37.9746284],[-83.4902805,37.9740508],[-83.4898237,37.9736405],[-83.4893574,37.9733651],[-83.4888294,37.9729695],[-83.4884749,37.9727414],[-83.4882216,37.9724842],[-83.4882199,37.972046],[-83.4882447,37.971515],[-83.4882436,37.9710416],[-83.488258,37.9708105],[-83.4883693,37.9707002],[-83.4884332,37.9705274],[-83.4884697,37.9703712],[-83.4885037,37.9700537]]}},{"type":"Feature","properties":{"osm_id":16309222,"highway":"residential","name":null,"alt_name":null,"official_name":null,"surface":null,"tracktype":null,"service":null,"access":null,"motor_vehicle":null,"foot":null,"tiger_reviewed":"no","rrgh_part":0,"rrgh_tile_part":0},"geometry":{"type":"LineString","coordinates":[[-83.486308,37.951869],[-83.486219,37.951889],[-83.485681,37.951802],[-83.485278,37.95168],[-83.484678,37.951689],[-83.484306,37.951728],[-83.484233,37.951713],[-83.48412,37.951716],[-83.482608,37.951012],[-83.482162,37.950747],[-83.481796,37.950315],[-83.481443,37.95009],[-83.480978,37.950089]]}},{"type":"Feature","properties":{"osm_id":16308849,"highway":"residential","name":null,"alt_name":null,"official_name":null,"surface":null,"tracktype":null,"service":null,"access":null,"motor_vehicle":null,"foot":null,"tiger_reviewed":"no","rrgh_part":0,"rrgh_tile_part":0},"geometry":{"type":"LineString","coordinates":[[-83.487568,37.952941],[-83.487577,37.953529],[-83.487461,37.954049],[-83.487225,37.954413],[-83.486622,37.954692],[-83.486079,37.955028],[-83.485547,37.955396],[-83.485046,37.955656],[-83.484034,37.955809],[-83.483727,37.955802],[-83.48338,37.955552],[-83.483136,37.955354],[-83.482839,37.95518]]}},{"type":"Feature","properties":{"osm_id":16309814,"highway":"service","name":"Bair Road","alt_name":null,"official_name":null,"surface":null,"tracktype":null,"service":null,"access":null,"motor_vehicle":null,"foot":null,"tiger_reviewed":"no","rrgh_part":0,"rrgh_tile_part":0},"geometry":{"type":"LineString","coordinates":[[-83.472005,37.964954],[-83.472119,37.964797],[-83.472162,37.964719],[-83.472194,37.964631],[-83.4722222,37.9645088],[-83.472248,37.964397],[-83.472292,37.964298],[-83.472326,37.964245],[-83.472865,37.963726],[-83.473431,37.963238],[-83.473612,37.963063],[-83.473773,37.962859],[-83.474067,37.962366],[-83.474477,37.961814],[-83.474557,37.961655],[-83.474587,37.961491],[-83.474578,37.961344],[-83.4745567,37.9611241],[-83.4745521,37.9610766]]}},{"type":"Feature","properties":{"osm_id":970443511,"highway":"service","name":null,"alt_name":null,"official_name":null,"surface":null,"tracktype":null,"service":null,"access":null,"motor_vehicle":null,"foot":null,"tiger_reviewed":null,"rrgh_part":0,"rrgh_tile_part":0},"geometry":{"type":"LineString","coordinates":[[-83.4745521,37.9610766],[-83.4744648,37.9608549],[-83.4741975,37.9605959],[-83.4741529,37.9603763],[-83.4742922,37.9600119],[-83.4745205,37.9598275]]}},{"type":"Feature","properties":{"osm_id":16308903,"highway":"service","name":null,"alt_name":null,"official_name":null,"surface":null,"tracktype":null,"service":null,"access":"private","motor_vehicle":null,"foot":null,"tiger_reviewed":"no","rrgh_part":0,"rrgh_tile_part":0},"geometry":{"type":"LineString","coordinates":[[-83.467683,37.960301],[-83.467045,37.960463]]}},{"type":"Feature","properties":{"osm_id":970443515,"highway":"service","name":null,"alt_name":null,"official_name":null,"surface":null,"tracktype":null,"service":null,"access":null,"motor_vehicle":null,"foot":null,"tiger_reviewed":null,"rrgh_part":0,"rrgh_tile_part":0},"geometry":{"type":"LineString","coordinates":[[-83.4670748,37.9566671],[-83.467173,37.9566209],[-83.467263,37.9565245],[-83.4673713,37.9565427],[-83.4676688,37.9567063],[-83.4679133,37.9565936],[-83.4681969,37.9565536],[-83.4684575,37.9565463],[-83.4690755,37.9564645],[-83.4693868,37.9563936],[-83.4695944,37.9564081],[-83.4699495,37.9564681]]}},{"type":"Feature","properties":{"osm_id":16309444,"highway":"residential","name":"Chase Court","alt_name":null,"official_name":null,"surface":null,"tracktype":null,"service":null,"access":null,"motor_vehicle":null,"foot":null,"tiger_reviewed":"no","rrgh_part":0,"rrgh_tile_part":0},"geometry":{"type":"LineString","coordinates":[[-83.481948,37.965411],[-83.482055,37.964914],[-83.482124,37.964718]]}},{"type":"Feature","properties":{"osm_id":16309850,"highway":"residential","name":"Milk Run Road","alt_name":null,"official_name":null,"surface":null,"tracktype":null,"service":null,"access":null,"motor_vehicle":null,"foot":null,"tiger_reviewed":"no","rrgh_part":0,"rrgh_tile_part":0},"geometry":{"type":"LineString","coordinates":[[-83.481869,37.966026],[-83.482037,37.966002],[-83.482198,37.965995],[-83.48251,37.966027],[-83.482721,37.966088],[-83.48294,37.96618],[-83.483174,37.96624],[-83.483347,37.96624],[-83.4834552,37.9662273],[-83.483654,37.966204]]}},{"type":"Feature","properties":{"osm_id":16310324,"highway":"residential","name":"Mill Run Road","alt_name":null,"official_name":null,"surface":null,"tracktype":null,"service":null,"access":null,"motor_vehicle":null,"foot":null,"tiger_reviewed":"no","rrgh_part":0,"rrgh_tile_part":0},"geometry":{"type":"LineString","coordinates":[[-83.483688,37.966338],[-83.483654,37.966204],[-83.483756,37.96611],[-83.483977,37.96607],[-83.484096,37.96615],[-83.484096,37.966311],[-83.483875,37.966445],[-83.483756,37.966472],[-83.483688,37.966338]]}},{"type":"Feature","properties":{"osm_id":16310503,"highway":"residential","name":"Katie's Road","alt_name":null,"official_name":null,"surface":null,"tracktype":null,"service":null,"access":null,"motor_vehicle":null,"foot":null,"tiger_reviewed":"no","rrgh_part":0,"rrgh_tile_part":0},"geometry":{"type":"LineString","coordinates":[[-83.481869,37.966026],[-83.481903,37.965718],[-83.481929,37.965476],[-83.481948,37.965411]]}},{"type":"Feature","properties":{"osm_id":16310549,"highway":"residential","name":"Jordan Court","alt_name":null,"official_name":null,"surface":null,"tracktype":null,"service":null,"access":null,"motor_vehicle":null,"foot":null,"tiger_reviewed":"no","rrgh_part":0,"rrgh_tile_part":0},"geometry":{"type":"LineString","coordinates":[[-83.481948,37.965411],[-83.481991,37.965387],[-83.482058,37.965382],[-83.482496,37.965446],[-83.482894,37.965564],[-83.483059,37.965655]]}},{"type":"Feature","properties":{"osm_id":970443503,"highway":"residential","name":null,"alt_name":null,"official_name":null,"surface":null,"tracktype":null,"service":null,"access":null,"motor_vehicle":null,"foot":null,"tiger_reviewed":null,"rrgh_part":0,"rrgh_tile_part":0},"geometry":{"type":"LineString","coordinates":[[-83.483059,37.965655],[-83.4833926,37.9658257],[-83.4834751,37.9659868],[-83.4834552,37.9662273]]}},{"type":"Feature","properties":{"osm_id":16309465,"highway":"residential","name":"Turkey Ridge Road","alt_name":null,"official_name":null,"surface":null,"tracktype":null,"service":null,"access":null,"motor_vehicle":null,"foot":null,"tiger_reviewed":"no","rrgh_part":0,"rrgh_tile_part":0},"geometry":{"type":"LineString","coordinates":[[-83.473888,37.966496],[-83.474038,37.966488],[-83.47412,37.966495],[-83.474216,37.966514],[-83.474582,37.966622],[-83.474795,37.966695],[-83.474926,37.96676],[-83.475048,37.966858],[-83.475112,37.966934],[-83.475224,37.9671],[-83.475308,37.967321],[-83.475343,37.967385],[-83.47542,37.96747],[-83.475557,37.967561],[-83.475742,37.967631],[-83.476105,37.967734],[-83.476179,37.967762],[-83.47697,37.968066],[-83.477249,37.968151],[-83.477461,37.968191],[-83.477976,37.968251],[-83.478355,37.968269],[-83.478463,37.968289],[-83.478552,37.968326],[-83.478634,37.968381],[-83.478836,37.968573],[-83.478874,37.968609],[-83.478959,37.968668],[-83.479116,37.968721],[-83.4792298,37.9687465],[-83.479598,37.968829],[-83.479693,37.968857],[-83.479782,37.968897],[-83.479961,37.969038],[-83.480058,37.969145],[-83.480079,37.969177]]}},{"type":"Feature","properties":{"osm_id":16310504,"highway":"residential","name":"Katie's Road","alt_name":null,"official_name":null,"surface":null,"tracktype":null,"service":null,"access":null,"motor_vehicle":null,"foot":null,"tiger_reviewed":"no","rrgh_part":0,"rrgh_tile_part":0},"geometry":{"type":"LineString","coordinates":[[-83.475048,37.966858],[-83.475121,37.966904],[-83.475244,37.967029],[-83.47532,37.967091],[-83.475394,37.967126],[-83.475488,37.967156],[-83.475551,37.967163],[-83.47574,37.96716],[-83.476035,37.96711],[-83.476239,37.96709],[-83.4766143,37.967074],[-83.477015,37.967057],[-83.477269,37.967035],[-83.477606,37.966981],[-83.478008,37.966894],[-83.4785312,37.9667689],[-83.478623,37.966747],[-83.47947,37.966593],[-83.479718,37.966537],[-83.479841,37.966494],[-83.479961,37.966437],[-83.480318,37.966205],[-83.480419,37.966158],[-83.480473,37.966142],[-83.4805214,37.9661362],[-83.480648,37.966121],[-83.480767,37.966121],[-83.481309,37.966164],[-83.481526,37.966127],[-83.481869,37.966026]]}},{"type":"Feature","properties":{"osm_id":970443508,"highway":"residential","name":"Mill Run","alt_name":null,"official_name":null,"surface":null,"tracktype":null,"service":null,"access":null,"motor_vehicle":null,"foot":null,"tiger_reviewed":null,"rrgh_part":0,"rrgh_tile_part":0},"geometry":{"type":"LineString","coordinates":[[-83.4792298,37.9687465],[-83.4793696,37.9686908],[-83.4797593,37.9685217],[-83.4801283,37.968289],[-83.4804673,37.9681072],[-83.4808293,37.9679745],[-83.4810715,37.9679527],[-83.4813597,37.9679873],[-83.4816503,37.9679036],[-83.4822729,37.96762]]}},{"type":"Feature","properties":{"osm_id":1494484761,"highway":"track","name":null,"alt_name":null,"official_name":null,"surface":null,"tracktype":null,"service":null,"access":null,"motor_vehicle":null,"foot":null,"tiger_reviewed":null,"rrgh_part":0,"rrgh_tile_part":0},"geometry":{"type":"LineString","coordinates":[[-83.4818267,37.9705486],[-83.4818129,37.9707514],[-83.4818708,37.9711712],[-83.4820394,37.9714046],[-83.4821158,37.971421],[-83.4821609,37.9713824],[-83.4826507,37.9711407],[-83.4830049,37.9712003],[-83.4837347,37.9715324],[-83.4845338,37.9717179],[-83.4856474,37.9718896],[-83.485936,37.9719547],[-83.486323,37.9718574],[-83.4866285,37.97184],[-83.4868171,37.9717842],[-83.486989,37.9716772],[-83.4871465,37.9716929],[-83.4873716,37.9719153],[-83.4876448,37.9719396],[-83.4878572,37.9716951],[-83.4880912,37.9711388],[-83.488258,37.9708105]]}},{"type":"Feature","properties":{"osm_id":1494484762,"highway":"track","name":null,"alt_name":null,"official_name":null,"surface":null,"tracktype":null,"service":null,"access":null,"motor_vehicle":null,"foot":null,"tiger_reviewed":null,"rrgh_part":0,"rrgh_tile_part":0},"geometry":{"type":"LineString","coordinates":[[-83.4891201,37.9702613],[-83.4888245,37.9701412],[-83.4886876,37.9700039],[-83.4887989,37.9698084],[-83.4890137,37.9696768],[-83.4890205,37.9695191],[-83.4886711,37.9691544],[-83.4884739,37.9687936],[-83.4884022,37.9685769],[-83.4881059,37.9684042],[-83.4878951,37.9682471],[-83.4878499,37.9679932],[-83.4878252,37.9676854],[-83.4879081,37.9674937],[-83.4877672,37.9673763],[-83.4875871,37.9672776],[-83.4875234,37.9670888],[-83.4876484,37.9669148],[-83.4876876,37.9667939],[-83.4876093,37.9666674],[-83.4876953,37.9664265],[-83.4877216,37.9662823],[-83.4874742,37.9659479],[-83.4871599,37.9655619],[-83.4869779,37.9654281],[-83.486947,37.965281],[-83.4867542,37.9652088],[-83.4864423,37.9650996],[-83.4863112,37.9647749],[-83.4861762,37.9644775],[-83.4859216,37.9642838],[-83.4858432,37.9641028],[-83.485695,37.964014],[-83.4856485,37.9636933],[-83.4855784,37.9635714]]}},{"type":"Feature","properties":{"osm_id":16309937,"highway":"residential","name":"Long Run Road","alt_name":null,"official_name":null,"surface":null,"tracktype":null,"service":null,"access":null,"motor_vehicle":null,"foot":null,"tiger_reviewed":"no","rrgh_part":0,"rrgh_tile_part":0},"geometry":{"type":"LineString","coordinates":[[-83.480079,37.969177],[-83.48011,37.969226],[-83.480188,37.969437],[-83.48024,37.969528],[-83.480558,37.969921],[-83.480725,37.970107],[-83.480783,37.970172],[-83.480867,37.970249],[-83.481151,37.970456],[-83.481272,37.970526],[-83.481373,37.970558],[-83.481538,37.970573],[-83.4818267,37.9705486],[-83.481857,37.970546],[-83.482263,37.970455],[-83.483466,37.970276],[-83.483605,37.970233],[-83.483705,37.970171],[-83.4837274,37.9701438],[-83.483747,37.97012],[-83.483757,37.97009],[-83.483779,37.969885],[-83.483895,37.969132],[-83.484006,37.96866]]}},{"type":"Feature","properties":{"osm_id":970443509,"highway":"residential","name":"Chase Court","alt_name":null,"official_name":null,"surface":null,"tracktype":null,"service":null,"access":null,"motor_vehicle":null,"foot":null,"tiger_reviewed":null,"rrgh_part":0,"rrgh_tile_part":0},"geometry":{"type":"LineString","coordinates":[[-83.4837274,37.9701438],[-83.4841219,37.9702749],[-83.4845181,37.9703563],[-83.4853605,37.9702434]]}},{"type":"Feature","properties":{"osm_id":16310325,"highway":"service","name":"Mill Run Road","alt_name":null,"official_name":null,"surface":null,"tracktype":null,"service":null,"access":null,"motor_vehicle":null,"foot":null,"tiger_reviewed":"no","rrgh_part":0,"rrgh_tile_part":0},"geometry":{"type":"LineString","coordinates":[[-83.47412,37.966495],[-83.47427,37.966411],[-83.474338,37.966366],[-83.474426,37.966309],[-83.474595,37.966152],[-83.474655,37.96608]]}},{"type":"Feature","properties":{"osm_id":970443501,"highway":"service","name":null,"alt_name":null,"official_name":null,"surface":null,"tracktype":null,"service":null,"access":null,"motor_vehicle":null,"foot":null,"tiger_reviewed":null,"rrgh_part":0,"rrgh_tile_part":0},"geometry":{"type":"LineString","coordinates":[[-83.474655,37.96608],[-83.474829,37.9657576],[-83.476061,37.9646971],[-83.4763707,37.9645291],[-83.4767336,37.9643112],[-83.4772031,37.9641747],[-83.4774095,37.964088],[-83.4776027,37.9638386],[-83.4777692,37.9633005],[-83.4778957,37.9631955]]}},{"type":"Feature","properties":{"osm_id":970443502,"highway":"service","name":null,"alt_name":null,"official_name":null,"surface":null,"tracktype":null,"service":null,"access":null,"motor_vehicle":null,"foot":null,"tiger_reviewed":null,"rrgh_part":0,"rrgh_tile_part":0},"geometry":{"type":"LineString","coordinates":[[-83.4729211,37.9657514],[-83.4729051,37.9657015],[-83.47292,37.9655215],[-83.4728877,37.9653356],[-83.4728058,37.9651654],[-83.4727313,37.9650636],[-83.4726445,37.965001],[-83.4725526,37.9649541],[-83.472498,37.9648601],[-83.4724534,37.9647447],[-83.4723839,37.9646527],[-83.4722697,37.9645314],[-83.4722222,37.9645088]]}},{"type":"Feature","properties":{"osm_id":16308230,"highway":"service","name":"Adams Lane","alt_name":null,"official_name":null,"surface":null,"tracktype":null,"service":null,"access":null,"motor_vehicle":null,"foot":null,"tiger_reviewed":"no","rrgh_part":0,"rrgh_tile_part":0},"geometry":{"type":"LineString","coordinates":[[-83.4728469,37.9657561],[-83.472681,37.965839],[-83.472415,37.96596],[-83.471952,37.966262],[-83.471636,37.966437],[-83.471497,37.966532],[-83.471252,37.966743],[-83.471118,37.966832],[-83.470967,37.9669],[-83.470631,37.967023],[-83.470436,37.967123],[-83.470318,37.967217],[-83.470161,37.96738],[-83.46967,37.967712],[-83.469533,37.967779],[-83.469184,37.967913],[-83.468898,37.968054],[-83.468766,37.968105],[-83.468635,37.968132],[-83.468499,37.96814],[-83.468114,37.968138],[-83.467539,37.968113],[-83.466938,37.968127],[-83.466693,37.968107],[-83.466296,37.968035],[-83.4661879,37.9680303],[-83.466066,37.968025],[-83.465528,37.968041],[-83.465253,37.968062],[-83.464842,37.968109]]}},{"type":"Feature","properties":{"osm_id":16309206,"highway":"service","name":null,"alt_name":null,"official_name":null,"surface":null,"tracktype":null,"service":null,"access":null,"motor_vehicle":null,"foot":null,"tiger_reviewed":"no","rrgh_part":0,"rrgh_tile_part":0},"geometry":{"type":"LineString","coordinates":[[-83.471189,37.974215],[-83.4713469,37.9741811],[-83.4714351,37.9741622],[-83.4717761,37.9740883],[-83.4722455,37.9741986],[-83.4725488,37.9741911],[-83.4730908,37.9739714],[-83.4756365,37.9723955],[-83.4758497,37.9723213]]}},{"type":"Feature","properties":{"osm_id":16309207,"highway":"service","name":null,"alt_name":null,"official_name":null,"surface":null,"tracktype":null,"service":null,"access":null,"motor_vehicle":null,"foot":null,"tiger_reviewed":"no","rrgh_part":0,"rrgh_tile_part":0},"geometry":{"type":"LineString","coordinates":[[-83.4728754,37.9657864],[-83.4729211,37.9657514],[-83.4734001,37.9653847],[-83.4737408,37.9651751],[-83.4743197,37.9647112],[-83.4744228,37.9646072],[-83.4744354,37.9644773]]}},{"type":"Feature","properties":{"osm_id":16310422,"highway":"residential","name":"Thorn Lane","alt_name":null,"official_name":null,"surface":null,"tracktype":null,"service":null,"access":null,"motor_vehicle":null,"foot":null,"tiger_reviewed":"no","rrgh_part":0,"rrgh_tile_part":0},"geometry":{"type":"LineString","coordinates":[[-83.47350302538071,37.974999999999994],[-83.47352,37.974962],[-83.473589,37.974741],[-83.473631,37.974548],[-83.473647,37.974333]]}},{"type":"Feature","properties":{"osm_id":16310444,"highway":"service","name":"Goldenrod Lane","alt_name":null,"official_name":null,"surface":null,"tracktype":null,"service":null,"access":"private","motor_vehicle":null,"foot":null,"tiger_reviewed":"no","rrgh_part":0,"rrgh_tile_part":0},"geometry":{"type":"LineString","coordinates":[[-83.47863908045977,37.974999999999994],[-83.478643,37.974938],[-83.478664,37.974883],[-83.478666,37.974849],[-83.478651,37.974788]]}},{"type":"Feature","properties":{"osm_id":16310630,"highway":"service","name":"Bunker Lane","alt_name":null,"official_name":null,"surface":null,"tracktype":null,"service":null,"access":"private","motor_vehicle":null,"foot":null,"tiger_reviewed":"no","rrgh_part":0,"rrgh_tile_part":0},"geometry":{"type":"LineString","coordinates":[[-83.47608821229052,37.974999999999994],[-83.4763,37.974915],[-83.476328,37.974887],[-83.476341,37.974856],[-83.476326,37.974805]]}},{"type":"Feature","properties":{"osm_id":16310673,"highway":"residential","name":"Misty Hollow","alt_name":null,"official_name":null,"surface":null,"tracktype":null,"service":null,"access":null,"motor_vehicle":null,"foot":null,"tiger_reviewed":"no","rrgh_part":0,"rrgh_tile_part":0},"geometry":{"type":"LineString","coordinates":[[-83.471989,37.97024],[-83.47206,37.970254],[-83.472155,37.970247],[-83.4721914,37.9702308],[-83.472281,37.970191],[-83.4722942,37.9701816],[-83.472461,37.970063],[-83.472705,37.96983],[-83.472781,37.969783],[-83.472873,37.969768],[-83.47299,37.969773],[-83.47329,37.969821],[-83.473532,37.969874],[-83.473886,37.969979],[-83.474005,37.969996],[-83.474415,37.96995],[-83.474591,37.969916],[-83.474771,37.969926],[-83.475278,37.970026],[-83.475369,37.970058],[-83.475548,37.970142]]}},{"type":"Feature","properties":{"osm_id":16321753,"highway":"residential","name":"Coon Creek-Goad Pierce Cemeter Road","alt_name":null,"official_name":null,"surface":null,"tracktype":null,"service":null,"access":null,"motor_vehicle":null,"foot":null,"tiger_reviewed":"no","rrgh_part":0,"rrgh_tile_part":0},"geometry":{"type":"LineString","coordinates":[[-83.429514,37.92524],[-83.429587,37.92528],[-83.429657,37.925338],[-83.429888,37.92557],[-83.429992,37.925645],[-83.430092,37.925682],[-83.430243,37.925708],[-83.430427,37.925718],[-83.430622,37.925718],[-83.431022,37.925698],[-83.431219,37.925708],[-83.431402,37.92576],[-83.431961,37.925983],[-83.432161,37.926096],[-83.43228,37.926195],[-83.432385,37.926308],[-83.43259,37.926601],[-83.432703,37.926722],[-83.432768,37.926776],[-83.432969,37.926923],[-83.433186,37.927056],[-83.433414,37.927173],[-83.433576,37.927236],[-83.433832,37.927304],[-83.433995,37.927326],[-83.434074,37.927326],[-83.43437,37.927284],[-83.434697,37.927217],[-83.43499,37.927097],[-83.435029,37.927064],[-83.435098,37.926982],[-83.435174,37.926816],[-83.435195,37.926725],[-83.435185,37.926624],[-83.43505,37.926303],[-83.434995,37.926208],[-83.434749,37.925879],[-83.434709,37.925808],[-83.434701,37.925727],[-83.434722,37.925667],[-83.434806,37.92555],[-83.434856,37.92548],[-83.435263,37.925344],[-83.435347,37.925305],[-83.435438,37.925253],[-83.43586,37.924931],[-83.436037,37.92482],[-83.436601,37.924658],[-83.436809,37.924553],[-83.437002,37.924433],[-83.437177,37.924306],[-83.437282,37.924246],[-83.437407,37.924193],[-83.437653,37.92411],[-83.438031,37.924019],[-83.438125,37.923977],[-83.438201,37.923929],[-83.438306,37.923834],[-83.438475,37.923643],[-83.438682,37.923443],[-83.438784,37.923312],[-83.43887,37.923238],[-83.438916,37.923152],[-83.438912,37.922945],[-83.438952,37.922791],[-83.438962,37.922752],[-83.438994,37.922537],[-83.438976,37.922457],[-83.438981,37.922371],[-83.439025,37.922179],[-83.439022,37.922115],[-83.439064,37.922056],[-83.439139,37.922018],[-83.439179,37.921985],[-83.439257,37.921838],[-83.439291,37.921809],[-83.439409,37.921795],[-83.439481,37.921825],[-83.439637,37.921918],[-83.439825,37.922005],[-83.439913,37.922066],[-83.43999,37.922142],[-83.440051,37.922235],[-83.440334,37.922757],[-83.440456,37.922941],[-83.44067,37.923182],[-83.441112,37.923754],[-83.441261,37.923885],[-83.441352,37.923938],[-83.441649,37.924066],[-83.441733,37.924119],[-83.441872,37.924271],[-83.441959,37.924408],[-83.442137,37.924621],[-83.442309,37.924856],[-83.442425,37.924986],[-83.44248,37.925033],[-83.442591,37.925091],[-83.442755,37.925128],[-83.442844,37.925099],[-83.443067,37.924991],[-83.44331,37.924846],[-83.443542,37.924693],[-83.443848,37.924444],[-83.444123,37.924198],[-83.444198,37.924114],[-83.444262,37.924029],[-83.444408,37.92379],[-83.444519,37.923679],[-83.444674,37.923593],[-83.44497,37.923494],[-83.445152,37.923419],[-83.445247,37.923375],[-83.445392,37.923278],[-83.445542,37.923158],[-83.445983,37.922602],[-83.446046,37.922533],[-83.446244,37.922353],[-83.446719,37.92204],[-83.446838,37.921982],[-83.447403,37.921748],[-83.447727,37.921669],[-83.448591,37.921519],[-83.448983,37.921489],[-83.449237,37.921459],[-83.44994,37.921459],[-83.450047,37.921435],[-83.450209,37.921399],[-83.450243,37.921392],[-83.450339,37.921358],[-83.45044,37.921338],[-83.450625,37.92132],[-83.451272,37.921294],[-83.451374,37.921304],[-83.451575,37.921345],[-83.451758,37.921426],[-83.45184,37.921486],[-83.451984,37.921638],[-83.452095,37.921692],[-83.452552,37.921854],[-83.452939,37.921992],[-83.453333,37.922111],[-83.453965,37.922207],[-83.454079,37.92224],[-83.454293,37.92231],[-83.454398,37.922352],[-83.454492,37.922389],[-83.455022,37.922651],[-83.455081,37.922671],[-83.455162,37.922675],[-83.45523,37.922678],[-83.45529,37.922628],[-83.455372,37.922527],[-83.455401,37.922456],[-83.455449,37.922388],[-83.455512,37.922326],[-83.455585,37.922275],[-83.455667,37.922226],[-83.455863,37.922167],[-83.456181,37.922088],[-83.45674,37.921997],[-83.457123,37.921923],[-83.457494,37.921806],[-83.457631,37.92179],[-83.457768,37.921784],[-83.457906,37.92179],[-83.458358,37.921869],[-83.458585,37.921919],[-83.458952,37.921996],[-83.459084,37.922039],[-83.459348,37.922166],[-83.459607,37.922329],[-83.459722,37.922425],[-83.460037,37.92274],[-83.460618,37.923221],[-83.461092,37.923588],[-83.461249,37.923727],[-83.461486,37.923991],[-83.461675,37.924136],[-83.462004,37.924361],[-83.462221,37.924515]]}},{"type":"Feature","properties":{"osm_id":16321888,"highway":"residential","name":"Frog Hollow Road","alt_name":null,"official_name":null,"surface":null,"tracktype":null,"service":null,"access":null,"motor_vehicle":null,"foot":null,"tiger_reviewed":"no","rrgh_part":0,"rrgh_tile_part":0},"geometry":{"type":"LineString","coordinates":[[-83.44361344957983,37.9],[-83.443624,37.900093],[-83.443665,37.901202],[-83.443661,37.901317],[-83.443621,37.901515],[-83.443564,37.901632],[-83.44338,37.90194],[-83.443251,37.902176],[-83.443063,37.90252],[-83.442682,37.903117],[-83.442664,37.90315],[-83.44259,37.90329],[-83.44256,37.903377],[-83.442526,37.903583],[-83.442485,37.904206],[-83.442492,37.904559],[-83.442485,37.904663],[-83.442454,37.904749],[-83.442444,37.904766],[-83.442387,37.90484],[-83.442298,37.904912],[-83.442185,37.904972],[-83.441459,37.905273],[-83.440701,37.90568],[-83.440111,37.90597],[-83.439905,37.906054],[-83.439835,37.906065]]}},{"type":"Feature","properties":{"osm_id":313839120,"highway":"service","name":null,"alt_name":null,"official_name":null,"surface":null,"tracktype":null,"service":null,"access":null,"motor_vehicle":null,"foot":null,"tiger_reviewed":null,"rrgh_part":0,"rrgh_tile_part":0},"geometry":{"type":"LineString","coordinates":[[-83.4618009,37.9056525],[-83.4614271,37.9055346],[-83.4610302,37.9054838],[-83.4606761,37.9054754],[-83.460367,37.9054805],[-83.4601719,37.9054838],[-83.459968,37.90545],[-83.4595925,37.9053314]]}},{"type":"Feature","properties":{"osm_id":313839511,"highway":"service","name":null,"alt_name":null,"official_name":null,"surface":null,"tracktype":null,"service":null,"access":null,"motor_vehicle":null,"foot":null,"tiger_reviewed":null,"rrgh_part":0,"rrgh_tile_part":0},"geometry":{"type":"LineString","coordinates":[[-83.45365995138638,37.9],[-83.4535637,37.9001827],[-83.4534451,37.9002483]]}},{"type":"Feature","properties":{"osm_id":802766105,"highway":"service","name":null,"alt_name":null,"official_name":null,"surface":null,"tracktype":null,"service":null,"access":null,"motor_vehicle":null,"foot":null,"tiger_reviewed":null,"rrgh_part":0,"rrgh_tile_part":0},"geometry":{"type":"LineString","coordinates":[[-83.460367,37.9054805],[-83.4602174,37.9055772],[-83.4601101,37.9056746],[-83.459799,37.9057592],[-83.4596809,37.9058227],[-83.4596273,37.9059582],[-83.4596273,37.9060724],[-83.4596595,37.9062079],[-83.4597131,37.9063095],[-83.4598097,37.9063518]]}},{"type":"Feature","properties":{"osm_id":313839119,"highway":"service","name":null,"alt_name":null,"official_name":null,"surface":null,"tracktype":null,"service":null,"access":null,"motor_vehicle":null,"foot":null,"tiger_reviewed":null,"rrgh_part":0,"rrgh_tile_part":0},"geometry":{"type":"LineString","coordinates":[[-83.4625299,37.9050609],[-83.4626502,37.9053738],[-83.4623606,37.9055854],[-83.4618009,37.9056525],[-83.461513,37.905687],[-83.4612233,37.9057378],[-83.4611053,37.9058055],[-83.4610624,37.9058902],[-83.4610302,37.9060341],[-83.4610302,37.906161]]}},{"type":"Feature","properties":{"osm_id":313839121,"highway":"service","name":null,"alt_name":null,"official_name":null,"surface":null,"tracktype":null,"service":null,"access":null,"motor_vehicle":null,"foot":null,"tiger_reviewed":null,"rrgh_part":0,"rrgh_tile_part":0},"geometry":{"type":"LineString","coordinates":[[-83.4637496,37.9049606],[-83.4637913,37.905133],[-83.4638027,37.9053554],[-83.4638754,37.9055183],[-83.4644838,37.9061949],[-83.4645902,37.9062597],[-83.4647188,37.9062851],[-83.4648763,37.9062757],[-83.4649503,37.9063275]]}},{"type":"Feature","properties":{"osm_id":16317796,"highway":"residential","name":null,"alt_name":null,"official_name":null,"surface":null,"tracktype":null,"service":null,"access":null,"motor_vehicle":null,"foot":null,"tiger_reviewed":"no","rrgh_part":0,"rrgh_tile_part":0},"geometry":{"type":"LineString","coordinates":[[-83.43756700344431,37.9],[-83.438311,37.900538],[-83.440632,37.902073],[-83.442461,37.90315],[-83.442664,37.90315]]}},{"type":"Feature","properties":{"osm_id":16318501,"highway":"residential","name":"Saw Mill Road","alt_name":null,"official_name":null,"surface":null,"tracktype":null,"service":null,"access":null,"motor_vehicle":null,"foot":null,"tiger_reviewed":"no","rrgh_part":0,"rrgh_tile_part":0},"geometry":{"type":"LineString","coordinates":[[-83.447312,37.901927],[-83.447251,37.901968],[-83.447212,37.901983],[-83.447124,37.902005],[-83.447019,37.90202],[-83.446748,37.902034],[-83.446545,37.90202],[-83.446133,37.901945],[-83.445295,37.901819],[-83.444283,37.901613],[-83.443814,37.90155],[-83.443621,37.901515]]}},{"type":"Feature","properties":{"osm_id":16320983,"highway":"residential","name":"Across Cliff Road","alt_name":null,"official_name":null,"surface":null,"tracktype":null,"service":null,"access":null,"motor_vehicle":null,"foot":null,"tiger_reviewed":"no","rrgh_part":0,"rrgh_tile_part":0},"geometry":{"type":"LineString","coordinates":[[-83.439835,37.906065],[-83.439597,37.90618],[-83.439455,37.906261],[-83.439219,37.906372],[-83.439097,37.906447],[-83.43896,37.906516],[-83.438912,37.906558],[-83.438892,37.906606],[-83.438901,37.906654],[-83.438931,37.906697],[-83.438976,37.906735],[-83.439225,37.90688],[-83.439521,37.907033],[-83.43967,37.907125],[-83.440081,37.907418],[-83.440211,37.907561],[-83.440261,37.907641],[-83.440333,37.907812],[-83.440548,37.908448],[-83.440837,37.909103],[-83.440953,37.90944],[-83.441029,37.909611],[-83.441037,37.909674],[-83.441025,37.909713],[-83.440911,37.909878],[-83.44082,37.910059],[-83.440635,37.910583],[-83.440552,37.910732],[-83.440498,37.910798],[-83.440433,37.910857],[-83.440355,37.910904],[-83.440267,37.910939],[-83.440172,37.910958],[-83.440073,37.910962],[-83.439973,37.910955],[-83.439584,37.910879],[-83.438832,37.910681],[-83.438559,37.910635],[-83.438376,37.910632],[-83.4382919,37.9106372],[-83.438005,37.910655],[-83.437723,37.910658],[-83.437156,37.910614],[-83.436808,37.910596],[-83.43673,37.910584],[-83.436587,37.910539],[-83.436201,37.910368],[-83.435085,37.909432],[-83.434953,37.908638],[-83.43417,37.907808]]}},{"type":"Feature","properties":{"osm_id":16318500,"highway":"residential","name":"Higgins Cemetery Road","alt_name":null,"official_name":null,"surface":null,"tracktype":null,"service":null,"access":null,"motor_vehicle":null,"foot":null,"tiger_reviewed":"no","rrgh_part":0,"rrgh_tile_part":0},"geometry":{"type":"LineString","coordinates":[[-83.460637,37.91903],[-83.460502,37.918914],[-83.460436,37.918745],[-83.460351,37.918568],[-83.460237,37.918391],[-83.460044,37.918282],[-83.459832,37.918227],[-83.45958,37.918233],[-83.459411,37.918303]]}},{"type":"Feature","properties":{"osm_id":16318155,"highway":"service","name":null,"alt_name":null,"official_name":null,"surface":null,"tracktype":null,"service":null,"access":"private","motor_vehicle":null,"foot":null,"tiger_reviewed":"no","rrgh_part":0,"rrgh_tile_part":0},"geometry":{"type":"LineString","coordinates":[[-83.454398,37.922352],[-83.453959,37.921732]]}},{"type":"Feature","properties":{"osm_id":16318499,"highway":"residential","name":"Higgins Cemetery Road","alt_name":null,"official_name":null,"surface":null,"tracktype":null,"service":null,"access":null,"motor_vehicle":null,"foot":null,"tiger_reviewed":"no","rrgh_part":0,"rrgh_tile_part":0},"geometry":{"type":"LineString","coordinates":[[-83.459411,37.918303],[-83.459425,37.918366],[-83.459048,37.919522],[-83.458838,37.920033],[-83.458786,37.92024],[-83.458779,37.920667],[-83.458789,37.920885],[-83.458774,37.921202],[-83.458764,37.921431],[-83.458751,37.921502],[-83.458702,37.92165],[-83.458585,37.921919]]}},{"type":"Feature","properties":{"osm_id":16319340,"highway":"service","name":"Montgomery Road","alt_name":null,"official_name":null,"surface":null,"tracktype":null,"service":null,"access":"private","motor_vehicle":null,"foot":null,"tiger_reviewed":"no","rrgh_part":0,"rrgh_tile_part":0},"geometry":{"type":"LineString","coordinates":[[-83.45527,37.919021],[-83.455228,37.919168],[-83.455229,37.919209],[-83.455251,37.919246],[-83.455323,37.9193],[-83.455624,37.919382],[-83.456388,37.919658],[-83.456546,37.919705],[-83.456873,37.919768],[-83.457086,37.919767],[-83.457229,37.919731],[-83.457297,37.919703],[-83.457425,37.919632],[-83.457612,37.919499],[-83.457779,37.919349],[-83.458144,37.918943],[-83.458209,37.918822],[-83.458221,37.918755],[-83.458219,37.918689],[-83.458403,37.918335],[-83.458533,37.918042],[-83.458566,37.917998],[-83.45861,37.917966],[-83.458662,37.917946],[-83.458774,37.917926],[-83.458955,37.917925],[-83.45908,37.917943],[-83.459188,37.917991],[-83.459225,37.918022],[-83.459348,37.918212],[-83.459411,37.918303]]}},{"type":"Feature","properties":{"osm_id":16322273,"highway":"residential","name":"Sawmill Road","alt_name":null,"official_name":null,"surface":null,"tracktype":null,"service":null,"access":null,"motor_vehicle":null,"foot":null,"tiger_reviewed":"no","rrgh_part":0,"rrgh_tile_part":0},"geometry":{"type":"LineString","coordinates":[[-83.439835,37.906065],[-83.439753,37.906057],[-83.439615,37.905994],[-83.439564,37.905919],[-83.439503,37.905729],[-83.43951,37.905624],[-83.439526,37.905583],[-83.439551,37.905522],[-83.439773,37.905127],[-83.439838,37.904937],[-83.43984,37.904904],[-83.439775,37.90476],[-83.439561,37.904471],[-83.43917,37.904102],[-83.43887,37.903853],[-83.438246,37.90342],[-83.437831,37.903054],[-83.437611,37.902909],[-83.437485,37.902852],[-83.436892,37.902629],[-83.436604,37.902546],[-83.436458,37.902524],[-83.436327,37.902519],[-83.436201,37.902524],[-83.435823,37.902578],[-83.435488,37.902579],[-83.435384,37.902597],[-83.43511,37.902705]]}},{"type":"Feature","properties":{"osm_id":802766106,"highway":"service","name":null,"alt_name":null,"official_name":null,"surface":null,"tracktype":null,"service":null,"access":null,"motor_vehicle":null,"foot":null,"tiger_reviewed":null,"rrgh_part":0,"rrgh_tile_part":0},"geometry":{"type":"LineString","coordinates":[[-83.438832,37.910681],[-83.4386266,37.9106108],[-83.4384711,37.910536],[-83.4383901,37.9104806],[-83.4383573,37.9104581],[-83.4382776,37.9103354],[-83.4382473,37.9101409],[-83.43827,37.9099673],[-83.4382625,37.9097848],[-83.4382283,37.9095962],[-83.4381373,37.9094376],[-83.4379893,37.9092371],[-83.4377428,37.9090276],[-83.4367528,37.9081537],[-83.4364341,37.9079651],[-83.4361383,37.9077227],[-83.435831,37.9073307],[-83.4356907,37.9070224],[-83.4356148,37.9067261]]}},{"type":"Feature","properties":{"osm_id":802766107,"highway":"service","name":null,"alt_name":null,"official_name":null,"surface":null,"tracktype":null,"service":null,"access":null,"motor_vehicle":null,"foot":null,"tiger_reviewed":null,"rrgh_part":0,"rrgh_tile_part":0},"geometry":{"type":"LineString","coordinates":[[-83.4383901,37.9104806],[-83.4384019,37.910532],[-83.4383828,37.9105773],[-83.4383413,37.9106138],[-83.4382919,37.9106372]]}},{"type":"Feature","properties":{"osm_id":16318159,"highway":"service","name":null,"alt_name":null,"official_name":null,"surface":null,"tracktype":null,"service":null,"access":"private","motor_vehicle":null,"foot":null,"tiger_reviewed":"no","rrgh_part":0,"rrgh_tile_part":0},"geometry":{"type":"LineString","coordinates":[[-83.433744,37.910639],[-83.436049,37.910733],[-83.436201,37.910368]]}},{"type":"Feature","properties":{"osm_id":16318491,"highway":"residential","name":"Coon Creek-Goad Cemetery Spur Road","alt_name":null,"official_name":null,"surface":null,"tracktype":null,"service":null,"access":null,"motor_vehicle":null,"foot":null,"tiger_reviewed":"no","rrgh_part":0,"rrgh_tile_part":0},"geometry":{"type":"LineString","coordinates":[[-83.439064,37.922056],[-83.438939,37.922018],[-83.438878,37.922],[-83.438817,37.921961],[-83.438632,37.921576],[-83.43858,37.92142],[-83.438457,37.921143],[-83.438309,37.920872],[-83.438225,37.92076],[-83.438046,37.920621],[-83.437968,37.920585],[-83.437561,37.920439],[-83.437205,37.920356],[-83.436854,37.920295],[-83.436665,37.920279],[-83.436098,37.92026],[-83.435571,37.920205],[-83.435047,37.920211],[-83.43499,37.920202],[-83.434901,37.920168],[-83.434858,37.920138],[-83.434799,37.920036],[-83.434743,37.919744],[-83.434697,37.919577],[-83.434465,37.919016],[-83.434361,37.918828],[-83.434204,37.918568],[-83.434079,37.918392],[-83.433992,37.918303],[-83.43363,37.917997],[-83.433551,37.917964],[-83.433513,37.917962],[-83.433293,37.918024],[-83.433164,37.918037],[-83.433097,37.918025],[-83.432844,37.917876],[-83.432577,37.917622],[-83.431991,37.917185],[-83.431866,37.917131],[-83.431811,37.917118],[-83.43143,37.917097],[-83.431317,37.917072],[-83.431052,37.916966],[-83.430773,37.916894],[-83.43058,37.916845],[-83.430459,37.916757],[-83.430361,37.916709],[-83.430256,37.916635],[-83.430145,37.916573],[-83.429518,37.916307],[-83.429458,37.916272],[-83.429402,37.916219],[-83.429244,37.916029],[-83.429095,37.915696],[-83.428936,37.915558],[-83.428804,37.915404],[-83.428749,37.91529],[-83.428699,37.915259],[-83.42828,37.915182],[-83.428213,37.915177],[-83.428092,37.915197],[-83.427855,37.91527],[-83.427631,37.915261],[-83.427294,37.915142],[-83.427108,37.915115],[-83.427025,37.915112],[-83.426866,37.915135],[-83.426788,37.915153],[-83.426721,37.915182],[-83.426607,37.915244],[-83.426449,37.915389],[-83.426387,37.915404],[-83.426148,37.915357],[-83.425917,37.915292],[-83.425762,37.915266],[-83.425474,37.91516],[-83.425041,37.91498],[-83.424891,37.914961],[-83.424412,37.915004],[-83.423629,37.914979],[-83.422747,37.914977]]}},{"type":"Feature","properties":{"osm_id":16308829,"highway":"residential","name":null,"alt_name":null,"official_name":null,"surface":null,"tracktype":null,"service":null,"access":null,"motor_vehicle":null,"foot":null,"tiger_reviewed":"no","rrgh_part":0,"rrgh_tile_part":0},"geometry":{"type":"LineString","coordinates":[[-83.454016,37.935357],[-83.454224,37.936498],[-83.454319,37.93798],[-83.454437,37.938299],[-83.454559,37.939349],[-83.454112,37.942109],[-83.454087,37.94268],[-83.453715,37.943364],[-83.4534,37.943638],[-83.452653,37.944025],[-83.452308,37.944344]]}},{"type":"Feature","properties":{"osm_id":16319185,"highway":"residential","name":"Lane Road","alt_name":null,"official_name":null,"surface":null,"tracktype":null,"service":null,"access":null,"motor_vehicle":null,"foot":null,"tiger_reviewed":"no","rrgh_part":0,"rrgh_tile_part":0},"geometry":{"type":"LineString","coordinates":[[-83.452203,37.927745],[-83.452246,37.927743],[-83.452297,37.927753],[-83.4525,37.927866],[-83.452683,37.927944],[-83.453832,37.928307],[-83.454387,37.928507],[-83.454759,37.928699],[-83.45505,37.928867],[-83.455297,37.929025],[-83.455475,37.929118],[-83.455667,37.929181],[-83.456046,37.929252],[-83.456214,37.929294],[-83.456576,37.929402],[-83.456677,37.92945],[-83.456843,37.929574],[-83.456914,37.92965],[-83.456976,37.929751]]}},{"type":"Feature","properties":{"osm_id":16322395,"highway":"residential","name":"Whites Branch Road","alt_name":null,"official_name":null,"surface":null,"tracktype":null,"service":null,"access":null,"motor_vehicle":null,"foot":null,"tiger_reviewed":"no","rrgh_part":0,"rrgh_tile_part":0},"geometry":{"type":"LineString","coordinates":[[-83.4424576,37.9580006],[-83.442044,37.958041],[-83.441816,37.958051],[-83.440926,37.958077],[-83.440349,37.958056],[-83.440171,37.958058],[-83.439499,37.958091],[-83.43919,37.958144],[-83.437284,37.958427],[-83.437189,37.958452],[-83.436256,37.958623],[-83.436033,37.958688],[-83.435922,37.958735],[-83.435734,37.958841],[-83.435643,37.958905],[-83.435435,37.959216],[-83.435374,37.959339],[-83.435286,37.959427],[-83.4351408,37.9594999],[-83.435055,37.959543],[-83.434544,37.959715],[-83.434291,37.9598],[-83.43396,37.959895],[-83.433632,37.960008],[-83.433479,37.960073],[-83.432673,37.960493],[-83.432505,37.960558],[-83.432338,37.960612],[-83.432167,37.960647],[-83.431697,37.96072],[-83.431442,37.960818],[-83.431138,37.961075],[-83.430734,37.961511],[-83.430624,37.961606],[-83.4304,37.961842],[-83.430298,37.96196],[-83.430208,37.962086],[-83.429999,37.962499],[-83.429796,37.962836],[-83.429702,37.963042],[-83.429563,37.963402],[-83.429511,37.96351],[-83.429435,37.963612],[-83.429214,37.963778],[-83.428801,37.964038],[-83.428727,37.964088],[-83.42856,37.964295],[-83.428499,37.964411],[-83.42843,37.964659],[-83.428391,37.964913],[-83.42826,37.965125],[-83.428063,37.965341],[-83.427746,37.965658],[-83.427278,37.966013],[-83.427212,37.966092],[-83.42718,37.966171],[-83.427163,37.966257],[-83.427164,37.966345],[-83.427204,37.966461],[-83.42743,37.966916],[-83.427653,37.967236],[-83.427713,37.967352],[-83.427755,37.967476],[-83.427815,37.967726],[-83.427859,37.967998],[-83.427866,37.968394],[-83.427856,37.968529],[-83.427829,37.968665],[-83.427702,37.969053],[-83.427643,37.969307],[-83.42761,37.969706],[-83.427578,37.969821],[-83.427468,37.970026],[-83.427369,37.970102],[-83.427246,37.970168],[-83.426965,37.970271],[-83.426834,37.970329],[-83.426716,37.9704],[-83.426616,37.970484],[-83.426537,37.970574],[-83.426476,37.970761],[-83.426482,37.970861],[-83.426573,37.971308],[-83.426564,37.971481],[-83.426621,37.971792],[-83.426618,37.971918],[-83.426598,37.972035],[-83.426557,37.972136],[-83.426498,37.972219],[-83.426427,37.972277],[-83.42634,37.972322],[-83.426241,37.972333],[-83.426144,37.972318],[-83.425784,37.972164],[-83.425669,37.972127],[-83.42513,37.971903],[-83.424988,37.971852],[-83.424682,37.971794],[-83.424523,37.971796],[-83.424374,37.971828],[-83.424241,37.971889],[-83.42413,37.971975],[-83.424036,37.972078],[-83.423871,37.972312],[-83.423577,37.972863],[-83.423392,37.973145],[-83.423181,37.973395],[-83.42307,37.973501],[-83.42295,37.973598],[-83.422821,37.973689],[-83.422192,37.974065],[-83.421832,37.974259],[-83.42125,37.974533],[-83.42074,37.974727],[-83.420591,37.974763],[-83.420444,37.974773],[-83.420301,37.974762],[-83.420162,37.974731],[-83.42,37.97466701]]}},{"type":"Feature","properties":{"osm_id":16318218,"highway":"residential","name":null,"alt_name":null,"official_name":null,"surface":null,"tracktype":null,"service":null,"access":null,"motor_vehicle":null,"foot":null,"tiger_reviewed":"no","rrgh_part":0,"rrgh_tile_part":0},"geometry":{"type":"LineString","coordinates":[[-83.445984,37.934717],[-83.445843,37.934965],[-83.445651,37.936181],[-83.445423,37.93654],[-83.445283,37.937013],[-83.445173,37.937531],[-83.443941,37.941696],[-83.443685,37.942123]]}},{"type":"Feature","properties":{"osm_id":16318219,"highway":"residential","name":null,"alt_name":null,"official_name":null,"surface":null,"tracktype":null,"service":null,"access":null,"motor_vehicle":null,"foot":null,"tiger_reviewed":"no","rrgh_part":0,"rrgh_tile_part":0},"geometry":{"type":"LineString","coordinates":[[-83.45,37.933504],[-83.449537,37.934282],[-83.449653,37.935243],[-83.449566,37.935495],[-83.44844,37.936914],[-83.448209,37.937737],[-83.448134,37.938578]]}},{"type":"Feature","properties":{"osm_id":16308917,"highway":"residential","name":null,"alt_name":null,"official_name":null,"surface":null,"tracktype":null,"service":null,"access":null,"motor_vehicle":null,"foot":null,"tiger_reviewed":"no","rrgh_part":0,"rrgh_tile_part":0},"geometry":{"type":"LineString","coordinates":[[-83.461764,37.948469],[-83.460005,37.949076]]}},{"type":"Feature","properties":{"osm_id":16309215,"highway":"residential","name":null,"alt_name":null,"official_name":null,"surface":null,"tracktype":null,"service":null,"access":null,"motor_vehicle":null,"foot":null,"tiger_reviewed":"no","rrgh_part":0,"rrgh_tile_part":0},"geometry":{"type":"LineString","coordinates":[[-83.46634,37.948501],[-83.465977,37.948343],[-83.465809,37.94789],[-83.46562,37.947228],[-83.465414,37.946437],[-83.465195,37.945785],[-83.465076,37.945289],[-83.46503,37.944803],[-83.464708,37.94438]]}},{"type":"Feature","properties":{"osm_id":16308625,"highway":"service","name":null,"alt_name":null,"official_name":null,"surface":null,"tracktype":null,"service":null,"access":"private","motor_vehicle":null,"foot":null,"tiger_reviewed":"no","rrgh_part":0,"rrgh_tile_part":0},"geometry":{"type":"LineString","coordinates":[[-83.448359,37.946506],[-83.448328,37.946568],[-83.448281,37.946609],[-83.448228,37.94665],[-83.448141,37.946677],[-83.447963,37.946693],[-83.447691,37.946714],[-83.447559,37.946719],[-83.446922,37.946744],[-83.446419,37.946766],[-83.446282,37.946768],[-83.44597,37.946772]]}},{"type":"Feature","properties":{"osm_id":16309173,"highway":"residential","name":null,"alt_name":null,"official_name":null,"surface":null,"tracktype":null,"service":null,"access":null,"motor_vehicle":null,"foot":null,"tiger_reviewed":"no","rrgh_part":0,"rrgh_tile_part":0},"geometry":{"type":"LineString","coordinates":[[-83.448134,37.938578],[-83.448069,37.939369],[-83.448104,37.940731],[-83.448633,37.942695],[-83.448606,37.943179]]}},{"type":"Feature","properties":{"osm_id":16310773,"highway":"residential","name":"Keetons Lake Road","alt_name":null,"official_name":null,"surface":null,"tracktype":null,"service":null,"access":null,"motor_vehicle":null,"foot":null,"tiger_reviewed":"no","rrgh_part":0,"rrgh_tile_part":0},"geometry":{"type":"LineString","coordinates":[[-83.4505634,37.9435881],[-83.4501678,37.9435221],[-83.4500426,37.94351],[-83.449981,37.9435252],[-83.449915,37.943624],[-83.449857,37.943677],[-83.4497,37.943759],[-83.449461,37.943842],[-83.449396,37.943892],[-83.449289,37.944038],[-83.449089,37.944394],[-83.449046,37.944479],[-83.448947,37.94475],[-83.448818,37.945178],[-83.448611,37.945618],[-83.448543,37.945798],[-83.448473,37.946065],[-83.448369,37.946396],[-83.448359,37.946506],[-83.448355,37.946548],[-83.448378,37.946677],[-83.448418,37.946777],[-83.448449,37.946817],[-83.448551,37.946878],[-83.448852,37.946979],[-83.449014,37.947065],[-83.449177,37.947179],[-83.449708,37.947649],[-83.450208,37.948025],[-83.450525,37.948297],[-83.451473,37.949237],[-83.45159,37.949398],[-83.451729,37.949664],[-83.451842,37.949841],[-83.452283,37.950317],[-83.452396,37.95048],[-83.452676,37.951036],[-83.452795,37.951325],[-83.452918,37.951688],[-83.452954,37.95195],[-83.452943,37.952114],[-83.452877,37.95227],[-83.45253,37.952804],[-83.45239,37.953077],[-83.452369,37.953191],[-83.452408,37.953366]]}},{"type":"Feature","properties":{"osm_id":16310774,"highway":"residential","name":"Keetons Lake Road","alt_name":null,"official_name":null,"surface":null,"tracktype":null,"service":null,"access":null,"motor_vehicle":null,"foot":null,"tiger_reviewed":"no","rrgh_part":0,"rrgh_tile_part":0},"geometry":{"type":"LineString","coordinates":[[-83.449991,37.943226],[-83.449998,37.943421],[-83.449981,37.9435252]]}},{"type":"Feature","properties":{"osm_id":16322496,"highway":"residential","name":"Goad Cemetery Road","alt_name":null,"official_name":null,"surface":null,"tracktype":null,"service":null,"access":null,"motor_vehicle":null,"foot":null,"tiger_reviewed":"no","rrgh_part":0,"rrgh_tile_part":0},"geometry":{"type":"LineString","coordinates":[[-83.429888,37.92557],[-83.429915,37.925663],[-83.429905,37.925793],[-83.429849,37.926131],[-83.429856,37.926314],[-83.429892,37.926428],[-83.429996,37.926663],[-83.430131,37.927159],[-83.430166,37.927362]]}},{"type":"Feature","properties":{"osm_id":16322497,"highway":"residential","name":"Goad Cemetery Road","alt_name":null,"official_name":null,"surface":null,"tracktype":null,"service":null,"access":null,"motor_vehicle":null,"foot":null,"tiger_reviewed":"no","rrgh_part":0,"rrgh_tile_part":0},"geometry":{"type":"LineString","coordinates":[[-83.429905,37.925793],[-83.429955,37.925736],[-83.429995,37.925714],[-83.430092,37.925682]]}},{"type":"Feature","properties":{"osm_id":16318716,"highway":"residential","name":"Lawson Road","alt_name":null,"official_name":null,"surface":null,"tracktype":null,"service":null,"access":null,"motor_vehicle":null,"foot":null,"tiger_reviewed":"no","rrgh_part":0,"rrgh_tile_part":0},"geometry":{"type":"LineString","coordinates":[[-83.421797,37.936091],[-83.422666,37.935765],[-83.423336,37.935205],[-83.424665,37.934442],[-83.424683,37.934431],[-83.425269,37.933942],[-83.426113,37.933656],[-83.427127,37.934051],[-83.427616,37.934989],[-83.428194,37.935793],[-83.428184,37.936305],[-83.428165,37.936735],[-83.428481,37.937741],[-83.428352,37.939152],[-83.428504,37.939876]]}},{"type":"Feature","properties":{"osm_id":16318154,"highway":"service","name":null,"alt_name":null,"official_name":null,"surface":null,"tracktype":null,"service":null,"access":"private","motor_vehicle":null,"foot":null,"tiger_reviewed":"no","rrgh_part":0,"rrgh_tile_part":0},"geometry":{"type":"LineString","coordinates":[[-83.42,37.935762863084925],[-83.420033,37.935723],[-83.420204,37.935478]]}},{"type":"Feature","properties":{"osm_id":16322472,"highway":"residential","name":"Sexton Cemetery Road","alt_name":null,"official_name":null,"surface":null,"tracktype":null,"service":null,"access":null,"motor_vehicle":null,"foot":null,"tiger_reviewed":"no","rrgh_part":0,"rrgh_tile_part":0},"geometry":{"type":"LineString","coordinates":[[-83.42,37.93532727835052],[-83.420204,37.935478],[-83.420261,37.93552],[-83.420446,37.93563],[-83.420814,37.935822],[-83.420893,37.935881],[-83.421082,37.936074],[-83.421153,37.936127],[-83.42124,37.936156],[-83.421334,37.936156],[-83.421583,37.936102],[-83.421687,37.93609],[-83.421797,37.936091]]}},{"type":"Feature","properties":{"osm_id":16319991,"highway":"residential","name":"Hoop Road","alt_name":null,"official_name":null,"surface":null,"tracktype":null,"service":null,"access":null,"motor_vehicle":null,"foot":null,"tiger_reviewed":"no","rrgh_part":0,"rrgh_tile_part":0},"geometry":{"type":"LineString","coordinates":[[-83.420546,37.9470637],[-83.4205728,37.9474867],[-83.4208785,37.9479436],[-83.4210608,37.948354],[-83.4214631,37.94953],[-83.421699,37.9501604],[-83.4219797,37.9511686],[-83.4229666,37.951418],[-83.4235244,37.9516166],[-83.4238623,37.9517772],[-83.4240178,37.9518322],[-83.4242431,37.9518618],[-83.4246293,37.9518787],[-83.4247902,37.9519294],[-83.4251335,37.9521112],[-83.4253266,37.9523437],[-83.425525,37.9526776],[-83.4256269,37.9527664],[-83.4257449,37.9528129],[-83.4258951,37.9528213],[-83.4260989,37.9527748],[-83.4262813,37.9526945],[-83.4264368,37.9525931],[-83.4265066,37.9525635],[-83.4271502,37.9525128],[-83.427413,37.9525212],[-83.4278796,37.95261],[-83.4284321,37.9526565],[-83.428829,37.9527283],[-83.429239,37.952854],[-83.42938,37.952984],[-83.429573,37.953204],[-83.429685,37.953366],[-83.4300014,37.9538811],[-83.43004,37.953944],[-83.430065,37.954012],[-83.430103,37.954212],[-83.430143,37.954267],[-83.430205,37.95431],[-83.430281,37.954341],[-83.430307,37.954347],[-83.430554,37.954406],[-83.430634,37.954447],[-83.430762,37.954534],[-83.430943,37.95471],[-83.431018,37.954757],[-83.4311,37.954792],[-83.431277,37.954825],[-83.431366,37.954826],[-83.431457,37.954814],[-83.43164,37.954766],[-83.431814,37.954689],[-83.431995,37.95463],[-83.432091,37.954608],[-83.432514,37.954543],[-83.432617,37.95451],[-83.432784,37.954421],[-83.43287,37.954385],[-83.432968,37.954369],[-83.433073,37.954365],[-83.433274,37.954373],[-83.433372,37.954366],[-83.43346,37.954348],[-83.433742,37.95425],[-83.433975,37.954185],[-83.434337,37.954118],[-83.43457,37.954085],[-83.434684,37.954079],[-83.434794,37.954087],[-83.434897,37.954109],[-83.435277,37.954256],[-83.435371,37.954303],[-83.435468,37.954334],[-83.435643,37.954367],[-83.435854,37.954381],[-83.435941,37.954408],[-83.436,37.954449]]}},{"type":"Feature","properties":{"osm_id":16322758,"highway":"residential","name":"Eaton Road","alt_name":null,"official_name":null,"surface":null,"tracktype":null,"service":null,"access":null,"motor_vehicle":null,"foot":null,"tiger_reviewed":"no","rrgh_part":0,"rrgh_tile_part":0},"geometry":{"type":"LineString","coordinates":[[-83.437489,37.948367],[-83.437514,37.948539],[-83.437453,37.949142],[-83.437454,37.949424],[-83.437486,37.949888],[-83.437528,37.950159],[-83.437548,37.950496],[-83.437512,37.950696],[-83.437409,37.950953],[-83.437213,37.951237],[-83.43709,37.951355],[-83.437009,37.951412],[-83.436743,37.951658],[-83.436692,37.951726],[-83.436655,37.951849],[-83.43664,37.95195],[-83.436652,37.952028],[-83.436768,37.952199],[-83.436895,37.952387],[-83.43699,37.952562],[-83.437028,37.952653],[-83.437051,37.952745],[-83.437058,37.952835],[-83.437028,37.953015],[-83.436845,37.953466],[-83.436786,37.953642],[-83.436755,37.953806],[-83.436742,37.954077]]}},{"type":"Feature","properties":{"osm_id":1421283876,"highway":"residential","name":"Brown Ridge Road","alt_name":null,"official_name":null,"surface":null,"tracktype":null,"service":null,"access":null,"motor_vehicle":null,"foot":null,"tiger_reviewed":null,"rrgh_part":0,"rrgh_tile_part":0},"geometry":{"type":"LineString","coordinates":[[-83.4307031,37.9450035],[-83.4308639,37.9453885],[-83.4309282,37.9456592],[-83.4309175,37.9457523],[-83.43088,37.9458115],[-83.4306763,37.9460061],[-83.4306441,37.9460907],[-83.4307084,37.9463445],[-83.4307888,37.9465349],[-83.4312391,37.9474402],[-83.4314857,37.9478802],[-83.431995,37.9486205],[-83.4322308,37.9489293],[-83.4326865,37.9496147],[-83.4329009,37.9498219],[-83.4330296,37.9499108],[-83.4336621,37.9502788],[-83.4341178,37.9506257],[-83.4343268,37.9507188],[-83.4346967,37.9508034],[-83.4349701,37.9509092],[-83.4351416,37.9510191],[-83.4355008,37.9513449],[-83.4360549,37.9517219],[-83.436652,37.952028]]}},{"type":"Feature","properties":{"osm_id":16309950,"highway":"residential","name":"Sleepy Hollow","alt_name":null,"official_name":null,"surface":null,"tracktype":null,"service":null,"access":null,"motor_vehicle":null,"foot":null,"tiger_reviewed":"no","rrgh_part":0,"rrgh_tile_part":0},"geometry":{"type":"LineString","coordinates":[[-83.4608383,37.9527732],[-83.4609122,37.9528349],[-83.4616591,37.9530252],[-83.4618058,37.952993],[-83.4622698,37.9527163],[-83.4627824,37.9524779],[-83.4628994,37.9524235],[-83.4637191,37.9520043],[-83.4638913,37.9519335],[-83.4643343,37.9517513],[-83.4643439,37.9517368],[-83.4644702,37.9515454],[-83.4647465,37.9514479],[-83.4647646,37.9514203],[-83.4647938,37.9513756],[-83.4646335,37.9511864],[-83.4645128,37.9511623],[-83.4639639,37.9513048],[-83.4633427,37.9511514],[-83.462381,37.9516362],[-83.4615758,37.9519363],[-83.4614364,37.9520127],[-83.4610209,37.9526733],[-83.4608383,37.9527732]]}},{"type":"Feature","properties":{"osm_id":16309950,"highway":"residential","name":"Sleepy Hollow","alt_name":null,"official_name":null,"surface":null,"tracktype":null,"service":null,"access":null,"motor_vehicle":null,"foot":null,"tiger_reviewed":"no","rrgh_part":1,"rrgh_tile_part":0},"geometry":{"type":"LineString","coordinates":[[-83.4608383,37.9527732],[-83.4607866,37.9527678],[-83.4606866,37.9527591]]}},{"type":"Feature","properties":{"osm_id":16310767,"highway":"service","name":"Browns Run Road","alt_name":null,"official_name":null,"surface":null,"tracktype":null,"service":null,"access":"private","motor_vehicle":null,"foot":null,"tiger_reviewed":"no","rrgh_part":0,"rrgh_tile_part":0},"geometry":{"type":"LineString","coordinates":[[-83.463758,37.95343],[-83.463355,37.953622],[-83.462729,37.953895],[-83.462316,37.95413],[-83.461806,37.954466],[-83.461619,37.954549],[-83.461316,37.954628],[-83.461236,37.954657],[-83.461191,37.954702],[-83.461169,37.95475]]}},{"type":"Feature","properties":{"osm_id":16310770,"highway":"service","name":"Browns Run Road","alt_name":null,"official_name":null,"surface":null,"tracktype":null,"service":null,"access":"private","motor_vehicle":null,"foot":null,"tiger_reviewed":"no","rrgh_part":0,"rrgh_tile_part":0},"geometry":{"type":"LineString","coordinates":[[-83.46389,37.953409],[-83.463758,37.95343],[-83.463884,37.953347],[-83.464273,37.953025],[-83.464421,37.952937],[-83.464987,37.952729],[-83.465671,37.952495],[-83.465736,37.95249],[-83.465801,37.9525],[-83.465866,37.95253],[-83.465908,37.952569],[-83.46594,37.952622],[-83.465985,37.952861],[-83.46605,37.953089],[-83.466068,37.953198],[-83.466068,37.953274],[-83.46605,37.953318],[-83.465974,37.95339],[-83.465864,37.953444],[-83.465601,37.953547],[-83.46546,37.953583],[-83.465256,37.953603],[-83.464799,37.953592],[-83.464486,37.953564],[-83.464233,37.953509],[-83.463952,37.953416],[-83.46389,37.953409]]}},{"type":"Feature","properties":{"osm_id":970196170,"highway":"service","name":null,"alt_name":null,"official_name":null,"surface":null,"tracktype":null,"service":null,"access":null,"motor_vehicle":null,"foot":null,"tiger_reviewed":null,"rrgh_part":0,"rrgh_tile_part":0},"geometry":{"type":"LineString","coordinates":[[-83.4659709,37.9486629],[-83.4660005,37.9487673],[-83.4662885,37.9501858]]}},{"type":"Feature","properties":{"osm_id":16308235,"highway":"service","name":"Midnight Pass Road","alt_name":null,"official_name":null,"surface":null,"tracktype":null,"service":null,"access":null,"motor_vehicle":null,"foot":null,"tiger_reviewed":"no","rrgh_part":0,"rrgh_tile_part":0},"geometry":{"type":"LineString","coordinates":[[-83.45878,37.9546],[-83.458644,37.954712],[-83.458577,37.954788],[-83.458108,37.955527],[-83.458074,37.955604],[-83.458088,37.955715],[-83.45808,37.955784],[-83.45797,37.956009],[-83.457928,37.956129],[-83.457947,37.956337],[-83.458021,37.956573],[-83.458113,37.956742],[-83.458443,37.957249],[-83.458541,37.957371],[-83.458599,37.957424],[-83.458731,37.957506],[-83.458801,37.957531],[-83.458872,37.957544],[-83.459019,37.95754],[-83.459354,37.957471],[-83.4596,37.957431],[-83.459691,37.957421],[-83.459879,37.957418],[-83.460139,37.957441],[-83.460407,37.957492],[-83.460766,37.957543],[-83.461026,37.957593],[-83.461094,37.957616],[-83.461144,37.957644],[-83.461207,37.957741],[-83.46152,37.958377],[-83.461599,37.958624]]}},{"type":"Feature","properties":{"osm_id":16308236,"highway":"service","name":"Midnight Pass Road","alt_name":null,"official_name":null,"surface":null,"tracktype":null,"service":null,"access":null,"motor_vehicle":null,"foot":null,"tiger_reviewed":"no","rrgh_part":0,"rrgh_tile_part":0},"geometry":{"type":"LineString","coordinates":[[-83.461599,37.958624],[-83.4615675,37.9590504],[-83.4613346,37.9598723],[-83.4611298,37.9602071],[-83.4586492,37.961512]]}},{"type":"Feature","properties":{"osm_id":16308241,"highway":"service","name":"Midnight Pass Road","alt_name":null,"official_name":null,"surface":null,"tracktype":null,"service":null,"access":"private","motor_vehicle":null,"foot":null,"tiger_reviewed":"no","rrgh_part":0,"rrgh_tile_part":0},"geometry":{"type":"LineString","coordinates":[[-83.454254,37.953712],[-83.454059,37.953824],[-83.453385,37.954337],[-83.453167,37.954529],[-83.45308,37.954635],[-83.453006,37.954748],[-83.452954,37.954867],[-83.452932,37.954991],[-83.452927,37.955309],[-83.4529248,37.9553287],[-83.452907,37.955487],[-83.45287,37.955603],[-83.452797,37.955703],[-83.452689,37.955786],[-83.452493,37.955882],[-83.4523505,37.9559231],[-83.451976,37.956031],[-83.45151,37.956134],[-83.451358,37.956186],[-83.451179,37.956296],[-83.451036,37.956409],[-83.450661,37.956653],[-83.450524,37.956787],[-83.450462,37.956901],[-83.45021,37.957455],[-83.450123,37.957741],[-83.450061,37.957866],[-83.450018,37.957912],[-83.449614,37.958184],[-83.449511,37.958295],[-83.449476,37.958357],[-83.449483,37.958544],[-83.44952,37.958598],[-83.449787,37.958863],[-83.449835,37.958894],[-83.449866,37.958899],[-83.449908,37.958896],[-83.45006,37.958837],[-83.452037,37.958156],[-83.452317,37.958069],[-83.452437,37.95807],[-83.452481,37.958082],[-83.452586,37.958131],[-83.452624,37.958161],[-83.452696,37.958245],[-83.452867,37.958498]]}},{"type":"Feature","properties":{"osm_id":16308500,"highway":"service","name":null,"alt_name":null,"official_name":null,"surface":null,"tracktype":null,"service":null,"access":"private","motor_vehicle":null,"foot":null,"tiger_reviewed":"no","rrgh_part":0,"rrgh_tile_part":0},"geometry":{"type":"LineString","coordinates":[[-83.4625494,37.9549658],[-83.4625281,37.9550192],[-83.4625668,37.9550827],[-83.4627984,37.9552301],[-83.4632017,37.9553897],[-83.4635625,37.9554857]]}},{"type":"Feature","properties":{"osm_id":16308561,"highway":"residential","name":null,"alt_name":null,"official_name":null,"surface":null,"tracktype":null,"service":null,"access":null,"motor_vehicle":null,"foot":null,"tiger_reviewed":"no","rrgh_part":0,"rrgh_tile_part":0},"geometry":{"type":"LineString","coordinates":[[-83.460853,37.951749],[-83.457946,37.951645],[-83.457762,37.951597],[-83.457645,37.95142],[-83.457409,37.951066],[-83.457131,37.950897],[-83.456628,37.95072]]}},{"type":"Feature","properties":{"osm_id":16310494,"highway":"residential","name":"Whites Branch Road","alt_name":null,"official_name":null,"surface":null,"tracktype":null,"service":null,"access":null,"motor_vehicle":null,"foot":null,"tiger_reviewed":"no","rrgh_part":0,"rrgh_tile_part":0},"geometry":{"type":"LineString","coordinates":[[-83.452024,37.95362],[-83.452256,37.953444],[-83.452349,37.953383],[-83.452408,37.953366],[-83.452504,37.953353],[-83.452566,37.953354],[-83.452904,37.953391],[-83.453181,37.953365],[-83.453449,37.953357],[-83.453578,37.953364],[-83.453704,37.953383],[-83.453823,37.953419],[-83.453933,37.953473],[-83.454036,37.95354],[-83.454254,37.953712],[-83.45457,37.953977],[-83.454759,37.954116],[-83.454862,37.95418],[-83.455095,37.954283],[-83.455217,37.954308],[-83.455347,37.954329],[-83.455611,37.954351],[-83.45574,37.954351],[-83.455868,37.954336],[-83.456123,37.954285],[-83.456373,37.954207],[-83.45662,37.954116],[-83.456874,37.954039],[-83.457002,37.954009],[-83.457263,37.953999],[-83.457391,37.954012],[-83.457516,37.954037],[-83.457752,37.954117],[-83.458386,37.954435],[-83.458569,37.954518],[-83.45878,37.9546],[-83.458969,37.95466],[-83.459256,37.954726],[-83.459829,37.954838],[-83.460156,37.954893],[-83.4603,37.954895],[-83.460365,37.954885],[-83.460502,37.95484],[-83.460544,37.954804]]}},{"type":"Feature","properties":{"osm_id":16309096,"highway":"service","name":null,"alt_name":null,"official_name":null,"surface":null,"tracktype":null,"service":null,"access":"private","motor_vehicle":null,"foot":null,"tiger_reviewed":"no","rrgh_part":0,"rrgh_tile_part":0},"geometry":{"type":"LineString","coordinates":[[-83.445709,37.954668],[-83.445747,37.954771],[-83.445604,37.954897]]}},{"type":"Feature","properties":{"osm_id":16310359,"highway":"residential","name":"Cletus Back Road","alt_name":null,"official_name":null,"surface":null,"tracktype":null,"service":null,"access":null,"motor_vehicle":null,"foot":null,"tiger_reviewed":"no","rrgh_part":0,"rrgh_tile_part":0},"geometry":{"type":"LineString","coordinates":[[-83.443026,37.953446],[-83.443082,37.953506],[-83.443095,37.953522],[-83.443195,37.953775],[-83.443337,37.954306],[-83.443414,37.954437],[-83.443474,37.954492],[-83.443694,37.954593],[-83.44386,37.954625],[-83.444082,37.954648],[-83.444536,37.954652],[-83.444775,37.954663],[-83.445388,37.954725],[-83.445489,37.954726],[-83.445591,37.954713],[-83.445687,37.954681],[-83.445709,37.954668],[-83.445855,37.954581],[-83.446056,37.954402],[-83.446249,37.954154],[-83.446433,37.954029],[-83.446577,37.953957],[-83.446644,37.953934],[-83.446715,37.953925],[-83.446858,37.953947],[-83.447092,37.954014],[-83.44722,37.954079],[-83.447271,37.954118]]}},{"type":"Feature","properties":{"osm_id":16310493,"highway":"residential","name":"Whites Branch Road","alt_name":null,"official_name":null,"surface":null,"tracktype":null,"service":null,"access":null,"motor_vehicle":null,"foot":null,"tiger_reviewed":"no","rrgh_part":0,"rrgh_tile_part":0},"geometry":{"type":"LineString","coordinates":[[-83.452904,37.953391],[-83.45259,37.953436],[-83.452447,37.953466],[-83.452187,37.953549],[-83.452024,37.95362],[-83.450979,37.954181],[-83.450504,37.954405],[-83.450137,37.954547],[-83.448749,37.955035],[-83.44851,37.955084],[-83.448348,37.955106],[-83.44822,37.955097],[-83.448043,37.95501],[-83.447985,37.95497],[-83.447892,37.954878],[-83.447559,37.954442],[-83.447431,37.95425],[-83.447361,37.954179],[-83.447271,37.954118],[-83.44722,37.954098],[-83.447141,37.954095],[-83.447064,37.954098],[-83.446991,37.954116],[-83.446932,37.954147],[-83.446861,37.954222],[-83.446841,37.954276],[-83.446746,37.954727],[-83.446722,37.954941],[-83.446743,37.955233],[-83.446779,37.955434],[-83.446826,37.955545],[-83.446847,37.955638],[-83.446855,37.955721],[-83.446835,37.955818],[-83.446801,37.955892],[-83.446747,37.95596],[-83.446628,37.956067],[-83.446522,37.956144],[-83.446359,37.956226],[-83.446161,37.956301],[-83.445867,37.956376],[-83.445649,37.956445],[-83.445508,37.956502],[-83.445224,37.956637],[-83.444911,37.956832],[-83.44482,37.956892],[-83.444397,37.957146],[-83.444269,37.957237],[-83.443986,37.957406],[-83.443708,37.957555],[-83.443411,37.95769],[-83.443096,37.957816],[-83.442772,37.957934],[-83.4424576,37.9580006]]}},{"type":"Feature","properties":{"osm_id":16318184,"highway":"residential","name":null,"alt_name":null,"official_name":null,"surface":null,"tracktype":null,"service":null,"access":null,"motor_vehicle":null,"foot":null,"tiger_reviewed":"no","rrgh_part":0,"rrgh_tile_part":0},"geometry":{"type":"LineString","coordinates":[[-83.4424103,37.9591577],[-83.4422264,37.9593649],[-83.4421024,37.9599082],[-83.441939,37.9613127],[-83.4418221,37.961528],[-83.4410343,37.9617241],[-83.4406171,37.9618878],[-83.440353,37.962083],[-83.440093,37.962289],[-83.4400746,37.9625265],[-83.4401628,37.9627332],[-83.4400346,37.9635122],[-83.4400105,37.9635857],[-83.439776,37.964302],[-83.439834,37.965309],[-83.440094,37.965721],[-83.440845,37.966522],[-83.440874,37.966888],[-83.44047,37.967322],[-83.439892,37.967483],[-83.439256,37.968352]]}},{"type":"Feature","properties":{"osm_id":16322211,"highway":"residential","name":"Ebon Road","alt_name":null,"official_name":null,"surface":null,"tracktype":null,"service":null,"access":null,"motor_vehicle":null,"foot":null,"tiger_reviewed":"no","rrgh_part":0,"rrgh_tile_part":0},"geometry":{"type":"LineString","coordinates":[[-83.443026,37.953446],[-83.442989,37.953406],[-83.442769,37.953294],[-83.442644,37.953263],[-83.441559,37.953253],[-83.441187,37.953274],[-83.440853,37.953307],[-83.440121,37.95342],[-83.439834,37.953382],[-83.4397,37.953348],[-83.439383,37.953239],[-83.439229,37.953206],[-83.439074,37.953195],[-83.438913,37.953208],[-83.43875,37.95324],[-83.43859,37.953289],[-83.43843,37.953353],[-83.43744,37.953823],[-83.436995,37.954004],[-83.436742,37.954077],[-83.436525,37.954151],[-83.436266,37.954274],[-83.436144,37.954344],[-83.436,37.954449],[-83.435946,37.954497],[-83.435878,37.954589],[-83.43582,37.954689],[-83.43578,37.9548],[-83.435776,37.954913],[-83.435859,37.955261],[-83.435861,37.955381],[-83.435838,37.955501],[-83.435798,37.955613],[-83.435708,37.955804],[-83.435643,37.955886],[-83.435557,37.955963],[-83.435453,37.956036],[-83.435332,37.956102],[-83.4352,37.956159],[-83.434697,37.956352],[-83.434608,37.956409],[-83.434541,37.956483],[-83.434501,37.956575],[-83.434493,37.956678],[-83.434517,37.956787],[-83.434691,37.957112],[-83.434727,37.957215],[-83.434729,37.957312],[-83.4347,37.957402],[-83.434645,37.957486],[-83.43409,37.95802],[-83.433982,37.958104],[-83.433859,37.958176],[-83.433727,37.958238],[-83.43358,37.958284],[-83.433429,37.958309],[-83.433291,37.95832],[-83.432873,37.958176],[-83.432614,37.958074],[-83.432478,37.958045],[-83.432334,37.95803],[-83.431867,37.958071],[-83.431742,37.958106],[-83.431524,37.958205],[-83.431346,37.958331],[-83.431148,37.958513],[-83.430859,37.958822],[-83.430776,37.958954],[-83.430578,37.959397],[-83.430236,37.959916],[-83.430092,37.960241],[-83.430053,37.960471],[-83.429968,37.960702],[-83.429903,37.960807],[-83.42962,37.961109],[-83.429412,37.961324],[-83.429194,37.961503],[-83.429108,37.96161],[-83.429046,37.961716],[-83.428933,37.962025],[-83.428881,37.962124],[-83.428769,37.962294],[-83.428731,37.962392],[-83.428705,37.962619],[-83.428709,37.962847],[-83.428696,37.962984],[-83.428712,37.963204],[-83.428703,37.963387],[-83.428669,37.963532],[-83.428568,37.963772],[-83.428596,37.963917],[-83.428624,37.963951],[-83.428664,37.963973],[-83.428737,37.964014],[-83.428801,37.964038]]}},{"type":"Feature","properties":{"osm_id":970443520,"highway":"service","name":"Katter Ridge","alt_name":null,"official_name":null,"surface":null,"tracktype":null,"service":null,"access":null,"motor_vehicle":null,"foot":null,"tiger_reviewed":null,"rrgh_part":0,"rrgh_tile_part":0},"geometry":{"type":"LineString","coordinates":[[-83.446826,37.955545],[-83.4469313,37.9555438],[-83.4470654,37.9559508],[-83.4470778,37.9563305],[-83.4470505,37.9565927],[-83.4468569,37.956896],[-83.4467799,37.9570565],[-83.4468321,37.9573656],[-83.4468668,37.9575887],[-83.4468246,37.9576964],[-83.4464896,37.9582443],[-83.4464697,37.9583871],[-83.4465839,37.9586298],[-83.4467154,37.9587472],[-83.4468991,37.9588783],[-83.4470108,37.9590505],[-83.4470877,37.9595945],[-83.4471349,37.9599448],[-83.4473731,37.9598469],[-83.4479092,37.9596884],[-83.4485371,37.9595945],[-83.4489863,37.9595475],[-83.4494281,37.959436],[-83.4496341,37.9593284],[-83.4497954,37.9591464],[-83.449866,37.958899]]}},{"type":"Feature","properties":{"osm_id":16310226,"highway":"residential","name":"Mann Cemetery Road","alt_name":null,"official_name":null,"surface":null,"tracktype":null,"service":null,"access":null,"motor_vehicle":null,"foot":null,"tiger_reviewed":"no","rrgh_part":0,"rrgh_tile_part":0},"geometry":{"type":"LineString","coordinates":[[-83.4424576,37.9580006],[-83.4424678,37.9582656],[-83.4425127,37.9587108],[-83.442511,37.958964],[-83.4424103,37.9591577]]}},{"type":"Feature","properties":{"osm_id":970443510,"highway":"service","name":null,"alt_name":null,"official_name":null,"surface":null,"tracktype":null,"service":null,"access":null,"motor_vehicle":null,"foot":null,"tiger_reviewed":null,"rrgh_part":0,"rrgh_tile_part":0},"geometry":{"type":"LineString","coordinates":[[-83.4661879,37.9680303],[-83.4661362,37.9678584],[-83.4660741,37.9674342],[-83.4658413,37.9668753],[-83.465655,37.9664388],[-83.4655774,37.9661247]]}},{"type":"Feature","properties":{"osm_id":970443522,"highway":"track","name":null,"alt_name":null,"official_name":null,"surface":null,"tracktype":null,"service":null,"access":null,"motor_vehicle":null,"foot":null,"tiger_reviewed":null,"rrgh_part":0,"rrgh_tile_part":0},"geometry":{"type":"LineString","coordinates":[[-83.4400105,37.9635857],[-83.4401164,37.9637385],[-83.4402829,37.9639669],[-83.440496,37.9641244],[-83.4408323,37.9641218],[-83.4412385,37.9640168],[-83.4420909,37.9639774],[-83.4427735,37.964001],[-83.4434195,37.9638934],[-83.4437225,37.9637201]]}},{"type":"Feature","properties":{"osm_id":16317715,"highway":"residential","name":null,"alt_name":null,"official_name":null,"surface":null,"tracktype":null,"service":null,"access":null,"motor_vehicle":null,"foot":null,"tiger_reviewed":"no","rrgh_part":0,"rrgh_tile_part":0},"geometry":{"type":"LineString","coordinates":[[-83.431848,37.950338],[-83.436262,37.951981],[-83.436768,37.952199]]}},{"type":"Feature","properties":{"osm_id":1421283875,"highway":"service","name":null,"alt_name":null,"official_name":null,"surface":null,"tracktype":null,"service":null,"access":null,"motor_vehicle":null,"foot":null,"tiger_reviewed":null,"rrgh_part":0,"rrgh_tile_part":0},"geometry":{"type":"LineString","coordinates":[[-83.430098,37.958576],[-83.4290792,37.9589055],[-83.4281408,37.9592521],[-83.428055,37.9592944],[-83.4280068,37.9593028],[-83.4274866,37.9595184],[-83.4272829,37.959586],[-83.4271274,37.9596156],[-83.4270309,37.9596156],[-83.4258565,37.9593789],[-83.4255402,37.9592944],[-83.4254061,37.9592268],[-83.425315,37.9591549],[-83.4251863,37.9589182],[-83.4251273,37.9588421],[-83.425063,37.9587956],[-83.4246983,37.9586646],[-83.4232934,37.9586731],[-83.4226285,37.9586815],[-83.4222586,37.9585885],[-83.4217706,37.9585336],[-83.4214542,37.9584491],[-83.4212397,37.9582969],[-83.4209663,37.958242]]}},{"type":"Feature","properties":{"osm_id":16317732,"highway":"service","name":null,"alt_name":null,"official_name":null,"surface":null,"tracktype":null,"service":null,"access":null,"motor_vehicle":null,"foot":null,"tiger_reviewed":"no","rrgh_part":0,"rrgh_tile_part":0},"geometry":{"type":"LineString","coordinates":[[-83.4351408,37.9594999],[-83.4351754,37.9595539],[-83.4349537,37.9598042],[-83.4349029,37.9599783],[-83.4350981,37.9602749],[-83.4352506,37.9605208],[-83.4352522,37.9606358],[-83.4351553,37.9607407],[-83.435244,37.9609831],[-83.4355149,37.9612897],[-83.435654,37.961596]]}},{"type":"Feature","properties":{"osm_id":16321520,"highway":"residential","name":"Craft Road","alt_name":null,"official_name":null,"surface":null,"tracktype":null,"service":null,"access":null,"motor_vehicle":null,"foot":null,"tiger_reviewed":"no","rrgh_part":0,"rrgh_tile_part":0},"geometry":{"type":"LineString","coordinates":[[-83.430098,37.958576],[-83.430194,37.958559],[-83.430307,37.958561],[-83.430351,37.958575],[-83.430435,37.958667],[-83.430491,37.958701],[-83.430601,37.958718],[-83.43065,37.958714],[-83.430816,37.958653],[-83.431028,37.958552],[-83.431148,37.958513]]}},{"type":"Feature","properties":{"osm_id":16321521,"highway":"residential","name":"Craft Road","alt_name":null,"official_name":null,"surface":null,"tracktype":null,"service":null,"access":null,"motor_vehicle":null,"foot":null,"tiger_reviewed":"no","rrgh_part":0,"rrgh_tile_part":0},"geometry":{"type":"LineString","coordinates":[[-83.430491,37.958701],[-83.430678,37.958789],[-83.430743,37.958871],[-83.430776,37.958954]]}}],"rrgh_tile":{"id":"r7c6","bounds":[37.9,-83.505,37.974999999999994,-83.42]}}
