{"type":"FeatureCollection","features":[{"type":"Feature","properties":{"osm_id":16319082,"highway":"residential","name":"Rube Woods Spur Road","alt_name":null,"official_name":null,"surface":null,"tracktype":null,"service":null,"access":null,"motor_vehicle":null,"foot":null,"tiger_reviewed":"no","rrgh_part":0,"rrgh_tile_part":0},"geometry":{"type":"LineString","coordinates":[[-83.33500000000001,37.928957488986775],[-83.334821,37.929239],[-83.334675,37.929396],[-83.33444,37.929575],[-83.334233,37.929713],[-83.334026,37.929827],[-83.333883,37.92988],[-83.333676,37.929987],[-83.333563,37.930071],[-83.333471,37.930158],[-83.333417,37.930242],[-83.333408,37.930288],[-83.333492,37.930536],[-83.333662,37.930686],[-83.333898,37.930839],[-83.334093,37.931003],[-83.334225,37.93115],[-83.334305,37.931312],[-83.334349,37.931465],[-83.334363,37.931572],[-83.334369,37.931784],[-83.334362,37.932028],[-83.334345,37.932102],[-83.334291,37.932227],[-83.334246,37.932277],[-83.33422,37.932345],[-83.333844,37.932846],[-83.333791,37.932968],[-83.333735,37.933329],[-83.333659,37.933581],[-83.333631,37.933637],[-83.333498,37.933813],[-83.333432,37.933876],[-83.333352,37.933928],[-83.333269,37.934012],[-83.333181,37.934083],[-83.333025,37.934184],[-83.332838,37.934329],[-83.332799,37.934507],[-83.332789,37.934676],[-83.332805,37.934748],[-83.333035,37.935175],[-83.333057,37.935288],[-83.333054,37.935401],[-83.333096,37.935845],[-83.333151,37.935981],[-83.333249,37.936124],[-83.333289,37.936199],[-83.333329,37.936348],[-83.333338,37.936486],[-83.333402,37.936788],[-83.333523,37.937302],[-83.333662,37.937722],[-83.333668,37.937911],[-83.333626,37.938066],[-83.333582,37.938164],[-83.333408,37.938439],[-83.33338,37.938521],[-83.333366,37.938608],[-83.333417,37.938987],[-83.333526,37.939416],[-83.333623,37.939862],[-83.333663,37.940186],[-83.333653,37.940256],[-83.333592,37.940386],[-83.333479,37.940486],[-83.333332,37.94058],[-83.333034,37.94074],[-83.332804,37.940876],[-83.332613,37.941028],[-83.332595,37.941047],[-83.332553,37.941146],[-83.332509,37.941329],[-83.332404,37.941528],[-83.332262,37.941707],[-83.332083,37.941869],[-83.33188,37.941991],[-83.331603,37.942118],[-83.331409,37.942186],[-83.330985,37.942269],[-83.330928,37.942298],[-83.330882,37.94234],[-83.330851,37.942389],[-83.33076,37.942652],[-83.330645,37.942915],[-83.330613,37.943127],[-83.330631,37.943278],[-83.330535,37.943779],[-83.330463,37.94403],[-83.330414,37.944152],[-83.330118,37.944612],[-83.330067,37.944728],[-83.329976,37.945044],[-83.329943,37.945217],[-83.329948,37.945338],[-83.329965,37.945397],[-83.330103,37.945666],[-83.33021,37.946011],[-83.330543,37.946437],[-83.330675,37.946653],[-83.33068,37.946692],[-83.33061,37.94684],[-83.330477,37.947071],[-83.330442,37.947123],[-83.330351,37.947169],[-83.330319,37.947195],[-83.330265,37.947264],[-83.330196,37.947381],[-83.330165,37.947459],[-83.330157,37.94754],[-83.330218,37.947691],[-83.33025,37.947744],[-83.330387,37.94797],[-83.330547,37.94817],[-83.330768,37.948234],[-83.330872,37.948218],[-83.331238,37.94805],[-83.331558,37.947926],[-83.331663,37.947917],[-83.331813,37.94794],[-83.331948,37.947993],[-83.331996,37.948021],[-83.332025,37.94817],[-83.331962,37.948298],[-83.331847,37.948431],[-83.331651,37.948597],[-83.331614,37.948639],[-83.331595,37.948685],[-83.331598,37.94873],[-83.331622,37.948769],[-83.331708,37.948826],[-83.331914,37.948848],[-83.331971,37.948844],[-83.332321,37.948768],[-83.332627,37.948655],[-83.332857,37.94855],[-83.333284,37.948373],[-83.333402,37.948333],[-83.333462,37.948321],[-83.333522,37.948321],[-83.33359,37.948327],[-83.333888,37.948393],[-83.334412,37.948477],[-83.334557,37.948526],[-83.334857,37.948602],[-83.33500000000001,37.948653562500006]]}},{"type":"Feature","properties":{"osm_id":16320951,"highway":"residential","name":"Bays Bend Road","alt_name":null,"official_name":null,"surface":null,"tracktype":null,"service":null,"access":null,"motor_vehicle":null,"foot":null,"tiger_reviewed":"no","rrgh_part":0,"rrgh_tile_part":0},"geometry":{"type":"LineString","coordinates":[[-83.312746,37.945655],[-83.313712,37.944929],[-83.313871,37.944766],[-83.313947,37.944658],[-83.313973,37.944601],[-83.314001,37.944483],[-83.313998,37.944421],[-83.31398,37.94436],[-83.313946,37.944298],[-83.313898,37.944241],[-83.313626,37.944008],[-83.313507,37.943926],[-83.31344,37.943897],[-83.313222,37.943846],[-83.313098,37.943791],[-83.313042,37.943748],[-83.313003,37.943696],[-83.31298,37.94364],[-83.312973,37.943524],[-83.312995,37.943408],[-83.313044,37.943305],[-83.313123,37.943216],[-83.313229,37.943145],[-83.313347,37.943095],[-83.313656,37.943015],[-83.313779,37.943006],[-83.314053,37.94301],[-83.314164,37.942979],[-83.314296,37.942932],[-83.31453,37.942721],[-83.314561,37.94261],[-83.314569,37.942492],[-83.314524,37.942422],[-83.314353,37.942267],[-83.31427,37.942138],[-83.314195,37.941994],[-83.314071,37.941659],[-83.314066,37.94157],[-83.314075,37.941533],[-83.314099,37.941508],[-83.314101,37.941435],[-83.314168,37.941148],[-83.314167,37.941089],[-83.314135,37.940982],[-83.313981,37.940711],[-83.313999,37.940442],[-83.314016,37.940351],[-83.314344,37.939856],[-83.314639,37.939141],[-83.314757,37.938826],[-83.314794,37.938565],[-83.314792,37.938492],[-83.314758,37.938413],[-83.314737,37.938309],[-83.314752,37.938109],[-83.314763,37.938041],[-83.314796,37.937942],[-83.314914,37.937746],[-83.315017,37.937673],[-83.315267,37.937554],[-83.315398,37.937506],[-83.315933,37.937394],[-83.31621,37.937361],[-83.316348,37.937333],[-83.316849,37.937198],[-83.316961,37.937186],[-83.317063,37.93719],[-83.317323,37.93725],[-83.3174,37.937264],[-83.31748,37.937266],[-83.317558,37.937249],[-83.317603,37.937227],[-83.317638,37.93721],[-83.317808,37.937082],[-83.317953,37.936942],[-83.318015,37.936866],[-83.318045,37.936786],[-83.318052,37.936697],[-83.318044,37.93662],[-83.317948,37.936476],[-83.317851,37.936399],[-83.317661,37.93629],[-83.317569,37.936156],[-83.317534,37.936081],[-83.31752,37.936006],[-83.31753,37.935923],[-83.317565,37.935845],[-83.317627,37.93577],[-83.31771,37.935697],[-83.318114,37.935387],[-83.318202,37.935313],[-83.318271,37.935235],[-83.318318,37.935154],[-83.318347,37.935057],[-83.318386,37.934826],[-83.318476,37.934671],[-83.318538,37.934598],[-83.318626,37.934536],[-83.318736,37.93448],[-83.319103,37.934337],[-83.319203,37.934277],[-83.319281,37.934197],[-83.319347,37.934108],[-83.319537,37.933769],[-83.319584,37.933604],[-83.319689,37.933084],[-83.319781,37.932504],[-83.319793,37.932207],[-83.319761,37.932102],[-83.319715,37.932],[-83.319664,37.931903],[-83.319599,37.931811],[-83.319525,37.931732],[-83.319437,37.931667],[-83.319334,37.931621],[-83.319218,37.931598],[-83.319095,37.931593],[-83.318659,37.931627],[-83.31858,37.931624],[-83.318514,37.931608],[-83.318464,37.931585],[-83.31843,37.931551],[-83.318402,37.93151],[-83.318393,37.931386],[-83.318525,37.930932],[-83.318575,37.930758],[-83.318635,37.93048],[-83.318664,37.930208],[-83.318691,37.9299],[-83.318726,37.929753],[-83.319024,37.929036],[-83.319042,37.928867],[-83.319037,37.928791],[-83.319007,37.928665],[-83.318898,37.928428],[-83.318826,37.928335],[-83.318652,37.928145],[-83.318211,37.927709],[-83.318146,37.927633],[-83.3181,37.92756],[-83.318052,37.927412],[-83.318049,37.927337],[-83.318059,37.927261],[-83.318127,37.927016],[-83.318134,37.926838],[-83.318119,37.92675],[-83.318082,37.926666],[-83.318021,37.926589],[-83.317845,37.926444],[-83.317612,37.926313],[-83.317388,37.926171],[-83.317335,37.926114],[-83.317319,37.926081],[-83.317299,37.925997],[-83.317362,37.925857],[-83.318097,37.92501],[-83.318387,37.924741],[-83.3187,37.924428],[-83.319036,37.924132],[-83.319103,37.924053],[-83.319156,37.923959],[-83.319338,37.923535],[-83.319382,37.923376],[-83.319432,37.923271],[-83.31954,37.923171],[-83.319596,37.923139],[-83.319812,37.923077],[-83.320001,37.923077],[-83.320289,37.923108],[-83.320384,37.923129],[-83.320472,37.923176],[-83.320541,37.923227],[-83.320688,37.923353],[-83.320816,37.923486],[-83.320999,37.923743],[-83.321102,37.923842],[-83.321158,37.923871],[-83.321269,37.923897],[-83.321406,37.923888],[-83.321472,37.923873],[-83.322196,37.923639],[-83.322543,37.923448],[-83.322738,37.923307],[-83.32285,37.923144],[-83.322945,37.922935],[-83.323048,37.922563],[-83.32308,37.922478],[-83.323243,37.922308],[-83.32358,37.922246],[-83.323803,37.922216],[-83.323898,37.922215],[-83.323982,37.92223],[-83.324065,37.922253],[-83.324161,37.922292],[-83.324404,37.922406],[-83.324946,37.92269],[-83.325247,37.922828],[-83.325894,37.922963],[-83.326696,37.923026],[-83.326963,37.923031],[-83.327201,37.923012],[-83.327303,37.92298],[-83.327385,37.922936],[-83.327553,37.922719],[-83.327838,37.922299],[-83.328338,37.921391],[-83.328428,37.921259],[-83.328485,37.921199],[-83.32875,37.920982],[-83.328947,37.920867],[-83.329067,37.92082],[-83.329277,37.92072],[-83.329575,37.920548],[-83.329733,37.920418],[-83.329975,37.920146],[-83.330025,37.92009],[-83.330109,37.919998],[-83.330311,37.919818],[-83.330412,37.919708],[-83.330496,37.919589],[-83.330568,37.919463],[-83.330686,37.91919],[-83.330726,37.919044],[-83.330779,37.918906],[-83.330943,37.918555],[-83.331208,37.917985],[-83.331292,37.917758],[-83.331343,37.917552],[-83.331375,37.917421],[-83.33151,37.916635],[-83.331527,37.916583],[-83.331557,37.916488],[-83.331597,37.916288],[-83.331702,37.915683],[-83.33171,37.915607],[-83.33172,37.915518],[-83.33175,37.915005],[-83.331754,37.914659],[-83.33174,37.913987],[-83.331755,37.913832],[-83.33178,37.91368],[-83.331828,37.913538],[-83.332017,37.913146],[-83.332054,37.913015],[-83.332068,37.912903],[-83.33207,37.912883],[-83.332052,37.912594],[-83.332039,37.912485],[-83.332015,37.912275],[-83.331952,37.911977],[-83.331851,37.911722],[-83.331677,37.911388],[-83.331611,37.91112]]}},{"type":"Feature","properties":{"osm_id":16322553,"highway":"residential","name":"Straight Creek Canney Road","alt_name":null,"official_name":null,"surface":null,"tracktype":null,"service":null,"access":null,"motor_vehicle":null,"foot":null,"tiger_reviewed":"no","rrgh_part":0,"rrgh_tile_part":0},"geometry":{"type":"LineString","coordinates":[[-83.318642,37.909185],[-83.318806,37.908565],[-83.318757,37.908481],[-83.318635,37.90833],[-83.318552,37.908193],[-83.318478,37.90797],[-83.318469,37.907693],[-83.318502,37.907417],[-83.318466,37.907049],[-83.318465,37.906914],[-83.318489,37.906782],[-83.318573,37.906584],[-83.318682,37.906395],[-83.318713,37.906266],[-83.318711,37.90607],[-83.318661,37.905769],[-83.318649,37.9056],[-83.318655,37.905513],[-83.318693,37.90534],[-83.318725,37.905253],[-83.318815,37.905084],[-83.31897,37.904859],[-83.319016,37.904722],[-83.319003,37.904433],[-83.319058,37.904074],[-83.319056,37.903939],[-83.31904,37.903799],[-83.319003,37.903612],[-83.318967,37.903427],[-83.318983,37.903353],[-83.319049,37.903145],[-83.319117,37.90302],[-83.31941,37.902623],[-83.319553,37.902341],[-83.319598,37.902207],[-83.319599,37.902151],[-83.319603,37.902002],[-83.319543,37.901632],[-83.3195,37.90148],[-83.319316,37.901096],[-83.319258,37.900939],[-83.319118,37.900462],[-83.31891579840848,37.9]]}},{"type":"Feature","properties":{"osm_id":16317795,"highway":"residential","name":null,"alt_name":null,"official_name":null,"surface":null,"tracktype":null,"service":null,"access":null,"motor_vehicle":null,"foot":null,"tiger_reviewed":"no","rrgh_part":0,"rrgh_tile_part":0},"geometry":{"type":"LineString","coordinates":[[-83.334237,37.901385],[-83.334439,37.90147],[-83.334666,37.901469],[-83.33500000000001,37.901333998601395]]}},{"type":"Feature","properties":{"osm_id":16322163,"highway":"residential","name":"Tree Nursery Road","alt_name":null,"official_name":null,"surface":null,"tracktype":null,"service":null,"access":null,"motor_vehicle":null,"foot":null,"tiger_reviewed":"no","rrgh_part":0,"rrgh_tile_part":0},"geometry":{"type":"LineString","coordinates":[[-83.33500000000001,37.91675049437683],[-83.334819,37.916723],[-83.334235,37.916649],[-83.333822,37.916622],[-83.33355,37.916616],[-83.332752,37.916572],[-83.331852,37.916479],[-83.331791,37.916477],[-83.331731,37.916475],[-83.331678,37.916484],[-83.331626,37.916505],[-83.331527,37.916583]]}},{"type":"Feature","properties":{"osm_id":16319028,"highway":"residential","name":"Karen Mae Hollow","alt_name":null,"official_name":null,"surface":null,"tracktype":null,"service":null,"access":null,"motor_vehicle":null,"foot":null,"tiger_reviewed":"no","rrgh_part":0,"rrgh_tile_part":0},"geometry":{"type":"LineString","coordinates":[[-83.319003,37.903612],[-83.319794,37.903258],[-83.321211,37.902772],[-83.322138,37.902463],[-83.322668,37.902081],[-83.323022,37.90178],[-83.323198,37.90163],[-83.323954,37.901005],[-83.324459,37.900509]]}},{"type":"Feature","properties":{"osm_id":16322842,"highway":"residential","name":"Bill May Road","alt_name":null,"official_name":null,"surface":null,"tracktype":null,"service":null,"access":null,"motor_vehicle":null,"foot":null,"tiger_reviewed":"no","rrgh_part":0,"rrgh_tile_part":0},"geometry":{"type":"LineString","coordinates":[[-83.333826,37.905985],[-83.333913,37.906263],[-83.333942,37.906431],[-83.333942,37.906534],[-83.333906,37.906623],[-83.33387,37.906656],[-83.333824,37.906679],[-83.333515,37.906783],[-83.33312,37.906959],[-83.333066,37.906993],[-83.33288,37.907078],[-83.3325,37.907285],[-83.331491,37.907704],[-83.331309,37.907797],[-83.331227,37.907849],[-83.331019,37.908026],[-83.33079,37.90828],[-83.330713,37.908414],[-83.330502,37.908918],[-83.330408,37.90905],[-83.330261,37.909287],[-83.330162,37.909392]]}},{"type":"Feature","properties":{"osm_id":16322911,"highway":"residential","name":"Straight Creek Woodsbend Road","alt_name":null,"official_name":null,"surface":null,"tracktype":null,"service":null,"access":null,"motor_vehicle":null,"foot":null,"tiger_reviewed":"no","rrgh_part":0,"rrgh_tile_part":0},"geometry":{"type":"LineString","coordinates":[[-83.328358,37.907698],[-83.328211,37.907735],[-83.327865,37.907904],[-83.327683,37.90797],[-83.327476,37.908021],[-83.327278,37.90809],[-83.327093,37.908172],[-83.326922,37.908261],[-83.32639,37.908596],[-83.326212,37.908708],[-83.325524,37.909117],[-83.325343,37.9092],[-83.325142,37.909254],[-83.325036,37.909272],[-83.324809,37.90929],[-83.324036,37.909321],[-83.323893,37.909316],[-83.323303,37.909258],[-83.322059,37.909211],[-83.3219,37.909217],[-83.321609,37.909204],[-83.321459,37.909198],[-83.32132,37.909179],[-83.320391,37.908908],[-83.319328,37.908654],[-83.319002,37.90859],[-83.318806,37.908565]]}},{"type":"Feature","properties":{"osm_id":16317886,"highway":"service","name":null,"alt_name":null,"official_name":null,"surface":null,"tracktype":null,"service":null,"access":"private","motor_vehicle":null,"foot":null,"tiger_reviewed":"no","rrgh_part":0,"rrgh_tile_part":0},"geometry":{"type":"LineString","coordinates":[[-83.321609,37.909204],[-83.321505,37.909411],[-83.32144,37.909492],[-83.321401,37.90982],[-83.321335,37.910206]]}},{"type":"Feature","properties":{"osm_id":16322549,"highway":"residential","name":"Straight Creek Canney Road","alt_name":null,"official_name":null,"surface":null,"tracktype":null,"service":null,"access":null,"motor_vehicle":null,"foot":null,"tiger_reviewed":"no","rrgh_part":0,"rrgh_tile_part":0},"geometry":{"type":"LineString","coordinates":[[-83.318499,37.908588],[-83.318515,37.908719],[-83.318625,37.909081],[-83.318642,37.909185],[-83.318674,37.909376],[-83.318683,37.9095],[-83.318618,37.909748],[-83.318514,37.910038],[-83.318448,37.910163],[-83.318376,37.910352],[-83.318251,37.910793],[-83.318293,37.911037],[-83.318383,37.911209],[-83.318394,37.911313],[-83.318391,37.911429],[-83.318317,37.912067],[-83.318345,37.912205],[-83.318401,37.912356],[-83.318396,37.912445],[-83.31819,37.912898],[-83.317931,37.91331],[-83.317883,37.913459],[-83.317877,37.913529],[-83.317889,37.913668],[-83.317921,37.913799],[-83.317929,37.91393],[-83.317912,37.913985],[-83.317914,37.914041],[-83.317948,37.914131],[-83.318015,37.914226],[-83.318135,37.914364],[-83.318152,37.914394],[-83.318164,37.91447]]}},{"type":"Feature","properties":{"osm_id":16318555,"highway":"residential","name":"James Brooks Road","alt_name":null,"official_name":null,"surface":null,"tracktype":null,"service":null,"access":null,"motor_vehicle":null,"foot":null,"tiger_reviewed":"no","rrgh_part":0,"rrgh_tile_part":0},"geometry":{"type":"LineString","coordinates":[[-83.318806,37.908565],[-83.318609,37.908571],[-83.318499,37.908588],[-83.318406,37.908615],[-83.318312,37.908656],[-83.318132,37.908756],[-83.317941,37.908862],[-83.317849,37.908898],[-83.317662,37.908928],[-83.317489,37.90893],[-83.317416,37.908949],[-83.317356,37.90898],[-83.317275,37.90906],[-83.317223,37.90914],[-83.317182,37.909246]]}},{"type":"Feature","properties":{"osm_id":16318669,"highway":"residential","name":"Woodsbend Cemetery Road","alt_name":null,"official_name":null,"surface":null,"tracktype":null,"service":null,"access":null,"motor_vehicle":null,"foot":null,"tiger_reviewed":"no","rrgh_part":0,"rrgh_tile_part":0},"geometry":{"type":"LineString","coordinates":[[-83.332092,37.911542],[-83.332482,37.911295],[-83.332796,37.911118],[-83.332942,37.911054],[-83.333244,37.910969],[-83.333536,37.910928],[-83.333877,37.91086],[-83.333958,37.910854],[-83.33399,37.910863],[-83.334021,37.910919],[-83.334052,37.911065],[-83.334049,37.911175],[-83.334032,37.911221],[-83.333967,37.911306],[-83.333796,37.911418],[-83.333552,37.911489],[-83.333097,37.911621],[-83.332868,37.911675],[-83.332618,37.91177]]}},{"type":"Feature","properties":{"osm_id":16317786,"highway":"service","name":null,"alt_name":null,"official_name":null,"surface":null,"tracktype":null,"service":null,"access":"private","motor_vehicle":null,"foot":null,"tiger_reviewed":"no","rrgh_part":0,"rrgh_tile_part":0},"geometry":{"type":"LineString","coordinates":[[-83.331343,37.917552],[-83.329283,37.916334],[-83.329006,37.916071],[-83.328942,37.91598],[-83.328834,37.915886],[-83.328682,37.915834],[-83.328508,37.915792],[-83.32815,37.915535],[-83.326968,37.914641]]}},{"type":"Feature","properties":{"osm_id":16322271,"highway":"service","name":"Asa Kemplin Road","alt_name":null,"official_name":null,"surface":null,"tracktype":null,"service":null,"access":"private","motor_vehicle":null,"foot":null,"tiger_reviewed":"no","rrgh_part":0,"rrgh_tile_part":0},"geometry":{"type":"LineString","coordinates":[[-83.330025,37.92009],[-83.329928,37.920105],[-83.32986,37.920139],[-83.329784,37.920211],[-83.329689,37.920301],[-83.329527,37.920402],[-83.329391,37.920449],[-83.329315,37.92046],[-83.329066,37.920461],[-83.328906,37.920432],[-83.328572,37.920318],[-83.328102,37.920069],[-83.327785,37.919859],[-83.327686,37.919806],[-83.327532,37.919769],[-83.32743,37.919849],[-83.327293,37.919939],[-83.32714,37.920016],[-83.327013,37.920116],[-83.326905,37.920166],[-83.326844,37.920188],[-83.326721,37.920211],[-83.326599,37.920222],[-83.32642,37.920206],[-83.32619,37.920247],[-83.326179,37.920263],[-83.326088,37.920312],[-83.326002,37.920333],[-83.325785,37.920336],[-83.325195,37.920244],[-83.325071,37.920171]]}},{"type":"Feature","properties":{"osm_id":16318001,"highway":"service","name":null,"alt_name":null,"official_name":null,"surface":null,"tracktype":null,"service":null,"access":"private","motor_vehicle":null,"foot":null,"tiger_reviewed":"no","rrgh_part":0,"rrgh_tile_part":0},"geometry":{"type":"LineString","coordinates":[[-83.330943,37.918555],[-83.331033,37.91858],[-83.331786,37.918788],[-83.331943,37.918934],[-83.332069,37.919154],[-83.331779,37.920127]]}},{"type":"Feature","properties":{"osm_id":16319577,"highway":"residential","name":"Boys Camp Road","alt_name":null,"official_name":null,"surface":null,"tracktype":null,"service":null,"access":null,"motor_vehicle":null,"foot":null,"tiger_reviewed":"no","rrgh_part":0,"rrgh_tile_part":0},"geometry":{"type":"LineString","coordinates":[[-83.331208,37.917985],[-83.331277,37.917953],[-83.331428,37.917918],[-83.331454,37.917912],[-83.331483,37.917912]]}},{"type":"Feature","properties":{"osm_id":16319580,"highway":"residential","name":"Boys Camp Road","alt_name":null,"official_name":null,"surface":null,"tracktype":null,"service":null,"access":null,"motor_vehicle":null,"foot":null,"tiger_reviewed":"no","rrgh_part":0,"rrgh_tile_part":0},"geometry":{"type":"LineString","coordinates":[[-83.333903,37.917858],[-83.33384,37.918169],[-83.333813,37.918205],[-83.333781,37.918229],[-83.333738,37.918239],[-83.333625,37.918236],[-83.333124,37.91815],[-83.332187,37.918022],[-83.331483,37.917912],[-83.331446,37.917888],[-83.33142,37.917871],[-83.331292,37.917758]]}},{"type":"Feature","properties":{"osm_id":16322160,"highway":"residential","name":"Tree Nursery Road","alt_name":null,"official_name":null,"surface":null,"tracktype":null,"service":null,"access":null,"motor_vehicle":null,"foot":null,"tiger_reviewed":"no","rrgh_part":0,"rrgh_tile_part":0},"geometry":{"type":"LineString","coordinates":[[-83.331852,37.916479],[-83.331795,37.916455],[-83.331706,37.916418],[-83.331647,37.916361],[-83.331597,37.916288]]}},{"type":"Feature","properties":{"osm_id":16319229,"highway":"residential","name":"Index Road","alt_name":null,"official_name":null,"surface":null,"tracktype":null,"service":null,"access":null,"motor_vehicle":null,"foot":null,"tiger_reviewed":"no","rrgh_part":0,"rrgh_tile_part":0},"geometry":{"type":"LineString","coordinates":[[-83.29623121700695,37.9],[-83.296332,37.9002152],[-83.29645,37.900467],[-83.296725,37.901005],[-83.296976,37.901743],[-83.297102,37.902046],[-83.297155,37.902151],[-83.297177,37.902194],[-83.297447,37.902647],[-83.297551,37.902789],[-83.297776,37.903031],[-83.297855,37.903139],[-83.297893,37.90325],[-83.297878,37.903481],[-83.297711,37.904004],[-83.297691,37.904156],[-83.297658,37.90483],[-83.297695,37.904922],[-83.29775,37.904994],[-83.297973,37.905146],[-83.29822,37.905264],[-83.298517,37.905369],[-83.298674,37.905412],[-83.29901,37.905479],[-83.29935,37.905536],[-83.29947,37.905544],[-83.299654,37.905536],[-83.299802,37.905508],[-83.300714,37.905261],[-83.301092,37.905217],[-83.301204,37.905182],[-83.30154,37.905015],[-83.301754,37.904863],[-83.301801,37.904834],[-83.301977,37.904724],[-83.302246,37.904484],[-83.302269,37.904463],[-83.30242,37.90437],[-83.302478,37.904354],[-83.302801,37.904293],[-83.302944,37.904232],[-83.303375,37.903978],[-83.303537,37.903848],[-83.303627,37.903718],[-83.30374,37.903631],[-83.303813,37.903612],[-83.30408,37.90356],[-83.304348,37.903473],[-83.3049,37.903261],[-83.305344,37.903071],[-83.305458,37.903015],[-83.305864,37.902744],[-83.306432,37.90246],[-83.306526,37.902403],[-83.306607,37.902338],[-83.306748,37.902179],[-83.306924,37.902038],[-83.307015,37.901973],[-83.307172,37.901884],[-83.307224,37.901841],[-83.307245,37.901815],[-83.307302,37.901745],[-83.307429,37.901539],[-83.307545,37.901383]]}},{"type":"Feature","properties":{"osm_id":16322928,"highway":"residential","name":"George Hammonds Road","alt_name":null,"official_name":null,"surface":null,"tracktype":null,"service":null,"access":null,"motor_vehicle":null,"foot":null,"tiger_reviewed":"no","rrgh_part":0,"rrgh_tile_part":0},"geometry":{"type":"LineString","coordinates":[[-83.298789,37.906965],[-83.298865,37.907152],[-83.298967,37.907347],[-83.299171,37.907639],[-83.299226,37.907741],[-83.299361,37.908206],[-83.299454,37.908438],[-83.299498,37.90855],[-83.299597,37.908703],[-83.2996338,37.9087559],[-83.2997291,37.9088294],[-83.2997822,37.9088702],[-83.2998265,37.908919],[-83.2999075,37.90903],[-83.299966,37.909207],[-83.3000151,37.909337],[-83.300037,37.9093752],[-83.3000541,37.9093915],[-83.3001757,37.9095202],[-83.300289,37.9096401],[-83.3005489,37.9098248]]}},{"type":"Feature","properties":{"osm_id":1248315174,"highway":"service","name":null,"alt_name":null,"official_name":null,"surface":null,"tracktype":null,"service":null,"access":null,"motor_vehicle":null,"foot":null,"tiger_reviewed":null,"rrgh_part":0,"rrgh_tile_part":0},"geometry":{"type":"LineString","coordinates":[[-83.296332,37.9002152],[-83.2953737,37.9004662]]}},{"type":"Feature","properties":{"osm_id":16319234,"highway":"residential","name":"Index Road","alt_name":null,"official_name":null,"surface":null,"tracktype":null,"service":null,"access":null,"motor_vehicle":null,"foot":null,"tiger_reviewed":"no","rrgh_part":0,"rrgh_tile_part":0},"geometry":{"type":"LineString","coordinates":[[-83.29947,37.905544],[-83.299499,37.905624],[-83.299504,37.905692],[-83.299494,37.905803],[-83.299452,37.905851],[-83.299324,37.905935],[-83.298998,37.906119],[-83.29883,37.906231],[-83.298717,37.906382],[-83.298681,37.906475],[-83.298664,37.906627],[-83.298732,37.906824],[-83.298789,37.906965]]}},{"type":"Feature","properties":{"osm_id":16322333,"highway":"residential","name":"Vest Court","alt_name":null,"official_name":null,"surface":null,"tracktype":null,"service":null,"access":null,"motor_vehicle":null,"foot":null,"tiger_reviewed":"no","rrgh_part":0,"rrgh_tile_part":0},"geometry":{"type":"LineString","coordinates":[[-83.28481087121213,37.9],[-83.28476,37.900085],[-83.284736,37.900217],[-83.284756,37.900414],[-83.284821,37.900548],[-83.284904,37.90064]]}},{"type":"Feature","properties":{"osm_id":16317525,"highway":"residential","name":"West Liberty Road","alt_name":null,"official_name":null,"surface":null,"tracktype":null,"service":null,"access":null,"motor_vehicle":null,"foot":null,"tiger_reviewed":"no","rrgh_part":0,"rrgh_tile_part":0},"geometry":{"type":"LineString","coordinates":[[-83.29405,37.908418],[-83.293891,37.908436],[-83.293744,37.908474],[-83.293076,37.908716],[-83.292984,37.908736],[-83.292696,37.908757],[-83.292441,37.908807],[-83.292364,37.908837],[-83.292296,37.908877],[-83.292053,37.909088],[-83.291843,37.909195],[-83.29145,37.909323],[-83.291035,37.909485],[-83.290737,37.909543],[-83.290472,37.909541],[-83.290364,37.909532],[-83.290241,37.909522],[-83.289922,37.909519]]}},{"type":"Feature","properties":{"osm_id":16322508,"highway":"residential","name":"University Drive","alt_name":null,"official_name":null,"surface":null,"tracktype":null,"service":null,"access":null,"motor_vehicle":null,"foot":null,"tiger_reviewed":"no","rrgh_part":0,"rrgh_tile_part":0},"geometry":{"type":"LineString","coordinates":[[-83.289774352,37.9],[-83.28984,37.900373],[-83.289844,37.900436],[-83.289816,37.900543]]}},{"type":"Feature","properties":{"osm_id":16322526,"highway":"residential","name":"Hutchison Road","alt_name":null,"official_name":null,"surface":null,"tracktype":null,"service":null,"access":null,"motor_vehicle":null,"foot":null,"tiger_reviewed":"no","rrgh_part":0,"rrgh_tile_part":0},"geometry":{"type":"LineString","coordinates":[[-83.283279,37.900348],[-83.283379,37.900396],[-83.283535,37.900502],[-83.283799,37.900742],[-83.283943,37.90094],[-83.284083,37.901173],[-83.28419,37.901433],[-83.2843086,37.9017595],[-83.2843795,37.9020978],[-83.2843884,37.9024213],[-83.2842208,37.9030749],[-83.284122,37.903527],[-83.284098,37.903713],[-83.284075,37.903897],[-83.284028,37.904265],[-83.284019,37.904442],[-83.284029,37.904644],[-83.284078,37.904945],[-83.284159,37.905277],[-83.284166,37.905342],[-83.284146,37.905497],[-83.284005,37.905726],[-83.283792,37.905987],[-83.283718,37.906102],[-83.283669,37.906276],[-83.283661,37.906352],[-83.283681,37.906494],[-83.283717,37.906633],[-83.283744,37.906697],[-83.283763,37.906909],[-83.283823,37.907144],[-83.283882,37.907269],[-83.284113,37.907443],[-83.284326,37.907566],[-83.28441,37.907627],[-83.284478,37.907711],[-83.284498,37.907763],[-83.2845,37.907877],[-83.284421,37.908358],[-83.284365,37.9085],[-83.284296,37.908628],[-83.284258,37.908686],[-83.284166,37.908785],[-83.284113,37.908823],[-83.284051,37.908852],[-83.283988,37.908876],[-83.283917,37.908881],[-83.283679,37.908863],[-83.283487,37.908825],[-83.283152,37.908804],[-83.283029,37.908808],[-83.282648,37.908781],[-83.282524,37.908763],[-83.281965,37.908664],[-83.281865,37.908637],[-83.281701,37.908556],[-83.281552,37.908443],[-83.281463,37.908394],[-83.281262,37.908307],[-83.281104,37.908272],[-83.28102,37.908276],[-83.280977,37.908293],[-83.280732,37.90859],[-83.280588,37.908719],[-83.280503,37.908777],[-83.280313,37.908876],[-83.28,37.909002],[-83.279777,37.909069],[-83.279525,37.909112],[-83.279255,37.909118],[-83.27912,37.909107],[-83.27886,37.909048],[-83.278737,37.909007],[-83.278584,37.908937],[-83.278423,37.908835],[-83.278157,37.908609],[-83.277938,37.90847],[-83.27752,37.908287],[-83.277117,37.908092],[-83.276717,37.907876],[-83.276603,37.907787],[-83.276519,37.907706],[-83.276427,37.907583],[-83.276326,37.907112],[-83.276323,37.90695],[-83.276347,37.906772],[-83.276416,37.906475],[-83.276486,37.906271],[-83.276588,37.906054],[-83.276825,37.905638],[-83.276971,37.905333],[-83.277001,37.905246],[-83.277028,37.904983],[-83.277049,37.904911],[-83.277085,37.904849],[-83.277124,37.904813],[-83.277216,37.904751],[-83.277406,37.90466],[-83.277732,37.90455],[-83.277943,37.904453],[-83.278036,37.904395],[-83.278235,37.904171],[-83.278355,37.903946],[-83.278604,37.903339],[-83.278605,37.90329],[-83.278533,37.903139]]}},{"type":"Feature","properties":{"osm_id":16322727,"highway":"residential","name":"Navajo Road","alt_name":null,"official_name":null,"surface":null,"tracktype":null,"service":null,"access":null,"motor_vehicle":null,"foot":null,"tiger_reviewed":"no","rrgh_part":0,"rrgh_tile_part":0},"geometry":{"type":"LineString","coordinates":[[-83.284159,37.905277],[-83.284239,37.90526],[-83.284452,37.90517],[-83.28472,37.905017],[-83.284796,37.904941],[-83.284878,37.904878],[-83.285043,37.904804],[-83.285182,37.904727],[-83.285234,37.904672],[-83.285263,37.904609],[-83.285284,37.904465],[-83.28525,37.904345],[-83.285242,37.904268],[-83.285311,37.904055],[-83.285345,37.903875],[-83.285379,37.903589],[-83.285368,37.903548],[-83.285247,37.903452],[-83.285155,37.90342],[-83.28505,37.903409]]}},{"type":"Feature","properties":{"osm_id":16317889,"highway":"residential","name":null,"alt_name":null,"official_name":null,"surface":null,"tracktype":null,"service":null,"access":null,"motor_vehicle":null,"foot":null,"tiger_reviewed":"no","rrgh_part":0,"rrgh_tile_part":0},"geometry":{"type":"LineString","coordinates":[[-83.298465,37.912281],[-83.298521,37.912609],[-83.298486,37.912798],[-83.298375,37.912908],[-83.298263,37.912974],[-83.298091,37.91304]]}},{"type":"Feature","properties":{"osm_id":16317890,"highway":"residential","name":null,"alt_name":null,"official_name":null,"surface":null,"tracktype":null,"service":null,"access":null,"motor_vehicle":null,"foot":null,"tiger_reviewed":"no","rrgh_part":0,"rrgh_tile_part":0},"geometry":{"type":"LineString","coordinates":[[-83.299354,37.9127],[-83.298935,37.912713],[-83.298588,37.912784],[-83.298486,37.912798]]}},{"type":"Feature","properties":{"osm_id":16322316,"highway":"residential","name":"Golf Course Road","alt_name":null,"official_name":null,"surface":null,"tracktype":null,"service":null,"access":null,"motor_vehicle":null,"foot":null,"tiger_reviewed":"no","rrgh_part":0,"rrgh_tile_part":0},"geometry":{"type":"LineString","coordinates":[[-83.296006,37.917091],[-83.296569,37.917121],[-83.296855,37.917136],[-83.296903,37.917135],[-83.296948,37.917135],[-83.297038,37.917121],[-83.297125,37.917088],[-83.297248,37.917002],[-83.298243,37.916308],[-83.298842,37.915924],[-83.299046,37.915816],[-83.299254,37.915726],[-83.299461,37.915665],[-83.299562,37.915647],[-83.299653,37.91564],[-83.299733,37.915649],[-83.299801,37.915674],[-83.300182,37.915867],[-83.300334,37.915955],[-83.300409,37.916017],[-83.300481,37.916092],[-83.300662,37.916335],[-83.300744,37.916436],[-83.300995,37.916655],[-83.301134,37.916749],[-83.301301,37.916837],[-83.301897,37.917026],[-83.302091,37.917028],[-83.302355,37.91703]]}},{"type":"Feature","properties":{"osm_id":16317522,"highway":"residential","name":"Lowe Hollow","alt_name":null,"official_name":null,"surface":null,"tracktype":null,"service":null,"access":null,"motor_vehicle":null,"foot":null,"tiger_reviewed":"no","rrgh_part":0,"rrgh_tile_part":0},"geometry":{"type":"LineString","coordinates":[[-83.295021,37.910837],[-83.292152,37.910907],[-83.288233,37.911003]]}},{"type":"Feature","properties":{"osm_id":1112072676,"highway":"service","name":null,"alt_name":null,"official_name":null,"surface":null,"tracktype":null,"service":null,"access":null,"motor_vehicle":null,"foot":null,"tiger_reviewed":null,"rrgh_part":0,"rrgh_tile_part":0},"geometry":{"type":"LineString","coordinates":[[-83.2723796,37.9016751],[-83.2714809,37.9016065],[-83.270621,37.901574],[-83.2705684,37.9015795],[-83.2705227,37.9015939],[-83.2704747,37.901621],[-83.2703695,37.901713],[-83.270262,37.901796],[-83.2701767,37.9018525]]}},{"type":"Feature","properties":{"osm_id":16319411,"highway":"residential","name":"Road to Justice","alt_name":null,"official_name":null,"surface":null,"tracktype":null,"service":null,"access":null,"motor_vehicle":null,"foot":null,"tiger_reviewed":"no","rrgh_part":0,"rrgh_tile_part":0},"geometry":{"type":"LineString","coordinates":[[-83.270589,37.906331],[-83.270225,37.906246],[-83.269305,37.906079],[-83.26896,37.906008],[-83.267374,37.905635],[-83.267138,37.905562],[-83.267065,37.905528],[-83.2669508,37.905454],[-83.266903,37.905423],[-83.266798,37.905378],[-83.266733,37.905361],[-83.2666616,37.9053557],[-83.2657894,37.9052908],[-83.265738,37.905287],[-83.265641,37.905295],[-83.265557,37.905319],[-83.265485,37.905356],[-83.265422,37.905402],[-83.265323,37.905517],[-83.265293,37.905584],[-83.265282,37.905653],[-83.265289,37.905726],[-83.265313,37.905799],[-83.2656503,37.9065637],[-83.2656203,37.9066668]]}},{"type":"Feature","properties":{"osm_id":16320128,"highway":"residential","name":"Daisy Knob Road","alt_name":null,"official_name":null,"surface":null,"tracktype":null,"service":null,"access":null,"motor_vehicle":null,"foot":null,"tiger_reviewed":"no","rrgh_part":0,"rrgh_tile_part":0},"geometry":{"type":"LineString","coordinates":[[-83.278584,37.908937],[-83.278544,37.909031],[-83.278573,37.909219],[-83.278571,37.909937],[-83.278554,37.910001],[-83.278487,37.91055],[-83.27849,37.911086],[-83.278364,37.911714],[-83.277784,37.912294],[-83.277407,37.912531],[-83.277149,37.912656],[-83.276779,37.912828],[-83.276654,37.912907],[-83.276607,37.912955],[-83.276554,37.913057],[-83.276491,37.913368],[-83.27646,37.913464],[-83.276412,37.913616],[-83.276196,37.913907],[-83.276049,37.914065],[-83.275963,37.914136],[-83.275611,37.914309],[-83.275002,37.914371],[-83.274865,37.914385],[-83.274747,37.914386],[-83.274391,37.91445],[-83.274125,37.91456],[-83.273939,37.914683],[-83.273645,37.914946],[-83.273292,37.915187],[-83.272438,37.91567],[-83.272282,37.915778],[-83.271957,37.916032],[-83.271695,37.916189],[-83.271628,37.916261],[-83.271529,37.916427],[-83.271398,37.916689],[-83.271287,37.916879],[-83.270881,37.917418],[-83.270688,37.917623],[-83.270541,37.917756],[-83.27037,37.917864],[-83.270329,37.917877],[-83.269995,37.917953],[-83.269823,37.918004],[-83.269744,37.91804],[-83.269606,37.918134],[-83.269568,37.91819],[-83.26955,37.918238],[-83.269522,37.9185],[-83.269493,37.918601],[-83.269367,37.91882],[-83.269262,37.91897],[-83.269145,37.919084],[-83.268769,37.919533],[-83.268607,37.919701],[-83.268398,37.919863],[-83.268307,37.919923],[-83.26798,37.920065],[-83.267879,37.920106],[-83.267695,37.920163],[-83.267165,37.920303],[-83.266678,37.920407]]}},{"type":"Feature","properties":{"osm_id":16322680,"highway":"residential","name":"McClaim Way","alt_name":null,"official_name":null,"surface":null,"tracktype":null,"service":null,"access":null,"motor_vehicle":null,"foot":null,"tiger_reviewed":"no","rrgh_part":0,"rrgh_tile_part":0},"geometry":{"type":"LineString","coordinates":[[-83.276392,37.903922],[-83.276505,37.904119],[-83.276511,37.904153],[-83.276454,37.904231],[-83.276279,37.904361],[-83.276111,37.904459],[-83.27576,37.904789],[-83.275672,37.905174],[-83.27565,37.905379],[-83.275657,37.905496],[-83.275599,37.905828],[-83.275537,37.906118],[-83.275505,37.906194],[-83.275457,37.906248],[-83.275396,37.906276],[-83.275333,37.906279],[-83.275279,37.90626],[-83.275245,37.906231],[-83.275202,37.906148],[-83.275159,37.906024],[-83.275079,37.905888],[-83.275016,37.905821],[-83.274847,37.905703],[-83.27475,37.905656],[-83.274635,37.905625],[-83.274516,37.905608],[-83.274394,37.905614],[-83.274279,37.905642],[-83.274163,37.905694],[-83.273961,37.905837],[-83.27358,37.906192],[-83.2734,37.906379],[-83.273033,37.9067],[-83.272915,37.906761],[-83.272804,37.906803],[-83.272715,37.906827],[-83.272603,37.906822],[-83.2725,37.906789],[-83.272424,37.906734],[-83.272373,37.906659],[-83.272345,37.906574],[-83.272335,37.906486],[-83.272342,37.906298],[-83.272357,37.906205],[-83.272351,37.906042],[-83.272321,37.905977],[-83.272267,37.905931],[-83.272189,37.905913],[-83.272109,37.90592],[-83.27184,37.906003],[-83.271675,37.906081],[-83.271626,37.906112],[-83.271588,37.906153],[-83.27156,37.906201],[-83.271547,37.90626],[-83.271488,37.906959],[-83.271465,37.907031],[-83.271425,37.907099],[-83.271312,37.907197],[-83.271148,37.907282],[-83.271052,37.907309],[-83.270959,37.907313],[-83.27071,37.907297],[-83.270594,37.907321],[-83.270538,37.907346],[-83.270461,37.907486],[-83.270437,37.907551],[-83.270385,37.907755],[-83.270381,37.907822],[-83.270425,37.907944],[-83.270532,37.908052],[-83.270786,37.908259],[-83.270891,37.908371],[-83.270983,37.908499],[-83.271017,37.908566],[-83.271053,37.908707],[-83.271061,37.908781],[-83.271054,37.908855],[-83.271033,37.90893],[-83.270996,37.909004],[-83.270883,37.909149],[-83.270741,37.909285],[-83.2706,37.909393],[-83.270541,37.909425],[-83.270374,37.909491]]}},{"type":"Feature","properties":{"osm_id":1112072668,"highway":"service","name":null,"alt_name":null,"official_name":null,"surface":null,"tracktype":null,"service":null,"access":null,"motor_vehicle":null,"foot":null,"tiger_reviewed":null,"rrgh_part":0,"rrgh_tile_part":0},"geometry":{"type":"LineString","coordinates":[[-83.2669508,37.905454],[-83.2669077,37.9053665],[-83.2669191,37.9052438],[-83.2669603,37.9048612],[-83.2695742,37.9050327],[-83.2699107,37.9049934]]}},{"type":"Feature","properties":{"osm_id":1112072668,"highway":"service","name":null,"alt_name":null,"official_name":null,"surface":null,"tracktype":null,"service":null,"access":null,"motor_vehicle":null,"foot":null,"tiger_reviewed":null,"rrgh_part":1,"rrgh_tile_part":0},"geometry":{"type":"LineString","coordinates":[[-83.2699107,37.9049934],[-83.270176,37.905012],[-83.2704508,37.9050312],[-83.2706817,37.9050474],[-83.2716383,37.9051144],[-83.2718147,37.9051267],[-83.2718962,37.9051148],[-83.2719596,37.9050601],[-83.2719867,37.9049863],[-83.2719656,37.9049339],[-83.2719294,37.9048815],[-83.2719022,37.9048029],[-83.2719113,37.9046767],[-83.2719958,37.9037839],[-83.272026,37.9037386],[-83.2720652,37.9036863],[-83.2720712,37.9036291],[-83.2720561,37.9035886],[-83.2720229,37.9035553],[-83.2719626,37.903541],[-83.2719083,37.9035243],[-83.2702094,37.9019338],[-83.2702003,37.9018791],[-83.2701767,37.9018525],[-83.2701581,37.9018314],[-83.2701068,37.9018314],[-83.2700495,37.9018576],[-83.2700314,37.9019076],[-83.2680518,37.9032386],[-83.2679885,37.9032577],[-83.2678949,37.9032862],[-83.2678406,37.9033386],[-83.2678104,37.9034172],[-83.2678285,37.9034791],[-83.2678708,37.9035601],[-83.2677742,37.9044601],[-83.267732,37.9045363],[-83.2676777,37.9046101],[-83.2676354,37.9046982],[-83.2676445,37.9047815],[-83.2676837,37.9048291],[-83.2677712,37.9048672],[-83.2699107,37.9049934]]}},{"type":"Feature","properties":{"osm_id":1112072687,"highway":"service","name":null,"alt_name":null,"official_name":null,"surface":null,"tracktype":null,"service":null,"access":null,"motor_vehicle":null,"foot":null,"tiger_reviewed":null,"rrgh_part":0,"rrgh_tile_part":0},"geometry":{"type":"LineString","coordinates":[[-83.2699448,37.9048514],[-83.2716515,37.9049542],[-83.2717842,37.9036424],[-83.2702705,37.9022168],[-83.2701422,37.902096],[-83.2700439,37.9020888],[-83.2698925,37.9021909],[-83.2680886,37.9034078],[-83.2679582,37.9047088],[-83.2696262,37.9048228]]}},{"type":"Feature","properties":{"osm_id":1112072694,"highway":"service","name":null,"alt_name":null,"official_name":null,"surface":null,"tracktype":null,"service":null,"access":null,"motor_vehicle":null,"foot":null,"tiger_reviewed":null,"rrgh_part":0,"rrgh_tile_part":0},"geometry":{"type":"LineString","coordinates":[[-83.2702705,37.9022168],[-83.2698925,37.9021909]]}},{"type":"Feature","properties":{"osm_id":1248315181,"highway":"service","name":null,"alt_name":null,"official_name":null,"surface":null,"tracktype":null,"service":null,"access":null,"motor_vehicle":null,"foot":null,"tiger_reviewed":null,"rrgh_part":0,"rrgh_tile_part":0},"geometry":{"type":"LineString","coordinates":[[-83.2784205,37.9031806],[-83.2782208,37.9029053],[-83.2781029,37.9027827],[-83.2774739,37.9022567],[-83.2774644,37.9020254]]}},{"type":"Feature","properties":{"osm_id":16318409,"highway":"service","name":null,"alt_name":null,"official_name":null,"surface":null,"tracktype":null,"service":null,"access":"private","motor_vehicle":null,"foot":null,"tiger_reviewed":"no","rrgh_part":0,"rrgh_tile_part":0},"geometry":{"type":"LineString","coordinates":[[-83.278584,37.908937],[-83.278603,37.908796],[-83.278596,37.908299]]}},{"type":"Feature","properties":{"osm_id":16322822,"highway":"residential","name":"Ridge View Road","alt_name":null,"official_name":null,"surface":null,"tracktype":null,"service":null,"access":null,"motor_vehicle":null,"foot":null,"tiger_reviewed":"no","rrgh_part":0,"rrgh_tile_part":0},"geometry":{"type":"LineString","coordinates":[[-83.280977,37.908293],[-83.280783,37.908046],[-83.280733,37.907962],[-83.280691,37.907863],[-83.280634,37.907623],[-83.280578,37.907126],[-83.28048,37.906773],[-83.280336,37.90616],[-83.280247,37.905514],[-83.28015,37.905142],[-83.280146,37.904989],[-83.280166,37.904668],[-83.280183,37.904602],[-83.280178,37.904533]]}},{"type":"Feature","properties":{"osm_id":16322882,"highway":"residential","name":"Ila Lane","alt_name":null,"official_name":null,"surface":null,"tracktype":null,"service":null,"access":null,"motor_vehicle":null,"foot":null,"tiger_reviewed":"no","rrgh_part":0,"rrgh_tile_part":0},"geometry":{"type":"LineString","coordinates":[[-83.277124,37.904813],[-83.277099,37.90471],[-83.277117,37.904644],[-83.277224,37.904571],[-83.277564,37.904398]]}},{"type":"Feature","properties":{"osm_id":16319277,"highway":"residential","name":"Tower Hill Lane","alt_name":null,"official_name":null,"surface":null,"tracktype":null,"service":null,"access":null,"motor_vehicle":null,"foot":null,"tiger_reviewed":"no","rrgh_part":0,"rrgh_tile_part":0},"geometry":{"type":"LineString","coordinates":[[-83.271312,37.907197],[-83.271513,37.907208],[-83.271818,37.907145],[-83.271933,37.907133],[-83.272034,37.907151],[-83.272252,37.90723],[-83.27246,37.907282],[-83.27271,37.9073],[-83.273329,37.907314],[-83.273459,37.907308],[-83.273818,37.907242],[-83.273962,37.907254],[-83.27404,37.907282],[-83.274128,37.907331],[-83.274309,37.907474],[-83.274457,37.907562],[-83.27456,37.907605],[-83.274755,37.907665],[-83.274988,37.907711],[-83.275144,37.907725],[-83.275462,37.907736],[-83.275751,37.907713],[-83.276028,37.907691],[-83.276519,37.907706]]}},{"type":"Feature","properties":{"osm_id":16320642,"highway":"residential","name":"Vance Court","alt_name":null,"official_name":null,"surface":null,"tracktype":null,"service":null,"access":null,"motor_vehicle":null,"foot":null,"tiger_reviewed":"no","rrgh_part":0,"rrgh_tile_part":0},"geometry":{"type":"LineString","coordinates":[[-83.271148,37.907282],[-83.271084,37.907396],[-83.270853,37.907616],[-83.270813,37.907713],[-83.270804,37.90781],[-83.270842,37.907901],[-83.270873,37.90794],[-83.270916,37.907972],[-83.271025,37.908025],[-83.271136,37.908057],[-83.271237,37.908122],[-83.271446,37.908392],[-83.271659,37.908597],[-83.271726,37.908668],[-83.27178,37.908742],[-83.271808,37.908821],[-83.271807,37.908901],[-83.271782,37.908979],[-83.271701,37.90915]]}},{"type":"Feature","properties":{"osm_id":1112072706,"highway":"service","name":null,"alt_name":null,"official_name":null,"surface":null,"tracktype":null,"service":null,"access":null,"motor_vehicle":null,"foot":null,"tiger_reviewed":null,"rrgh_part":0,"rrgh_tile_part":0},"geometry":{"type":"LineString","coordinates":[[-83.2704508,37.9050312],[-83.2705892,37.9051481],[-83.2706858,37.9052588],[-83.2707401,37.9053112],[-83.2708276,37.9053564],[-83.2709106,37.9053803],[-83.2709785,37.9053755],[-83.2710735,37.9053588],[-83.2711942,37.9053326],[-83.271321,37.9053267],[-83.2714522,37.9053148],[-83.271585,37.9052838],[-83.271671,37.9052314],[-83.2717027,37.9051838],[-83.2718147,37.9051267]]}},{"type":"Feature","properties":{"osm_id":1112072707,"highway":"service","name":null,"alt_name":null,"official_name":null,"surface":null,"tracktype":null,"service":null,"access":null,"motor_vehicle":null,"foot":null,"tiger_reviewed":null,"rrgh_part":0,"rrgh_tile_part":0},"geometry":{"type":"LineString","coordinates":[[-83.2717027,37.9051838],[-83.2716383,37.9051144]]}},{"type":"Feature","properties":{"osm_id":1112072708,"highway":"service","name":null,"alt_name":null,"official_name":null,"surface":null,"tracktype":null,"service":null,"access":null,"motor_vehicle":null,"foot":null,"tiger_reviewed":null,"rrgh_part":0,"rrgh_tile_part":0},"geometry":{"type":"LineString","coordinates":[[-83.2705892,37.9051481],[-83.2706073,37.905091],[-83.2706817,37.9050474]]}},{"type":"Feature","properties":{"osm_id":16322300,"highway":"residential","name":"West Liberty-River Road","alt_name":null,"official_name":null,"surface":null,"tracktype":null,"service":null,"access":null,"motor_vehicle":null,"foot":null,"tiger_reviewed":"no","rrgh_part":0,"rrgh_tile_part":0},"geometry":{"type":"LineString","coordinates":[[-83.256481,37.909169],[-83.256679,37.909258],[-83.257117,37.909383],[-83.257822,37.909698],[-83.258074,37.909823],[-83.258186,37.909867],[-83.258639,37.910101],[-83.259057,37.910275],[-83.259485,37.910544],[-83.259852,37.910819],[-83.260235,37.911045],[-83.260575,37.91121],[-83.260805,37.911322]]}},{"type":"Feature","properties":{"osm_id":1112072699,"highway":"track","name":null,"alt_name":null,"official_name":null,"surface":null,"tracktype":null,"service":null,"access":null,"motor_vehicle":null,"foot":null,"tiger_reviewed":null,"rrgh_part":0,"rrgh_tile_part":0},"geometry":{"type":"LineString","coordinates":[[-83.267483,37.904598],[-83.267582,37.9045106],[-83.2676186,37.9043915],[-83.2676186,37.9042507],[-83.2676186,37.9041966],[-83.2675728,37.9040685],[-83.2674338,37.9038347],[-83.2672595,37.9035416],[-83.2669668,37.9031879],[-83.2666649,37.9028487],[-83.2665666,37.9027657],[-83.2664683,37.9027115],[-83.2663814,37.9026754],[-83.2661138,37.9025979],[-83.2660223,37.9025563],[-83.2659286,37.9024932],[-83.2658645,37.9024102],[-83.2658096,37.9023254],[-83.2657479,37.9021846],[-83.2656816,37.9020096]]}},{"type":"Feature","properties":{"osm_id":1112072699,"highway":"track","name":null,"alt_name":null,"official_name":null,"surface":null,"tracktype":null,"service":null,"access":null,"motor_vehicle":null,"foot":null,"tiger_reviewed":null,"rrgh_part":1,"rrgh_tile_part":0},"geometry":{"type":"LineString","coordinates":[[-83.2656816,37.9020096],[-83.2656427,37.9019121],[-83.2653363,37.9016361],[-83.2652768,37.901544],[-83.2652837,37.901452],[-83.2653386,37.90136],[-83.2653934,37.9013221],[-83.2654918,37.9013094],[-83.2656061,37.9013365],[-83.265709,37.901387],[-83.2658668,37.9015873],[-83.2658691,37.901674],[-83.2658462,37.9017624],[-83.2657845,37.9018273],[-83.2657022,37.9019121],[-83.2656816,37.9020096]]}},{"type":"Feature","properties":{"osm_id":1112072673,"highway":"service","name":null,"alt_name":null,"official_name":null,"surface":null,"tracktype":null,"service":null,"access":null,"motor_vehicle":null,"foot":null,"tiger_reviewed":null,"rrgh_part":0,"rrgh_tile_part":0},"geometry":{"type":"LineString","coordinates":[[-83.2676777,37.9046101],[-83.267483,37.904598],[-83.2669866,37.9045672],[-83.2669603,37.9048612]]}},{"type":"Feature","properties":{"osm_id":1112072701,"highway":"track","name":null,"alt_name":null,"official_name":null,"surface":null,"tracktype":null,"service":null,"access":null,"motor_vehicle":null,"foot":null,"tiger_reviewed":null,"rrgh_part":0,"rrgh_tile_part":0},"geometry":{"type":"LineString","coordinates":[[-83.2676186,37.9042507],[-83.2673716,37.9042381],[-83.2672641,37.9042219],[-83.2672115,37.9041876],[-83.2671841,37.9041443],[-83.2672318,37.9037632],[-83.2672595,37.9035416]]}},{"type":"Feature","properties":{"osm_id":1112072702,"highway":"track","name":null,"alt_name":null,"official_name":null,"surface":null,"tracktype":null,"service":null,"access":null,"motor_vehicle":null,"foot":null,"tiger_reviewed":null,"rrgh_part":0,"rrgh_tile_part":0},"geometry":{"type":"LineString","coordinates":[[-83.2658966,37.9036914],[-83.2658165,37.9036841],[-83.2657731,37.9036607],[-83.265741,37.9036192],[-83.2656839,37.9034766],[-83.2656358,37.9033738],[-83.2655993,37.9033034],[-83.265597,37.9032511],[-83.265613,37.9032078],[-83.2656519,37.9031789],[-83.2657136,37.9031482],[-83.2657845,37.9031266],[-83.2658508,37.9030959],[-83.2659011,37.9030454],[-83.2659537,37.9029822],[-83.2660063,37.9029281],[-83.2660566,37.9028866],[-83.2661435,37.9028595],[-83.2662281,37.9028541],[-83.2663105,37.9028703],[-83.2663745,37.9029136],[-83.2664294,37.9029768],[-83.2665003,37.9030833],[-83.2665529,37.9032042],[-83.2665826,37.9033106],[-83.2665895,37.9034279],[-83.2665689,37.9035073],[-83.2665209,37.9035903],[-83.2664477,37.9036426],[-83.2663607,37.9036798]]}},{"type":"Feature","properties":{"osm_id":1112072712,"highway":"service","name":null,"alt_name":null,"official_name":null,"surface":null,"tracktype":null,"service":null,"access":null,"motor_vehicle":null,"foot":null,"tiger_reviewed":null,"rrgh_part":0,"rrgh_tile_part":0},"geometry":{"type":"LineString","coordinates":[[-83.2666616,37.9053557],[-83.266629,37.9053195],[-83.2666198,37.9052834],[-83.2666254,37.9052348],[-83.2666459,37.9050571],[-83.2666553,37.9049758],[-83.2666495,37.9049496],[-83.266629,37.9049288],[-83.2658537,37.9048774],[-83.2658343,37.9048864],[-83.2658183,37.9049072],[-83.265811,37.9050037],[-83.2657977,37.9051813],[-83.2657894,37.9052908]]}},{"type":"Feature","properties":{"osm_id":1112387625,"highway":"track","name":null,"alt_name":null,"official_name":null,"surface":null,"tracktype":null,"service":null,"access":null,"motor_vehicle":null,"foot":null,"tiger_reviewed":null,"rrgh_part":0,"rrgh_tile_part":0},"geometry":{"type":"LineString","coordinates":[[-83.2674338,37.9038347],[-83.267351,37.9037798],[-83.2672318,37.9037632],[-83.2669188,37.9037401],[-83.2667061,37.9037202],[-83.2665163,37.9036914],[-83.2663607,37.9036798],[-83.2663219,37.9036769],[-83.2658966,37.9036914],[-83.2658142,37.9037094],[-83.2657708,37.9037545],[-83.2657365,37.9038339],[-83.265693,37.9039169],[-83.2655787,37.9040775],[-83.2654712,37.9042074],[-83.2653477,37.9043319],[-83.2652539,37.9044059],[-83.2651419,37.9044727]]}},{"type":"Feature","properties":{"osm_id":1248315182,"highway":"service","name":null,"alt_name":null,"official_name":null,"surface":null,"tracktype":null,"service":null,"access":null,"motor_vehicle":null,"foot":null,"tiger_reviewed":null,"rrgh_part":0,"rrgh_tile_part":0},"geometry":{"type":"LineString","coordinates":[[-83.26975,37.908775],[-83.2693126,37.9085637],[-83.2689743,37.9083809],[-83.2688693,37.9082939],[-83.268815,37.9082082],[-83.2687897,37.9081211],[-83.2687427,37.9078385]]}},{"type":"Feature","properties":{"osm_id":16318614,"highway":"residential","name":"Deer Track Way","alt_name":null,"official_name":null,"surface":null,"tracktype":null,"service":null,"access":null,"motor_vehicle":null,"foot":null,"tiger_reviewed":"no","rrgh_part":0,"rrgh_tile_part":0},"geometry":{"type":"LineString","coordinates":[[-83.274865,37.914385],[-83.274938,37.914449],[-83.275117,37.914549],[-83.275415,37.914699],[-83.275634,37.914792],[-83.275838,37.914858],[-83.276123,37.914926],[-83.276457,37.914992],[-83.276671,37.91501],[-83.27679,37.915004],[-83.276914,37.914982]]}},{"type":"Feature","properties":{"osm_id":16319202,"highway":"residential","name":"Reed Lane","alt_name":null,"official_name":null,"surface":null,"tracktype":null,"service":null,"access":null,"motor_vehicle":null,"foot":null,"tiger_reviewed":"no","rrgh_part":0,"rrgh_tile_part":0},"geometry":{"type":"LineString","coordinates":[[-83.273939,37.914683],[-83.274027,37.914791],[-83.274036,37.914835],[-83.274034,37.914948],[-83.273969,37.915087],[-83.273646,37.915551],[-83.273584,37.915665],[-83.273522,37.915865],[-83.273444,37.916319],[-83.273368,37.916542],[-83.27331,37.91663],[-83.273234,37.916782],[-83.273198,37.916912],[-83.273173,37.917156],[-83.273184,37.917275],[-83.273208,37.917331],[-83.273242,37.917386],[-83.273367,37.917458],[-83.273652,37.917647],[-83.273777,37.917758],[-83.273958,37.918023],[-83.274016,37.918146],[-83.274101,37.918276],[-83.274158,37.918316],[-83.274268,37.918357],[-83.27444,37.918357],[-83.274645,37.918341],[-83.274766,37.918312],[-83.274969,37.918243],[-83.275354,37.91813],[-83.2768,37.91781]]}},{"type":"Feature","properties":{"osm_id":16321216,"highway":"residential","name":"Melody Circle Court","alt_name":null,"official_name":null,"surface":null,"tracktype":null,"service":null,"access":null,"motor_vehicle":null,"foot":null,"tiger_reviewed":"no","rrgh_part":0,"rrgh_tile_part":0},"geometry":{"type":"LineString","coordinates":[[-83.276609,37.912403],[-83.276457,37.912398],[-83.276216,37.912502],[-83.276095,37.912545],[-83.275672,37.912613],[-83.275331,37.912872],[-83.275312,37.912907],[-83.275324,37.912937],[-83.275556,37.913287],[-83.275626,37.913407],[-83.275707,37.913592],[-83.275752,37.913657],[-83.275846,37.913758],[-83.275919,37.913798],[-83.275959,37.913801],[-83.276039,37.913789],[-83.276099,37.913766],[-83.276255,37.913667],[-83.27646,37.913464]]}},{"type":"Feature","properties":{"osm_id":16321896,"highway":"residential","name":"Circle Drive","alt_name":null,"official_name":null,"surface":null,"tracktype":null,"service":null,"access":null,"motor_vehicle":null,"foot":null,"tiger_reviewed":"no","rrgh_part":0,"rrgh_tile_part":0},"geometry":{"type":"LineString","coordinates":[[-83.264847,37.916796],[-83.264987,37.916692],[-83.265106,37.916619],[-83.265184,37.916548],[-83.265418,37.916419],[-83.265661,37.916334],[-83.266047,37.916176],[-83.266418,37.916087],[-83.266504,37.916034],[-83.266786,37.915733],[-83.266874,37.91567],[-83.26697,37.91562],[-83.267074,37.915589],[-83.267183,37.915579],[-83.26729,37.915592],[-83.267386,37.915625],[-83.267459,37.915673],[-83.267506,37.91573],[-83.267535,37.915793],[-83.267588,37.915986],[-83.267676,37.91615],[-83.26775,37.916228],[-83.267836,37.916295],[-83.268334,37.916643],[-83.268691,37.916877],[-83.269071,37.917141],[-83.269244,37.917288],[-83.269466,37.917516],[-83.269548,37.917578],[-83.269639,37.91763],[-83.269738,37.917671],[-83.269857,37.917709],[-83.270113,37.91776],[-83.270223,37.917794],[-83.270329,37.917877]]}},{"type":"Feature","properties":{"osm_id":16322078,"highway":"residential","name":"Dixie Lane","alt_name":null,"official_name":null,"surface":null,"tracktype":null,"service":null,"access":null,"motor_vehicle":null,"foot":null,"tiger_reviewed":"no","rrgh_part":0,"rrgh_tile_part":0},"geometry":{"type":"LineString","coordinates":[[-83.266488,37.921725],[-83.26659,37.921776],[-83.266687,37.921806],[-83.266943,37.921856],[-83.267294,37.921898],[-83.267793,37.921917],[-83.267891,37.921929],[-83.268177,37.921991],[-83.268284,37.921993],[-83.268379,37.921984],[-83.26857,37.921942],[-83.268946,37.921806],[-83.269378,37.921715],[-83.269895,37.921622],[-83.270116,37.921554],[-83.2703,37.921491],[-83.270729,37.921265],[-83.270917,37.921183],[-83.271172,37.92109],[-83.271279,37.921037],[-83.271573,37.920873],[-83.27166,37.920798],[-83.272019,37.920409],[-83.272072,37.920315],[-83.272088,37.920265],[-83.272111,37.919989],[-83.272192,37.919605],[-83.272206,37.919331],[-83.272172,37.919149],[-83.272142,37.919071],[-83.272101,37.919003],[-83.272047,37.918952],[-83.271987,37.918916],[-83.271927,37.918895],[-83.271835,37.918882]]}},{"type":"Feature","properties":{"osm_id":16322470,"highway":"residential","name":"Melody Circle","alt_name":null,"official_name":null,"surface":null,"tracktype":null,"service":null,"access":null,"motor_vehicle":null,"foot":null,"tiger_reviewed":"no","rrgh_part":0,"rrgh_tile_part":0},"geometry":{"type":"LineString","coordinates":[[-83.277149,37.912656],[-83.277095,37.912585],[-83.276999,37.912535],[-83.276898,37.912493],[-83.276609,37.912403],[-83.276223,37.912168],[-83.276091,37.912044]]}},{"type":"Feature","properties":{"osm_id":16322896,"highway":"service","name":"Neal Road","alt_name":null,"official_name":null,"surface":null,"tracktype":null,"service":null,"access":"private","motor_vehicle":null,"foot":null,"tiger_reviewed":"no","rrgh_part":0,"rrgh_tile_part":0},"geometry":{"type":"LineString","coordinates":[[-83.279949,37.925667],[-83.28006,37.925321],[-83.279884,37.924888],[-83.280015,37.924452],[-83.28003,37.9242],[-83.280008,37.923996],[-83.279937,37.923794],[-83.279748,37.923353],[-83.2797,37.923156],[-83.279691,37.923021],[-83.27968,37.922976],[-83.279659,37.922884],[-83.27962,37.922602],[-83.279602,37.922547],[-83.27963,37.922412],[-83.279709,37.922216],[-83.279793,37.922028],[-83.279889,37.921857],[-83.279976,37.921761],[-83.280069,37.921688],[-83.280165,37.921636],[-83.280253,37.921572],[-83.280368,37.921444]]}},{"type":"Feature","properties":{"osm_id":1248315183,"highway":"service","name":null,"alt_name":null,"official_name":null,"surface":null,"tracktype":null,"service":null,"access":null,"motor_vehicle":null,"foot":null,"tiger_reviewed":null,"rrgh_part":0,"rrgh_tile_part":0},"geometry":{"type":"LineString","coordinates":[[-83.2688244,37.9114822],[-83.2674566,37.9107575]]}},{"type":"Feature","properties":{"osm_id":16318705,"highway":"residential","name":"Dragway Court","alt_name":null,"official_name":null,"surface":null,"tracktype":null,"service":null,"access":null,"motor_vehicle":null,"foot":null,"tiger_reviewed":"no","rrgh_part":0,"rrgh_tile_part":0},"geometry":{"type":"LineString","coordinates":[[-83.261196,37.915436],[-83.261125,37.915378],[-83.261095,37.915322],[-83.261099,37.915234],[-83.261112,37.915189],[-83.261184,37.9151]]}},{"type":"Feature","properties":{"osm_id":16320141,"highway":"residential","name":"Sugar Maple Lane","alt_name":null,"official_name":null,"surface":null,"tracktype":null,"service":null,"access":null,"motor_vehicle":null,"foot":null,"tiger_reviewed":"no","rrgh_part":0,"rrgh_tile_part":0},"geometry":{"type":"LineString","coordinates":[[-83.257226,37.911985],[-83.257425,37.912017],[-83.257585,37.912062],[-83.257622,37.912078],[-83.257647,37.912101],[-83.257656,37.912129],[-83.257643,37.912157]]}},{"type":"Feature","properties":{"osm_id":16322285,"highway":"residential","name":"River Road","alt_name":null,"official_name":null,"surface":null,"tracktype":null,"service":null,"access":null,"motor_vehicle":null,"foot":null,"tiger_reviewed":"no","rrgh_part":0,"rrgh_tile_part":0},"geometry":{"type":"LineString","coordinates":[[-83.260805,37.911322],[-83.26085,37.911344],[-83.260997,37.911444],[-83.261128,37.911561],[-83.261659,37.912108],[-83.261897,37.912274],[-83.262017,37.91239],[-83.262455,37.912865],[-83.262595,37.912985],[-83.262928,37.913239],[-83.263154,37.913425],[-83.263267,37.913536],[-83.263471,37.91389]]}},{"type":"Feature","properties":{"osm_id":441678277,"highway":"residential","name":"Sugar Maple Lane","alt_name":null,"official_name":null,"surface":null,"tracktype":null,"service":null,"access":null,"motor_vehicle":null,"foot":null,"tiger_reviewed":"no","rrgh_part":0,"rrgh_tile_part":0},"geometry":{"type":"LineString","coordinates":[[-83.257643,37.912157],[-83.257608,37.912178],[-83.257557,37.91218],[-83.257508,37.912161],[-83.257368,37.912056],[-83.257226,37.911985]]}},{"type":"Feature","properties":{"osm_id":16318946,"highway":"residential","name":"Keaton Avenue","alt_name":null,"official_name":null,"surface":null,"tracktype":null,"service":null,"access":null,"motor_vehicle":null,"foot":null,"tiger_reviewed":"no","rrgh_part":0,"rrgh_tile_part":0},"geometry":{"type":"LineString","coordinates":[[-83.259415,37.912554],[-83.259474,37.91317],[-83.259485,37.913851],[-83.259476,37.91392],[-83.259377,37.914153],[-83.25925,37.914313],[-83.258947,37.914634],[-83.257923,37.915364],[-83.257567,37.9156],[-83.257439,37.915723],[-83.257332,37.915902]]}},{"type":"Feature","properties":{"osm_id":16318950,"highway":"residential","name":"Keeton Heights","alt_name":null,"official_name":null,"surface":null,"tracktype":null,"service":null,"access":null,"motor_vehicle":null,"foot":null,"tiger_reviewed":"no","rrgh_part":0,"rrgh_tile_part":0},"geometry":{"type":"LineString","coordinates":[[-83.257332,37.915902],[-83.257237,37.916075],[-83.257166,37.916163],[-83.256983,37.916339],[-83.256868,37.916412],[-83.256667,37.916509],[-83.256464,37.916581],[-83.25636,37.916606],[-83.255972,37.916684],[-83.255008,37.9169],[-83.254055,37.917056],[-83.253901,37.91709],[-83.253839,37.917117],[-83.253792,37.91715],[-83.253711,37.917247],[-83.253577,37.917533],[-83.253536,37.917655]]}},{"type":"Feature","properties":{"osm_id":16320138,"highway":"residential","name":"Sugar Maple Lane","alt_name":null,"official_name":null,"surface":null,"tracktype":null,"service":null,"access":null,"motor_vehicle":null,"foot":null,"tiger_reviewed":"no","rrgh_part":0,"rrgh_tile_part":0},"geometry":{"type":"LineString","coordinates":[[-83.25643,37.912872],[-83.256418,37.912792],[-83.256423,37.912644],[-83.256484,37.912441],[-83.256625,37.912111],[-83.256681,37.912034],[-83.256777,37.911968],[-83.256843,37.911948],[-83.256917,37.911939],[-83.257072,37.911948],[-83.257226,37.911985]]}},{"type":"Feature","properties":{"osm_id":16320409,"highway":"residential","name":"Riverside Drive","alt_name":null,"official_name":null,"surface":null,"tracktype":null,"service":null,"access":null,"motor_vehicle":null,"foot":null,"tiger_reviewed":"no","rrgh_part":0,"rrgh_tile_part":0},"geometry":{"type":"LineString","coordinates":[[-83.261307,37.915284],[-83.261545,37.91543],[-83.261604,37.915479],[-83.261648,37.915533],[-83.261676,37.915593],[-83.261688,37.915661],[-83.2617326,37.9159594],[-83.261815,37.916511],[-83.261914,37.917096],[-83.262013,37.917653],[-83.2620194,37.9177132],[-83.262027,37.917785],[-83.262024,37.917949],[-83.261942,37.9183],[-83.2617679,37.9190605],[-83.261757,37.919108],[-83.2616755,37.9194393],[-83.261639,37.919597],[-83.2615664,37.9199236],[-83.261471,37.920353]]}},{"type":"Feature","properties":{"osm_id":16321092,"highway":"residential","name":"Glenn Avenue","alt_name":null,"official_name":null,"surface":null,"tracktype":null,"service":null,"access":null,"motor_vehicle":null,"foot":null,"tiger_reviewed":"no","rrgh_part":0,"rrgh_tile_part":0},"geometry":{"type":"LineString","coordinates":[[-83.255472,37.919798],[-83.255513,37.919789],[-83.255573,37.919785],[-83.255689,37.919791],[-83.256944,37.919925],[-83.257224,37.919963],[-83.257798,37.920048],[-83.2584384,37.9201576],[-83.2585251,37.9201724],[-83.258754,37.920212],[-83.259039,37.920257]]}},{"type":"Feature","properties":{"osm_id":16321382,"highway":"residential","name":"Wells Hill Lane","alt_name":null,"official_name":null,"surface":null,"tracktype":null,"service":null,"access":null,"motor_vehicle":null,"foot":null,"tiger_reviewed":"no","rrgh_part":0,"rrgh_tile_part":0},"geometry":{"type":"LineString","coordinates":[[-83.266091,37.922367],[-83.265976,37.922558],[-83.265903,37.922735],[-83.265861,37.922781],[-83.265791,37.922823],[-83.265703,37.922848],[-83.265598,37.922862],[-83.265208,37.922892],[-83.26493,37.922879]]}},{"type":"Feature","properties":{"osm_id":16321700,"highway":"residential","name":"Trooper Lane","alt_name":null,"official_name":null,"surface":null,"tracktype":null,"service":null,"access":null,"motor_vehicle":null,"foot":null,"tiger_reviewed":"no","rrgh_part":0,"rrgh_tile_part":0},"geometry":{"type":"LineString","coordinates":[[-83.256462,37.913512],[-83.256679,37.913509],[-83.256839,37.913521],[-83.257463,37.913634]]}},{"type":"Feature","properties":{"osm_id":16322013,"highway":"residential","name":"Hollow Lane","alt_name":null,"official_name":null,"surface":null,"tracktype":null,"service":null,"access":null,"motor_vehicle":null,"foot":null,"tiger_reviewed":"no","rrgh_part":0,"rrgh_tile_part":0},"geometry":{"type":"LineString","coordinates":[[-83.258897,37.917655],[-83.258927,37.917583],[-83.25911,37.917304],[-83.25922,37.917077],[-83.259302,37.916864],[-83.2593131,37.9167665],[-83.259317,37.916732],[-83.259319,37.916393],[-83.259276,37.915946],[-83.259241,37.915792],[-83.25915,37.915586]]}},{"type":"Feature","properties":{"osm_id":16322150,"highway":"residential","name":"Brooks Lane","alt_name":null,"official_name":null,"surface":null,"tracktype":null,"service":null,"access":null,"motor_vehicle":null,"foot":null,"tiger_reviewed":"no","rrgh_part":0,"rrgh_tile_part":0},"geometry":{"type":"LineString","coordinates":[[-83.253536,37.917655],[-83.254323,37.917731],[-83.25462,37.917725],[-83.255347,37.917667],[-83.255568,37.91766],[-83.255664,37.917669],[-83.25591,37.917717],[-83.256479,37.918017],[-83.256982,37.918305],[-83.257159,37.918468],[-83.257184,37.918583],[-83.257166,37.918645],[-83.257167,37.918732],[-83.2572379,37.9190875]]}},{"type":"Feature","properties":{"osm_id":110153723,"highway":"residential","name":"Broadway Street","alt_name":null,"official_name":null,"surface":null,"tracktype":null,"service":null,"access":null,"motor_vehicle":null,"foot":null,"tiger_reviewed":"no","rrgh_part":0,"rrgh_tile_part":0},"geometry":{"type":"LineString","coordinates":[[-83.258714,37.921635],[-83.258639,37.922016],[-83.2586253,37.9220629],[-83.258583,37.922207],[-83.258412,37.922793],[-83.258374,37.922922],[-83.258341,37.923061],[-83.258267,37.923372],[-83.258209,37.92365],[-83.258048,37.924295],[-83.257944,37.924729],[-83.257898,37.924974],[-83.257781,37.925478],[-83.257619,37.92588],[-83.257629,37.925924],[-83.257693,37.926007],[-83.257797,37.926077],[-83.257971,37.926168]]}},{"type":"Feature","properties":{"osm_id":1248315194,"highway":"residential","name":"Riverside Drive","alt_name":null,"official_name":null,"surface":null,"tracktype":null,"service":null,"access":null,"motor_vehicle":null,"foot":null,"tiger_reviewed":"no","rrgh_part":0,"rrgh_tile_part":0},"geometry":{"type":"LineString","coordinates":[[-83.261116,37.921969],[-83.260995,37.922384],[-83.260897,37.922654],[-83.260753,37.923046],[-83.260533,37.923564],[-83.260448,37.923722],[-83.260331,37.924005],[-83.260299,37.924051],[-83.260253,37.924081],[-83.260202,37.924092],[-83.26014,37.924081]]}},{"type":"Feature","properties":{"osm_id":16319531,"highway":"residential","name":"Carver Street","alt_name":null,"official_name":null,"surface":null,"tracktype":null,"service":null,"access":null,"motor_vehicle":null,"foot":null,"tiger_reviewed":"no","rrgh_part":0,"rrgh_tile_part":0},"geometry":{"type":"LineString","coordinates":[[-83.267042,37.916546],[-83.267934,37.916757],[-83.268017,37.916768],[-83.268093,37.916762],[-83.268183,37.916728],[-83.268334,37.916643]]}},{"type":"Feature","properties":{"osm_id":16320769,"highway":"residential","name":"Fyffe Court","alt_name":null,"official_name":null,"surface":null,"tracktype":null,"service":null,"access":null,"motor_vehicle":null,"foot":null,"tiger_reviewed":"no","rrgh_part":0,"rrgh_tile_part":0},"geometry":{"type":"LineString","coordinates":[[-83.268183,37.916728],[-83.268367,37.916844]]}},{"type":"Feature","properties":{"osm_id":16321111,"highway":"residential","name":"Maple Court","alt_name":null,"official_name":null,"surface":null,"tracktype":null,"service":null,"access":null,"motor_vehicle":null,"foot":null,"tiger_reviewed":"no","rrgh_part":0,"rrgh_tile_part":0},"geometry":{"type":"LineString","coordinates":[[-83.267165,37.920303],[-83.26724,37.919981],[-83.267289,37.919592]]}},{"type":"Feature","properties":{"osm_id":16321493,"highway":"unclassified","name":"Medical Circle","alt_name":null,"official_name":null,"surface":"asphalt","tracktype":null,"service":null,"access":null,"motor_vehicle":null,"foot":null,"tiger_reviewed":null,"rrgh_part":0,"rrgh_tile_part":0},"geometry":{"type":"LineString","coordinates":[[-83.265922,37.919622],[-83.265785,37.919642],[-83.265627,37.919638],[-83.265447,37.919659],[-83.265262,37.919645],[-83.265168,37.919666],[-83.265129,37.919688],[-83.26508,37.919758],[-83.265046,37.91983],[-83.265021,37.919934],[-83.26513,37.920249],[-83.265184,37.920374],[-83.265217,37.920407],[-83.265263,37.920427],[-83.265316,37.920429],[-83.265431,37.920407],[-83.266028,37.920251],[-83.266194,37.920184],[-83.266288,37.920118]]}},{"type":"Feature","properties":{"osm_id":16322266,"highway":"residential","name":"Miney Lane","alt_name":null,"official_name":null,"surface":null,"tracktype":null,"service":null,"access":null,"motor_vehicle":null,"foot":null,"tiger_reviewed":"no","rrgh_part":0,"rrgh_tile_part":0},"geometry":{"type":"LineString","coordinates":[[-83.268632,37.919122],[-83.268631,37.91914],[-83.268492,37.919392],[-83.268327,37.919675],[-83.26798,37.920065]]}},{"type":"Feature","properties":{"osm_id":16322425,"highway":"residential","name":"Barber Lane","alt_name":null,"official_name":null,"surface":null,"tracktype":null,"service":null,"access":null,"motor_vehicle":null,"foot":null,"tiger_reviewed":"no","rrgh_part":0,"rrgh_tile_part":0},"geometry":{"type":"LineString","coordinates":[[-83.265756,37.918907],[-83.265706,37.918864],[-83.265675,37.918821],[-83.265666,37.918755],[-83.265731,37.918436],[-83.265757,37.918257]]}},{"type":"Feature","properties":{"osm_id":16318502,"highway":"residential","name":"Craft Court","alt_name":null,"official_name":null,"surface":null,"tracktype":null,"service":null,"access":null,"motor_vehicle":null,"foot":null,"tiger_reviewed":"no","rrgh_part":0,"rrgh_tile_part":0},"geometry":{"type":"LineString","coordinates":[[-83.256983,37.916339],[-83.257883,37.916672]]}},{"type":"Feature","properties":{"osm_id":16318572,"highway":"residential","name":"Murray Street","alt_name":null,"official_name":null,"surface":null,"tracktype":null,"service":null,"access":null,"motor_vehicle":null,"foot":null,"tiger_reviewed":"no","rrgh_part":0,"rrgh_tile_part":0},"geometry":{"type":"LineString","coordinates":[[-83.260762,37.91819],[-83.261754,37.9182825],[-83.261942,37.9183]]}},{"type":"Feature","properties":{"osm_id":16318948,"highway":"residential","name":"Prestonsburg Avenue","alt_name":null,"official_name":null,"surface":null,"tracktype":null,"service":null,"access":null,"motor_vehicle":null,"foot":null,"tiger_reviewed":"no","rrgh_part":0,"rrgh_tile_part":0},"geometry":{"type":"LineString","coordinates":[[-83.2599,37.921802],[-83.260113,37.921827],[-83.260507,37.921887],[-83.260853,37.921939],[-83.261116,37.921969]]}},{"type":"Feature","properties":{"osm_id":16318952,"highway":"residential","name":"Keeton Heights","alt_name":null,"official_name":null,"surface":null,"tracktype":null,"service":null,"access":null,"motor_vehicle":null,"foot":null,"tiger_reviewed":"no","rrgh_part":0,"rrgh_tile_part":0},"geometry":{"type":"LineString","coordinates":[[-83.257237,37.916075],[-83.257527,37.91612],[-83.257628,37.916137],[-83.257804,37.916189],[-83.258024,37.916229],[-83.258381,37.916233],[-83.258558,37.916309],[-83.258611,37.916348],[-83.25868,37.916449],[-83.25875,37.916729],[-83.258788,37.91681],[-83.258868,37.916887],[-83.258925,37.91699],[-83.258955,37.917072],[-83.258983,37.917198],[-83.258981,37.917268],[-83.258861,37.917558],[-83.258862,37.9176],[-83.258897,37.917655],[-83.258926,37.917682],[-83.25899,37.917715],[-83.259161,37.917753],[-83.2600197,37.9178578],[-83.2601165,37.9178708]]}},{"type":"Feature","properties":{"osm_id":16318956,"highway":"residential","name":"Keeton Heights","alt_name":null,"official_name":null,"surface":null,"tracktype":null,"service":null,"access":null,"motor_vehicle":null,"foot":null,"tiger_reviewed":"no","rrgh_part":0,"rrgh_tile_part":0},"geometry":{"type":"LineString","coordinates":[[-83.257332,37.915902],[-83.257413,37.91602],[-83.257455,37.916065],[-83.257527,37.91612]]}},{"type":"Feature","properties":{"osm_id":16319053,"highway":"residential","name":"Riverview Drive","alt_name":null,"official_name":null,"surface":null,"tracktype":null,"service":null,"access":null,"motor_vehicle":null,"foot":null,"tiger_reviewed":"no","rrgh_part":0,"rrgh_tile_part":0},"geometry":{"type":"LineString","coordinates":[[-83.261757,37.919108],[-83.262668,37.91926],[-83.262769,37.919274]]}},{"type":"Feature","properties":{"osm_id":16319056,"highway":"residential","name":"Riverview Drive","alt_name":null,"official_name":null,"surface":null,"tracktype":null,"service":null,"access":null,"motor_vehicle":null,"foot":null,"tiger_reviewed":"no","rrgh_part":0,"rrgh_tile_part":0},"geometry":{"type":"LineString","coordinates":[[-83.262668,37.91926],[-83.262645,37.919451],[-83.262607,37.919626],[-83.262562,37.919704],[-83.262525,37.919726],[-83.262476,37.919737],[-83.262342,37.919726],[-83.261639,37.919597]]}},{"type":"Feature","properties":{"osm_id":16319169,"highway":"residential","name":"Henry Street","alt_name":null,"official_name":null,"surface":null,"tracktype":null,"service":null,"access":null,"motor_vehicle":null,"foot":null,"tiger_reviewed":"no","rrgh_part":0,"rrgh_tile_part":0},"geometry":{"type":"LineString","coordinates":[[-83.257259,37.919364],[-83.257691,37.919421],[-83.258584,37.919575],[-83.2586641,37.9195857],[-83.258998,37.919631],[-83.259032,37.919652],[-83.259064,37.919698],[-83.259071,37.919736],[-83.259047,37.919962],[-83.259059,37.920007],[-83.259128,37.920103]]}},{"type":"Feature","properties":{"osm_id":16319375,"highway":"residential","name":"College Street","alt_name":null,"official_name":null,"surface":null,"tracktype":null,"service":null,"access":null,"motor_vehicle":null,"foot":null,"tiger_reviewed":"no","rrgh_part":0,"rrgh_tile_part":0},"geometry":{"type":"LineString","coordinates":[[-83.257259,37.919364],[-83.257224,37.919963],[-83.257156,37.920277],[-83.25713,37.920612],[-83.257098,37.920844],[-83.257003,37.921387]]}},{"type":"Feature","properties":{"osm_id":16320499,"highway":"residential","name":"Brooks Drive","alt_name":null,"official_name":null,"surface":null,"tracktype":null,"service":null,"access":null,"motor_vehicle":null,"foot":null,"tiger_reviewed":"no","rrgh_part":0,"rrgh_tile_part":0},"geometry":{"type":"LineString","coordinates":[[-83.2572457,37.9191358],[-83.257254,37.919178],[-83.257259,37.919364]]}},{"type":"Feature","properties":{"osm_id":16321118,"highway":"residential","name":"Wendell Court","alt_name":null,"official_name":null,"surface":null,"tracktype":null,"service":null,"access":null,"motor_vehicle":null,"foot":null,"tiger_reviewed":"no","rrgh_part":0,"rrgh_tile_part":0},"geometry":{"type":"LineString","coordinates":[[-83.257375,37.921443],[-83.2572637,37.921863],[-83.2574889,37.9219001]]}},{"type":"Feature","properties":{"osm_id":16321150,"highway":"residential","name":"Norman Street","alt_name":null,"official_name":null,"surface":null,"tracktype":null,"service":null,"access":null,"motor_vehicle":null,"foot":null,"tiger_reviewed":"no","rrgh_part":0,"rrgh_tile_part":0},"geometry":{"type":"LineString","coordinates":[[-83.2610606,37.9160121],[-83.2617326,37.9159594]]}},{"type":"Feature","properties":{"osm_id":16321271,"highway":"residential","name":"Elam Street","alt_name":null,"official_name":null,"surface":null,"tracktype":null,"service":null,"access":null,"motor_vehicle":null,"foot":null,"tiger_reviewed":"no","rrgh_part":0,"rrgh_tile_part":0},"geometry":{"type":"LineString","coordinates":[[-83.260881,37.917687],[-83.260957,37.917712],[-83.261026,37.917719],[-83.261444,37.917703],[-83.262013,37.917653]]}},{"type":"Feature","properties":{"osm_id":16321818,"highway":"residential","name":"Blair Street","alt_name":null,"official_name":null,"surface":null,"tracktype":null,"service":null,"access":null,"motor_vehicle":null,"foot":null,"tiger_reviewed":"no","rrgh_part":0,"rrgh_tile_part":0},"geometry":{"type":"LineString","coordinates":[[-83.2604744,37.9193451],[-83.2616755,37.9194393]]}},{"type":"Feature","properties":{"osm_id":16322336,"highway":"residential","name":"Short Street","alt_name":null,"official_name":null,"surface":null,"tracktype":null,"service":null,"access":null,"motor_vehicle":null,"foot":null,"tiger_reviewed":"no","rrgh_part":0,"rrgh_tile_part":0},"geometry":{"type":"LineString","coordinates":[[-83.261072,37.916581],[-83.261815,37.916511]]}},{"type":"Feature","properties":{"osm_id":16322595,"highway":"residential","name":"Municipal Way","alt_name":null,"official_name":null,"surface":null,"tracktype":null,"service":null,"access":null,"motor_vehicle":null,"foot":null,"tiger_reviewed":"no","rrgh_part":0,"rrgh_tile_part":0},"geometry":{"type":"LineString","coordinates":[[-83.2606101,37.9214151],[-83.2605243,37.9214021],[-83.2600126,37.9213245]]}},{"type":"Feature","properties":{"osm_id":16322723,"highway":"residential","name":"Gullett Street","alt_name":null,"official_name":null,"surface":null,"tracktype":null,"service":null,"access":null,"motor_vehicle":null,"foot":null,"tiger_reviewed":"no","rrgh_part":0,"rrgh_tile_part":0},"geometry":{"type":"LineString","coordinates":[[-83.2609701,37.9172561],[-83.261914,37.917096]]}},{"type":"Feature","properties":{"osm_id":16322916,"highway":"residential","name":"Trimble Street","alt_name":null,"official_name":null,"surface":null,"tracktype":null,"service":null,"access":null,"motor_vehicle":null,"foot":null,"tiger_reviewed":"no","rrgh_part":0,"rrgh_tile_part":0},"geometry":{"type":"LineString","coordinates":[[-83.260507,37.921887],[-83.2605298,37.9218049],[-83.2605526,37.9217177],[-83.2605834,37.9215825],[-83.2605982,37.9214973],[-83.2606101,37.9214151],[-83.2606132,37.9213952],[-83.2606233,37.9213312],[-83.2606313,37.9212854],[-83.2606382,37.921246],[-83.2606763,37.9210743],[-83.2607018,37.9209715],[-83.2607183,37.9209055],[-83.2607314,37.9208533],[-83.2607857,37.920632],[-83.2608157,37.9205148],[-83.2608495,37.9203789],[-83.2608549,37.9203571],[-83.2608749,37.9202766]]}},{"type":"Feature","properties":{"osm_id":110153731,"highway":"residential","name":"Court Street","alt_name":null,"official_name":null,"surface":null,"tracktype":null,"service":null,"access":null,"motor_vehicle":null,"foot":null,"tiger_reviewed":"no","rrgh_part":0,"rrgh_tile_part":0},"geometry":{"type":"LineString","coordinates":[[-83.260271,37.920184],[-83.2606655,37.9202429],[-83.2608749,37.9202766],[-83.261471,37.920353]]}},{"type":"Feature","properties":{"osm_id":456428957,"highway":"service","name":null,"alt_name":null,"official_name":null,"surface":"asphalt","tracktype":null,"service":null,"access":null,"motor_vehicle":null,"foot":null,"tiger_reviewed":null,"rrgh_part":0,"rrgh_tile_part":0},"geometry":{"type":"LineString","coordinates":[[-83.2600197,37.9178578],[-83.2602271,37.9177479],[-83.2602894,37.9176327],[-83.2603136,37.9175078],[-83.2603172,37.9173682],[-83.2603101,37.9172398],[-83.2603066,37.917103],[-83.2603066,37.9169997],[-83.2602995,37.9168656],[-83.2603101,37.9167456],[-83.2602853,37.9166367],[-83.2601685,37.9165753],[-83.2600553,37.9165473],[-83.259942,37.9165222],[-83.2598111,37.9164915],[-83.259712,37.9164803],[-83.2596377,37.916458],[-83.2595315,37.9164412],[-83.2594713,37.9164747],[-83.259443,37.916525],[-83.2594005,37.9166339],[-83.2593722,37.9167065],[-83.2593131,37.9167665]]}},{"type":"Feature","properties":{"osm_id":770888594,"highway":"residential","name":"Brooks Lane","alt_name":null,"official_name":null,"surface":null,"tracktype":null,"service":null,"access":null,"motor_vehicle":null,"foot":null,"tiger_reviewed":"no","rrgh_part":0,"rrgh_tile_part":0},"geometry":{"type":"LineString","coordinates":[[-83.2572379,37.9190875],[-83.2572457,37.9191358]]}},{"type":"Feature","properties":{"osm_id":770888595,"highway":"residential","name":"Keeton Heights","alt_name":null,"official_name":null,"surface":null,"tracktype":null,"service":null,"access":null,"motor_vehicle":null,"foot":null,"tiger_reviewed":"no","rrgh_part":0,"rrgh_tile_part":0},"geometry":{"type":"LineString","coordinates":[[-83.2602087,37.9178798],[-83.260434,37.917902],[-83.260819,37.917956]]}},{"type":"Feature","properties":{"osm_id":770888596,"highway":"residential","name":"Keeton Heights","alt_name":null,"official_name":null,"surface":null,"tracktype":null,"service":null,"access":null,"motor_vehicle":null,"foot":null,"tiger_reviewed":"no","rrgh_part":0,"rrgh_tile_part":0},"geometry":{"type":"LineString","coordinates":[[-83.2601165,37.9178708],[-83.2602087,37.9178798]]}},{"type":"Feature","properties":{"osm_id":1248315184,"highway":"service","name":null,"alt_name":null,"official_name":null,"surface":null,"tracktype":null,"service":null,"access":null,"motor_vehicle":null,"foot":null,"tiger_reviewed":null,"rrgh_part":0,"rrgh_tile_part":0},"geometry":{"type":"LineString","coordinates":[[-83.260591,37.9188787],[-83.2607648,37.9189024],[-83.2608379,37.9185698],[-83.2606739,37.9185474]]}},{"type":"Feature","properties":{"osm_id":1248315185,"highway":"service","name":null,"alt_name":null,"official_name":null,"surface":null,"tracktype":null,"service":null,"access":null,"motor_vehicle":null,"foot":null,"tiger_reviewed":null,"rrgh_part":0,"rrgh_tile_part":0},"geometry":{"type":"LineString","coordinates":[[-83.2585251,37.9201724],[-83.2586641,37.9195857]]}},{"type":"Feature","properties":{"osm_id":1248315186,"highway":"service","name":null,"alt_name":null,"official_name":null,"surface":null,"tracktype":null,"service":null,"access":null,"motor_vehicle":null,"foot":null,"tiger_reviewed":null,"rrgh_part":0,"rrgh_tile_part":0},"geometry":{"type":"LineString","coordinates":[[-83.2588209,37.921186],[-83.2580772,37.9210784],[-83.2579726,37.9215282]]}},{"type":"Feature","properties":{"osm_id":1248315190,"highway":"service","name":null,"alt_name":null,"official_name":null,"surface":null,"tracktype":null,"service":null,"access":null,"motor_vehicle":null,"foot":null,"tiger_reviewed":null,"rrgh_part":0,"rrgh_tile_part":0},"geometry":{"type":"LineString","coordinates":[[-83.2620108,37.9204473],[-83.2621242,37.9200146],[-83.2615664,37.9199236]]}},{"type":"Feature","properties":{"osm_id":1248315191,"highway":"service","name":null,"alt_name":null,"official_name":null,"surface":null,"tracktype":null,"service":null,"access":null,"motor_vehicle":null,"foot":null,"tiger_reviewed":null,"rrgh_part":0,"rrgh_tile_part":0},"geometry":{"type":"LineString","coordinates":[[-83.2617679,37.9190605],[-83.2615849,37.9190349],[-83.261754,37.9182825]]}},{"type":"Feature","properties":{"osm_id":1248315192,"highway":"service","name":null,"alt_name":null,"official_name":null,"surface":null,"tracktype":null,"service":null,"access":null,"motor_vehicle":null,"foot":null,"tiger_reviewed":null,"rrgh_part":0,"rrgh_tile_part":0},"geometry":{"type":"LineString","coordinates":[[-83.258897,37.917655],[-83.2588338,37.9177227],[-83.2587799,37.9178292],[-83.2587704,37.9178714],[-83.2591384,37.917923],[-83.2591051,37.918071]]}},{"type":"Feature","properties":{"osm_id":1248315193,"highway":"service","name":null,"alt_name":null,"official_name":null,"surface":null,"tracktype":null,"service":null,"access":null,"motor_vehicle":null,"foot":null,"tiger_reviewed":null,"rrgh_part":0,"rrgh_tile_part":0},"geometry":{"type":"LineString","coordinates":[[-83.2586253,37.9220629],[-83.2590447,37.9221313],[-83.2591575,37.9217008]]}},{"type":"Feature","properties":{"osm_id":1248315195,"highway":"residential","name":"Prestonsburg Avenue","alt_name":null,"official_name":null,"surface":null,"tracktype":null,"service":null,"access":null,"motor_vehicle":null,"foot":null,"tiger_reviewed":"no","rrgh_part":0,"rrgh_tile_part":0},"geometry":{"type":"LineString","coordinates":[[-83.261116,37.921969],[-83.261267,37.921996],[-83.262206,37.922124]]}},{"type":"Feature","properties":{"osm_id":1248315196,"highway":"residential","name":"Riverside Drive","alt_name":null,"official_name":null,"surface":null,"tracktype":null,"service":null,"access":null,"motor_vehicle":null,"foot":null,"tiger_reviewed":"no","rrgh_part":0,"rrgh_tile_part":0},"geometry":{"type":"LineString","coordinates":[[-83.261471,37.920353],[-83.2613319,37.9209861],[-83.2611767,37.9216928],[-83.2611643,37.9217491],[-83.261116,37.921969]]}},{"type":"Feature","properties":{"osm_id":1374128200,"highway":"service","name":null,"alt_name":null,"official_name":null,"surface":"paved","tracktype":null,"service":null,"access":null,"motor_vehicle":null,"foot":null,"tiger_reviewed":null,"rrgh_part":0,"rrgh_tile_part":0},"geometry":{"type":"LineString","coordinates":[[-83.2594211,37.9217382],[-83.2594596,37.9215526],[-83.2594728,37.9214889],[-83.2594943,37.9213663],[-83.2596083,37.9209054],[-83.2600909,37.920979]]}},{"type":"Feature","properties":{"osm_id":1374128201,"highway":"service","name":null,"alt_name":null,"official_name":null,"surface":"paved","tracktype":null,"service":null,"access":null,"motor_vehicle":null,"foot":null,"tiger_reviewed":null,"rrgh_part":0,"rrgh_tile_part":0},"geometry":{"type":"LineString","coordinates":[[-83.2601372,37.9207745],[-83.2596344,37.9207088],[-83.2596077,37.9207275],[-83.2596083,37.9209054]]}},{"type":"Feature","properties":{"osm_id":1374128202,"highway":"service","name":null,"alt_name":null,"official_name":null,"surface":"paved","tracktype":null,"service":null,"access":null,"motor_vehicle":null,"foot":null,"tiger_reviewed":null,"rrgh_part":0,"rrgh_tile_part":0},"geometry":{"type":"LineString","coordinates":[[-83.2592911,37.9217207],[-83.2593602,37.9214276],[-83.2595277,37.9207175],[-83.2596077,37.9207275]]}},{"type":"Feature","properties":{"osm_id":1374128203,"highway":"service","name":null,"alt_name":null,"official_name":null,"surface":"paved","tracktype":null,"service":null,"access":null,"motor_vehicle":null,"foot":null,"tiger_reviewed":null,"rrgh_part":0,"rrgh_tile_part":0},"geometry":{"type":"LineString","coordinates":[[-83.2596936,37.9215877],[-83.2594596,37.9215526]]}},{"type":"Feature","properties":{"osm_id":1374128204,"highway":"service","name":null,"alt_name":null,"official_name":null,"surface":"paved","tracktype":null,"service":null,"access":null,"motor_vehicle":null,"foot":null,"tiger_reviewed":null,"rrgh_part":0,"rrgh_tile_part":0},"geometry":{"type":"LineString","coordinates":[[-83.2593602,37.9214276],[-83.2587818,37.9213387]]}},{"type":"Feature","properties":{"osm_id":1382582601,"highway":"service","name":null,"alt_name":null,"official_name":null,"surface":null,"tracktype":null,"service":null,"access":null,"motor_vehicle":null,"foot":null,"tiger_reviewed":null,"rrgh_part":0,"rrgh_tile_part":0},"geometry":{"type":"LineString","coordinates":[[-83.2608157,37.9205148],[-83.260758,37.9205082],[-83.2607145,37.9204966],[-83.2606694,37.9204803],[-83.2606443,37.9204564],[-83.2606281,37.9204244],[-83.2606244,37.9203947],[-83.2606273,37.920358],[-83.2606403,37.9203224],[-83.2606525,37.9202898],[-83.2606655,37.9202429],[-83.260696,37.9201494],[-83.2607049,37.9200964],[-83.2607027,37.9200498],[-83.2606864,37.9200131],[-83.2606621,37.9199852],[-83.2606325,37.9199653],[-83.2605882,37.9199531],[-83.2605144,37.919942],[-83.2604619,37.9199351],[-83.2604184,37.9199269],[-83.260335,37.9199061]]}},{"type":"Feature","properties":{"osm_id":16321130,"highway":"residential","name":"Buck Evans Road","alt_name":null,"official_name":null,"surface":null,"tracktype":null,"service":null,"access":null,"motor_vehicle":null,"foot":null,"tiger_reviewed":"no","rrgh_part":0,"rrgh_tile_part":0},"geometry":{"type":"LineString","coordinates":[[-83.318664,37.930208],[-83.318571,37.930204],[-83.31849,37.930187],[-83.317131,37.929702],[-83.31634,37.929502],[-83.315681,37.929316],[-83.315536,37.929267],[-83.315362,37.929235],[-83.31519,37.929251],[-83.315039,37.929306],[-83.314964,37.929351],[-83.314789,37.929471],[-83.314396,37.929835],[-83.314258,37.929945],[-83.313868,37.930204],[-83.313595,37.930426],[-83.313328,37.930589],[-83.313024,37.930722],[-83.312506,37.930995],[-83.312356,37.931055],[-83.312142,37.931102],[-83.311523,37.931061],[-83.311139,37.931073],[-83.310614,37.931049],[-83.310497,37.931035],[-83.310435,37.931027],[-83.31026,37.930997],[-83.309594,37.930822],[-83.309252,37.930749],[-83.308085,37.930556],[-83.30718,37.930386],[-83.306726,37.930316]]}},{"type":"Feature","properties":{"osm_id":16321864,"highway":"residential","name":"John Will Stacy Drive","alt_name":null,"official_name":null,"surface":null,"tracktype":null,"service":null,"access":null,"motor_vehicle":null,"foot":null,"tiger_reviewed":"no","rrgh_part":0,"rrgh_tile_part":0},"geometry":{"type":"LineString","coordinates":[[-83.311158,37.934485],[-83.310982,37.934458],[-83.310904,37.934428],[-83.31076,37.934334],[-83.310143,37.933799],[-83.31005,37.933708],[-83.309983,37.933587],[-83.309978,37.933541],[-83.309975,37.933518],[-83.309961,37.933492],[-83.3099,37.933456],[-83.309853,37.93344],[-83.309717,37.933391],[-83.309434,37.933306],[-83.308948,37.933183],[-83.307859,37.932944],[-83.306974,37.932721],[-83.306734,37.932674]]}},{"type":"Feature","properties":{"osm_id":16322451,"highway":"residential","name":"Fugett Cemetery Road","alt_name":null,"official_name":null,"surface":null,"tracktype":null,"service":null,"access":null,"motor_vehicle":null,"foot":null,"tiger_reviewed":"no","rrgh_part":0,"rrgh_tile_part":0},"geometry":{"type":"LineString","coordinates":[[-83.31843,37.931551],[-83.318374,37.931628],[-83.318245,37.931757],[-83.318145,37.931877],[-83.318057,37.931957],[-83.318011,37.932026]]}},{"type":"Feature","properties":{"osm_id":16320550,"highway":"residential","name":"Rube Woods Circle","alt_name":null,"official_name":null,"surface":null,"tracktype":null,"service":null,"access":null,"motor_vehicle":null,"foot":null,"tiger_reviewed":"no","rrgh_part":0,"rrgh_tile_part":0},"geometry":{"type":"LineString","coordinates":[[-83.331708,37.948826],[-83.331511,37.948911],[-83.331231,37.949033],[-83.330688,37.949268],[-83.329473,37.948829],[-83.329711,37.94791],[-83.33025,37.947744]]}},{"type":"Feature","properties":{"osm_id":16318246,"highway":"residential","name":null,"alt_name":null,"official_name":null,"surface":null,"tracktype":null,"service":null,"access":null,"motor_vehicle":null,"foot":null,"tiger_reviewed":"no","rrgh_part":0,"rrgh_tile_part":0},"geometry":{"type":"LineString","coordinates":[[-83.316552,37.942429],[-83.316489,37.942366],[-83.316415,37.942336],[-83.315981,37.942251],[-83.315822,37.942209],[-83.315563,37.942052],[-83.315417,37.941992],[-83.315259,37.941923],[-83.314592,37.94168],[-83.314292,37.941609],[-83.314166,37.941566],[-83.314112,37.941534],[-83.314099,37.941508]]}},{"type":"Feature","properties":{"osm_id":16321401,"highway":"residential","name":"Rube Woods Road","alt_name":null,"official_name":null,"surface":null,"tracktype":null,"service":null,"access":null,"motor_vehicle":null,"foot":null,"tiger_reviewed":"no","rrgh_part":0,"rrgh_tile_part":0},"geometry":{"type":"LineString","coordinates":[[-83.33500000000001,37.95336268135593],[-83.334723,37.953604],[-83.33451,37.953826],[-83.334416,37.953938],[-83.334342,37.954052],[-83.334042,37.954774],[-83.333872,37.955219],[-83.333843,37.955356],[-83.333859,37.955499],[-83.33389,37.955628],[-83.334009,37.955862],[-83.334297,37.956214],[-83.334664,37.956727],[-83.334732,37.956856],[-83.334779,37.956986],[-83.334902,37.957244],[-83.334943,37.957373],[-83.334941,37.957485],[-83.33497,37.957858],[-83.334971,37.957872],[-83.334973,37.957944],[-83.33500000000001,37.95805835294119]]}},{"type":"Feature","properties":{"osm_id":16320164,"highway":"residential","name":"Carter and Lewis Cemetery Road","alt_name":null,"official_name":null,"surface":null,"tracktype":null,"service":null,"access":null,"motor_vehicle":null,"foot":null,"tiger_reviewed":"no","rrgh_part":0,"rrgh_tile_part":0},"geometry":{"type":"LineString","coordinates":[[-83.33497,37.957858],[-83.332975,37.957886],[-83.332353,37.958328],[-83.331911,37.958536],[-83.331411,37.958626],[-83.330991,37.958662],[-83.330356,37.958671]]}},{"type":"Feature","properties":{"osm_id":16319418,"highway":"residential","name":"Lucky Branch Road","alt_name":null,"official_name":null,"surface":null,"tracktype":null,"service":null,"access":null,"motor_vehicle":null,"foot":null,"tiger_reviewed":"no","rrgh_part":0,"rrgh_tile_part":0},"geometry":{"type":"LineString","coordinates":[[-83.316618,37.956978],[-83.316548,37.957168],[-83.316475,37.957298],[-83.316356,37.95738],[-83.316181,37.957425],[-83.316017,37.957471],[-83.315922,37.957569],[-83.315889,37.957801],[-83.315952,37.958204],[-83.316127,37.958648],[-83.316268,37.959381],[-83.31629,37.959935],[-83.316191,37.960594],[-83.316051,37.961065],[-83.315993,37.96159],[-83.315973,37.961771],[-83.316055,37.96231],[-83.316165,37.962539],[-83.31621,37.962604],[-83.316255,37.962697],[-83.316318,37.962936],[-83.316328,37.963078],[-83.316306,37.963292],[-83.316314,37.963363],[-83.31633,37.963431],[-83.316466,37.963816],[-83.316483,37.963952],[-83.316505,37.964431],[-83.316539,37.96466],[-83.31659,37.964861],[-83.316645,37.964968],[-83.316742,37.965158],[-83.316794,37.965358],[-83.316797,37.965526],[-83.316766,37.965831],[-83.316654,37.966588],[-83.3167,37.966846],[-83.316778,37.967051],[-83.316911,37.967252],[-83.316956,37.967306],[-83.317135,37.967498],[-83.317396,37.967723],[-83.317602,37.968043],[-83.31766,37.968199],[-83.317735,37.96847],[-83.317812,37.96898],[-83.317947,37.969478],[-83.318013,37.969659],[-83.318211,37.969939],[-83.318274,37.970001],[-83.31835,37.970064],[-83.318418,37.970104],[-83.318838,37.97023],[-83.319093,37.970276],[-83.31916,37.9703],[-83.3191879,37.9703144],[-83.31929,37.970367]]}},{"type":"Feature","properties":{"osm_id":16318359,"highway":"service","name":null,"alt_name":null,"official_name":null,"surface":null,"tracktype":null,"service":null,"access":"private","motor_vehicle":null,"foot":null,"tiger_reviewed":"no","rrgh_part":0,"rrgh_tile_part":0},"geometry":{"type":"LineString","coordinates":[[-83.334439,37.964781],[-83.334432,37.965069],[-83.334313,37.965291],[-83.334264,37.965463],[-83.334226,37.965626],[-83.334076,37.965864]]}},{"type":"Feature","properties":{"osm_id":16318363,"highway":"residential","name":null,"alt_name":null,"official_name":null,"surface":null,"tracktype":null,"service":null,"access":null,"motor_vehicle":null,"foot":null,"tiger_reviewed":"no","rrgh_part":0,"rrgh_tile_part":0},"geometry":{"type":"LineString","coordinates":[[-83.334594,37.964705],[-83.3346,37.964411],[-83.334642,37.963844],[-83.334501,37.962735]]}},{"type":"Feature","properties":{"osm_id":16317974,"highway":"residential","name":null,"alt_name":null,"official_name":null,"surface":null,"tracktype":null,"service":null,"access":null,"motor_vehicle":null,"foot":null,"tiger_reviewed":"no","rrgh_part":0,"rrgh_tile_part":0},"geometry":{"type":"LineString","coordinates":[[-83.327349,37.96729],[-83.327525,37.968726]]}},{"type":"Feature","properties":{"osm_id":16320099,"highway":"service","name":"Graham Road","alt_name":null,"official_name":null,"surface":null,"tracktype":null,"service":null,"access":"private","motor_vehicle":null,"foot":null,"tiger_reviewed":"no","rrgh_part":0,"rrgh_tile_part":0},"geometry":{"type":"LineString","coordinates":[[-83.317284,37.97175],[-83.317392,37.97194],[-83.317435,37.972051],[-83.317444,37.97211],[-83.317437,37.972232],[-83.317359,37.972377],[-83.317264,37.972449],[-83.317085,37.972551],[-83.316811,37.972737],[-83.316683,37.972857],[-83.316624,37.97295],[-83.31662,37.973119],[-83.316661,37.973209],[-83.316731,37.973288],[-83.316843,37.973361],[-83.316915,37.973389],[-83.316999,37.973409],[-83.317136,37.973427],[-83.317292,37.973434],[-83.31745,37.973427],[-83.317742,37.973373],[-83.31838,37.973197],[-83.318613,37.973151],[-83.318772,37.973138],[-83.319077,37.973159],[-83.319303,37.973207],[-83.319454,37.973257],[-83.319595,37.973318],[-83.319663,37.973352],[-83.319847,37.973473],[-83.320136,37.973694],[-83.320608,37.97392],[-83.320852,37.974006],[-83.3213,37.974112],[-83.321733,37.974282],[-83.321907,37.974316],[-83.322103,37.974328],[-83.322409,37.974294],[-83.322775,37.974269]]}},{"type":"Feature","properties":{"osm_id":16322499,"highway":"residential","name":"Lenville Perry Road","alt_name":null,"official_name":null,"surface":null,"tracktype":null,"service":null,"access":null,"motor_vehicle":null,"foot":null,"tiger_reviewed":"no","rrgh_part":0,"rrgh_tile_part":0},"geometry":{"type":"LineString","coordinates":[[-83.310418,37.972995],[-83.311291,37.97459],[-83.311611,37.974943],[-83.31167638235293,37.974999999999994]]}},{"type":"Feature","properties":{"osm_id":16322534,"highway":"residential","name":"Lucky Cemetery Road","alt_name":null,"official_name":null,"surface":null,"tracktype":null,"service":null,"access":null,"motor_vehicle":null,"foot":null,"tiger_reviewed":"no","rrgh_part":0,"rrgh_tile_part":0},"geometry":{"type":"LineString","coordinates":[[-83.316165,37.962539],[-83.315546,37.962413],[-83.314659,37.962331],[-83.31398,37.962338],[-83.313433,37.962226],[-83.312522,37.962153],[-83.311866,37.962002],[-83.311308,37.961888],[-83.311112,37.961983],[-83.310854,37.962362],[-83.310081,37.963093],[-83.309323,37.964028],[-83.308816,37.964862],[-83.308475,37.965127],[-83.308248,37.96545],[-83.307923,37.965694],[-83.307147,37.965858],[-83.306677,37.966068],[-83.305601,37.966348]]}},{"type":"Feature","properties":{"osm_id":16322501,"highway":"unclassified","name":"Lenville Perry Road","alt_name":null,"official_name":null,"surface":null,"tracktype":null,"service":null,"access":null,"motor_vehicle":null,"foot":null,"tiger_reviewed":"no","rrgh_part":0,"rrgh_tile_part":0},"geometry":{"type":"LineString","coordinates":[[-83.311689,37.972042],[-83.311857,37.972142],[-83.311858,37.972175],[-83.311836,37.972217],[-83.311796,37.972261],[-83.311417,37.972537],[-83.311133,37.972763],[-83.310982,37.972859],[-83.310831,37.972919],[-83.310619,37.972984],[-83.310478,37.973059]]}},{"type":"Feature","properties":{"osm_id":16320048,"highway":"residential","name":"Robin Road","alt_name":null,"official_name":null,"surface":null,"tracktype":null,"service":null,"access":null,"motor_vehicle":null,"foot":null,"tiger_reviewed":"no","rrgh_part":0,"rrgh_tile_part":0},"geometry":{"type":"LineString","coordinates":[[-83.306751,37.928591],[-83.305885,37.928574],[-83.30579,37.928581],[-83.305702,37.928604],[-83.305581,37.928655]]}},{"type":"Feature","properties":{"osm_id":16320356,"highway":"service","name":"Willow Lane","alt_name":null,"official_name":null,"surface":null,"tracktype":null,"service":null,"access":"private","motor_vehicle":null,"foot":null,"tiger_reviewed":"no","rrgh_part":0,"rrgh_tile_part":0},"geometry":{"type":"LineString","coordinates":[[-83.302059,37.925079],[-83.301715,37.925708],[-83.301173,37.92638],[-83.300447,37.926783],[-83.299821,37.926871],[-83.299216,37.926962]]}},{"type":"Feature","properties":{"osm_id":1248315176,"highway":"service","name":null,"alt_name":null,"official_name":null,"surface":null,"tracktype":null,"service":null,"access":null,"motor_vehicle":null,"foot":null,"tiger_reviewed":null,"rrgh_part":0,"rrgh_tile_part":0},"geometry":{"type":"LineString","coordinates":[[-83.2999071,37.9235763],[-83.3002984,37.9241302],[-83.3003467,37.9241556],[-83.300438,37.9241775],[-83.3005343,37.9241556],[-83.3009886,37.923978]]}},{"type":"Feature","properties":{"osm_id":16318532,"highway":"residential","name":"Collins Road","alt_name":null,"official_name":null,"surface":null,"tracktype":null,"service":null,"access":null,"motor_vehicle":null,"foot":null,"tiger_reviewed":"no","rrgh_part":0,"rrgh_tile_part":0},"geometry":{"type":"LineString","coordinates":[[-83.306734,37.932674],[-83.306399,37.932642],[-83.305735,37.932562],[-83.305589,37.932552],[-83.30554,37.932559],[-83.30553,37.93256],[-83.305489,37.932576],[-83.305471,37.932587],[-83.305388,37.932653],[-83.305211,37.932887],[-83.304957,37.933252],[-83.30484,37.933388],[-83.304682,37.933514],[-83.304589,37.933567],[-83.304406,37.933643],[-83.304327,37.933663],[-83.304201,37.933662],[-83.303514,37.933658],[-83.303102,37.933647],[-83.30287,37.933659],[-83.302794,37.933663],[-83.302699,37.93364],[-83.302259,37.933637],[-83.301808,37.933675],[-83.301551,37.933722],[-83.300939,37.933796],[-83.300618,37.933763],[-83.300147,37.933749],[-83.300046,37.933716],[-83.299973,37.933656],[-83.299952,37.933618],[-83.299949,37.933584],[-83.299959,37.933508],[-83.300064,37.933289],[-83.300116,37.933142],[-83.300131,37.933054],[-83.300117,37.93295]]}},{"type":"Feature","properties":{"osm_id":16320050,"highway":"residential","name":"Robin Road","alt_name":null,"official_name":null,"surface":null,"tracktype":null,"service":null,"access":null,"motor_vehicle":null,"foot":null,"tiger_reviewed":"no","rrgh_part":0,"rrgh_tile_part":0},"geometry":{"type":"LineString","coordinates":[[-83.305581,37.928655],[-83.305592,37.928859],[-83.305571,37.929149],[-83.305545,37.929283],[-83.305494,37.929539],[-83.305457,37.929813],[-83.305466,37.930163],[-83.305446,37.930356],[-83.305428,37.930403],[-83.305394,37.930443],[-83.305349,37.930472],[-83.305244,37.93051],[-83.30506,37.930544]]}},{"type":"Feature","properties":{"osm_id":16320731,"highway":"service","name":"Robin Road Spur","alt_name":null,"official_name":null,"surface":null,"tracktype":null,"service":null,"access":"private","motor_vehicle":null,"foot":null,"tiger_reviewed":"no","rrgh_part":0,"rrgh_tile_part":0},"geometry":{"type":"LineString","coordinates":[[-83.305581,37.928655],[-83.30526,37.928841],[-83.304906,37.929099],[-83.304644,37.929272],[-83.30447,37.929376],[-83.30411,37.929558],[-83.303957,37.929658],[-83.303761,37.929767],[-83.303489,37.929944],[-83.303409,37.93001],[-83.30332,37.930139],[-83.303324,37.930169],[-83.303532,37.930445],[-83.303681,37.930814],[-83.303708,37.930992],[-83.303705,37.931114]]}},{"type":"Feature","properties":{"osm_id":16321349,"highway":"residential","name":"Danny McKenzie Road","alt_name":null,"official_name":null,"surface":null,"tracktype":null,"service":null,"access":null,"motor_vehicle":null,"foot":null,"tiger_reviewed":"no","rrgh_part":0,"rrgh_tile_part":0},"geometry":{"type":"LineString","coordinates":[[-83.290247,37.93231],[-83.29054,37.932453],[-83.290748,37.932522],[-83.291158,37.9326],[-83.291701,37.932669],[-83.291862,37.932646],[-83.291965,37.932571],[-83.292265,37.93225],[-83.292359,37.93215],[-83.292561,37.93204],[-83.292803,37.931979],[-83.293224,37.931982],[-83.293614,37.932065],[-83.293887,37.932141],[-83.294218,37.932232],[-83.294512,37.932334],[-83.294725,37.932485],[-83.294812,37.932567],[-83.294981,37.93311],[-83.295033,37.933148],[-83.295193,37.933199],[-83.296075,37.933125],[-83.296302,37.933129],[-83.296424,37.933157],[-83.296527,37.93321],[-83.296571,37.93325],[-83.296887,37.933698],[-83.297079,37.933914],[-83.297179,37.934001],[-83.297241,37.934036],[-83.297397,37.934095],[-83.297475,37.934112],[-83.297796,37.934149]]}},{"type":"Feature","properties":{"osm_id":16317712,"highway":"service","name":null,"alt_name":null,"official_name":null,"surface":null,"tracktype":null,"service":null,"access":"private","motor_vehicle":null,"foot":null,"tiger_reviewed":"no","rrgh_part":0,"rrgh_tile_part":0},"geometry":{"type":"LineString","coordinates":[[-83.304117,37.932092],[-83.304273,37.932118],[-83.304577,37.932176],[-83.304839,37.932221],[-83.305127,37.932247],[-83.305323,37.932312],[-83.305455,37.932428],[-83.30554,37.932559]]}},{"type":"Feature","properties":{"osm_id":16322126,"highway":"residential","name":"Old Hot Mix Road","alt_name":null,"official_name":null,"surface":"asphalt","tracktype":null,"service":null,"access":null,"motor_vehicle":null,"foot":null,"tiger_reviewed":"no","rrgh_part":0,"rrgh_tile_part":0},"geometry":{"type":"LineString","coordinates":[[-83.281221,37.964343],[-83.281878,37.96436],[-83.282234,37.964405],[-83.28317,37.964568],[-83.283423,37.964619],[-83.283668,37.964676],[-83.28456,37.964943],[-83.28565,37.965163],[-83.286788,37.965332],[-83.287247,37.965413],[-83.289057,37.965704],[-83.289478,37.965702],[-83.289893,37.965623],[-83.290111,37.965597],[-83.290329,37.965587],[-83.29099,37.965597],[-83.291436,37.965538],[-83.292075,37.96543],[-83.292271,37.965384],[-83.29245,37.965318],[-83.29297,37.965049],[-83.293345,37.96489],[-83.29402,37.964568],[-83.29446,37.964427],[-83.294613,37.964423],[-83.294773,37.964436],[-83.294975,37.964471],[-83.295121,37.964497],[-83.2953,37.964542],[-83.295791,37.964747],[-83.296252,37.964969],[-83.297016,37.965313],[-83.297114,37.965341],[-83.297207,37.965338],[-83.29728,37.965311],[-83.297361,37.965257],[-83.297425,37.965198],[-83.297483,37.965144]]}},{"type":"Feature","properties":{"osm_id":16318212,"highway":"residential","name":null,"alt_name":null,"official_name":null,"surface":null,"tracktype":null,"service":null,"access":null,"motor_vehicle":null,"foot":null,"tiger_reviewed":"no","rrgh_part":0,"rrgh_tile_part":0},"geometry":{"type":"LineString","coordinates":[[-83.280253,37.926383],[-83.281339,37.926466],[-83.282321,37.926514],[-83.283125,37.926511],[-83.283859,37.926487],[-83.284454,37.926478],[-83.285414,37.926495],[-83.285904,37.926504]]}},{"type":"Feature","properties":{"osm_id":16320898,"highway":"residential","name":"Shady Lane","alt_name":null,"official_name":null,"surface":null,"tracktype":null,"service":null,"access":null,"motor_vehicle":null,"foot":null,"tiger_reviewed":"no","rrgh_part":0,"rrgh_tile_part":0},"geometry":{"type":"LineString","coordinates":[[-83.284091,37.937906],[-83.284445,37.93788],[-83.284803,37.937876],[-83.285019,37.937897],[-83.285296,37.937947],[-83.285404,37.937952],[-83.285565,37.937911],[-83.285747,37.937801],[-83.285943,37.937708],[-83.286556,37.937339],[-83.286853,37.937082],[-83.286936,37.936976],[-83.287164,37.936685],[-83.287273,37.936573],[-83.287424,37.936269],[-83.287458,37.936032],[-83.287467,37.935858],[-83.287424,37.935739],[-83.287346,37.935623],[-83.287041,37.935357],[-83.286957,37.93527],[-83.286814,37.935058],[-83.286782,37.934981],[-83.286877,37.934533],[-83.286913,37.93412],[-83.286815,37.933745],[-83.286782,37.93357],[-83.28682,37.933209],[-83.286817,37.933121],[-83.286775,37.932957],[-83.286639,37.932589],[-83.286617,37.932489]]}},{"type":"Feature","properties":{"osm_id":16317709,"highway":"service","name":null,"alt_name":null,"official_name":null,"surface":null,"tracktype":null,"service":null,"access":"private","motor_vehicle":null,"foot":null,"tiger_reviewed":"no","rrgh_part":0,"rrgh_tile_part":0},"geometry":{"type":"LineString","coordinates":[[-83.293887,37.932141],[-83.293763,37.931788],[-83.293672,37.931411],[-83.29374,37.931214],[-83.293997,37.931106],[-83.294127,37.931052],[-83.294241,37.930927],[-83.294446,37.930478]]}},{"type":"Feature","properties":{"osm_id":16320459,"highway":"residential","name":"Subdivision Road","alt_name":null,"official_name":null,"surface":null,"tracktype":null,"service":null,"access":null,"motor_vehicle":null,"foot":null,"tiger_reviewed":"no","rrgh_part":0,"rrgh_tile_part":0},"geometry":{"type":"LineString","coordinates":[[-83.304671,37.937011],[-83.306045,37.936623],[-83.306075,37.936608],[-83.306081,37.93658],[-83.306021,37.936369],[-83.306028,37.936327],[-83.30605,37.936294],[-83.306087,37.936274],[-83.30689,37.93617],[-83.307004,37.936158],[-83.307057,37.936161]]}},{"type":"Feature","properties":{"osm_id":16320460,"highway":"residential","name":"Subdivision Road","alt_name":null,"official_name":null,"surface":null,"tracktype":null,"service":null,"access":null,"motor_vehicle":null,"foot":null,"tiger_reviewed":"no","rrgh_part":0,"rrgh_tile_part":0},"geometry":{"type":"LineString","coordinates":[[-83.306305,37.937663],[-83.306727,37.937814],[-83.307072,37.93775],[-83.307394,37.937689],[-83.307583,37.937758],[-83.307797,37.937857]]}},{"type":"Feature","properties":{"osm_id":16318529,"highway":"service","name":"Windy Acres Drive","alt_name":null,"official_name":null,"surface":null,"tracktype":null,"service":null,"access":"private","motor_vehicle":null,"foot":null,"tiger_reviewed":"no","rrgh_part":0,"rrgh_tile_part":0},"geometry":{"type":"LineString","coordinates":[[-83.297733,37.939824],[-83.297952,37.94028],[-83.298038,37.940429],[-83.298093,37.940502],[-83.29817,37.940569],[-83.298262,37.940618],[-83.29837,37.940655],[-83.298618,37.940704],[-83.300036,37.940872],[-83.300295,37.940911],[-83.300419,37.940941],[-83.300658,37.941021],[-83.300883,37.941123],[-83.301704,37.941609]]}},{"type":"Feature","properties":{"osm_id":16322335,"highway":"residential","name":"Mack Wells Road","alt_name":null,"official_name":null,"surface":null,"tracktype":null,"service":null,"access":null,"motor_vehicle":null,"foot":null,"tiger_reviewed":"no","rrgh_part":0,"rrgh_tile_part":0},"geometry":{"type":"LineString","coordinates":[[-83.301671,37.938151],[-83.301656,37.938458],[-83.301509,37.938644]]}},{"type":"Feature","properties":{"osm_id":16318604,"highway":"residential","name":"Woodside Lane","alt_name":null,"official_name":null,"surface":null,"tracktype":null,"service":null,"access":null,"motor_vehicle":null,"foot":null,"tiger_reviewed":"no","rrgh_part":0,"rrgh_tile_part":0},"geometry":{"type":"LineString","coordinates":[[-83.293741,37.939097],[-83.293881,37.939014],[-83.294277,37.938931],[-83.295118,37.938692],[-83.295513,37.938567],[-83.296017,37.93843],[-83.297907,37.937878],[-83.298231,37.937799],[-83.298499,37.937723],[-83.299333,37.937602]]}},{"type":"Feature","properties":{"osm_id":1248315199,"highway":"service","name":null,"alt_name":null,"official_name":null,"surface":null,"tracktype":null,"service":null,"access":null,"motor_vehicle":null,"foot":null,"tiger_reviewed":null,"rrgh_part":0,"rrgh_tile_part":0},"geometry":{"type":"LineString","coordinates":[[-83.293448,37.9368807],[-83.2930463,37.9369339],[-83.2929766,37.9369085],[-83.2924832,37.9365661],[-83.2923492,37.93649],[-83.2922292,37.9364595]]}},{"type":"Feature","properties":{"osm_id":16318571,"highway":"residential","name":"Lewis Cemetery Road","alt_name":null,"official_name":null,"surface":null,"tracktype":null,"service":null,"access":null,"motor_vehicle":null,"foot":null,"tiger_reviewed":"no","rrgh_part":0,"rrgh_tile_part":0},"geometry":{"type":"LineString","coordinates":[[-83.289179,37.947719],[-83.289199,37.947868],[-83.28924,37.947909],[-83.289599,37.948042],[-83.289644,37.948104],[-83.289679,37.948222],[-83.289798,37.948501],[-83.289858,37.948697]]}},{"type":"Feature","properties":{"osm_id":16318603,"highway":"residential","name":"Barber Road","alt_name":null,"official_name":null,"surface":null,"tracktype":null,"service":null,"access":null,"motor_vehicle":null,"foot":null,"tiger_reviewed":"no","rrgh_part":0,"rrgh_tile_part":0},"geometry":{"type":"LineString","coordinates":[[-83.286491,37.947133],[-83.286552,37.947188],[-83.286709,37.94738],[-83.287032,37.947803],[-83.287148,37.947969],[-83.287186,37.948005],[-83.287232,37.948024],[-83.28728,37.948031],[-83.287331,37.948025],[-83.287439,37.94799],[-83.287688,37.947893],[-83.287922,37.94784],[-83.287973,37.947829],[-83.288202,37.947798],[-83.288453,37.94778],[-83.288628,37.947783],[-83.288751,37.947772],[-83.288903,37.947758],[-83.289179,37.947719],[-83.289781,37.947634],[-83.290131,37.947564],[-83.290196,37.947543],[-83.290316,37.94749],[-83.290398,37.947428]]}},{"type":"Feature","properties":{"osm_id":16318602,"highway":"residential","name":"Barber Road","alt_name":null,"official_name":null,"surface":null,"tracktype":null,"service":null,"access":null,"motor_vehicle":null,"foot":null,"tiger_reviewed":"no","rrgh_part":0,"rrgh_tile_part":0},"geometry":{"type":"LineString","coordinates":[[-83.290675,37.94761],[-83.290786,37.947544],[-83.290887,37.947509],[-83.29148,37.947408],[-83.291643,37.947374],[-83.292283,37.947241],[-83.292492,37.947182],[-83.292592,37.947154],[-83.292681,37.947141],[-83.292779,37.947138]]}},{"type":"Feature","properties":{"osm_id":16317580,"highway":"service","name":null,"alt_name":null,"official_name":null,"surface":null,"tracktype":null,"service":null,"access":"private","motor_vehicle":null,"foot":null,"tiger_reviewed":"no","rrgh_part":0,"rrgh_tile_part":0},"geometry":{"type":"LineString","coordinates":[[-83.27968,37.922976],[-83.279989,37.922772]]}},{"type":"Feature","properties":{"osm_id":16322223,"highway":"residential","name":"Neal Lane","alt_name":null,"official_name":null,"surface":null,"tracktype":null,"service":null,"access":null,"motor_vehicle":null,"foot":null,"tiger_reviewed":"no","rrgh_part":0,"rrgh_tile_part":0},"geometry":{"type":"LineString","coordinates":[[-83.280015,37.924452],[-83.279676,37.924648],[-83.279591,37.924615],[-83.279534,37.924606],[-83.279472,37.924607],[-83.279433,37.924607],[-83.279212,37.924631],[-83.279017,37.924668],[-83.278786,37.924712],[-83.278696,37.924747],[-83.278651,37.924774],[-83.278602,37.92481],[-83.278573,37.924859]]}},{"type":"Feature","properties":{"osm_id":16322897,"highway":"service","name":"Neal Road","alt_name":null,"official_name":null,"surface":null,"tracktype":null,"service":null,"access":"private","motor_vehicle":null,"foot":null,"tiger_reviewed":"no","rrgh_part":0,"rrgh_tile_part":0},"geometry":{"type":"LineString","coordinates":[[-83.282227,37.924077],[-83.281889,37.924049],[-83.281738,37.924044],[-83.28152,37.924054],[-83.281388,37.924073],[-83.280844,37.924202],[-83.280149,37.924396],[-83.280015,37.924452]]}},{"type":"Feature","properties":{"osm_id":16318916,"highway":"residential","name":"Townhouse Lane","alt_name":null,"official_name":null,"surface":null,"tracktype":null,"service":null,"access":null,"motor_vehicle":null,"foot":null,"tiger_reviewed":"no","rrgh_part":0,"rrgh_tile_part":0},"geometry":{"type":"LineString","coordinates":[[-83.273327,37.92249],[-83.273441,37.922842],[-83.273536,37.923139],[-83.273615,37.923472],[-83.273737,37.923877],[-83.273742,37.923929]]}},{"type":"Feature","properties":{"osm_id":16319526,"highway":"residential","name":"Hillview Court","alt_name":null,"official_name":null,"surface":null,"tracktype":null,"service":null,"access":null,"motor_vehicle":null,"foot":null,"tiger_reviewed":"no","rrgh_part":0,"rrgh_tile_part":0},"geometry":{"type":"LineString","coordinates":[[-83.2725138,37.922977],[-83.2725808,37.9230806],[-83.272776,37.923663],[-83.272948,37.924013],[-83.272987,37.924072]]}},{"type":"Feature","properties":{"osm_id":16320434,"highway":"residential","name":"Quail Run Lane","alt_name":null,"official_name":null,"surface":null,"tracktype":null,"service":null,"access":null,"motor_vehicle":null,"foot":null,"tiger_reviewed":"no","rrgh_part":0,"rrgh_tile_part":0},"geometry":{"type":"LineString","coordinates":[[-83.271875,37.927014],[-83.271287,37.926853],[-83.271135,37.926791],[-83.270988,37.926703],[-83.270919,37.926647],[-83.270726,37.92637],[-83.27058,37.926195],[-83.270502,37.92612],[-83.270275,37.925934],[-83.270171,37.925813],[-83.27016,37.925754],[-83.270174,37.925688],[-83.270205,37.92562],[-83.270265,37.925566],[-83.2706,37.925373],[-83.270664,37.925317],[-83.270709,37.925258],[-83.270749,37.925143],[-83.270756,37.924787]]}},{"type":"Feature","properties":{"osm_id":16321883,"highway":"residential","name":"Davis Lane","alt_name":null,"official_name":null,"surface":null,"tracktype":null,"service":null,"access":null,"motor_vehicle":null,"foot":null,"tiger_reviewed":"no","rrgh_part":0,"rrgh_tile_part":0},"geometry":{"type":"LineString","coordinates":[[-83.273536,37.923943],[-83.273744,37.92411],[-83.274088,37.924408],[-83.274841,37.924908],[-83.274951,37.924997],[-83.274982,37.92505],[-83.275,37.925111],[-83.275002,37.925252],[-83.275061,37.925876],[-83.275159,37.926262],[-83.275195,37.926629],[-83.275257,37.927056],[-83.27526,37.927137],[-83.275245,37.92717],[-83.275214,37.9272],[-83.275167,37.927221],[-83.275071,37.927235]]}},{"type":"Feature","properties":{"osm_id":16322298,"highway":"residential","name":"Townhouse Court","alt_name":null,"official_name":null,"surface":null,"tracktype":null,"service":null,"access":null,"motor_vehicle":null,"foot":null,"tiger_reviewed":"no","rrgh_part":0,"rrgh_tile_part":0},"geometry":{"type":"LineString","coordinates":[[-83.273441,37.922842],[-83.274084,37.922649]]}},{"type":"Feature","properties":{"osm_id":16319345,"highway":"service","name":"Alfred Drive","alt_name":null,"official_name":null,"surface":null,"tracktype":null,"service":null,"access":"private","motor_vehicle":null,"foot":null,"tiger_reviewed":"no","rrgh_part":0,"rrgh_tile_part":0},"geometry":{"type":"LineString","coordinates":[[-83.271228,37.93185],[-83.271234,37.931798],[-83.271204,37.931753],[-83.271149,37.931723],[-83.271078,37.93171],[-83.27052,37.931681],[-83.269886,37.931681],[-83.269834,37.931699],[-83.269803,37.931732],[-83.269758,37.932118]]}},{"type":"Feature","properties":{"osm_id":16319456,"highway":"unclassified","name":"Alec Spencer Drive","alt_name":null,"official_name":null,"surface":"asphalt","tracktype":null,"service":null,"access":null,"motor_vehicle":null,"foot":null,"tiger_reviewed":null,"rrgh_part":0,"rrgh_tile_part":0},"geometry":{"type":"LineString","coordinates":[[-83.261909,37.9349604],[-83.2620251,37.9348229],[-83.2627222,37.9342142],[-83.2632119,37.933887],[-83.2637845,37.9335793],[-83.2645646,37.9332193],[-83.26581,37.932712],[-83.267288,37.932271],[-83.2675,37.932214],[-83.267717,37.932163],[-83.267942,37.932119],[-83.268175,37.93209],[-83.268418,37.932077],[-83.268668,37.932076],[-83.268924,37.932081],[-83.269389,37.932102],[-83.269758,37.932118],[-83.271283,37.932194],[-83.271601,37.932214],[-83.271802,37.932235],[-83.271997,37.93228],[-83.272178,37.932345],[-83.272346,37.932427],[-83.272502,37.932521],[-83.273168,37.933002],[-83.273317,37.933116],[-83.273463,37.933237],[-83.273533,37.933303],[-83.273661,37.933444],[-83.273772,37.933599],[-83.273823,37.933685],[-83.273919,37.933846],[-83.27406,37.934109],[-83.27444,37.934847],[-83.275009,37.935922],[-83.275137,37.936186],[-83.275242,37.936455],[-83.275361,37.936818],[-83.275687,37.93787],[-83.275791,37.938222],[-83.27598,37.938903],[-83.276034,37.939054],[-83.276096,37.939198],[-83.276163,37.939316],[-83.276284,37.93946],[-83.27641,37.939581],[-83.276547,37.939683],[-83.276694,37.939772],[-83.277018,37.939926],[-83.277469,37.940101],[-83.278341,37.940418],[-83.279241,37.940755],[-83.2794431,37.9408518],[-83.2798565,37.9410705],[-83.2803759,37.9414221],[-83.2808165,37.9417345],[-83.2809445,37.9418976],[-83.2809739,37.9419779],[-83.2809468,37.9420603],[-83.2808684,37.9422086],[-83.2807929,37.9423457]]}},{"type":"Feature","properties":{"osm_id":16320757,"highway":"residential","name":"Smith Lane","alt_name":null,"official_name":null,"surface":null,"tracktype":null,"service":null,"access":null,"motor_vehicle":null,"foot":null,"tiger_reviewed":"no","rrgh_part":0,"rrgh_tile_part":0},"geometry":{"type":"LineString","coordinates":[[-83.275195,37.926629],[-83.275859,37.926616],[-83.27624,37.926619],[-83.27639,37.926605],[-83.276528,37.926572],[-83.276841,37.926417],[-83.276973,37.926385],[-83.277043,37.926385],[-83.277179,37.926419],[-83.277296,37.926473],[-83.277498,37.926602]]}},{"type":"Feature","properties":{"osm_id":16319344,"highway":"service","name":"Alfred Drive","alt_name":null,"official_name":null,"surface":null,"tracktype":null,"service":null,"access":"private","motor_vehicle":null,"foot":null,"tiger_reviewed":"no","rrgh_part":0,"rrgh_tile_part":0},"geometry":{"type":"LineString","coordinates":[[-83.27124,37.931897],[-83.271228,37.93185],[-83.271156,37.931924],[-83.271135,37.93196],[-83.271149,37.93199],[-83.271168,37.931997],[-83.271181,37.932002],[-83.271211,37.931995],[-83.271229,37.931978],[-83.27124,37.931897]]}},{"type":"Feature","properties":{"osm_id":16322374,"highway":"service","name":null,"alt_name":null,"official_name":null,"surface":null,"tracktype":null,"service":null,"access":null,"motor_vehicle":null,"foot":null,"tiger_reviewed":null,"rrgh_part":0,"rrgh_tile_part":0},"geometry":{"type":"LineString","coordinates":[[-83.2685367,37.923455],[-83.2685196,37.9233144],[-83.2684928,37.9231621],[-83.2684874,37.922942],[-83.2684982,37.9228172],[-83.2685438,37.9226628],[-83.2685652,37.9225972],[-83.2686323,37.9225379]]}},{"type":"Feature","properties":{"osm_id":456428958,"highway":"service","name":null,"alt_name":null,"official_name":null,"surface":null,"tracktype":null,"service":null,"access":null,"motor_vehicle":null,"foot":null,"tiger_reviewed":null,"rrgh_part":0,"rrgh_tile_part":0},"geometry":{"type":"LineString","coordinates":[[-83.269826,37.922825],[-83.2692766,37.9231485],[-83.2690327,37.9232255],[-83.2688375,37.923296],[-83.2686261,37.9233987],[-83.2685367,37.923455],[-83.2685123,37.9237194],[-83.268482,37.9240088]]}},{"type":"Feature","properties":{"osm_id":1248315198,"highway":"service","name":null,"alt_name":null,"official_name":null,"surface":null,"tracktype":null,"service":null,"access":null,"motor_vehicle":null,"foot":null,"tiger_reviewed":null,"rrgh_part":0,"rrgh_tile_part":0},"geometry":{"type":"LineString","coordinates":[[-83.2688807,37.9241741],[-83.2689547,37.9241137],[-83.2689866,37.9240487],[-83.2690305,37.9237367],[-83.2690667,37.9236848],[-83.2693963,37.9235453]]}},{"type":"Feature","properties":{"osm_id":1374100955,"highway":"service","name":null,"alt_name":null,"official_name":null,"surface":"asphalt","tracktype":null,"service":null,"access":null,"motor_vehicle":null,"foot":null,"tiger_reviewed":null,"rrgh_part":0,"rrgh_tile_part":0},"geometry":{"type":"LineString","coordinates":[[-83.266035,37.923691],[-83.2660098,37.9238412],[-83.2658998,37.9244976],[-83.2659616,37.9246554],[-83.2659583,37.924677],[-83.2659335,37.9248388],[-83.2659529,37.9248537],[-83.2661684,37.9248817]]}},{"type":"Feature","properties":{"osm_id":1374100956,"highway":"service","name":null,"alt_name":null,"official_name":null,"surface":"asphalt","tracktype":null,"service":null,"access":null,"motor_vehicle":null,"foot":null,"tiger_reviewed":null,"rrgh_part":0,"rrgh_tile_part":0},"geometry":{"type":"LineString","coordinates":[[-83.2661807,37.9247033],[-83.2659583,37.924677]]}},{"type":"Feature","properties":{"osm_id":16318592,"highway":"residential","name":"Pine Street","alt_name":null,"official_name":null,"surface":null,"tracktype":null,"service":null,"access":null,"motor_vehicle":null,"foot":null,"tiger_reviewed":"no","rrgh_part":0,"rrgh_tile_part":0},"geometry":{"type":"LineString","coordinates":[[-83.2577311,37.9227929],[-83.257594,37.9232204]]}},{"type":"Feature","properties":{"osm_id":16319002,"highway":"residential","name":"Miller Lane","alt_name":null,"official_name":null,"surface":null,"tracktype":null,"service":null,"access":null,"motor_vehicle":null,"foot":null,"tiger_reviewed":"no","rrgh_part":0,"rrgh_tile_part":0},"geometry":{"type":"LineString","coordinates":[[-83.257898,37.924974],[-83.257202,37.92485]]}},{"type":"Feature","properties":{"osm_id":16320913,"highway":"residential","name":"Turner Street","alt_name":null,"official_name":null,"surface":null,"tracktype":null,"service":null,"access":null,"motor_vehicle":null,"foot":null,"tiger_reviewed":"no","rrgh_part":0,"rrgh_tile_part":0},"geometry":{"type":"LineString","coordinates":[[-83.258267,37.923372],[-83.257594,37.9232204],[-83.257201,37.92314]]}},{"type":"Feature","properties":{"osm_id":16321120,"highway":"residential","name":"Helton Street","alt_name":null,"official_name":null,"surface":null,"tracktype":null,"service":null,"access":null,"motor_vehicle":null,"foot":null,"tiger_reviewed":"no","rrgh_part":0,"rrgh_tile_part":0},"geometry":{"type":"LineString","coordinates":[[-83.26014,37.924081],[-83.259307,37.923672]]}},{"type":"Feature","properties":{"osm_id":16321124,"highway":"residential","name":"Oak Court","alt_name":null,"official_name":null,"surface":null,"tracktype":null,"service":null,"access":null,"motor_vehicle":null,"foot":null,"tiger_reviewed":"no","rrgh_part":0,"rrgh_tile_part":0},"geometry":{"type":"LineString","coordinates":[[-83.257058,37.923493],[-83.257141,37.923318],[-83.257201,37.92314],[-83.25733,37.922701]]}},{"type":"Feature","properties":{"osm_id":16321149,"highway":"residential","name":"Williams Street","alt_name":null,"official_name":null,"surface":null,"tracktype":null,"service":null,"access":null,"motor_vehicle":null,"foot":null,"tiger_reviewed":"no","rrgh_part":0,"rrgh_tile_part":0},"geometry":{"type":"LineString","coordinates":[[-83.2585372,37.9250331],[-83.2588491,37.92514],[-83.2596241,37.9254058]]}},{"type":"Feature","properties":{"osm_id":16321165,"highway":"residential","name":"Bellamy Court","alt_name":null,"official_name":null,"surface":null,"tracktype":null,"service":null,"access":null,"motor_vehicle":null,"foot":null,"tiger_reviewed":"no","rrgh_part":0,"rrgh_tile_part":0},"geometry":{"type":"LineString","coordinates":[[-83.258059,37.925989],[-83.258759,37.926158],[-83.25901,37.926225]]}},{"type":"Feature","properties":{"osm_id":16321204,"highway":"residential","name":"Old Mill Park Road","alt_name":null,"official_name":null,"surface":null,"tracktype":null,"service":null,"access":null,"motor_vehicle":null,"foot":null,"tiger_reviewed":"no","rrgh_part":0,"rrgh_tile_part":0},"geometry":{"type":"LineString","coordinates":[[-83.260897,37.922654],[-83.261546,37.922811],[-83.261956,37.922928],[-83.262007,37.922955],[-83.262034,37.922995],[-83.262031,37.923038],[-83.261997,37.92311]]}},{"type":"Feature","properties":{"osm_id":16321365,"highway":"residential","name":"Wheeler Street","alt_name":null,"official_name":null,"surface":null,"tracktype":null,"service":null,"access":null,"motor_vehicle":null,"foot":null,"tiger_reviewed":"no","rrgh_part":0,"rrgh_tile_part":0},"geometry":{"type":"LineString","coordinates":[[-83.258856,37.924428],[-83.258703,37.924402],[-83.258048,37.924295]]}},{"type":"Feature","properties":{"osm_id":16321384,"highway":"service","name":"Park Drive","alt_name":null,"official_name":null,"surface":null,"tracktype":null,"service":null,"access":null,"motor_vehicle":null,"foot":null,"tiger_reviewed":null,"rrgh_part":0,"rrgh_tile_part":0},"geometry":{"type":"LineString","coordinates":[[-83.260753,37.923046],[-83.260879,37.92308],[-83.26098,37.923122],[-83.261394,37.92338],[-83.26195,37.923708]]}},{"type":"Feature","properties":{"osm_id":16322181,"highway":"residential","name":"Poynter Lane","alt_name":null,"official_name":null,"surface":null,"tracktype":null,"service":null,"access":null,"motor_vehicle":null,"foot":null,"tiger_reviewed":"no","rrgh_part":0,"rrgh_tile_part":0},"geometry":{"type":"LineString","coordinates":[[-83.258374,37.922922],[-83.2577311,37.9227929],[-83.25733,37.922701]]}},{"type":"Feature","properties":{"osm_id":16322305,"highway":"residential","name":"Cs-1054-20","alt_name":null,"official_name":null,"surface":null,"tracktype":null,"service":null,"access":null,"motor_vehicle":null,"foot":null,"tiger_reviewed":"no","rrgh_part":0,"rrgh_tile_part":0},"geometry":{"type":"LineString","coordinates":[[-83.258759,37.926158],[-83.258537,37.926604]]}},{"type":"Feature","properties":{"osm_id":16322381,"highway":"residential","name":"Helton Court","alt_name":null,"official_name":null,"surface":null,"tracktype":null,"service":null,"access":null,"motor_vehicle":null,"foot":null,"tiger_reviewed":"no","rrgh_part":0,"rrgh_tile_part":0},"geometry":{"type":"LineString","coordinates":[[-83.26014,37.924081],[-83.260116,37.924148],[-83.259957,37.924387]]}},{"type":"Feature","properties":{"osm_id":16322416,"highway":"residential","name":"Forest Lane","alt_name":null,"official_name":null,"surface":null,"tracktype":null,"service":null,"access":null,"motor_vehicle":null,"foot":null,"tiger_reviewed":"no","rrgh_part":0,"rrgh_tile_part":0},"geometry":{"type":"LineString","coordinates":[[-83.263419,37.928148],[-83.263394,37.928279],[-83.263378,37.928479],[-83.2634,37.928594]]}},{"type":"Feature","properties":{"osm_id":16322537,"highway":"residential","name":"Peddler Place","alt_name":null,"official_name":null,"surface":null,"tracktype":null,"service":null,"access":null,"motor_vehicle":null,"foot":null,"tiger_reviewed":"no","rrgh_part":0,"rrgh_tile_part":0},"geometry":{"type":"LineString","coordinates":[[-83.258896,37.924361],[-83.259073,37.924451],[-83.259174,37.924527],[-83.259286,37.924628],[-83.259462,37.924821],[-83.259488,37.92488]]}},{"type":"Feature","properties":{"osm_id":16322546,"highway":"residential","name":"Harris Court","alt_name":null,"official_name":null,"surface":null,"tracktype":null,"service":null,"access":null,"motor_vehicle":null,"foot":null,"tiger_reviewed":"no","rrgh_part":0,"rrgh_tile_part":0},"geometry":{"type":"LineString","coordinates":[[-83.262129,37.927417],[-83.262131,37.928054],[-83.262176,37.928149],[-83.262399,37.928422],[-83.262458,37.928524],[-83.262468,37.928587]]}},{"type":"Feature","properties":{"osm_id":1248315188,"highway":"service","name":null,"alt_name":null,"official_name":null,"surface":null,"tracktype":null,"service":null,"access":null,"motor_vehicle":null,"foot":null,"tiger_reviewed":null,"rrgh_part":0,"rrgh_tile_part":0},"geometry":{"type":"LineString","coordinates":[[-83.2588491,37.92514],[-83.2587059,37.9254011],[-83.2584045,37.9252983]]}},{"type":"Feature","properties":{"osm_id":1248315197,"highway":"residential","name":"Oscar Lane","alt_name":null,"official_name":null,"surface":null,"tracktype":null,"service":null,"access":null,"motor_vehicle":null,"foot":null,"tiger_reviewed":"no","rrgh_part":0,"rrgh_tile_part":0},"geometry":{"type":"LineString","coordinates":[[-83.263381,37.927337],[-83.263294,37.927332],[-83.262746,37.927351],[-83.262129,37.927417]]}},{"type":"Feature","properties":{"osm_id":16318587,"highway":"residential","name":"Poynter Street","alt_name":null,"official_name":null,"surface":null,"tracktype":null,"service":null,"access":null,"motor_vehicle":null,"foot":null,"tiger_reviewed":"no","rrgh_part":0,"rrgh_tile_part":0},"geometry":{"type":"LineString","coordinates":[[-83.25733,37.922701],[-83.256674,37.922551],[-83.256284,37.922476],[-83.25554,37.922427],[-83.255408,37.92244],[-83.255172,37.922465],[-83.254884,37.92251],[-83.254773,37.922539],[-83.254562,37.922566],[-83.254401,37.92263],[-83.25433,37.922676],[-83.254275,37.922721],[-83.254251,37.92274],[-83.254216,37.922812]]}},{"type":"Feature","properties":{"osm_id":16318619,"highway":"residential","name":"Cedar Road","alt_name":null,"official_name":null,"surface":null,"tracktype":null,"service":null,"access":null,"motor_vehicle":null,"foot":null,"tiger_reviewed":"no","rrgh_part":0,"rrgh_tile_part":0},"geometry":{"type":"LineString","coordinates":[[-83.257845,37.926426],[-83.257513,37.926396],[-83.257391,37.926394],[-83.257258,37.926407],[-83.257134,37.926447],[-83.257021,37.926499],[-83.25687,37.926575],[-83.256692,37.926684],[-83.256489,37.926902],[-83.256321,37.927128],[-83.256222,37.927292],[-83.256102,37.927448],[-83.255889,37.927641],[-83.255848,37.927664],[-83.255755,37.927701],[-83.255545,37.927729],[-83.255258,37.927709],[-83.255084,37.927677],[-83.254859,37.927678],[-83.25475,37.927715],[-83.254689,37.927762],[-83.254634,37.927821],[-83.254567,37.927917],[-83.254537,37.927991],[-83.254511,37.928108],[-83.254507,37.928154],[-83.254479,37.928498],[-83.254491,37.928633],[-83.254511,37.928715],[-83.254561,37.928832],[-83.254718,37.929058],[-83.254816,37.929231],[-83.254968,37.929439],[-83.255105,37.929556],[-83.25524,37.92964],[-83.255447,37.929743],[-83.255551,37.929809],[-83.255593,37.929842],[-83.255692,37.929973],[-83.255722,37.930029],[-83.255759,37.93016],[-83.255861,37.930785],[-83.255857,37.930897],[-83.255802,37.931126],[-83.255797,37.931185],[-83.255812,37.931312],[-83.25597,37.931706],[-83.256264,37.932046],[-83.256284,37.932122],[-83.256278,37.932165],[-83.256235,37.932251],[-83.25612,37.932356],[-83.255949,37.93247],[-83.255783,37.93262],[-83.255741,37.932665],[-83.255593,37.93289],[-83.25549,37.932976],[-83.255434,37.933006],[-83.25537,37.933026],[-83.25483,37.933067],[-83.254717,37.933147],[-83.254568,37.933293],[-83.254459,37.93338],[-83.254283,37.933579],[-83.254152,37.933815],[-83.254075,37.933914],[-83.253961,37.934003],[-83.253683,37.934256],[-83.253608,37.934446],[-83.253609,37.934655],[-83.253647,37.934862],[-83.253727,37.935073],[-83.253778,37.935264],[-83.253781,37.935803],[-83.253813,37.935884],[-83.253849,37.935942],[-83.253966,37.936062],[-83.254182,37.936226],[-83.254268,37.93627],[-83.254371,37.936304],[-83.254546,37.936334],[-83.254819,37.936362],[-83.255162,37.936415],[-83.255707,37.936486],[-83.255826,37.936489],[-83.256154,37.936447]]}},{"type":"Feature","properties":{"osm_id":16321380,"highway":"residential","name":"Wells Hill Lane","alt_name":null,"official_name":null,"surface":null,"tracktype":null,"service":null,"access":null,"motor_vehicle":null,"foot":null,"tiger_reviewed":"no","rrgh_part":0,"rrgh_tile_part":0},"geometry":{"type":"LineString","coordinates":[[-83.265968,37.922956],[-83.265823,37.922945],[-83.265368,37.922943],[-83.265131,37.922916],[-83.26493,37.922879],[-83.264324,37.922761],[-83.264223,37.922756],[-83.264133,37.92277],[-83.264056,37.922808],[-83.263997,37.92286],[-83.263693,37.923363],[-83.263591,37.92357],[-83.263495,37.923802],[-83.263437,37.92391],[-83.263202,37.924278],[-83.263169,37.924368],[-83.263127,37.924566],[-83.263134,37.924769],[-83.263125,37.924853],[-83.263135,37.924998],[-83.263102,37.925082],[-83.263083,37.92517],[-83.262976,37.925448],[-83.262955,37.925528],[-83.262956,37.925605],[-83.262994,37.925729],[-83.263097,37.92598],[-83.263197,37.926467],[-83.263296,37.927062],[-83.263321,37.927169],[-83.263381,37.927337],[-83.263439,37.927572],[-83.263467,37.927845],[-83.263455,37.928031],[-83.263419,37.928148],[-83.263286,37.928395],[-83.263177,37.928683],[-83.263157,37.928788],[-83.263165,37.928907],[-83.263186,37.928961],[-83.263319,37.929264],[-83.263352,37.929328],[-83.263392,37.929377],[-83.263492,37.929436],[-83.263568,37.929459],[-83.263611,37.929459]]}},{"type":"Feature","properties":{"osm_id":16322325,"highway":"residential","name":"Dye Lane","alt_name":null,"official_name":null,"surface":null,"tracktype":null,"service":null,"access":null,"motor_vehicle":null,"foot":null,"tiger_reviewed":"no","rrgh_part":0,"rrgh_tile_part":0},"geometry":{"type":"LineString","coordinates":[[-83.263186,37.928961],[-83.263052,37.929005],[-83.262818,37.92911],[-83.262778,37.929137],[-83.262751,37.929167],[-83.262748,37.929207],[-83.26278,37.929379]]}},{"type":"Feature","properties":{"osm_id":16322352,"highway":"residential","name":"Oscar Lane","alt_name":null,"official_name":null,"surface":null,"tracktype":null,"service":null,"access":null,"motor_vehicle":null,"foot":null,"tiger_reviewed":"no","rrgh_part":0,"rrgh_tile_part":0},"geometry":{"type":"LineString","coordinates":[[-83.262129,37.927417],[-83.261642,37.927439],[-83.261529,37.927469],[-83.26144,37.927533],[-83.261336,37.927644],[-83.261252,37.927785],[-83.2612,37.927922],[-83.261036,37.928506],[-83.260779,37.929312],[-83.260732,37.929459],[-83.260679,37.929625],[-83.260532,37.930082],[-83.260445,37.93038],[-83.260279,37.930852],[-83.260248,37.930959]]}},{"type":"Feature","properties":{"osm_id":16322530,"highway":"residential","name":"Dr Spencer Bridge","alt_name":null,"official_name":null,"surface":null,"tracktype":null,"service":null,"access":null,"motor_vehicle":null,"foot":null,"tiger_reviewed":"no","rrgh_part":0,"rrgh_tile_part":0},"geometry":{"type":"LineString","coordinates":[[-83.26876,37.933515],[-83.2688,37.93335],[-83.2688,37.933107],[-83.26888,37.932934],[-83.26893,37.932699],[-83.26893,37.932479],[-83.268924,37.932081]]}},{"type":"Feature","properties":{"osm_id":16318475,"highway":"service","name":"Holbrook Lane","alt_name":null,"official_name":null,"surface":null,"tracktype":null,"service":null,"access":"private","motor_vehicle":null,"foot":null,"tiger_reviewed":"no","rrgh_part":0,"rrgh_tile_part":0},"geometry":{"type":"LineString","coordinates":[[-83.26128,37.930251],[-83.260532,37.930082]]}},{"type":"Feature","properties":{"osm_id":16319525,"highway":"service","name":"View Drive","alt_name":null,"official_name":null,"surface":null,"tracktype":null,"service":null,"access":"private","motor_vehicle":null,"foot":null,"tiger_reviewed":"no","rrgh_part":0,"rrgh_tile_part":0},"geometry":{"type":"LineString","coordinates":[[-83.260279,37.930852],[-83.2611281,37.9310225]]}},{"type":"Feature","properties":{"osm_id":1248251827,"highway":"service","name":null,"alt_name":null,"official_name":null,"surface":null,"tracktype":null,"service":null,"access":null,"motor_vehicle":null,"foot":null,"tiger_reviewed":null,"rrgh_part":0,"rrgh_tile_part":0},"geometry":{"type":"LineString","coordinates":[[-83.2677139,37.9371903],[-83.2675077,37.9375035],[-83.2673168,37.9374253],[-83.2672631,37.9375068],[-83.2674403,37.9384345],[-83.2666616,37.9385271],[-83.2665357,37.9378684]]}},{"type":"Feature","properties":{"osm_id":16317947,"highway":"service","name":null,"alt_name":null,"official_name":null,"surface":null,"tracktype":null,"service":null,"access":null,"motor_vehicle":null,"foot":null,"tiger_reviewed":null,"rrgh_part":0,"rrgh_tile_part":0},"geometry":{"type":"LineString","coordinates":[[-83.2837672,37.9523527],[-83.2839525,37.9523005],[-83.2840893,37.9521778],[-83.2842153,37.9519092],[-83.284277,37.9518309],[-83.2843414,37.951778],[-83.2843897,37.951759],[-83.2846203,37.9517929]]}},{"type":"Feature","properties":{"osm_id":16317948,"highway":"service","name":null,"alt_name":null,"official_name":null,"surface":null,"tracktype":null,"service":null,"access":null,"motor_vehicle":null,"foot":null,"tiger_reviewed":null,"rrgh_part":0,"rrgh_tile_part":0},"geometry":{"type":"LineString","coordinates":[[-83.284153,37.9512986],[-83.284218,37.9513635],[-83.2842851,37.9515814],[-83.2843414,37.9517167],[-83.2843897,37.951759]]}},{"type":"Feature","properties":{"osm_id":16318015,"highway":"residential","name":null,"alt_name":null,"official_name":null,"surface":null,"tracktype":null,"service":null,"access":null,"motor_vehicle":null,"foot":null,"tiger_reviewed":"no","rrgh_part":0,"rrgh_tile_part":0},"geometry":{"type":"LineString","coordinates":[[-83.2986674,37.9659288],[-83.2989634,37.9656537],[-83.299656,37.9650997],[-83.299965,37.9649257],[-83.300244,37.9648237],[-83.300463,37.9647697]]}},{"type":"Feature","properties":{"osm_id":16321843,"highway":"residential","name":"McLeneham Hill Road","alt_name":null,"official_name":null,"surface":"asphalt","tracktype":null,"service":null,"access":null,"motor_vehicle":null,"foot":null,"tiger_reviewed":"no","rrgh_part":0,"rrgh_tile_part":0},"geometry":{"type":"LineString","coordinates":[[-83.2984815,37.9655164],[-83.2988349,37.9655986],[-83.2989634,37.9656537],[-83.2991628,37.9657897],[-83.2993431,37.9659627],[-83.2996072,37.9662378],[-83.2998898,37.9665008],[-83.3001531,37.9667014],[-83.3006242,37.9669372],[-83.3010453,37.9671333],[-83.3014851,37.9673368],[-83.3017829,37.9674997],[-83.3019198,37.9675908],[-83.3021319,37.9677645],[-83.3023531,37.9679695],[-83.3025794,37.9681887],[-83.3027512,37.9683408],[-83.3029635,37.9684747],[-83.3030861,37.968526],[-83.3032551,37.9685687],[-83.3034342,37.9685654],[-83.3039142,37.9685374],[-83.3040253,37.9685545],[-83.3041142,37.9686114],[-83.3041402,37.9686858],[-83.3041119,37.9687935],[-83.3040189,37.9689252],[-83.3039097,37.9690461],[-83.3038725,37.9691665],[-83.3038678,37.9692613],[-83.3039262,37.9693615],[-83.3040215,37.9694539],[-83.3041315,37.9695352],[-83.3042766,37.9695962],[-83.3044679,37.9696244],[-83.3047383,37.9696182],[-83.305054,37.969641],[-83.305289,37.969732],[-83.305629,37.969827],[-83.305846,37.969872],[-83.306666,37.969987],[-83.306923,37.970066],[-83.307155,37.970182],[-83.307366,37.970307],[-83.30756,37.970431],[-83.307724,37.970551],[-83.308045,37.970809],[-83.308222,37.970911],[-83.308265,37.970927],[-83.308314,37.970944],[-83.308409,37.97096],[-83.308503,37.970957],[-83.30859,37.970935],[-83.308749,37.97085],[-83.308888,37.970758],[-83.308954,37.970731],[-83.309015,37.970725],[-83.309105,37.970751],[-83.309175,37.970788]]}},{"type":"Feature","properties":{"osm_id":16318947,"highway":"residential","name":"Old 519 Road","alt_name":null,"official_name":null,"surface":null,"tracktype":null,"service":null,"access":null,"motor_vehicle":null,"foot":null,"tiger_reviewed":"no","rrgh_part":0,"rrgh_tile_part":0},"geometry":{"type":"LineString","coordinates":[[-83.307724,37.970551],[-83.307217,37.970459],[-83.306968,37.970373],[-83.3065,37.97024]]}},{"type":"Feature","properties":{"osm_id":16318997,"highway":"residential","name":"Gravel Lick Road","alt_name":null,"official_name":null,"surface":null,"tracktype":null,"service":null,"access":null,"motor_vehicle":null,"foot":null,"tiger_reviewed":"no","rrgh_part":0,"rrgh_tile_part":0},"geometry":{"type":"LineString","coordinates":[[-83.289762,37.96922],[-83.28973,37.969222],[-83.289663,37.969205],[-83.289478,37.969116],[-83.289345,37.969069],[-83.289249,37.969049],[-83.289152,37.969041],[-83.288835,37.969047],[-83.288583,37.969064],[-83.288401,37.969091],[-83.288232,37.969098],[-83.288014,37.969121],[-83.287422,37.969259],[-83.286606,37.969382],[-83.285696,37.969561],[-83.285301,37.969623],[-83.285057,37.969682],[-83.284745,37.969744],[-83.284493,37.969814],[-83.284099,37.969897],[-83.283703,37.969996],[-83.283219,37.970097],[-83.283062,37.970138],[-83.282882,37.970201],[-83.282437,37.970385],[-83.282212,37.970463],[-83.282124,37.97049],[-83.281972,37.970517],[-83.281887,37.970517],[-83.281774,37.970493]]}},{"type":"Feature","properties":{"osm_id":16320455,"highway":"residential","name":"Johns Branch Road","alt_name":null,"official_name":null,"surface":null,"tracktype":null,"service":null,"access":null,"motor_vehicle":null,"foot":null,"tiger_reviewed":"no","rrgh_part":0,"rrgh_tile_part":0},"geometry":{"type":"LineString","coordinates":[[-83.280039,37.969295],[-83.280146,37.969346],[-83.280443,37.969444],[-83.280529,37.96949],[-83.280751,37.969702],[-83.281021,37.970018],[-83.281165,37.970151],[-83.281389,37.970285],[-83.281624,37.970425],[-83.281774,37.970493],[-83.281925,37.970687],[-83.282093,37.970839],[-83.282308,37.970981],[-83.282571,37.971113],[-83.282634,37.971169],[-83.282709,37.971272],[-83.282817,37.971356],[-83.282911,37.97139],[-83.283022,37.971411],[-83.283201,37.971429],[-83.283452,37.971482],[-83.28367,37.971477],[-83.283812,37.971473],[-83.283928,37.971482],[-83.283985,37.971497],[-83.284037,37.97152],[-83.28413,37.971586],[-83.284365,37.971783],[-83.284572,37.971936],[-83.284749,37.972044],[-83.285249,37.972317]]}},{"type":"Feature","properties":{"osm_id":16318011,"highway":"service","name":null,"alt_name":null,"official_name":null,"surface":null,"tracktype":null,"service":null,"access":null,"motor_vehicle":null,"foot":null,"tiger_reviewed":"no","rrgh_part":0,"rrgh_tile_part":0},"geometry":{"type":"LineString","coordinates":[[-83.2719197,37.9550225],[-83.2724943,37.9558872]]}},{"type":"Feature","properties":{"osm_id":16320133,"highway":"residential","name":"Bridge Road","alt_name":null,"official_name":null,"surface":null,"tracktype":null,"service":null,"access":null,"motor_vehicle":null,"foot":null,"tiger_reviewed":"no","rrgh_part":0,"rrgh_tile_part":0},"geometry":{"type":"LineString","coordinates":[[-83.276266,37.9558035],[-83.2763648,37.9557319],[-83.2764359,37.9556274],[-83.276567,37.955366],[-83.276649,37.955145],[-83.27677,37.955],[-83.276963,37.954853]]}},{"type":"Feature","properties":{"osm_id":16320520,"highway":"residential","name":"Coon Run Road","alt_name":null,"official_name":null,"surface":null,"tracktype":null,"service":null,"access":null,"motor_vehicle":null,"foot":null,"tiger_reviewed":"no","rrgh_part":0,"rrgh_tile_part":0},"geometry":{"type":"LineString","coordinates":[[-83.268063,37.957748],[-83.268072,37.957986],[-83.268054,37.95809],[-83.268007,37.95819],[-83.267912,37.958324],[-83.26789,37.958373],[-83.267807,37.958675],[-83.267796,37.958797],[-83.267806,37.958983],[-83.267828,37.959128],[-83.267835,37.959284],[-83.267883,37.959563],[-83.267722,37.960088],[-83.267739,37.960182],[-83.26774,37.96036],[-83.267877,37.960965],[-83.26795,37.961226],[-83.268239,37.961943],[-83.268414,37.962332],[-83.268639,37.962964],[-83.268671,37.963037],[-83.268757,37.96318],[-83.268909,37.963386],[-83.269027,37.963525],[-83.269092,37.96358],[-83.269289,37.963712],[-83.269438,37.963836],[-83.269613,37.964006],[-83.269735,37.964102],[-83.269863,37.964174],[-83.270142,37.964415],[-83.270296,37.964735],[-83.270436,37.964968],[-83.270549,37.965209],[-83.270642,37.965528],[-83.270802,37.965943],[-83.270813,37.966018]]}},{"type":"Feature","properties":{"osm_id":16318588,"highway":"residential","name":"Mordica Bridge","alt_name":null,"official_name":null,"surface":null,"tracktype":null,"service":null,"access":null,"motor_vehicle":null,"foot":null,"tiger_reviewed":"no","rrgh_part":0,"rrgh_tile_part":0},"geometry":{"type":"LineString","coordinates":[[-83.274142,37.955634],[-83.273669,37.956194],[-83.273534,37.956472],[-83.273486,37.956817],[-83.273477,37.957072],[-83.273634,37.957353]]}},{"type":"Feature","properties":{"osm_id":1395377703,"highway":"residential","name":"Bridge Road","alt_name":null,"official_name":null,"surface":null,"tracktype":null,"service":null,"access":null,"motor_vehicle":null,"foot":null,"tiger_reviewed":"no","rrgh_part":0,"rrgh_tile_part":0},"geometry":{"type":"LineString","coordinates":[[-83.275126,37.956737],[-83.2760691,37.9559378]]}},{"type":"Feature","properties":{"osm_id":1395377704,"highway":"residential","name":"Bridge Road","alt_name":null,"official_name":null,"surface":null,"tracktype":null,"service":null,"access":null,"motor_vehicle":null,"foot":null,"tiger_reviewed":"no","rrgh_part":0,"rrgh_tile_part":0},"geometry":{"type":"LineString","coordinates":[[-83.2760691,37.9559378],[-83.276266,37.9558035]]}},{"type":"Feature","properties":{"osm_id":16322334,"highway":"residential","name":"Rube Branch Road","alt_name":null,"official_name":null,"surface":null,"tracktype":null,"service":null,"access":null,"motor_vehicle":null,"foot":null,"tiger_reviewed":"no","rrgh_part":0,"rrgh_tile_part":0},"geometry":{"type":"LineString","coordinates":[[-83.25816,37.959174],[-83.258159,37.959282],[-83.258157,37.959665],[-83.258156,37.959783],[-83.258169,37.960015],[-83.258196,37.960198],[-83.258177,37.96043],[-83.258146,37.960535],[-83.258128,37.960598],[-83.257987,37.961079],[-83.257982,37.961159],[-83.258003,37.961239],[-83.258001,37.961317],[-83.257877,37.961556],[-83.257792,37.9618],[-83.257622,37.96209],[-83.257589,37.962184],[-83.257579,37.96233],[-83.257624,37.962623],[-83.257614,37.9627],[-83.257469,37.962915],[-83.25739,37.963078],[-83.257169,37.963857],[-83.25715,37.964034],[-83.257084,37.964391],[-83.257119,37.964933],[-83.257157,37.965162]]}},{"type":"Feature","properties":{"osm_id":16319523,"highway":"residential","name":"Cr-1479","alt_name":null,"official_name":null,"surface":null,"tracktype":null,"service":null,"access":null,"motor_vehicle":null,"foot":null,"tiger_reviewed":"no","rrgh_part":0,"rrgh_tile_part":0},"geometry":{"type":"LineString","coordinates":[[-83.280014,37.970799],[-83.280432,37.970887],[-83.280598,37.9709],[-83.280755,37.970895],[-83.280915,37.970876],[-83.281002,37.970853],[-83.281135,37.970798],[-83.281244,37.970772],[-83.281331,37.970776],[-83.281443,37.970816],[-83.281475,37.970815]]}},{"type":"Feature","properties":{"osm_id":16320026,"highway":"residential","name":"Jimmy Adkins Road","alt_name":null,"official_name":null,"surface":null,"tracktype":null,"service":null,"access":null,"motor_vehicle":null,"foot":null,"tiger_reviewed":"no","rrgh_part":0,"rrgh_tile_part":0},"geometry":{"type":"LineString","coordinates":[[-83.25450557142857,37.9],[-83.254512,37.900045],[-83.254496,37.90013],[-83.254304,37.90043],[-83.254323,37.900461],[-83.254359,37.900484],[-83.254455,37.900522],[-83.254476,37.900529],[-83.254546,37.900547],[-83.25463,37.900537],[-83.254698,37.900509],[-83.254771,37.90046],[-83.254804,37.900419]]}},{"type":"Feature","properties":{"osm_id":16322385,"highway":"residential","name":"County Garage Road","alt_name":null,"official_name":null,"surface":null,"tracktype":null,"service":null,"access":null,"motor_vehicle":null,"foot":null,"tiger_reviewed":"no","rrgh_part":0,"rrgh_tile_part":0},"geometry":{"type":"LineString","coordinates":[[-83.25,37.90277217320703],[-83.250249,37.902756],[-83.250311,37.902762],[-83.250358,37.902784],[-83.250391,37.902818],[-83.250441,37.90295],[-83.250442,37.902992],[-83.250425,37.903029],[-83.25039,37.90306],[-83.2501,37.903195],[-83.250025,37.903268],[-83.250016,37.903307],[-83.250021,37.903343],[-83.250035,37.903376],[-83.250088,37.903435]]}},{"type":"Feature","properties":{"osm_id":16319783,"highway":"residential","name":"Oakwood Lane","alt_name":null,"official_name":null,"surface":null,"tracktype":null,"service":null,"access":null,"motor_vehicle":null,"foot":null,"tiger_reviewed":"no","rrgh_part":0,"rrgh_tile_part":0},"geometry":{"type":"LineString","coordinates":[[-83.251955,37.913942],[-83.251938,37.913898],[-83.251888,37.913565],[-83.251868,37.913492],[-83.251727,37.913123],[-83.251509,37.912701],[-83.25148,37.912604],[-83.251486,37.912562],[-83.251524,37.912526],[-83.251571,37.912508],[-83.252045,37.912437],[-83.25215,37.912398],[-83.252179,37.912373],[-83.252267,37.912231],[-83.252356,37.912053],[-83.252454,37.911915],[-83.252528,37.911763],[-83.252577,37.911614],[-83.252587,37.911544],[-83.25257,37.911472],[-83.25258,37.911406],[-83.252608,37.911352],[-83.252654,37.911303]]}},{"type":"Feature","properties":{"osm_id":16322173,"highway":"residential","name":"Poplar Court","alt_name":null,"official_name":null,"surface":null,"tracktype":null,"service":null,"access":null,"motor_vehicle":null,"foot":null,"tiger_reviewed":"no","rrgh_part":0,"rrgh_tile_part":0},"geometry":{"type":"LineString","coordinates":[[-83.255188,37.913985],[-83.25523,37.914057],[-83.255292,37.914127],[-83.255415,37.914209],[-83.2557726,37.9144056],[-83.2558376,37.9144608]]}},{"type":"Feature","properties":{"osm_id":16322717,"highway":"residential","name":"Hickory Lane","alt_name":null,"official_name":null,"surface":null,"tracktype":null,"service":null,"access":null,"motor_vehicle":null,"foot":null,"tiger_reviewed":"no","rrgh_part":0,"rrgh_tile_part":0},"geometry":{"type":"LineString","coordinates":[[-83.253566,37.913477],[-83.253537,37.913368],[-83.253473,37.912975],[-83.253361,37.912732],[-83.253232,37.912563],[-83.253174,37.912437],[-83.253174,37.912419]]}},{"type":"Feature","properties":{"osm_id":16317652,"highway":"service","name":null,"alt_name":null,"official_name":null,"surface":"asphalt","tracktype":null,"service":null,"access":null,"motor_vehicle":null,"foot":null,"tiger_reviewed":null,"rrgh_part":0,"rrgh_tile_part":0},"geometry":{"type":"LineString","coordinates":[[-83.2506298,37.9171875],[-83.2502413,37.9172351],[-83.2501439,37.9172267],[-83.25,37.91724562914367]]}},{"type":"Feature","properties":{"osm_id":16318568,"highway":"residential","name":"Hopkins Lane","alt_name":null,"official_name":null,"surface":null,"tracktype":null,"service":null,"access":null,"motor_vehicle":null,"foot":null,"tiger_reviewed":"no","rrgh_part":0,"rrgh_tile_part":0},"geometry":{"type":"LineString","coordinates":[[-83.250193,37.921892],[-83.2503,37.92189],[-83.2505,37.921777],[-83.250661,37.921559]]}},{"type":"Feature","properties":{"osm_id":16318591,"highway":"service","name":"Cs-1105","alt_name":null,"official_name":null,"surface":null,"tracktype":null,"service":null,"access":null,"motor_vehicle":null,"foot":null,"tiger_reviewed":null,"rrgh_part":0,"rrgh_tile_part":0},"geometry":{"type":"LineString","coordinates":[[-83.253411,37.922707],[-83.253333,37.922551],[-83.25328,37.922372],[-83.253237,37.922081],[-83.253238,37.921934],[-83.253264,37.92179],[-83.253291,37.921723],[-83.253432,37.921469],[-83.253522,37.921277],[-83.253542,37.921164],[-83.253532,37.921052]]}},{"type":"Feature","properties":{"osm_id":16318871,"highway":"residential","name":"Peters Road","alt_name":null,"official_name":null,"surface":null,"tracktype":null,"service":null,"access":null,"motor_vehicle":null,"foot":null,"tiger_reviewed":"no","rrgh_part":0,"rrgh_tile_part":0},"geometry":{"type":"LineString","coordinates":[[-83.254219,37.92238],[-83.254275,37.922721]]}},{"type":"Feature","properties":{"osm_id":16318934,"highway":"residential","name":"Bailey Lane","alt_name":null,"official_name":null,"surface":null,"tracktype":null,"service":null,"access":null,"motor_vehicle":null,"foot":null,"tiger_reviewed":"no","rrgh_part":0,"rrgh_tile_part":0},"geometry":{"type":"LineString","coordinates":[[-83.256743,37.921348],[-83.2566656,37.9216055],[-83.2566009,37.9217537],[-83.2565304,37.9218161],[-83.256397,37.921874],[-83.25634,37.921894],[-83.255815,37.921992],[-83.255663,37.922045],[-83.255625,37.922075],[-83.25557,37.922156],[-83.255548,37.922252],[-83.25554,37.922427],[-83.255579,37.922823],[-83.255586,37.923088],[-83.255569,37.923188],[-83.255522,37.923328],[-83.25548,37.923677],[-83.25553,37.924034],[-83.255511,37.924206],[-83.255464,37.9244],[-83.255357,37.924606],[-83.255343,37.924646],[-83.255304,37.925016],[-83.255311,37.925162],[-83.255274,37.925444],[-83.255287,37.925804],[-83.255265,37.926025],[-83.255132,37.926665],[-83.254908,37.927146],[-83.254886,37.927169],[-83.254832,37.927186],[-83.254459,37.927229],[-83.254374,37.927236],[-83.254147,37.927217],[-83.254083,37.927195],[-83.25405,37.927174],[-83.254033,37.927155],[-83.254022,37.927111],[-83.254037,37.927049],[-83.254061,37.927021],[-83.254165,37.926946],[-83.254373,37.926778],[-83.254419,37.926726],[-83.254453,37.926675],[-83.25448,37.926538],[-83.254517,37.925889],[-83.254521,37.925339],[-83.254541,37.925162],[-83.254552,37.924791],[-83.254566,37.924647]]}},{"type":"Feature","properties":{"osm_id":16318954,"highway":"residential","name":"Keeton Heights","alt_name":null,"official_name":null,"surface":null,"tracktype":null,"service":null,"access":null,"motor_vehicle":null,"foot":null,"tiger_reviewed":"no","rrgh_part":0,"rrgh_tile_part":0},"geometry":{"type":"LineString","coordinates":[[-83.253536,37.917655],[-83.253447,37.917653],[-83.253309,37.917666],[-83.252806,37.917797],[-83.252615,37.917827],[-83.252427,37.917816],[-83.25225,37.917769],[-83.252072,37.917705],[-83.251977,37.917697],[-83.251878,37.917706],[-83.251783,37.917726],[-83.251279,37.917848],[-83.251101,37.917871],[-83.251009,37.917862],[-83.250914,37.91783],[-83.250848,37.9178],[-83.250794,37.917755],[-83.250752,37.917693],[-83.2506858,37.9173025],[-83.2506298,37.9171875],[-83.2505479,37.9170349],[-83.2503221,37.9167552],[-83.250195,37.916594],[-83.250073,37.916467],[-83.25,37.91640375742574]]}},{"type":"Feature","properties":{"osm_id":16319866,"highway":"residential","name":"Dogwood Lane","alt_name":null,"official_name":null,"surface":null,"tracktype":null,"service":null,"access":null,"motor_vehicle":null,"foot":null,"tiger_reviewed":"no","rrgh_part":0,"rrgh_tile_part":0},"geometry":{"type":"LineString","coordinates":[[-83.251955,37.913942],[-83.252304,37.913861],[-83.253238,37.91357],[-83.253566,37.913477],[-83.254553,37.91324],[-83.254715,37.913192],[-83.255034,37.91308],[-83.255168,37.913049],[-83.255608,37.91297],[-83.256101,37.912852],[-83.256292,37.912827],[-83.256369,37.912839],[-83.25643,37.912872],[-83.256491,37.912959],[-83.256515,37.913096],[-83.256507,37.913287],[-83.256503,37.913367],[-83.256491,37.913438],[-83.256462,37.913512],[-83.256433,37.913556],[-83.256372,37.913603],[-83.256236,37.913667],[-83.255188,37.913985],[-83.254548,37.91414],[-83.254322,37.914211],[-83.254186,37.91427],[-83.254063,37.914338],[-83.253861,37.914483],[-83.253622,37.914697],[-83.253498,37.914853],[-83.253442,37.914957],[-83.253411,37.915049],[-83.253394,37.915251],[-83.253357,37.915384],[-83.253321,37.915436],[-83.253237,37.915516],[-83.253148,37.91557],[-83.253065,37.915599],[-83.252933,37.915622],[-83.252814,37.915631],[-83.252429,37.915633],[-83.252292,37.915648],[-83.25198,37.915721],[-83.251715,37.915765],[-83.251003,37.915831],[-83.25083,37.915879],[-83.250624,37.915961],[-83.250362,37.916087],[-83.250253,37.916125],[-83.250146,37.916151],[-83.25,37.91617323350254]]}},{"type":"Feature","properties":{"osm_id":16320733,"highway":"service","name":"Salyer Cemetery Road","alt_name":null,"official_name":null,"surface":null,"tracktype":null,"service":null,"access":null,"motor_vehicle":null,"foot":null,"tiger_reviewed":null,"rrgh_part":0,"rrgh_tile_part":0},"geometry":{"type":"LineString","coordinates":[[-83.253562,37.92092],[-83.253532,37.921052],[-83.253472,37.921085],[-83.253431,37.92109],[-83.253241,37.92106],[-83.253134,37.921053],[-83.25303,37.92106],[-83.252981,37.921077],[-83.252897,37.921142],[-83.252838,37.921227],[-83.252803,37.921319],[-83.252695,37.921819],[-83.252694,37.921931],[-83.252708,37.922034],[-83.252745,37.922173],[-83.25283,37.922371],[-83.252898,37.922473],[-83.252983,37.922575],[-83.253111,37.9227],[-83.253263,37.922819],[-83.253563,37.923068],[-83.253731,37.923186],[-83.253809,37.923215]]}},{"type":"Feature","properties":{"osm_id":16321089,"highway":"residential","name":"Glenn Avenue","alt_name":null,"official_name":null,"surface":null,"tracktype":null,"service":null,"access":null,"motor_vehicle":null,"foot":null,"tiger_reviewed":"no","rrgh_part":0,"rrgh_tile_part":0},"geometry":{"type":"LineString","coordinates":[[-83.25,37.919853738610904],[-83.250828,37.919876],[-83.251451,37.919891],[-83.251688,37.919901],[-83.252158,37.919937],[-83.252625,37.919987],[-83.253201,37.920058],[-83.25382,37.920142],[-83.254244,37.920192],[-83.254623,37.920231],[-83.255276,37.920278]]}},{"type":"Feature","properties":{"osm_id":16322176,"highway":"residential","name":"Gardner Drive","alt_name":null,"official_name":null,"surface":null,"tracktype":null,"service":null,"access":null,"motor_vehicle":null,"foot":null,"tiger_reviewed":"no","rrgh_part":0,"rrgh_tile_part":0},"geometry":{"type":"LineString","coordinates":[[-83.250571,37.920683],[-83.25,37.920662939679175]]}},{"type":"Feature","properties":{"osm_id":16322787,"highway":"residential","name":"Gallow Hollow Road","alt_name":null,"official_name":null,"surface":null,"tracktype":null,"service":null,"access":null,"motor_vehicle":null,"foot":null,"tiger_reviewed":"no","rrgh_part":0,"rrgh_tile_part":0},"geometry":{"type":"LineString","coordinates":[[-83.252792,37.920822],[-83.252746,37.920932],[-83.252678,37.921033],[-83.252646,37.921115],[-83.252599,37.921458],[-83.25249,37.922003],[-83.252427,37.922154],[-83.252347,37.922291],[-83.25229,37.922364],[-83.252215,37.92252],[-83.252198,37.922603],[-83.252225,37.92279]]}},{"type":"Feature","properties":{"osm_id":16317577,"highway":"service","name":null,"alt_name":null,"official_name":null,"surface":null,"tracktype":null,"service":null,"access":null,"motor_vehicle":null,"foot":null,"tiger_reviewed":null,"rrgh_part":0,"rrgh_tile_part":0},"geometry":{"type":"LineString","coordinates":[[-83.2541614,37.9194712],[-83.2538313,37.9194441],[-83.2535884,37.9194242]]}},{"type":"Feature","properties":{"osm_id":16318397,"highway":"service","name":null,"alt_name":null,"official_name":null,"surface":null,"tracktype":null,"service":null,"access":null,"motor_vehicle":null,"foot":null,"tiger_reviewed":null,"rrgh_part":0,"rrgh_tile_part":0},"geometry":{"type":"LineString","coordinates":[[-83.2566656,37.9216055],[-83.2565895,37.9216258],[-83.2564996,37.9216904],[-83.2563404,37.9216913],[-83.2560444,37.9216443]]}},{"type":"Feature","properties":{"osm_id":16318418,"highway":"residential","name":"Rupe Place","alt_name":null,"official_name":null,"surface":null,"tracktype":null,"service":null,"access":null,"motor_vehicle":null,"foot":null,"tiger_reviewed":"no","rrgh_part":0,"rrgh_tile_part":0},"geometry":{"type":"LineString","coordinates":[[-83.252686,37.919621],[-83.252699,37.919535],[-83.252731,37.9193703]]}},{"type":"Feature","properties":{"osm_id":16318625,"highway":"residential","name":"Liberty Heights Court","alt_name":null,"official_name":null,"surface":null,"tracktype":null,"service":null,"access":null,"motor_vehicle":null,"foot":null,"tiger_reviewed":"no","rrgh_part":0,"rrgh_tile_part":0},"geometry":{"type":"LineString","coordinates":[[-83.251329,37.921609],[-83.251328,37.921783],[-83.251351,37.921889],[-83.251365,37.922024],[-83.251356,37.922274]]}},{"type":"Feature","properties":{"osm_id":16318626,"highway":"residential","name":"Liberty Heights Court","alt_name":null,"official_name":null,"surface":null,"tracktype":null,"service":null,"access":null,"motor_vehicle":null,"foot":null,"tiger_reviewed":"no","rrgh_part":0,"rrgh_tile_part":0},"geometry":{"type":"LineString","coordinates":[[-83.250572,37.920596],[-83.250571,37.920683],[-83.250564,37.921099],[-83.250574,37.921265],[-83.250612,37.921435],[-83.250637,37.921498],[-83.250661,37.921559],[-83.250678,37.921603],[-83.250731,37.921685],[-83.250794,37.921754],[-83.250855,37.921812],[-83.250931,37.921853],[-83.251072,37.921891],[-83.251188,37.921896],[-83.251351,37.921889]]}},{"type":"Feature","properties":{"osm_id":16320428,"highway":"residential","name":"Cougar Alley","alt_name":null,"official_name":null,"surface":null,"tracktype":null,"service":null,"access":null,"motor_vehicle":null,"foot":null,"tiger_reviewed":"no","rrgh_part":0,"rrgh_tile_part":0},"geometry":{"type":"LineString","coordinates":[[-83.255472,37.919798],[-83.255442,37.919807],[-83.255388,37.919837],[-83.255346,37.919886],[-83.255321,37.919943],[-83.255305,37.920037],[-83.2552807,37.9202365],[-83.255276,37.920278]]}},{"type":"Feature","properties":{"osm_id":16320673,"highway":"residential","name":"Branch Street","alt_name":null,"official_name":null,"surface":null,"tracktype":null,"service":null,"access":null,"motor_vehicle":null,"foot":null,"tiger_reviewed":"no","rrgh_part":0,"rrgh_tile_part":0},"geometry":{"type":"LineString","coordinates":[[-83.252625,37.919987],[-83.252655,37.919731],[-83.252686,37.919621],[-83.252709,37.919589],[-83.252744,37.919562],[-83.252804,37.919545],[-83.252952,37.919549],[-83.253553,37.919604],[-83.254175,37.919666],[-83.254867,37.919754],[-83.255237,37.9197691],[-83.255472,37.919798]]}},{"type":"Feature","properties":{"osm_id":16321212,"highway":"residential","name":"Kiwanis Place","alt_name":null,"official_name":null,"surface":null,"tracktype":null,"service":null,"access":null,"motor_vehicle":null,"foot":null,"tiger_reviewed":"no","rrgh_part":0,"rrgh_tile_part":0},"geometry":{"type":"LineString","coordinates":[[-83.254427,37.918838],[-83.254481,37.918839],[-83.2545,37.918879],[-83.254312,37.91898],[-83.253782,37.91904],[-83.253639,37.919074],[-83.253615,37.919116],[-83.253561,37.919186],[-83.253552,37.919236],[-83.253577,37.919342],[-83.2535813,37.919391],[-83.2535884,37.9194242],[-83.2535829,37.919452]]}},{"type":"Feature","properties":{"osm_id":16321330,"highway":"residential","name":"Cottle Loop","alt_name":null,"official_name":null,"surface":null,"tracktype":null,"service":null,"access":null,"motor_vehicle":null,"foot":null,"tiger_reviewed":"no","rrgh_part":0,"rrgh_tile_part":0},"geometry":{"type":"LineString","coordinates":[[-83.252993,37.920847],[-83.253092,37.92044],[-83.254568,37.920632]]}},{"type":"Feature","properties":{"osm_id":16321457,"highway":"residential","name":"Lewis Road","alt_name":null,"official_name":null,"surface":null,"tracktype":null,"service":null,"access":null,"motor_vehicle":null,"foot":null,"tiger_reviewed":"no","rrgh_part":0,"rrgh_tile_part":0},"geometry":{"type":"LineString","coordinates":[[-83.254511,37.921042],[-83.254568,37.920632],[-83.254623,37.920231]]}},{"type":"Feature","properties":{"osm_id":16322515,"highway":"residential","name":"Nickell Street","alt_name":null,"official_name":null,"surface":null,"tracktype":null,"service":null,"access":null,"motor_vehicle":null,"foot":null,"tiger_reviewed":"no","rrgh_part":0,"rrgh_tile_part":0},"geometry":{"type":"LineString","coordinates":[[-83.250828,37.919876],[-83.250812,37.920124],[-83.250812,37.92037],[-83.250793,37.920539],[-83.250767,37.920614]]}},{"type":"Feature","properties":{"osm_id":110153732,"highway":"service","name":"Cougar Alley","alt_name":null,"official_name":null,"surface":null,"tracktype":null,"service":null,"access":null,"motor_vehicle":null,"foot":null,"tiger_reviewed":"no","rrgh_part":0,"rrgh_tile_part":0},"geometry":{"type":"LineString","coordinates":[[-83.255276,37.920278],[-83.2552,37.920907],[-83.255162,37.921126]]}},{"type":"Feature","properties":{"osm_id":770888590,"highway":"residential","name":"Kiwanis Place","alt_name":null,"official_name":null,"surface":null,"tracktype":null,"service":null,"access":null,"motor_vehicle":null,"foot":null,"tiger_reviewed":"no","rrgh_part":0,"rrgh_tile_part":0},"geometry":{"type":"LineString","coordinates":[[-83.2535665,37.9195357],[-83.253553,37.919604]]}},{"type":"Feature","properties":{"osm_id":770888591,"highway":"residential","name":"Kiwanis Place","alt_name":null,"official_name":null,"surface":null,"tracktype":null,"service":null,"access":null,"motor_vehicle":null,"foot":null,"tiger_reviewed":"no","rrgh_part":0,"rrgh_tile_part":0},"geometry":{"type":"LineString","coordinates":[[-83.2535829,37.919452],[-83.2535665,37.9195357]]}},{"type":"Feature","properties":{"osm_id":770888592,"highway":"residential","name":"Rupe Place","alt_name":null,"official_name":null,"surface":null,"tracktype":null,"service":null,"access":null,"motor_vehicle":null,"foot":null,"tiger_reviewed":"no","rrgh_part":0,"rrgh_tile_part":0},"geometry":{"type":"LineString","coordinates":[[-83.2527494,37.9192908],[-83.2527721,37.919213],[-83.252808,37.919075],[-83.252805,37.919019],[-83.252789,37.918988],[-83.252764,37.91897],[-83.252738,37.918964]]}},{"type":"Feature","properties":{"osm_id":770888593,"highway":"residential","name":"Rupe Place","alt_name":null,"official_name":null,"surface":null,"tracktype":null,"service":null,"access":null,"motor_vehicle":null,"foot":null,"tiger_reviewed":"no","rrgh_part":0,"rrgh_tile_part":0},"geometry":{"type":"LineString","coordinates":[[-83.252731,37.9193703],[-83.2527494,37.9192908]]}},{"type":"Feature","properties":{"osm_id":1248315187,"highway":"service","name":null,"alt_name":null,"official_name":null,"surface":null,"tracktype":null,"service":null,"access":null,"motor_vehicle":null,"foot":null,"tiger_reviewed":null,"rrgh_part":0,"rrgh_tile_part":0},"geometry":{"type":"LineString","coordinates":[[-83.2548868,37.921712],[-83.2549993,37.921105]]}},{"type":"Feature","properties":{"osm_id":16318585,"highway":"service","name":"Cs-1104","alt_name":null,"official_name":null,"surface":null,"tracktype":null,"service":null,"access":null,"motor_vehicle":null,"foot":null,"tiger_reviewed":null,"rrgh_part":0,"rrgh_tile_part":0},"geometry":{"type":"LineString","coordinates":[[-83.253263,37.922819],[-83.253411,37.922707],[-83.253494,37.922677],[-83.253715,37.922639]]}},{"type":"Feature","properties":{"osm_id":16318935,"highway":"residential","name":"Bailey Lane","alt_name":null,"official_name":null,"surface":null,"tracktype":null,"service":null,"access":null,"motor_vehicle":null,"foot":null,"tiger_reviewed":"no","rrgh_part":0,"rrgh_tile_part":0},"geometry":{"type":"LineString","coordinates":[[-83.255662,37.923121],[-83.255655,37.922896],[-83.255631,37.922645],[-83.255599,37.922531],[-83.25554,37.922427]]}},{"type":"Feature","properties":{"osm_id":16322933,"highway":"residential","name":"Brown Lane","alt_name":null,"official_name":null,"surface":null,"tracktype":null,"service":null,"access":null,"motor_vehicle":null,"foot":null,"tiger_reviewed":"no","rrgh_part":0,"rrgh_tile_part":0},"geometry":{"type":"LineString","coordinates":[[-83.25,37.927264208333334],[-83.250107,37.927554],[-83.25012,37.927717],[-83.250186,37.927901],[-83.250213,37.928018],[-83.250232,37.928308],[-83.25021,37.928517],[-83.250231,37.928761],[-83.25022,37.928819],[-83.250243,37.92889],[-83.250296,37.928986],[-83.25038,37.929074]]}},{"type":"Feature","properties":{"osm_id":16321258,"highway":"residential","name":"Yocum Rd Connector","alt_name":null,"official_name":null,"surface":null,"tracktype":null,"service":null,"access":null,"motor_vehicle":null,"foot":null,"tiger_reviewed":"no","rrgh_part":0,"rrgh_tile_part":0},"geometry":{"type":"LineString","coordinates":[[-83.312565,37.974926],[-83.31251990128756,37.974999999999994]]}}],"rrgh_tile":{"id":"r7c8","bounds":[37.9,-83.33500000000001,37.974999999999994,-83.25]}}
